event_id,year,division,round,layout_id,player_key,pdga_number,event_rating,round_label,round_date,player_name,current_rating,course_name,layout_name,layout_par,n_holes,card_number,tee_time,round_score,round_to_par,round_rating,grand_total,raw_completed,unfinished_999,holes_scored,hole_score_sum,all_holes_scored,hole_sum_matches,usable
98155,2026,FA2,1,750439,302160,302160,760,Round 1,2026-04-19,Shawnna Young,799,Willow Park,Red Tees,57,18,3,08:10:00,68,11,761,136,True,False,18,68,True,True,True
98155,2026,FA2,1,750439,name:christelle nicol,,,Round 1,2026-04-19,Christelle Nicol,,Willow Park,Red Tees,57,18,2,08:10:00,86,29,553,,True,False,18,86,True,True,True
98155,2026,FA2,1,750439,215341,215341,587,Round 1,2026-04-19,Teah Miller,591,Willow Park,Red Tees,57,18,1,08:10:00,87,30,541,168,True,False,18,87,True,True,True
98155,2026,FA2,2,757519,302160,302160,760,Round 2,2026-04-19,Shawnna Young,799,Willow Park,Red Tees Rd2,57,18,1,08:10:00,68,11,774,136,True,False,18,68,True,True,True
98155,2026,FA2,2,757519,215341,215341,587,Round 2,2026-04-19,Teah Miller,591,Willow Park,Red Tees Rd2,57,18,2,08:10:00,81,24,628,168,True,False,18,81,True,True,True
98155,2026,FA2,2,757519,name:christelle nicol,,,Round 2,2026-04-19,Christelle Nicol,,Willow Park,Red Tees Rd2,57,18,2,08:10:00,18,942,,,True,False,4,18,False,True,False
98155,2026,FA3,1,750439,325054,325054,,Round 1,2026-04-19,Jaime Aliffi,712,Willow Park,Red Tees,57,18,4,08:20:00,72,15,715,144,True,False,18,72,True,True,True
98155,2026,FA3,1,750439,323623,323623,,Round 1,2026-04-19,Taylor Esposito,700,Willow Park,Red Tees,57,18,3,08:20:00,74,17,691,148,True,False,18,74,True,True,True
98155,2026,FA3,2,757519,325054,325054,,Round 2,2026-04-19,Jaime Aliffi,712,Willow Park,Red Tees Rd2,57,18,2,08:30:00,72,15,729,144,True,False,18,72,True,True,True
98155,2026,FA3,2,757519,323623,323623,,Round 2,2026-04-19,Taylor Esposito,700,Willow Park,Red Tees Rd2,57,18,4,08:30:00,74,17,707,148,True,False,18,74,True,True,True
98155,2026,FA40,1,750439,275115,275115,779,Round 1,2026-04-19,Mindy German,805,Willow Park,Red Tees,57,18,1,08:20:00,64,7,807,131,True,False,18,64,True,True,True
98155,2026,FA40,1,750439,277475,277475,677,Round 1,2026-04-19,Erin Rice,727,Willow Park,Red Tees,57,18,2,08:20:00,74,17,691,147,True,False,18,74,True,True,True
98155,2026,FA40,2,757519,275115,275115,779,Round 2,2026-04-19,Mindy German,805,Willow Park,Red Tees Rd2,57,18,1,08:30:00,67,10,786,131,True,False,18,67,True,True,True
98155,2026,FA40,2,757519,277475,277475,677,Round 2,2026-04-19,Erin Rice,727,Willow Park,Red Tees Rd2,57,18,3,08:30:00,73,16,718,147,True,False,18,73,True,True,True
98155,2026,FJ08,1,750439,305166,305166,72,Round 1,2026-04-19,Matilda Babbin,349,Willow Park,Red Tees,57,18,2,08:00:00,101,44,380,214,True,False,18,101,True,True,True
98155,2026,FJ08,2,757519,305166,305166,72,Round 2,2026-04-19,Matilda Babbin,349,Willow Park,Red Tees Rd2,57,18,2,08:00:00,113,56,269,214,True,False,18,113,True,True,True
98155,2026,FJ12,1,750439,261367,261367,402,Round 1,2026-04-19,Annabelle Babbin,525,Willow Park,Red Tees,57,18,1,08:00:00,97,40,426,186,True,False,18,97,True,True,True
98155,2026,FJ12,2,757519,261367,261367,402,Round 2,2026-04-19,Annabelle Babbin,525,Willow Park,Red Tees Rd2,57,18,1,08:00:00,89,32,539,186,True,False,18,89,True,True,True
98155,2026,MA1,1,750438,310279,310279,956,Round 1,2026-04-19,Brandon Poirier,960,Willow Park,Blue Tees,57,18,1,12:10:00,53,-4,981,109,True,False,18,53,True,True,True
98155,2026,MA1,1,750438,110707,110707,935,Round 1,2026-04-19,Jason Wilson,927,Willow Park,Blue Tees,57,18,2,12:30:00,54,-3,972,114,True,False,18,54,True,True,True
98155,2026,MA1,1,750438,279217,279217,936,Round 1,2026-04-19,Logan Akins,960,Willow Park,Blue Tees,57,18,4,12:30:00,54,-3,972,110,True,False,18,54,True,True,True
98155,2026,MA1,1,750438,278286,278286,926,Round 1,2026-04-19,Trevor Hazelton,949,Willow Park,Blue Tees,57,18,3,12:00:00,56,-1,952,110,True,False,18,56,True,True,True
98155,2026,MA1,1,750438,223671,223671,935,Round 1,2026-04-19,Brendan Van Tuinen,942,Willow Park,Blue Tees,57,18,3,12:30:00,57,0,942,113,True,False,18,57,True,True,True
98155,2026,MA1,1,750438,309328,309328,935,Round 1,2026-04-19,Justin Marshall,953,Willow Park,Blue Tees,57,18,4,12:20:00,57,0,942,110,True,False,18,57,True,True,True
98155,2026,MA1,1,750438,168047,168047,904,Round 1,2026-04-19,Jim Desisto,915,Willow Park,Blue Tees,57,18,2,13:10:00,58,1,932,122,True,False,18,58,True,True,True
98155,2026,MA1,1,750438,174031,174031,918,Round 1,2026-04-19,Ian MacDonald,909,Willow Park,Blue Tees,57,18,1,12:20:00,58,1,932,120,True,False,18,58,True,True,True
98155,2026,MA1,1,750438,245185,245185,926,Round 1,2026-04-19,Michael O'Neil,905,Willow Park,Blue Tees,57,18,3,13:10:00,58,1,932,120,True,False,18,58,True,True,True
98155,2026,MA1,1,750438,293633,293633,893,Round 1,2026-04-19,Wyatt Tuff,942,Willow Park,Blue Tees,57,18,4,12:50:00,58,1,932,121,True,False,18,58,True,True,True
98155,2026,MA1,1,750438,118932,118932,863,Round 1,2026-04-19,Brew Reed,,Willow Park,Blue Tees,57,18,1,12:00:00,59,2,923,127,True,False,18,59,True,True,True
98155,2026,MA1,1,750438,214396,214396,795,Round 1,2026-04-19,Ryan Lanahan,935,Willow Park,Blue Tees,57,18,2,12:20:00,59,2,923,118,True,False,18,59,True,True,True
98155,2026,MA1,1,750438,270710,270710,902,Round 1,2026-04-19,Matt Hart,944,Willow Park,Blue Tees,57,18,2,12:00:00,59,2,923,123,True,False,18,59,True,True,True
98155,2026,MA1,1,750438,280282,280282,921,Round 1,2026-04-19,Cody Conine,931,Willow Park,Blue Tees,57,18,3,12:20:00,59,2,923,118,True,False,18,59,True,True,True
98155,2026,MA1,1,750438,310775,310775,872,Round 1,2026-04-19,Matthew Glanovsky,892,Willow Park,Blue Tees,57,18,2,12:10:00,59,2,923,124,True,False,18,59,True,True,True
98155,2026,MA1,1,750438,162806,162806,877,Round 1,2026-04-19,Ethan Springer,886,Willow Park,Blue Tees,57,18,1,12:50:00,60,3,913,128,True,False,18,60,True,True,True
98155,2026,MA1,1,750438,212441,212441,951,Round 1,2026-04-19,Bobby Hallum,962,Willow Park,Blue Tees,57,18,3,12:50:00,60,3,913,120,True,False,18,60,True,True,True
98155,2026,MA1,1,750438,240494,240494,930,Round 1,2026-04-19,Derrek Eckhardt,919,Willow Park,Blue Tees,57,18,2,12:40:00,60,3,913,126,True,False,18,60,True,True,True
98155,2026,MA1,1,750438,261284,261284,895,Round 1,2026-04-19,Blake Martino,916,Willow Park,Blue Tees,57,18,4,13:10:00,60,3,913,124,True,False,18,60,True,True,True
98155,2026,MA1,1,750438,96154,96154,865,Round 1,2026-04-19,Travis Jacques,871,Willow Park,Blue Tees,57,18,1,12:30:00,62,5,893,127,True,False,18,62,True,True,True
98155,2026,MA1,1,750438,210681,210681,922,Round 1,2026-04-19,Kyle Anderson Andresen,911,Willow Park,Blue Tees,57,18,4,13:00:00,62,5,893,125,True,False,18,62,True,True,True
98155,2026,MA1,1,750438,287102,287102,910,Round 1,2026-04-19,Ethan Robie,919,Willow Park,Blue Tees,57,18,3,12:40:00,62,5,893,124,True,False,18,62,True,True,True
98155,2026,MA1,1,750438,122658,122658,948,Round 1,2026-04-19,Joey Tota,945,Willow Park,Blue Tees,57,18,1,13:10:00,63,6,883,120,True,False,18,63,True,True,True
98155,2026,MA1,1,750438,158783,158783,900,Round 1,2026-04-19,Joseph Humes,906,Willow Park,Blue Tees,57,18,1,12:40:00,63,6,883,129,True,False,18,63,True,True,True
98155,2026,MA1,1,750438,179422,179422,867,Round 1,2026-04-19,Patrick Mayhew,869,Willow Park,Blue Tees,57,18,2,13:00:00,63,6,883,139,True,False,18,63,True,True,True
98155,2026,MA1,1,750438,199954,199954,850,Round 1,2026-04-19,Trenten Reed,863,Willow Park,Blue Tees,57,18,3,13:00:00,63,6,883,130,True,False,18,63,True,True,True
98155,2026,MA1,1,750438,308979,308979,909,Round 1,2026-04-19,Owen Mansur,897,Willow Park,Blue Tees,57,18,4,12:40:00,64,7,873,134,True,False,18,64,True,True,True
98155,2026,MA1,1,750438,322943,322943,,Round 1,2026-04-19,Nicholas Garvey,787,Willow Park,Blue Tees,57,18,3,12:10:00,66,9,854,155,True,False,18,66,True,True,True
98155,2026,MA1,1,750438,175140,175140,916,Round 1,2026-04-19,Christian Garey,890,Willow Park,Blue Tees,57,18,2,12:50:00,68,11,834,136,True,False,18,68,True,True,True
98155,2026,MA1,1,750438,147328,147328,902,Round 1,2026-04-19,Tyler Ropp,902,Willow Park,Blue Tees,57,18,1,13:00:00,69,12,824,136,True,False,18,69,True,True,True
98155,2026,MA1,1,750438,name:alec nicol,,,Round 1,2026-04-19,Alec Nicol,,Willow Park,Blue Tees,57,18,4,12:10:00,69,12,824,143,True,False,18,69,True,True,True
98155,2026,MA1,2,757520,310279,310279,956,Round 2,2026-04-19,Brandon Poirier,960,Willow Park,Blue Tees Rd2,57,18,1,13:10:00,56,-1,968,109,True,False,18,56,True,True,True
98155,2026,MA1,2,757520,309328,309328,935,Round 2,2026-04-19,Justin Marshall,953,Willow Park,Blue Tees Rd2,57,18,2,13:00:00,53,-4,997,110,True,False,18,53,True,True,True
98155,2026,MA1,2,757520,278286,278286,926,Round 2,2026-04-19,Trevor Hazelton,949,Willow Park,Blue Tees Rd2,57,18,4,13:10:00,54,-3,987,110,True,False,18,54,True,True,True
98155,2026,MA1,2,757520,279217,279217,936,Round 2,2026-04-19,Logan Akins,960,Willow Park,Blue Tees Rd2,57,18,3,13:10:00,56,-1,968,110,True,False,18,56,True,True,True
98155,2026,MA1,2,757520,223671,223671,935,Round 2,2026-04-19,Brendan Van Tuinen,942,Willow Park,Blue Tees Rd2,57,18,1,13:00:00,56,-1,968,113,True,False,18,56,True,True,True
98155,2026,MA1,2,757520,110707,110707,935,Round 2,2026-04-19,Jason Wilson,927,Willow Park,Blue Tees Rd2,57,18,2,13:10:00,60,3,930,114,True,False,18,60,True,True,True
98155,2026,MA1,2,757520,214396,214396,795,Round 2,2026-04-19,Ryan Lanahan,935,Willow Park,Blue Tees Rd2,57,18,4,12:50:00,59,2,940,118,True,False,18,59,True,True,True
98155,2026,MA1,2,757520,280282,280282,921,Round 2,2026-04-19,Cody Conine,931,Willow Park,Blue Tees Rd2,57,18,2,12:40:00,59,2,940,118,True,False,18,59,True,True,True
98155,2026,MA1,2,757520,122658,122658,948,Round 2,2026-04-19,Joey Tota,945,Willow Park,Blue Tees Rd2,57,18,3,12:20:00,57,0,959,120,True,False,18,57,True,True,True
98155,2026,MA1,2,757520,212441,212441,951,Round 2,2026-04-19,Bobby Hallum,962,Willow Park,Blue Tees Rd2,57,18,1,12:30:00,60,3,930,120,True,False,18,60,True,True,True
98155,2026,MA1,2,757520,174031,174031,918,Round 2,2026-04-19,Ian MacDonald,909,Willow Park,Blue Tees Rd2,57,18,4,13:00:00,62,5,911,120,True,False,18,62,True,True,True
98155,2026,MA1,2,757520,245185,245185,926,Round 2,2026-04-19,Michael O'Neil,905,Willow Park,Blue Tees Rd2,57,18,1,12:50:00,62,5,911,120,True,False,18,62,True,True,True
98155,2026,MA1,2,757520,293633,293633,893,Round 2,2026-04-19,Wyatt Tuff,942,Willow Park,Blue Tees Rd2,57,18,2,12:50:00,63,6,902,121,True,False,18,63,True,True,True
98155,2026,MA1,2,757520,168047,168047,904,Round 2,2026-04-19,Jim Desisto,915,Willow Park,Blue Tees Rd2,57,18,3,13:00:00,64,7,892,122,True,False,18,64,True,True,True
98155,2026,MA1,2,757520,270710,270710,902,Round 2,2026-04-19,Matt Hart,944,Willow Park,Blue Tees Rd2,57,18,1,12:40:00,64,7,892,123,True,False,18,64,True,True,True
98155,2026,MA1,2,757520,287102,287102,910,Round 2,2026-04-19,Ethan Robie,919,Willow Park,Blue Tees Rd2,57,18,2,12:20:00,62,5,911,124,True,False,18,62,True,True,True
98155,2026,MA1,2,757520,261284,261284,895,Round 2,2026-04-19,Blake Martino,916,Willow Park,Blue Tees Rd2,57,18,3,12:30:00,64,7,892,124,True,False,18,64,True,True,True
98155,2026,MA1,2,757520,310775,310775,872,Round 2,2026-04-19,Matthew Glanovsky,892,Willow Park,Blue Tees Rd2,57,18,3,12:40:00,65,8,883,124,True,False,18,65,True,True,True
98155,2026,MA1,2,757520,210681,210681,922,Round 2,2026-04-19,Kyle Anderson Andresen,911,Willow Park,Blue Tees Rd2,57,18,1,12:20:00,63,6,902,125,True,False,18,63,True,True,True
98155,2026,MA1,2,757520,240494,240494,930,Round 2,2026-04-19,Derrek Eckhardt,919,Willow Park,Blue Tees Rd2,57,18,2,12:30:00,66,9,873,126,True,False,18,66,True,True,True
98155,2026,MA1,2,757520,96154,96154,865,Round 2,2026-04-19,Travis Jacques,871,Willow Park,Blue Tees Rd2,57,18,4,12:30:00,65,8,883,127,True,False,18,65,True,True,True
98155,2026,MA1,2,757520,118932,118932,863,Round 2,2026-04-19,Brew Reed,,Willow Park,Blue Tees Rd2,57,18,3,12:50:00,68,11,854,127,True,False,18,68,True,True,True
98155,2026,MA1,2,757520,162806,162806,877,Round 2,2026-04-19,Ethan Springer,886,Willow Park,Blue Tees Rd2,57,18,4,12:40:00,68,11,854,128,True,False,18,68,True,True,True
98155,2026,MA1,2,757520,158783,158783,900,Round 2,2026-04-19,Joseph Humes,906,Willow Park,Blue Tees Rd2,57,18,4,12:20:00,66,9,873,129,True,False,18,66,True,True,True
98155,2026,MA1,2,757520,199954,199954,850,Round 2,2026-04-19,Trenten Reed,863,Willow Park,Blue Tees Rd2,57,18,2,12:10:00,67,10,864,130,True,False,18,67,True,True,True
98155,2026,MA1,2,757520,308979,308979,909,Round 2,2026-04-19,Owen Mansur,897,Willow Park,Blue Tees Rd2,57,18,3,12:10:00,70,13,835,134,True,False,18,70,True,True,True
98155,2026,MA1,2,757520,147328,147328,902,Round 2,2026-04-19,Tyler Ropp,902,Willow Park,Blue Tees Rd2,57,18,2,12:00:00,67,10,864,136,True,False,18,67,True,True,True
98155,2026,MA1,2,757520,175140,175140,916,Round 2,2026-04-19,Christian Garey,890,Willow Park,Blue Tees Rd2,57,18,1,12:00:00,68,11,854,136,True,False,18,68,True,True,True
98155,2026,MA1,2,757520,179422,179422,867,Round 2,2026-04-19,Patrick Mayhew,869,Willow Park,Blue Tees Rd2,57,18,1,12:10:00,76,19,778,139,True,False,18,76,True,True,True
98155,2026,MA1,2,757520,name:alec nicol,,,Round 2,2026-04-19,Alec Nicol,,Willow Park,Blue Tees Rd2,57,18,3,12:00:00,74,17,797,143,True,False,18,74,True,True,True
98155,2026,MA1,2,757520,322943,322943,,Round 2,2026-04-19,Nicholas Garvey,787,Willow Park,Blue Tees Rd2,57,18,4,12:10:00,89,32,655,155,True,False,18,89,True,True,True
98155,2026,MA2,1,750438,185432,185432,887,Round 1,2026-04-19,John DeCicco,895,Willow Park,Blue Tees,57,18,3,10:30:00,57,0,942,126,True,False,18,57,True,True,True
98155,2026,MA2,1,750438,213224,213224,909,Round 1,2026-04-19,Justin Griswold,914,Willow Park,Blue Tees,57,18,2,10:10:00,58,1,932,120,True,False,18,58,True,True,True
98155,2026,MA2,1,750438,310285,310285,880,Round 1,2026-04-19,Ed Dionne,886,Willow Park,Blue Tees,57,18,1,09:30:00,58,1,932,126,True,False,18,58,True,True,True
98155,2026,MA2,1,750438,311270,311270,886,Round 1,2026-04-19,Max Olmsted,917,Willow Park,Blue Tees,57,18,3,09:40:00,58,1,932,120,True,False,18,58,True,True,True
98155,2026,MA2,1,750438,164891,164891,918,Round 1,2026-04-19,Joseph Melillo,918,Willow Park,Blue Tees,57,18,2,10:30:00,59,2,923,123,True,False,18,59,True,True,True
98155,2026,MA2,1,750438,189203,189203,909,Round 1,2026-04-19,Bobby Martino,911,Willow Park,Blue Tees,57,18,1,09:20:00,59,2,923,124,True,False,18,59,True,True,True
98155,2026,MA2,1,750438,302159,302159,895,Round 1,2026-04-19,Curtis Compos,902,Willow Park,Blue Tees,57,18,3,09:20:00,59,2,923,125,True,False,18,59,True,True,True
98155,2026,MA2,1,750438,127782,127782,895,Round 1,2026-04-19,Ryan Phillips,875,Willow Park,Blue Tees,57,18,1,10:10:00,60,3,913,129,True,False,18,60,True,True,True
98155,2026,MA2,1,750438,169600,169600,887,Round 1,2026-04-19,Trevor Bryce,901,Willow Park,Blue Tees,57,18,1,09:50:00,60,3,913,123,True,False,18,60,True,True,True
98155,2026,MA2,1,750438,273426,273426,845,Round 1,2026-04-19,Gavin Decicco,867,Willow Park,Blue Tees,57,18,3,09:50:00,60,3,913,134,True,False,18,60,True,True,True
98155,2026,MA2,1,750438,202214,202214,912,Round 1,2026-04-19,Daniel Alderman,906,Willow Park,Blue Tees,57,18,2,10:20:00,61,4,903,124,True,False,18,61,True,True,True
98155,2026,MA2,1,750438,248718,248718,884,Round 1,2026-04-19,Keane Roland,916,Willow Park,Blue Tees,57,18,3,10:10:00,61,4,903,120,True,False,18,61,True,True,True
98155,2026,MA2,1,750438,137984,137984,877,Round 1,2026-04-19,Tristan Bryce,,Willow Park,Blue Tees,57,18,1,10:00:00,62,5,893,,True,False,18,62,True,True,True
98155,2026,MA2,1,750438,274902,274902,876,Round 1,2026-04-19,Nolan Smith,886,Willow Park,Blue Tees,57,18,3,10:00:00,62,5,893,136,True,False,18,62,True,True,True
98155,2026,MA2,1,750438,289306,289306,920,Round 1,2026-04-19,Jonathan Smith,921,Willow Park,Blue Tees,57,18,2,09:20:00,62,5,893,126,True,False,18,62,True,True,True
98155,2026,MA2,1,750438,137736,137736,878,Round 1,2026-04-19,Logan Cooke,880,Willow Park,Blue Tees,57,18,1,10:30:00,63,6,883,126,True,False,18,63,True,True,True
98155,2026,MA2,1,750438,163691,163691,866,Round 1,2026-04-19,Tim Callahan,867,Willow Park,Blue Tees,57,18,1,09:40:00,63,6,883,132,True,False,18,63,True,True,True
98155,2026,MA2,1,750438,305330,305330,893,Round 1,2026-04-19,Jesse Clearwater,913,Willow Park,Blue Tees,57,18,4,09:50:00,63,6,883,127,True,False,18,63,True,True,True
98155,2026,MA2,1,750438,249719,249719,842,Round 1,2026-04-19,Tim Palmer,860,Willow Park,Blue Tees,57,18,3,09:30:00,64,7,873,133,True,False,18,64,True,True,True
98155,2026,MA2,1,750438,265224,265224,881,Round 1,2026-04-19,Zeb Ferguson,889,Willow Park,Blue Tees,57,18,4,10:10:00,64,7,873,123,True,False,18,64,True,True,True
98155,2026,MA2,1,750438,324253,324253,,Round 1,2026-04-19,Shawn Beliveau,869,Willow Park,Blue Tees,57,18,2,09:30:00,64,7,873,131,True,False,18,64,True,True,True
98155,2026,MA2,1,750438,239437,239437,834,Round 1,2026-04-19,Simon Bethune,830,Willow Park,Blue Tees,57,18,2,09:50:00,65,8,864,135,True,False,18,65,True,True,True
98155,2026,MA2,1,750438,163523,163523,872,Round 1,2026-04-19,Landon Desroches,866,Willow Park,Blue Tees,57,18,1,10:20:00,66,9,854,132,True,False,18,66,True,True,True
98155,2026,MA2,1,750438,283063,283063,854,Round 1,2026-04-19,Ryan Chase,879,Willow Park,Blue Tees,57,18,4,10:00:00,66,9,854,130,True,False,18,66,True,True,True
98155,2026,MA2,1,750438,304569,304569,829,Round 1,2026-04-19,Noah Fleury,824,Willow Park,Blue Tees,57,18,4,10:30:00,66,9,854,141,True,False,18,66,True,True,True
98155,2026,MA2,1,750438,256887,256887,807,Round 1,2026-04-19,Alex Gambero,812,Willow Park,Blue Tees,57,18,2,10:00:00,67,10,844,134,True,False,18,67,True,True,True
98155,2026,MA2,1,750438,166639,166639,880,Round 1,2026-04-19,Ryan Sweeney,883,Willow Park,Blue Tees,57,18,2,09:40:00,70,13,814,132,True,False,18,70,True,True,True
98155,2026,MA2,1,750438,324210,324210,,Round 1,2026-04-19,Thomas Coleman,776,Willow Park,Blue Tees,57,18,4,10:20:00,75,18,765,151,True,False,18,75,True,True,True
98155,2026,MA2,1,750438,295411,295411,751,Round 1,2026-04-19,Jeremy McDonald,787,Willow Park,Blue Tees,57,18,3,10:20:00,77,20,746,149,True,False,18,77,True,True,True
98155,2026,MA2,2,757520,311270,311270,886,Round 2,2026-04-19,Max Olmsted,917,Willow Park,Blue Tees Rd2,57,18,4,10:30:00,62,5,911,120,True,False,18,62,True,True,True
98155,2026,MA2,2,757520,248718,248718,884,Round 2,2026-04-19,Keane Roland,916,Willow Park,Blue Tees Rd2,57,18,4,10:10:00,59,2,940,120,True,False,18,59,True,True,True
98155,2026,MA2,2,757520,213224,213224,909,Round 2,2026-04-19,Justin Griswold,914,Willow Park,Blue Tees Rd2,57,18,2,10:30:00,62,5,911,120,True,False,18,62,True,True,True
98155,2026,MA2,2,757520,265224,265224,881,Round 2,2026-04-19,Zeb Ferguson,889,Willow Park,Blue Tees Rd2,57,18,4,09:50:00,59,2,940,123,True,False,18,59,True,True,True
98155,2026,MA2,2,757520,169600,169600,887,Round 2,2026-04-19,Trevor Bryce,901,Willow Park,Blue Tees Rd2,57,18,1,10:10:00,63,6,902,123,True,False,18,63,True,True,True
98155,2026,MA2,2,757520,164891,164891,918,Round 2,2026-04-19,Joseph Melillo,918,Willow Park,Blue Tees Rd2,57,18,1,10:20:00,64,7,892,123,True,False,18,64,True,True,True
98155,2026,MA2,2,757520,202214,202214,912,Round 2,2026-04-19,Daniel Alderman,906,Willow Park,Blue Tees Rd2,57,18,3,10:10:00,63,6,902,124,True,False,18,63,True,True,True
98155,2026,MA2,2,757520,189203,189203,909,Round 2,2026-04-19,Bobby Martino,911,Willow Park,Blue Tees Rd2,57,18,2,10:20:00,65,8,883,124,True,False,18,65,True,True,True
98155,2026,MA2,2,757520,302159,302159,895,Round 2,2026-04-19,Curtis Compos,902,Willow Park,Blue Tees Rd2,57,18,3,10:20:00,66,9,873,125,True,False,18,66,True,True,True
98155,2026,MA2,2,757520,137736,137736,878,Round 2,2026-04-19,Logan Cooke,880,Willow Park,Blue Tees Rd2,57,18,3,10:00:00,63,6,902,126,True,False,18,63,True,True,True
98155,2026,MA2,2,757520,289306,289306,920,Round 2,2026-04-19,Jonathan Smith,921,Willow Park,Blue Tees Rd2,57,18,2,10:00:00,64,7,892,126,True,False,18,64,True,True,True
98155,2026,MA2,2,757520,310285,310285,880,Round 2,2026-04-19,Ed Dionne,886,Willow Park,Blue Tees Rd2,57,18,3,10:30:00,68,11,854,126,True,False,18,68,True,True,True
98155,2026,MA2,2,757520,185432,185432,887,Round 2,2026-04-19,John DeCicco,895,Willow Park,Blue Tees Rd2,57,18,1,10:30:00,69,12,845,126,True,False,18,69,True,True,True
98155,2026,MA2,2,757520,305330,305330,893,Round 2,2026-04-19,Jesse Clearwater,913,Willow Park,Blue Tees Rd2,57,18,2,09:50:00,64,7,892,127,True,False,18,64,True,True,True
98155,2026,MA2,2,757520,127782,127782,895,Round 2,2026-04-19,Ryan Phillips,875,Willow Park,Blue Tees Rd2,57,18,4,10:20:00,69,12,845,129,True,False,18,69,True,True,True
98155,2026,MA2,2,757520,283063,283063,854,Round 2,2026-04-19,Ryan Chase,879,Willow Park,Blue Tees Rd2,57,18,1,09:30:00,64,7,892,130,True,False,18,64,True,True,True
98155,2026,MA2,2,757520,324253,324253,,Round 2,2026-04-19,Shawn Beliveau,869,Willow Park,Blue Tees Rd2,57,18,1,09:40:00,67,10,864,131,True,False,18,67,True,True,True
98155,2026,MA2,2,757520,166639,166639,880,Round 2,2026-04-19,Ryan Sweeney,883,Willow Park,Blue Tees Rd2,57,18,1,09:20:00,62,5,911,132,True,False,18,62,True,True,True
98155,2026,MA2,2,757520,163523,163523,872,Round 2,2026-04-19,Landon Desroches,866,Willow Park,Blue Tees Rd2,57,18,3,09:40:00,66,9,873,132,True,False,18,66,True,True,True
98155,2026,MA2,2,757520,163691,163691,866,Round 2,2026-04-19,Tim Callahan,867,Willow Park,Blue Tees Rd2,57,18,1,09:50:00,69,12,845,132,True,False,18,69,True,True,True
98155,2026,MA2,2,757520,249719,249719,842,Round 2,2026-04-19,Tim Palmer,860,Willow Park,Blue Tees Rd2,57,18,3,09:50:00,69,12,845,133,True,False,18,69,True,True,True
98155,2026,MA2,2,757520,256887,256887,807,Round 2,2026-04-19,Alex Gambero,812,Willow Park,Blue Tees Rd2,57,18,3,09:30:00,67,10,864,134,True,False,18,67,True,True,True
98155,2026,MA2,2,757520,273426,273426,845,Round 2,2026-04-19,Gavin Decicco,867,Willow Park,Blue Tees Rd2,57,18,2,10:10:00,74,17,797,134,True,False,18,74,True,True,True
98155,2026,MA2,2,757520,239437,239437,834,Round 2,2026-04-19,Simon Bethune,830,Willow Park,Blue Tees Rd2,57,18,2,09:40:00,70,13,835,135,True,False,18,70,True,True,True
98155,2026,MA2,2,757520,274902,274902,876,Round 2,2026-04-19,Nolan Smith,886,Willow Park,Blue Tees Rd2,57,18,1,10:00:00,74,17,797,136,True,False,18,74,True,True,True
98155,2026,MA2,2,757520,304569,304569,829,Round 2,2026-04-19,Noah Fleury,824,Willow Park,Blue Tees Rd2,57,18,2,09:30:00,75,18,788,141,True,False,18,75,True,True,True
98155,2026,MA2,2,757520,295411,295411,751,Round 2,2026-04-19,Jeremy McDonald,787,Willow Park,Blue Tees Rd2,57,18,3,09:20:00,72,15,816,149,True,False,18,72,True,True,True
98155,2026,MA2,2,757520,324210,324210,,Round 2,2026-04-19,Thomas Coleman,776,Willow Park,Blue Tees Rd2,57,18,2,09:20:00,76,19,778,151,True,False,18,76,True,True,True
98155,2026,MA2,2,757520,137984,137984,877,Round 2,2026-04-19,Tristan Bryce,,Willow Park,Blue Tees Rd2,57,18,1,10:00:00,11,942,,,True,False,3,11,False,True,False
98155,2026,MA3,1,750439,260772,260772,876,Round 1,2026-04-19,John Benjamin Stafford,893,Willow Park,Red Tees,57,18,4,09:10:00,54,-3,922,113,True,False,18,54,True,True,True
98155,2026,MA3,1,750439,324228,324228,,Round 1,2026-04-19,Luc Cohen-Wanis,885,Willow Park,Red Tees,57,18,2,08:50:00,54,-3,922,110,True,False,18,54,True,True,True
98155,2026,MA3,1,750439,144230,144230,860,Round 1,2026-04-19,Jameson Norman,871,Willow Park,Red Tees,57,18,1,09:10:00,55,-2,911,113,True,False,18,55,True,True,True
98155,2026,MA3,1,750439,227196,227196,879,Round 1,2026-04-19,Jeremy A. Vigue,884,Willow Park,Red Tees,57,18,2,08:30:00,57,0,888,114,True,False,18,57,True,True,True
98155,2026,MA3,1,750439,314105,314105,827,Round 1,2026-04-19,Dustin Smedy,835,Willow Park,Red Tees,57,18,3,09:10:00,57,0,888,115,True,False,18,57,True,True,True
98155,2026,MA3,1,750439,74299,74299,865,Round 1,2026-04-19,Jeff Kettle,873,Willow Park,Red Tees,57,18,1,09:00:00,60,3,853,123,True,False,18,60,True,True,True
98155,2026,MA3,1,750439,268818,268818,878,Round 1,2026-04-19,Christopher Mangsen,889,Willow Park,Red Tees,57,18,4,08:30:00,60,3,853,118,True,False,18,60,True,True,True
98155,2026,MA3,1,750439,286641,286641,849,Round 1,2026-04-19,Matthew Lanctot,837,Willow Park,Red Tees,57,18,4,08:40:00,60,3,853,121,True,False,18,60,True,True,True
98155,2026,MA3,1,750439,324179,324179,837,Round 1,2026-04-19,Kyle Patch,813,Willow Park,Red Tees,57,18,4,09:00:00,60,3,853,127,True,False,18,60,True,True,True
98155,2026,MA3,1,750439,211434,211434,799,Round 1,2026-04-19,Thomas Bousquet,798,Willow Park,Red Tees,57,18,1,08:40:00,61,4,841,127,True,False,18,61,True,True,True
98155,2026,MA3,1,750439,175839,175839,867,Round 1,2026-04-19,Wilder Irving,875,Willow Park,Red Tees,57,18,2,09:10:00,62,5,830,120,True,False,18,62,True,True,True
98155,2026,MA3,1,750439,213791,213791,851,Round 1,2026-04-19,Adam Sefchick,811,Willow Park,Red Tees,57,18,1,08:50:00,62,5,830,123,True,False,18,62,True,True,True
98155,2026,MA3,1,750439,219709,219709,725,Round 1,2026-04-19,Zackary Sefchick,793,Willow Park,Red Tees,57,18,3,08:30:00,62,5,830,133,True,False,18,62,True,True,True
98155,2026,MA3,1,750439,289367,289367,819,Round 1,2026-04-19,Tyler Karnes,836,Willow Park,Red Tees,57,18,2,08:40:00,62,5,830,124,True,False,18,62,True,True,True
98155,2026,MA3,1,750439,312423,312423,782,Round 1,2026-04-19,Peter Cousino,819,Willow Park,Red Tees,57,18,3,08:40:00,62,5,830,129,True,False,18,62,True,True,True
98155,2026,MA3,1,750439,239719,239719,834,Round 1,2026-04-19,Thane Griswold,820,Willow Park,Red Tees,57,18,3,08:50:00,64,7,807,134,True,False,18,64,True,True,True
98155,2026,MA3,1,750439,194601,194601,777,Round 1,2026-04-19,Joshua Goodrich,810,Willow Park,Red Tees,57,18,2,09:00:00,65,8,795,126,True,False,18,65,True,True,True
98155,2026,MA3,1,750439,308064,308064,820,Round 1,2026-04-19,Derek Chase,834,Willow Park,Red Tees,57,18,3,09:00:00,66,9,784,130,True,False,18,66,True,True,True
98155,2026,MA3,2,757519,324228,324228,,Round 2,2026-04-19,Luc Cohen-Wanis,885,Willow Park,Red Tees Rd2,57,18,2,09:10:00,56,-1,909,110,True,False,18,56,True,True,True
98155,2026,MA3,2,757519,144230,144230,860,Round 2,2026-04-19,Jameson Norman,871,Willow Park,Red Tees Rd2,57,18,3,09:10:00,58,1,887,113,True,False,18,58,True,True,True
98155,2026,MA3,2,757519,260772,260772,876,Round 2,2026-04-19,John Benjamin Stafford,893,Willow Park,Red Tees Rd2,57,18,1,09:10:00,59,2,875,113,True,False,18,59,True,True,True
98155,2026,MA3,2,757519,227196,227196,879,Round 2,2026-04-19,Jeremy A. Vigue,884,Willow Park,Red Tees Rd2,57,18,4,09:10:00,57,0,898,114,True,False,18,57,True,True,True
98155,2026,MA3,2,757519,314105,314105,827,Round 2,2026-04-19,Dustin Smedy,835,Willow Park,Red Tees Rd2,57,18,1,09:00:00,58,1,887,115,True,False,18,58,True,True,True
98155,2026,MA3,2,757519,268818,268818,878,Round 2,2026-04-19,Christopher Mangsen,889,Willow Park,Red Tees Rd2,57,18,3,09:00:00,58,1,887,118,True,False,18,58,True,True,True
98155,2026,MA3,2,757519,175839,175839,867,Round 2,2026-04-19,Wilder Irving,875,Willow Park,Red Tees Rd2,57,18,3,08:50:00,58,1,887,120,True,False,18,58,True,True,True
98155,2026,MA3,2,757519,286641,286641,849,Round 2,2026-04-19,Matthew Lanctot,837,Willow Park,Red Tees Rd2,57,18,4,09:00:00,61,4,853,121,True,False,18,61,True,True,True
98155,2026,MA3,2,757519,213791,213791,851,Round 2,2026-04-19,Adam Sefchick,811,Willow Park,Red Tees Rd2,57,18,4,08:50:00,61,4,853,123,True,False,18,61,True,True,True
98155,2026,MA3,2,757519,74299,74299,865,Round 2,2026-04-19,Jeff Kettle,873,Willow Park,Red Tees Rd2,57,18,2,09:00:00,63,6,830,123,True,False,18,63,True,True,True
98155,2026,MA3,2,757519,289367,289367,819,Round 2,2026-04-19,Tyler Karnes,836,Willow Park,Red Tees Rd2,57,18,2,08:40:00,62,5,842,124,True,False,18,62,True,True,True
98155,2026,MA3,2,757519,194601,194601,777,Round 2,2026-04-19,Joshua Goodrich,810,Willow Park,Red Tees Rd2,57,18,2,08:20:00,61,4,853,126,True,False,18,61,True,True,True
98155,2026,MA3,2,757519,211434,211434,799,Round 2,2026-04-19,Thomas Bousquet,798,Willow Park,Red Tees Rd2,57,18,2,08:50:00,66,9,797,127,True,False,18,66,True,True,True
98155,2026,MA3,2,757519,324179,324179,837,Round 2,2026-04-19,Kyle Patch,813,Willow Park,Red Tees Rd2,57,18,1,08:50:00,67,10,786,127,True,False,18,67,True,True,True
98155,2026,MA3,2,757519,312423,312423,782,Round 2,2026-04-19,Peter Cousino,819,Willow Park,Red Tees Rd2,57,18,3,08:40:00,67,10,786,129,True,False,18,67,True,True,True
98155,2026,MA3,2,757519,308064,308064,820,Round 2,2026-04-19,Derek Chase,834,Willow Park,Red Tees Rd2,57,18,3,08:20:00,64,7,819,130,True,False,18,64,True,True,True
98155,2026,MA3,2,757519,219709,219709,725,Round 2,2026-04-19,Zackary Sefchick,793,Willow Park,Red Tees Rd2,57,18,1,08:40:00,71,14,741,133,True,False,18,71,True,True,True
98155,2026,MA3,2,757519,239719,239719,834,Round 2,2026-04-19,Thane Griswold,820,Willow Park,Red Tees Rd2,57,18,4,08:40:00,70,13,752,134,True,False,18,70,True,True,True
98155,2026,MA40,1,750438,166636,166636,876,Round 1,2026-04-19,Warren Bombardier,888,Willow Park,Blue Tees,57,18,1,11:40:00,60,3,913,127,True,False,18,60,True,True,True
98155,2026,MA40,1,750438,180670,180670,905,Round 1,2026-04-19,Craig Fulcher,917,Willow Park,Blue Tees,57,18,2,11:30:00,61,4,903,122,True,False,18,61,True,True,True
98155,2026,MA40,1,750438,166633,166633,890,Round 1,2026-04-19,Joshua Martin,,Willow Park,Blue Tees,57,18,1,11:30:00,63,6,883,128,True,False,18,63,True,True,True
98155,2026,MA40,1,750438,147904,147904,897,Round 1,2026-04-19,John Williams,890,Willow Park,Blue Tees,57,18,2,11:50:00,64,7,873,133,True,False,18,64,True,True,True
98155,2026,MA40,1,750438,110813,110813,864,Round 1,2026-04-19,Justin Lynch,874,Willow Park,Blue Tees,57,18,1,11:50:00,65,8,864,135,True,False,18,65,True,True,True
98155,2026,MA40,1,750438,name:walter lother,,,Round 1,2026-04-19,Walter Lother,,Willow Park,Blue Tees,57,18,3,11:40:00,67,10,844,135,True,False,18,67,True,True,True
98155,2026,MA40,1,750438,268458,268458,799,Round 1,2026-04-19,Demetrio Gagnon,810,Willow Park,Blue Tees,57,18,3,11:30:00,68,11,834,140,True,False,18,68,True,True,True
98155,2026,MA40,1,750438,250342,250342,845,Round 1,2026-04-19,Daniel Barenski,860,Willow Park,Blue Tees,57,18,3,11:50:00,70,13,814,133,True,False,18,70,True,True,True
98155,2026,MA40,1,750438,166637,166637,852,Round 1,2026-04-19,Ajay Shah,825,Willow Park,Blue Tees,57,18,2,11:40:00,72,15,795,147,True,False,18,72,True,True,True
98155,2026,MA40,2,757520,180670,180670,905,Round 2,2026-04-19,Craig Fulcher,917,Willow Park,Blue Tees Rd2,57,18,2,11:50:00,61,4,921,122,True,False,18,61,True,True,True
98155,2026,MA40,2,757520,166636,166636,876,Round 2,2026-04-19,Warren Bombardier,888,Willow Park,Blue Tees Rd2,57,18,1,11:50:00,67,10,864,127,True,False,18,67,True,True,True
98155,2026,MA40,2,757520,166633,166633,890,Round 2,2026-04-19,Joshua Martin,,Willow Park,Blue Tees Rd2,57,18,3,11:50:00,65,8,883,128,True,False,18,65,True,True,True
98155,2026,MA40,2,757520,250342,250342,845,Round 2,2026-04-19,Daniel Barenski,860,Willow Park,Blue Tees Rd2,57,18,2,11:30:00,63,6,902,133,True,False,18,63,True,True,True
98155,2026,MA40,2,757520,147904,147904,897,Round 2,2026-04-19,John Williams,890,Willow Park,Blue Tees Rd2,57,18,1,11:40:00,69,12,845,133,True,False,18,69,True,True,True
98155,2026,MA40,2,757520,name:walter lother,,,Round 2,2026-04-19,Walter Lother,,Willow Park,Blue Tees Rd2,57,18,3,11:40:00,68,11,854,135,True,False,18,68,True,True,True
98155,2026,MA40,2,757520,110813,110813,864,Round 2,2026-04-19,Justin Lynch,874,Willow Park,Blue Tees Rd2,57,18,2,11:40:00,70,13,835,135,True,False,18,70,True,True,True
98155,2026,MA40,2,757520,268458,268458,799,Round 2,2026-04-19,Demetrio Gagnon,810,Willow Park,Blue Tees Rd2,57,18,1,11:30:00,72,15,816,140,True,False,18,72,True,True,True
98155,2026,MA40,2,757520,166637,166637,852,Round 2,2026-04-19,Ajay Shah,825,Willow Park,Blue Tees Rd2,57,18,3,11:30:00,75,18,788,147,True,False,18,75,True,True,True
98155,2026,MA50,1,750438,199950,199950,859,Round 1,2026-04-19,James Reed,866,Willow Park,Blue Tees,57,18,3,11:10:00,60,3,913,124,True,False,18,60,True,True,True
98155,2026,MA50,1,750438,62850,62850,876,Round 1,2026-04-19,George Brown,864,Willow Park,Blue Tees,57,18,1,11:10:00,63,6,883,129,True,False,18,63,True,True,True
98155,2026,MA50,1,750438,219372,219372,854,Round 1,2026-04-19,Dan Cooney,850,Willow Park,Blue Tees,57,18,3,11:20:00,63,6,883,136,True,False,18,63,True,True,True
98155,2026,MA50,1,750438,130549,130549,901,Round 1,2026-04-19,Earl Dakers,899,Willow Park,Blue Tees,57,18,2,11:20:00,65,8,864,,True,False,18,65,True,True,True
98155,2026,MA50,1,750438,177045,177045,877,Round 1,2026-04-19,Shane Kelley,878,Willow Park,Blue Tees,57,18,2,11:10:00,65,8,864,,True,False,18,65,True,True,True
98155,2026,MA50,1,750438,275118,275118,891,Round 1,2026-04-19,Matthew German,905,Willow Park,Blue Tees,57,18,4,11:10:00,65,8,864,125,True,False,18,65,True,True,True
98155,2026,MA50,1,750438,306985,306985,829,Round 1,2026-04-19,Mark Comeau,846,Willow Park,Blue Tees,57,18,4,11:20:00,68,11,834,137,True,False,18,68,True,True,True
98155,2026,MA50,1,750438,84213,84213,877,Round 1,2026-04-19,Daniel Arellano,807,Willow Park,Blue Tees,57,18,1,11:20:00,69,12,824,144,True,False,18,69,True,True,True
98155,2026,MA50,2,757520,199950,199950,859,Round 2,2026-04-19,James Reed,866,Willow Park,Blue Tees Rd2,57,18,1,11:20:00,64,7,892,124,True,False,18,64,True,True,True
98155,2026,MA50,2,757520,275118,275118,891,Round 2,2026-04-19,Matthew German,905,Willow Park,Blue Tees Rd2,57,18,1,11:10:00,60,3,930,125,True,False,18,60,True,True,True
98155,2026,MA50,2,757520,62850,62850,876,Round 2,2026-04-19,George Brown,864,Willow Park,Blue Tees Rd2,57,18,2,11:20:00,66,9,873,129,True,False,18,66,True,True,True
98155,2026,MA50,2,757520,219372,219372,854,Round 2,2026-04-19,Dan Cooney,850,Willow Park,Blue Tees Rd2,57,18,3,11:20:00,73,16,807,136,True,False,18,73,True,True,True
98155,2026,MA50,2,757520,306985,306985,829,Round 2,2026-04-19,Mark Comeau,846,Willow Park,Blue Tees Rd2,57,18,2,11:10:00,69,12,845,137,True,False,18,69,True,True,True
98155,2026,MA50,2,757520,84213,84213,877,Round 2,2026-04-19,Daniel Arellano,807,Willow Park,Blue Tees Rd2,57,18,3,11:10:00,75,18,788,144,True,False,18,75,True,True,True
98155,2026,MA50,2,757520,177045,177045,877,Round 2,2026-04-19,Shane Kelley,878,Willow Park,Blue Tees Rd2,57,18,1,11:10:00,32,942,,,True,False,8,32,False,True,False
98155,2026,MA50,2,757520,130549,130549,901,Round 2,2026-04-19,Earl Dakers,899,Willow Park,Blue Tees Rd2,57,18,4,11:20:00,,,,,True,True,0,,False,False,False
98155,2026,MA60,1,750438,85615,85615,881,Round 1,2026-04-19,Louis Davis,871,Willow Park,Blue Tees,57,18,2,11:00:00,60,3,913,126,True,False,18,60,True,True,True
98155,2026,MA60,1,750438,130713,130713,899,Round 1,2026-04-19,Ian Martin,902,Willow Park,Blue Tees,57,18,2,10:50:00,60,3,913,120,True,False,18,60,True,True,True
98155,2026,MA60,1,750438,180673,180673,912,Round 1,2026-04-19,Stephen Malin Jr,915,Willow Park,Blue Tees,57,18,2,10:40:00,60,3,913,126,True,False,18,60,True,True,True
98155,2026,MA60,1,750438,4687,4687,902,Round 1,2026-04-19,Tim Herbert,917,Willow Park,Blue Tees,57,18,1,11:00:00,61,4,903,124,True,False,18,61,True,True,True
98155,2026,MA60,1,750438,16914,16914,804,Round 1,2026-04-19,Paul Berlind,,Willow Park,Blue Tees,57,18,1,10:40:00,68,11,834,155,True,False,18,68,True,True,True
98155,2026,MA60,1,750438,125535,125535,852,Round 1,2026-04-19,Joe Tota,846,Willow Park,Blue Tees,57,18,3,11:00:00,69,12,824,138,True,False,18,69,True,True,True
98155,2026,MA60,1,750438,129441,129441,840,Round 1,2026-04-19,Jim Robertson,825,Willow Park,Blue Tees,57,18,4,11:00:00,72,15,795,143,True,False,18,72,True,True,True
98155,2026,MA60,1,750438,325313,325313,,Round 1,2026-04-19,Wayne Bush,768,Willow Park,Blue Tees,57,18,3,10:40:00,72,15,795,152,True,False,18,72,True,True,True
98155,2026,MA60,1,750438,129767,129767,742,Round 1,2026-04-19,Will Graustein,730,Willow Park,Blue Tees,57,18,1,10:50:00,78,21,736,152,True,False,18,78,True,True,True
98155,2026,MA60,1,750438,name:fritz eckhardt,,,Round 1,2026-04-19,Fritz Eckhardt,,Willow Park,Blue Tees,57,18,3,10:50:00,84,27,677,170,True,False,18,84,True,True,True
98155,2026,MA60,2,757520,130713,130713,899,Round 2,2026-04-19,Ian Martin,902,Willow Park,Blue Tees Rd2,57,18,2,11:00:00,60,3,930,120,True,False,18,60,True,True,True
98155,2026,MA60,2,757520,4687,4687,902,Round 2,2026-04-19,Tim Herbert,917,Willow Park,Blue Tees Rd2,57,18,4,11:00:00,63,6,902,124,True,False,18,63,True,True,True
98155,2026,MA60,2,757520,85615,85615,881,Round 2,2026-04-19,Louis Davis,871,Willow Park,Blue Tees Rd2,57,18,1,11:00:00,66,9,873,126,True,False,18,66,True,True,True
98155,2026,MA60,2,757520,180673,180673,912,Round 2,2026-04-19,Stephen Malin Jr,915,Willow Park,Blue Tees Rd2,57,18,3,11:00:00,66,9,873,126,True,False,18,66,True,True,True
98155,2026,MA60,2,757520,125535,125535,852,Round 2,2026-04-19,Joe Tota,846,Willow Park,Blue Tees Rd2,57,18,2,10:50:00,69,12,845,138,True,False,18,69,True,True,True
98155,2026,MA60,2,757520,129441,129441,840,Round 2,2026-04-19,Jim Robertson,825,Willow Park,Blue Tees Rd2,57,18,3,10:50:00,71,14,826,143,True,False,18,71,True,True,True
98155,2026,MA60,2,757520,129767,129767,742,Round 2,2026-04-19,Will Graustein,730,Willow Park,Blue Tees Rd2,57,18,2,10:40:00,74,17,797,152,True,False,18,74,True,True,True
98155,2026,MA60,2,757520,325313,325313,,Round 2,2026-04-19,Wayne Bush,768,Willow Park,Blue Tees Rd2,57,18,1,10:40:00,80,23,740,152,True,False,18,80,True,True,True
98155,2026,MA60,2,757520,16914,16914,804,Round 2,2026-04-19,Paul Berlind,,Willow Park,Blue Tees Rd2,57,18,1,10:50:00,87,30,674,155,True,False,18,87,True,True,True
98155,2026,MA60,2,757520,name:fritz eckhardt,,,Round 2,2026-04-19,Fritz Eckhardt,,Willow Park,Blue Tees Rd2,57,18,3,10:40:00,86,29,684,170,True,False,18,86,True,True,True
98155,2026,MA70,1,750439,248502,248502,818,Round 1,2026-04-19,Christian Andresen,846,Willow Park,Red Tees,57,18,1,08:30:00,59,2,865,120,True,False,18,59,True,True,True
98155,2026,MA70,2,757519,248502,248502,818,Round 2,2026-04-19,Christian Andresen,846,Willow Park,Red Tees Rd2,57,18,1,08:20:00,61,4,853,120,True,False,18,61,True,True,True
98155,2026,MP40,1,750438,22318,22318,949,Round 1,2026-04-19,Aaron Smartt,965,Willow Park,Blue Tees,57,18,1,13:50:00,57,0,942,117,True,False,18,57,True,True,True
98155,2026,MP40,1,750438,83955,83955,924,Round 1,2026-04-19,Bret Sorter,922,Willow Park,Blue Tees,57,18,2,13:50:00,57,0,942,121,True,False,18,57,True,True,True
98155,2026,MP40,1,750438,93414,93414,967,Round 1,2026-04-19,Joshua Lemieux,961,Willow Park,Blue Tees,57,18,4,13:50:00,59,2,923,114,True,False,18,59,True,True,True
98155,2026,MP40,1,750438,193211,193211,917,Round 1,2026-04-19,Greg Babbin,933,Willow Park,Blue Tees,57,18,4,13:40:00,59,2,923,115,True,False,18,59,True,True,True
98155,2026,MP40,1,750438,89829,89829,921,Round 1,2026-04-19,Garrett Washburn,923,Willow Park,Blue Tees,57,18,3,13:50:00,62,5,893,121,True,False,18,62,True,True,True
98155,2026,MP40,2,757520,93414,93414,967,Round 2,2026-04-19,Joshua Lemieux,961,Willow Park,Blue Tees Rd2,57,18,3,13:50:00,55,-2,978,114,True,False,18,55,True,True,True
98155,2026,MP40,2,757520,193211,193211,917,Round 2,2026-04-19,Greg Babbin,933,Willow Park,Blue Tees Rd2,57,18,4,13:50:00,56,-1,968,115,True,False,18,56,True,True,True
98155,2026,MP40,2,757520,22318,22318,949,Round 2,2026-04-19,Aaron Smartt,965,Willow Park,Blue Tees Rd2,57,18,1,13:50:00,60,3,930,117,True,False,18,60,True,True,True
98155,2026,MP40,2,757520,89829,89829,921,Round 2,2026-04-19,Garrett Washburn,923,Willow Park,Blue Tees Rd2,57,18,3,13:20:00,59,2,940,121,True,False,18,59,True,True,True
98155,2026,MP40,2,757520,83955,83955,924,Round 2,2026-04-19,Bret Sorter,922,Willow Park,Blue Tees Rd2,57,18,2,13:50:00,64,7,892,121,True,False,18,64,True,True,True
98155,2026,MP50,1,750438,132038,132038,961,Round 1,2026-04-19,Daniel Jenkins,965,Willow Park,Blue Tees,57,18,1,13:30:00,53,-4,981,110,True,False,18,53,True,True,True
98155,2026,MP50,1,750438,154887,154887,934,Round 1,2026-04-19,Brian Hunter,941,Willow Park,Blue Tees,57,18,3,13:40:00,54,-3,972,113,True,False,18,54,True,True,True
98155,2026,MP50,1,750438,189489,189489,952,Round 1,2026-04-19,Joshua Niss,937,Willow Park,Blue Tees,57,18,2,13:40:00,56,-1,952,113,True,False,18,56,True,True,True
98155,2026,MP50,1,750438,166239,166239,950,Round 1,2026-04-19,Tom Raub,958,Willow Park,Blue Tees,57,18,3,13:30:00,57,0,942,114,True,False,18,57,True,True,True
98155,2026,MP50,1,750438,171544,171544,926,Round 1,2026-04-19,Dave Irving,935,Willow Park,Blue Tees,57,18,3,13:20:00,57,0,942,114,True,False,18,57,True,True,True
98155,2026,MP50,1,750438,12667,12667,914,Round 1,2026-04-19,Scott Shepardson,906,Willow Park,Blue Tees,57,18,1,13:20:00,59,2,923,125,True,False,18,59,True,True,True
98155,2026,MP50,1,750438,24381,24381,941,Round 1,2026-04-19,Chris Young,937,Willow Park,Blue Tees,57,18,1,13:40:00,59,2,923,128,True,False,18,59,True,True,True
98155,2026,MP50,1,750438,25395,25395,942,Round 1,2026-04-19,Peter Belizi,944,Willow Park,Blue Tees,57,18,4,13:20:00,59,2,923,113,True,False,18,59,True,True,True
98155,2026,MP50,1,750438,148818,148818,897,Round 1,2026-04-19,Jim Olson,900,Willow Park,Blue Tees,57,18,2,13:20:00,59,2,923,116,True,False,18,59,True,True,True
98155,2026,MP50,1,750438,125921,125921,913,Round 1,2026-04-19,Christopher Conk,905,Willow Park,Blue Tees,57,18,2,13:30:00,61,4,903,123,True,False,18,61,True,True,True
98155,2026,MP50,1,750438,223480,223480,883,Round 1,2026-04-19,Marc Kirkpatrick,879,Willow Park,Blue Tees,57,18,4,13:30:00,64,7,873,127,True,False,18,64,True,True,True
98155,2026,MP50,2,757520,132038,132038,961,Round 2,2026-04-19,Daniel Jenkins,965,Willow Park,Blue Tees Rd2,57,18,1,13:40:00,57,0,959,110,True,False,18,57,True,True,True
98155,2026,MP50,2,757520,25395,25395,942,Round 2,2026-04-19,Peter Belizi,944,Willow Park,Blue Tees Rd2,57,18,4,13:30:00,54,-3,987,113,True,False,18,54,True,True,True
98155,2026,MP50,2,757520,189489,189489,952,Round 2,2026-04-19,Joshua Niss,937,Willow Park,Blue Tees Rd2,57,18,3,13:40:00,57,0,959,113,True,False,18,57,True,True,True
98155,2026,MP50,2,757520,154887,154887,934,Round 2,2026-04-19,Brian Hunter,941,Willow Park,Blue Tees Rd2,57,18,2,13:40:00,59,2,940,113,True,False,18,59,True,True,True
98155,2026,MP50,2,757520,166239,166239,950,Round 2,2026-04-19,Tom Raub,958,Willow Park,Blue Tees Rd2,57,18,4,13:40:00,57,0,959,114,True,False,18,57,True,True,True
98155,2026,MP50,2,757520,171544,171544,926,Round 2,2026-04-19,Dave Irving,935,Willow Park,Blue Tees Rd2,57,18,1,13:30:00,57,0,959,114,True,False,18,57,True,True,True
98155,2026,MP50,2,757520,148818,148818,897,Round 2,2026-04-19,Jim Olson,900,Willow Park,Blue Tees Rd2,57,18,1,13:20:00,57,0,959,116,True,False,18,57,True,True,True
98155,2026,MP50,2,757520,125921,125921,913,Round 2,2026-04-19,Christopher Conk,905,Willow Park,Blue Tees Rd2,57,18,2,13:20:00,62,5,911,123,True,False,18,62,True,True,True
98155,2026,MP50,2,757520,12667,12667,914,Round 2,2026-04-19,Scott Shepardson,906,Willow Park,Blue Tees Rd2,57,18,2,13:30:00,66,9,873,125,True,False,18,66,True,True,True
98155,2026,MP50,2,757520,223480,223480,883,Round 2,2026-04-19,Marc Kirkpatrick,879,Willow Park,Blue Tees Rd2,57,18,4,13:20:00,63,6,902,127,True,False,18,63,True,True,True
98155,2026,MP50,2,757520,24381,24381,941,Round 2,2026-04-19,Chris Young,937,Willow Park,Blue Tees Rd2,57,18,3,13:30:00,69,12,845,128,True,False,18,69,True,True,True
98155,2026,MPO,1,750438,131201,131201,957,Round 1,2026-04-19,Tyler LaPerle,973,Willow Park,Blue Tees,57,18,3,14:20:00,50,-7,1011,107,True,False,18,50,True,True,True
98155,2026,MPO,1,750438,110200,110200,946,Round 1,2026-04-19,Zack Williams,990,Willow Park,Blue Tees,57,18,3,14:00:00,52,-5,991,106,True,False,18,52,True,True,True
98155,2026,MPO,1,750438,124203,124203,941,Round 1,2026-04-19,Ezra Koch,954,Willow Park,Blue Tees,57,18,2,14:30:00,52,-5,991,112,True,False,18,52,True,True,True
98155,2026,MPO,1,750438,181649,181649,999,Round 1,2026-04-19,Hubert Vachon,996,Willow Park,Blue Tees,57,18,1,14:40:00,52,-5,991,106,True,False,18,52,True,True,True
98155,2026,MPO,1,750438,187845,187845,944,Round 1,2026-04-19,Shane Seals,962,Willow Park,Blue Tees,57,18,4,14:10:00,52,-5,991,117,True,False,18,52,True,True,True
98155,2026,MPO,1,750438,167479,167479,955,Round 1,2026-04-19,Joshua Bilodeau,966,Willow Park,Blue Tees,57,18,2,14:00:00,53,-4,981,108,True,False,18,53,True,True,True
98155,2026,MPO,1,750438,204892,204892,969,Round 1,2026-04-19,Tiernan Roland,973,Willow Park,Blue Tees,57,18,4,14:40:00,54,-3,972,108,True,False,18,54,True,True,True
98155,2026,MPO,1,750438,81283,81283,983,Round 1,2026-04-19,Ronnie Bennett,968,Willow Park,Blue Tees,57,18,2,14:50:00,55,-2,962,109,True,False,18,55,True,True,True
98155,2026,MPO,1,750438,83649,83649,932,Round 1,2026-04-19,Casey Besaw,947,Willow Park,Blue Tees,57,18,1,14:30:00,55,-2,962,114,True,False,18,55,True,True,True
98155,2026,MPO,1,750438,140098,140098,968,Round 1,2026-04-19,Angus Barstow,980,Willow Park,Blue Tees,57,18,2,14:40:00,55,-2,962,111,True,False,18,55,True,True,True
98155,2026,MPO,1,750438,76314,76314,930,Round 1,2026-04-19,Andrew Trayer,938,Willow Park,Blue Tees,57,18,1,14:50:00,56,-1,952,113,True,False,18,56,True,True,True
98155,2026,MPO,1,750438,118928,118928,929,Round 1,2026-04-19,Tyler Pomichter,926,Willow Park,Blue Tees,57,18,2,14:10:00,56,-1,952,114,True,False,18,56,True,True,True
98155,2026,MPO,1,750438,269263,269263,945,Round 1,2026-04-19,Nick Baccari,948,Willow Park,Blue Tees,57,18,3,14:50:00,56,-1,952,116,True,False,18,56,True,True,True
98155,2026,MPO,1,750438,169393,169393,987,Round 1,2026-04-19,Aidan Trombley,977,Willow Park,Blue Tees,57,18,4,14:20:00,57,0,942,111,True,False,18,57,True,True,True
98155,2026,MPO,1,750438,228825,228825,962,Round 1,2026-04-19,Carter Thorne-Kaunelis,964,Willow Park,Blue Tees,57,18,4,14:50:00,57,0,942,,True,False,18,57,True,True,True
98155,2026,MPO,1,750438,82340,82340,912,Round 1,2026-04-19,Justin Leonard,912,Willow Park,Blue Tees,57,18,1,14:10:00,58,1,932,115,True,False,18,58,True,True,True
98155,2026,MPO,1,750438,100885,100885,944,Round 1,2026-04-19,Jacob Moore,945,Willow Park,Blue Tees,57,18,4,14:30:00,58,1,932,119,True,False,18,58,True,True,True
98155,2026,MPO,1,750438,106751,106751,944,Round 1,2026-04-19,Jeffrey Abbott,952,Willow Park,Blue Tees,57,18,1,14:20:00,58,1,932,112,True,False,18,58,True,True,True
98155,2026,MPO,1,750438,109086,109086,951,Round 1,2026-04-19,Aaron Schlossberg,947,Willow Park,Blue Tees,57,18,2,14:20:00,58,1,932,110,True,False,18,58,True,True,True
98155,2026,MPO,1,750438,164377,164377,921,Round 1,2026-04-19,Robert Wix,927,Willow Park,Blue Tees,57,18,1,14:00:00,58,1,932,120,True,False,18,58,True,True,True
98155,2026,MPO,1,750438,166444,166444,988,Round 1,2026-04-19,Ethan Hadders,1002,Willow Park,Blue Tees,57,18,3,14:40:00,58,1,932,115,True,False,18,58,True,True,True
98155,2026,MPO,1,750438,235658,235658,938,Round 1,2026-04-19,Brandon Westburg,963,Willow Park,Blue Tees,57,18,3,14:30:00,59,2,923,112,True,False,18,59,True,True,True
98155,2026,MPO,1,750438,106970,106970,843,Round 1,2026-04-19,Stefan Farrell,852,Willow Park,Blue Tees,57,18,3,14:10:00,66,9,854,135,True,False,18,66,True,True,True
98155,2026,MPO,1,750438,109051,109051,884,Round 1,2026-04-19,Taylor Jones,866,Willow Park,Blue Tees,57,18,4,14:00:00,78,21,736,146,True,False,18,78,True,True,True
98155,2026,MPO,2,757520,110200,110200,946,Round 2,2026-04-19,Zack Williams,990,Willow Park,Blue Tees Rd2,57,18,2,14:50:00,54,-3,987,106,True,False,18,54,True,True,True
98155,2026,MPO,2,757520,181649,181649,999,Round 2,2026-04-19,Hubert Vachon,996,Willow Park,Blue Tees Rd2,57,18,4,14:50:00,54,-3,987,106,True,False,18,54,True,True,True
98155,2026,MPO,2,757520,131201,131201,957,Round 2,2026-04-19,Tyler LaPerle,973,Willow Park,Blue Tees Rd2,57,18,1,14:50:00,57,0,959,107,True,False,18,57,True,True,True
98155,2026,MPO,2,757520,204892,204892,969,Round 2,2026-04-19,Tiernan Roland,973,Willow Park,Blue Tees Rd2,57,18,3,14:40:00,54,-3,987,108,True,False,18,54,True,True,True
98155,2026,MPO,2,757520,167479,167479,955,Round 2,2026-04-19,Joshua Bilodeau,966,Willow Park,Blue Tees Rd2,57,18,2,14:40:00,55,-2,978,108,True,False,18,55,True,True,True
98155,2026,MPO,2,757520,81283,81283,983,Round 2,2026-04-19,Ronnie Bennett,968,Willow Park,Blue Tees Rd2,57,18,4,14:40:00,54,-3,987,109,True,False,18,54,True,True,True
98155,2026,MPO,2,757520,109086,109086,951,Round 2,2026-04-19,Aaron Schlossberg,947,Willow Park,Blue Tees Rd2,57,18,3,14:10:00,52,-5,1006,110,True,False,18,52,True,True,True
98155,2026,MPO,2,757520,169393,169393,987,Round 2,2026-04-19,Aidan Trombley,977,Willow Park,Blue Tees Rd2,57,18,2,14:20:00,54,-3,987,111,True,False,18,54,True,True,True
98155,2026,MPO,2,757520,140098,140098,968,Round 2,2026-04-19,Angus Barstow,980,Willow Park,Blue Tees Rd2,57,18,2,14:30:00,56,-1,968,111,True,False,18,56,True,True,True
98155,2026,MPO,2,757520,235658,235658,938,Round 2,2026-04-19,Brandon Westburg,963,Willow Park,Blue Tees Rd2,57,18,2,14:00:00,53,-4,997,112,True,False,18,53,True,True,True
98155,2026,MPO,2,757520,106751,106751,944,Round 2,2026-04-19,Jeffrey Abbott,952,Willow Park,Blue Tees Rd2,57,18,2,14:10:00,54,-3,987,112,True,False,18,54,True,True,True
98155,2026,MPO,2,757520,124203,124203,941,Round 2,2026-04-19,Ezra Koch,954,Willow Park,Blue Tees Rd2,57,18,3,14:50:00,60,3,930,112,True,False,18,60,True,True,True
98155,2026,MPO,2,757520,76314,76314,930,Round 2,2026-04-19,Andrew Trayer,938,Willow Park,Blue Tees Rd2,57,18,3,14:30:00,57,0,959,113,True,False,18,57,True,True,True
98155,2026,MPO,2,757520,118928,118928,929,Round 2,2026-04-19,Tyler Pomichter,926,Willow Park,Blue Tees Rd2,57,18,4,14:30:00,58,1,949,114,True,False,18,58,True,True,True
98155,2026,MPO,2,757520,83649,83649,932,Round 2,2026-04-19,Casey Besaw,947,Willow Park,Blue Tees Rd2,57,18,1,14:30:00,59,2,940,114,True,False,18,59,True,True,True
98155,2026,MPO,2,757520,82340,82340,912,Round 2,2026-04-19,Justin Leonard,912,Willow Park,Blue Tees Rd2,57,18,3,14:20:00,57,0,959,115,True,False,18,57,True,True,True
98155,2026,MPO,2,757520,166444,166444,988,Round 2,2026-04-19,Ethan Hadders,1002,Willow Park,Blue Tees Rd2,57,18,1,14:00:00,57,0,959,115,True,False,18,57,True,True,True
98155,2026,MPO,2,757520,269263,269263,945,Round 2,2026-04-19,Nick Baccari,948,Willow Park,Blue Tees Rd2,57,18,1,14:20:00,60,3,930,116,True,False,18,60,True,True,True
98155,2026,MPO,2,757520,187845,187845,944,Round 2,2026-04-19,Shane Seals,962,Willow Park,Blue Tees Rd2,57,18,1,14:40:00,65,8,883,117,True,False,18,65,True,True,True
98155,2026,MPO,2,757520,100885,100885,944,Round 2,2026-04-19,Jacob Moore,945,Willow Park,Blue Tees Rd2,57,18,1,14:10:00,61,4,921,119,True,False,18,61,True,True,True
98155,2026,MPO,2,757520,164377,164377,921,Round 2,2026-04-19,Robert Wix,927,Willow Park,Blue Tees Rd2,57,18,4,14:10:00,62,5,911,120,True,False,18,62,True,True,True
98155,2026,MPO,2,757520,106970,106970,843,Round 2,2026-04-19,Stefan Farrell,852,Willow Park,Blue Tees Rd2,57,18,3,14:00:00,69,12,845,135,True,False,18,69,True,True,True
98155,2026,MPO,2,757520,109051,109051,884,Round 2,2026-04-19,Taylor Jones,866,Willow Park,Blue Tees Rd2,57,18,4,14:00:00,68,11,854,146,True,False,18,68,True,True,True
98155,2026,MPO,2,757520,228825,228825,962,Round 2,2026-04-19,Carter Thorne-Kaunelis,964,Willow Park,Blue Tees Rd2,57,18,3,14:20:00,,,,,True,True,0,,False,False,False
98157,2026,FA1,1,754434,215341,215341,587,Round 1,2026-04-26,Teah Miller,591,Pittsford Disc Golf Course,White tees (long tees),60,18,2,,89,29,560,179,True,False,18,89,True,True,True
98157,2026,FA1,2,754434,215341,215341,587,Round 2,2026-04-26,Teah Miller,591,Pittsford Disc Golf Course,White tees (long tees),60,18,5,,90,30,549,179,True,False,18,90,True,True,True
98157,2026,FA3,1,754434,325054,325054,,Round 1,2026-04-26,Jaime Aliffi,712,Pittsford Disc Golf Course,White tees (long tees),60,18,1,,77,17,691,157,True,False,18,77,True,True,True
98157,2026,FA3,2,754434,325054,325054,,Round 2,2026-04-26,Jaime Aliffi,712,Pittsford Disc Golf Course,White tees (long tees),60,18,4,,80,20,658,157,True,False,18,80,True,True,True
98157,2026,FA40,1,754434,275115,275115,779,Round 1,2026-04-26,Mindy German,805,Pittsford Disc Golf Course,White tees (long tees),60,18,5,,67,7,800,134,True,False,18,67,True,True,True
98157,2026,FA40,1,754434,277475,277475,677,Round 1,2026-04-26,Erin Rice,727,Pittsford Disc Golf Course,White tees (long tees),60,18,1,,75,15,712,148,True,False,18,75,True,True,True
98157,2026,FA40,2,754434,275115,275115,779,Round 2,2026-04-26,Mindy German,805,Pittsford Disc Golf Course,White tees (long tees),60,18,3,,67,7,800,134,True,False,18,67,True,True,True
98157,2026,FA40,2,754434,277475,277475,677,Round 2,2026-04-26,Erin Rice,727,Pittsford Disc Golf Course,White tees (long tees),60,18,5,,73,13,734,148,True,False,18,73,True,True,True
98157,2026,FPO,1,754434,122613,122613,884,Round 1,2026-04-26,Kelly Heslin,889,Pittsford Disc Golf Course,White tees (long tees),60,18,4,,58,-2,898,121,True,False,18,58,True,True,True
98157,2026,FPO,2,754434,122613,122613,884,Round 2,2026-04-26,Kelly Heslin,889,Pittsford Disc Golf Course,White tees (long tees),60,18,3,,63,3,843,121,True,False,18,63,True,True,True
98157,2026,MA1,1,754434,223671,223671,935,Round 1,2026-04-26,Brendan Van Tuinen,942,Pittsford Disc Golf Course,White tees (long tees),60,18,2,,52,-8,963,107,True,False,18,52,True,True,True
98157,2026,MA1,1,754434,175140,175140,916,Round 1,2026-04-26,Christian Garey,890,Pittsford Disc Golf Course,White tees (long tees),60,18,4,,53,-7,952,114,True,False,18,53,True,True,True
98157,2026,MA1,1,754434,174031,174031,918,Round 1,2026-04-26,Ian MacDonald,909,Pittsford Disc Golf Course,White tees (long tees),60,18,1,,54,-6,941,111,True,False,18,54,True,True,True
98157,2026,MA1,1,754434,278286,278286,926,Round 1,2026-04-26,Trevor Hazelton,949,Pittsford Disc Golf Course,White tees (long tees),60,18,3,,54,-6,941,108,True,False,18,54,True,True,True
98157,2026,MA1,1,754434,221157,221157,922,Round 1,2026-04-26,Dylan Slick,915,Pittsford Disc Golf Course,White tees (long tees),60,18,5,,56,-4,919,111,True,False,18,56,True,True,True
98157,2026,MA1,1,754434,287102,287102,910,Round 1,2026-04-26,Ethan Robie,919,Pittsford Disc Golf Course,White tees (long tees),60,18,3,,56,-4,919,113,True,False,18,56,True,True,True
98157,2026,MA1,1,754434,110707,110707,935,Round 1,2026-04-26,Jason Wilson,927,Pittsford Disc Golf Course,White tees (long tees),60,18,1,,58,-2,898,112,True,False,18,58,True,True,True
98157,2026,MA1,1,754434,242103,242103,887,Round 1,2026-04-26,Nathan Oxenfeld,895,Pittsford Disc Golf Course,White tees (long tees),60,18,1,,59,-1,887,119,True,False,18,59,True,True,True
98157,2026,MA1,1,754434,261284,261284,895,Round 1,2026-04-26,Blake Martino,916,Pittsford Disc Golf Course,White tees (long tees),60,18,3,,59,-1,887,116,True,False,18,59,True,True,True
98157,2026,MA1,1,754434,158783,158783,900,Round 1,2026-04-26,Joseph Humes,906,Pittsford Disc Golf Course,White tees (long tees),60,18,5,,60,0,876,117,True,False,18,60,True,True,True
98157,2026,MA1,1,754434,275802,275802,893,Round 1,2026-04-26,Tyler Jarrett,907,Pittsford Disc Golf Course,White tees (long tees),60,18,4,,60,0,876,119,True,False,18,60,True,True,True
98157,2026,MA1,1,754434,96154,96154,865,Round 1,2026-04-26,Travis Jacques,871,Pittsford Disc Golf Course,White tees (long tees),60,18,4,,61,1,865,122,True,False,18,61,True,True,True
98157,2026,MA1,1,754434,285906,285906,802,Round 1,2026-04-26,Charles Whittemore,854,Pittsford Disc Golf Course,White tees (long tees),60,18,2,,63,3,843,127,True,False,18,63,True,True,True
98157,2026,MA1,2,754434,223671,223671,935,Round 2,2026-04-26,Brendan Van Tuinen,942,Pittsford Disc Golf Course,White tees (long tees),60,18,1,,55,-5,930,107,True,False,18,55,True,True,True
98157,2026,MA1,2,754434,278286,278286,926,Round 2,2026-04-26,Trevor Hazelton,949,Pittsford Disc Golf Course,White tees (long tees),60,18,4,,54,-6,941,108,True,False,18,54,True,True,True
98157,2026,MA1,2,754434,221157,221157,922,Round 2,2026-04-26,Dylan Slick,915,Pittsford Disc Golf Course,White tees (long tees),60,18,5,,55,-5,930,111,True,False,18,55,True,True,True
98157,2026,MA1,2,754434,174031,174031,918,Round 2,2026-04-26,Ian MacDonald,909,Pittsford Disc Golf Course,White tees (long tees),60,18,3,,57,-3,908,111,True,False,18,57,True,True,True
98157,2026,MA1,2,754434,110707,110707,935,Round 2,2026-04-26,Jason Wilson,927,Pittsford Disc Golf Course,White tees (long tees),60,18,2,,54,-6,941,112,True,False,18,54,True,True,True
98157,2026,MA1,2,754434,287102,287102,910,Round 2,2026-04-26,Ethan Robie,919,Pittsford Disc Golf Course,White tees (long tees),60,18,1,,57,-3,908,113,True,False,18,57,True,True,True
98157,2026,MA1,2,754434,175140,175140,916,Round 2,2026-04-26,Christian Garey,890,Pittsford Disc Golf Course,White tees (long tees),60,18,2,,61,1,865,114,True,False,18,61,True,True,True
98157,2026,MA1,2,754434,261284,261284,895,Round 2,2026-04-26,Blake Martino,916,Pittsford Disc Golf Course,White tees (long tees),60,18,4,,57,-3,908,116,True,False,18,57,True,True,True
98157,2026,MA1,2,754434,158783,158783,900,Round 2,2026-04-26,Joseph Humes,906,Pittsford Disc Golf Course,White tees (long tees),60,18,5,,57,-3,908,117,True,False,18,57,True,True,True
98157,2026,MA1,2,754434,275802,275802,893,Round 2,2026-04-26,Tyler Jarrett,907,Pittsford Disc Golf Course,White tees (long tees),60,18,1,,59,-1,887,119,True,False,18,59,True,True,True
98157,2026,MA1,2,754434,242103,242103,887,Round 2,2026-04-26,Nathan Oxenfeld,895,Pittsford Disc Golf Course,White tees (long tees),60,18,3,,60,0,876,119,True,False,18,60,True,True,True
98157,2026,MA1,2,754434,96154,96154,865,Round 2,2026-04-26,Travis Jacques,871,Pittsford Disc Golf Course,White tees (long tees),60,18,2,,61,1,865,122,True,False,18,61,True,True,True
98157,2026,MA1,2,754434,285906,285906,802,Round 2,2026-04-26,Charles Whittemore,854,Pittsford Disc Golf Course,White tees (long tees),60,18,3,,64,4,832,127,True,False,18,64,True,True,True
98157,2026,MA2,1,754434,166639,166639,880,Round 1,2026-04-26,Ryan Sweeney,883,Pittsford Disc Golf Course,White tees (long tees),60,18,2,,53,-7,952,113,True,False,18,53,True,True,True
98157,2026,MA2,1,754434,189203,189203,909,Round 1,2026-04-26,Bobby Martino,911,Pittsford Disc Golf Course,White tees (long tees),60,18,4,,55,-5,930,113,True,False,18,55,True,True,True
98157,2026,MA2,1,754434,289306,289306,920,Round 1,2026-04-26,Jonathan Smith,921,Pittsford Disc Golf Course,White tees (long tees),60,18,5,,56,-4,919,113,True,False,18,56,True,True,True
98157,2026,MA2,1,754434,311270,311270,886,Round 1,2026-04-26,Max Olmsted,917,Pittsford Disc Golf Course,White tees (long tees),60,18,5,,56,-4,919,113,True,False,18,56,True,True,True
98157,2026,MA2,1,754434,286623,286623,917,Round 1,2026-04-26,Ethan Santor,916,Pittsford Disc Golf Course,White tees (long tees),60,18,3,,57,-3,908,116,True,False,18,57,True,True,True
98157,2026,MA2,1,754434,239437,239437,834,Round 1,2026-04-26,Simon Bethune,830,Pittsford Disc Golf Course,White tees (long tees),60,18,4,,58,-2,898,119,True,False,18,58,True,True,True
98157,2026,MA2,1,754434,274902,274902,876,Round 1,2026-04-26,Nolan Smith,886,Pittsford Disc Golf Course,White tees (long tees),60,18,5,,58,-2,898,114,True,False,18,58,True,True,True
98157,2026,MA2,1,754434,279372,279372,894,Round 1,2026-04-26,Cale Bombardier,920,Pittsford Disc Golf Course,White tees (long tees),60,18,1,,58,-2,898,113,True,False,18,58,True,True,True
98157,2026,MA2,1,754434,305330,305330,893,Round 1,2026-04-26,Jesse Clearwater,913,Pittsford Disc Golf Course,White tees (long tees),60,18,1,,58,-2,898,112,True,False,18,58,True,True,True
98157,2026,MA2,1,754434,248718,248718,884,Round 1,2026-04-26,Keane Roland,916,Pittsford Disc Golf Course,White tees (long tees),60,18,2,,59,-1,887,119,True,False,18,59,True,True,True
98157,2026,MA2,1,754434,244952,244952,887,Round 1,2026-04-26,Joshua Dezotell,895,Pittsford Disc Golf Course,White tees (long tees),60,18,5,,61,1,865,121,True,False,18,61,True,True,True
98157,2026,MA2,1,754434,292031,292031,856,Round 1,2026-04-26,George Salmons,877,Pittsford Disc Golf Course,White tees (long tees),60,18,2,,62,2,854,118,True,False,18,62,True,True,True
98157,2026,MA2,1,754434,291088,291088,884,Round 1,2026-04-26,Joseph Maher,880,Pittsford Disc Golf Course,White tees (long tees),60,18,3,,63,3,843,119,True,False,18,63,True,True,True
98157,2026,MA2,1,754434,325169,325169,,Round 1,2026-04-26,andrew ford,811,Pittsford Disc Golf Course,White tees (long tees),60,18,3,,67,7,800,130,True,False,18,67,True,True,True
98157,2026,MA2,1,754434,256887,256887,807,Round 1,2026-04-26,Alex Gambero,812,Pittsford Disc Golf Course,White tees (long tees),60,18,1,,68,8,789,133,True,False,18,68,True,True,True
98157,2026,MA2,1,754434,304569,304569,829,Round 1,2026-04-26,Noah Fleury,824,Pittsford Disc Golf Course,White tees (long tees),60,18,4,,69,9,778,137,True,False,18,69,True,True,True
98157,2026,MA2,2,754434,305330,305330,893,Round 2,2026-04-26,Jesse Clearwater,913,Pittsford Disc Golf Course,White tees (long tees),60,18,4,,54,-6,941,112,True,False,18,54,True,True,True
98157,2026,MA2,2,754434,279372,279372,894,Round 2,2026-04-26,Cale Bombardier,920,Pittsford Disc Golf Course,White tees (long tees),60,18,3,,55,-5,930,113,True,False,18,55,True,True,True
98157,2026,MA2,2,754434,289306,289306,920,Round 2,2026-04-26,Jonathan Smith,921,Pittsford Disc Golf Course,White tees (long tees),60,18,3,,57,-3,908,113,True,False,18,57,True,True,True
98157,2026,MA2,2,754434,311270,311270,886,Round 2,2026-04-26,Max Olmsted,917,Pittsford Disc Golf Course,White tees (long tees),60,18,4,,57,-3,908,113,True,False,18,57,True,True,True
98157,2026,MA2,2,754434,189203,189203,909,Round 2,2026-04-26,Bobby Martino,911,Pittsford Disc Golf Course,White tees (long tees),60,18,2,,58,-2,898,113,True,False,18,58,True,True,True
98157,2026,MA2,2,754434,166639,166639,880,Round 2,2026-04-26,Ryan Sweeney,883,Pittsford Disc Golf Course,White tees (long tees),60,18,1,,60,0,876,113,True,False,18,60,True,True,True
98157,2026,MA2,2,754434,274902,274902,876,Round 2,2026-04-26,Nolan Smith,886,Pittsford Disc Golf Course,White tees (long tees),60,18,2,,56,-4,919,114,True,False,18,56,True,True,True
98157,2026,MA2,2,754434,286623,286623,917,Round 2,2026-04-26,Ethan Santor,916,Pittsford Disc Golf Course,White tees (long tees),60,18,5,,59,-1,887,116,True,False,18,59,True,True,True
98157,2026,MA2,2,754434,292031,292031,856,Round 2,2026-04-26,George Salmons,877,Pittsford Disc Golf Course,White tees (long tees),60,18,2,,56,-4,919,118,True,False,18,56,True,True,True
98157,2026,MA2,2,754434,291088,291088,884,Round 2,2026-04-26,Joseph Maher,880,Pittsford Disc Golf Course,White tees (long tees),60,18,3,,56,-4,919,119,True,False,18,56,True,True,True
98157,2026,MA2,2,754434,248718,248718,884,Round 2,2026-04-26,Keane Roland,916,Pittsford Disc Golf Course,White tees (long tees),60,18,5,,60,0,876,119,True,False,18,60,True,True,True
98157,2026,MA2,2,754434,239437,239437,834,Round 2,2026-04-26,Simon Bethune,830,Pittsford Disc Golf Course,White tees (long tees),60,18,1,,61,1,865,119,True,False,18,61,True,True,True
98157,2026,MA2,2,754434,244952,244952,887,Round 2,2026-04-26,Joshua Dezotell,895,Pittsford Disc Golf Course,White tees (long tees),60,18,1,,60,0,876,121,True,False,18,60,True,True,True
98157,2026,MA2,2,754434,325169,325169,,Round 2,2026-04-26,andrew ford,811,Pittsford Disc Golf Course,White tees (long tees),60,18,4,,63,3,843,130,True,False,18,63,True,True,True
98157,2026,MA2,2,754434,256887,256887,807,Round 2,2026-04-26,Alex Gambero,812,Pittsford Disc Golf Course,White tees (long tees),60,18,5,,65,5,821,133,True,False,18,65,True,True,True
98157,2026,MA2,2,754434,304569,304569,829,Round 2,2026-04-26,Noah Fleury,824,Pittsford Disc Golf Course,White tees (long tees),60,18,4,,68,8,789,137,True,False,18,68,True,True,True
98157,2026,MA3,1,754434,175839,175839,867,Round 1,2026-04-26,Wilder Irving,875,Pittsford Disc Golf Course,White tees (long tees),60,18,5,,59,-1,887,122,True,False,18,59,True,True,True
98157,2026,MA3,1,754434,314991,314991,838,Round 1,2026-04-26,Conner Spence,890,Pittsford Disc Golf Course,White tees (long tees),60,18,1,,59,-1,887,116,True,False,18,59,True,True,True
98157,2026,MA3,1,754434,258870,258870,853,Round 1,2026-04-26,Brad Vaughn,857,Pittsford Disc Golf Course,White tees (long tees),60,18,5,,61,1,865,129,True,False,18,61,True,True,True
98157,2026,MA3,1,754434,314105,314105,827,Round 1,2026-04-26,Dustin Smedy,835,Pittsford Disc Golf Course,White tees (long tees),60,18,4,,61,1,865,124,True,False,18,61,True,True,True
98157,2026,MA3,1,754434,289367,289367,819,Round 1,2026-04-26,Tyler Karnes,836,Pittsford Disc Golf Course,White tees (long tees),60,18,3,,62,2,854,122,True,False,18,62,True,True,True
98157,2026,MA3,1,754434,166637,166637,852,Round 1,2026-04-26,Ajay Shah,825,Pittsford Disc Golf Course,White tees (long tees),60,18,5,,64,4,832,131,True,False,18,64,True,True,True
98157,2026,MA3,1,754434,name:connor gross,,,Round 1,2026-04-26,Connor Gross,,Pittsford Disc Golf Course,White tees (long tees),60,18,2,,64,4,832,129,True,False,18,64,True,True,True
98157,2026,MA3,1,754434,312423,312423,782,Round 1,2026-04-26,Peter Cousino,819,Pittsford Disc Golf Course,White tees (long tees),60,18,3,,66,6,810,129,True,False,18,66,True,True,True
98157,2026,MA3,1,754434,name:kyle simard,,,Round 1,2026-04-26,Kyle Simard,,Pittsford Disc Golf Course,White tees (long tees),60,18,4,,71,11,756,153,True,False,18,71,True,True,True
98157,2026,MA3,1,754434,13399,13399,738,Round 1,2026-04-26,John Birkrem,743,Pittsford Disc Golf Course,White tees (long tees),60,18,5,,73,13,734,,True,False,18,73,True,True,True
98157,2026,MA3,2,754434,314991,314991,838,Round 2,2026-04-26,Conner Spence,890,Pittsford Disc Golf Course,White tees (long tees),60,18,2,,57,-3,908,116,True,False,18,57,True,True,True
98157,2026,MA3,2,754434,289367,289367,819,Round 2,2026-04-26,Tyler Karnes,836,Pittsford Disc Golf Course,White tees (long tees),60,18,5,,60,0,876,122,True,False,18,60,True,True,True
98157,2026,MA3,2,754434,175839,175839,867,Round 2,2026-04-26,Wilder Irving,875,Pittsford Disc Golf Course,White tees (long tees),60,18,1,,63,3,843,122,True,False,18,63,True,True,True
98157,2026,MA3,2,754434,314105,314105,827,Round 2,2026-04-26,Dustin Smedy,835,Pittsford Disc Golf Course,White tees (long tees),60,18,4,,63,3,843,124,True,False,18,63,True,True,True
98157,2026,MA3,2,754434,312423,312423,782,Round 2,2026-04-26,Peter Cousino,819,Pittsford Disc Golf Course,White tees (long tees),60,18,3,,63,3,843,129,True,False,18,63,True,True,True
98157,2026,MA3,2,754434,name:connor gross,,,Round 2,2026-04-26,Connor Gross,,Pittsford Disc Golf Course,White tees (long tees),60,18,2,,65,5,821,129,True,False,18,65,True,True,True
98157,2026,MA3,2,754434,258870,258870,853,Round 2,2026-04-26,Brad Vaughn,857,Pittsford Disc Golf Course,White tees (long tees),60,18,3,,68,8,789,129,True,False,18,68,True,True,True
98157,2026,MA3,2,754434,166637,166637,852,Round 2,2026-04-26,Ajay Shah,825,Pittsford Disc Golf Course,White tees (long tees),60,18,1,,67,7,800,131,True,False,18,67,True,True,True
98157,2026,MA3,2,754434,name:kyle simard,,,Round 2,2026-04-26,Kyle Simard,,Pittsford Disc Golf Course,White tees (long tees),60,18,4,,82,22,636,153,True,False,18,82,True,True,True
98157,2026,MA3,2,754434,13399,13399,738,Round 2,2026-04-26,John Birkrem,743,Pittsford Disc Golf Course,White tees (long tees),60,18,5,,,,,,True,True,0,,False,False,False
98157,2026,MA40,1,754434,162090,162090,857,Round 1,2026-04-26,Grant Fortier,885,Pittsford Disc Golf Course,White tees (long tees),60,18,2,,57,-3,908,116,True,False,18,57,True,True,True
98157,2026,MA40,1,754434,94273,94273,865,Round 1,2026-04-26,Marques Pozzani,863,Pittsford Disc Golf Course,White tees (long tees),60,18,3,,59,-1,887,121,True,False,18,59,True,True,True
98157,2026,MA40,1,754434,137408,137408,816,Round 1,2026-04-26,Aaron Gingras,,Pittsford Disc Golf Course,White tees (long tees),60,18,2,,59,-1,887,122,True,False,18,59,True,True,True
98157,2026,MA40,1,754434,224036,224036,849,Round 1,2026-04-26,Michael Ryan,871,Pittsford Disc Golf Course,White tees (long tees),60,18,4,,59,-1,887,110,True,False,18,59,True,True,True
98157,2026,MA40,1,754434,166633,166633,890,Round 1,2026-04-26,Joshua Martin,,Pittsford Disc Golf Course,White tees (long tees),60,18,3,,60,0,876,119,True,False,18,60,True,True,True
98157,2026,MA40,1,754434,36062,36062,843,Round 1,2026-04-26,Andrew Powell,852,Pittsford Disc Golf Course,White tees (long tees),60,18,4,,61,1,865,123,True,False,18,61,True,True,True
98157,2026,MA40,1,754434,221629,221629,864,Round 1,2026-04-26,Justin Morgan,858,Pittsford Disc Golf Course,White tees (long tees),60,18,1,,62,2,854,115,True,False,18,62,True,True,True
98157,2026,MA40,2,754434,224036,224036,849,Round 2,2026-04-26,Michael Ryan,871,Pittsford Disc Golf Course,White tees (long tees),60,18,4,,51,-9,974,110,True,False,18,51,True,True,True
98157,2026,MA40,2,754434,221629,221629,864,Round 2,2026-04-26,Justin Morgan,858,Pittsford Disc Golf Course,White tees (long tees),60,18,2,,53,-7,952,115,True,False,18,53,True,True,True
98157,2026,MA40,2,754434,162090,162090,857,Round 2,2026-04-26,Grant Fortier,885,Pittsford Disc Golf Course,White tees (long tees),60,18,1,,59,-1,887,116,True,False,18,59,True,True,True
98157,2026,MA40,2,754434,166633,166633,890,Round 2,2026-04-26,Joshua Martin,,Pittsford Disc Golf Course,White tees (long tees),60,18,5,,59,-1,887,119,True,False,18,59,True,True,True
98157,2026,MA40,2,754434,94273,94273,865,Round 2,2026-04-26,Marques Pozzani,863,Pittsford Disc Golf Course,White tees (long tees),60,18,2,,62,2,854,121,True,False,18,62,True,True,True
98157,2026,MA40,2,754434,137408,137408,816,Round 2,2026-04-26,Aaron Gingras,,Pittsford Disc Golf Course,White tees (long tees),60,18,3,,63,3,843,122,True,False,18,63,True,True,True
98157,2026,MA40,2,754434,36062,36062,843,Round 2,2026-04-26,Andrew Powell,852,Pittsford Disc Golf Course,White tees (long tees),60,18,1,,62,2,854,123,True,False,18,62,True,True,True
98157,2026,MA50,1,754434,235035,235035,902,Round 1,2026-04-26,Paul Seyler,908,Pittsford Disc Golf Course,White tees (long tees),60,18,1,,57,-3,908,114,True,False,18,57,True,True,True
98157,2026,MA50,1,754434,275118,275118,891,Round 1,2026-04-26,Matthew German,905,Pittsford Disc Golf Course,White tees (long tees),60,18,4,,61,1,865,120,True,False,18,61,True,True,True
98157,2026,MA50,1,754434,268914,268914,901,Round 1,2026-04-26,James Sestokas,891,Pittsford Disc Golf Course,White tees (long tees),60,18,3,,63,3,843,132,True,False,18,63,True,True,True
98157,2026,MA50,1,754434,215620,215620,819,Round 1,2026-04-26,Ty Paulding,806,Pittsford Disc Golf Course,White tees (long tees),60,18,2,,71,11,756,139,True,False,18,71,True,True,True
98157,2026,MA50,2,754434,235035,235035,902,Round 2,2026-04-26,Paul Seyler,908,Pittsford Disc Golf Course,White tees (long tees),60,18,1,,57,-3,908,114,True,False,18,57,True,True,True
98157,2026,MA50,2,754434,275118,275118,891,Round 2,2026-04-26,Matthew German,905,Pittsford Disc Golf Course,White tees (long tees),60,18,2,,59,-1,887,120,True,False,18,59,True,True,True
98157,2026,MA50,2,754434,268914,268914,901,Round 2,2026-04-26,James Sestokas,891,Pittsford Disc Golf Course,White tees (long tees),60,18,3,,69,9,778,132,True,False,18,69,True,True,True
98157,2026,MA50,2,754434,215620,215620,819,Round 2,2026-04-26,Ty Paulding,806,Pittsford Disc Golf Course,White tees (long tees),60,18,5,,68,8,789,139,True,False,18,68,True,True,True
98157,2026,MA60,1,754434,4687,4687,902,Round 1,2026-04-26,Tim Herbert,917,Pittsford Disc Golf Course,White tees (long tees),60,18,4,,55,-5,930,109,True,False,18,55,True,True,True
98157,2026,MA60,1,754434,91301,91301,906,Round 1,2026-04-26,Michael A. Stridsberg,898,Pittsford Disc Golf Course,White tees (long tees),60,18,1,,56,-4,919,117,True,False,18,56,True,True,True
98157,2026,MA60,1,754434,130713,130713,899,Round 1,2026-04-26,Ian Martin,902,Pittsford Disc Golf Course,White tees (long tees),60,18,2,,61,1,865,115,True,False,18,61,True,True,True
98157,2026,MA60,1,754434,202875,202875,909,Round 1,2026-04-26,Thomas Limanek,911,Pittsford Disc Golf Course,White tees (long tees),60,18,3,,61,1,865,118,True,False,18,61,True,True,True
98157,2026,MA60,2,754434,4687,4687,902,Round 2,2026-04-26,Tim Herbert,917,Pittsford Disc Golf Course,White tees (long tees),60,18,1,,54,-6,941,109,True,False,18,54,True,True,True
98157,2026,MA60,2,754434,130713,130713,899,Round 2,2026-04-26,Ian Martin,902,Pittsford Disc Golf Course,White tees (long tees),60,18,4,,54,-6,941,115,True,False,18,54,True,True,True
98157,2026,MA60,2,754434,91301,91301,906,Round 2,2026-04-26,Michael A. Stridsberg,898,Pittsford Disc Golf Course,White tees (long tees),60,18,2,,61,1,865,117,True,False,18,61,True,True,True
98157,2026,MA60,2,754434,202875,202875,909,Round 2,2026-04-26,Thomas Limanek,911,Pittsford Disc Golf Course,White tees (long tees),60,18,5,,57,-3,908,118,True,False,18,57,True,True,True
98157,2026,MA70,1,754434,295403,295403,784,Round 1,2026-04-26,William Potter,793,Pittsford Disc Golf Course,White tees (long tees),60,18,5,,67,7,800,135,True,False,18,67,True,True,True
98157,2026,MA70,2,754434,295403,295403,784,Round 2,2026-04-26,William Potter,793,Pittsford Disc Golf Course,White tees (long tees),60,18,4,,68,8,789,135,True,False,18,68,True,True,True
98157,2026,MP40,1,754434,290531,290531,927,Round 1,2026-04-26,Scott Ellis,922,Pittsford Disc Golf Course,White tees (long tees),60,18,2,,57,-3,908,113,True,False,18,57,True,True,True
98157,2026,MP40,2,754434,290531,290531,927,Round 2,2026-04-26,Scott Ellis,922,Pittsford Disc Golf Course,White tees (long tees),60,18,3,,56,-4,919,113,True,False,18,56,True,True,True
98157,2026,MP50,1,754434,166239,166239,950,Round 1,2026-04-26,Tom Raub,958,Pittsford Disc Golf Course,White tees (long tees),60,18,1,,51,-9,974,103,True,False,18,51,True,True,True
98157,2026,MP50,1,754434,24381,24381,941,Round 1,2026-04-26,Chris Young,937,Pittsford Disc Golf Course,White tees (long tees),60,18,4,,52,-8,963,108,True,False,18,52,True,True,True
98157,2026,MP50,1,754434,120378,120378,941,Round 1,2026-04-26,Drew McDowell,952,Pittsford Disc Golf Course,White tees (long tees),60,18,5,,53,-7,952,107,True,False,18,53,True,True,True
98157,2026,MP50,1,754434,154887,154887,934,Round 1,2026-04-26,Brian Hunter,941,Pittsford Disc Golf Course,White tees (long tees),60,18,3,,54,-6,941,115,True,False,18,54,True,True,True
98157,2026,MP50,1,754434,171544,171544,926,Round 1,2026-04-26,Dave Irving,935,Pittsford Disc Golf Course,White tees (long tees),60,18,2,,54,-6,941,110,True,False,18,54,True,True,True
98157,2026,MP50,1,754434,12667,12667,914,Round 1,2026-04-26,Scott Shepardson,906,Pittsford Disc Golf Course,White tees (long tees),60,18,2,,55,-5,930,115,True,False,18,55,True,True,True
98157,2026,MP50,1,754434,25395,25395,942,Round 1,2026-04-26,Peter Belizi,944,Pittsford Disc Golf Course,White tees (long tees),60,18,1,,55,-5,930,105,True,False,18,55,True,True,True
98157,2026,MP50,1,754434,223480,223480,883,Round 1,2026-04-26,Marc Kirkpatrick,879,Pittsford Disc Golf Course,White tees (long tees),60,18,3,,58,-2,898,121,True,False,18,58,True,True,True
98157,2026,MP50,2,754434,166239,166239,950,Round 2,2026-04-26,Tom Raub,958,Pittsford Disc Golf Course,White tees (long tees),60,18,1,,52,-8,963,103,True,False,18,52,True,True,True
98157,2026,MP50,2,754434,25395,25395,942,Round 2,2026-04-26,Peter Belizi,944,Pittsford Disc Golf Course,White tees (long tees),60,18,2,,50,-10,985,105,True,False,18,50,True,True,True
98157,2026,MP50,2,754434,120378,120378,941,Round 2,2026-04-26,Drew McDowell,952,Pittsford Disc Golf Course,White tees (long tees),60,18,3,,54,-6,941,107,True,False,18,54,True,True,True
98157,2026,MP50,2,754434,24381,24381,941,Round 2,2026-04-26,Chris Young,937,Pittsford Disc Golf Course,White tees (long tees),60,18,2,,56,-4,919,108,True,False,18,56,True,True,True
98157,2026,MP50,2,754434,171544,171544,926,Round 2,2026-04-26,Dave Irving,935,Pittsford Disc Golf Course,White tees (long tees),60,18,5,,56,-4,919,110,True,False,18,56,True,True,True
98157,2026,MP50,2,754434,12667,12667,914,Round 2,2026-04-26,Scott Shepardson,906,Pittsford Disc Golf Course,White tees (long tees),60,18,1,,60,0,876,115,True,False,18,60,True,True,True
98157,2026,MP50,2,754434,154887,154887,934,Round 2,2026-04-26,Brian Hunter,941,Pittsford Disc Golf Course,White tees (long tees),60,18,4,,61,1,865,115,True,False,18,61,True,True,True
98157,2026,MP50,2,754434,223480,223480,883,Round 2,2026-04-26,Marc Kirkpatrick,879,Pittsford Disc Golf Course,White tees (long tees),60,18,4,,63,3,843,121,True,False,18,63,True,True,True
98157,2026,MPO,1,754434,106240,106240,969,Round 1,2026-04-26,Daniel Racaniello,976,Pittsford Disc Golf Course,White tees (long tees),60,18,2,,47,-13,1017,102,True,False,18,47,True,True,True
98157,2026,MPO,1,754434,235658,235658,938,Round 1,2026-04-26,Brandon Westburg,963,Pittsford Disc Golf Course,White tees (long tees),60,18,3,,48,-12,1006,99,True,False,18,48,True,True,True
98157,2026,MPO,1,754434,181649,181649,999,Round 1,2026-04-26,Hubert Vachon,996,Pittsford Disc Golf Course,White tees (long tees),60,18,2,,50,-10,985,100,True,False,18,50,True,True,True
98157,2026,MPO,1,754434,118928,118928,929,Round 1,2026-04-26,Tyler Pomichter,926,Pittsford Disc Golf Course,White tees (long tees),60,18,3,,51,-9,974,112,True,False,18,51,True,True,True
98157,2026,MPO,1,754434,131653,131653,947,Round 1,2026-04-26,Sean Chi,946,Pittsford Disc Golf Course,White tees (long tees),60,18,1,,51,-9,974,106,True,False,18,51,True,True,True
98157,2026,MPO,1,754434,140098,140098,968,Round 1,2026-04-26,Angus Barstow,980,Pittsford Disc Golf Course,White tees (long tees),60,18,4,,51,-9,974,99,True,False,18,51,True,True,True
98157,2026,MPO,1,754434,204892,204892,969,Round 1,2026-04-26,Tiernan Roland,973,Pittsford Disc Golf Course,White tees (long tees),60,18,5,,51,-9,974,100,True,False,18,51,True,True,True
98157,2026,MPO,1,754434,131201,131201,957,Round 1,2026-04-26,Tyler LaPerle,973,Pittsford Disc Golf Course,White tees (long tees),60,18,2,,52,-8,963,102,True,False,18,52,True,True,True
98157,2026,MPO,1,754434,150395,150395,939,Round 1,2026-04-26,Zac Stager,947,Pittsford Disc Golf Course,White tees (long tees),60,18,4,,52,-8,963,108,True,False,18,52,True,True,True
98157,2026,MPO,1,754434,94450,94450,949,Round 1,2026-04-26,Brendan Rollins,958,Pittsford Disc Golf Course,White tees (long tees),60,18,2,,53,-7,952,105,True,False,18,53,True,True,True
98157,2026,MPO,1,754434,161558,161558,992,Round 1,2026-04-26,Brad Schott,994,Pittsford Disc Golf Course,White tees (long tees),60,18,3,,53,-7,952,101,True,False,18,53,True,True,True
98157,2026,MPO,1,754434,259574,259574,939,Round 1,2026-04-26,Nathan Albert,988,Pittsford Disc Golf Course,White tees (long tees),60,18,4,,53,-7,952,104,True,False,18,53,True,True,True
98157,2026,MPO,1,754434,142744,142744,975,Round 1,2026-04-26,Abel German,974,Pittsford Disc Golf Course,White tees (long tees),60,18,1,,56,-4,919,114,True,False,18,56,True,True,True
98157,2026,MPO,1,754434,168047,168047,904,Round 1,2026-04-26,Jim Desisto,915,Pittsford Disc Golf Course,White tees (long tees),60,18,5,,56,-4,919,112,True,False,18,56,True,True,True
98157,2026,MPO,1,754434,187845,187845,944,Round 1,2026-04-26,Shane Seals,962,Pittsford Disc Golf Course,White tees (long tees),60,18,1,,56,-4,919,112,True,False,18,56,True,True,True
98157,2026,MPO,1,754434,275041,275041,921,Round 1,2026-04-26,Samuel Schonberg,937,Pittsford Disc Golf Course,White tees (long tees),60,18,5,,56,-4,919,113,True,False,18,56,True,True,True
98157,2026,MPO,1,754434,106751,106751,944,Round 1,2026-04-26,Jeffrey Abbott,952,Pittsford Disc Golf Course,White tees (long tees),60,18,4,,57,-3,908,113,True,False,18,57,True,True,True
98157,2026,MPO,1,754434,218262,218262,932,Round 1,2026-04-26,Jerry Jackman,913,Pittsford Disc Golf Course,White tees (long tees),60,18,5,,57,-3,908,113,True,False,18,57,True,True,True
98157,2026,MPO,1,754434,164377,164377,921,Round 1,2026-04-26,Robert Wix,927,Pittsford Disc Golf Course,White tees (long tees),60,18,5,,59,-1,887,114,True,False,18,59,True,True,True
98157,2026,MPO,1,754434,161510,161510,920,Round 1,2026-04-26,TJ Rubin,919,Pittsford Disc Golf Course,White tees (long tees),60,18,3,,60,0,876,120,True,False,18,60,True,True,True
98157,2026,MPO,1,754434,76314,76314,930,Round 1,2026-04-26,Andrew Trayer,938,Pittsford Disc Golf Course,White tees (long tees),60,18,1,,64,4,832,118,True,False,18,64,True,True,True
98157,2026,MPO,2,754434,140098,140098,968,Round 2,2026-04-26,Angus Barstow,980,Pittsford Disc Golf Course,White tees (long tees),60,18,1,,48,-12,1006,99,True,False,18,48,True,True,True
98157,2026,MPO,2,754434,235658,235658,938,Round 2,2026-04-26,Brandon Westburg,963,Pittsford Disc Golf Course,White tees (long tees),60,18,2,,51,-9,974,99,True,False,18,51,True,True,True
98157,2026,MPO,2,754434,204892,204892,969,Round 2,2026-04-26,Tiernan Roland,973,Pittsford Disc Golf Course,White tees (long tees),60,18,2,,49,-11,995,100,True,False,18,49,True,True,True
98157,2026,MPO,2,754434,181649,181649,999,Round 2,2026-04-26,Hubert Vachon,996,Pittsford Disc Golf Course,White tees (long tees),60,18,3,,50,-10,985,100,True,False,18,50,True,True,True
98157,2026,MPO,2,754434,161558,161558,992,Round 2,2026-04-26,Brad Schott,994,Pittsford Disc Golf Course,White tees (long tees),60,18,1,,48,-12,1006,101,True,False,18,48,True,True,True
98157,2026,MPO,2,754434,131201,131201,957,Round 2,2026-04-26,Tyler LaPerle,973,Pittsford Disc Golf Course,White tees (long tees),60,18,3,,50,-10,985,102,True,False,18,50,True,True,True
98157,2026,MPO,2,754434,106240,106240,969,Round 2,2026-04-26,Daniel Racaniello,976,Pittsford Disc Golf Course,White tees (long tees),60,18,1,,55,-5,930,102,True,False,18,55,True,True,True
98157,2026,MPO,2,754434,259574,259574,939,Round 2,2026-04-26,Nathan Albert,988,Pittsford Disc Golf Course,White tees (long tees),60,18,2,,51,-9,974,104,True,False,18,51,True,True,True
98157,2026,MPO,2,754434,94450,94450,949,Round 2,2026-04-26,Brendan Rollins,958,Pittsford Disc Golf Course,White tees (long tees),60,18,5,,52,-8,963,105,True,False,18,52,True,True,True
98157,2026,MPO,2,754434,131653,131653,947,Round 2,2026-04-26,Sean Chi,946,Pittsford Disc Golf Course,White tees (long tees),60,18,5,,55,-5,930,106,True,False,18,55,True,True,True
98157,2026,MPO,2,754434,150395,150395,939,Round 2,2026-04-26,Zac Stager,947,Pittsford Disc Golf Course,White tees (long tees),60,18,4,,56,-4,919,108,True,False,18,56,True,True,True
98157,2026,MPO,2,754434,168047,168047,904,Round 2,2026-04-26,Jim Desisto,915,Pittsford Disc Golf Course,White tees (long tees),60,18,4,,56,-4,919,112,True,False,18,56,True,True,True
98157,2026,MPO,2,754434,187845,187845,944,Round 2,2026-04-26,Shane Seals,962,Pittsford Disc Golf Course,White tees (long tees),60,18,5,,56,-4,919,112,True,False,18,56,True,True,True
98157,2026,MPO,2,754434,118928,118928,929,Round 2,2026-04-26,Tyler Pomichter,926,Pittsford Disc Golf Course,White tees (long tees),60,18,4,,61,1,865,112,True,False,18,61,True,True,True
98157,2026,MPO,2,754434,106751,106751,944,Round 2,2026-04-26,Jeffrey Abbott,952,Pittsford Disc Golf Course,White tees (long tees),60,18,2,,56,-4,919,113,True,False,18,56,True,True,True
98157,2026,MPO,2,754434,218262,218262,932,Round 2,2026-04-26,Jerry Jackman,913,Pittsford Disc Golf Course,White tees (long tees),60,18,3,,56,-4,919,113,True,False,18,56,True,True,True
98157,2026,MPO,2,754434,275041,275041,921,Round 2,2026-04-26,Samuel Schonberg,937,Pittsford Disc Golf Course,White tees (long tees),60,18,1,,57,-3,908,113,True,False,18,57,True,True,True
98157,2026,MPO,2,754434,164377,164377,921,Round 2,2026-04-26,Robert Wix,927,Pittsford Disc Golf Course,White tees (long tees),60,18,4,,55,-5,930,114,True,False,18,55,True,True,True
98157,2026,MPO,2,754434,142744,142744,975,Round 2,2026-04-26,Abel German,974,Pittsford Disc Golf Course,White tees (long tees),60,18,3,,58,-2,898,114,True,False,18,58,True,True,True
98157,2026,MPO,2,754434,76314,76314,930,Round 2,2026-04-26,Andrew Trayer,938,Pittsford Disc Golf Course,White tees (long tees),60,18,5,,54,-6,941,118,True,False,18,54,True,True,True
98157,2026,MPO,2,754434,161510,161510,920,Round 2,2026-04-26,TJ Rubin,919,Pittsford Disc Golf Course,White tees (long tees),60,18,5,,60,0,876,120,True,False,18,60,True,True,True
98161,2026,FA2,1,756640,246656,246656,816,Round 1,2026-05-10,Sarah Bedard,807,White River Disc Golf Course,Blue tees,54,18,2,09:10:00,56,2,847,116,True,False,18,56,True,True,True
98161,2026,FA2,1,756640,282534,282534,765,Round 1,2026-05-10,Kayla Neumeister,752,White River Disc Golf Course,Blue tees,54,18,3,09:10:00,62,8,769,124,True,False,18,62,True,True,True
98161,2026,FA2,1,756640,name:meagan grivois,,,Round 1,2026-05-10,Meagan Grivois,,White River Disc Golf Course,Blue tees,54,18,4,09:10:00,64,10,743,127,True,False,18,64,True,True,True
98161,2026,FA2,1,756640,215341,215341,587,Round 1,2026-05-10,Teah Miller,591,White River Disc Golf Course,Blue tees,54,18,1,09:10:00,73,19,626,142,True,False,18,73,True,True,True
98161,2026,FA2,2,756640,246656,246656,816,Round 2,2026-05-10,Sarah Bedard,807,White River Disc Golf Course,Blue tees,54,18,1,09:10:00,60,6,795,116,True,False,18,60,True,True,True
98161,2026,FA2,2,756640,282534,282534,765,Round 2,2026-05-10,Kayla Neumeister,752,White River Disc Golf Course,Blue tees,54,18,2,09:10:00,62,8,769,124,True,False,18,62,True,True,True
98161,2026,FA2,2,756640,name:meagan grivois,,,Round 2,2026-05-10,Meagan Grivois,,White River Disc Golf Course,Blue tees,54,18,3,09:10:00,63,9,756,127,True,False,18,63,True,True,True
98161,2026,FA2,2,756640,215341,215341,587,Round 2,2026-05-10,Teah Miller,591,White River Disc Golf Course,Blue tees,54,18,4,09:10:00,69,15,678,142,True,False,18,69,True,True,True
98161,2026,FA3,1,756640,302845,302845,,Round 1,2026-05-10,Kelsey Marcil,727,White River Disc Golf Course,Blue tees,54,18,1,08:30:00,66,12,717,140,True,False,18,66,True,True,True
98161,2026,FA3,1,756640,325054,325054,,Round 1,2026-05-10,Jaime Aliffi,712,White River Disc Golf Course,Blue tees,54,18,2,08:30:00,70,16,665,139,True,False,18,70,True,True,True
98161,2026,FA3,1,756640,326567,326567,,Round 1,2026-05-10,Grace Corapi,633,White River Disc Golf Course,Blue tees,54,18,3,08:30:00,70,16,665,145,True,False,18,70,True,True,True
98161,2026,FA3,2,756640,325054,325054,,Round 2,2026-05-10,Jaime Aliffi,712,White River Disc Golf Course,Blue tees,54,18,2,08:30:00,69,15,678,139,True,False,18,69,True,True,True
98161,2026,FA3,2,756640,302845,302845,,Round 2,2026-05-10,Kelsey Marcil,727,White River Disc Golf Course,Blue tees,54,18,1,08:30:00,74,20,613,140,True,False,18,74,True,True,True
98161,2026,FA3,2,756640,326567,326567,,Round 2,2026-05-10,Grace Corapi,633,White River Disc Golf Course,Blue tees,54,18,3,08:30:00,75,21,600,145,True,False,18,75,True,True,True
98161,2026,FA40,1,756640,275115,275115,779,Round 1,2026-05-10,Mindy German,805,White River Disc Golf Course,Blue tees,54,18,2,11:30:00,57,3,834,118,True,False,18,57,True,True,True
98161,2026,FA40,1,756640,170809,170809,757,Round 1,2026-05-10,Brita Tirrell,777,White River Disc Golf Course,Blue tees,54,18,3,11:20:00,65,11,730,125,True,False,18,65,True,True,True
98161,2026,FA40,1,756640,213173,213173,780,Round 1,2026-05-10,Elizabeth Carrell,775,White River Disc Golf Course,Blue tees,54,18,1,11:20:00,65,11,730,125,True,False,18,65,True,True,True
98161,2026,FA40,1,756640,94272,94272,840,Round 1,2026-05-10,Gabrielle Pozzani,818,White River Disc Golf Course,Blue tees,54,18,3,11:30:00,68,14,691,129,True,False,18,68,True,True,True
98161,2026,FA40,1,756640,277475,277475,677,Round 1,2026-05-10,Erin Rice,727,White River Disc Golf Course,Blue tees,54,18,2,11:20:00,71,17,652,136,True,False,18,71,True,True,True
98161,2026,FA40,1,756640,293462,293462,680,Round 1,2026-05-10,Jennifer MacDonough,687,White River Disc Golf Course,Blue tees,54,18,4,11:30:00,73,19,626,144,True,False,18,73,True,True,True
98161,2026,FA40,1,756640,161647,161647,623,Round 1,2026-05-10,Michele Sargent,611,White River Disc Golf Course,Blue tees,54,18,1,11:30:00,78,24,561,149,True,False,18,78,True,True,True
98161,2026,FA40,2,756640,275115,275115,779,Round 2,2026-05-10,Mindy German,805,White River Disc Golf Course,Blue tees,54,18,1,11:20:00,61,7,782,118,True,False,18,61,True,True,True
98161,2026,FA40,2,756640,170809,170809,757,Round 2,2026-05-10,Brita Tirrell,777,White River Disc Golf Course,Blue tees,54,18,2,11:20:00,60,6,795,125,True,False,18,60,True,True,True
98161,2026,FA40,2,756640,213173,213173,780,Round 2,2026-05-10,Elizabeth Carrell,775,White River Disc Golf Course,Blue tees,54,18,3,11:20:00,60,6,795,125,True,False,18,60,True,True,True
98161,2026,FA40,2,756640,94272,94272,840,Round 2,2026-05-10,Gabrielle Pozzani,818,White River Disc Golf Course,Blue tees,54,18,4,11:20:00,61,7,782,129,True,False,18,61,True,True,True
98161,2026,FA40,2,756640,277475,277475,677,Round 2,2026-05-10,Erin Rice,727,White River Disc Golf Course,Blue tees,54,18,2,11:10:00,65,11,730,136,True,False,18,65,True,True,True
98161,2026,FA40,2,756640,293462,293462,680,Round 2,2026-05-10,Jennifer MacDonough,687,White River Disc Golf Course,Blue tees,54,18,3,11:10:00,71,17,652,144,True,False,18,71,True,True,True
98161,2026,FA40,2,756640,161647,161647,623,Round 2,2026-05-10,Michele Sargent,611,White River Disc Golf Course,Blue tees,54,18,4,11:10:00,71,17,652,149,True,False,18,71,True,True,True
98161,2026,FA50,1,756640,228265,228265,668,Round 1,2026-05-10,Maryellen Copping,705,White River Disc Golf Course,Blue tees,54,18,4,11:20:00,62,8,769,127,True,False,18,62,True,True,True
98161,2026,FA50,2,756640,228265,228265,668,Round 2,2026-05-10,Maryellen Copping,705,White River Disc Golf Course,Blue tees,54,18,1,11:10:00,65,11,730,127,True,False,18,65,True,True,True
98161,2026,FJ08,1,756641,305166,305166,72,Round 1,2026-05-10,Matilda Babbin,349,White River Disc Golf Course,Red tees,54,18,2,08:00:00,80,26,255,159,True,False,18,80,True,True,True
98161,2026,FJ08,2,756641,305166,305166,72,Round 2,2026-05-10,Matilda Babbin,349,White River Disc Golf Course,Red tees,54,18,4,08:00:00,79,25,272,159,True,False,18,79,True,True,True
98161,2026,FJ10,1,756641,306226,306226,183,Round 1,2026-05-10,Mila Fisher,435,White River Disc Golf Course,Red tees,54,18,3,08:00:00,72,18,391,144,True,False,18,72,True,True,True
98161,2026,FJ10,1,756641,name:cammy bigelow,,,Round 1,2026-05-10,Cammy Bigelow,,White River Disc Golf Course,Red tees,54,18,5,08:00:00,104,50,-154,207,True,False,18,104,True,True,True
98161,2026,FJ10,2,756641,306226,306226,183,Round 2,2026-05-10,Mila Fisher,435,White River Disc Golf Course,Red tees,54,18,3,08:00:00,72,18,391,144,True,False,18,72,True,True,True
98161,2026,FJ10,2,756641,name:cammy bigelow,,,Round 2,2026-05-10,Cammy Bigelow,,White River Disc Golf Course,Red tees,54,18,5,08:00:00,103,49,-137,207,True,False,18,103,True,True,True
98161,2026,FJ12,1,756641,261367,261367,402,Round 1,2026-05-10,Annabelle Babbin,525,White River Disc Golf Course,Red tees,54,18,1,08:00:00,68,14,459,132,True,False,18,68,True,True,True
98161,2026,FJ12,2,756641,261367,261367,402,Round 2,2026-05-10,Annabelle Babbin,525,White River Disc Golf Course,Red tees,54,18,1,08:00:00,64,10,528,132,True,False,18,64,True,True,True
98161,2026,FJ15,1,756641,311742,311742,369,Round 1,2026-05-10,Zoey Bigelow,,White River Disc Golf Course,Red tees,54,18,4,08:00:00,69,15,442,136,True,False,18,69,True,True,True
98161,2026,FJ15,2,756641,311742,311742,369,Round 2,2026-05-10,Zoey Bigelow,,White River Disc Golf Course,Red tees,54,18,2,08:00:00,67,13,476,136,True,False,18,67,True,True,True
98161,2026,FPO,1,756640,122613,122613,884,Round 1,2026-05-10,Kelly Heslin,889,White River Disc Golf Course,Blue tees,54,18,1,14:00:00,50,-4,926,99,True,False,18,50,True,True,True
98161,2026,FPO,1,756640,228248,228248,832,Round 1,2026-05-10,Isza Parchini,802,White River Disc Golf Course,Blue tees,54,18,2,14:00:00,64,10,743,,True,False,18,64,True,True,True
98161,2026,FPO,2,756640,122613,122613,884,Round 2,2026-05-10,Kelly Heslin,889,White River Disc Golf Course,Blue tees,54,18,1,13:30:00,49,-5,939,99,True,False,18,49,True,True,True
98161,2026,FPO,2,756640,228248,228248,832,Round 2,2026-05-10,Isza Parchini,802,White River Disc Golf Course,Blue tees,54,18,3,13:30:00,25,945,,,True,False,6,25,False,True,False
98161,2026,MA1,1,756640,175583,175583,933,Round 1,2026-05-10,Rob Salter,948,White River Disc Golf Course,Blue tees,54,18,2,13:00:00,50,-4,926,96,True,False,18,50,True,True,True
98161,2026,MA1,1,756640,275802,275802,893,Round 1,2026-05-10,Tyler Jarrett,907,White River Disc Golf Course,Blue tees,54,18,3,12:10:00,50,-4,926,106,True,False,18,50,True,True,True
98161,2026,MA1,1,756640,110707,110707,935,Round 1,2026-05-10,Jason Wilson,927,White River Disc Golf Course,Blue tees,54,18,1,12:50:00,51,-3,913,103,True,False,18,51,True,True,True
98161,2026,MA1,1,756640,119637,119637,897,Round 1,2026-05-10,Trevor Kenealy,905,White River Disc Golf Course,Blue tees,54,18,1,12:40:00,51,-3,913,99,True,False,18,51,True,True,True
98161,2026,MA1,1,756640,210681,210681,922,Round 1,2026-05-10,Kyle Anderson Andresen,911,White River Disc Golf Course,Blue tees,54,18,3,13:00:00,51,-3,913,99,True,False,18,51,True,True,True
98161,2026,MA1,1,756640,223671,223671,935,Round 1,2026-05-10,Brendan Van Tuinen,942,White River Disc Golf Course,Blue tees,54,18,2,12:10:00,51,-3,913,99,True,False,18,51,True,True,True
98161,2026,MA1,1,756640,274427,274427,916,Round 1,2026-05-10,Pace McKinnon,937,White River Disc Golf Course,Blue tees,54,18,4,13:00:00,51,-3,913,103,True,False,18,51,True,True,True
98161,2026,MA1,1,756640,313254,313254,901,Round 1,2026-05-10,Ben Kelly,880,White River Disc Golf Course,Blue tees,54,18,3,12:40:00,51,-3,913,108,True,False,18,51,True,True,True
98161,2026,MA1,1,756640,173058,173058,939,Round 1,2026-05-10,Brandon Allaire,950,White River Disc Golf Course,Blue tees,54,18,2,12:40:00,52,-2,899,103,True,False,18,52,True,True,True
98161,2026,MA1,1,756640,96154,96154,865,Round 1,2026-05-10,Travis Jacques,871,White River Disc Golf Course,Blue tees,54,18,1,12:30:00,53,-1,886,104,True,False,18,53,True,True,True
98161,2026,MA1,1,756640,287102,287102,910,Round 1,2026-05-10,Ethan Robie,919,White River Disc Golf Course,Blue tees,54,18,3,12:30:00,53,-1,886,102,True,False,18,53,True,True,True
98161,2026,MA1,1,756640,109604,109604,918,Round 1,2026-05-10,Jeremy Hulsey,914,White River Disc Golf Course,Blue tees,54,18,4,12:30:00,54,0,873,101,True,False,18,54,True,True,True
98161,2026,MA1,1,756640,175140,175140,916,Round 1,2026-05-10,Christian Garey,890,White River Disc Golf Course,Blue tees,54,18,2,12:50:00,55,1,860,103,True,False,18,55,True,True,True
98161,2026,MA1,1,756640,227703,227703,854,Round 1,2026-05-10,Joshua Berry,872,White River Disc Golf Course,Blue tees,54,18,2,12:30:00,56,2,847,108,True,False,18,56,True,True,True
98161,2026,MA1,1,756640,212570,212570,898,Round 1,2026-05-10,Derek Copping,874,White River Disc Golf Course,Blue tees,54,18,3,12:50:00,57,3,834,114,True,False,18,57,True,True,True
98161,2026,MA1,1,756640,261284,261284,895,Round 1,2026-05-10,Blake Martino,916,White River Disc Golf Course,Blue tees,54,18,1,13:00:00,57,3,834,106,True,False,18,57,True,True,True
98161,2026,MA1,1,756640,317912,317912,,Round 1,2026-05-10,Drew Celeste,899,White River Disc Golf Course,Blue tees,54,18,4,12:40:00,58,4,821,113,True,False,18,58,True,True,True
98161,2026,MA1,1,756640,158783,158783,900,Round 1,2026-05-10,Joseph Humes,906,White River Disc Golf Course,Blue tees,54,18,1,12:10:00,60,6,795,113,True,False,18,60,True,True,True
98161,2026,MA1,1,756640,322943,322943,,Round 1,2026-05-10,Nicholas Garvey,787,White River Disc Golf Course,Blue tees,54,18,4,12:50:00,62,8,769,122,True,False,18,62,True,True,True
98161,2026,MA1,2,756640,175583,175583,933,Round 2,2026-05-10,Rob Salter,948,White River Disc Golf Course,Blue tees,54,18,1,12:50:00,46,-8,978,96,True,False,18,46,True,True,True
98161,2026,MA1,2,756640,119637,119637,897,Round 2,2026-05-10,Trevor Kenealy,905,White River Disc Golf Course,Blue tees,54,18,4,12:50:00,48,-6,952,99,True,False,18,48,True,True,True
98161,2026,MA1,2,756640,210681,210681,922,Round 2,2026-05-10,Kyle Anderson Andresen,911,White River Disc Golf Course,Blue tees,54,18,1,12:40:00,48,-6,952,99,True,False,18,48,True,True,True
98161,2026,MA1,2,756640,223671,223671,935,Round 2,2026-05-10,Brendan Van Tuinen,942,White River Disc Golf Course,Blue tees,54,18,2,12:40:00,48,-6,952,99,True,False,18,48,True,True,True
98161,2026,MA1,2,756640,109604,109604,918,Round 2,2026-05-10,Jeremy Hulsey,914,White River Disc Golf Course,Blue tees,54,18,4,12:30:00,47,-7,965,101,True,False,18,47,True,True,True
98161,2026,MA1,2,756640,287102,287102,910,Round 2,2026-05-10,Ethan Robie,919,White River Disc Golf Course,Blue tees,54,18,3,12:30:00,49,-5,939,102,True,False,18,49,True,True,True
98161,2026,MA1,2,756640,175140,175140,916,Round 2,2026-05-10,Christian Garey,890,White River Disc Golf Course,Blue tees,54,18,1,12:20:00,48,-6,952,103,True,False,18,48,True,True,True
98161,2026,MA1,2,756640,173058,173058,939,Round 2,2026-05-10,Brandon Allaire,950,White River Disc Golf Course,Blue tees,54,18,1,12:30:00,51,-3,913,103,True,False,18,51,True,True,True
98161,2026,MA1,2,756640,110707,110707,935,Round 2,2026-05-10,Jason Wilson,927,White River Disc Golf Course,Blue tees,54,18,3,12:50:00,52,-2,899,103,True,False,18,52,True,True,True
98161,2026,MA1,2,756640,274427,274427,916,Round 2,2026-05-10,Pace McKinnon,937,White River Disc Golf Course,Blue tees,54,18,3,12:40:00,52,-2,899,103,True,False,18,52,True,True,True
98161,2026,MA1,2,756640,96154,96154,865,Round 2,2026-05-10,Travis Jacques,871,White River Disc Golf Course,Blue tees,54,18,2,12:30:00,51,-3,913,104,True,False,18,51,True,True,True
98161,2026,MA1,2,756640,261284,261284,895,Round 2,2026-05-10,Blake Martino,916,White River Disc Golf Course,Blue tees,54,18,4,12:20:00,49,-5,939,106,True,False,18,49,True,True,True
98161,2026,MA1,2,756640,275802,275802,893,Round 2,2026-05-10,Tyler Jarrett,907,White River Disc Golf Course,Blue tees,54,18,2,12:50:00,56,2,847,106,True,False,18,56,True,True,True
98161,2026,MA1,2,756640,227703,227703,854,Round 2,2026-05-10,Joshua Berry,872,White River Disc Golf Course,Blue tees,54,18,2,12:20:00,52,-2,899,108,True,False,18,52,True,True,True
98161,2026,MA1,2,756640,313254,313254,901,Round 2,2026-05-10,Ben Kelly,880,White River Disc Golf Course,Blue tees,54,18,4,12:40:00,57,3,834,108,True,False,18,57,True,True,True
98161,2026,MA1,2,756640,158783,158783,900,Round 2,2026-05-10,Joseph Humes,906,White River Disc Golf Course,Blue tees,54,18,2,12:10:00,53,-1,886,113,True,False,18,53,True,True,True
98161,2026,MA1,2,756640,317912,317912,,Round 2,2026-05-10,Drew Celeste,899,White River Disc Golf Course,Blue tees,54,18,1,12:10:00,55,1,860,113,True,False,18,55,True,True,True
98161,2026,MA1,2,756640,212570,212570,898,Round 2,2026-05-10,Derek Copping,874,White River Disc Golf Course,Blue tees,54,18,3,12:20:00,57,3,834,114,True,False,18,57,True,True,True
98161,2026,MA1,2,756640,322943,322943,,Round 2,2026-05-10,Nicholas Garvey,787,White River Disc Golf Course,Blue tees,54,18,3,12:10:00,60,6,795,122,True,False,18,60,True,True,True
98161,2026,MA2,1,756640,283063,283063,854,Round 1,2026-05-10,Ryan Chase,879,White River Disc Golf Course,Blue tees,54,18,2,10:10:00,49,-5,939,105,True,False,18,49,True,True,True
98161,2026,MA2,1,756640,279372,279372,894,Round 1,2026-05-10,Cale Bombardier,920,White River Disc Golf Course,Blue tees,54,18,2,09:30:00,50,-4,926,101,True,False,18,50,True,True,True
98161,2026,MA2,1,756640,248718,248718,884,Round 1,2026-05-10,Keane Roland,916,White River Disc Golf Course,Blue tees,54,18,1,09:40:00,51,-3,913,103,True,False,18,51,True,True,True
98161,2026,MA2,1,756640,189203,189203,909,Round 1,2026-05-10,Bobby Martino,911,White River Disc Golf Course,Blue tees,54,18,3,10:00:00,52,-2,899,105,True,False,18,52,True,True,True
98161,2026,MA2,1,756640,256887,256887,807,Round 1,2026-05-10,Alex Gambero,812,White River Disc Golf Course,Blue tees,54,18,4,10:00:00,52,-2,899,113,True,False,18,52,True,True,True
98161,2026,MA2,1,756640,311039,311039,,Round 1,2026-05-10,Daniel Ball,920,White River Disc Golf Course,Blue tees,54,18,2,09:40:00,52,-2,899,101,True,False,18,52,True,True,True
98161,2026,MA2,1,756640,311270,311270,886,Round 1,2026-05-10,Max Olmsted,917,White River Disc Golf Course,Blue tees,54,18,3,09:40:00,52,-2,899,104,True,False,18,52,True,True,True
98161,2026,MA2,1,756640,148187,148187,885,Round 1,2026-05-10,Evan Miller,874,White River Disc Golf Course,Blue tees,54,18,1,10:10:00,53,-1,886,110,True,False,18,53,True,True,True
98161,2026,MA2,1,756640,239437,239437,834,Round 1,2026-05-10,Simon Bethune,830,White River Disc Golf Course,Blue tees,54,18,1,09:50:00,53,-1,886,115,True,False,18,53,True,True,True
98161,2026,MA2,1,756640,244952,244952,887,Round 1,2026-05-10,Joshua Dezotell,895,White River Disc Golf Course,Blue tees,54,18,1,09:30:00,53,-1,886,100,True,False,18,53,True,True,True
98161,2026,MA2,1,756640,228201,228201,835,Round 1,2026-05-10,Waylon Spring,883,White River Disc Golf Course,Blue tees,54,18,3,10:10:00,54,0,873,116,True,False,18,54,True,True,True
98161,2026,MA2,1,756640,274902,274902,876,Round 1,2026-05-10,Nolan Smith,886,White River Disc Golf Course,Blue tees,54,18,2,10:00:00,54,0,873,118,True,False,18,54,True,True,True
98161,2026,MA2,1,756640,314991,314991,838,Round 1,2026-05-10,Conner Spence,890,White River Disc Golf Course,Blue tees,54,18,4,10:10:00,54,0,873,110,True,False,18,54,True,True,True
98161,2026,MA2,1,756640,254922,254922,891,Round 1,2026-05-10,Benjamin Taylor,890,White River Disc Golf Course,Blue tees,54,18,1,10:00:00,56,2,847,110,True,False,18,56,True,True,True
98161,2026,MA2,1,756640,308064,308064,820,Round 1,2026-05-10,Derek Chase,834,White River Disc Golf Course,Blue tees,54,18,2,09:50:00,59,5,808,114,True,False,18,59,True,True,True
98161,2026,MA2,1,756640,324210,324210,,Round 1,2026-05-10,Thomas Coleman,776,White River Disc Golf Course,Blue tees,54,18,3,09:30:00,59,5,808,121,True,False,18,59,True,True,True
98161,2026,MA2,1,756640,324228,324228,,Round 1,2026-05-10,Luc Cohen-Wanis,885,White River Disc Golf Course,Blue tees,54,18,3,09:50:00,59,5,808,109,True,False,18,59,True,True,True
98161,2026,MA2,2,756640,244952,244952,887,Round 2,2026-05-10,Joshua Dezotell,895,White River Disc Golf Course,Blue tees,54,18,2,09:40:00,47,-7,965,100,True,False,18,47,True,True,True
98161,2026,MA2,2,756640,311039,311039,,Round 2,2026-05-10,Daniel Ball,920,White River Disc Golf Course,Blue tees,54,18,2,09:50:00,49,-5,939,101,True,False,18,49,True,True,True
98161,2026,MA2,2,756640,279372,279372,894,Round 2,2026-05-10,Cale Bombardier,920,White River Disc Golf Course,Blue tees,54,18,2,10:00:00,51,-3,913,101,True,False,18,51,True,True,True
98161,2026,MA2,2,756640,248718,248718,884,Round 2,2026-05-10,Keane Roland,916,White River Disc Golf Course,Blue tees,54,18,3,10:00:00,52,-2,899,103,True,False,18,52,True,True,True
98161,2026,MA2,2,756640,311270,311270,886,Round 2,2026-05-10,Max Olmsted,917,White River Disc Golf Course,Blue tees,54,18,3,09:50:00,52,-2,899,104,True,False,18,52,True,True,True
98161,2026,MA2,2,756640,189203,189203,909,Round 2,2026-05-10,Bobby Martino,911,White River Disc Golf Course,Blue tees,54,18,4,10:00:00,53,-1,886,105,True,False,18,53,True,True,True
98161,2026,MA2,2,756640,283063,283063,854,Round 2,2026-05-10,Ryan Chase,879,White River Disc Golf Course,Blue tees,54,18,1,10:00:00,56,2,847,105,True,False,18,56,True,True,True
98161,2026,MA2,2,756640,324228,324228,,Round 2,2026-05-10,Luc Cohen-Wanis,885,White River Disc Golf Course,Blue tees,54,18,3,09:20:00,50,-4,926,109,True,False,18,50,True,True,True
98161,2026,MA2,2,756640,254922,254922,891,Round 2,2026-05-10,Benjamin Taylor,890,White River Disc Golf Course,Blue tees,54,18,3,09:30:00,54,0,873,110,True,False,18,54,True,True,True
98161,2026,MA2,2,756640,314991,314991,838,Round 2,2026-05-10,Conner Spence,890,White River Disc Golf Course,Blue tees,54,18,2,09:30:00,56,2,847,110,True,False,18,56,True,True,True
98161,2026,MA2,2,756640,148187,148187,885,Round 2,2026-05-10,Evan Miller,874,White River Disc Golf Course,Blue tees,54,18,4,09:50:00,57,3,834,110,True,False,18,57,True,True,True
98161,2026,MA2,2,756640,256887,256887,807,Round 2,2026-05-10,Alex Gambero,812,White River Disc Golf Course,Blue tees,54,18,1,09:50:00,61,7,782,113,True,False,18,61,True,True,True
98161,2026,MA2,2,756640,308064,308064,820,Round 2,2026-05-10,Derek Chase,834,White River Disc Golf Course,Blue tees,54,18,1,09:20:00,55,1,860,114,True,False,18,55,True,True,True
98161,2026,MA2,2,756640,239437,239437,834,Round 2,2026-05-10,Simon Bethune,830,White River Disc Golf Course,Blue tees,54,18,1,09:40:00,62,8,769,115,True,False,18,62,True,True,True
98161,2026,MA2,2,756640,228201,228201,835,Round 2,2026-05-10,Waylon Spring,883,White River Disc Golf Course,Blue tees,54,18,3,09:40:00,62,8,769,116,True,False,18,62,True,True,True
98161,2026,MA2,2,756640,274902,274902,876,Round 2,2026-05-10,Nolan Smith,886,White River Disc Golf Course,Blue tees,54,18,1,09:30:00,64,10,743,118,True,False,18,64,True,True,True
98161,2026,MA2,2,756640,324210,324210,,Round 2,2026-05-10,Thomas Coleman,776,White River Disc Golf Course,Blue tees,54,18,2,09:20:00,62,8,769,121,True,False,18,62,True,True,True
98161,2026,MA3,1,756640,175839,175839,867,Round 1,2026-05-10,Wilder Irving,875,White River Disc Golf Course,Blue tees,54,18,1,08:50:00,53,-1,886,103,True,False,18,53,True,True,True
98161,2026,MA3,1,756640,314105,314105,827,Round 1,2026-05-10,Dustin Smedy,835,White River Disc Golf Course,Blue tees,54,18,3,08:50:00,54,0,873,105,True,False,18,54,True,True,True
98161,2026,MA3,1,756640,312423,312423,782,Round 1,2026-05-10,Peter Cousino,819,White River Disc Golf Course,Blue tees,54,18,2,08:40:00,56,2,847,114,True,False,18,56,True,True,True
98161,2026,MA3,1,756640,name:connor gross,,,Round 1,2026-05-10,Connor Gross,,White River Disc Golf Course,Blue tees,54,18,4,09:00:00,56,2,847,119,True,False,18,56,True,True,True
98161,2026,MA3,1,756640,239719,239719,834,Round 1,2026-05-10,Thane Griswold,820,White River Disc Golf Course,Blue tees,54,18,2,08:50:00,57,3,834,114,True,False,18,57,True,True,True
98161,2026,MA3,1,756640,211434,211434,799,Round 1,2026-05-10,Thomas Bousquet,798,White River Disc Golf Course,Blue tees,54,18,1,09:00:00,59,5,808,118,True,False,18,59,True,True,True
98161,2026,MA3,1,756640,286641,286641,849,Round 1,2026-05-10,Matthew Lanctot,837,White River Disc Golf Course,Blue tees,54,18,2,09:00:00,59,5,808,119,True,False,18,59,True,True,True
98161,2026,MA3,1,756640,289367,289367,819,Round 1,2026-05-10,Tyler Karnes,836,White River Disc Golf Course,Blue tees,54,18,3,09:00:00,60,6,795,116,True,False,18,60,True,True,True
98161,2026,MA3,1,756640,307686,307686,816,Round 1,2026-05-10,Tom Zani,,White River Disc Golf Course,Blue tees,54,18,1,08:40:00,60,6,795,115,True,False,18,60,True,True,True
98161,2026,MA3,1,756640,327858,327858,,Round 1,2026-05-10,Cyron Bassett,789,White River Disc Golf Course,Blue tees,54,18,3,08:40:00,63,9,756,121,True,False,18,63,True,True,True
98161,2026,MA3,2,756640,175839,175839,867,Round 2,2026-05-10,Wilder Irving,875,White River Disc Golf Course,Blue tees,54,18,1,09:00:00,50,-4,926,103,True,False,18,50,True,True,True
98161,2026,MA3,2,756640,314105,314105,827,Round 2,2026-05-10,Dustin Smedy,835,White River Disc Golf Course,Blue tees,54,18,2,09:00:00,51,-3,913,105,True,False,18,51,True,True,True
98161,2026,MA3,2,756640,239719,239719,834,Round 2,2026-05-10,Thane Griswold,820,White River Disc Golf Course,Blue tees,54,18,1,08:50:00,57,3,834,114,True,False,18,57,True,True,True
98161,2026,MA3,2,756640,312423,312423,782,Round 2,2026-05-10,Peter Cousino,819,White River Disc Golf Course,Blue tees,54,18,3,09:00:00,58,4,821,114,True,False,18,58,True,True,True
98161,2026,MA3,2,756640,307686,307686,816,Round 2,2026-05-10,Tom Zani,,White River Disc Golf Course,Blue tees,54,18,2,08:40:00,55,1,860,115,True,False,18,55,True,True,True
98161,2026,MA3,2,756640,289367,289367,819,Round 2,2026-05-10,Tyler Karnes,836,White River Disc Golf Course,Blue tees,54,18,1,08:40:00,56,2,847,116,True,False,18,56,True,True,True
98161,2026,MA3,2,756640,211434,211434,799,Round 2,2026-05-10,Thomas Bousquet,798,White River Disc Golf Course,Blue tees,54,18,2,08:50:00,59,5,808,118,True,False,18,59,True,True,True
98161,2026,MA3,2,756640,286641,286641,849,Round 2,2026-05-10,Matthew Lanctot,837,White River Disc Golf Course,Blue tees,54,18,3,08:50:00,60,6,795,119,True,False,18,60,True,True,True
98161,2026,MA3,2,756640,name:connor gross,,,Round 2,2026-05-10,Connor Gross,,White River Disc Golf Course,Blue tees,54,18,4,09:00:00,63,9,756,119,True,False,18,63,True,True,True
98161,2026,MA3,2,756640,327858,327858,,Round 2,2026-05-10,Cyron Bassett,789,White River Disc Golf Course,Blue tees,54,18,3,08:40:00,58,4,821,121,True,False,18,58,True,True,True
98161,2026,MA40,1,756640,84935,84935,860,Round 1,2026-05-10,Droo Fisher,866,White River Disc Golf Course,Blue tees,54,18,3,12:20:00,52,-2,899,109,True,False,18,52,True,True,True
98161,2026,MA40,1,756640,162090,162090,857,Round 1,2026-05-10,Grant Fortier,885,White River Disc Golf Course,Blue tees,54,18,1,11:50:00,52,-2,899,103,True,False,18,52,True,True,True
98161,2026,MA40,1,756640,261570,261570,903,Round 1,2026-05-10,John Beaudin,911,White River Disc Golf Course,Blue tees,54,18,3,12:00:00,53,-1,886,109,True,False,18,53,True,True,True
98161,2026,MA40,1,756640,109527,109527,885,Round 1,2026-05-10,Mike Wenzel,901,White River Disc Golf Course,Blue tees,54,18,1,12:20:00,55,1,860,106,True,False,18,55,True,True,True
98161,2026,MA40,1,756640,221629,221629,864,Round 1,2026-05-10,Justin Morgan,858,White River Disc Golf Course,Blue tees,54,18,2,12:00:00,55,1,860,109,True,False,18,55,True,True,True
98161,2026,MA40,1,756640,94273,94273,865,Round 1,2026-05-10,Marques Pozzani,863,White River Disc Golf Course,Blue tees,54,18,4,12:20:00,56,2,847,109,True,False,18,56,True,True,True
98161,2026,MA40,1,756640,236206,236206,876,Round 1,2026-05-10,Chris Sigmund,879,White River Disc Golf Course,Blue tees,54,18,3,11:50:00,56,2,847,106,True,False,18,56,True,True,True
98161,2026,MA40,1,756640,161644,161644,823,Round 1,2026-05-10,Garrett Sargent,818,White River Disc Golf Course,Blue tees,54,18,1,12:00:00,57,3,834,121,True,False,18,57,True,True,True
98161,2026,MA40,1,756640,205696,205696,876,Round 1,2026-05-10,Matthew Smith,856,White River Disc Golf Course,Blue tees,54,18,2,12:20:00,59,5,808,118,True,False,18,59,True,True,True
98161,2026,MA40,1,756640,247751,247751,791,Round 1,2026-05-10,Jon St. Clair,761,White River Disc Golf Course,Blue tees,54,18,2,11:50:00,66,12,717,133,True,False,18,66,True,True,True
98161,2026,MA40,2,756640,162090,162090,857,Round 2,2026-05-10,Grant Fortier,885,White River Disc Golf Course,Blue tees,54,18,2,12:00:00,51,-3,913,103,True,False,18,51,True,True,True
98161,2026,MA40,2,756640,236206,236206,876,Round 2,2026-05-10,Chris Sigmund,879,White River Disc Golf Course,Blue tees,54,18,3,11:50:00,50,-4,926,106,True,False,18,50,True,True,True
98161,2026,MA40,2,756640,109527,109527,885,Round 2,2026-05-10,Mike Wenzel,901,White River Disc Golf Course,Blue tees,54,18,4,12:00:00,51,-3,913,106,True,False,18,51,True,True,True
98161,2026,MA40,2,756640,94273,94273,865,Round 2,2026-05-10,Marques Pozzani,863,White River Disc Golf Course,Blue tees,54,18,2,11:50:00,53,-1,886,109,True,False,18,53,True,True,True
98161,2026,MA40,2,756640,221629,221629,864,Round 2,2026-05-10,Justin Morgan,858,White River Disc Golf Course,Blue tees,54,18,1,11:50:00,54,0,873,109,True,False,18,54,True,True,True
98161,2026,MA40,2,756640,261570,261570,903,Round 2,2026-05-10,John Beaudin,911,White River Disc Golf Course,Blue tees,54,18,3,12:00:00,56,2,847,109,True,False,18,56,True,True,True
98161,2026,MA40,2,756640,84935,84935,860,Round 2,2026-05-10,Droo Fisher,866,White River Disc Golf Course,Blue tees,54,18,1,12:00:00,57,3,834,109,True,False,18,57,True,True,True
98161,2026,MA40,2,756640,205696,205696,876,Round 2,2026-05-10,Matthew Smith,856,White River Disc Golf Course,Blue tees,54,18,2,11:40:00,59,5,808,118,True,False,18,59,True,True,True
98161,2026,MA40,2,756640,161644,161644,823,Round 2,2026-05-10,Garrett Sargent,818,White River Disc Golf Course,Blue tees,54,18,1,11:40:00,64,10,743,121,True,False,18,64,True,True,True
98161,2026,MA40,2,756640,247751,247751,791,Round 2,2026-05-10,Jon St. Clair,761,White River Disc Golf Course,Blue tees,54,18,3,11:40:00,67,13,704,133,True,False,18,67,True,True,True
98161,2026,MA50,1,756640,275118,275118,891,Round 1,2026-05-10,Matthew German,905,White River Disc Golf Course,Blue tees,54,18,2,10:50:00,53,-1,886,108,True,False,18,53,True,True,True
98161,2026,MA50,1,756640,216349,216349,876,Round 1,2026-05-10,Justin Bassett,879,White River Disc Golf Course,Blue tees,54,18,1,10:50:00,55,1,860,112,True,False,18,55,True,True,True
98161,2026,MA50,1,756640,235035,235035,902,Round 1,2026-05-10,Paul Seyler,908,White River Disc Golf Course,Blue tees,54,18,3,10:40:00,55,1,860,108,True,False,18,55,True,True,True
98161,2026,MA50,1,756640,101176,101176,904,Round 1,2026-05-10,Eric Jenkins,908,White River Disc Golf Course,Blue tees,54,18,1,10:40:00,58,4,821,110,True,False,18,58,True,True,True
98161,2026,MA50,1,756640,name:jamie floyd,,,Round 1,2026-05-10,Jamie Floyd,,White River Disc Golf Course,Blue tees,54,18,3,10:50:00,61,7,782,125,True,False,18,61,True,True,True
98161,2026,MA50,1,756640,179138,179138,838,Round 1,2026-05-10,Chris Hancewicz,831,White River Disc Golf Course,Blue tees,54,18,2,10:40:00,64,10,743,119,True,False,18,64,True,True,True
98161,2026,MA50,2,756640,275118,275118,891,Round 2,2026-05-10,Matthew German,905,White River Disc Golf Course,Blue tees,54,18,1,11:00:00,55,1,860,108,True,False,18,55,True,True,True
98161,2026,MA50,2,756640,235035,235035,902,Round 2,2026-05-10,Paul Seyler,908,White River Disc Golf Course,Blue tees,54,18,3,11:00:00,53,-1,886,108,True,False,18,53,True,True,True
98161,2026,MA50,2,756640,101176,101176,904,Round 2,2026-05-10,Eric Jenkins,908,White River Disc Golf Course,Blue tees,54,18,1,10:50:00,52,-2,899,110,True,False,18,52,True,True,True
98161,2026,MA50,2,756640,216349,216349,876,Round 2,2026-05-10,Justin Bassett,879,White River Disc Golf Course,Blue tees,54,18,2,11:00:00,57,3,834,112,True,False,18,57,True,True,True
98161,2026,MA50,2,756640,179138,179138,838,Round 2,2026-05-10,Chris Hancewicz,831,White River Disc Golf Course,Blue tees,54,18,3,10:50:00,55,1,860,119,True,False,18,55,True,True,True
98161,2026,MA50,2,756640,name:jamie floyd,,,Round 2,2026-05-10,Jamie Floyd,,White River Disc Golf Course,Blue tees,54,18,2,10:50:00,64,10,743,125,True,False,18,64,True,True,True
98161,2026,MA60,1,756640,91301,91301,906,Round 1,2026-05-10,Michael A. Stridsberg,898,White River Disc Golf Course,Blue tees,54,18,4,11:10:00,45,-9,991,93,True,False,18,45,True,True,True
98161,2026,MA60,1,756640,202875,202875,909,Round 1,2026-05-10,Thomas Limanek,911,White River Disc Golf Course,Blue tees,54,18,3,11:10:00,49,-5,939,99,True,False,18,49,True,True,True
98161,2026,MA60,1,756640,4687,4687,902,Round 1,2026-05-10,Tim Herbert,917,White River Disc Golf Course,Blue tees,54,18,1,11:10:00,53,-1,886,107,True,False,18,53,True,True,True
98161,2026,MA60,1,756640,130713,130713,899,Round 1,2026-05-10,Ian Martin,902,White River Disc Golf Course,Blue tees,54,18,2,11:10:00,56,2,847,112,True,False,18,56,True,True,True
98161,2026,MA60,1,756640,225059,225059,786,Round 1,2026-05-10,Jon Kaplan,796,White River Disc Golf Course,Blue tees,54,18,2,11:00:00,58,4,821,117,True,False,18,58,True,True,True
98161,2026,MA60,1,756640,74478,74478,834,Round 1,2026-05-10,John Sudarsky,845,White River Disc Golf Course,Blue tees,54,18,1,11:00:00,59,5,808,114,True,False,18,59,True,True,True
98161,2026,MA60,1,756640,123563,123563,816,Round 1,2026-05-10,Peter Flaherty,741,White River Disc Golf Course,Blue tees,54,18,3,11:00:00,64,10,743,133,True,False,18,64,True,True,True
98161,2026,MA60,2,756640,91301,91301,906,Round 2,2026-05-10,Michael A. Stridsberg,898,White River Disc Golf Course,Blue tees,54,18,1,10:40:00,48,-6,952,93,True,False,18,48,True,True,True
98161,2026,MA60,2,756640,202875,202875,909,Round 2,2026-05-10,Thomas Limanek,911,White River Disc Golf Course,Blue tees,54,18,2,10:40:00,50,-4,926,99,True,False,18,50,True,True,True
98161,2026,MA60,2,756640,4687,4687,902,Round 2,2026-05-10,Tim Herbert,917,White River Disc Golf Course,Blue tees,54,18,3,10:40:00,54,0,873,107,True,False,18,54,True,True,True
98161,2026,MA60,2,756640,130713,130713,899,Round 2,2026-05-10,Ian Martin,902,White River Disc Golf Course,Blue tees,54,18,4,10:40:00,56,2,847,112,True,False,18,56,True,True,True
98161,2026,MA60,2,756640,74478,74478,834,Round 2,2026-05-10,John Sudarsky,845,White River Disc Golf Course,Blue tees,54,18,2,10:30:00,55,1,860,114,True,False,18,55,True,True,True
98161,2026,MA60,2,756640,225059,225059,786,Round 2,2026-05-10,Jon Kaplan,796,White River Disc Golf Course,Blue tees,54,18,1,10:30:00,59,5,808,117,True,False,18,59,True,True,True
98161,2026,MA60,2,756640,123563,123563,816,Round 2,2026-05-10,Peter Flaherty,741,White River Disc Golf Course,Blue tees,54,18,3,10:30:00,69,15,678,133,True,False,18,69,True,True,True
98161,2026,MA70,1,756640,248502,248502,818,Round 1,2026-05-10,Christian Andresen,846,White River Disc Golf Course,Blue tees,54,18,3,10:20:00,60,6,795,116,True,False,18,60,True,True,True
98161,2026,MA70,1,756640,295403,295403,784,Round 1,2026-05-10,William Potter,793,White River Disc Golf Course,Blue tees,54,18,4,10:20:00,64,10,743,121,True,False,18,64,True,True,True
98161,2026,MA70,1,756640,195353,195353,758,Round 1,2026-05-10,Jerome Mendicino,730,White River Disc Golf Course,Blue tees,54,18,2,10:20:00,65,11,730,135,True,False,18,65,True,True,True
98161,2026,MA70,1,756640,192323,192323,748,Round 1,2026-05-10,Will Wright,753,White River Disc Golf Course,Blue tees,54,18,1,10:20:00,66,12,717,123,True,False,18,66,True,True,True
98161,2026,MA70,2,756640,248502,248502,818,Round 2,2026-05-10,Christian Andresen,846,White River Disc Golf Course,Blue tees,54,18,1,10:10:00,56,2,847,116,True,False,18,56,True,True,True
98161,2026,MA70,2,756640,295403,295403,784,Round 2,2026-05-10,William Potter,793,White River Disc Golf Course,Blue tees,54,18,2,10:10:00,57,3,834,121,True,False,18,57,True,True,True
98161,2026,MA70,2,756640,192323,192323,748,Round 2,2026-05-10,Will Wright,753,White River Disc Golf Course,Blue tees,54,18,4,10:10:00,57,3,834,123,True,False,18,57,True,True,True
98161,2026,MA70,2,756640,195353,195353,758,Round 2,2026-05-10,Jerome Mendicino,730,White River Disc Golf Course,Blue tees,54,18,3,10:10:00,70,16,665,135,True,False,18,70,True,True,True
98161,2026,MP40,1,756640,89829,89829,921,Round 1,2026-05-10,Garrett Washburn,923,White River Disc Golf Course,Blue tees,54,18,2,13:40:00,47,-7,965,98,True,False,18,47,True,True,True
98161,2026,MP40,1,756640,193211,193211,917,Round 1,2026-05-10,Greg Babbin,933,White River Disc Golf Course,Blue tees,54,18,3,13:40:00,50,-4,926,104,True,False,18,50,True,True,True
98161,2026,MP40,1,756640,247331,247331,888,Round 1,2026-05-10,Nick Russell,912,White River Disc Golf Course,Blue tees,54,18,4,13:40:00,51,-3,913,100,True,False,18,51,True,True,True
98161,2026,MP40,1,756640,74240,74240,965,Round 1,2026-05-10,Christopher Martin,962,White River Disc Golf Course,Blue tees,54,18,1,13:40:00,54,0,873,100,True,False,18,54,True,True,True
98161,2026,MP40,2,756640,89829,89829,921,Round 2,2026-05-10,Garrett Washburn,923,White River Disc Golf Course,Blue tees,54,18,1,13:20:00,51,-3,913,98,True,False,18,51,True,True,True
98161,2026,MP40,2,756640,74240,74240,965,Round 2,2026-05-10,Christopher Martin,962,White River Disc Golf Course,Blue tees,54,18,4,13:20:00,46,-8,978,100,True,False,18,46,True,True,True
98161,2026,MP40,2,756640,247331,247331,888,Round 2,2026-05-10,Nick Russell,912,White River Disc Golf Course,Blue tees,54,18,3,13:20:00,49,-5,939,100,True,False,18,49,True,True,True
98161,2026,MP40,2,756640,193211,193211,917,Round 2,2026-05-10,Greg Babbin,933,White River Disc Golf Course,Blue tees,54,18,2,13:20:00,54,0,873,104,True,False,18,54,True,True,True
98161,2026,MP50,1,756640,25395,25395,942,Round 1,2026-05-10,Peter Belizi,944,White River Disc Golf Course,Blue tees,54,18,3,13:20:00,47,-7,965,98,True,False,18,47,True,True,True
98161,2026,MP50,1,756640,24381,24381,941,Round 1,2026-05-10,Chris Young,937,White River Disc Golf Course,Blue tees,54,18,2,13:30:00,48,-6,952,97,True,False,18,48,True,True,True
98161,2026,MP50,1,756640,171544,171544,926,Round 1,2026-05-10,Dave Irving,935,White River Disc Golf Course,Blue tees,54,18,3,13:30:00,51,-3,913,97,True,False,18,51,True,True,True
98161,2026,MP50,1,756640,12667,12667,914,Round 1,2026-05-10,Scott Shepardson,906,White River Disc Golf Course,Blue tees,54,18,2,13:20:00,52,-2,899,105,True,False,18,52,True,True,True
98161,2026,MP50,1,756640,96621,96621,940,Round 1,2026-05-10,Jeremy McKittrick,932,White River Disc Golf Course,Blue tees,54,18,4,13:30:00,53,-1,886,100,True,False,18,53,True,True,True
98161,2026,MP50,1,756640,223480,223480,883,Round 1,2026-05-10,Marc Kirkpatrick,879,White River Disc Golf Course,Blue tees,54,18,1,13:30:00,53,-1,886,109,True,False,18,53,True,True,True
98161,2026,MP50,1,756640,308039,308039,913,Round 1,2026-05-10,David McGalliard,880,White River Disc Golf Course,Blue tees,54,18,1,13:20:00,55,1,860,112,True,False,18,55,True,True,True
98161,2026,MP50,2,756640,171544,171544,926,Round 2,2026-05-10,Dave Irving,935,White River Disc Golf Course,Blue tees,54,18,3,13:10:00,46,-8,978,97,True,False,18,46,True,True,True
98161,2026,MP50,2,756640,24381,24381,941,Round 2,2026-05-10,Chris Young,937,White River Disc Golf Course,Blue tees,54,18,2,13:10:00,49,-5,939,97,True,False,18,49,True,True,True
98161,2026,MP50,2,756640,25395,25395,942,Round 2,2026-05-10,Peter Belizi,944,White River Disc Golf Course,Blue tees,54,18,1,13:10:00,51,-3,913,98,True,False,18,51,True,True,True
98161,2026,MP50,2,756640,96621,96621,940,Round 2,2026-05-10,Jeremy McKittrick,932,White River Disc Golf Course,Blue tees,54,18,1,13:00:00,47,-7,965,100,True,False,18,47,True,True,True
98161,2026,MP50,2,756640,12667,12667,914,Round 2,2026-05-10,Scott Shepardson,906,White River Disc Golf Course,Blue tees,54,18,4,13:10:00,53,-1,886,105,True,False,18,53,True,True,True
98161,2026,MP50,2,756640,223480,223480,883,Round 2,2026-05-10,Marc Kirkpatrick,879,White River Disc Golf Course,Blue tees,54,18,2,13:00:00,56,2,847,109,True,False,18,56,True,True,True
98161,2026,MP50,2,756640,308039,308039,913,Round 2,2026-05-10,David McGalliard,880,White River Disc Golf Course,Blue tees,54,18,3,13:00:00,57,3,834,112,True,False,18,57,True,True,True
98161,2026,MPO,1,756640,204892,204892,969,Round 1,2026-05-10,Tiernan Roland,973,White River Disc Golf Course,Blue tees,54,18,2,13:50:00,43,-11,1017,91,True,False,18,43,True,True,True
98161,2026,MPO,1,756640,131201,131201,957,Round 1,2026-05-10,Tyler LaPerle,973,White River Disc Golf Course,Blue tees,54,18,2,14:10:00,45,-9,991,89,True,False,18,45,True,True,True
98161,2026,MPO,1,756640,235658,235658,938,Round 1,2026-05-10,Brandon Westburg,963,White River Disc Golf Course,Blue tees,54,18,2,14:20:00,45,-9,991,92,True,False,18,45,True,True,True
98161,2026,MPO,1,756640,82340,82340,912,Round 1,2026-05-10,Justin Leonard,912,White River Disc Golf Course,Blue tees,54,18,1,14:20:00,46,-8,978,91,True,False,18,46,True,True,True
98161,2026,MPO,1,756640,124203,124203,941,Round 1,2026-05-10,Ezra Koch,954,White River Disc Golf Course,Blue tees,54,18,4,14:20:00,48,-6,952,95,True,False,18,48,True,True,True
98161,2026,MPO,1,756640,129859,129859,942,Round 1,2026-05-10,Seth Marcil,944,White River Disc Golf Course,Blue tees,54,18,4,14:10:00,48,-6,952,95,True,False,18,48,True,True,True
98161,2026,MPO,1,756640,76314,76314,930,Round 1,2026-05-10,Andrew Trayer,938,White River Disc Golf Course,Blue tees,54,18,3,13:50:00,49,-5,939,96,True,False,18,49,True,True,True
98161,2026,MPO,1,756640,219307,219307,919,Round 1,2026-05-10,Everett Secor,935,White River Disc Golf Course,Blue tees,54,18,3,14:00:00,50,-4,926,99,True,False,18,50,True,True,True
98161,2026,MPO,1,756640,140098,140098,968,Round 1,2026-05-10,Angus Barstow,980,White River Disc Golf Course,Blue tees,54,18,1,14:10:00,51,-3,913,93,True,False,18,51,True,True,True
98161,2026,MPO,1,756640,275041,275041,921,Round 1,2026-05-10,Samuel Schonberg,937,White River Disc Golf Course,Blue tees,54,18,3,14:10:00,51,-3,913,101,True,False,18,51,True,True,True
98161,2026,MPO,1,756640,192901,192901,894,Round 1,2026-05-10,Micah Munro,890,White River Disc Golf Course,Blue tees,54,18,3,14:20:00,52,-2,899,101,True,False,18,52,True,True,True
98161,2026,MPO,1,756640,257327,257327,916,Round 1,2026-05-10,Owen Motyka,920,White River Disc Golf Course,Blue tees,54,18,4,14:00:00,54,0,873,105,True,False,18,54,True,True,True
98161,2026,MPO,1,756640,106970,106970,843,Round 1,2026-05-10,Stefan Farrell,852,White River Disc Golf Course,Blue tees,54,18,1,13:50:00,57,3,834,112,True,False,18,57,True,True,True
98161,2026,MPO,2,756640,131201,131201,957,Round 2,2026-05-10,Tyler LaPerle,973,White River Disc Golf Course,Blue tees,54,18,2,14:00:00,44,-10,1004,89,True,False,18,44,True,True,True
98161,2026,MPO,2,756640,82340,82340,912,Round 2,2026-05-10,Justin Leonard,912,White River Disc Golf Course,Blue tees,54,18,4,14:00:00,45,-9,991,91,True,False,18,45,True,True,True
98161,2026,MPO,2,756640,204892,204892,969,Round 2,2026-05-10,Tiernan Roland,973,White River Disc Golf Course,Blue tees,54,18,1,14:00:00,48,-6,952,91,True,False,18,48,True,True,True
98161,2026,MPO,2,756640,235658,235658,938,Round 2,2026-05-10,Brandon Westburg,963,White River Disc Golf Course,Blue tees,54,18,3,14:00:00,47,-7,965,92,True,False,18,47,True,True,True
98161,2026,MPO,2,756640,140098,140098,968,Round 2,2026-05-10,Angus Barstow,980,White River Disc Golf Course,Blue tees,54,18,1,13:40:00,42,-12,1030,93,True,False,18,42,True,True,True
98161,2026,MPO,2,756640,124203,124203,941,Round 2,2026-05-10,Ezra Koch,954,White River Disc Golf Course,Blue tees,54,18,1,13:50:00,47,-7,965,95,True,False,18,47,True,True,True
98161,2026,MPO,2,756640,129859,129859,942,Round 2,2026-05-10,Seth Marcil,944,White River Disc Golf Course,Blue tees,54,18,2,13:50:00,47,-7,965,95,True,False,18,47,True,True,True
98161,2026,MPO,2,756640,76314,76314,930,Round 2,2026-05-10,Andrew Trayer,938,White River Disc Golf Course,Blue tees,54,18,3,13:50:00,47,-7,965,96,True,False,18,47,True,True,True
98161,2026,MPO,2,756640,219307,219307,919,Round 2,2026-05-10,Everett Secor,935,White River Disc Golf Course,Blue tees,54,18,4,13:50:00,49,-5,939,99,True,False,18,49,True,True,True
98161,2026,MPO,2,756640,192901,192901,894,Round 2,2026-05-10,Micah Munro,890,White River Disc Golf Course,Blue tees,54,18,3,13:40:00,49,-5,939,101,True,False,18,49,True,True,True
98161,2026,MPO,2,756640,275041,275041,921,Round 2,2026-05-10,Samuel Schonberg,937,White River Disc Golf Course,Blue tees,54,18,2,13:40:00,50,-4,926,101,True,False,18,50,True,True,True
98161,2026,MPO,2,756640,257327,257327,916,Round 2,2026-05-10,Owen Motyka,920,White River Disc Golf Course,Blue tees,54,18,4,13:40:00,51,-3,913,105,True,False,18,51,True,True,True
98161,2026,MPO,2,756640,106970,106970,843,Round 2,2026-05-10,Stefan Farrell,852,White River Disc Golf Course,Blue tees,54,18,2,13:30:00,55,1,860,112,True,False,18,55,True,True,True
98162,2026,FA1,1,757637,271782,271782,859,Round 1,2026-05-24,Jen Harrison,881,The Quarries Disc Golf ,White Tees,61,18,2,09:40:00,60,-1,859,120,True,False,18,60,True,True,True
98162,2026,FA1,1,757637,282534,282534,791,Round 1,2026-05-24,Kayla Neumeister,752,The Quarries Disc Golf ,White Tees,61,18,3,09:40:00,70,9,748,141,True,False,18,70,True,True,True
98162,2026,FA1,1,757637,246656,246656,822,Round 1,2026-05-24,Sarah Bedard,807,The Quarries Disc Golf ,White Tees,61,18,1,09:40:00,71,10,737,132,True,False,18,71,True,True,True
98162,2026,FA1,2,757637,271782,271782,859,Round 2,2026-05-24,Jen Harrison,881,The Quarries Disc Golf ,White Tees,61,18,1,09:20:00,60,-1,859,120,True,False,18,60,True,True,True
98162,2026,FA1,2,757637,246656,246656,822,Round 2,2026-05-24,Sarah Bedard,807,The Quarries Disc Golf ,White Tees,61,18,3,09:20:00,61,0,848,132,True,False,18,61,True,True,True
98162,2026,FA1,2,757637,282534,282534,791,Round 2,2026-05-24,Kayla Neumeister,752,The Quarries Disc Golf ,White Tees,61,18,2,09:20:00,71,10,737,141,True,False,18,71,True,True,True
98162,2026,FA3,1,757637,310819,310819,734,Round 1,2026-05-24,Lauren Bernier,764,The Quarries Disc Golf ,White Tees,61,18,3,09:00:00,63,2,826,128,True,False,18,63,True,True,True
98162,2026,FA3,1,757637,278389,278389,763,Round 1,2026-05-24,Jessica Davenport,766,The Quarries Disc Golf ,White Tees,61,18,2,09:00:00,64,3,815,137,True,False,18,64,True,True,True
98162,2026,FA3,1,757637,325054,325054,690,Round 1,2026-05-24,Jaime Aliffi,712,The Quarries Disc Golf ,White Tees,61,18,4,09:00:00,74,13,704,146,True,False,18,74,True,True,True
98162,2026,FA3,1,757637,327397,327397,,Round 1,2026-05-24,Kya Davis,505,The Quarries Disc Golf ,White Tees,61,18,1,09:00:00,92,31,505,184,True,False,18,92,True,True,True
98162,2026,FA3,2,757637,310819,310819,734,Round 2,2026-05-24,Lauren Bernier,764,The Quarries Disc Golf ,White Tees,61,18,1,09:30:00,65,4,804,128,True,False,18,65,True,True,True
98162,2026,FA3,2,757637,278389,278389,763,Round 2,2026-05-24,Jessica Davenport,766,The Quarries Disc Golf ,White Tees,61,18,2,09:30:00,73,12,715,137,True,False,18,73,True,True,True
98162,2026,FA3,2,757637,325054,325054,690,Round 2,2026-05-24,Jaime Aliffi,712,The Quarries Disc Golf ,White Tees,61,18,3,09:30:00,72,11,726,146,True,False,18,72,True,True,True
98162,2026,FA3,2,757637,327397,327397,,Round 2,2026-05-24,Kya Davis,505,The Quarries Disc Golf ,White Tees,61,18,4,09:30:00,92,31,505,184,True,False,18,92,True,True,True
98162,2026,FA40,1,757637,213173,213173,779,Round 1,2026-05-24,Elizabeth Carrell,775,The Quarries Disc Golf ,White Tees,61,18,1,09:20:00,61,0,848,133,True,False,18,61,True,True,True
98162,2026,FA40,1,757637,275115,275115,790,Round 1,2026-05-24,Mindy German,805,The Quarries Disc Golf ,White Tees,61,18,2,09:20:00,62,1,837,125,True,False,18,62,True,True,True
98162,2026,FA40,1,757637,277475,277475,699,Round 1,2026-05-24,Erin Rice,727,The Quarries Disc Golf ,White Tees,61,18,3,09:20:00,71,10,737,141,True,False,18,71,True,True,True
98162,2026,FA40,1,757637,293462,293462,674,Round 1,2026-05-24,Jennifer MacDonough,687,The Quarries Disc Golf ,White Tees,61,18,4,09:20:00,75,14,693,150,True,False,18,75,True,True,True
98162,2026,FA40,2,757637,275115,275115,790,Round 2,2026-05-24,Mindy German,805,The Quarries Disc Golf ,White Tees,61,18,2,09:10:00,63,2,826,125,True,False,18,63,True,True,True
98162,2026,FA40,2,757637,213173,213173,779,Round 2,2026-05-24,Elizabeth Carrell,775,The Quarries Disc Golf ,White Tees,61,18,1,09:10:00,72,11,726,133,True,False,18,72,True,True,True
98162,2026,FA40,2,757637,277475,277475,699,Round 2,2026-05-24,Erin Rice,727,The Quarries Disc Golf ,White Tees,61,18,3,09:10:00,70,9,748,141,True,False,18,70,True,True,True
98162,2026,FA40,2,757637,293462,293462,674,Round 2,2026-05-24,Jennifer MacDonough,687,The Quarries Disc Golf ,White Tees,61,18,4,09:10:00,75,14,693,150,True,False,18,75,True,True,True
98162,2026,FA50,1,757637,228265,228265,715,Round 1,2026-05-24,Maryellen Copping,705,The Quarries Disc Golf ,White Tees,61,18,2,09:30:00,75,14,693,147,True,False,18,75,True,True,True
98162,2026,FA50,2,757637,228265,228265,715,Round 2,2026-05-24,Maryellen Copping,705,The Quarries Disc Golf ,White Tees,61,18,3,09:40:00,72,11,726,147,True,False,18,72,True,True,True
98162,2026,FJ08,1,757637,305166,305166,252,Round 1,2026-05-24,Matilda Babbin,349,The Quarries Disc Golf ,White Tees,61,18,2,08:00:00,98,37,438,203,True,False,18,98,True,True,True
98162,2026,FJ08,2,757637,305166,305166,252,Round 2,2026-05-24,Matilda Babbin,349,The Quarries Disc Golf ,White Tees,61,18,2,08:00:00,105,44,361,203,True,False,18,105,True,True,True
98162,2026,FJ12,1,757637,261367,261367,453,Round 1,2026-05-24,Annabelle Babbin,525,The Quarries Disc Golf ,White Tees,61,18,1,08:00:00,92,31,505,185,True,False,18,92,True,True,True
98162,2026,FJ12,2,757637,261367,261367,453,Round 2,2026-05-24,Annabelle Babbin,525,The Quarries Disc Golf ,White Tees,61,18,1,08:00:00,93,32,494,185,True,False,18,93,True,True,True
98162,2026,FP40,1,757637,261710,261710,823,Round 1,2026-05-24,Sally Blanchette,812,The Quarries Disc Golf ,White Tees,61,18,3,09:30:00,68,7,771,133,True,False,18,68,True,True,True
98162,2026,FP40,1,757637,197269,197269,753,Round 1,2026-05-24,Wendie Salmi,723,The Quarries Disc Golf ,White Tees,61,18,1,09:30:00,72,11,726,148,True,False,18,72,True,True,True
98162,2026,FP40,2,757637,261710,261710,823,Round 2,2026-05-24,Sally Blanchette,812,The Quarries Disc Golf ,White Tees,61,18,1,09:40:00,65,4,804,133,True,False,18,65,True,True,True
98162,2026,FP40,2,757637,197269,197269,753,Round 2,2026-05-24,Wendie Salmi,723,The Quarries Disc Golf ,White Tees,61,18,2,09:40:00,76,15,682,148,True,False,18,76,True,True,True
98162,2026,FPO,1,757634,122613,122613,885,Round 1,2026-05-24,Kelly Heslin,889,The Quarries Disc Golf ,Blue Tees,61,18,1,14:00:00,64,3,897,129,True,False,18,64,True,True,True
98162,2026,FPO,1,757634,170015,170015,815,Round 1,2026-05-24,Alyssa Nichols,828,The Quarries Disc Golf ,Blue Tees,61,18,2,14:00:00,79,18,756,153,True,False,18,79,True,True,True
98162,2026,FPO,1,757634,243272,243272,724,Round 1,2026-05-24,Cadie Wells-Robinson,730,The Quarries Disc Golf ,Blue Tees,61,18,3,14:00:00,85,24,699,165,True,False,18,85,True,True,True
98162,2026,FPO,2,757634,122613,122613,885,Round 2,2026-05-24,Kelly Heslin,889,The Quarries Disc Golf ,Blue Tees,61,18,1,14:00:00,65,4,887,129,True,False,18,65,True,True,True
98162,2026,FPO,2,757634,170015,170015,815,Round 2,2026-05-24,Alyssa Nichols,828,The Quarries Disc Golf ,Blue Tees,61,18,2,14:00:00,74,13,803,153,True,False,18,74,True,True,True
98162,2026,FPO,2,757634,243272,243272,724,Round 2,2026-05-24,Cadie Wells-Robinson,730,The Quarries Disc Golf ,Blue Tees,61,18,3,14:00:00,80,19,746,165,True,False,18,80,True,True,True
98162,2026,MA1,1,757634,221157,221157,922,Round 1,2026-05-24,Dylan Slick,915,The Quarries Disc Golf ,Blue Tees,61,18,3,12:40:00,57,-4,963,116,True,False,18,57,True,True,True
98162,2026,MA1,1,757634,261284,261284,898,Round 1,2026-05-24,Blake Martino,916,The Quarries Disc Golf ,Blue Tees,61,18,3,12:20:00,57,-4,963,116,True,False,18,57,True,True,True
98162,2026,MA1,1,757634,274427,274427,912,Round 1,2026-05-24,Pace McKinnon,937,The Quarries Disc Golf ,Blue Tees,61,18,4,12:30:00,57,-4,963,121,True,False,18,57,True,True,True
98162,2026,MA1,1,757634,278286,278286,933,Round 1,2026-05-24,Trevor Hazelton,949,The Quarries Disc Golf ,Blue Tees,61,18,3,12:50:00,57,-4,963,116,True,False,18,57,True,True,True
98162,2026,MA1,1,757634,287102,287102,913,Round 1,2026-05-24,Ethan Robie,919,The Quarries Disc Golf ,Blue Tees,61,18,3,12:00:00,57,-4,963,114,True,False,18,57,True,True,True
98162,2026,MA1,1,757634,173058,173058,923,Round 1,2026-05-24,Brandon Allaire,950,The Quarries Disc Golf ,Blue Tees,61,18,1,12:40:00,58,-3,953,112,True,False,18,58,True,True,True
98162,2026,MA1,1,757634,121362,121362,951,Round 1,2026-05-24,Jonathan Russo,951,The Quarries Disc Golf ,Blue Tees,61,18,1,12:00:00,59,-2,944,122,True,False,18,59,True,True,True
98162,2026,MA1,1,757634,174031,174031,920,Round 1,2026-05-24,Ian MacDonald,909,The Quarries Disc Golf ,Blue Tees,61,18,2,12:00:00,59,-2,944,126,True,False,18,59,True,True,True
98162,2026,MA1,1,757634,177498,177498,935,Round 1,2026-05-24,Pasquale Coppola,929,The Quarries Disc Golf ,Blue Tees,61,18,2,11:50:00,59,-2,944,117,True,False,18,59,True,True,True
98162,2026,MA1,1,757634,223671,223671,938,Round 1,2026-05-24,Brendan Van Tuinen,942,The Quarries Disc Golf ,Blue Tees,61,18,3,12:10:00,59,-2,944,115,True,False,18,59,True,True,True
98162,2026,MA1,1,757634,147788,147788,936,Round 1,2026-05-24,Dan Cornellier,939,The Quarries Disc Golf ,Blue Tees,61,18,1,12:50:00,60,-1,934,120,True,False,18,60,True,True,True
98162,2026,MA1,1,757634,149370,149370,896,Round 1,2026-05-24,Justin Serrano,897,The Quarries Disc Golf ,Blue Tees,61,18,2,12:20:00,60,-1,934,124,True,False,18,60,True,True,True
98162,2026,MA1,1,757634,97356,97356,922,Round 1,2026-05-24,Jason Guild,934,The Quarries Disc Golf ,Blue Tees,61,18,1,12:30:00,61,0,925,118,True,False,18,61,True,True,True
98162,2026,MA1,1,757634,109604,109604,914,Round 1,2026-05-24,Jeremy Hulsey,914,The Quarries Disc Golf ,Blue Tees,61,18,2,12:30:00,61,0,925,123,True,False,18,61,True,True,True
98162,2026,MA1,1,757634,210681,210681,910,Round 1,2026-05-24,Kyle Anderson Andresen,911,The Quarries Disc Golf ,Blue Tees,61,18,3,11:50:00,61,0,925,125,True,False,18,61,True,True,True
98162,2026,MA1,1,757634,240930,240930,,Round 1,2026-05-24,Deven Siergiey,900,The Quarries Disc Golf ,Blue Tees,61,18,3,12:30:00,61,0,925,124,True,False,18,61,True,True,True
98162,2026,MA1,1,757634,122064,122064,926,Round 1,2026-05-24,Nathan Prentice,922,The Quarries Disc Golf ,Blue Tees,61,18,1,12:20:00,62,1,916,125,True,False,18,62,True,True,True
98162,2026,MA1,1,757634,175583,175583,948,Round 1,2026-05-24,Rob Salter,948,The Quarries Disc Golf ,Blue Tees,61,18,2,12:40:00,62,1,916,121,True,False,18,62,True,True,True
98162,2026,MA1,1,757634,313254,313254,888,Round 1,2026-05-24,Ben Kelly,880,The Quarries Disc Golf ,Blue Tees,61,18,4,12:50:00,62,1,916,131,True,False,18,62,True,True,True
98162,2026,MA1,1,757634,158783,158783,898,Round 1,2026-05-24,Joseph Humes,906,The Quarries Disc Golf ,Blue Tees,61,18,2,12:50:00,63,2,906,130,True,False,18,63,True,True,True
98162,2026,MA1,1,757634,175140,175140,905,Round 1,2026-05-24,Christian Garey,890,The Quarries Disc Golf ,Blue Tees,61,18,1,11:50:00,65,4,887,133,True,False,18,65,True,True,True
98162,2026,MA1,1,757634,275802,275802,890,Round 1,2026-05-24,Tyler Jarrett,907,The Quarries Disc Golf ,Blue Tees,61,18,4,12:20:00,65,4,887,127,True,False,18,65,True,True,True
98162,2026,MA1,1,757634,96154,96154,873,Round 1,2026-05-24,Travis Jacques,871,The Quarries Disc Golf ,Blue Tees,61,18,1,12:10:00,70,9,840,134,True,False,18,70,True,True,True
98162,2026,MA1,1,757634,179422,179422,871,Round 1,2026-05-24,Patrick Mayhew,869,The Quarries Disc Golf ,Blue Tees,61,18,2,12:10:00,70,9,840,139,True,False,18,70,True,True,True
98162,2026,MA1,1,757634,322943,322943,769,Round 1,2026-05-24,Nicholas Garvey,787,The Quarries Disc Golf ,Blue Tees,61,18,4,12:40:00,70,9,840,144,True,False,18,70,True,True,True
98162,2026,MA1,2,757634,173058,173058,923,Round 2,2026-05-24,Brandon Allaire,950,The Quarries Disc Golf ,Blue Tees,61,18,2,12:40:00,54,-7,991,112,True,False,18,54,True,True,True
98162,2026,MA1,2,757634,287102,287102,913,Round 2,2026-05-24,Ethan Robie,919,The Quarries Disc Golf ,Blue Tees,61,18,1,12:40:00,57,-4,963,114,True,False,18,57,True,True,True
98162,2026,MA1,2,757634,223671,223671,938,Round 2,2026-05-24,Brendan Van Tuinen,942,The Quarries Disc Golf ,Blue Tees,61,18,2,12:30:00,56,-5,972,115,True,False,18,56,True,True,True
98162,2026,MA1,2,757634,221157,221157,922,Round 2,2026-05-24,Dylan Slick,915,The Quarries Disc Golf ,Blue Tees,61,18,1,12:50:00,59,-2,944,116,True,False,18,59,True,True,True
98162,2026,MA1,2,757634,261284,261284,898,Round 2,2026-05-24,Blake Martino,916,The Quarries Disc Golf ,Blue Tees,61,18,2,12:50:00,59,-2,944,116,True,False,18,59,True,True,True
98162,2026,MA1,2,757634,278286,278286,933,Round 2,2026-05-24,Trevor Hazelton,949,The Quarries Disc Golf ,Blue Tees,61,18,4,12:50:00,59,-2,944,116,True,False,18,59,True,True,True
98162,2026,MA1,2,757634,177498,177498,935,Round 2,2026-05-24,Pasquale Coppola,929,The Quarries Disc Golf ,Blue Tees,61,18,1,12:30:00,58,-3,953,117,True,False,18,58,True,True,True
98162,2026,MA1,2,757634,97356,97356,922,Round 2,2026-05-24,Jason Guild,934,The Quarries Disc Golf ,Blue Tees,61,18,1,12:20:00,57,-4,963,118,True,False,18,57,True,True,True
98162,2026,MA1,2,757634,147788,147788,936,Round 2,2026-05-24,Dan Cornellier,939,The Quarries Disc Golf ,Blue Tees,61,18,3,12:30:00,60,-1,934,120,True,False,18,60,True,True,True
98162,2026,MA1,2,757634,175583,175583,948,Round 2,2026-05-24,Rob Salter,948,The Quarries Disc Golf ,Blue Tees,61,18,2,12:10:00,59,-2,944,121,True,False,18,59,True,True,True
98162,2026,MA1,2,757634,274427,274427,912,Round 2,2026-05-24,Pace McKinnon,937,The Quarries Disc Golf ,Blue Tees,61,18,3,12:50:00,64,3,897,121,True,False,18,64,True,True,True
98162,2026,MA1,2,757634,121362,121362,951,Round 2,2026-05-24,Jonathan Russo,951,The Quarries Disc Golf ,Blue Tees,61,18,3,12:40:00,63,2,906,122,True,False,18,63,True,True,True
98162,2026,MA1,2,757634,109604,109604,914,Round 2,2026-05-24,Jeremy Hulsey,914,The Quarries Disc Golf ,Blue Tees,61,18,2,12:20:00,62,1,916,123,True,False,18,62,True,True,True
98162,2026,MA1,2,757634,240930,240930,,Round 2,2026-05-24,Deven Siergiey,900,The Quarries Disc Golf ,Blue Tees,61,18,4,12:20:00,63,2,906,124,True,False,18,63,True,True,True
98162,2026,MA1,2,757634,149370,149370,896,Round 2,2026-05-24,Justin Serrano,897,The Quarries Disc Golf ,Blue Tees,61,18,4,12:30:00,64,3,897,124,True,False,18,64,True,True,True
98162,2026,MA1,2,757634,122064,122064,926,Round 2,2026-05-24,Nathan Prentice,922,The Quarries Disc Golf ,Blue Tees,61,18,1,12:10:00,63,2,906,125,True,False,18,63,True,True,True
98162,2026,MA1,2,757634,210681,210681,910,Round 2,2026-05-24,Kyle Anderson Andresen,911,The Quarries Disc Golf ,Blue Tees,61,18,3,12:20:00,64,3,897,125,True,False,18,64,True,True,True
98162,2026,MA1,2,757634,174031,174031,920,Round 2,2026-05-24,Ian MacDonald,909,The Quarries Disc Golf ,Blue Tees,61,18,4,12:40:00,67,6,869,126,True,False,18,67,True,True,True
98162,2026,MA1,2,757634,275802,275802,890,Round 2,2026-05-24,Tyler Jarrett,907,The Quarries Disc Golf ,Blue Tees,61,18,3,12:00:00,62,1,916,127,True,False,18,62,True,True,True
98162,2026,MA1,2,757634,158783,158783,898,Round 2,2026-05-24,Joseph Humes,906,The Quarries Disc Golf ,Blue Tees,61,18,1,12:00:00,67,6,869,130,True,False,18,67,True,True,True
98162,2026,MA1,2,757634,313254,313254,888,Round 2,2026-05-24,Ben Kelly,880,The Quarries Disc Golf ,Blue Tees,61,18,3,12:10:00,69,8,850,131,True,False,18,69,True,True,True
98162,2026,MA1,2,757634,175140,175140,905,Round 2,2026-05-24,Christian Garey,890,The Quarries Disc Golf ,Blue Tees,61,18,2,12:00:00,68,7,859,133,True,False,18,68,True,True,True
98162,2026,MA1,2,757634,96154,96154,873,Round 2,2026-05-24,Travis Jacques,871,The Quarries Disc Golf ,Blue Tees,61,18,1,11:50:00,64,3,897,134,True,False,18,64,True,True,True
98162,2026,MA1,2,757634,179422,179422,871,Round 2,2026-05-24,Patrick Mayhew,869,The Quarries Disc Golf ,Blue Tees,61,18,2,11:50:00,69,8,850,139,True,False,18,69,True,True,True
98162,2026,MA1,2,757634,322943,322943,769,Round 2,2026-05-24,Nicholas Garvey,787,The Quarries Disc Golf ,Blue Tees,61,18,3,11:50:00,74,13,803,144,True,False,18,74,True,True,True
98162,2026,MA2,1,757634,274902,274902,875,Round 1,2026-05-24,Nolan Smith,886,The Quarries Disc Golf ,Blue Tees,61,18,2,10:40:00,57,-4,963,119,True,False,18,57,True,True,True
98162,2026,MA2,1,757634,63896,63896,873,Round 1,2026-05-24,Ross King,899,The Quarries Disc Golf ,Blue Tees,61,18,1,10:30:00,58,-3,953,122,True,False,18,58,True,True,True
98162,2026,MA2,1,757634,326656,326656,,Round 1,2026-05-24,Austin Waters-Dukes,935,The Quarries Disc Golf ,Blue Tees,61,18,4,10:20:00,58,-3,953,120,True,False,18,58,True,True,True
98162,2026,MA2,1,757634,187046,187046,913,Round 1,2026-05-24,Casey Mours,918,The Quarries Disc Golf ,Blue Tees,61,18,1,10:00:00,59,-2,944,123,True,False,18,59,True,True,True
98162,2026,MA2,1,757634,189203,189203,909,Round 1,2026-05-24,Bobby Martino,911,The Quarries Disc Golf ,Blue Tees,61,18,2,09:50:00,60,-1,934,122,True,False,18,60,True,True,True
98162,2026,MA2,1,757634,286623,286623,909,Round 1,2026-05-24,Ethan Santor,916,The Quarries Disc Golf ,Blue Tees,61,18,3,10:30:00,61,0,925,120,True,False,18,61,True,True,True
98162,2026,MA2,1,757634,305330,305330,897,Round 1,2026-05-24,Jesse Clearwater,913,The Quarries Disc Golf ,Blue Tees,61,18,2,10:10:00,61,0,925,125,True,False,18,61,True,True,True
98162,2026,MA2,1,757634,317912,317912,841,Round 1,2026-05-24,Drew Celeste,899,The Quarries Disc Golf ,Blue Tees,61,18,3,10:20:00,61,0,925,124,True,False,18,61,True,True,True
98162,2026,MA2,1,757634,254922,254922,879,Round 1,2026-05-24,Benjamin Taylor,890,The Quarries Disc Golf ,Blue Tees,61,18,1,09:50:00,62,1,916,129,True,False,18,62,True,True,True
98162,2026,MA2,1,757634,285906,285906,815,Round 1,2026-05-24,Charles Whittemore,854,The Quarries Disc Golf ,Blue Tees,61,18,3,10:00:00,64,3,897,128,True,False,18,64,True,True,True
98162,2026,MA2,1,757634,314991,314991,866,Round 1,2026-05-24,Conner Spence,890,The Quarries Disc Golf ,Blue Tees,61,18,3,09:50:00,64,3,897,135,True,False,18,64,True,True,True
98162,2026,MA2,1,757634,311270,311270,895,Round 1,2026-05-24,Max Olmsted,917,The Quarries Disc Golf ,Blue Tees,61,18,4,10:30:00,66,5,878,122,True,False,18,66,True,True,True
98162,2026,MA2,1,757634,57253,57253,927,Round 1,2026-05-24,Brenton Cakebread,931,The Quarries Disc Golf ,Blue Tees,61,18,1,10:20:00,67,6,869,130,True,False,18,67,True,True,True
98162,2026,MA2,1,757634,196711,196711,883,Round 1,2026-05-24,Jarrett Piette,891,The Quarries Disc Golf ,Blue Tees,61,18,1,10:50:00,67,6,869,127,True,False,18,67,True,True,True
98162,2026,MA2,1,757634,228201,228201,830,Round 1,2026-05-24,Waylon Spring,883,The Quarries Disc Golf ,Blue Tees,61,18,2,10:50:00,67,6,869,142,True,False,18,67,True,True,True
98162,2026,MA2,1,757634,244952,244952,889,Round 1,2026-05-24,Joshua Dezotell,895,The Quarries Disc Golf ,Blue Tees,61,18,2,10:00:00,67,6,869,125,True,False,18,67,True,True,True
98162,2026,MA2,1,757634,283063,283063,868,Round 1,2026-05-24,Ryan Chase,879,The Quarries Disc Golf ,Blue Tees,61,18,2,10:30:00,67,6,869,141,True,False,18,67,True,True,True
98162,2026,MA2,1,757634,256887,256887,817,Round 1,2026-05-24,Alex Gambero,812,The Quarries Disc Golf ,Blue Tees,61,18,3,10:50:00,69,8,850,141,True,False,18,69,True,True,True
98162,2026,MA2,1,757634,27293,27293,839,Round 1,2026-05-24,Ryan Ryno Shirley,854,The Quarries Disc Golf ,Blue Tees,61,18,1,10:10:00,70,9,840,149,True,False,18,70,True,True,True
98162,2026,MA2,1,757634,324228,324228,892,Round 1,2026-05-24,Luc Cohen-Wanis,885,The Quarries Disc Golf ,Blue Tees,61,18,4,10:40:00,70,9,840,138,True,False,18,70,True,True,True
98162,2026,MA2,1,757634,291088,291088,883,Round 1,2026-05-24,Joseph Maher,880,The Quarries Disc Golf ,Blue Tees,61,18,4,10:50:00,71,10,831,142,True,False,18,71,True,True,True
98162,2026,MA2,1,757634,259718,259718,909,Round 1,2026-05-24,Kamden Cox,906,The Quarries Disc Golf ,Blue Tees,61,18,1,10:40:00,72,11,821,135,True,False,18,72,True,True,True
98162,2026,MA2,1,757634,308064,308064,818,Round 1,2026-05-24,Derek Chase,834,The Quarries Disc Golf ,Blue Tees,61,18,3,10:10:00,73,12,812,148,True,False,18,73,True,True,True
98162,2026,MA2,1,757634,279372,279372,912,Round 1,2026-05-24,Cale Bombardier,920,The Quarries Disc Golf ,Blue Tees,61,18,2,10:20:00,74,13,803,142,True,False,18,74,True,True,True
98162,2026,MA2,1,757634,324210,324210,781,Round 1,2026-05-24,Thomas Coleman,776,The Quarries Disc Golf ,Blue Tees,61,18,3,10:40:00,76,15,784,157,True,False,18,76,True,True,True
98162,2026,MA2,2,757634,274902,274902,875,Round 2,2026-05-24,Nolan Smith,886,The Quarries Disc Golf ,Blue Tees,61,18,1,10:50:00,62,1,916,119,True,False,18,62,True,True,True
98162,2026,MA2,2,757634,286623,286623,909,Round 2,2026-05-24,Ethan Santor,916,The Quarries Disc Golf ,Blue Tees,61,18,2,10:40:00,59,-2,944,120,True,False,18,59,True,True,True
98162,2026,MA2,2,757634,326656,326656,,Round 2,2026-05-24,Austin Waters-Dukes,935,The Quarries Disc Golf ,Blue Tees,61,18,3,10:50:00,62,1,916,120,True,False,18,62,True,True,True
98162,2026,MA2,2,757634,311270,311270,895,Round 2,2026-05-24,Max Olmsted,917,The Quarries Disc Golf ,Blue Tees,61,18,4,10:30:00,56,-5,972,122,True,False,18,56,True,True,True
98162,2026,MA2,2,757634,189203,189203,909,Round 2,2026-05-24,Bobby Martino,911,The Quarries Disc Golf ,Blue Tees,61,18,1,10:40:00,62,1,916,122,True,False,18,62,True,True,True
98162,2026,MA2,2,757634,63896,63896,873,Round 2,2026-05-24,Ross King,899,The Quarries Disc Golf ,Blue Tees,61,18,2,10:50:00,64,3,897,122,True,False,18,64,True,True,True
98162,2026,MA2,2,757634,187046,187046,913,Round 2,2026-05-24,Casey Mours,918,The Quarries Disc Golf ,Blue Tees,61,18,4,10:50:00,64,3,897,123,True,False,18,64,True,True,True
98162,2026,MA2,2,757634,317912,317912,841,Round 2,2026-05-24,Drew Celeste,899,The Quarries Disc Golf ,Blue Tees,61,18,4,10:40:00,63,2,906,124,True,False,18,63,True,True,True
98162,2026,MA2,2,757634,244952,244952,889,Round 2,2026-05-24,Joshua Dezotell,895,The Quarries Disc Golf ,Blue Tees,61,18,4,10:20:00,58,-3,953,125,True,False,18,58,True,True,True
98162,2026,MA2,2,757634,305330,305330,897,Round 2,2026-05-24,Jesse Clearwater,913,The Quarries Disc Golf ,Blue Tees,61,18,3,10:40:00,64,3,897,125,True,False,18,64,True,True,True
98162,2026,MA2,2,757634,196711,196711,883,Round 2,2026-05-24,Jarrett Piette,891,The Quarries Disc Golf ,Blue Tees,61,18,2,10:20:00,60,-1,934,127,True,False,18,60,True,True,True
98162,2026,MA2,2,757634,285906,285906,815,Round 2,2026-05-24,Charles Whittemore,854,The Quarries Disc Golf ,Blue Tees,61,18,2,10:30:00,64,3,897,128,True,False,18,64,True,True,True
98162,2026,MA2,2,757634,254922,254922,879,Round 2,2026-05-24,Benjamin Taylor,890,The Quarries Disc Golf ,Blue Tees,61,18,1,10:30:00,67,6,869,129,True,False,18,67,True,True,True
98162,2026,MA2,2,757634,57253,57253,927,Round 2,2026-05-24,Brenton Cakebread,931,The Quarries Disc Golf ,Blue Tees,61,18,1,10:20:00,63,2,906,130,True,False,18,63,True,True,True
98162,2026,MA2,2,757634,259718,259718,909,Round 2,2026-05-24,Kamden Cox,906,The Quarries Disc Golf ,Blue Tees,61,18,3,10:00:00,63,2,906,135,True,False,18,63,True,True,True
98162,2026,MA2,2,757634,314991,314991,866,Round 2,2026-05-24,Conner Spence,890,The Quarries Disc Golf ,Blue Tees,61,18,3,10:30:00,71,10,831,135,True,False,18,71,True,True,True
98162,2026,MA2,2,757634,324228,324228,892,Round 2,2026-05-24,Luc Cohen-Wanis,885,The Quarries Disc Golf ,Blue Tees,61,18,1,10:00:00,68,7,859,138,True,False,18,68,True,True,True
98162,2026,MA2,2,757634,256887,256887,817,Round 2,2026-05-24,Alex Gambero,812,The Quarries Disc Golf ,Blue Tees,61,18,2,10:10:00,72,11,821,141,True,False,18,72,True,True,True
98162,2026,MA2,2,757634,283063,283063,868,Round 2,2026-05-24,Ryan Chase,879,The Quarries Disc Golf ,Blue Tees,61,18,1,10:10:00,74,13,803,141,True,False,18,74,True,True,True
98162,2026,MA2,2,757634,279372,279372,912,Round 2,2026-05-24,Cale Bombardier,920,The Quarries Disc Golf ,Blue Tees,61,18,2,09:50:00,68,7,859,142,True,False,18,68,True,True,True
98162,2026,MA2,2,757634,291088,291088,883,Round 2,2026-05-24,Joseph Maher,880,The Quarries Disc Golf ,Blue Tees,61,18,2,10:00:00,71,10,831,142,True,False,18,71,True,True,True
98162,2026,MA2,2,757634,228201,228201,830,Round 2,2026-05-24,Waylon Spring,883,The Quarries Disc Golf ,Blue Tees,61,18,3,10:20:00,75,14,793,142,True,False,18,75,True,True,True
98162,2026,MA2,2,757634,308064,308064,818,Round 2,2026-05-24,Derek Chase,834,The Quarries Disc Golf ,Blue Tees,61,18,1,09:50:00,75,14,793,148,True,False,18,75,True,True,True
98162,2026,MA2,2,757634,27293,27293,839,Round 2,2026-05-24,Ryan Ryno Shirley,854,The Quarries Disc Golf ,Blue Tees,61,18,3,10:10:00,79,18,756,149,True,False,18,79,True,True,True
98162,2026,MA2,2,757634,324210,324210,781,Round 2,2026-05-24,Thomas Coleman,776,The Quarries Disc Golf ,Blue Tees,61,18,3,09:50:00,81,20,737,157,True,False,18,81,True,True,True
98162,2026,MA3,1,757637,239719,239719,835,Round 1,2026-05-24,Thane Griswold,820,The Quarries Disc Golf ,White Tees,61,18,1,08:20:00,55,-6,915,121,True,False,18,55,True,True,True
98162,2026,MA3,1,757637,289367,289367,833,Round 1,2026-05-24,Tyler Karnes,836,The Quarries Disc Golf ,White Tees,61,18,2,08:50:00,55,-6,915,118,True,False,18,55,True,True,True
98162,2026,MA3,1,757637,258870,258870,856,Round 1,2026-05-24,Brad Vaughn,857,The Quarries Disc Golf ,White Tees,61,18,4,08:40:00,58,-3,881,117,True,False,18,58,True,True,True
98162,2026,MA3,1,757637,312423,312423,798,Round 1,2026-05-24,Peter Cousino,819,The Quarries Disc Golf ,White Tees,61,18,3,08:30:00,59,-2,870,119,True,False,18,59,True,True,True
98162,2026,MA3,1,757637,316991,316991,827,Round 1,2026-05-24,Kevin Unrath,851,The Quarries Disc Golf ,White Tees,61,18,3,08:20:00,59,-2,870,122,True,False,18,59,True,True,True
98162,2026,MA3,1,757637,314105,314105,850,Round 1,2026-05-24,Dustin Smedy,835,The Quarries Disc Golf ,White Tees,61,18,2,08:20:00,61,0,848,116,True,False,18,61,True,True,True
98162,2026,MA3,1,757637,294772,294772,809,Round 1,2026-05-24,Aaron Ciccarelli,813,The Quarries Disc Golf ,White Tees,61,18,3,08:50:00,62,1,837,124,True,False,18,62,True,True,True
98162,2026,MA3,1,757637,268207,268207,738,Round 1,2026-05-24,Craig Reed,757,The Quarries Disc Golf ,White Tees,61,18,1,08:40:00,63,2,826,139,True,False,18,63,True,True,True
98162,2026,MA3,1,757637,286641,286641,837,Round 1,2026-05-24,Matthew Lanctot,837,The Quarries Disc Golf ,White Tees,61,18,2,08:40:00,64,3,815,124,True,False,18,64,True,True,True
98162,2026,MA3,1,757637,220393,220393,826,Round 1,2026-05-24,Zack Dossett,824,The Quarries Disc Golf ,White Tees,61,18,1,08:50:00,65,4,804,137,True,False,18,65,True,True,True
98162,2026,MA3,1,757637,322307,322307,,Round 1,2026-05-24,Nic Anderson,832,The Quarries Disc Golf ,White Tees,61,18,3,08:40:00,65,4,804,125,True,False,18,65,True,True,True
98162,2026,MA3,1,757637,322308,322308,,Round 1,2026-05-24,Sage Anderson,777,The Quarries Disc Golf ,White Tees,61,18,4,08:50:00,65,4,804,135,True,False,18,65,True,True,True
98162,2026,MA3,1,757637,285817,285817,785,Round 1,2026-05-24,Benjamin Warren,799,The Quarries Disc Golf ,White Tees,61,18,2,08:30:00,67,6,782,131,True,False,18,67,True,True,True
98162,2026,MA3,1,757637,278723,278723,772,Round 1,2026-05-24,Jeffrey Poplawski,776,The Quarries Disc Golf ,White Tees,61,18,1,08:30:00,71,10,737,138,True,False,18,71,True,True,True
98162,2026,MA3,2,757637,314105,314105,850,Round 2,2026-05-24,Dustin Smedy,835,The Quarries Disc Golf ,White Tees,61,18,2,08:40:00,55,-6,915,116,True,False,18,55,True,True,True
98162,2026,MA3,2,757637,258870,258870,856,Round 2,2026-05-24,Brad Vaughn,857,The Quarries Disc Golf ,White Tees,61,18,3,08:50:00,59,-2,870,117,True,False,18,59,True,True,True
98162,2026,MA3,2,757637,289367,289367,833,Round 2,2026-05-24,Tyler Karnes,836,The Quarries Disc Golf ,White Tees,61,18,2,08:50:00,63,2,826,118,True,False,18,63,True,True,True
98162,2026,MA3,2,757637,312423,312423,798,Round 2,2026-05-24,Peter Cousino,819,The Quarries Disc Golf ,White Tees,61,18,4,08:50:00,60,-1,859,119,True,False,18,60,True,True,True
98162,2026,MA3,2,757637,239719,239719,835,Round 2,2026-05-24,Thane Griswold,820,The Quarries Disc Golf ,White Tees,61,18,1,08:50:00,66,5,793,121,True,False,18,66,True,True,True
98162,2026,MA3,2,757637,316991,316991,827,Round 2,2026-05-24,Kevin Unrath,851,The Quarries Disc Golf ,White Tees,61,18,1,08:40:00,63,2,826,122,True,False,18,63,True,True,True
98162,2026,MA3,2,757637,286641,286641,837,Round 2,2026-05-24,Matthew Lanctot,837,The Quarries Disc Golf ,White Tees,61,18,1,08:30:00,60,-1,859,124,True,False,18,60,True,True,True
98162,2026,MA3,2,757637,294772,294772,809,Round 2,2026-05-24,Aaron Ciccarelli,813,The Quarries Disc Golf ,White Tees,61,18,3,08:40:00,62,1,837,124,True,False,18,62,True,True,True
98162,2026,MA3,2,757637,322307,322307,,Round 2,2026-05-24,Nic Anderson,832,The Quarries Disc Golf ,White Tees,61,18,3,08:30:00,60,-1,859,125,True,False,18,60,True,True,True
98162,2026,MA3,2,757637,285817,285817,785,Round 2,2026-05-24,Benjamin Warren,799,The Quarries Disc Golf ,White Tees,61,18,2,08:20:00,64,3,815,131,True,False,18,64,True,True,True
98162,2026,MA3,2,757637,322308,322308,,Round 2,2026-05-24,Sage Anderson,777,The Quarries Disc Golf ,White Tees,61,18,1,08:20:00,70,9,748,135,True,False,18,70,True,True,True
98162,2026,MA3,2,757637,220393,220393,826,Round 2,2026-05-24,Zack Dossett,824,The Quarries Disc Golf ,White Tees,61,18,2,08:30:00,72,11,726,137,True,False,18,72,True,True,True
98162,2026,MA3,2,757637,278723,278723,772,Round 2,2026-05-24,Jeffrey Poplawski,776,The Quarries Disc Golf ,White Tees,61,18,3,08:20:00,67,6,782,138,True,False,18,67,True,True,True
98162,2026,MA3,2,757637,268207,268207,738,Round 2,2026-05-24,Craig Reed,757,The Quarries Disc Golf ,White Tees,61,18,4,08:40:00,76,15,682,139,True,False,18,76,True,True,True
98162,2026,MA40,1,757634,109527,109527,886,Round 1,2026-05-24,Mike Wenzel,901,The Quarries Disc Golf ,Blue Tees,61,18,1,11:20:00,62,1,916,123,True,False,18,62,True,True,True
98162,2026,MA40,1,757634,261570,261570,900,Round 1,2026-05-24,John Beaudin,911,The Quarries Disc Golf ,Blue Tees,61,18,4,11:40:00,64,3,897,121,True,False,18,64,True,True,True
98162,2026,MA40,1,757634,205696,205696,862,Round 1,2026-05-24,Matthew Smith,856,The Quarries Disc Golf ,Blue Tees,61,18,2,11:20:00,65,4,887,137,True,False,18,65,True,True,True
98162,2026,MA40,1,757634,162090,162090,888,Round 1,2026-05-24,Grant Fortier,885,The Quarries Disc Golf ,Blue Tees,61,18,3,11:40:00,66,5,878,125,True,False,18,66,True,True,True
98162,2026,MA40,1,757634,221629,221629,872,Round 1,2026-05-24,Justin Morgan,858,The Quarries Disc Golf ,Blue Tees,61,18,3,11:20:00,68,7,859,142,True,False,18,68,True,True,True
98162,2026,MA40,2,757634,261570,261570,900,Round 2,2026-05-24,John Beaudin,911,The Quarries Disc Golf ,Blue Tees,61,18,2,11:40:00,57,-4,963,121,True,False,18,57,True,True,True
98162,2026,MA40,2,757634,109527,109527,886,Round 2,2026-05-24,Mike Wenzel,901,The Quarries Disc Golf ,Blue Tees,61,18,1,11:40:00,61,0,925,123,True,False,18,61,True,True,True
98162,2026,MA40,2,757634,162090,162090,888,Round 2,2026-05-24,Grant Fortier,885,The Quarries Disc Golf ,Blue Tees,61,18,4,11:40:00,59,-2,944,125,True,False,18,59,True,True,True
98162,2026,MA40,2,757634,205696,205696,862,Round 2,2026-05-24,Matthew Smith,856,The Quarries Disc Golf ,Blue Tees,61,18,3,11:40:00,72,11,821,137,True,False,18,72,True,True,True
98162,2026,MA40,2,757634,221629,221629,872,Round 2,2026-05-24,Justin Morgan,858,The Quarries Disc Golf ,Blue Tees,61,18,2,11:20:00,74,13,803,142,True,False,18,74,True,True,True
98162,2026,MA50,1,757634,275118,275118,884,Round 1,2026-05-24,Matthew German,905,The Quarries Disc Golf ,Blue Tees,61,18,4,11:30:00,59,-2,944,125,True,False,18,59,True,True,True
98162,2026,MA50,1,757634,216349,216349,867,Round 1,2026-05-24,Justin Bassett,879,The Quarries Disc Golf ,Blue Tees,61,18,1,11:40:00,63,2,906,129,True,False,18,63,True,True,True
98162,2026,MA50,1,757634,235035,235035,900,Round 1,2026-05-24,Paul Seyler,908,The Quarries Disc Golf ,Blue Tees,61,18,2,11:30:00,63,2,906,129,True,False,18,63,True,True,True
98162,2026,MA50,1,757634,251178,251178,879,Round 1,2026-05-24,Dan Rico,876,The Quarries Disc Golf ,Blue Tees,61,18,3,11:30:00,65,4,887,134,True,False,18,65,True,True,True
98162,2026,MA50,1,757634,268914,268914,898,Round 1,2026-05-24,James Sestokas,891,The Quarries Disc Golf ,Blue Tees,61,18,2,11:40:00,66,5,878,136,True,False,18,66,True,True,True
98162,2026,MA50,1,757634,34127,34127,870,Round 1,2026-05-24,Alan Rosa,867,The Quarries Disc Golf ,Blue Tees,61,18,1,11:30:00,71,10,831,136,True,False,18,71,True,True,True
98162,2026,MA50,2,757634,275118,275118,884,Round 2,2026-05-24,Matthew German,905,The Quarries Disc Golf ,Blue Tees,61,18,1,11:30:00,66,5,878,125,True,False,18,66,True,True,True
98162,2026,MA50,2,757634,216349,216349,867,Round 2,2026-05-24,Justin Bassett,879,The Quarries Disc Golf ,Blue Tees,61,18,2,11:30:00,66,5,878,129,True,False,18,66,True,True,True
98162,2026,MA50,2,757634,235035,235035,900,Round 2,2026-05-24,Paul Seyler,908,The Quarries Disc Golf ,Blue Tees,61,18,3,11:30:00,66,5,878,129,True,False,18,66,True,True,True
98162,2026,MA50,2,757634,251178,251178,879,Round 2,2026-05-24,Dan Rico,876,The Quarries Disc Golf ,Blue Tees,61,18,4,11:30:00,69,8,850,134,True,False,18,69,True,True,True
98162,2026,MA50,2,757634,34127,34127,870,Round 2,2026-05-24,Alan Rosa,867,The Quarries Disc Golf ,Blue Tees,61,18,3,11:20:00,65,4,887,136,True,False,18,65,True,True,True
98162,2026,MA50,2,757634,268914,268914,898,Round 2,2026-05-24,James Sestokas,891,The Quarries Disc Golf ,Blue Tees,61,18,1,11:20:00,70,9,840,136,True,False,18,70,True,True,True
98162,2026,MA60,1,757634,130713,130713,896,Round 1,2026-05-24,Ian Martin,902,The Quarries Disc Golf ,Blue Tees,61,18,1,11:00:00,62,1,916,128,True,False,18,62,True,True,True
98162,2026,MA60,1,757634,202875,202875,910,Round 1,2026-05-24,Thomas Limanek,911,The Quarries Disc Golf ,Blue Tees,61,18,3,11:00:00,62,1,916,126,True,False,18,62,True,True,True
98162,2026,MA60,1,757634,4687,4687,903,Round 1,2026-05-24,Tim Herbert,917,The Quarries Disc Golf ,Blue Tees,61,18,1,11:10:00,63,2,906,123,True,False,18,63,True,True,True
98162,2026,MA60,1,757634,91301,91301,908,Round 1,2026-05-24,Michael A. Stridsberg,898,The Quarries Disc Golf ,Blue Tees,61,18,3,11:10:00,66,5,878,130,True,False,18,66,True,True,True
98162,2026,MA60,1,757634,184372,184372,879,Round 1,2026-05-24,John Furman,887,The Quarries Disc Golf ,Blue Tees,61,18,2,11:00:00,66,5,878,134,True,False,18,66,True,True,True
98162,2026,MA60,1,757634,74478,74478,832,Round 1,2026-05-24,John Sudarsky,845,The Quarries Disc Golf ,Blue Tees,61,18,2,11:10:00,67,6,869,139,True,False,18,67,True,True,True
98162,2026,MA60,2,757634,4687,4687,903,Round 2,2026-05-24,Tim Herbert,917,The Quarries Disc Golf ,Blue Tees,61,18,3,11:10:00,60,-1,934,123,True,False,18,60,True,True,True
98162,2026,MA60,2,757634,202875,202875,910,Round 2,2026-05-24,Thomas Limanek,911,The Quarries Disc Golf ,Blue Tees,61,18,2,11:10:00,64,3,897,126,True,False,18,64,True,True,True
98162,2026,MA60,2,757634,130713,130713,896,Round 2,2026-05-24,Ian Martin,902,The Quarries Disc Golf ,Blue Tees,61,18,1,11:10:00,66,5,878,128,True,False,18,66,True,True,True
98162,2026,MA60,2,757634,91301,91301,908,Round 2,2026-05-24,Michael A. Stridsberg,898,The Quarries Disc Golf ,Blue Tees,61,18,1,11:00:00,64,3,897,130,True,False,18,64,True,True,True
98162,2026,MA60,2,757634,184372,184372,879,Round 2,2026-05-24,John Furman,887,The Quarries Disc Golf ,Blue Tees,61,18,2,11:00:00,68,7,859,134,True,False,18,68,True,True,True
98162,2026,MA60,2,757634,74478,74478,832,Round 2,2026-05-24,John Sudarsky,845,The Quarries Disc Golf ,Blue Tees,61,18,3,11:00:00,72,11,821,139,True,False,18,72,True,True,True
98162,2026,MA70,1,757637,248502,248502,827,Round 1,2026-05-24,Christian Andresen,846,The Quarries Disc Golf ,White Tees,61,18,3,09:10:00,61,0,848,123,True,False,18,61,True,True,True
98162,2026,MA70,1,757637,295403,295403,785,Round 1,2026-05-24,William Potter,793,The Quarries Disc Golf ,White Tees,61,18,4,09:10:00,67,6,782,132,True,False,18,67,True,True,True
98162,2026,MA70,1,757637,195353,195353,738,Round 1,2026-05-24,Jerome Mendicino,730,The Quarries Disc Golf ,White Tees,61,18,2,09:10:00,70,9,748,147,True,False,18,70,True,True,True
98162,2026,MA70,1,757637,192323,192323,768,Round 1,2026-05-24,Will Wright,753,The Quarries Disc Golf ,White Tees,61,18,1,09:10:00,72,11,726,142,True,False,18,72,True,True,True
98162,2026,MA70,2,757637,248502,248502,827,Round 2,2026-05-24,Christian Andresen,846,The Quarries Disc Golf ,White Tees,61,18,1,09:00:00,62,1,837,123,True,False,18,62,True,True,True
98162,2026,MA70,2,757637,295403,295403,785,Round 2,2026-05-24,William Potter,793,The Quarries Disc Golf ,White Tees,61,18,2,09:00:00,65,4,804,132,True,False,18,65,True,True,True
98162,2026,MA70,2,757637,192323,192323,768,Round 2,2026-05-24,Will Wright,753,The Quarries Disc Golf ,White Tees,61,18,4,09:00:00,70,9,748,142,True,False,18,70,True,True,True
98162,2026,MA70,2,757637,195353,195353,738,Round 2,2026-05-24,Jerome Mendicino,730,The Quarries Disc Golf ,White Tees,61,18,3,09:00:00,77,16,671,147,True,False,18,77,True,True,True
98162,2026,MP40,1,757634,93414,93414,966,Round 1,2026-05-24,Joshua Lemieux,961,The Quarries Disc Golf ,Blue Tees,61,18,2,13:50:00,52,-9,1010,109,True,False,18,52,True,True,True
98162,2026,MP40,1,757634,22318,22318,944,Round 1,2026-05-24,Aaron Smartt,965,The Quarries Disc Golf ,Blue Tees,61,18,2,13:40:00,54,-7,991,111,True,False,18,54,True,True,True
98162,2026,MP40,1,757634,193211,193211,919,Round 1,2026-05-24,Greg Babbin,933,The Quarries Disc Golf ,Blue Tees,61,18,3,13:50:00,54,-7,991,116,True,False,18,54,True,True,True
98162,2026,MP40,1,757634,110289,110289,943,Round 1,2026-05-24,Frank Wruk,945,The Quarries Disc Golf ,Blue Tees,61,18,1,13:40:00,56,-5,972,120,True,False,18,56,True,True,True
98162,2026,MP40,1,757634,301930,301930,915,Round 1,2026-05-24,Andrew Schumacher,922,The Quarries Disc Golf ,Blue Tees,61,18,4,13:30:00,56,-5,972,120,True,False,18,56,True,True,True
98162,2026,MP40,1,757634,247331,247331,902,Round 1,2026-05-24,Nick Russell,912,The Quarries Disc Golf ,Blue Tees,61,18,4,13:40:00,58,-3,953,,True,False,18,58,True,True,True
98162,2026,MP40,1,757634,65941,65941,938,Round 1,2026-05-24,Adam Abruzzi,950,The Quarries Disc Golf ,Blue Tees,61,18,1,13:30:00,60,-1,934,121,True,False,18,60,True,True,True
98162,2026,MP40,1,757634,290531,290531,928,Round 1,2026-05-24,Scott Ellis,922,The Quarries Disc Golf ,Blue Tees,61,18,3,13:40:00,61,0,925,119,True,False,18,61,True,True,True
98162,2026,MP40,1,757634,99260,99260,887,Round 1,2026-05-24,Matthew Martell,880,The Quarries Disc Golf ,Blue Tees,61,18,3,13:30:00,62,1,916,132,True,False,18,62,True,True,True
98162,2026,MP40,1,757634,89829,89829,911,Round 1,2026-05-24,Garrett Washburn,923,The Quarries Disc Golf ,Blue Tees,61,18,1,13:50:00,63,2,906,124,True,False,18,63,True,True,True
98162,2026,MP40,1,757634,273662,273662,920,Round 1,2026-05-24,John McKinnon,920,The Quarries Disc Golf ,Blue Tees,61,18,4,13:50:00,63,2,906,123,True,False,18,63,True,True,True
98162,2026,MP40,1,757634,159476,159476,914,Round 1,2026-05-24,James Lightholder,899,The Quarries Disc Golf ,Blue Tees,61,18,2,13:30:00,66,5,878,131,True,False,18,66,True,True,True
98162,2026,MP40,2,757634,93414,93414,966,Round 2,2026-05-24,Joshua Lemieux,961,The Quarries Disc Golf ,Blue Tees,61,18,1,13:50:00,57,-4,963,109,True,False,18,57,True,True,True
98162,2026,MP40,2,757634,22318,22318,944,Round 2,2026-05-24,Aaron Smartt,965,The Quarries Disc Golf ,Blue Tees,61,18,2,13:50:00,57,-4,963,111,True,False,18,57,True,True,True
98162,2026,MP40,2,757634,193211,193211,919,Round 2,2026-05-24,Greg Babbin,933,The Quarries Disc Golf ,Blue Tees,61,18,3,13:50:00,62,1,916,116,True,False,18,62,True,True,True
98162,2026,MP40,2,757634,290531,290531,928,Round 2,2026-05-24,Scott Ellis,922,The Quarries Disc Golf ,Blue Tees,61,18,3,13:40:00,58,-3,953,119,True,False,18,58,True,True,True
98162,2026,MP40,2,757634,110289,110289,943,Round 2,2026-05-24,Frank Wruk,945,The Quarries Disc Golf ,Blue Tees,61,18,4,13:50:00,64,3,897,120,True,False,18,64,True,True,True
98162,2026,MP40,2,757634,301930,301930,915,Round 2,2026-05-24,Andrew Schumacher,922,The Quarries Disc Golf ,Blue Tees,61,18,1,13:40:00,64,3,897,120,True,False,18,64,True,True,True
98162,2026,MP40,2,757634,65941,65941,938,Round 2,2026-05-24,Adam Abruzzi,950,The Quarries Disc Golf ,Blue Tees,61,18,2,13:40:00,61,0,925,121,True,False,18,61,True,True,True
98162,2026,MP40,2,757634,273662,273662,920,Round 2,2026-05-24,John McKinnon,920,The Quarries Disc Golf ,Blue Tees,61,18,3,13:30:00,60,-1,934,123,True,False,18,60,True,True,True
98162,2026,MP40,2,757634,89829,89829,911,Round 2,2026-05-24,Garrett Washburn,923,The Quarries Disc Golf ,Blue Tees,61,18,2,13:30:00,61,0,925,124,True,False,18,61,True,True,True
98162,2026,MP40,2,757634,159476,159476,914,Round 2,2026-05-24,James Lightholder,899,The Quarries Disc Golf ,Blue Tees,61,18,4,13:30:00,65,4,887,131,True,False,18,65,True,True,True
98162,2026,MP40,2,757634,99260,99260,887,Round 2,2026-05-24,Matthew Martell,880,The Quarries Disc Golf ,Blue Tees,61,18,1,13:30:00,70,9,840,132,True,False,18,70,True,True,True
98162,2026,MP40,2,757634,247331,247331,902,Round 2,2026-05-24,Nick Russell,912,The Quarries Disc Golf ,Blue Tees,61,18,2,13:40:00,,,,,True,True,0,,False,False,False
98162,2026,MP50,1,757634,166239,166239,949,Round 1,2026-05-24,Tom Raub,958,The Quarries Disc Golf ,Blue Tees,61,18,3,13:00:00,55,-6,981,113,True,False,18,55,True,True,True
98162,2026,MP50,1,757634,32401,32401,927,Round 1,2026-05-24,Todd Holmes,940,The Quarries Disc Golf ,Blue Tees,61,18,1,13:00:00,57,-4,963,119,True,False,18,57,True,True,True
98162,2026,MP50,1,757634,25395,25395,952,Round 1,2026-05-24,Peter Belizi,944,The Quarries Disc Golf ,Blue Tees,61,18,4,13:20:00,58,-3,953,121,True,False,18,58,True,True,True
98162,2026,MP50,1,757634,189489,189489,948,Round 1,2026-05-24,Joshua Niss,937,The Quarries Disc Golf ,Blue Tees,61,18,3,13:20:00,59,-2,944,116,True,False,18,59,True,True,True
98162,2026,MP50,1,757634,24381,24381,939,Round 1,2026-05-24,Chris Young,937,The Quarries Disc Golf ,Blue Tees,61,18,1,13:20:00,60,-1,934,120,True,False,18,60,True,True,True
98162,2026,MP50,1,757634,96621,96621,937,Round 1,2026-05-24,Jeremy McKittrick,932,The Quarries Disc Golf ,Blue Tees,61,18,2,13:00:00,60,-1,934,122,True,False,18,60,True,True,True
98162,2026,MP50,1,757634,120692,120692,910,Round 1,2026-05-24,Corey Johnson,911,The Quarries Disc Golf ,Blue Tees,61,18,1,13:10:00,60,-1,934,121,True,False,18,60,True,True,True
98162,2026,MP50,1,757634,12667,12667,913,Round 1,2026-05-24,Scott Shepardson,906,The Quarries Disc Golf ,Blue Tees,61,18,2,13:10:00,62,1,916,131,True,False,18,62,True,True,True
98162,2026,MP50,1,757634,243814,243814,915,Round 1,2026-05-24,Brooks Holmes,911,The Quarries Disc Golf ,Blue Tees,61,18,4,13:10:00,62,1,916,127,True,False,18,62,True,True,True
98162,2026,MP50,1,757634,154887,154887,933,Round 1,2026-05-24,Brian Hunter,941,The Quarries Disc Golf ,Blue Tees,61,18,2,13:20:00,64,3,897,123,True,False,18,64,True,True,True
98162,2026,MP50,1,757634,148818,148818,907,Round 1,2026-05-24,Jim Olson,900,The Quarries Disc Golf ,Blue Tees,61,18,4,13:00:00,65,4,887,126,True,False,18,65,True,True,True
98162,2026,MP50,1,757634,223480,223480,882,Round 1,2026-05-24,Marc Kirkpatrick,879,The Quarries Disc Golf ,Blue Tees,61,18,3,13:10:00,66,5,878,136,True,False,18,66,True,True,True
98162,2026,MP50,2,757634,166239,166239,949,Round 2,2026-05-24,Tom Raub,958,The Quarries Disc Golf ,Blue Tees,61,18,1,13:20:00,58,-3,953,113,True,False,18,58,True,True,True
98162,2026,MP50,2,757634,189489,189489,948,Round 2,2026-05-24,Joshua Niss,937,The Quarries Disc Golf ,Blue Tees,61,18,4,13:20:00,57,-4,963,116,True,False,18,57,True,True,True
98162,2026,MP50,2,757634,32401,32401,927,Round 2,2026-05-24,Todd Holmes,940,The Quarries Disc Golf ,Blue Tees,61,18,2,13:20:00,62,1,916,119,True,False,18,62,True,True,True
98162,2026,MP50,2,757634,24381,24381,939,Round 2,2026-05-24,Chris Young,937,The Quarries Disc Golf ,Blue Tees,61,18,1,13:10:00,60,-1,934,120,True,False,18,60,True,True,True
98162,2026,MP50,2,757634,120692,120692,910,Round 2,2026-05-24,Corey Johnson,911,The Quarries Disc Golf ,Blue Tees,61,18,3,13:10:00,61,0,925,121,True,False,18,61,True,True,True
98162,2026,MP50,2,757634,25395,25395,952,Round 2,2026-05-24,Peter Belizi,944,The Quarries Disc Golf ,Blue Tees,61,18,3,13:20:00,63,2,906,121,True,False,18,63,True,True,True
98162,2026,MP50,2,757634,96621,96621,937,Round 2,2026-05-24,Jeremy McKittrick,932,The Quarries Disc Golf ,Blue Tees,61,18,2,13:10:00,62,1,916,122,True,False,18,62,True,True,True
98162,2026,MP50,2,757634,154887,154887,933,Round 2,2026-05-24,Brian Hunter,941,The Quarries Disc Golf ,Blue Tees,61,18,2,13:00:00,59,-2,944,123,True,False,18,59,True,True,True
98162,2026,MP50,2,757634,148818,148818,907,Round 2,2026-05-24,Jim Olson,900,The Quarries Disc Golf ,Blue Tees,61,18,3,13:00:00,61,0,925,126,True,False,18,61,True,True,True
98162,2026,MP50,2,757634,243814,243814,915,Round 2,2026-05-24,Brooks Holmes,911,The Quarries Disc Golf ,Blue Tees,61,18,1,13:00:00,65,4,887,127,True,False,18,65,True,True,True
98162,2026,MP50,2,757634,12667,12667,913,Round 2,2026-05-24,Scott Shepardson,906,The Quarries Disc Golf ,Blue Tees,61,18,4,13:10:00,69,8,850,131,True,False,18,69,True,True,True
98162,2026,MP50,2,757634,223480,223480,882,Round 2,2026-05-24,Marc Kirkpatrick,879,The Quarries Disc Golf ,Blue Tees,61,18,4,13:00:00,70,9,840,136,True,False,18,70,True,True,True
98162,2026,MPO,1,757634,124607,124607,1005,Round 1,2026-05-24,Gillis MacDougall,1007,The Quarries Disc Golf ,Blue Tees,61,18,1,14:40:00,51,-10,1019,107,True,False,18,51,True,True,True
98162,2026,MPO,1,757634,161558,161558,994,Round 1,2026-05-24,Brad Schott,994,The Quarries Disc Golf ,Blue Tees,61,18,3,15:20:00,51,-10,1019,105,True,False,18,51,True,True,True
98162,2026,MPO,1,757634,94450,94450,955,Round 1,2026-05-24,Brendan Rollins,958,The Quarries Disc Golf ,Blue Tees,61,18,1,15:20:00,54,-7,991,113,True,False,18,54,True,True,True
98162,2026,MPO,1,757634,169393,169393,987,Round 1,2026-05-24,Aidan Trombley,977,The Quarries Disc Golf ,Blue Tees,61,18,2,14:30:00,54,-7,991,116,True,False,18,54,True,True,True
98162,2026,MPO,1,757634,244118,244118,967,Round 1,2026-05-24,Hector Molina,973,The Quarries Disc Golf ,Blue Tees,61,18,3,14:20:00,54,-7,991,113,True,False,18,54,True,True,True
98162,2026,MPO,1,757634,83848,83848,1002,Round 1,2026-05-24,Landon Brooks,1010,The Quarries Disc Golf ,Blue Tees,61,18,1,14:30:00,55,-6,981,111,True,False,18,55,True,True,True
98162,2026,MPO,1,757634,111643,111643,994,Round 1,2026-05-24,Finn Etter,1013,The Quarries Disc Golf ,Blue Tees,61,18,1,15:00:00,56,-5,972,106,True,False,18,56,True,True,True
98162,2026,MPO,1,757634,204892,204892,972,Round 1,2026-05-24,Tiernan Roland,973,The Quarries Disc Golf ,Blue Tees,61,18,2,14:40:00,56,-5,972,116,True,False,18,56,True,True,True
98162,2026,MPO,1,757634,100885,100885,929,Round 1,2026-05-24,Jacob Moore,945,The Quarries Disc Golf ,Blue Tees,61,18,1,15:10:00,57,-4,963,114,True,False,18,57,True,True,True
98162,2026,MPO,1,757634,83649,83649,945,Round 1,2026-05-24,Casey Besaw,947,The Quarries Disc Golf ,Blue Tees,61,18,2,14:50:00,58,-3,953,115,True,False,18,58,True,True,True
98162,2026,MPO,1,757634,106751,106751,940,Round 1,2026-05-24,Jeffrey Abbott,952,The Quarries Disc Golf ,Blue Tees,61,18,2,15:10:00,58,-3,953,113,True,False,18,58,True,True,True
98162,2026,MPO,1,757634,124203,124203,948,Round 1,2026-05-24,Ezra Koch,954,The Quarries Disc Golf ,Blue Tees,61,18,2,15:20:00,58,-3,953,114,True,False,18,58,True,True,True
98162,2026,MPO,1,757634,235658,235658,947,Round 1,2026-05-24,Brandon Westburg,963,The Quarries Disc Golf ,Blue Tees,61,18,4,14:50:00,58,-3,953,113,True,False,18,58,True,True,True
98162,2026,MPO,1,757634,258837,258837,963,Round 1,2026-05-24,Brandon Cournoyer,977,The Quarries Disc Golf ,Blue Tees,61,18,3,14:10:00,58,-3,953,110,True,False,18,58,True,True,True
98162,2026,MPO,1,757634,309050,309050,963,Round 1,2026-05-24,Francis Schumacher,959,The Quarries Disc Golf ,Blue Tees,61,18,4,14:30:00,58,-3,953,117,True,False,18,58,True,True,True
98162,2026,MPO,1,757634,109086,109086,946,Round 1,2026-05-24,Aaron Schlossberg,947,The Quarries Disc Golf ,Blue Tees,61,18,1,14:10:00,59,-2,944,120,True,False,18,59,True,True,True
98162,2026,MPO,1,757634,118928,118928,937,Round 1,2026-05-24,Tyler Pomichter,926,The Quarries Disc Golf ,Blue Tees,61,18,4,15:20:00,59,-2,944,120,True,False,18,59,True,True,True
98162,2026,MPO,1,757634,131653,131653,950,Round 1,2026-05-24,Sean Chi,946,The Quarries Disc Golf ,Blue Tees,61,18,3,15:00:00,59,-2,944,120,True,False,18,59,True,True,True
98162,2026,MPO,1,757634,168047,168047,914,Round 1,2026-05-24,Jim Desisto,915,The Quarries Disc Golf ,Blue Tees,61,18,1,14:20:00,59,-2,944,128,True,False,18,59,True,True,True
98162,2026,MPO,1,757634,161510,161510,910,Round 1,2026-05-24,TJ Rubin,919,The Quarries Disc Golf ,Blue Tees,61,18,3,14:50:00,60,-1,934,125,True,False,18,60,True,True,True
98162,2026,MPO,1,757634,164118,164118,943,Round 1,2026-05-24,Fred Longchamp,945,The Quarries Disc Golf ,Blue Tees,61,18,2,14:10:00,61,0,925,117,True,False,18,61,True,True,True
98162,2026,MPO,1,757634,146226,146226,929,Round 1,2026-05-24,Jason Cagney,927,The Quarries Disc Golf ,Blue Tees,61,18,4,15:00:00,62,1,916,126,True,False,18,62,True,True,True
98162,2026,MPO,1,757634,275041,275041,926,Round 1,2026-05-24,Samuel Schonberg,937,The Quarries Disc Golf ,Blue Tees,61,18,3,14:30:00,62,1,916,123,True,False,18,62,True,True,True
98162,2026,MPO,1,757634,131201,131201,973,Round 1,2026-05-24,Tyler LaPerle,973,The Quarries Disc Golf ,Blue Tees,61,18,2,15:00:00,63,2,906,119,True,False,18,63,True,True,True
98162,2026,MPO,1,757634,207793,207793,906,Round 1,2026-05-24,Walker White,917,The Quarries Disc Golf ,Blue Tees,61,18,3,14:40:00,63,2,906,125,True,False,18,63,True,True,True
98162,2026,MPO,1,757634,219307,219307,920,Round 1,2026-05-24,Everett Secor,935,The Quarries Disc Golf ,Blue Tees,61,18,2,14:20:00,63,2,906,120,True,False,18,63,True,True,True
98162,2026,MPO,1,757634,82340,82340,935,Round 1,2026-05-24,Justin Leonard,912,The Quarries Disc Golf ,Blue Tees,61,18,1,14:50:00,65,4,887,130,True,False,18,65,True,True,True
98162,2026,MPO,1,757634,106970,106970,849,Round 1,2026-05-24,Stefan Farrell,852,The Quarries Disc Golf ,Blue Tees,61,18,3,15:10:00,66,5,878,141,True,False,18,66,True,True,True
98162,2026,MPO,1,757634,187845,187845,937,Round 1,2026-05-24,Shane Seals,962,The Quarries Disc Golf ,Blue Tees,61,18,4,15:10:00,66,5,878,133,True,False,18,66,True,True,True
98162,2026,MPO,2,757634,161558,161558,994,Round 2,2026-05-24,Brad Schott,994,The Quarries Disc Golf ,Blue Tees,61,18,2,15:20:00,54,-7,991,105,True,False,18,54,True,True,True
98162,2026,MPO,2,757634,111643,111643,994,Round 2,2026-05-24,Finn Etter,1013,The Quarries Disc Golf ,Blue Tees,61,18,3,15:10:00,50,-11,1028,106,True,False,18,50,True,True,True
98162,2026,MPO,2,757634,124607,124607,1005,Round 2,2026-05-24,Gillis MacDougall,1007,The Quarries Disc Golf ,Blue Tees,61,18,1,15:20:00,56,-5,972,107,True,False,18,56,True,True,True
98162,2026,MPO,2,757634,258837,258837,963,Round 2,2026-05-24,Brandon Cournoyer,977,The Quarries Disc Golf ,Blue Tees,61,18,2,14:50:00,52,-9,1010,110,True,False,18,52,True,True,True
98162,2026,MPO,2,757634,83848,83848,1002,Round 2,2026-05-24,Landon Brooks,1010,The Quarries Disc Golf ,Blue Tees,61,18,2,15:10:00,56,-5,972,111,True,False,18,56,True,True,True
98162,2026,MPO,2,757634,106751,106751,940,Round 2,2026-05-24,Jeffrey Abbott,952,The Quarries Disc Golf ,Blue Tees,61,18,3,15:00:00,55,-6,981,113,True,False,18,55,True,True,True
98162,2026,MPO,2,757634,235658,235658,947,Round 2,2026-05-24,Brandon Westburg,963,The Quarries Disc Golf ,Blue Tees,61,18,1,14:50:00,55,-6,981,113,True,False,18,55,True,True,True
98162,2026,MPO,2,757634,94450,94450,955,Round 2,2026-05-24,Brendan Rollins,958,The Quarries Disc Golf ,Blue Tees,61,18,3,15:20:00,59,-2,944,113,True,False,18,59,True,True,True
98162,2026,MPO,2,757634,244118,244118,967,Round 2,2026-05-24,Hector Molina,973,The Quarries Disc Golf ,Blue Tees,61,18,1,15:10:00,59,-2,944,113,True,False,18,59,True,True,True
98162,2026,MPO,2,757634,124203,124203,948,Round 2,2026-05-24,Ezra Koch,954,The Quarries Disc Golf ,Blue Tees,61,18,4,15:00:00,56,-5,972,114,True,False,18,56,True,True,True
98162,2026,MPO,2,757634,100885,100885,929,Round 2,2026-05-24,Jacob Moore,945,The Quarries Disc Golf ,Blue Tees,61,18,1,15:00:00,57,-4,963,114,True,False,18,57,True,True,True
98162,2026,MPO,2,757634,83649,83649,945,Round 2,2026-05-24,Casey Besaw,947,The Quarries Disc Golf ,Blue Tees,61,18,2,15:00:00,57,-4,963,115,True,False,18,57,True,True,True
98162,2026,MPO,2,757634,204892,204892,972,Round 2,2026-05-24,Tiernan Roland,973,The Quarries Disc Golf ,Blue Tees,61,18,4,15:10:00,60,-1,934,116,True,False,18,60,True,True,True
98162,2026,MPO,2,757634,169393,169393,987,Round 2,2026-05-24,Aidan Trombley,977,The Quarries Disc Golf ,Blue Tees,61,18,4,15:20:00,62,1,916,116,True,False,18,62,True,True,True
98162,2026,MPO,2,757634,164118,164118,943,Round 2,2026-05-24,Fred Longchamp,945,The Quarries Disc Golf ,Blue Tees,61,18,1,14:30:00,56,-5,972,117,True,False,18,56,True,True,True
98162,2026,MPO,2,757634,309050,309050,963,Round 2,2026-05-24,Francis Schumacher,959,The Quarries Disc Golf ,Blue Tees,61,18,3,14:50:00,59,-2,944,117,True,False,18,59,True,True,True
98162,2026,MPO,2,757634,131201,131201,973,Round 2,2026-05-24,Tyler LaPerle,973,The Quarries Disc Golf ,Blue Tees,61,18,1,14:20:00,56,-5,972,119,True,False,18,56,True,True,True
98162,2026,MPO,2,757634,219307,219307,920,Round 2,2026-05-24,Everett Secor,935,The Quarries Disc Golf ,Blue Tees,61,18,3,14:20:00,57,-4,963,120,True,False,18,57,True,True,True
98162,2026,MPO,2,757634,109086,109086,946,Round 2,2026-05-24,Aaron Schlossberg,947,The Quarries Disc Golf ,Blue Tees,61,18,4,14:50:00,61,0,925,120,True,False,18,61,True,True,True
98162,2026,MPO,2,757634,118928,118928,937,Round 2,2026-05-24,Tyler Pomichter,926,The Quarries Disc Golf ,Blue Tees,61,18,1,14:40:00,61,0,925,120,True,False,18,61,True,True,True
98162,2026,MPO,2,757634,131653,131653,950,Round 2,2026-05-24,Sean Chi,946,The Quarries Disc Golf ,Blue Tees,61,18,2,14:40:00,61,0,925,120,True,False,18,61,True,True,True
98162,2026,MPO,2,757634,275041,275041,926,Round 2,2026-05-24,Samuel Schonberg,937,The Quarries Disc Golf ,Blue Tees,61,18,3,14:30:00,61,0,925,123,True,False,18,61,True,True,True
98162,2026,MPO,2,757634,207793,207793,906,Round 2,2026-05-24,Walker White,917,The Quarries Disc Golf ,Blue Tees,61,18,2,14:20:00,62,1,916,125,True,False,18,62,True,True,True
98162,2026,MPO,2,757634,161510,161510,910,Round 2,2026-05-24,TJ Rubin,919,The Quarries Disc Golf ,Blue Tees,61,18,4,14:40:00,65,4,887,125,True,False,18,65,True,True,True
98162,2026,MPO,2,757634,146226,146226,929,Round 2,2026-05-24,Jason Cagney,927,The Quarries Disc Golf ,Blue Tees,61,18,2,14:30:00,64,3,897,126,True,False,18,64,True,True,True
98162,2026,MPO,2,757634,168047,168047,914,Round 2,2026-05-24,Jim Desisto,915,The Quarries Disc Golf ,Blue Tees,61,18,3,14:40:00,69,8,850,128,True,False,18,69,True,True,True
98162,2026,MPO,2,757634,82340,82340,935,Round 2,2026-05-24,Justin Leonard,912,The Quarries Disc Golf ,Blue Tees,61,18,1,14:10:00,65,4,887,130,True,False,18,65,True,True,True
98162,2026,MPO,2,757634,187845,187845,937,Round 2,2026-05-24,Shane Seals,962,The Quarries Disc Golf ,Blue Tees,61,18,3,14:10:00,67,6,869,133,True,False,18,67,True,True,True
98162,2026,MPO,2,757634,106970,106970,849,Round 2,2026-05-24,Stefan Farrell,852,The Quarries Disc Golf ,Blue Tees,61,18,2,14:10:00,75,14,793,141,True,False,18,75,True,True,True
98220,2026,FA3,1,761173,325054,325054,690,Round 1,2026-06-07,Jaime Aliffi,712,Big Rock @ Murray Hill,Big Rock white tees,60,18,3,08:40:00,77,17,715,153,True,False,18,77,True,True,True
98220,2026,FA3,2,761173,325054,325054,690,Round 2,2026-06-07,Jaime Aliffi,712,Big Rock @ Murray Hill,Big Rock white tees,60,18,3,10:15:00,78,16,725,153,True,False,18,78,True,True,True
98220,2026,FA40,1,761173,275115,275115,790,Round 1,2026-06-07,Mindy German,805,Big Rock @ Murray Hill,Big Rock white tees,60,18,1,08:40:00,67,7,818,137,True,False,18,67,True,True,True
98220,2026,FA40,1,761173,277475,277475,699,Round 1,2026-06-07,Erin Rice,727,Big Rock @ Murray Hill,Big Rock white tees,60,18,2,08:40:00,76,16,725,146,True,False,18,76,True,True,True
98220,2026,FA40,2,761173,275115,275115,790,Round 2,2026-06-07,Mindy German,805,Big Rock @ Murray Hill,Big Rock white tees,60,18,1,10:15:00,71,10,787,137,True,False,18,71,True,True,True
98220,2026,FA40,2,761173,277475,277475,699,Round 2,2026-06-07,Erin Rice,727,Big Rock @ Murray Hill,Big Rock white tees,60,18,2,10:15:00,71,10,787,146,True,False,18,71,True,True,True
98220,2026,FJ08,1,761970,305166,305166,252,Round 1,2026-06-07,Matilda Babbin,349,Big Rock @ Murray Hill,Big Rock @ Murray Hill Red tees,58,18,2,07:40:00,92,34,226,176,True,False,18,92,True,True,True
98220,2026,FJ08,2,761970,305166,305166,252,Round 2,2026-06-07,Matilda Babbin,349,Big Rock @ Murray Hill,Big Rock @ Murray Hill Red tees,58,18,3,08:30:00,84,26,346,176,True,False,18,84,True,True,True
98220,2026,FJ10,1,761970,306226,306226,345,Round 1,2026-06-07,Mila Fisher,435,Big Rock @ Murray Hill,Big Rock @ Murray Hill Red tees,58,18,3,07:40:00,90,32,256,176,True,False,18,90,True,True,True
98220,2026,FJ10,2,761970,306226,306226,345,Round 2,2026-06-07,Mila Fisher,435,Big Rock @ Murray Hill,Big Rock @ Murray Hill Red tees,58,18,2,08:30:00,86,28,316,176,True,False,18,86,True,True,True
98220,2026,FJ12,1,761970,261367,261367,453,Round 1,2026-06-07,Annabelle Babbin,525,Big Rock @ Murray Hill,Big Rock @ Murray Hill Red tees,58,18,1,07:40:00,78,20,436,152,True,False,18,78,True,True,True
98220,2026,FJ12,2,761970,261367,261367,453,Round 2,2026-06-07,Annabelle Babbin,525,Big Rock @ Murray Hill,Big Rock @ Murray Hill Red tees,58,18,1,08:30:00,74,16,496,152,True,False,18,74,True,True,True
98220,2026,MA1,1,761093,188818,188818,935,Round 1,2026-06-07,Russ Causley,,Big Rock @ Murray Hill,Big Rock Blue tees,66,18,2,10:20:00,57,-9,1017,123,True,False,18,57,True,True,True
98220,2026,MA1,1,761093,219714,219714,937,Round 1,2026-06-07,Porter Schrader,957,Big Rock @ Murray Hill,Big Rock Blue tees,66,18,1,10:10:00,63,-3,968,126,True,False,18,63,True,True,True
98220,2026,MA1,1,761093,170866,170866,945,Round 1,2026-06-07,Austin Zachery,956,Big Rock @ Murray Hill,Big Rock Blue tees,66,18,3,10:30:00,65,-1,952,135,True,False,18,65,True,True,True
98220,2026,MA1,1,761093,223671,223671,938,Round 1,2026-06-07,Brendan Van Tuinen,942,Big Rock @ Murray Hill,Big Rock Blue tees,66,18,3,10:10:00,66,0,944,137,True,False,18,66,True,True,True
98220,2026,MA1,1,761093,221157,221157,922,Round 1,2026-06-07,Dylan Slick,915,Big Rock @ Murray Hill,Big Rock Blue tees,66,18,2,10:10:00,67,1,936,131,True,False,18,67,True,True,True
98220,2026,MA1,1,761093,210681,210681,910,Round 1,2026-06-07,Kyle Anderson Andresen,911,Big Rock @ Murray Hill,Big Rock Blue tees,66,18,3,10:20:00,70,4,912,141,True,False,18,70,True,True,True
98220,2026,MA1,1,761093,110707,110707,930,Round 1,2026-06-07,Jason Wilson,927,Big Rock @ Murray Hill,Big Rock Blue tees,66,18,2,10:30:00,72,6,896,138,True,False,18,72,True,True,True
98220,2026,MA1,1,761093,274427,274427,912,Round 1,2026-06-07,Pace McKinnon,937,Big Rock @ Murray Hill,Big Rock Blue tees,66,18,4,10:10:00,72,6,896,140,True,False,18,72,True,True,True
98220,2026,MA1,1,761093,261284,261284,898,Round 1,2026-06-07,Blake Martino,916,Big Rock @ Murray Hill,Big Rock Blue tees,66,18,4,10:20:00,74,8,879,142,True,False,18,74,True,True,True
98220,2026,MA1,1,761093,242103,242103,885,Round 1,2026-06-07,Nathan Oxenfeld,895,Big Rock @ Murray Hill,Big Rock Blue tees,66,18,4,10:30:00,75,9,871,148,True,False,18,75,True,True,True
98220,2026,MA1,1,761093,96154,96154,873,Round 1,2026-06-07,Travis Jacques,871,Big Rock @ Murray Hill,Big Rock Blue tees,66,18,1,10:30:00,76,10,863,146,True,False,18,76,True,True,True
98220,2026,MA1,1,761093,175140,175140,905,Round 1,2026-06-07,Christian Garey,890,Big Rock @ Murray Hill,Big Rock Blue tees,66,18,1,10:20:00,77,11,855,150,True,False,18,77,True,True,True
98220,2026,MA1,2,761093,188818,188818,935,Round 2,2026-06-07,Russ Causley,,Big Rock @ Murray Hill,Big Rock Blue tees,66,18,1,13:00:00,66,0,944,123,True,False,18,66,True,True,True
98220,2026,MA1,2,761093,219714,219714,937,Round 2,2026-06-07,Porter Schrader,957,Big Rock @ Murray Hill,Big Rock Blue tees,66,18,2,13:00:00,63,-3,968,126,True,False,18,63,True,True,True
98220,2026,MA1,2,761093,221157,221157,922,Round 2,2026-06-07,Dylan Slick,915,Big Rock @ Murray Hill,Big Rock Blue tees,66,18,1,12:45:00,64,-2,960,131,True,False,18,64,True,True,True
98220,2026,MA1,2,761093,170866,170866,945,Round 2,2026-06-07,Austin Zachery,956,Big Rock @ Murray Hill,Big Rock Blue tees,66,18,3,13:00:00,70,4,912,135,True,False,18,70,True,True,True
98220,2026,MA1,2,761093,223671,223671,938,Round 2,2026-06-07,Brendan Van Tuinen,942,Big Rock @ Murray Hill,Big Rock Blue tees,66,18,4,13:00:00,71,5,904,137,True,False,18,71,True,True,True
98220,2026,MA1,2,761093,110707,110707,930,Round 2,2026-06-07,Jason Wilson,927,Big Rock @ Murray Hill,Big Rock Blue tees,66,18,3,12:45:00,66,0,944,138,True,False,18,66,True,True,True
98220,2026,MA1,2,761093,274427,274427,912,Round 2,2026-06-07,Pace McKinnon,937,Big Rock @ Murray Hill,Big Rock Blue tees,66,18,4,12:45:00,68,2,928,140,True,False,18,68,True,True,True
98220,2026,MA1,2,761093,210681,210681,910,Round 2,2026-06-07,Kyle Anderson Andresen,911,Big Rock @ Murray Hill,Big Rock Blue tees,66,18,2,12:45:00,71,5,904,141,True,False,18,71,True,True,True
98220,2026,MA1,2,761093,261284,261284,898,Round 2,2026-06-07,Blake Martino,916,Big Rock @ Murray Hill,Big Rock Blue tees,66,18,1,12:30:00,68,2,928,142,True,False,18,68,True,True,True
98220,2026,MA1,2,761093,96154,96154,873,Round 2,2026-06-07,Travis Jacques,871,Big Rock @ Murray Hill,Big Rock Blue tees,66,18,3,12:30:00,70,4,912,146,True,False,18,70,True,True,True
98220,2026,MA1,2,761093,242103,242103,885,Round 2,2026-06-07,Nathan Oxenfeld,895,Big Rock @ Murray Hill,Big Rock Blue tees,66,18,2,12:30:00,73,7,888,148,True,False,18,73,True,True,True
98220,2026,MA1,2,761093,175140,175140,905,Round 2,2026-06-07,Christian Garey,890,Big Rock @ Murray Hill,Big Rock Blue tees,66,18,4,12:30:00,73,7,888,150,True,False,18,73,True,True,True
98220,2026,MA2,1,761093,268186,268186,914,Round 1,2026-06-07,Brody Reed,926,Big Rock @ Murray Hill,Big Rock Blue tees,66,18,4,09:30:00,66,0,944,136,True,False,18,66,True,True,True
98220,2026,MA2,1,761093,259718,259718,909,Round 1,2026-06-07,Kamden Cox,906,Big Rock @ Murray Hill,Big Rock Blue tees,66,18,1,09:30:00,67,1,936,135,True,False,18,67,True,True,True
98220,2026,MA2,1,761093,248718,248718,896,Round 1,2026-06-07,Keane Roland,916,Big Rock @ Murray Hill,Big Rock Blue tees,66,18,1,09:10:00,69,3,920,138,True,False,18,69,True,True,True
98220,2026,MA2,1,761093,317912,317912,841,Round 1,2026-06-07,Drew Celeste,899,Big Rock @ Murray Hill,Big Rock Blue tees,66,18,2,09:00:00,69,3,920,141,True,False,18,69,True,True,True
98220,2026,MA2,1,761093,329548,329548,,Round 1,2026-06-07,Naim Greenberg-Nielsen,908,Big Rock @ Murray Hill,Big Rock Blue tees,66,18,3,09:20:00,69,3,920,141,True,False,18,69,True,True,True
98220,2026,MA2,1,761093,63896,63896,873,Round 1,2026-06-07,Ross King,899,Big Rock @ Murray Hill,Big Rock Blue tees,66,18,1,09:40:00,70,4,912,137,True,False,18,70,True,True,True
98220,2026,MA2,1,761093,189203,189203,909,Round 1,2026-06-07,Bobby Martino,911,Big Rock @ Murray Hill,Big Rock Blue tees,66,18,2,08:50:00,70,4,912,140,True,False,18,70,True,True,True
98220,2026,MA2,1,761093,274944,274944,897,Round 1,2026-06-07,Jim Herbert,901,Big Rock @ Murray Hill,Big Rock Blue tees,66,18,2,09:10:00,70,4,912,150,True,False,18,70,True,True,True
98220,2026,MA2,1,761093,291088,291088,883,Round 1,2026-06-07,Joseph Maher,880,Big Rock @ Murray Hill,Big Rock Blue tees,66,18,3,09:10:00,70,4,912,143,True,False,18,70,True,True,True
98220,2026,MA2,1,761093,274902,274902,875,Round 1,2026-06-07,Nolan Smith,886,Big Rock @ Murray Hill,Big Rock Blue tees,66,18,2,09:30:00,71,5,904,140,True,False,18,71,True,True,True
98220,2026,MA2,1,761093,305330,305330,897,Round 1,2026-06-07,Jesse Clearwater,913,Big Rock @ Murray Hill,Big Rock Blue tees,66,18,3,09:40:00,71,5,904,137,True,False,18,71,True,True,True
98220,2026,MA2,1,761093,324228,324228,892,Round 1,2026-06-07,Luc Cohen-Wanis,885,Big Rock @ Murray Hill,Big Rock Blue tees,66,18,3,09:00:00,71,5,904,144,True,False,18,71,True,True,True
98220,2026,MA2,1,761093,name:nick aswad,,,Round 1,2026-06-07,Nick Aswad,,Big Rock @ Murray Hill,Big Rock Blue tees,66,18,4,09:20:00,72,6,896,144,True,False,18,72,True,True,True
98220,2026,MA2,1,761093,269725,269725,854,Round 1,2026-06-07,Forrest Dodds,876,Big Rock @ Murray Hill,Big Rock Blue tees,66,18,1,08:50:00,73,7,888,146,True,False,18,73,True,True,True
98220,2026,MA2,1,761093,312596,312596,837,Round 1,2026-06-07,mark foster,837,Big Rock @ Murray Hill,Big Rock Blue tees,66,18,2,09:20:00,73,7,888,159,True,False,18,73,True,True,True
98220,2026,MA2,1,761093,287571,287571,873,Round 1,2026-06-07,Garrett Keraga,901,Big Rock @ Murray Hill,Big Rock Blue tees,66,18,2,09:40:00,74,8,879,147,True,False,18,74,True,True,True
98220,2026,MA2,1,761093,289306,289306,916,Round 1,2026-06-07,Jonathan Smith,921,Big Rock @ Murray Hill,Big Rock Blue tees,66,18,1,09:20:00,74,8,879,137,True,False,18,74,True,True,True
98220,2026,MA2,1,761093,314991,314991,866,Round 1,2026-06-07,Conner Spence,890,Big Rock @ Murray Hill,Big Rock Blue tees,66,18,3,09:30:00,74,8,879,151,True,False,18,74,True,True,True
98220,2026,MA2,1,761093,244952,244952,889,Round 1,2026-06-07,Joshua Dezotell,895,Big Rock @ Murray Hill,Big Rock Blue tees,66,18,1,09:00:00,77,11,855,156,True,False,18,77,True,True,True
98220,2026,MA2,1,761093,256715,256715,863,Round 1,2026-06-07,Parker Shper,,Big Rock @ Murray Hill,Big Rock Blue tees,66,18,3,08:50:00,79,13,839,158,True,False,18,79,True,True,True
98220,2026,MA2,1,761093,324210,324210,781,Round 1,2026-06-07,Thomas Coleman,776,Big Rock @ Murray Hill,Big Rock Blue tees,66,18,4,09:40:00,91,25,742,172,True,False,18,91,True,True,True
98220,2026,MA2,2,761093,259718,259718,909,Round 2,2026-06-07,Kamden Cox,906,Big Rock @ Murray Hill,Big Rock Blue tees,66,18,2,11:45:00,68,2,928,135,True,False,18,68,True,True,True
98220,2026,MA2,2,761093,268186,268186,914,Round 2,2026-06-07,Brody Reed,926,Big Rock @ Murray Hill,Big Rock Blue tees,66,18,1,11:45:00,70,4,912,136,True,False,18,70,True,True,True
98220,2026,MA2,2,761093,289306,289306,916,Round 2,2026-06-07,Jonathan Smith,921,Big Rock @ Murray Hill,Big Rock Blue tees,66,18,2,10:45:00,63,-3,968,137,True,False,18,63,True,True,True
98220,2026,MA2,2,761093,305330,305330,897,Round 2,2026-06-07,Jesse Clearwater,913,Big Rock @ Murray Hill,Big Rock Blue tees,66,18,3,11:15:00,66,0,944,137,True,False,18,66,True,True,True
98220,2026,MA2,2,761093,63896,63896,873,Round 2,2026-06-07,Ross King,899,Big Rock @ Murray Hill,Big Rock Blue tees,66,18,2,11:30:00,67,1,936,137,True,False,18,67,True,True,True
98220,2026,MA2,2,761093,248718,248718,896,Round 2,2026-06-07,Keane Roland,916,Big Rock @ Murray Hill,Big Rock Blue tees,66,18,3,11:45:00,69,3,920,138,True,False,18,69,True,True,True
98220,2026,MA2,2,761093,274902,274902,875,Round 2,2026-06-07,Nolan Smith,886,Big Rock @ Murray Hill,Big Rock Blue tees,66,18,2,11:15:00,69,3,920,140,True,False,18,69,True,True,True
98220,2026,MA2,2,761093,189203,189203,909,Round 2,2026-06-07,Bobby Martino,911,Big Rock @ Murray Hill,Big Rock Blue tees,66,18,3,11:30:00,70,4,912,140,True,False,18,70,True,True,True
98220,2026,MA2,2,761093,317912,317912,841,Round 2,2026-06-07,Drew Celeste,899,Big Rock @ Murray Hill,Big Rock Blue tees,66,18,4,11:45:00,72,6,896,141,True,False,18,72,True,True,True
98220,2026,MA2,2,761093,329548,329548,,Round 2,2026-06-07,Naim Greenberg-Nielsen,908,Big Rock @ Murray Hill,Big Rock Blue tees,66,18,1,11:30:00,72,6,896,141,True,False,18,72,True,True,True
98220,2026,MA2,2,761093,291088,291088,883,Round 2,2026-06-07,Joseph Maher,880,Big Rock @ Murray Hill,Big Rock Blue tees,66,18,1,11:15:00,73,7,888,143,True,False,18,73,True,True,True
98220,2026,MA2,2,761093,name:nick aswad,,,Round 2,2026-06-07,Nick Aswad,,Big Rock @ Murray Hill,Big Rock Blue tees,66,18,1,11:00:00,72,6,896,144,True,False,18,72,True,True,True
98220,2026,MA2,2,761093,324228,324228,892,Round 2,2026-06-07,Luc Cohen-Wanis,885,Big Rock @ Murray Hill,Big Rock Blue tees,66,18,4,11:15:00,73,7,888,144,True,False,18,73,True,True,True
98220,2026,MA2,2,761093,269725,269725,854,Round 2,2026-06-07,Forrest Dodds,876,Big Rock @ Murray Hill,Big Rock Blue tees,66,18,2,11:00:00,73,7,888,146,True,False,18,73,True,True,True
98220,2026,MA2,2,761093,287571,287571,873,Round 2,2026-06-07,Garrett Keraga,901,Big Rock @ Murray Hill,Big Rock Blue tees,66,18,1,10:45:00,73,7,888,147,True,False,18,73,True,True,True
98220,2026,MA2,2,761093,274944,274944,897,Round 2,2026-06-07,Jim Herbert,901,Big Rock @ Murray Hill,Big Rock Blue tees,66,18,4,11:30:00,80,14,831,150,True,False,18,80,True,True,True
98220,2026,MA2,2,761093,314991,314991,866,Round 2,2026-06-07,Conner Spence,890,Big Rock @ Murray Hill,Big Rock Blue tees,66,18,3,10:45:00,77,11,855,151,True,False,18,77,True,True,True
98220,2026,MA2,2,761093,244952,244952,889,Round 2,2026-06-07,Joshua Dezotell,895,Big Rock @ Murray Hill,Big Rock Blue tees,66,18,1,10:30:00,79,13,839,156,True,False,18,79,True,True,True
98220,2026,MA2,2,761093,256715,256715,863,Round 2,2026-06-07,Parker Shper,,Big Rock @ Murray Hill,Big Rock Blue tees,66,18,2,10:30:00,79,13,839,158,True,False,18,79,True,True,True
98220,2026,MA2,2,761093,312596,312596,837,Round 2,2026-06-07,mark foster,837,Big Rock @ Murray Hill,Big Rock Blue tees,66,18,3,11:00:00,86,20,783,159,True,False,18,86,True,True,True
98220,2026,MA2,2,761093,324210,324210,781,Round 2,2026-06-07,Thomas Coleman,776,Big Rock @ Murray Hill,Big Rock Blue tees,66,18,3,10:30:00,81,15,823,172,True,False,18,81,True,True,True
98220,2026,MA3,1,761173,175839,175839,872,Round 1,2026-06-07,Wilder Irving,875,Big Rock @ Murray Hill,Big Rock white tees,60,18,2,07:50:00,57,-3,921,110,True,False,18,57,True,True,True
98220,2026,MA3,1,761173,316991,316991,827,Round 1,2026-06-07,Kevin Unrath,851,Big Rock @ Murray Hill,Big Rock white tees,60,18,3,08:10:00,62,2,869,125,True,False,18,62,True,True,True
98220,2026,MA3,1,761173,name:amadeus dorfman,,,Round 1,2026-06-07,Amadeus Dorfman,,Big Rock @ Murray Hill,Big Rock white tees,60,18,3,07:50:00,62,2,869,126,True,False,18,62,True,True,True
98220,2026,MA3,1,761173,312423,312423,798,Round 1,2026-06-07,Peter Cousino,819,Big Rock @ Murray Hill,Big Rock white tees,60,18,1,07:50:00,64,4,849,130,True,False,18,64,True,True,True
98220,2026,MA3,1,761173,289367,289367,833,Round 1,2026-06-07,Tyler Karnes,836,Big Rock @ Murray Hill,Big Rock white tees,60,18,2,08:00:00,65,5,838,131,True,False,18,65,True,True,True
98220,2026,MA3,1,761173,286641,286641,837,Round 1,2026-06-07,Matthew Lanctot,837,Big Rock @ Murray Hill,Big Rock white tees,60,18,4,08:10:00,67,7,818,135,True,False,18,67,True,True,True
98220,2026,MA3,1,761173,240486,240486,830,Round 1,2026-06-07,Michael Reiter,814,Big Rock @ Murray Hill,Big Rock white tees,60,18,1,08:00:00,68,8,807,136,True,False,18,68,True,True,True
98220,2026,MA3,1,761173,314105,314105,850,Round 1,2026-06-07,Dustin Smedy,835,Big Rock @ Murray Hill,Big Rock white tees,60,18,3,08:00:00,70,10,787,136,True,False,18,70,True,True,True
98220,2026,MA3,1,761173,239719,239719,835,Round 1,2026-06-07,Thane Griswold,820,Big Rock @ Murray Hill,Big Rock white tees,60,18,1,08:10:00,72,12,766,134,True,False,18,72,True,True,True
98220,2026,MA3,1,761173,268207,268207,738,Round 1,2026-06-07,Craig Reed,757,Big Rock @ Murray Hill,Big Rock white tees,60,18,2,08:10:00,75,15,735,162,True,False,18,75,True,True,True
98220,2026,MA3,2,761173,175839,175839,872,Round 2,2026-06-07,Wilder Irving,875,Big Rock @ Murray Hill,Big Rock white tees,60,18,1,09:15:00,53,-7,962,110,True,False,18,53,True,True,True
98220,2026,MA3,2,761173,316991,316991,827,Round 2,2026-06-07,Kevin Unrath,851,Big Rock @ Murray Hill,Big Rock white tees,60,18,2,09:15:00,63,3,859,125,True,False,18,63,True,True,True
98220,2026,MA3,2,761173,name:amadeus dorfman,,,Round 2,2026-06-07,Amadeus Dorfman,,Big Rock @ Murray Hill,Big Rock white tees,60,18,3,09:15:00,64,4,849,126,True,False,18,64,True,True,True
98220,2026,MA3,2,761173,312423,312423,798,Round 2,2026-06-07,Peter Cousino,819,Big Rock @ Murray Hill,Big Rock white tees,60,18,4,09:15:00,66,6,828,130,True,False,18,66,True,True,True
98220,2026,MA3,2,761173,289367,289367,833,Round 2,2026-06-07,Tyler Karnes,836,Big Rock @ Murray Hill,Big Rock white tees,60,18,1,09:00:00,66,6,828,131,True,False,18,66,True,True,True
98220,2026,MA3,2,761173,239719,239719,835,Round 2,2026-06-07,Thane Griswold,820,Big Rock @ Murray Hill,Big Rock white tees,60,18,2,08:45:00,62,2,869,134,True,False,18,62,True,True,True
98220,2026,MA3,2,761173,286641,286641,837,Round 2,2026-06-07,Matthew Lanctot,837,Big Rock @ Murray Hill,Big Rock white tees,60,18,2,09:00:00,68,8,807,135,True,False,18,68,True,True,True
98220,2026,MA3,2,761173,314105,314105,850,Round 2,2026-06-07,Dustin Smedy,835,Big Rock @ Murray Hill,Big Rock white tees,60,18,1,08:45:00,66,6,828,136,True,False,18,66,True,True,True
98220,2026,MA3,2,761173,240486,240486,830,Round 2,2026-06-07,Michael Reiter,814,Big Rock @ Murray Hill,Big Rock white tees,60,18,3,09:00:00,68,8,807,136,True,False,18,68,True,True,True
98220,2026,MA3,2,761173,268207,268207,738,Round 2,2026-06-07,Craig Reed,757,Big Rock @ Murray Hill,Big Rock white tees,60,18,3,08:45:00,87,27,612,162,True,False,18,87,True,True,True
98220,2026,MA40,1,761093,261570,261570,900,Round 1,2026-06-07,John Beaudin,911,Big Rock @ Murray Hill,Big Rock Blue tees,66,18,3,10:00:00,69,3,920,140,True,False,18,69,True,True,True
98220,2026,MA40,1,761093,84935,84935,862,Round 1,2026-06-07,Droo Fisher,866,Big Rock @ Murray Hill,Big Rock Blue tees,66,18,1,10:00:00,72,6,896,150,True,False,18,72,True,True,True
98220,2026,MA40,1,761093,162090,162090,888,Round 1,2026-06-07,Grant Fortier,885,Big Rock @ Murray Hill,Big Rock Blue tees,66,18,2,10:00:00,85,19,791,164,True,False,18,85,True,True,True
98220,2026,MA40,2,761093,261570,261570,900,Round 2,2026-06-07,John Beaudin,911,Big Rock @ Murray Hill,Big Rock Blue tees,66,18,1,12:15:00,71,5,904,140,True,False,18,71,True,True,True
98220,2026,MA40,2,761093,84935,84935,862,Round 2,2026-06-07,Droo Fisher,866,Big Rock @ Murray Hill,Big Rock Blue tees,66,18,2,12:15:00,78,12,847,150,True,False,18,78,True,True,True
98220,2026,MA40,2,761093,162090,162090,888,Round 2,2026-06-07,Grant Fortier,885,Big Rock @ Murray Hill,Big Rock Blue tees,66,18,3,12:15:00,79,13,839,164,True,False,18,79,True,True,True
98220,2026,MA50,1,761093,275118,275118,884,Round 1,2026-06-07,Matthew German,905,Big Rock @ Murray Hill,Big Rock Blue tees,66,18,3,09:50:00,69,3,920,141,True,False,18,69,True,True,True
98220,2026,MA50,1,761093,235035,235035,900,Round 1,2026-06-07,Paul Seyler,908,Big Rock @ Murray Hill,Big Rock Blue tees,66,18,2,09:50:00,70,4,912,143,True,False,18,70,True,True,True
98220,2026,MA50,1,761093,179138,179138,842,Round 1,2026-06-07,Chris Hancewicz,831,Big Rock @ Murray Hill,Big Rock Blue tees,66,18,1,09:50:00,88,22,767,167,True,False,18,88,True,True,True
98220,2026,MA50,2,761093,275118,275118,884,Round 2,2026-06-07,Matthew German,905,Big Rock @ Murray Hill,Big Rock Blue tees,66,18,1,12:00:00,72,6,896,141,True,False,18,72,True,True,True
98220,2026,MA50,2,761093,235035,235035,900,Round 2,2026-06-07,Paul Seyler,908,Big Rock @ Murray Hill,Big Rock Blue tees,66,18,2,12:00:00,73,7,888,143,True,False,18,73,True,True,True
98220,2026,MA50,2,761093,179138,179138,842,Round 2,2026-06-07,Chris Hancewicz,831,Big Rock @ Murray Hill,Big Rock Blue tees,66,18,3,12:00:00,79,13,839,167,True,False,18,79,True,True,True
98220,2026,MA60,1,761173,202875,202875,910,Round 1,2026-06-07,Thomas Limanek,911,Big Rock @ Murray Hill,Big Rock white tees,60,18,3,08:20:00,54,-6,951,111,True,False,18,54,True,True,True
98220,2026,MA60,1,761173,130713,130713,896,Round 1,2026-06-07,Ian Martin,902,Big Rock @ Murray Hill,Big Rock white tees,60,18,2,08:20:00,57,-3,921,113,True,False,18,57,True,True,True
98220,2026,MA60,1,761173,91301,91301,908,Round 1,2026-06-07,Michael A. Stridsberg,898,Big Rock @ Murray Hill,Big Rock white tees,60,18,1,08:20:00,63,3,859,121,True,False,18,63,True,True,True
98220,2026,MA60,2,761173,202875,202875,910,Round 2,2026-06-07,Thomas Limanek,911,Big Rock @ Murray Hill,Big Rock white tees,60,18,1,10:00:00,57,-3,921,111,True,False,18,57,True,True,True
98220,2026,MA60,2,761173,130713,130713,896,Round 2,2026-06-07,Ian Martin,902,Big Rock @ Murray Hill,Big Rock white tees,60,18,2,10:00:00,56,-4,931,113,True,False,18,56,True,True,True
98220,2026,MA60,2,761173,91301,91301,908,Round 2,2026-06-07,Michael A. Stridsberg,898,Big Rock @ Murray Hill,Big Rock white tees,60,18,3,10:00:00,58,-2,910,121,True,False,18,58,True,True,True
98220,2026,MA70,1,761173,295403,295403,785,Round 1,2026-06-07,William Potter,793,Big Rock @ Murray Hill,Big Rock white tees,60,18,4,08:30:00,68,8,807,138,True,False,18,68,True,True,True
98220,2026,MA70,1,761173,124175,124175,756,Round 1,2026-06-07,Fred Kopitzke,775,Big Rock @ Murray Hill,Big Rock white tees,60,18,1,08:30:00,70,10,787,135,True,False,18,70,True,True,True
98220,2026,MA70,1,761173,192323,192323,768,Round 1,2026-06-07,Will Wright,753,Big Rock @ Murray Hill,Big Rock white tees,60,18,2,08:30:00,74,14,746,145,True,False,18,74,True,True,True
98220,2026,MA70,1,761173,195353,195353,738,Round 1,2026-06-07,Jerome Mendicino,730,Big Rock @ Murray Hill,Big Rock white tees,60,18,3,08:30:00,74,14,746,147,True,False,18,74,True,True,True
98220,2026,MA70,2,761173,124175,124175,756,Round 2,2026-06-07,Fred Kopitzke,775,Big Rock @ Murray Hill,Big Rock white tees,60,18,2,09:30:00,65,5,838,135,True,False,18,65,True,True,True
98220,2026,MA70,2,761173,295403,295403,785,Round 2,2026-06-07,William Potter,793,Big Rock @ Murray Hill,Big Rock white tees,60,18,1,09:30:00,70,10,787,138,True,False,18,70,True,True,True
98220,2026,MA70,2,761173,192323,192323,768,Round 2,2026-06-07,Will Wright,753,Big Rock @ Murray Hill,Big Rock white tees,60,18,3,09:30:00,71,11,777,145,True,False,18,71,True,True,True
98220,2026,MA70,2,761173,195353,195353,738,Round 2,2026-06-07,Jerome Mendicino,730,Big Rock @ Murray Hill,Big Rock white tees,60,18,4,09:30:00,73,13,756,147,True,False,18,73,True,True,True
98220,2026,MP40,1,761093,93414,93414,966,Round 1,2026-06-07,Joshua Lemieux,961,Big Rock @ Murray Hill,Big Rock Blue tees,66,18,3,10:40:00,66,0,944,130,True,False,18,66,True,True,True
98220,2026,MP40,1,761093,262337,262337,904,Round 1,2026-06-07,Sam Nelson,946,Big Rock @ Murray Hill,Big Rock Blue tees,66,18,2,10:50:00,66,0,944,130,True,False,18,66,True,True,True
98220,2026,MP40,1,761093,89829,89829,911,Round 1,2026-06-07,Garrett Washburn,923,Big Rock @ Murray Hill,Big Rock Blue tees,66,18,2,10:40:00,69,3,920,142,True,False,18,69,True,True,True
98220,2026,MP40,1,761093,22505,22505,896,Round 1,2026-06-07,Logan Price,904,Big Rock @ Murray Hill,Big Rock Blue tees,66,18,1,10:40:00,70,4,912,142,True,False,18,70,True,True,True
98220,2026,MP40,1,761093,273662,273662,920,Round 1,2026-06-07,John McKinnon,920,Big Rock @ Murray Hill,Big Rock Blue tees,66,18,3,10:50:00,73,7,888,149,True,False,18,73,True,True,True
98220,2026,MP40,1,761093,193211,193211,919,Round 1,2026-06-07,Greg Babbin,933,Big Rock @ Murray Hill,Big Rock Blue tees,66,18,1,10:50:00,74,8,879,146,True,False,18,74,True,True,True
98220,2026,MP40,2,761093,262337,262337,904,Round 2,2026-06-07,Sam Nelson,946,Big Rock @ Murray Hill,Big Rock Blue tees,66,18,2,13:30:00,64,-2,960,130,True,False,18,64,True,True,True
98220,2026,MP40,2,761093,93414,93414,966,Round 2,2026-06-07,Joshua Lemieux,961,Big Rock @ Murray Hill,Big Rock Blue tees,66,18,1,13:30:00,64,-2,960,130,True,False,18,64,True,True,True
98220,2026,MP40,2,761093,22505,22505,896,Round 2,2026-06-07,Logan Price,904,Big Rock @ Murray Hill,Big Rock Blue tees,66,18,4,13:30:00,72,6,896,142,True,False,18,72,True,True,True
98220,2026,MP40,2,761093,89829,89829,911,Round 2,2026-06-07,Garrett Washburn,923,Big Rock @ Murray Hill,Big Rock Blue tees,66,18,3,13:30:00,73,7,888,142,True,False,18,73,True,True,True
98220,2026,MP40,2,761093,193211,193211,919,Round 2,2026-06-07,Greg Babbin,933,Big Rock @ Murray Hill,Big Rock Blue tees,66,18,4,13:15:00,72,6,896,146,True,False,18,72,True,True,True
98220,2026,MP40,2,761093,273662,273662,920,Round 2,2026-06-07,John McKinnon,920,Big Rock @ Murray Hill,Big Rock Blue tees,66,18,3,13:15:00,76,10,863,149,True,False,18,76,True,True,True
98220,2026,MP50,1,761093,24381,24381,939,Round 1,2026-06-07,Chris Young,937,Big Rock @ Murray Hill,Big Rock Blue tees,66,18,2,11:10:00,62,-4,976,131,True,False,18,62,True,True,True
98220,2026,MP50,1,761093,154887,154887,933,Round 1,2026-06-07,Brian Hunter,941,Big Rock @ Murray Hill,Big Rock Blue tees,66,18,1,11:10:00,62,-4,976,129,True,False,18,62,True,True,True
98220,2026,MP50,1,761093,25395,25395,952,Round 1,2026-06-07,Peter Belizi,944,Big Rock @ Murray Hill,Big Rock Blue tees,66,18,3,11:00:00,65,-1,952,128,True,False,18,65,True,True,True
98220,2026,MP50,1,761093,166239,166239,949,Round 1,2026-06-07,Tom Raub,958,Big Rock @ Murray Hill,Big Rock Blue tees,66,18,1,11:00:00,65,-1,952,127,True,False,18,65,True,True,True
98220,2026,MP50,1,761093,171544,171544,932,Round 1,2026-06-07,Dave Irving,935,Big Rock @ Murray Hill,Big Rock Blue tees,66,18,2,11:00:00,65,-1,952,128,True,False,18,65,True,True,True
98220,2026,MP50,1,761093,189489,189489,948,Round 1,2026-06-07,Joshua Niss,937,Big Rock @ Murray Hill,Big Rock Blue tees,66,18,3,11:10:00,68,2,928,134,True,False,18,68,True,True,True
98220,2026,MP50,1,761093,12667,12667,913,Round 1,2026-06-07,Scott Shepardson,906,Big Rock @ Murray Hill,Big Rock Blue tees,66,18,4,11:00:00,90,933,,,True,False,18,90,True,True,True
98220,2026,MP50,2,761093,166239,166239,949,Round 2,2026-06-07,Tom Raub,958,Big Rock @ Murray Hill,Big Rock Blue tees,66,18,4,13:45:00,62,-4,976,127,True,False,18,62,True,True,True
98220,2026,MP50,2,761093,25395,25395,952,Round 2,2026-06-07,Peter Belizi,944,Big Rock @ Murray Hill,Big Rock Blue tees,66,18,3,13:45:00,63,-3,968,128,True,False,18,63,True,True,True
98220,2026,MP50,2,761093,171544,171544,932,Round 2,2026-06-07,Dave Irving,935,Big Rock @ Murray Hill,Big Rock Blue tees,66,18,1,13:15:00,63,-3,968,128,True,False,18,63,True,True,True
98220,2026,MP50,2,761093,154887,154887,933,Round 2,2026-06-07,Brian Hunter,941,Big Rock @ Murray Hill,Big Rock Blue tees,66,18,2,13:45:00,67,1,936,129,True,False,18,67,True,True,True
98220,2026,MP50,2,761093,24381,24381,939,Round 2,2026-06-07,Chris Young,937,Big Rock @ Murray Hill,Big Rock Blue tees,66,18,1,13:45:00,69,3,920,131,True,False,18,69,True,True,True
98220,2026,MP50,2,761093,189489,189489,948,Round 2,2026-06-07,Joshua Niss,937,Big Rock @ Murray Hill,Big Rock Blue tees,66,18,2,13:15:00,66,0,944,134,True,False,18,66,True,True,True
98220,2026,MP50,2,761093,12667,12667,913,Round 2,2026-06-07,Scott Shepardson,906,Big Rock @ Murray Hill,Big Rock Blue tees,66,18,,,,,,,True,True,0,,False,False,False
98220,2026,MPO,1,761171,111643,111643,994,Round 1,2026-06-07,Finn Etter,1013,Big Rock @ Murray Hill,Big Rock Gold tees,67,18,3,11:20:00,60,-7,1015,119,True,False,18,60,True,True,True
98220,2026,MPO,1,761171,161558,161558,994,Round 1,2026-06-07,Brad Schott,994,Big Rock @ Murray Hill,Big Rock Gold tees,67,18,1,11:30:00,62,-5,1000,125,True,False,18,62,True,True,True
98220,2026,MPO,1,761171,142744,142744,959,Round 1,2026-06-07,Abel German,974,Big Rock @ Murray Hill,Big Rock Gold tees,67,18,2,11:40:00,67,0,963,132,True,False,18,67,True,True,True
98220,2026,MPO,1,761171,187845,187845,937,Round 1,2026-06-07,Shane Seals,962,Big Rock @ Murray Hill,Big Rock Gold tees,67,18,3,11:40:00,68,1,956,135,True,False,18,68,True,True,True
98220,2026,MPO,1,761171,204892,204892,972,Round 1,2026-06-07,Tiernan Roland,973,Big Rock @ Murray Hill,Big Rock Gold tees,67,18,4,11:40:00,68,1,956,136,True,False,18,68,True,True,True
98220,2026,MPO,1,761171,131653,131653,950,Round 1,2026-06-07,Sean Chi,946,Big Rock @ Murray Hill,Big Rock Gold tees,67,18,3,11:30:00,70,3,941,143,True,False,18,70,True,True,True
98220,2026,MPO,1,761171,240494,240494,918,Round 1,2026-06-07,Derrek Eckhardt,919,Big Rock @ Murray Hill,Big Rock Gold tees,67,18,2,11:30:00,73,6,919,141,True,False,18,73,True,True,True
98220,2026,MPO,1,761171,257327,257327,907,Round 1,2026-06-07,Owen Motyka,920,Big Rock @ Murray Hill,Big Rock Gold tees,67,18,2,11:20:00,74,7,912,149,True,False,18,74,True,True,True
98220,2026,MPO,1,761171,124203,124203,948,Round 1,2026-06-07,Ezra Koch,954,Big Rock @ Murray Hill,Big Rock Gold tees,67,18,1,11:40:00,75,8,904,141,True,False,18,75,True,True,True
98220,2026,MPO,1,761171,219307,219307,920,Round 1,2026-06-07,Everett Secor,935,Big Rock @ Murray Hill,Big Rock Gold tees,67,18,1,11:20:00,76,9,897,151,True,False,18,76,True,True,True
98220,2026,MPO,2,761171,111643,111643,994,Round 2,2026-06-07,Finn Etter,1013,Big Rock @ Murray Hill,Big Rock Gold tees,67,18,1,14:30:00,59,-8,1023,119,True,False,18,59,True,True,True
98220,2026,MPO,2,761171,161558,161558,994,Round 2,2026-06-07,Brad Schott,994,Big Rock @ Murray Hill,Big Rock Gold tees,67,18,2,14:30:00,63,-4,993,125,True,False,18,63,True,True,True
98220,2026,MPO,2,761171,142744,142744,959,Round 2,2026-06-07,Abel German,974,Big Rock @ Murray Hill,Big Rock Gold tees,67,18,3,14:30:00,65,-2,978,132,True,False,18,65,True,True,True
98220,2026,MPO,2,761171,187845,187845,937,Round 2,2026-06-07,Shane Seals,962,Big Rock @ Murray Hill,Big Rock Gold tees,67,18,4,14:30:00,67,0,963,135,True,False,18,67,True,True,True
98220,2026,MPO,2,761171,204892,204892,972,Round 2,2026-06-07,Tiernan Roland,973,Big Rock @ Murray Hill,Big Rock Gold tees,67,18,1,14:15:00,68,1,956,136,True,False,18,68,True,True,True
98220,2026,MPO,2,761171,124203,124203,948,Round 2,2026-06-07,Ezra Koch,954,Big Rock @ Murray Hill,Big Rock Gold tees,67,18,2,14:00:00,66,-1,971,141,True,False,18,66,True,True,True
98220,2026,MPO,2,761171,240494,240494,918,Round 2,2026-06-07,Derrek Eckhardt,919,Big Rock @ Murray Hill,Big Rock Gold tees,67,18,3,14:15:00,68,1,956,141,True,False,18,68,True,True,True
98220,2026,MPO,2,761171,131653,131653,950,Round 2,2026-06-07,Sean Chi,946,Big Rock @ Murray Hill,Big Rock Gold tees,67,18,2,14:15:00,73,6,919,143,True,False,18,73,True,True,True
98220,2026,MPO,2,761171,257327,257327,907,Round 2,2026-06-07,Owen Motyka,920,Big Rock @ Murray Hill,Big Rock Gold tees,67,18,1,14:00:00,75,8,904,149,True,False,18,75,True,True,True
98220,2026,MPO,2,761171,219307,219307,920,Round 2,2026-06-07,Everett Secor,935,Big Rock @ Murray Hill,Big Rock Gold tees,67,18,3,14:00:00,75,8,904,151,True,False,18,75,True,True,True
97998,2026,FA1,1,763684,170182,170182,866,Round 1,2026-06-21,Rebecca Minnick,865,Smugglers Notch Disc Golf Center - Fox Run,2025  Fox White,63,18,1,09:20:00,65,2,924,205,True,False,18,65,True,True,True
97998,2026,FA1,1,763684,155422,155422,864,Round 1,2026-06-21,Madison Borzick,864,Smugglers Notch Disc Golf Center - Fox Run,2025  Fox White,63,18,1,09:10:00,70,7,881,213,True,False,18,70,True,True,True
97998,2026,FA1,1,763684,213301,213301,830,Round 1,2026-06-21,Katy Gimma,837,Smugglers Notch Disc Golf Center - Fox Run,2025  Fox White,63,18,2,09:10:00,73,10,855,231,True,False,18,73,True,True,True
97998,2026,FA1,1,763684,227026,227026,865,Round 1,2026-06-21,Allie Lawler,867,Smugglers Notch Disc Golf Center - Fox Run,2025  Fox White,63,18,3,09:10:00,74,11,846,218,True,False,18,74,True,True,True
97998,2026,FA1,1,763684,308407,308407,800,Round 1,2026-06-21,Emily Silva,830,Smugglers Notch Disc Golf Center - Fox Run,2025  Fox White,63,18,4,09:20:00,78,15,812,226,True,False,18,78,True,True,True
97998,2026,FA1,1,763684,197285,197285,823,Round 1,2026-06-21,Brittany Paxman,815,Smugglers Notch Disc Golf Center - Fox Run,2025  Fox White,63,18,2,09:20:00,82,19,777,233,True,False,18,82,True,True,True
97998,2026,FA1,1,763684,242579,242579,836,Round 1,2026-06-21,Patricia Muratore,842,Smugglers Notch Disc Golf Center - Fox Run,2025  Fox White,63,18,4,09:10:00,84,21,759,234,True,False,18,84,True,True,True
97998,2026,FA1,1,763684,235621,235621,831,Round 1,2026-06-21,Kayla Hatch,825,Smugglers Notch Disc Golf Center - Fox Run,2025  Fox White,63,18,3,09:20:00,85,22,751,234,True,False,18,85,True,True,True
97998,2026,FA1,2,763684,170182,170182,866,Round 2,2026-06-21,Rebecca Minnick,865,Smugglers Notch Disc Golf Center - Fox Run,2025  Fox White,63,18,1,09:20:00,68,5,898,205,True,False,18,68,True,True,True
97998,2026,FA1,2,763684,155422,155422,864,Round 2,2026-06-21,Madison Borzick,864,Smugglers Notch Disc Golf Center - Fox Run,2025  Fox White,63,18,2,09:20:00,68,5,898,213,True,False,18,68,True,True,True
97998,2026,FA1,2,763684,227026,227026,865,Round 2,2026-06-21,Allie Lawler,867,Smugglers Notch Disc Golf Center - Fox Run,2025  Fox White,63,18,4,09:20:00,70,7,881,218,True,False,18,70,True,True,True
97998,2026,FA1,2,763684,308407,308407,800,Round 2,2026-06-21,Emily Silva,830,Smugglers Notch Disc Golf Center - Fox Run,2025  Fox White,63,18,1,09:10:00,68,5,898,226,True,False,18,68,True,True,True
97998,2026,FA1,2,763684,197285,197285,823,Round 2,2026-06-21,Brittany Paxman,815,Smugglers Notch Disc Golf Center - Fox Run,2025  Fox White,63,18,2,09:10:00,73,10,855,233,True,False,18,73,True,True,True
97998,2026,FA1,2,763684,213301,213301,830,Round 2,2026-06-21,Katy Gimma,837,Smugglers Notch Disc Golf Center - Fox Run,2025  Fox White,63,18,3,09:20:00,82,19,777,231,True,False,18,82,True,True,True
97998,2026,FA1,2,763684,235621,235621,831,Round 2,2026-06-21,Kayla Hatch,825,Smugglers Notch Disc Golf Center - Fox Run,2025  Fox White,63,18,4,09:10:00,72,9,864,234,True,False,18,72,True,True,True
97998,2026,FA1,2,763684,242579,242579,836,Round 2,2026-06-21,Patricia Muratore,842,Smugglers Notch Disc Golf Center - Fox Run,2025  Fox White,63,18,3,09:10:00,74,11,846,234,True,False,18,74,True,True,True
97998,2026,FA1,3,763679,170182,170182,866,Round 3,2026-06-21,Rebecca Minnick,865,Smugglers Notch Disc Golf Center - Brewster Ridge,2025  Brewster Blue,62,18,1,12:50:00,72,10,866,205,True,False,18,72,True,True,True
97998,2026,FA1,3,763679,155422,155422,864,Round 3,2026-06-21,Madison Borzick,864,Smugglers Notch Disc Golf Center - Brewster Ridge,2025  Brewster Blue,62,18,2,12:50:00,75,13,840,213,True,False,18,75,True,True,True
97998,2026,FA1,3,763679,227026,227026,865,Round 3,2026-06-21,Allie Lawler,867,Smugglers Notch Disc Golf Center - Brewster Ridge,2025  Brewster Blue,62,18,3,12:50:00,74,12,849,218,True,False,18,74,True,True,True
97998,2026,FA1,3,763679,308407,308407,800,Round 3,2026-06-21,Emily Silva,830,Smugglers Notch Disc Golf Center - Brewster Ridge,2025  Brewster Blue,62,18,4,12:50:00,80,18,797,226,True,False,18,80,True,True,True
97998,2026,FA1,3,763679,213301,213301,830,Round 3,2026-06-21,Katy Gimma,837,Smugglers Notch Disc Golf Center - Brewster Ridge,2025  Brewster Blue,62,18,2,12:40:00,76,14,832,231,True,False,18,76,True,True,True
97998,2026,FA1,3,763679,197285,197285,823,Round 3,2026-06-21,Brittany Paxman,815,Smugglers Notch Disc Golf Center - Brewster Ridge,2025  Brewster Blue,62,18,1,12:40:00,78,16,814,233,True,False,18,78,True,True,True
97998,2026,FA1,3,763679,242579,242579,836,Round 3,2026-06-21,Patricia Muratore,842,Smugglers Notch Disc Golf Center - Brewster Ridge,2025  Brewster Blue,62,18,4,12:40:00,76,14,832,234,True,False,18,76,True,True,True
97998,2026,FA1,3,763679,235621,235621,831,Round 3,2026-06-21,Kayla Hatch,825,Smugglers Notch Disc Golf Center - Brewster Ridge,2025  Brewster Blue,62,18,3,12:40:00,77,15,823,234,True,False,18,77,True,True,True
97998,2026,FA2,1,763684,115808,115808,774,Round 1,2026-06-21,Laura MacDonald,765,Smugglers Notch Disc Golf Center - Fox Run,2025  Fox White,63,18,2,08:20:00,80,17,794,249,True,False,18,80,True,True,True
97998,2026,FA2,1,763684,86402,86402,779,Round 1,2026-06-21,Brittany Bergquist,775,Smugglers Notch Disc Golf Center - Fox Run,2025  Fox White,63,18,1,08:20:00,85,22,751,241,True,False,18,85,True,True,True
97998,2026,FA2,1,763684,302314,302314,815,Round 1,2026-06-21,Courtney McGee,795,Smugglers Notch Disc Golf Center - Fox Run,2025  Fox White,63,18,3,08:20:00,85,22,751,240,True,False,18,85,True,True,True
97998,2026,FA2,1,763684,310819,310819,763,Round 1,2026-06-21,Lauren Bernier,764,Smugglers Notch Disc Golf Center - Fox Run,2025  Fox White,63,18,4,08:20:00,94,31,673,250,True,False,18,94,True,True,True
97998,2026,FA2,2,763684,302314,302314,815,Round 2,2026-06-21,Courtney McGee,795,Smugglers Notch Disc Golf Center - Fox Run,2025  Fox White,63,18,3,08:20:00,78,15,812,240,True,False,18,78,True,True,True
97998,2026,FA2,2,763684,86402,86402,779,Round 2,2026-06-21,Brittany Bergquist,775,Smugglers Notch Disc Golf Center - Fox Run,2025  Fox White,63,18,2,08:20:00,79,16,803,241,True,False,18,79,True,True,True
97998,2026,FA2,2,763684,115808,115808,774,Round 2,2026-06-21,Laura MacDonald,765,Smugglers Notch Disc Golf Center - Fox Run,2025  Fox White,63,18,1,08:20:00,88,25,725,249,True,False,18,88,True,True,True
97998,2026,FA2,2,763684,310819,310819,763,Round 2,2026-06-21,Lauren Bernier,764,Smugglers Notch Disc Golf Center - Fox Run,2025  Fox White,63,18,4,08:20:00,86,23,742,250,True,False,18,86,True,True,True
97998,2026,FA2,3,763680,302314,302314,815,Round 3,2026-06-21,Courtney McGee,795,Smugglers Notch Disc Golf Center - Brewster Ridge,2025 Brewster White,62,18,1,08:20:00,77,15,719,240,True,False,18,77,True,True,True
97998,2026,FA2,3,763680,86402,86402,779,Round 3,2026-06-21,Brittany Bergquist,775,Smugglers Notch Disc Golf Center - Brewster Ridge,2025 Brewster White,62,18,2,08:20:00,77,15,719,241,True,False,18,77,True,True,True
97998,2026,FA2,3,763680,115808,115808,774,Round 3,2026-06-21,Laura MacDonald,765,Smugglers Notch Disc Golf Center - Brewster Ridge,2025 Brewster White,62,18,3,08:20:00,81,19,678,249,True,False,18,81,True,True,True
97998,2026,FA2,3,763680,310819,310819,763,Round 3,2026-06-21,Lauren Bernier,764,Smugglers Notch Disc Golf Center - Brewster Ridge,2025 Brewster White,62,18,4,08:20:00,70,8,792,250,True,False,18,70,True,True,True
97998,2026,FA40,1,763684,275115,275115,803,Round 1,2026-06-21,Mindy German,805,Smugglers Notch Disc Golf Center - Fox Run,2025  Fox White,63,18,3,09:00:00,80,17,794,224,True,False,18,80,True,True,True
97998,2026,FA40,1,763684,170809,170809,763,Round 1,2026-06-21,Brita Tirrell,777,Smugglers Notch Disc Golf Center - Fox Run,2025  Fox White,63,18,1,09:00:00,81,18,785,248,True,False,18,81,True,True,True
97998,2026,FA40,1,763684,265878,265878,790,Round 1,2026-06-21,Marie-Ève Harton,794,Smugglers Notch Disc Golf Center - Fox Run,2025  Fox White,63,18,2,09:00:00,85,22,751,252,True,False,18,85,True,True,True
97998,2026,FA40,1,763684,277475,277475,737,Round 1,2026-06-21,Erin Rice,727,Smugglers Notch Disc Golf Center - Fox Run,2025  Fox White,63,18,4,09:00:00,92,29,690,254,True,False,18,92,True,True,True
97998,2026,FA40,2,763684,275115,275115,803,Round 2,2026-06-21,Mindy German,805,Smugglers Notch Disc Golf Center - Fox Run,2025  Fox White,63,18,1,09:00:00,80,17,794,224,True,False,18,80,True,True,True
97998,2026,FA40,2,763684,170809,170809,763,Round 2,2026-06-21,Brita Tirrell,777,Smugglers Notch Disc Golf Center - Fox Run,2025  Fox White,63,18,2,09:00:00,89,26,716,248,True,False,18,89,True,True,True
97998,2026,FA40,2,763684,265878,265878,790,Round 2,2026-06-21,Marie-Ève Harton,794,Smugglers Notch Disc Golf Center - Fox Run,2025  Fox White,63,18,3,09:00:00,91,28,699,252,True,False,18,91,True,True,True
97998,2026,FA40,2,763684,277475,277475,737,Round 2,2026-06-21,Erin Rice,727,Smugglers Notch Disc Golf Center - Fox Run,2025  Fox White,63,18,4,09:00:00,86,23,742,254,True,False,18,86,True,True,True
97998,2026,FA40,3,763680,275115,275115,803,Round 3,2026-06-21,Mindy German,805,Smugglers Notch Disc Golf Center - Brewster Ridge,2025 Brewster White,62,18,1,08:40:00,64,2,853,224,True,False,18,64,True,True,True
97998,2026,FA40,3,763680,170809,170809,763,Round 3,2026-06-21,Brita Tirrell,777,Smugglers Notch Disc Golf Center - Brewster Ridge,2025 Brewster White,62,18,2,08:40:00,78,16,709,248,True,False,18,78,True,True,True
97998,2026,FA40,3,763680,265878,265878,790,Round 3,2026-06-21,Marie-Ève Harton,794,Smugglers Notch Disc Golf Center - Brewster Ridge,2025 Brewster White,62,18,3,08:40:00,76,14,730,252,True,False,18,76,True,True,True
97998,2026,FA40,3,763680,277475,277475,737,Round 3,2026-06-21,Erin Rice,727,Smugglers Notch Disc Golf Center - Brewster Ridge,2025 Brewster White,62,18,4,08:40:00,76,14,730,254,True,False,18,76,True,True,True
97998,2026,FPO,1,763679,87094,87094,906,Round 1,2026-06-21,Rose Shertick,922,Smugglers Notch Disc Golf Center - Brewster Ridge,2025  Brewster Blue,62,18,1,08:40:00,59,-3,978,201,True,False,18,59,True,True,True
97998,2026,FPO,1,763679,178707,178707,923,Round 1,2026-06-21,Joleigh Miller,939,Smugglers Notch Disc Golf Center - Brewster Ridge,2025  Brewster Blue,62,18,1,08:20:00,59,-3,978,192,True,False,18,59,True,True,True
97998,2026,FPO,1,763679,103743,103743,924,Round 1,2026-06-21,Karen Martel,927,Smugglers Notch Disc Golf Center - Brewster Ridge,2025  Brewster Blue,62,18,4,09:10:00,64,2,935,208,True,False,18,64,True,True,True
97998,2026,FPO,1,763679,137170,137170,892,Round 1,2026-06-21,Elizabeth Cipar,903,Smugglers Notch Disc Golf Center - Brewster Ridge,2025  Brewster Blue,62,18,3,09:00:00,66,4,918,212,True,False,18,66,True,True,True
97998,2026,FPO,1,763679,203952,203952,903,Round 1,2026-06-21,Nicole Gonsalves,904,Smugglers Notch Disc Golf Center - Brewster Ridge,2025  Brewster Blue,62,18,2,08:30:00,66,4,918,212,True,False,18,66,True,True,True
97998,2026,FPO,1,763679,122613,122613,887,Round 1,2026-06-21,Kelly Heslin,889,Smugglers Notch Disc Golf Center - Brewster Ridge,2025  Brewster Blue,62,18,1,09:10:00,67,5,909,209,True,False,18,67,True,True,True
97998,2026,FPO,1,763679,236328,236328,890,Round 1,2026-06-21,Brie Smith,900,Smugglers Notch Disc Golf Center - Brewster Ridge,2025  Brewster Blue,62,18,3,08:10:00,67,5,909,215,True,False,18,67,True,True,True
97998,2026,FPO,1,763679,163363,163363,893,Round 1,2026-06-21,Julie Bisson,883,Smugglers Notch Disc Golf Center - Brewster Ridge,2025  Brewster Blue,62,18,1,08:10:00,68,6,901,224,True,False,18,68,True,True,True
97998,2026,FPO,1,763679,167658,167658,872,Round 1,2026-06-21,Kate Douthat,880,Smugglers Notch Disc Golf Center - Brewster Ridge,2025  Brewster Blue,62,18,2,08:50:00,68,6,901,203,True,False,18,68,True,True,True
97998,2026,FPO,1,763679,207322,207322,872,Round 1,2026-06-21,Alissa Saunders,882,Smugglers Notch Disc Golf Center - Brewster Ridge,2025  Brewster Blue,62,18,4,09:00:00,68,6,901,212,True,False,18,68,True,True,True
97998,2026,FPO,1,763679,168067,168067,889,Round 1,2026-06-21,Toby Sznaj,901,Smugglers Notch Disc Golf Center - Brewster Ridge,2025  Brewster Blue,62,18,3,08:50:00,69,7,892,211,True,False,18,69,True,True,True
97998,2026,FPO,1,763679,213524,213524,882,Round 1,2026-06-21,Sabrina Pray,884,Smugglers Notch Disc Golf Center - Brewster Ridge,2025  Brewster Blue,62,18,3,08:20:00,70,8,883,225,True,False,18,70,True,True,True
97998,2026,FPO,1,763679,230819,230819,900,Round 1,2026-06-21,Brit McKibben,915,Smugglers Notch Disc Golf Center - Brewster Ridge,2025  Brewster Blue,62,18,4,08:30:00,70,8,883,210,True,False,18,70,True,True,True
97998,2026,FPO,1,763679,294955,294955,865,Round 1,2026-06-21,Mélodie Gravel,865,Smugglers Notch Disc Golf Center - Brewster Ridge,2025  Brewster Blue,62,18,4,08:40:00,70,8,883,236,True,False,18,70,True,True,True
97998,2026,FPO,1,763679,203310,203310,907,Round 1,2026-06-21,Sasha Smith,910,Smugglers Notch Disc Golf Center - Brewster Ridge,2025  Brewster Blue,62,18,3,08:40:00,71,9,875,217,True,False,18,71,True,True,True
97998,2026,FPO,1,763679,285308,285308,855,Round 1,2026-06-21,Charlie Rodgers,864,Smugglers Notch Disc Golf Center - Brewster Ridge,2025  Brewster Blue,62,18,4,08:50:00,72,10,866,226,True,False,18,72,True,True,True
97998,2026,FPO,1,763679,194023,194023,870,Round 1,2026-06-21,Erin Brown,871,Smugglers Notch Disc Golf Center - Brewster Ridge,2025  Brewster Blue,62,18,3,09:10:00,73,11,858,231,True,False,18,73,True,True,True
97998,2026,FPO,1,763679,142259,142259,909,Round 1,2026-06-21,Katheryn Maloney,900,Smugglers Notch Disc Golf Center - Brewster Ridge,2025  Brewster Blue,62,18,1,08:50:00,74,12,849,213,True,False,18,74,True,True,True
97998,2026,FPO,1,763679,182424,182424,858,Round 1,2026-06-21,Olivia Martin,859,Smugglers Notch Disc Golf Center - Brewster Ridge,2025  Brewster Blue,62,18,2,08:20:00,74,12,849,218,True,False,18,74,True,True,True
97998,2026,FPO,1,763679,228248,228248,819,Round 1,2026-06-21,Isza Parchini,802,Smugglers Notch Disc Golf Center - Brewster Ridge,2025  Brewster Blue,62,18,4,08:20:00,76,14,832,261,True,False,18,76,True,True,True
97998,2026,FPO,1,763679,174497,174497,851,Round 1,2026-06-21,Lizzy Marquis,854,Smugglers Notch Disc Golf Center - Brewster Ridge,2025  Brewster Blue,62,18,2,08:40:00,77,15,823,240,True,False,18,77,True,True,True
97998,2026,FPO,1,763679,207096,207096,853,Round 1,2026-06-21,Skye Alexander,847,Smugglers Notch Disc Golf Center - Brewster Ridge,2025  Brewster Blue,62,18,3,08:30:00,77,15,823,237,True,False,18,77,True,True,True
97998,2026,FPO,1,763679,121311,121311,843,Round 1,2026-06-21,Emily Braun,845,Smugglers Notch Disc Golf Center - Brewster Ridge,2025  Brewster Blue,62,18,1,09:00:00,78,16,814,247,True,False,18,78,True,True,True
97998,2026,FPO,1,763679,148113,148113,852,Round 1,2026-06-21,Meghan Mercier,844,Smugglers Notch Disc Golf Center - Brewster Ridge,2025  Brewster Blue,62,18,1,08:30:00,78,16,814,241,True,False,18,78,True,True,True
97998,2026,FPO,1,763679,224820,224820,833,Round 1,2026-06-21,Ali Cavanaugh,834,Smugglers Notch Disc Golf Center - Brewster Ridge,2025  Brewster Blue,62,18,2,08:10:00,78,16,814,245,True,False,18,78,True,True,True
97998,2026,FPO,1,763679,185321,185321,835,Round 1,2026-06-21,Hallie 𓅓 Foundas,848,Smugglers Notch Disc Golf Center - Brewster Ridge,2025  Brewster Blue,62,18,2,09:10:00,80,18,797,230,True,False,18,80,True,True,True
97998,2026,FPO,1,763679,135596,135596,803,Round 1,2026-06-21,Amanda Borgman,817,Smugglers Notch Disc Golf Center - Brewster Ridge,2025  Brewster Blue,62,18,2,09:00:00,81,19,789,257,True,False,18,81,True,True,True
97998,2026,FPO,2,763679,178707,178707,923,Round 2,2026-06-21,Joleigh Miller,939,Smugglers Notch Disc Golf Center - Brewster Ridge,2025  Brewster Blue,62,18,2,09:10:00,65,3,927,192,True,False,18,65,True,True,True
97998,2026,FPO,2,763679,87094,87094,906,Round 2,2026-06-21,Rose Shertick,922,Smugglers Notch Disc Golf Center - Brewster Ridge,2025  Brewster Blue,62,18,1,09:10:00,68,6,901,201,True,False,18,68,True,True,True
97998,2026,FPO,2,763679,137170,137170,892,Round 2,2026-06-21,Elizabeth Cipar,903,Smugglers Notch Disc Golf Center - Brewster Ridge,2025  Brewster Blue,62,18,4,09:10:00,64,2,935,212,True,False,18,64,True,True,True
97998,2026,FPO,2,763679,230819,230819,900,Round 2,2026-06-21,Brit McKibben,915,Smugglers Notch Disc Golf Center - Brewster Ridge,2025  Brewster Blue,62,18,1,08:40:00,62,0,953,210,True,False,18,62,True,True,True
97998,2026,FPO,2,763679,203952,203952,903,Round 2,2026-06-21,Nicole Gonsalves,904,Smugglers Notch Disc Golf Center - Brewster Ridge,2025  Brewster Blue,62,18,1,09:00:00,67,5,909,212,True,False,18,67,True,True,True
97998,2026,FPO,2,763679,103743,103743,924,Round 2,2026-06-21,Karen Martel,927,Smugglers Notch Disc Golf Center - Brewster Ridge,2025  Brewster Blue,62,18,3,09:10:00,69,7,892,208,True,False,18,69,True,True,True
97998,2026,FPO,2,763679,167658,167658,872,Round 2,2026-06-21,Kate Douthat,880,Smugglers Notch Disc Golf Center - Brewster Ridge,2025  Brewster Blue,62,18,1,08:50:00,66,4,918,203,True,False,18,66,True,True,True
97998,2026,FPO,2,763679,207322,207322,872,Round 2,2026-06-21,Alissa Saunders,882,Smugglers Notch Disc Golf Center - Brewster Ridge,2025  Brewster Blue,62,18,2,08:50:00,66,4,918,212,True,False,18,66,True,True,True
97998,2026,FPO,2,763679,122613,122613,887,Round 2,2026-06-21,Kelly Heslin,889,Smugglers Notch Disc Golf Center - Brewster Ridge,2025  Brewster Blue,62,18,2,09:00:00,67,5,909,209,True,False,18,67,True,True,True
97998,2026,FPO,2,763679,142259,142259,909,Round 2,2026-06-21,Katheryn Maloney,900,Smugglers Notch Disc Golf Center - Brewster Ridge,2025  Brewster Blue,62,18,2,08:30:00,63,1,944,213,True,False,18,63,True,True,True
97998,2026,FPO,2,763679,203310,203310,907,Round 2,2026-06-21,Sasha Smith,910,Smugglers Notch Disc Golf Center - Brewster Ridge,2025  Brewster Blue,62,18,3,08:40:00,66,4,918,217,True,False,18,66,True,True,True
97998,2026,FPO,2,763679,168067,168067,889,Round 2,2026-06-21,Toby Sznaj,901,Smugglers Notch Disc Golf Center - Brewster Ridge,2025  Brewster Blue,62,18,3,08:50:00,68,6,901,211,True,False,18,68,True,True,True
97998,2026,FPO,2,763679,213524,213524,882,Round 2,2026-06-21,Sabrina Pray,884,Smugglers Notch Disc Golf Center - Brewster Ridge,2025  Brewster Blue,62,18,4,08:50:00,68,6,901,225,True,False,18,68,True,True,True
97998,2026,FPO,2,763679,236328,236328,890,Round 2,2026-06-21,Brie Smith,900,Smugglers Notch Disc Golf Center - Brewster Ridge,2025  Brewster Blue,62,18,3,09:00:00,71,9,875,215,True,False,18,71,True,True,True
97998,2026,FPO,2,763679,182424,182424,858,Round 2,2026-06-21,Olivia Martin,859,Smugglers Notch Disc Golf Center - Brewster Ridge,2025  Brewster Blue,62,18,3,08:30:00,67,5,909,218,True,False,18,67,True,True,True
97998,2026,FPO,2,763679,163363,163363,893,Round 2,2026-06-21,Julie Bisson,883,Smugglers Notch Disc Golf Center - Brewster Ridge,2025  Brewster Blue,62,18,4,09:00:00,73,11,858,224,True,False,18,73,True,True,True
97998,2026,FPO,2,763679,285308,285308,855,Round 2,2026-06-21,Charlie Rodgers,864,Smugglers Notch Disc Golf Center - Brewster Ridge,2025  Brewster Blue,62,18,4,08:40:00,70,8,883,226,True,False,18,70,True,True,True
97998,2026,FPO,2,763679,194023,194023,870,Round 2,2026-06-21,Erin Brown,871,Smugglers Notch Disc Golf Center - Brewster Ridge,2025  Brewster Blue,62,18,1,08:30:00,73,11,858,231,True,False,18,73,True,True,True
97998,2026,FPO,2,763679,294955,294955,865,Round 2,2026-06-21,Mélodie Gravel,865,Smugglers Notch Disc Golf Center - Brewster Ridge,2025  Brewster Blue,62,18,2,08:40:00,77,15,823,236,True,False,18,77,True,True,True
97998,2026,FPO,2,763679,185321,185321,835,Round 2,2026-06-21,Hallie 𓅓 Foundas,848,Smugglers Notch Disc Golf Center - Brewster Ridge,2025  Brewster Blue,62,18,2,08:10:00,70,8,883,230,True,False,18,70,True,True,True
97998,2026,FPO,2,763679,207096,207096,853,Round 2,2026-06-21,Skye Alexander,847,Smugglers Notch Disc Golf Center - Brewster Ridge,2025  Brewster Blue,62,18,2,08:20:00,75,13,840,237,True,False,18,75,True,True,True
97998,2026,FPO,2,763679,148113,148113,852,Round 2,2026-06-21,Meghan Mercier,844,Smugglers Notch Disc Golf Center - Brewster Ridge,2025  Brewster Blue,62,18,4,08:20:00,77,15,823,241,True,False,18,77,True,True,True
97998,2026,FPO,2,763679,224820,224820,833,Round 2,2026-06-21,Ali Cavanaugh,834,Smugglers Notch Disc Golf Center - Brewster Ridge,2025  Brewster Blue,62,18,1,08:10:00,77,15,823,245,True,False,18,77,True,True,True
97998,2026,FPO,2,763679,174497,174497,851,Round 2,2026-06-21,Lizzy Marquis,854,Smugglers Notch Disc Golf Center - Brewster Ridge,2025  Brewster Blue,62,18,1,08:20:00,78,16,814,240,True,False,18,78,True,True,True
97998,2026,FPO,2,763679,135596,135596,803,Round 2,2026-06-21,Amanda Borgman,817,Smugglers Notch Disc Golf Center - Brewster Ridge,2025  Brewster Blue,62,18,3,08:10:00,78,16,814,257,True,False,18,78,True,True,True
97998,2026,FPO,2,763679,121311,121311,843,Round 2,2026-06-21,Emily Braun,845,Smugglers Notch Disc Golf Center - Brewster Ridge,2025  Brewster Blue,62,18,3,08:20:00,82,20,780,247,True,False,18,82,True,True,True
97998,2026,FPO,2,763679,228248,228248,819,Round 2,2026-06-21,Isza Parchini,802,Smugglers Notch Disc Golf Center - Brewster Ridge,2025  Brewster Blue,62,18,4,08:30:00,90,28,711,261,True,False,18,90,True,True,True
97998,2026,FPO,3,763683,178707,178707,923,Round 3,2026-06-21,Joleigh Miller,939,Smugglers Notch Disc Golf Center - Fox Run,2025  Fox Blue,63,18,1,09:50:00,68,5,982,192,True,False,18,68,True,True,True
97998,2026,FPO,3,763683,87094,87094,906,Round 3,2026-06-21,Rose Shertick,922,Smugglers Notch Disc Golf Center - Fox Run,2025  Fox Blue,63,18,2,09:50:00,74,11,942,201,True,False,18,74,True,True,True
97998,2026,FPO,3,763683,167658,167658,872,Round 3,2026-06-21,Kate Douthat,880,Smugglers Notch Disc Golf Center - Fox Run,2025  Fox Blue,63,18,3,09:40:00,69,6,975,203,True,False,18,69,True,True,True
97998,2026,FPO,3,763683,103743,103743,924,Round 3,2026-06-21,Karen Martel,927,Smugglers Notch Disc Golf Center - Fox Run,2025  Fox Blue,63,18,2,09:40:00,75,12,935,208,True,False,18,75,True,True,True
97998,2026,FPO,3,763683,122613,122613,887,Round 3,2026-06-21,Kelly Heslin,889,Smugglers Notch Disc Golf Center - Fox Run,2025  Fox Blue,63,18,1,09:30:00,75,12,935,209,True,False,18,75,True,True,True
97998,2026,FPO,3,763683,230819,230819,900,Round 3,2026-06-21,Brit McKibben,915,Smugglers Notch Disc Golf Center - Fox Run,2025  Fox Blue,63,18,4,09:50:00,78,15,915,210,True,False,18,78,True,True,True
97998,2026,FPO,3,763683,168067,168067,889,Round 3,2026-06-21,Toby Sznaj,901,Smugglers Notch Disc Golf Center - Fox Run,2025  Fox Blue,63,18,4,09:30:00,74,11,942,211,True,False,18,74,True,True,True
97998,2026,FPO,3,763683,207322,207322,872,Round 3,2026-06-21,Alissa Saunders,882,Smugglers Notch Disc Golf Center - Fox Run,2025  Fox Blue,63,18,4,09:40:00,78,15,915,212,True,False,18,78,True,True,True
97998,2026,FPO,3,763683,203952,203952,903,Round 3,2026-06-21,Nicole Gonsalves,904,Smugglers Notch Disc Golf Center - Fox Run,2025  Fox Blue,63,18,1,09:40:00,79,16,908,212,True,False,18,79,True,True,True
97998,2026,FPO,3,763683,137170,137170,892,Round 3,2026-06-21,Elizabeth Cipar,903,Smugglers Notch Disc Golf Center - Fox Run,2025  Fox Blue,63,18,3,09:50:00,82,19,888,212,True,False,18,82,True,True,True
97998,2026,FPO,3,763683,142259,142259,909,Round 3,2026-06-21,Katheryn Maloney,900,Smugglers Notch Disc Golf Center - Fox Run,2025  Fox Blue,63,18,2,09:30:00,76,13,928,213,True,False,18,76,True,True,True
97998,2026,FPO,3,763683,236328,236328,890,Round 3,2026-06-21,Brie Smith,900,Smugglers Notch Disc Golf Center - Fox Run,2025  Fox Blue,63,18,2,09:20:00,77,14,922,215,True,False,18,77,True,True,True
97998,2026,FPO,3,763683,203310,203310,907,Round 3,2026-06-21,Sasha Smith,910,Smugglers Notch Disc Golf Center - Fox Run,2025  Fox Blue,63,18,3,09:30:00,80,17,902,217,True,False,18,80,True,True,True
97998,2026,FPO,3,763683,182424,182424,858,Round 3,2026-06-21,Olivia Martin,859,Smugglers Notch Disc Golf Center - Fox Run,2025  Fox Blue,63,18,3,09:20:00,77,14,922,218,True,False,18,77,True,True,True
97998,2026,FPO,3,763683,163363,163363,893,Round 3,2026-06-21,Julie Bisson,883,Smugglers Notch Disc Golf Center - Fox Run,2025  Fox Blue,63,18,4,09:20:00,83,20,882,224,True,False,18,83,True,True,True
97998,2026,FPO,3,763683,213524,213524,882,Round 3,2026-06-21,Sabrina Pray,884,Smugglers Notch Disc Golf Center - Fox Run,2025  Fox Blue,63,18,1,09:20:00,87,24,855,225,True,False,18,87,True,True,True
97998,2026,FPO,3,763683,285308,285308,855,Round 3,2026-06-21,Charlie Rodgers,864,Smugglers Notch Disc Golf Center - Fox Run,2025  Fox Blue,63,18,1,09:10:00,84,21,875,226,True,False,18,84,True,True,True
97998,2026,FPO,3,763683,185321,185321,835,Round 3,2026-06-21,Hallie 𓅓 Foundas,848,Smugglers Notch Disc Golf Center - Fox Run,2025  Fox Blue,63,18,4,09:10:00,80,17,902,230,True,False,18,80,True,True,True
97998,2026,FPO,3,763683,194023,194023,870,Round 3,2026-06-21,Erin Brown,871,Smugglers Notch Disc Golf Center - Fox Run,2025  Fox Blue,63,18,2,09:10:00,85,22,868,231,True,False,18,85,True,True,True
97998,2026,FPO,3,763683,294955,294955,865,Round 3,2026-06-21,Mélodie Gravel,865,Smugglers Notch Disc Golf Center - Fox Run,2025  Fox Blue,63,18,3,09:10:00,89,26,841,236,True,False,18,89,True,True,True
97998,2026,FPO,3,763683,207096,207096,853,Round 3,2026-06-21,Skye Alexander,847,Smugglers Notch Disc Golf Center - Fox Run,2025  Fox Blue,63,18,1,09:00:00,85,22,868,237,True,False,18,85,True,True,True
97998,2026,FPO,3,763683,174497,174497,851,Round 3,2026-06-21,Lizzy Marquis,854,Smugglers Notch Disc Golf Center - Fox Run,2025  Fox Blue,63,18,4,09:00:00,85,22,868,240,True,False,18,85,True,True,True
97998,2026,FPO,3,763683,148113,148113,852,Round 3,2026-06-21,Meghan Mercier,844,Smugglers Notch Disc Golf Center - Fox Run,2025  Fox Blue,63,18,2,09:00:00,86,23,861,241,True,False,18,86,True,True,True
97998,2026,FPO,3,763683,224820,224820,833,Round 3,2026-06-21,Ali Cavanaugh,834,Smugglers Notch Disc Golf Center - Fox Run,2025  Fox Blue,63,18,3,09:00:00,90,27,835,245,True,False,18,90,True,True,True
97998,2026,FPO,3,763683,121311,121311,843,Round 3,2026-06-21,Emily Braun,845,Smugglers Notch Disc Golf Center - Fox Run,2025  Fox Blue,63,18,2,08:50:00,87,24,855,247,True,False,18,87,True,True,True
97998,2026,FPO,3,763683,135596,135596,803,Round 3,2026-06-21,Amanda Borgman,817,Smugglers Notch Disc Golf Center - Fox Run,2025  Fox Blue,63,18,1,08:50:00,98,35,781,257,True,False,18,98,True,True,True
97998,2026,FPO,3,763683,228248,228248,819,Round 3,2026-06-21,Isza Parchini,802,Smugglers Notch Disc Golf Center - Fox Run,2025  Fox Blue,63,18,3,08:50:00,95,32,801,261,True,False,18,95,True,True,True
97998,2026,MA1,1,763683,68319,68319,948,Round 1,2026-06-21,James 𓆏 Barron,957,Smugglers Notch Disc Golf Center - Fox Run,2025  Fox Blue,63,18,1,14:40:00,65,2,1002,211,True,False,18,65,True,True,True
97998,2026,MA1,1,763683,212441,212441,947,Round 1,2026-06-21,Bobby Hallum,962,Smugglers Notch Disc Golf Center - Fox Run,2025  Fox Blue,63,18,3,13:40:00,67,4,988,189,True,False,18,67,True,True,True
97998,2026,MA1,1,763683,227760,227760,955,Round 1,2026-06-21,Clarke Hutchinson,954,Smugglers Notch Disc Golf Center - Fox Run,2025  Fox Blue,63,18,2,13:10:00,67,4,988,218,True,False,18,67,True,True,True
97998,2026,MA1,1,763683,54829,54829,966,Round 1,2026-06-21,Leighton Brinster,972,Smugglers Notch Disc Golf Center - Fox Run,2025  Fox Blue,63,18,2,13:40:00,68,5,982,200,True,False,18,68,True,True,True
97998,2026,MA1,1,763683,104226,104226,939,Round 1,2026-06-21,Beau Schofield,934,Smugglers Notch Disc Golf Center - Fox Run,2025  Fox Blue,63,18,1,14:10:00,68,5,982,216,True,False,18,68,True,True,True
97998,2026,MA1,1,763683,106751,106751,940,Round 1,2026-06-21,Jeffrey Abbott,952,Smugglers Notch Disc Golf Center - Fox Run,2025  Fox Blue,63,18,1,13:10:00,68,5,982,208,True,False,18,68,True,True,True
97998,2026,MA1,1,763683,117124,117124,961,Round 1,2026-06-21,Dean Squires Jr,970,Smugglers Notch Disc Golf Center - Fox Run,2025  Fox Blue,63,18,1,14:30:00,68,5,982,203,True,False,18,68,True,True,True
97998,2026,MA1,1,763683,111953,111953,944,Round 1,2026-06-21,Adam Nelson,952,Smugglers Notch Disc Golf Center - Fox Run,2025  Fox Blue,63,18,2,13:00:00,69,6,975,200,True,False,18,69,True,True,True
97998,2026,MA1,1,763683,229967,229967,952,Round 1,2026-06-21,Baylor Ashe,958,Smugglers Notch Disc Golf Center - Fox Run,2025  Fox Blue,63,18,3,13:50:00,69,6,975,198,True,False,18,69,True,True,True
97998,2026,MA1,1,763683,117308,117308,947,Round 1,2026-06-21,Bruce Moschetti II,935,Smugglers Notch Disc Golf Center - Fox Run,2025  Fox Blue,63,18,1,13:20:00,70,7,968,221,True,False,18,70,True,True,True
97998,2026,MA1,1,763683,130849,130849,949,Round 1,2026-06-21,Luke Falcon,956,Smugglers Notch Disc Golf Center - Fox Run,2025  Fox Blue,63,18,1,14:00:00,70,7,968,205,True,False,18,70,True,True,True
97998,2026,MA1,1,763683,181257,181257,939,Round 1,2026-06-21,Benjamin Kenney,955,Smugglers Notch Disc Golf Center - Fox Run,2025  Fox Blue,63,18,2,13:30:00,70,7,968,203,True,False,18,70,True,True,True
97998,2026,MA1,1,763683,131306,131306,948,Round 1,2026-06-21,Jeff Miles,947,Smugglers Notch Disc Golf Center - Fox Run,2025  Fox Blue,63,18,2,14:00:00,71,8,962,215,True,False,18,71,True,True,True
97998,2026,MA1,1,763683,230821,230821,921,Round 1,2026-06-21,Chris McKibben,911,Smugglers Notch Disc Golf Center - Fox Run,2025  Fox Blue,63,18,3,14:10:00,71,8,962,226,True,False,18,71,True,True,True
97998,2026,MA1,1,763683,242035,242035,947,Round 1,2026-06-21,Zac Montrief,948,Smugglers Notch Disc Golf Center - Fox Run,2025  Fox Blue,63,18,3,13:10:00,71,8,962,221,True,False,18,71,True,True,True
97998,2026,MA1,1,763683,183328,183328,965,Round 1,2026-06-21,Spencer Young,972,Smugglers Notch Disc Golf Center - Fox Run,2025  Fox Blue,63,18,3,13:30:00,72,9,955,205,True,False,18,72,True,True,True
97998,2026,MA1,1,763683,192086,192086,939,Round 1,2026-06-21,Carson Cacciatore,938,Smugglers Notch Disc Golf Center - Fox Run,2025  Fox Blue,63,18,1,13:40:00,72,9,955,217,True,False,18,72,True,True,True
97998,2026,MA1,1,763683,240269,240269,946,Round 1,2026-06-21,Jake Stephenson,947,Smugglers Notch Disc Golf Center - Fox Run,2025  Fox Blue,63,18,2,13:20:00,72,9,955,216,True,False,18,72,True,True,True
97998,2026,MA1,1,763683,244420,244420,937,Round 1,2026-06-21,Denver Leadbetter,943,Smugglers Notch Disc Golf Center - Fox Run,2025  Fox Blue,63,18,3,12:50:00,72,9,955,207,True,False,18,72,True,True,True
97998,2026,MA1,1,763683,270388,270388,970,Round 1,2026-06-21,Esteban Ceballos,966,Smugglers Notch Disc Golf Center - Fox Run,2025  Fox Blue,63,18,3,14:30:00,72,9,955,213,True,False,18,72,True,True,True
97998,2026,MA1,1,763683,146525,146525,940,Round 1,2026-06-21,John Hafner,942,Smugglers Notch Disc Golf Center - Fox Run,2025  Fox Blue,63,18,1,13:30:00,73,10,948,216,True,False,18,73,True,True,True
97998,2026,MA1,1,763683,237281,237281,923,Round 1,2026-06-21,Jacob Roumanos,925,Smugglers Notch Disc Golf Center - Fox Run,2025  Fox Blue,63,18,4,13:30:00,73,10,948,219,True,False,18,73,True,True,True
97998,2026,MA1,1,763683,221157,221157,932,Round 1,2026-06-21,Dylan Slick,915,Smugglers Notch Disc Golf Center - Fox Run,2025  Fox Blue,63,18,4,13:40:00,74,11,942,222,True,False,18,74,True,True,True
97998,2026,MA1,1,763683,62711,62711,900,Round 1,2026-06-21,Cam Rose,903,Smugglers Notch Disc Golf Center - Fox Run,2025  Fox Blue,63,18,1,13:00:00,75,12,935,231,True,False,18,75,True,True,True
97998,2026,MA1,1,763683,238142,238142,929,Round 1,2026-06-21,Michael Drolet,939,Smugglers Notch Disc Golf Center - Fox Run,2025  Fox Blue,63,18,4,14:20:00,75,12,935,205,True,False,18,75,True,True,True
97998,2026,MA1,1,763683,148268,148268,926,Round 1,2026-06-21,Benjamin Vondrak,926,Smugglers Notch Disc Golf Center - Fox Run,2025  Fox Blue,63,18,1,12:50:00,76,13,928,228,True,False,18,76,True,True,True
97998,2026,MA1,1,763683,151461,151461,921,Round 1,2026-06-21,Justin Smith,935,Smugglers Notch Disc Golf Center - Fox Run,2025  Fox Blue,63,18,2,14:30:00,76,13,928,226,True,False,18,76,True,True,True
97998,2026,MA1,1,763683,274791,274791,928,Round 1,2026-06-21,Jake Laborde,936,Smugglers Notch Disc Golf Center - Fox Run,2025  Fox Blue,63,18,4,12:50:00,76,13,928,221,True,False,18,76,True,True,True
97998,2026,MA1,1,763683,281663,281663,927,Round 1,2026-06-21,Kyle McGee,932,Smugglers Notch Disc Golf Center - Fox Run,2025  Fox Blue,63,18,4,14:30:00,76,13,928,,True,False,18,76,True,True,True
97998,2026,MA1,1,763683,299241,299241,890,Round 1,2026-06-21,Russell Callahan,905,Smugglers Notch Disc Golf Center - Fox Run,2025  Fox Blue,63,18,4,14:00:00,76,13,928,219,True,False,18,76,True,True,True
97998,2026,MA1,1,763683,153675,153675,940,Round 1,2026-06-21,Sean Greener,939,Smugglers Notch Disc Golf Center - Fox Run,2025  Fox Blue,63,18,2,14:10:00,77,14,922,218,True,False,18,77,True,True,True
97998,2026,MA1,1,763683,185420,185420,921,Round 1,2026-06-21,Michael Mahoney,931,Smugglers Notch Disc Golf Center - Fox Run,2025  Fox Blue,63,18,1,13:50:00,77,14,922,224,True,False,18,77,True,True,True
97998,2026,MA1,1,763683,189511,189511,933,Round 1,2026-06-21,Tyler Clark,928,Smugglers Notch Disc Golf Center - Fox Run,2025  Fox Blue,63,18,2,12:50:00,77,14,922,223,True,False,18,77,True,True,True
97998,2026,MA1,1,763683,255082,255082,918,Round 1,2026-06-21,DJ Hosley,917,Smugglers Notch Disc Golf Center - Fox Run,2025  Fox Blue,63,18,3,13:20:00,77,14,922,236,True,False,18,77,True,True,True
97998,2026,MA1,1,763683,255128,255128,949,Round 1,2026-06-21,Joey 𓃗 Horstman Jr,948,Smugglers Notch Disc Golf Center - Fox Run,2025  Fox Blue,63,18,4,14:10:00,77,14,922,215,True,False,18,77,True,True,True
97998,2026,MA1,1,763683,275893,275893,938,Round 1,2026-06-21,Kyle Pinard,944,Smugglers Notch Disc Golf Center - Fox Run,2025  Fox Blue,63,18,4,13:50:00,77,14,922,220,True,False,18,77,True,True,True
97998,2026,MA1,1,763683,147369,147369,937,Round 1,2026-06-21,Andrew Behrens,937,Smugglers Notch Disc Golf Center - Fox Run,2025  Fox Blue,63,18,3,14:40:00,78,15,915,,True,False,18,78,True,True,True
97998,2026,MA1,1,763683,152276,152276,933,Round 1,2026-06-21,Alex Williams,957,Smugglers Notch Disc Golf Center - Fox Run,2025  Fox Blue,63,18,2,14:50:00,78,15,915,215,True,False,18,78,True,True,True
97998,2026,MA1,1,763683,209741,209741,959,Round 1,2026-06-21,Josh Graning,956,Smugglers Notch Disc Golf Center - Fox Run,2025  Fox Blue,63,18,3,14:50:00,78,15,915,218,True,False,18,78,True,True,True
97998,2026,MA1,1,763683,212019,212019,911,Round 1,2026-06-21,Ian St. Pierre,915,Smugglers Notch Disc Golf Center - Fox Run,2025  Fox Blue,63,18,3,14:20:00,78,15,915,233,True,False,18,78,True,True,True
97998,2026,MA1,1,763683,215355,215355,940,Round 1,2026-06-21,Dennis Poirier III,939,Smugglers Notch Disc Golf Center - Fox Run,2025  Fox Blue,63,18,2,13:50:00,78,15,915,224,True,False,18,78,True,True,True
97998,2026,MA1,1,763683,260496,260496,931,Round 1,2026-06-21,Camden Kulczyk,913,Smugglers Notch Disc Golf Center - Fox Run,2025  Fox Blue,63,18,4,13:00:00,78,15,915,225,True,False,18,78,True,True,True
97998,2026,MA1,1,763683,260929,260929,933,Round 1,2026-06-21,Samuel Moreno,936,Smugglers Notch Disc Golf Center - Fox Run,2025  Fox Blue,63,18,4,13:20:00,79,16,908,231,True,False,18,79,True,True,True
97998,2026,MA1,1,763683,179052,179052,931,Round 1,2026-06-21,Mike Morales,931,Smugglers Notch Disc Golf Center - Fox Run,2025  Fox Blue,63,18,4,14:40:00,80,17,902,225,True,False,18,80,True,True,True
97998,2026,MA1,1,763683,247199,247199,897,Round 1,2026-06-21,Jeremy Nadeau,904,Smugglers Notch Disc Golf Center - Fox Run,2025  Fox Blue,63,18,4,13:10:00,80,17,902,242,True,False,18,80,True,True,True
97998,2026,MA1,1,763683,258543,258543,924,Round 1,2026-06-21,Dima Mikhaylov,928,Smugglers Notch Disc Golf Center - Fox Run,2025  Fox Blue,63,18,4,14:50:00,80,17,902,223,True,False,18,80,True,True,True
97998,2026,MA1,1,763683,138307,138307,930,Round 1,2026-06-21,David Perry,938,Smugglers Notch Disc Golf Center - Fox Run,2025  Fox Blue,63,18,1,14:20:00,81,18,895,236,True,False,18,81,True,True,True
97998,2026,MA1,1,763683,146226,146226,928,Round 1,2026-06-21,Jason Cagney,927,Smugglers Notch Disc Golf Center - Fox Run,2025  Fox Blue,63,18,1,14:50:00,81,18,895,223,True,False,18,81,True,True,True
97998,2026,MA1,1,763683,168089,168089,948,Round 1,2026-06-21,Jacob Nadreau,955,Smugglers Notch Disc Golf Center - Fox Run,2025  Fox Blue,63,18,3,14:00:00,81,18,895,214,True,False,18,81,True,True,True
97998,2026,MA1,1,763683,161510,161510,911,Round 1,2026-06-21,TJ Rubin,919,Smugglers Notch Disc Golf Center - Fox Run,2025  Fox Blue,63,18,2,14:20:00,82,19,888,222,True,False,18,82,True,True,True
97998,2026,MA1,1,763683,186194,186194,937,Round 1,2026-06-21,Jonas Mailman,932,Smugglers Notch Disc Golf Center - Fox Run,2025  Fox Blue,63,18,3,13:00:00,83,20,882,235,True,False,18,83,True,True,True
97998,2026,MA1,1,763683,87922,87922,940,Round 1,2026-06-21,Tony Stolo,936,Smugglers Notch Disc Golf Center - Fox Run,2025  Fox Blue,63,18,2,14:40:00,85,22,868,240,True,False,18,85,True,True,True
97998,2026,MA1,2,763683,212441,212441,947,Round 2,2026-06-21,Bobby Hallum,962,Smugglers Notch Disc Golf Center - Fox Run,2025  Fox Blue,63,18,2,15:00:00,59,-4,1042,189,True,False,18,59,True,True,True
97998,2026,MA1,2,763683,229967,229967,952,Round 2,2026-06-21,Baylor Ashe,958,Smugglers Notch Disc Golf Center - Fox Run,2025  Fox Blue,63,18,1,14:40:00,63,0,1015,198,True,False,18,63,True,True,True
97998,2026,MA1,2,763683,183328,183328,965,Round 2,2026-06-21,Spencer Young,972,Smugglers Notch Disc Golf Center - Fox Run,2025  Fox Blue,63,18,4,14:30:00,62,-1,1022,205,True,False,18,62,True,True,True
97998,2026,MA1,2,763683,106751,106751,940,Round 2,2026-06-21,Jeffrey Abbott,952,Smugglers Notch Disc Golf Center - Fox Run,2025  Fox Blue,63,18,2,14:50:00,67,4,988,208,True,False,18,67,True,True,True
97998,2026,MA1,2,763683,54829,54829,966,Round 2,2026-06-21,Leighton Brinster,972,Smugglers Notch Disc Golf Center - Fox Run,2025  Fox Blue,63,18,4,15:00:00,68,5,982,200,True,False,18,68,True,True,True
97998,2026,MA1,2,763683,270388,270388,970,Round 2,2026-06-21,Esteban Ceballos,966,Smugglers Notch Disc Golf Center - Fox Run,2025  Fox Blue,63,18,4,14:20:00,65,2,1002,213,True,False,18,65,True,True,True
97998,2026,MA1,2,763683,111953,111953,944,Round 2,2026-06-21,Adam Nelson,952,Smugglers Notch Disc Golf Center - Fox Run,2025  Fox Blue,63,18,4,14:50:00,68,5,982,200,True,False,18,68,True,True,True
97998,2026,MA1,2,763683,117124,117124,961,Round 2,2026-06-21,Dean Squires Jr,970,Smugglers Notch Disc Golf Center - Fox Run,2025  Fox Blue,63,18,3,14:50:00,69,6,975,203,True,False,18,69,True,True,True
97998,2026,MA1,2,763683,181257,181257,939,Round 2,2026-06-21,Benjamin Kenney,955,Smugglers Notch Disc Golf Center - Fox Run,2025  Fox Blue,63,18,4,14:40:00,68,5,982,203,True,False,18,68,True,True,True
97998,2026,MA1,2,763683,68319,68319,948,Round 2,2026-06-21,James 𓆏 Barron,957,Smugglers Notch Disc Golf Center - Fox Run,2025  Fox Blue,63,18,1,15:00:00,73,10,948,211,True,False,18,73,True,True,True
97998,2026,MA1,2,763683,240269,240269,946,Round 2,2026-06-21,Jake Stephenson,947,Smugglers Notch Disc Golf Center - Fox Run,2025  Fox Blue,63,18,2,14:20:00,67,4,988,216,True,False,18,67,True,True,True
97998,2026,MA1,2,763683,244420,244420,937,Round 2,2026-06-21,Denver Leadbetter,943,Smugglers Notch Disc Golf Center - Fox Run,2025  Fox Blue,63,18,3,14:20:00,68,5,982,207,True,False,18,68,True,True,True
97998,2026,MA1,2,763683,130849,130849,949,Round 2,2026-06-21,Luke Falcon,956,Smugglers Notch Disc Golf Center - Fox Run,2025  Fox Blue,63,18,3,14:40:00,70,7,968,205,True,False,18,70,True,True,True
97998,2026,MA1,2,763683,104226,104226,939,Round 2,2026-06-21,Beau Schofield,934,Smugglers Notch Disc Golf Center - Fox Run,2025  Fox Blue,63,18,1,14:50:00,72,9,955,216,True,False,18,72,True,True,True
97998,2026,MA1,2,763683,238142,238142,929,Round 2,2026-06-21,Michael Drolet,939,Smugglers Notch Disc Golf Center - Fox Run,2025  Fox Blue,63,18,1,14:00:00,66,3,995,205,True,False,18,66,True,True,True
97998,2026,MA1,2,763683,117308,117308,947,Round 2,2026-06-21,Bruce Moschetti II,935,Smugglers Notch Disc Golf Center - Fox Run,2025  Fox Blue,63,18,2,14:40:00,72,9,955,221,True,False,18,72,True,True,True
97998,2026,MA1,2,763683,227760,227760,955,Round 2,2026-06-21,Clarke Hutchinson,954,Smugglers Notch Disc Golf Center - Fox Run,2025  Fox Blue,63,18,3,15:00:00,75,12,935,218,True,False,18,75,True,True,True
97998,2026,MA1,2,763683,146525,146525,940,Round 2,2026-06-21,John Hafner,942,Smugglers Notch Disc Golf Center - Fox Run,2025  Fox Blue,63,18,1,14:10:00,67,7,968,216,True,False,18,67,True,True,True
97998,2026,MA1,2,763683,192086,192086,939,Round 2,2026-06-21,Carson Cacciatore,938,Smugglers Notch Disc Golf Center - Fox Run,2025  Fox Blue,63,18,1,14:20:00,71,8,962,217,True,False,18,71,True,True,True
97998,2026,MA1,2,763683,299241,299241,890,Round 2,2026-06-21,Russell Callahan,905,Smugglers Notch Disc Golf Center - Fox Run,2025  Fox Blue,63,18,2,13:50:00,68,5,982,219,True,False,18,68,True,True,True
97998,2026,MA1,2,763683,131306,131306,948,Round 2,2026-06-21,Jeff Miles,947,Smugglers Notch Disc Golf Center - Fox Run,2025  Fox Blue,63,18,1,14:30:00,74,11,942,215,True,False,18,74,True,True,True
97998,2026,MA1,2,763683,153675,153675,940,Round 2,2026-06-21,Sean Greener,939,Smugglers Notch Disc Golf Center - Fox Run,2025  Fox Blue,63,18,3,13:50:00,69,6,975,218,True,False,18,69,True,True,True
97998,2026,MA1,2,763683,281663,281663,927,Round 2,2026-06-21,Kyle McGee,932,Smugglers Notch Disc Golf Center - Fox Run,2025  Fox Blue,63,18,1,13:50:00,70,7,968,,True,False,18,70,True,True,True
97998,2026,MA1,2,763683,237281,237281,923,Round 2,2026-06-21,Jacob Roumanos,925,Smugglers Notch Disc Golf Center - Fox Run,2025  Fox Blue,63,18,2,14:10:00,73,10,948,219,True,False,18,73,True,True,True
97998,2026,MA1,2,763683,215355,215355,940,Round 2,2026-06-21,Dennis Poirier III,939,Smugglers Notch Disc Golf Center - Fox Run,2025  Fox Blue,63,18,1,13:20:00,69,6,975,224,True,False,18,69,True,True,True
97998,2026,MA1,2,763683,255128,255128,949,Round 2,2026-06-21,Joey 𓃗 Horstman Jr,948,Smugglers Notch Disc Golf Center - Fox Run,2025  Fox Blue,63,18,3,13:40:00,70,7,968,215,True,False,18,70,True,True,True
97998,2026,MA1,2,763683,242035,242035,947,Round 2,2026-06-21,Zac Montrief,948,Smugglers Notch Disc Golf Center - Fox Run,2025  Fox Blue,63,18,3,14:30:00,76,13,928,221,True,False,18,76,True,True,True
97998,2026,MA1,2,763683,152276,152276,933,Round 2,2026-06-21,Alex Williams,957,Smugglers Notch Disc Golf Center - Fox Run,2025  Fox Blue,63,18,1,13:30:00,70,7,968,215,True,False,18,70,True,True,True
97998,2026,MA1,2,763683,161510,161510,911,Round 2,2026-06-21,TJ Rubin,919,Smugglers Notch Disc Golf Center - Fox Run,2025  Fox Blue,63,18,2,13:00:00,67,4,988,222,True,False,18,67,True,True,True
97998,2026,MA1,2,763683,168089,168089,948,Round 2,2026-06-21,Jacob Nadreau,955,Smugglers Notch Disc Golf Center - Fox Run,2025  Fox Blue,63,18,1,13:00:00,68,5,982,214,True,False,18,68,True,True,True
97998,2026,MA1,2,763683,221157,221157,932,Round 2,2026-06-21,Dylan Slick,915,Smugglers Notch Disc Golf Center - Fox Run,2025  Fox Blue,63,18,3,14:10:00,78,12,935,222,True,False,18,78,True,True,True
97998,2026,MA1,2,763683,189511,189511,933,Round 2,2026-06-21,Tyler Clark,928,Smugglers Notch Disc Golf Center - Fox Run,2025  Fox Blue,63,18,1,13:40:00,73,10,948,223,True,False,18,73,True,True,True
97998,2026,MA1,2,763683,275893,275893,938,Round 2,2026-06-21,Kyle Pinard,944,Smugglers Notch Disc Golf Center - Fox Run,2025  Fox Blue,63,18,4,13:40:00,73,10,948,220,True,False,18,73,True,True,True
97998,2026,MA1,2,763683,146226,146226,928,Round 2,2026-06-21,Jason Cagney,927,Smugglers Notch Disc Golf Center - Fox Run,2025  Fox Blue,63,18,4,13:10:00,70,7,968,223,True,False,18,70,True,True,True
97998,2026,MA1,2,763683,209741,209741,959,Round 2,2026-06-21,Josh Graning,956,Smugglers Notch Disc Golf Center - Fox Run,2025  Fox Blue,63,18,2,13:30:00,73,10,948,218,True,False,18,73,True,True,True
97998,2026,MA1,2,763683,274791,274791,928,Round 2,2026-06-21,Jake Laborde,936,Smugglers Notch Disc Golf Center - Fox Run,2025  Fox Blue,63,18,4,14:00:00,75,12,935,221,True,False,18,75,True,True,True
97998,2026,MA1,2,763683,230821,230821,921,Round 2,2026-06-21,Chris McKibben,911,Smugglers Notch Disc Golf Center - Fox Run,2025  Fox Blue,63,18,2,14:30:00,80,17,902,226,True,False,18,80,True,True,True
97998,2026,MA1,2,763683,185420,185420,921,Round 2,2026-06-21,Michael Mahoney,931,Smugglers Notch Disc Golf Center - Fox Run,2025  Fox Blue,63,18,4,13:50:00,75,12,935,224,True,False,18,75,True,True,True
97998,2026,MA1,2,763683,151461,151461,921,Round 2,2026-06-21,Justin Smith,935,Smugglers Notch Disc Golf Center - Fox Run,2025  Fox Blue,63,18,3,14:00:00,76,13,928,226,True,False,18,76,True,True,True
97998,2026,MA1,2,763683,179052,179052,931,Round 2,2026-06-21,Mike Morales,931,Smugglers Notch Disc Golf Center - Fox Run,2025  Fox Blue,63,18,4,13:20:00,73,10,948,225,True,False,18,73,True,True,True
97998,2026,MA1,2,763683,258543,258543,924,Round 2,2026-06-21,Dima Mikhaylov,928,Smugglers Notch Disc Golf Center - Fox Run,2025  Fox Blue,63,18,2,13:10:00,74,11,942,223,True,False,18,74,True,True,True
97998,2026,MA1,2,763683,260496,260496,931,Round 2,2026-06-21,Camden Kulczyk,913,Smugglers Notch Disc Golf Center - Fox Run,2025  Fox Blue,63,18,2,13:20:00,76,13,928,225,True,False,18,76,True,True,True
97998,2026,MA1,2,763683,148268,148268,926,Round 2,2026-06-21,Benjamin Vondrak,926,Smugglers Notch Disc Golf Center - Fox Run,2025  Fox Blue,63,18,2,14:00:00,78,15,915,228,True,False,18,78,True,True,True
97998,2026,MA1,2,763683,255082,255082,918,Round 2,2026-06-21,DJ Hosley,917,Smugglers Notch Disc Golf Center - Fox Run,2025  Fox Blue,63,18,2,13:40:00,78,15,915,236,True,False,18,78,True,True,True
97998,2026,MA1,2,763683,212019,212019,911,Round 2,2026-06-21,Ian St. Pierre,915,Smugglers Notch Disc Golf Center - Fox Run,2025  Fox Blue,63,18,3,13:30:00,78,15,915,233,True,False,18,78,True,True,True
97998,2026,MA1,2,763683,62711,62711,900,Round 2,2026-06-21,Cam Rose,903,Smugglers Notch Disc Golf Center - Fox Run,2025  Fox Blue,63,18,4,14:10:00,81,18,895,231,True,False,18,81,True,True,True
97998,2026,MA1,2,763683,87922,87922,940,Round 2,2026-06-21,Tony Stolo,936,Smugglers Notch Disc Golf Center - Fox Run,2025  Fox Blue,63,18,4,13:00:00,73,10,948,240,True,False,18,73,True,True,True
97998,2026,MA1,2,763683,247199,247199,897,Round 2,2026-06-21,Jeremy Nadeau,904,Smugglers Notch Disc Golf Center - Fox Run,2025  Fox Blue,63,18,1,13:10:00,78,15,915,242,True,False,18,78,True,True,True
97998,2026,MA1,2,763683,260929,260929,933,Round 2,2026-06-21,Samuel Moreno,936,Smugglers Notch Disc Golf Center - Fox Run,2025  Fox Blue,63,18,3,13:20:00,80,17,902,231,True,False,18,80,True,True,True
97998,2026,MA1,2,763683,138307,138307,930,Round 2,2026-06-21,David Perry,938,Smugglers Notch Disc Golf Center - Fox Run,2025  Fox Blue,63,18,3,13:10:00,80,17,902,236,True,False,18,80,True,True,True
97998,2026,MA1,2,763683,186194,186194,937,Round 2,2026-06-21,Jonas Mailman,932,Smugglers Notch Disc Golf Center - Fox Run,2025  Fox Blue,63,18,3,13:00:00,81,18,895,235,True,False,18,81,True,True,True
97998,2026,MA1,2,763683,147369,147369,937,Round 2,2026-06-21,Andrew Behrens,937,Smugglers Notch Disc Golf Center - Fox Run,2025  Fox Blue,63,18,,,,,,,True,True,0,,False,False,False
97998,2026,MA1,3,763678,212441,212441,947,Round 3,2026-06-21,Bobby Hallum,962,Smugglers Notch Disc Golf Center - Brewster Ridge,2025  Brewster Gold ,62,18,1,15:00:00,63,1,1004,189,True,False,18,63,True,True,True
97998,2026,MA1,3,763678,229967,229967,952,Round 3,2026-06-21,Baylor Ashe,958,Smugglers Notch Disc Golf Center - Brewster Ridge,2025  Brewster Gold ,62,18,2,15:00:00,66,4,983,198,True,False,18,66,True,True,True
97998,2026,MA1,3,763678,111953,111953,944,Round 3,2026-06-21,Adam Nelson,952,Smugglers Notch Disc Golf Center - Brewster Ridge,2025  Brewster Gold ,62,18,3,14:50:00,63,1,1004,200,True,False,18,63,True,True,True
97998,2026,MA1,3,763678,54829,54829,966,Round 3,2026-06-21,Leighton Brinster,972,Smugglers Notch Disc Golf Center - Brewster Ridge,2025  Brewster Gold ,62,18,1,14:50:00,64,2,997,200,True,False,18,64,True,True,True
97998,2026,MA1,3,763678,181257,181257,939,Round 3,2026-06-21,Benjamin Kenney,955,Smugglers Notch Disc Golf Center - Brewster Ridge,2025  Brewster Gold ,62,18,1,14:40:00,65,3,990,203,True,False,18,65,True,True,True
97998,2026,MA1,3,763678,117124,117124,961,Round 3,2026-06-21,Dean Squires Jr,970,Smugglers Notch Disc Golf Center - Brewster Ridge,2025  Brewster Gold ,62,18,4,14:50:00,66,4,983,203,True,False,18,66,True,True,True
97998,2026,MA1,3,763678,238142,238142,929,Round 3,2026-06-21,Michael Drolet,939,Smugglers Notch Disc Golf Center - Brewster Ridge,2025  Brewster Gold ,62,18,3,14:30:00,64,2,997,205,True,False,18,64,True,True,True
97998,2026,MA1,3,763678,130849,130849,949,Round 3,2026-06-21,Luke Falcon,956,Smugglers Notch Disc Golf Center - Brewster Ridge,2025  Brewster Gold ,62,18,1,14:30:00,65,3,990,205,True,False,18,65,True,True,True
97998,2026,MA1,3,763678,183328,183328,965,Round 3,2026-06-21,Spencer Young,972,Smugglers Notch Disc Golf Center - Brewster Ridge,2025  Brewster Gold ,62,18,3,15:00:00,71,9,948,205,True,False,18,71,True,True,True
97998,2026,MA1,3,763678,244420,244420,937,Round 3,2026-06-21,Denver Leadbetter,943,Smugglers Notch Disc Golf Center - Brewster Ridge,2025  Brewster Gold ,62,18,4,14:40:00,67,5,976,207,True,False,18,67,True,True,True
97998,2026,MA1,3,763678,106751,106751,940,Round 3,2026-06-21,Jeffrey Abbott,952,Smugglers Notch Disc Golf Center - Brewster Ridge,2025  Brewster Gold ,62,18,4,15:00:00,73,11,934,208,True,False,18,73,True,True,True
97998,2026,MA1,3,763678,68319,68319,948,Round 3,2026-06-21,James 𓆏 Barron,957,Smugglers Notch Disc Golf Center - Brewster Ridge,2025  Brewster Gold ,62,18,2,14:40:00,73,11,934,211,True,False,18,73,True,True,True
97998,2026,MA1,3,763678,270388,270388,970,Round 3,2026-06-21,Esteban Ceballos,966,Smugglers Notch Disc Golf Center - Brewster Ridge,2025  Brewster Gold ,62,18,2,14:50:00,76,14,913,213,True,False,18,76,True,True,True
97998,2026,MA1,3,763678,168089,168089,948,Round 3,2026-06-21,Jacob Nadreau,955,Smugglers Notch Disc Golf Center - Brewster Ridge,2025  Brewster Gold ,62,18,2,13:50:00,65,3,990,214,True,False,18,65,True,True,True
97998,2026,MA1,3,763678,152276,152276,933,Round 3,2026-06-21,Alex Williams,957,Smugglers Notch Disc Golf Center - Brewster Ridge,2025  Brewster Gold ,62,18,4,14:00:00,67,5,976,215,True,False,18,67,True,True,True
97998,2026,MA1,3,763678,255128,255128,949,Round 3,2026-06-21,Joey 𓃗 Horstman Jr,948,Smugglers Notch Disc Golf Center - Brewster Ridge,2025  Brewster Gold ,62,18,2,14:00:00,68,6,969,215,True,False,18,68,True,True,True
97998,2026,MA1,3,763678,131306,131306,948,Round 3,2026-06-21,Jeff Miles,947,Smugglers Notch Disc Golf Center - Brewster Ridge,2025  Brewster Gold ,62,18,1,14:10:00,70,8,955,215,True,False,18,70,True,True,True
97998,2026,MA1,3,763678,146525,146525,940,Round 3,2026-06-21,John Hafner,942,Smugglers Notch Disc Golf Center - Brewster Ridge,2025  Brewster Gold ,62,18,2,14:20:00,73,11,934,216,True,False,18,73,True,True,True
97998,2026,MA1,3,763678,104226,104226,939,Round 3,2026-06-21,Beau Schofield,934,Smugglers Notch Disc Golf Center - Brewster Ridge,2025  Brewster Gold ,62,18,2,14:30:00,76,14,913,216,True,False,18,76,True,True,True
97998,2026,MA1,3,763678,240269,240269,946,Round 3,2026-06-21,Jake Stephenson,947,Smugglers Notch Disc Golf Center - Brewster Ridge,2025  Brewster Gold ,62,18,3,14:40:00,77,15,906,216,True,False,18,77,True,True,True
97998,2026,MA1,3,763678,192086,192086,939,Round 3,2026-06-21,Carson Cacciatore,938,Smugglers Notch Disc Golf Center - Brewster Ridge,2025  Brewster Gold ,62,18,3,14:20:00,74,12,927,217,True,False,18,74,True,True,True
97998,2026,MA1,3,763678,209741,209741,959,Round 3,2026-06-21,Josh Graning,956,Smugglers Notch Disc Golf Center - Brewster Ridge,2025  Brewster Gold ,62,18,3,13:40:00,67,5,976,218,True,False,18,67,True,True,True
97998,2026,MA1,3,763678,153675,153675,940,Round 3,2026-06-21,Sean Greener,939,Smugglers Notch Disc Golf Center - Brewster Ridge,2025  Brewster Gold ,62,18,2,14:10:00,72,10,941,218,True,False,18,72,True,True,True
97998,2026,MA1,3,763678,227760,227760,955,Round 3,2026-06-21,Clarke Hutchinson,954,Smugglers Notch Disc Golf Center - Brewster Ridge,2025  Brewster Gold ,62,18,1,14:20:00,76,14,913,218,True,False,18,76,True,True,True
97998,2026,MA1,3,763678,237281,237281,923,Round 3,2026-06-21,Jacob Roumanos,925,Smugglers Notch Disc Golf Center - Brewster Ridge,2025  Brewster Gold ,62,18,3,14:10:00,73,11,934,219,True,False,18,73,True,True,True
97998,2026,MA1,3,763678,299241,299241,890,Round 3,2026-06-21,Russell Callahan,905,Smugglers Notch Disc Golf Center - Brewster Ridge,2025  Brewster Gold ,62,18,4,14:20:00,75,13,920,219,True,False,18,75,True,True,True
97998,2026,MA1,3,763678,275893,275893,938,Round 3,2026-06-21,Kyle Pinard,944,Smugglers Notch Disc Golf Center - Brewster Ridge,2025  Brewster Gold ,62,18,1,13:40:00,70,8,955,220,True,False,18,70,True,True,True
97998,2026,MA1,3,763678,274791,274791,928,Round 3,2026-06-21,Jake Laborde,936,Smugglers Notch Disc Golf Center - Brewster Ridge,2025  Brewster Gold ,62,18,4,13:40:00,70,8,955,221,True,False,18,70,True,True,True
97998,2026,MA1,3,763678,242035,242035,947,Round 3,2026-06-21,Zac Montrief,948,Smugglers Notch Disc Golf Center - Brewster Ridge,2025  Brewster Gold ,62,18,3,14:00:00,74,12,927,221,True,False,18,74,True,True,True
97998,2026,MA1,3,763678,117308,117308,947,Round 3,2026-06-21,Bruce Moschetti II,935,Smugglers Notch Disc Golf Center - Brewster Ridge,2025  Brewster Gold ,62,18,4,14:30:00,79,17,891,221,True,False,18,79,True,True,True
97998,2026,MA1,3,763678,161510,161510,911,Round 3,2026-06-21,TJ Rubin,919,Smugglers Notch Disc Golf Center - Brewster Ridge,2025  Brewster Gold ,62,18,1,13:50:00,73,11,934,222,True,False,18,73,True,True,True
97998,2026,MA1,3,763678,221157,221157,932,Round 3,2026-06-21,Dylan Slick,915,Smugglers Notch Disc Golf Center - Brewster Ridge,2025  Brewster Gold ,62,18,3,13:50:00,73,11,934,222,True,False,18,73,True,True,True
97998,2026,MA1,3,763678,258543,258543,924,Round 3,2026-06-21,Dima Mikhaylov,928,Smugglers Notch Disc Golf Center - Brewster Ridge,2025  Brewster Gold ,62,18,1,13:20:00,69,7,962,223,True,False,18,69,True,True,True
97998,2026,MA1,3,763678,146226,146226,928,Round 3,2026-06-21,Jason Cagney,927,Smugglers Notch Disc Golf Center - Brewster Ridge,2025  Brewster Gold ,62,18,2,13:40:00,72,10,941,223,True,False,18,72,True,True,True
97998,2026,MA1,3,763678,189511,189511,933,Round 3,2026-06-21,Tyler Clark,928,Smugglers Notch Disc Golf Center - Brewster Ridge,2025  Brewster Gold ,62,18,4,13:50:00,73,11,934,223,True,False,18,73,True,True,True
97998,2026,MA1,3,763678,185420,185420,921,Round 3,2026-06-21,Michael Mahoney,931,Smugglers Notch Disc Golf Center - Brewster Ridge,2025  Brewster Gold ,62,18,2,13:30:00,72,10,941,224,True,False,18,72,True,True,True
97998,2026,MA1,3,763678,215355,215355,940,Round 3,2026-06-21,Dennis Poirier III,939,Smugglers Notch Disc Golf Center - Brewster Ridge,2025  Brewster Gold ,62,18,1,14:00:00,77,15,906,224,True,False,18,77,True,True,True
97998,2026,MA1,3,763678,260496,260496,931,Round 3,2026-06-21,Camden Kulczyk,913,Smugglers Notch Disc Golf Center - Brewster Ridge,2025  Brewster Gold ,62,18,2,13:20:00,71,9,948,225,True,False,18,71,True,True,True
97998,2026,MA1,3,763678,179052,179052,931,Round 3,2026-06-21,Mike Morales,931,Smugglers Notch Disc Golf Center - Brewster Ridge,2025  Brewster Gold ,62,18,4,13:30:00,72,10,941,225,True,False,18,72,True,True,True
97998,2026,MA1,3,763678,151461,151461,921,Round 3,2026-06-21,Justin Smith,935,Smugglers Notch Disc Golf Center - Brewster Ridge,2025  Brewster Gold ,62,18,3,13:30:00,74,12,927,226,True,False,18,74,True,True,True
97998,2026,MA1,3,763678,230821,230821,921,Round 3,2026-06-21,Chris McKibben,911,Smugglers Notch Disc Golf Center - Brewster Ridge,2025  Brewster Gold ,62,18,1,13:30:00,75,13,920,226,True,False,18,75,True,True,True
97998,2026,MA1,3,763678,148268,148268,926,Round 3,2026-06-21,Benjamin Vondrak,926,Smugglers Notch Disc Golf Center - Brewster Ridge,2025  Brewster Gold ,62,18,3,13:20:00,74,12,927,228,True,False,18,74,True,True,True
97998,2026,MA1,3,763678,260929,260929,933,Round 3,2026-06-21,Samuel Moreno,936,Smugglers Notch Disc Golf Center - Brewster Ridge,2025  Brewster Gold ,62,18,1,13:00:00,72,10,941,231,True,False,18,72,True,True,True
97998,2026,MA1,3,763678,62711,62711,900,Round 3,2026-06-21,Cam Rose,903,Smugglers Notch Disc Golf Center - Brewster Ridge,2025  Brewster Gold ,62,18,2,13:10:00,75,13,920,231,True,False,18,75,True,True,True
97998,2026,MA1,3,763678,212019,212019,911,Round 3,2026-06-21,Ian St. Pierre,915,Smugglers Notch Disc Golf Center - Brewster Ridge,2025  Brewster Gold ,62,18,1,13:10:00,77,15,906,233,True,False,18,77,True,True,True
97998,2026,MA1,3,763678,186194,186194,937,Round 3,2026-06-21,Jonas Mailman,932,Smugglers Notch Disc Golf Center - Brewster Ridge,2025  Brewster Gold ,62,18,3,13:00:00,71,9,948,235,True,False,18,71,True,True,True
97998,2026,MA1,3,763678,138307,138307,930,Round 3,2026-06-21,David Perry,938,Smugglers Notch Disc Golf Center - Brewster Ridge,2025  Brewster Gold ,62,18,2,13:00:00,75,13,920,236,True,False,18,75,True,True,True
97998,2026,MA1,3,763678,255082,255082,918,Round 3,2026-06-21,DJ Hosley,917,Smugglers Notch Disc Golf Center - Brewster Ridge,2025  Brewster Gold ,62,18,4,13:20:00,81,19,877,236,True,False,18,81,True,True,True
97998,2026,MA1,3,763678,87922,87922,940,Round 3,2026-06-21,Tony Stolo,936,Smugglers Notch Disc Golf Center - Brewster Ridge,2025  Brewster Gold ,62,18,3,13:10:00,82,20,870,240,True,False,18,82,True,True,True
97998,2026,MA1,3,763678,247199,247199,897,Round 3,2026-06-21,Jeremy Nadeau,904,Smugglers Notch Disc Golf Center - Brewster Ridge,2025  Brewster Gold ,62,18,4,13:10:00,84,22,856,242,True,False,18,84,True,True,True
97998,2026,MA1,3,763678,281663,281663,927,Round 3,2026-06-21,Kyle McGee,932,Smugglers Notch Disc Golf Center - Brewster Ridge,2025  Brewster Gold ,62,18,3,14:10:00,57,937,,,True,False,13,57,False,True,False
97998,2026,MA1,3,763678,147369,147369,937,Round 3,2026-06-21,Andrew Behrens,937,Smugglers Notch Disc Golf Center - Brewster Ridge,2025  Brewster Gold ,62,18,,,0,0,,,True,False,0,,False,False,False
97998,2026,MA2,1,763683,115807,115807,923,Round 1,2026-06-21,John MacDonald,924,Smugglers Notch Disc Golf Center - Fox Run,2025  Fox Blue,63,18,1,11:20:00,71,8,962,206,True,False,18,71,True,True,True
97998,2026,MA2,1,763683,164199,164199,916,Round 1,2026-06-21,Ryan Cloutier,933,Smugglers Notch Disc Golf Center - Fox Run,2025  Fox Blue,63,18,3,11:30:00,73,10,948,214,True,False,18,73,True,True,True
97998,2026,MA2,1,763683,189203,189203,910,Round 1,2026-06-21,Bobby Martino,911,Smugglers Notch Disc Golf Center - Fox Run,2025  Fox Blue,63,18,3,09:40:00,73,10,948,211,True,False,18,73,True,True,True
97998,2026,MA2,1,763683,267938,267938,917,Round 1,2026-06-21,Angus Crossan,918,Smugglers Notch Disc Golf Center - Fox Run,2025  Fox Blue,63,18,3,11:10:00,73,10,948,212,True,False,18,73,True,True,True
97998,2026,MA2,1,763683,170807,170807,924,Round 1,2026-06-21,Roger Duhaime,905,Smugglers Notch Disc Golf Center - Fox Run,2025  Fox Blue,63,18,1,12:20:00,74,11,942,209,True,False,18,74,True,True,True
97998,2026,MA2,1,763683,248718,248718,901,Round 1,2026-06-21,Keane Roland,916,Smugglers Notch Disc Golf Center - Fox Run,2025  Fox Blue,63,18,3,10:50:00,74,11,942,209,True,False,18,74,True,True,True
97998,2026,MA2,1,763683,253260,253260,922,Round 1,2026-06-21,Kevin Sheerin,914,Smugglers Notch Disc Golf Center - Fox Run,2025  Fox Blue,63,18,2,09:30:00,74,11,942,222,True,False,18,74,True,True,True
97998,2026,MA2,1,763683,207208,207208,904,Round 1,2026-06-21,Justin Abbott,918,Smugglers Notch Disc Golf Center - Fox Run,2025  Fox Blue,63,18,1,10:30:00,75,12,935,223,True,False,18,75,True,True,True
97998,2026,MA2,1,763683,261144,261144,889,Round 1,2026-06-21,Dustin Gass,904,Smugglers Notch Disc Golf Center - Fox Run,2025  Fox Blue,63,18,4,10:50:00,75,12,935,220,True,False,18,75,True,True,True
97998,2026,MA2,1,763683,142609,142609,907,Round 1,2026-06-21,Shane Leadbetter,910,Smugglers Notch Disc Golf Center - Fox Run,2025  Fox Blue,63,18,2,10:10:00,76,13,928,215,True,False,18,76,True,True,True
97998,2026,MA2,1,763683,237274,237274,922,Round 1,2026-06-21,Geoffrey Glover,931,Smugglers Notch Disc Golf Center - Fox Run,2025  Fox Blue,63,18,2,09:50:00,76,13,928,210,True,False,18,76,True,True,True
97998,2026,MA2,1,763683,280895,280895,905,Round 1,2026-06-21,Drew Donovan,913,Smugglers Notch Disc Golf Center - Fox Run,2025  Fox Blue,63,18,4,09:30:00,76,13,928,206,True,False,18,76,True,True,True
97998,2026,MA2,1,763683,311270,311270,898,Round 1,2026-06-21,Max Olmsted,917,Smugglers Notch Disc Golf Center - Fox Run,2025  Fox Blue,63,18,4,11:00:00,76,13,928,218,True,False,18,76,True,True,True
97998,2026,MA2,1,763683,133165,133165,925,Round 1,2026-06-21,Nathan Hamlett,926,Smugglers Notch Disc Golf Center - Fox Run,2025  Fox Blue,63,18,3,12:30:00,77,14,922,211,True,False,18,77,True,True,True
97998,2026,MA2,1,763683,235826,235826,911,Round 1,2026-06-21,Brian Tubbs,918,Smugglers Notch Disc Golf Center - Fox Run,2025  Fox Blue,63,18,2,11:10:00,77,14,922,211,True,False,18,77,True,True,True
97998,2026,MA2,1,763683,213224,213224,912,Round 1,2026-06-21,Justin Griswold,914,Smugglers Notch Disc Golf Center - Fox Run,2025  Fox Blue,63,18,2,10:30:00,78,15,915,228,True,False,18,78,True,True,True
97998,2026,MA2,1,763683,287102,287102,916,Round 1,2026-06-21,Ethan Robie,919,Smugglers Notch Disc Golf Center - Fox Run,2025  Fox Blue,63,18,4,11:10:00,78,15,915,235,True,False,18,78,True,True,True
97998,2026,MA2,1,763683,109742,109742,902,Round 1,2026-06-21,Andrew Moore,898,Smugglers Notch Disc Golf Center - Fox Run,2025  Fox Blue,63,18,1,11:30:00,79,16,908,231,True,False,18,79,True,True,True
97998,2026,MA2,1,763683,157577,157577,902,Round 1,2026-06-21,Ian Butman,901,Smugglers Notch Disc Golf Center - Fox Run,2025  Fox Blue,63,18,1,09:50:00,79,16,908,222,True,False,18,79,True,True,True
97998,2026,MA2,1,763683,247784,247784,892,Round 1,2026-06-21,Matthew Giesmann,900,Smugglers Notch Disc Golf Center - Fox Run,2025  Fox Blue,63,18,4,10:00:00,79,16,908,229,True,False,18,79,True,True,True
97998,2026,MA2,1,763683,181739,181739,907,Round 1,2026-06-21,Keelan MacKenzie,913,Smugglers Notch Disc Golf Center - Fox Run,2025  Fox Blue,63,18,2,11:00:00,80,17,902,230,True,False,18,80,True,True,True
97998,2026,MA2,1,763683,261284,261284,900,Round 1,2026-06-21,Blake Martino,916,Smugglers Notch Disc Golf Center - Fox Run,2025  Fox Blue,63,18,3,10:20:00,80,17,902,220,True,False,18,80,True,True,True
97998,2026,MA2,1,763683,105100,105100,912,Round 1,2026-06-21,Kyle Rondeau,908,Smugglers Notch Disc Golf Center - Fox Run,2025  Fox Blue,63,18,1,10:40:00,81,18,895,226,True,False,18,81,True,True,True
97998,2026,MA2,1,763683,123302,123302,899,Round 1,2026-06-21,Dylan Bradshaw,895,Smugglers Notch Disc Golf Center - Fox Run,2025  Fox Blue,63,18,1,11:00:00,81,18,895,225,True,False,18,81,True,True,True
97998,2026,MA2,1,763683,190764,190764,912,Round 1,2026-06-21,Walter Chacon,918,Smugglers Notch Disc Golf Center - Fox Run,2025  Fox Blue,63,18,2,10:40:00,81,18,895,221,True,False,18,81,True,True,True
97998,2026,MA2,1,763683,125834,125834,920,Round 1,2026-06-21,Dicky Smart,896,Smugglers Notch Disc Golf Center - Fox Run,2025  Fox Blue,63,18,1,10:10:00,83,20,882,237,True,False,18,83,True,True,True
97998,2026,MA2,1,763683,244952,244952,889,Round 1,2026-06-21,Joshua Dezotell,895,Smugglers Notch Disc Golf Center - Fox Run,2025  Fox Blue,63,18,1,09:30:00,84,21,875,230,True,False,18,84,True,True,True
97998,2026,MA2,1,763683,259319,259319,923,Round 1,2026-06-21,Codi Labrecque,922,Smugglers Notch Disc Golf Center - Fox Run,2025  Fox Blue,63,18,4,09:50:00,84,21,875,230,True,False,18,84,True,True,True
97998,2026,MA2,1,763683,144726,144726,899,Round 1,2026-06-21,Marc Davis,903,Smugglers Notch Disc Golf Center - Fox Run,2025  Fox Blue,63,18,1,10:00:00,85,22,868,226,True,False,18,85,True,True,True
97998,2026,MA2,1,763683,226654,226654,899,Round 1,2026-06-21,Keith Gilbert,894,Smugglers Notch Disc Golf Center - Fox Run,2025  Fox Blue,63,18,3,10:40:00,85,22,868,231,True,False,18,85,True,True,True
97998,2026,MA2,1,763683,244988,244988,894,Round 1,2026-06-21,Aidan Flynn,899,Smugglers Notch Disc Golf Center - Fox Run,2025  Fox Blue,63,18,3,09:50:00,85,22,868,227,True,False,18,85,True,True,True
97998,2026,MA2,1,763683,148805,148805,900,Round 1,2026-06-21,Brandon Medina,885,Smugglers Notch Disc Golf Center - Fox Run,2025  Fox Blue,63,18,2,11:30:00,86,23,861,235,True,False,18,86,True,True,True
97998,2026,MA2,1,763683,177018,177018,890,Round 1,2026-06-21,Brandon Bensel,882,Smugglers Notch Disc Golf Center - Fox Run,2025  Fox Blue,63,18,2,10:50:00,86,23,861,240,True,False,18,86,True,True,True
97998,2026,MA2,1,763683,163523,163523,872,Round 1,2026-06-21,Landon Desroches,866,Smugglers Notch Disc Golf Center - Fox Run,2025  Fox Blue,63,18,2,10:00:00,87,24,855,253,True,False,18,87,True,True,True
97998,2026,MA2,1,763683,209219,209219,887,Round 1,2026-06-21,Ben Keough,890,Smugglers Notch Disc Golf Center - Fox Run,2025  Fox Blue,63,18,2,10:20:00,87,24,855,242,True,False,18,87,True,True,True
97998,2026,MA2,1,763683,216864,216864,830,Round 1,2026-06-21,William Bedrin,844,Smugglers Notch Disc Golf Center - Fox Run,2025  Fox Blue,63,18,4,11:30:00,87,24,855,243,True,False,18,87,True,True,True
97998,2026,MA2,1,763683,277448,277448,875,Round 1,2026-06-21,Nathaniel Parkman,873,Smugglers Notch Disc Golf Center - Fox Run,2025  Fox Blue,63,18,4,09:40:00,87,24,855,255,True,False,18,87,True,True,True
97998,2026,MA2,1,763683,205407,205407,875,Round 1,2026-06-21,Miles Dennis,888,Smugglers Notch Disc Golf Center - Fox Run,2025  Fox Blue,63,18,3,11:20:00,88,25,848,239,True,False,18,88,True,True,True
97998,2026,MA2,1,763683,226553,226553,883,Round 1,2026-06-21,Richard Manasian,883,Smugglers Notch Disc Golf Center - Fox Run,2025  Fox Blue,63,18,4,11:20:00,88,25,848,236,True,False,18,88,True,True,True
97998,2026,MA2,1,763683,227650,227650,887,Round 1,2026-06-21,Troy Delampan,886,Smugglers Notch Disc Golf Center - Fox Run,2025  Fox Blue,63,18,4,10:10:00,88,25,848,237,True,False,18,88,True,True,True
97998,2026,MA2,1,763683,256887,256887,822,Round 1,2026-06-21,Alex Gambero,812,Smugglers Notch Disc Golf Center - Fox Run,2025  Fox Blue,63,18,3,11:00:00,88,25,848,255,True,False,18,88,True,True,True
97998,2026,MA2,1,763683,121111,121111,863,Round 1,2026-06-21,Derek Chambers,868,Smugglers Notch Disc Golf Center - Fox Run,2025  Fox Blue,63,18,1,10:50:00,89,26,841,240,True,False,18,89,True,True,True
97998,2026,MA2,1,763683,265876,265876,884,Round 1,2026-06-21,Frédérick Allaire,893,Smugglers Notch Disc Golf Center - Fox Run,2025  Fox Blue,63,18,3,09:30:00,89,26,841,235,True,False,18,89,True,True,True
97998,2026,MA2,1,763683,295072,295072,905,Round 1,2026-06-21,Christopher Arena,916,Smugglers Notch Disc Golf Center - Fox Run,2025  Fox Blue,63,18,4,10:30:00,89,26,841,231,True,False,18,89,True,True,True
97998,2026,MA2,1,763683,232970,232970,890,Round 1,2026-06-21,Richard Berdos,903,Smugglers Notch Disc Golf Center - Fox Run,2025  Fox Blue,63,18,3,10:00:00,90,27,835,234,True,False,18,90,True,True,True
97998,2026,MA2,1,763683,146043,146043,906,Round 1,2026-06-21,Neil Ruggiero,884,Smugglers Notch Disc Golf Center - Fox Run,2025  Fox Blue,63,18,2,09:40:00,91,28,828,246,True,False,18,91,True,True,True
97998,2026,MA2,1,763683,169621,169621,878,Round 1,2026-06-21,Jim Gastone,883,Smugglers Notch Disc Golf Center - Fox Run,2025  Fox Blue,63,18,2,11:20:00,91,28,828,888,True,False,18,91,True,True,True
97998,2026,MA2,1,763683,195565,195565,866,Round 1,2026-06-21,Ty Goodrow,866,Smugglers Notch Disc Golf Center - Fox Run,2025  Fox Blue,63,18,3,10:10:00,91,28,828,251,True,False,18,91,True,True,True
97998,2026,MA2,1,763683,292031,292031,861,Round 1,2026-06-21,George Salmons,877,Smugglers Notch Disc Golf Center - Fox Run,2025  Fox Blue,63,18,3,10:30:00,91,28,828,249,True,False,18,91,True,True,True
97998,2026,MA2,1,763683,116600,116600,892,Round 1,2026-06-21,Brian “Spike” Williams,892,Smugglers Notch Disc Golf Center - Fox Run,2025  Fox Blue,63,18,1,11:10:00,92,29,821,259,True,False,18,92,True,True,True
97998,2026,MA2,1,763683,232792,232792,856,Round 1,2026-06-21,David LaFleur,852,Smugglers Notch Disc Golf Center - Fox Run,2025  Fox Blue,63,18,4,10:40:00,93,30,815,,True,False,18,93,True,True,True
97998,2026,MA2,1,763683,96154,96154,878,Round 1,2026-06-21,Travis Jacques,871,Smugglers Notch Disc Golf Center - Fox Run,2025  Fox Blue,63,18,1,09:40:00,94,31,808,239,True,False,18,94,True,True,True
97998,2026,MA2,1,763683,175839,175839,886,Round 1,2026-06-21,Wilder Irving,875,Smugglers Notch Disc Golf Center - Fox Run,2025  Fox Blue,63,18,1,10:20:00,95,32,801,241,True,False,18,95,True,True,True
97998,2026,MA2,1,763683,262907,262907,829,Round 1,2026-06-21,Jonathan Spring,820,Smugglers Notch Disc Golf Center - Fox Run,2025  Fox Blue,63,18,4,10:20:00,98,35,781,265,True,False,18,98,True,True,True
97998,2026,MA2,2,763683,189203,189203,910,Round 2,2026-06-21,Bobby Martino,911,Smugglers Notch Disc Golf Center - Fox Run,2025  Fox Blue,63,18,3,11:40:00,71,8,962,211,True,False,18,71,True,True,True
97998,2026,MA2,2,763683,115807,115807,923,Round 2,2026-06-21,John MacDonald,924,Smugglers Notch Disc Golf Center - Fox Run,2025  Fox Blue,63,18,1,11:40:00,74,11,942,206,True,False,18,74,True,True,True
97998,2026,MA2,2,763683,207208,207208,904,Round 2,2026-06-21,Justin Abbott,918,Smugglers Notch Disc Golf Center - Fox Run,2025  Fox Blue,63,18,4,11:30:00,71,8,962,223,True,False,18,71,True,True,True
97998,2026,MA2,2,763683,170807,170807,924,Round 2,2026-06-21,Roger Duhaime,905,Smugglers Notch Disc Golf Center - Fox Run,2025  Fox Blue,63,18,1,11:30:00,72,9,955,209,True,False,18,72,True,True,True
97998,2026,MA2,2,763683,164199,164199,916,Round 2,2026-06-21,Ryan Cloutier,933,Smugglers Notch Disc Golf Center - Fox Run,2025  Fox Blue,63,18,2,11:40:00,73,10,948,214,True,False,18,73,True,True,True
97998,2026,MA2,2,763683,237274,237274,922,Round 2,2026-06-21,Geoffrey Glover,931,Smugglers Notch Disc Golf Center - Fox Run,2025  Fox Blue,63,18,3,11:20:00,72,9,955,210,True,False,18,72,True,True,True
97998,2026,MA2,2,763683,280895,280895,905,Round 2,2026-06-21,Drew Donovan,913,Smugglers Notch Disc Golf Center - Fox Run,2025  Fox Blue,63,18,4,11:20:00,72,9,955,206,True,False,18,72,True,True,True
97998,2026,MA2,2,763683,311270,311270,898,Round 2,2026-06-21,Max Olmsted,917,Smugglers Notch Disc Golf Center - Fox Run,2025  Fox Blue,63,18,1,11:10:00,72,9,955,218,True,False,18,72,True,True,True
97998,2026,MA2,2,763683,133165,133165,925,Round 2,2026-06-21,Nathan Hamlett,926,Smugglers Notch Disc Golf Center - Fox Run,2025  Fox Blue,63,18,2,11:10:00,72,9,955,211,True,False,18,72,True,True,True
97998,2026,MA2,2,763683,267938,267938,917,Round 2,2026-06-21,Angus Crossan,918,Smugglers Notch Disc Golf Center - Fox Run,2025  Fox Blue,63,18,4,11:40:00,76,13,928,212,True,False,18,76,True,True,True
97998,2026,MA2,2,763683,235826,235826,911,Round 2,2026-06-21,Brian Tubbs,918,Smugglers Notch Disc Golf Center - Fox Run,2025  Fox Blue,63,18,3,11:10:00,73,10,948,211,True,False,18,73,True,True,True
97998,2026,MA2,2,763683,253260,253260,922,Round 2,2026-06-21,Kevin Sheerin,914,Smugglers Notch Disc Golf Center - Fox Run,2025  Fox Blue,63,18,3,11:30:00,76,13,928,222,True,False,18,76,True,True,True
97998,2026,MA2,2,763683,248718,248718,901,Round 2,2026-06-21,Keane Roland,916,Smugglers Notch Disc Golf Center - Fox Run,2025  Fox Blue,63,18,2,11:30:00,77,14,922,209,True,False,18,77,True,True,True
97998,2026,MA2,2,763683,261144,261144,889,Round 2,2026-06-21,Dustin Gass,904,Smugglers Notch Disc Golf Center - Fox Run,2025  Fox Blue,63,18,1,11:20:00,77,14,922,220,True,False,18,77,True,True,True
97998,2026,MA2,2,763683,142609,142609,907,Round 2,2026-06-21,Shane Leadbetter,910,Smugglers Notch Disc Golf Center - Fox Run,2025  Fox Blue,63,18,2,11:20:00,78,15,915,215,True,False,18,78,True,True,True
97998,2026,MA2,2,763683,157577,157577,902,Round 2,2026-06-21,Ian Butman,901,Smugglers Notch Disc Golf Center - Fox Run,2025  Fox Blue,63,18,3,11:00:00,76,13,928,222,True,False,18,76,True,True,True
97998,2026,MA2,2,763683,123302,123302,899,Round 2,2026-06-21,Dylan Bradshaw,895,Smugglers Notch Disc Golf Center - Fox Run,2025  Fox Blue,63,18,4,10:50:00,76,13,928,225,True,False,18,76,True,True,True
97998,2026,MA2,2,763683,190764,190764,912,Round 2,2026-06-21,Walter Chacon,918,Smugglers Notch Disc Golf Center - Fox Run,2025  Fox Blue,63,18,1,10:40:00,77,14,922,221,True,False,18,77,True,True,True
97998,2026,MA2,2,763683,109742,109742,902,Round 2,2026-06-21,Andrew Moore,898,Smugglers Notch Disc Golf Center - Fox Run,2025  Fox Blue,63,18,2,11:00:00,79,16,908,231,True,False,18,79,True,True,True
97998,2026,MA2,2,763683,226654,226654,899,Round 2,2026-06-21,Keith Gilbert,894,Smugglers Notch Disc Golf Center - Fox Run,2025  Fox Blue,63,18,2,10:30:00,74,11,942,231,True,False,18,74,True,True,True
97998,2026,MA2,2,763683,181739,181739,907,Round 2,2026-06-21,Keelan MacKenzie,913,Smugglers Notch Disc Golf Center - Fox Run,2025  Fox Blue,63,18,1,10:50:00,79,16,908,230,True,False,18,79,True,True,True
97998,2026,MA2,2,763683,261284,261284,900,Round 2,2026-06-21,Blake Martino,916,Smugglers Notch Disc Golf Center - Fox Run,2025  Fox Blue,63,18,2,10:50:00,79,16,908,220,True,False,18,79,True,True,True
97998,2026,MA2,2,763683,105100,105100,912,Round 2,2026-06-21,Kyle Rondeau,908,Smugglers Notch Disc Golf Center - Fox Run,2025  Fox Blue,63,18,3,10:50:00,79,16,908,226,True,False,18,79,True,True,True
97998,2026,MA2,2,763683,247784,247784,892,Round 2,2026-06-21,Matthew Giesmann,900,Smugglers Notch Disc Golf Center - Fox Run,2025  Fox Blue,63,18,4,11:00:00,81,18,895,229,True,False,18,81,True,True,True
97998,2026,MA2,2,763683,213224,213224,912,Round 2,2026-06-21,Justin Griswold,914,Smugglers Notch Disc Golf Center - Fox Run,2025  Fox Blue,63,18,4,11:10:00,82,19,888,228,True,False,18,82,True,True,True
97998,2026,MA2,2,763683,144726,144726,899,Round 2,2026-06-21,Marc Davis,903,Smugglers Notch Disc Golf Center - Fox Run,2025  Fox Blue,63,18,1,10:30:00,77,14,922,226,True,False,18,77,True,True,True
97998,2026,MA2,2,763683,244988,244988,894,Round 2,2026-06-21,Aidan Flynn,899,Smugglers Notch Disc Golf Center - Fox Run,2025  Fox Blue,63,18,3,10:30:00,77,14,922,227,True,False,18,77,True,True,True
97998,2026,MA2,2,763683,259319,259319,923,Round 2,2026-06-21,Codi Labrecque,922,Smugglers Notch Disc Golf Center - Fox Run,2025  Fox Blue,63,18,4,10:40:00,78,15,915,230,True,False,18,78,True,True,True
97998,2026,MA2,2,763683,265876,265876,884,Round 2,2026-06-21,Frédérick Allaire,893,Smugglers Notch Disc Golf Center - Fox Run,2025  Fox Blue,63,18,3,10:00:00,74,11,942,235,True,False,18,74,True,True,True
97998,2026,MA2,2,763683,244952,244952,889,Round 2,2026-06-21,Joshua Dezotell,895,Smugglers Notch Disc Golf Center - Fox Run,2025  Fox Blue,63,18,3,10:40:00,81,18,895,230,True,False,18,81,True,True,True
97998,2026,MA2,2,763683,125834,125834,920,Round 2,2026-06-21,Dicky Smart,896,Smugglers Notch Disc Golf Center - Fox Run,2025  Fox Blue,63,18,2,10:40:00,82,19,888,237,True,False,18,82,True,True,True
97998,2026,MA2,2,763683,232970,232970,890,Round 2,2026-06-21,Richard Berdos,903,Smugglers Notch Disc Golf Center - Fox Run,2025  Fox Blue,63,18,1,09:50:00,76,13,928,234,True,False,18,76,True,True,True
97998,2026,MA2,2,763683,295072,295072,905,Round 2,2026-06-21,Christopher Arena,916,Smugglers Notch Disc Golf Center - Fox Run,2025  Fox Blue,63,18,4,10:00:00,77,14,922,231,True,False,18,77,True,True,True
97998,2026,MA2,2,763683,177018,177018,890,Round 2,2026-06-21,Brandon Bensel,882,Smugglers Notch Disc Golf Center - Fox Run,2025  Fox Blue,63,18,1,10:20:00,81,18,895,240,True,False,18,81,True,True,True
97998,2026,MA2,2,763683,175839,175839,886,Round 2,2026-06-21,Wilder Irving,875,Smugglers Notch Disc Golf Center - Fox Run,2025  Fox Blue,63,18,2,09:30:00,73,10,948,241,True,False,18,73,True,True,True
97998,2026,MA2,2,763683,146043,146043,906,Round 2,2026-06-21,Neil Ruggiero,884,Smugglers Notch Disc Golf Center - Fox Run,2025  Fox Blue,63,18,2,09:50:00,79,16,908,246,True,False,18,79,True,True,True
97998,2026,MA2,2,763683,226553,226553,883,Round 2,2026-06-21,Richard Manasian,883,Smugglers Notch Disc Golf Center - Fox Run,2025  Fox Blue,63,18,3,10:10:00,82,19,888,236,True,False,18,82,True,True,True
97998,2026,MA2,2,763683,209219,209219,887,Round 2,2026-06-21,Ben Keough,890,Smugglers Notch Disc Golf Center - Fox Run,2025  Fox Blue,63,18,3,10:20:00,83,20,882,242,True,False,18,83,True,True,True
97998,2026,MA2,2,763683,287102,287102,916,Round 2,2026-06-21,Ethan Robie,919,Smugglers Notch Disc Golf Center - Fox Run,2025  Fox Blue,63,18,1,11:00:00,92,29,821,235,True,False,18,92,True,True,True
97998,2026,MA2,2,763683,205407,205407,875,Round 2,2026-06-21,Miles Dennis,888,Smugglers Notch Disc Golf Center - Fox Run,2025  Fox Blue,63,18,2,10:10:00,83,20,882,239,True,False,18,83,True,True,True
97998,2026,MA2,2,763683,169621,169621,878,Round 2,2026-06-21,Jim Gastone,883,Smugglers Notch Disc Golf Center - Fox Run,2025  Fox Blue,63,18,3,09:50:00,81,18,895,888,True,False,18,81,True,True,True
97998,2026,MA2,2,763683,121111,121111,863,Round 2,2026-06-21,Derek Chambers,868,Smugglers Notch Disc Golf Center - Fox Run,2025  Fox Blue,63,18,2,10:00:00,83,20,882,240,True,False,18,83,True,True,True
97998,2026,MA2,2,763683,227650,227650,887,Round 2,2026-06-21,Troy Delampan,886,Smugglers Notch Disc Golf Center - Fox Run,2025  Fox Blue,63,18,4,10:10:00,84,21,875,237,True,False,18,84,True,True,True
97998,2026,MA2,2,763683,216864,216864,830,Round 2,2026-06-21,William Bedrin,844,Smugglers Notch Disc Golf Center - Fox Run,2025  Fox Blue,63,18,4,10:20:00,85,22,868,243,True,False,18,85,True,True,True
97998,2026,MA2,2,763683,148805,148805,900,Round 2,2026-06-21,Brandon Medina,885,Smugglers Notch Disc Golf Center - Fox Run,2025  Fox Blue,63,18,4,10:30:00,86,23,861,235,True,False,18,86,True,True,True
97998,2026,MA2,2,763683,96154,96154,878,Round 2,2026-06-21,Travis Jacques,871,Smugglers Notch Disc Golf Center - Fox Run,2025  Fox Blue,63,18,1,09:30:00,79,16,908,239,True,False,18,79,True,True,True
97998,2026,MA2,2,763683,292031,292031,861,Round 2,2026-06-21,George Salmons,877,Smugglers Notch Disc Golf Center - Fox Run,2025  Fox Blue,63,18,1,09:40:00,83,20,882,249,True,False,18,83,True,True,True
97998,2026,MA2,2,763683,232792,232792,856,Round 2,2026-06-21,David LaFleur,852,Smugglers Notch Disc Golf Center - Fox Run,2025  Fox Blue,63,18,3,09:40:00,83,20,882,,True,False,18,83,True,True,True
97998,2026,MA2,2,763683,256887,256887,822,Round 2,2026-06-21,Alex Gambero,812,Smugglers Notch Disc Golf Center - Fox Run,2025  Fox Blue,63,18,1,10:00:00,88,25,848,255,True,False,18,88,True,True,True
97998,2026,MA2,2,763683,277448,277448,875,Round 2,2026-06-21,Nathaniel Parkman,873,Smugglers Notch Disc Golf Center - Fox Run,2025  Fox Blue,63,18,1,10:10:00,91,28,828,255,True,False,18,91,True,True,True
97998,2026,MA2,2,763683,116600,116600,892,Round 2,2026-06-21,Brian “Spike” Williams,892,Smugglers Notch Disc Golf Center - Fox Run,2025  Fox Blue,63,18,2,09:40:00,87,24,855,259,True,False,18,87,True,True,True
97998,2026,MA2,2,763683,195565,195565,866,Round 2,2026-06-21,Ty Goodrow,866,Smugglers Notch Disc Golf Center - Fox Run,2025  Fox Blue,63,18,4,09:50:00,89,26,841,251,True,False,18,89,True,True,True
97998,2026,MA2,2,763683,163523,163523,872,Round 2,2026-06-21,Landon Desroches,866,Smugglers Notch Disc Golf Center - Fox Run,2025  Fox Blue,63,18,2,10:20:00,93,30,815,253,True,False,18,93,True,True,True
97998,2026,MA2,2,763683,262907,262907,829,Round 2,2026-06-21,Jonathan Spring,820,Smugglers Notch Disc Golf Center - Fox Run,2025  Fox Blue,63,18,3,09:30:00,90,27,835,265,True,False,18,90,True,True,True
97998,2026,MA2,3,763679,280895,280895,905,Round 3,2026-06-21,Drew Donovan,913,Smugglers Notch Disc Golf Center - Brewster Ridge,2025  Brewster Blue,62,18,3,10:50:00,58,-4,987,206,True,False,18,58,True,True,True
97998,2026,MA2,3,763679,115807,115807,923,Round 3,2026-06-21,John MacDonald,924,Smugglers Notch Disc Golf Center - Brewster Ridge,2025  Brewster Blue,62,18,2,11:00:00,61,-1,961,206,True,False,18,61,True,True,True
97998,2026,MA2,3,763679,248718,248718,901,Round 3,2026-06-21,Keane Roland,916,Smugglers Notch Disc Golf Center - Brewster Ridge,2025  Brewster Blue,62,18,1,10:30:00,58,-4,987,209,True,False,18,58,True,True,True
97998,2026,MA2,3,763679,170807,170807,924,Round 3,2026-06-21,Roger Duhaime,905,Smugglers Notch Disc Golf Center - Brewster Ridge,2025  Brewster Blue,62,18,4,11:00:00,63,1,944,209,True,False,18,63,True,True,True
97998,2026,MA2,3,763679,237274,237274,922,Round 3,2026-06-21,Geoffrey Glover,931,Smugglers Notch Disc Golf Center - Brewster Ridge,2025  Brewster Blue,62,18,2,10:50:00,62,0,953,210,True,False,18,62,True,True,True
97998,2026,MA2,3,763679,235826,235826,911,Round 3,2026-06-21,Brian Tubbs,918,Smugglers Notch Disc Golf Center - Brewster Ridge,2025  Brewster Blue,62,18,3,10:40:00,61,-1,961,211,True,False,18,61,True,True,True
97998,2026,MA2,3,763679,133165,133165,925,Round 3,2026-06-21,Nathan Hamlett,926,Smugglers Notch Disc Golf Center - Brewster Ridge,2025  Brewster Blue,62,18,1,10:40:00,62,0,953,211,True,False,18,62,True,True,True
97998,2026,MA2,3,763679,189203,189203,910,Round 3,2026-06-21,Bobby Martino,911,Smugglers Notch Disc Golf Center - Brewster Ridge,2025  Brewster Blue,62,18,1,11:00:00,67,5,909,211,True,False,18,67,True,True,True
97998,2026,MA2,3,763679,267938,267938,917,Round 3,2026-06-21,Angus Crossan,918,Smugglers Notch Disc Golf Center - Brewster Ridge,2025  Brewster Blue,62,18,2,10:40:00,63,1,944,212,True,False,18,63,True,True,True
97998,2026,MA2,3,763679,164199,164199,916,Round 3,2026-06-21,Ryan Cloutier,933,Smugglers Notch Disc Golf Center - Brewster Ridge,2025  Brewster Blue,62,18,1,10:50:00,68,6,901,214,True,False,18,68,True,True,True
97998,2026,MA2,3,763679,142609,142609,907,Round 3,2026-06-21,Shane Leadbetter,910,Smugglers Notch Disc Golf Center - Brewster Ridge,2025  Brewster Blue,62,18,3,10:30:00,61,-1,961,215,True,False,18,61,True,True,True
97998,2026,MA2,3,763679,311270,311270,898,Round 3,2026-06-21,Max Olmsted,917,Smugglers Notch Disc Golf Center - Brewster Ridge,2025  Brewster Blue,62,18,4,10:50:00,70,8,883,218,True,False,18,70,True,True,True
97998,2026,MA2,3,763679,261284,261284,900,Round 3,2026-06-21,Blake Martino,916,Smugglers Notch Disc Golf Center - Brewster Ridge,2025  Brewster Blue,62,18,2,10:10:00,61,-1,961,220,True,False,18,61,True,True,True
97998,2026,MA2,3,763679,261144,261144,889,Round 3,2026-06-21,Dustin Gass,904,Smugglers Notch Disc Golf Center - Brewster Ridge,2025  Brewster Blue,62,18,2,10:30:00,68,6,901,220,True,False,18,68,True,True,True
97998,2026,MA2,3,763679,190764,190764,912,Round 3,2026-06-21,Walter Chacon,918,Smugglers Notch Disc Golf Center - Brewster Ridge,2025  Brewster Blue,62,18,2,10:20:00,63,1,944,221,True,False,18,63,True,True,True
97998,2026,MA2,3,763679,157577,157577,902,Round 3,2026-06-21,Ian Butman,901,Smugglers Notch Disc Golf Center - Brewster Ridge,2025  Brewster Blue,62,18,4,10:30:00,67,5,909,222,True,False,18,67,True,True,True
97998,2026,MA2,3,763679,253260,253260,922,Round 3,2026-06-21,Kevin Sheerin,914,Smugglers Notch Disc Golf Center - Brewster Ridge,2025  Brewster Blue,62,18,4,10:40:00,72,10,866,222,True,False,18,72,True,True,True
97998,2026,MA2,3,763679,207208,207208,904,Round 3,2026-06-21,Justin Abbott,918,Smugglers Notch Disc Golf Center - Brewster Ridge,2025  Brewster Blue,62,18,3,11:00:00,77,15,823,223,True,False,18,77,True,True,True
97998,2026,MA2,3,763679,123302,123302,899,Round 3,2026-06-21,Dylan Bradshaw,895,Smugglers Notch Disc Golf Center - Brewster Ridge,2025  Brewster Blue,62,18,1,10:20:00,68,6,901,225,True,False,18,68,True,True,True
97998,2026,MA2,3,763679,144726,144726,899,Round 3,2026-06-21,Marc Davis,903,Smugglers Notch Disc Golf Center - Brewster Ridge,2025  Brewster Blue,62,18,2,10:00:00,64,2,935,226,True,False,18,64,True,True,True
97998,2026,MA2,3,763679,105100,105100,912,Round 3,2026-06-21,Kyle Rondeau,908,Smugglers Notch Disc Golf Center - Brewster Ridge,2025  Brewster Blue,62,18,3,10:10:00,66,4,918,226,True,False,18,66,True,True,True
97998,2026,MA2,3,763679,244988,244988,894,Round 3,2026-06-21,Aidan Flynn,899,Smugglers Notch Disc Golf Center - Brewster Ridge,2025  Brewster Blue,62,18,3,10:00:00,65,3,927,227,True,False,18,65,True,True,True
97998,2026,MA2,3,763679,213224,213224,912,Round 3,2026-06-21,Justin Griswold,914,Smugglers Notch Disc Golf Center - Brewster Ridge,2025  Brewster Blue,62,18,1,10:00:00,68,6,901,228,True,False,18,68,True,True,True
97998,2026,MA2,3,763679,247784,247784,892,Round 3,2026-06-21,Matthew Giesmann,900,Smugglers Notch Disc Golf Center - Brewster Ridge,2025  Brewster Blue,62,18,4,10:10:00,69,7,892,229,True,False,18,69,True,True,True
97998,2026,MA2,3,763679,244952,244952,889,Round 3,2026-06-21,Joshua Dezotell,895,Smugglers Notch Disc Golf Center - Brewster Ridge,2025  Brewster Blue,62,18,2,09:50:00,65,3,927,230,True,False,18,65,True,True,True
97998,2026,MA2,3,763679,259319,259319,923,Round 3,2026-06-21,Codi Labrecque,922,Smugglers Notch Disc Golf Center - Brewster Ridge,2025  Brewster Blue,62,18,4,10:00:00,68,6,901,230,True,False,18,68,True,True,True
97998,2026,MA2,3,763679,181739,181739,907,Round 3,2026-06-21,Keelan MacKenzie,913,Smugglers Notch Disc Golf Center - Brewster Ridge,2025  Brewster Blue,62,18,1,10:10:00,71,9,875,230,True,False,18,71,True,True,True
97998,2026,MA2,3,763679,295072,295072,905,Round 3,2026-06-21,Christopher Arena,916,Smugglers Notch Disc Golf Center - Brewster Ridge,2025  Brewster Blue,62,18,1,09:40:00,65,3,927,231,True,False,18,65,True,True,True
97998,2026,MA2,3,763679,226654,226654,899,Round 3,2026-06-21,Keith Gilbert,894,Smugglers Notch Disc Golf Center - Brewster Ridge,2025  Brewster Blue,62,18,4,10:20:00,72,10,866,231,True,False,18,72,True,True,True
97998,2026,MA2,3,763679,109742,109742,902,Round 3,2026-06-21,Andrew Moore,898,Smugglers Notch Disc Golf Center - Brewster Ridge,2025  Brewster Blue,62,18,3,10:20:00,73,11,858,231,True,False,18,73,True,True,True
97998,2026,MA2,3,763679,232970,232970,890,Round 3,2026-06-21,Richard Berdos,903,Smugglers Notch Disc Golf Center - Brewster Ridge,2025  Brewster Blue,62,18,4,09:50:00,68,6,901,234,True,False,18,68,True,True,True
97998,2026,MA2,3,763679,148805,148805,900,Round 3,2026-06-21,Brandon Medina,885,Smugglers Notch Disc Golf Center - Brewster Ridge,2025  Brewster Blue,62,18,1,09:10:00,63,1,944,235,True,False,18,63,True,True,True
97998,2026,MA2,3,763679,287102,287102,916,Round 3,2026-06-21,Ethan Robie,919,Smugglers Notch Disc Golf Center - Brewster Ridge,2025  Brewster Blue,62,18,3,09:30:00,65,3,927,235,True,False,18,65,True,True,True
97998,2026,MA2,3,763679,265876,265876,884,Round 3,2026-06-21,Frédérick Allaire,893,Smugglers Notch Disc Golf Center - Brewster Ridge,2025  Brewster Blue,62,18,1,09:50:00,72,10,866,235,True,False,18,72,True,True,True
97998,2026,MA2,3,763679,226553,226553,883,Round 3,2026-06-21,Richard Manasian,883,Smugglers Notch Disc Golf Center - Brewster Ridge,2025  Brewster Blue,62,18,1,09:30:00,66,4,918,236,True,False,18,66,True,True,True
97998,2026,MA2,3,763679,227650,227650,887,Round 3,2026-06-21,Troy Delampan,886,Smugglers Notch Disc Golf Center - Brewster Ridge,2025  Brewster Blue,62,18,2,09:20:00,65,3,927,237,True,False,18,65,True,True,True
97998,2026,MA2,3,763679,125834,125834,920,Round 3,2026-06-21,Dicky Smart,896,Smugglers Notch Disc Golf Center - Brewster Ridge,2025  Brewster Blue,62,18,3,09:50:00,72,10,866,237,True,False,18,72,True,True,True
97998,2026,MA2,3,763679,96154,96154,878,Round 3,2026-06-21,Travis Jacques,871,Smugglers Notch Disc Golf Center - Brewster Ridge,2025  Brewster Blue,62,18,2,09:10:00,66,4,918,239,True,False,18,66,True,True,True
97998,2026,MA2,3,763679,205407,205407,875,Round 3,2026-06-21,Miles Dennis,888,Smugglers Notch Disc Golf Center - Brewster Ridge,2025  Brewster Blue,62,18,4,09:30:00,68,6,901,239,True,False,18,68,True,True,True
97998,2026,MA2,3,763679,121111,121111,863,Round 3,2026-06-21,Derek Chambers,868,Smugglers Notch Disc Golf Center - Brewster Ridge,2025  Brewster Blue,62,18,1,09:20:00,68,6,901,240,True,False,18,68,True,True,True
97998,2026,MA2,3,763679,177018,177018,890,Round 3,2026-06-21,Brandon Bensel,882,Smugglers Notch Disc Golf Center - Brewster Ridge,2025  Brewster Blue,62,18,2,09:40:00,73,11,858,240,True,False,18,73,True,True,True
97998,2026,MA2,3,763679,175839,175839,886,Round 3,2026-06-21,Wilder Irving,875,Smugglers Notch Disc Golf Center - Brewster Ridge,2025  Brewster Blue,62,18,3,09:40:00,73,11,858,241,True,False,18,73,True,True,True
97998,2026,MA2,3,763679,209219,209219,887,Round 3,2026-06-21,Ben Keough,890,Smugglers Notch Disc Golf Center - Brewster Ridge,2025  Brewster Blue,62,18,2,09:30:00,72,10,866,242,True,False,18,72,True,True,True
97998,2026,MA2,3,763679,216864,216864,830,Round 3,2026-06-21,William Bedrin,844,Smugglers Notch Disc Golf Center - Brewster Ridge,2025  Brewster Blue,62,18,3,09:20:00,71,9,875,243,True,False,18,71,True,True,True
97998,2026,MA2,3,763679,146043,146043,906,Round 3,2026-06-21,Neil Ruggiero,884,Smugglers Notch Disc Golf Center - Brewster Ridge,2025  Brewster Blue,62,18,4,09:40:00,76,14,832,246,True,False,18,76,True,True,True
97998,2026,MA2,3,763679,292031,292031,861,Round 3,2026-06-21,George Salmons,877,Smugglers Notch Disc Golf Center - Brewster Ridge,2025  Brewster Blue,62,18,3,09:10:00,75,13,840,249,True,False,18,75,True,True,True
97998,2026,MA2,3,763679,195565,195565,866,Round 3,2026-06-21,Ty Goodrow,866,Smugglers Notch Disc Golf Center - Brewster Ridge,2025  Brewster Blue,62,18,1,08:50:00,71,9,875,251,True,False,18,71,True,True,True
97998,2026,MA2,3,763679,163523,163523,872,Round 3,2026-06-21,Landon Desroches,866,Smugglers Notch Disc Golf Center - Brewster Ridge,2025  Brewster Blue,62,18,2,08:50:00,73,11,858,253,True,False,18,73,True,True,True
97998,2026,MA2,3,763679,277448,277448,875,Round 3,2026-06-21,Nathaniel Parkman,873,Smugglers Notch Disc Golf Center - Brewster Ridge,2025  Brewster Blue,62,18,2,09:00:00,77,15,823,255,True,False,18,77,True,True,True
97998,2026,MA2,3,763679,256887,256887,822,Round 3,2026-06-21,Alex Gambero,812,Smugglers Notch Disc Golf Center - Brewster Ridge,2025  Brewster Blue,62,18,1,09:00:00,79,17,806,255,True,False,18,79,True,True,True
97998,2026,MA2,3,763679,116600,116600,892,Round 3,2026-06-21,Brian “Spike” Williams,892,Smugglers Notch Disc Golf Center - Brewster Ridge,2025  Brewster Blue,62,18,3,09:00:00,80,18,797,259,True,False,18,80,True,True,True
97998,2026,MA2,3,763679,262907,262907,829,Round 3,2026-06-21,Jonathan Spring,820,Smugglers Notch Disc Golf Center - Brewster Ridge,2025  Brewster Blue,62,18,3,08:50:00,77,15,823,265,True,False,18,77,True,True,True
97998,2026,MA2,3,763679,169621,169621,878,Round 3,2026-06-21,Jim Gastone,883,Smugglers Notch Disc Golf Center - Brewster Ridge,2025  Brewster Blue,62,18,1,09:20:00,888,826,,888,True,False,0,,False,False,False
97998,2026,MA2,3,763679,232792,232792,856,Round 3,2026-06-21,David LaFleur,852,Smugglers Notch Disc Golf Center - Brewster Ridge,2025  Brewster Blue,62,18,4,09:10:00,,,,,True,True,0,,False,False,False
97998,2026,MA3,1,763684,283461,283461,895,Round 1,2026-06-21,Jay Riordan,896,Smugglers Notch Disc Golf Center - Fox Run,2025  Fox White,63,18,4,08:00:00,65,2,924,198,True,False,18,65,True,True,True
97998,2026,MA3,1,763684,92210,92210,878,Round 1,2026-06-21,Paul Scarpato,876,Smugglers Notch Disc Golf Center - Fox Run,2025  Fox White,63,18,2,08:10:00,66,3,916,196,True,False,18,66,True,True,True
97998,2026,MA3,1,763684,138088,138088,863,Round 1,2026-06-21,Victor Hurtuk,861,Smugglers Notch Disc Golf Center - Fox Run,2025  Fox White,63,18,4,07:50:00,68,5,898,201,True,False,18,68,True,True,True
97998,2026,MA3,1,763684,285413,285413,889,Round 1,2026-06-21,Patrick Crownover,898,Smugglers Notch Disc Golf Center - Fox Run,2025  Fox White,63,18,3,07:40:00,69,6,890,195,True,False,18,69,True,True,True
97998,2026,MA3,1,763684,286641,286641,831,Round 1,2026-06-21,Matthew Lanctot,837,Smugglers Notch Disc Golf Center - Fox Run,2025  Fox White,63,18,3,08:00:00,70,7,881,205,True,False,18,70,True,True,True
97998,2026,MA3,1,763684,152542,152542,896,Round 1,2026-06-21,Brady Gardner,895,Smugglers Notch Disc Golf Center - Fox Run,2025  Fox White,63,18,4,07:40:00,71,8,872,190,True,False,18,71,True,True,True
97998,2026,MA3,1,763684,205402,205402,826,Round 1,2026-06-21,Zach Luken,844,Smugglers Notch Disc Golf Center - Fox Run,2025  Fox White,63,18,3,07:50:00,71,8,872,209,True,False,18,71,True,True,True
97998,2026,MA3,1,763684,151475,151475,861,Round 1,2026-06-21,Joey Westhoff,866,Smugglers Notch Disc Golf Center - Fox Run,2025  Fox White,63,18,1,07:50:00,72,9,864,204,True,False,18,72,True,True,True
97998,2026,MA3,1,763684,74299,74299,875,Round 1,2026-06-21,Jeff Kettle,873,Smugglers Notch Disc Golf Center - Fox Run,2025  Fox White,63,18,1,07:40:00,73,10,855,,True,False,18,73,True,True,True
97998,2026,MA3,1,763684,304512,304512,893,Round 1,2026-06-21,Dan Miles,903,Smugglers Notch Disc Golf Center - Fox Run,2025  Fox White,63,18,2,08:00:00,73,10,855,190,True,False,18,73,True,True,True
97998,2026,MA3,1,763684,66403,66403,825,Round 1,2026-06-21,Stephen Banatoski,824,Smugglers Notch Disc Golf Center - Fox Run,2025  Fox White,63,18,1,08:10:00,74,11,846,222,True,False,18,74,True,True,True
97998,2026,MA3,1,763684,268818,268818,884,Round 1,2026-06-21,Christopher Mangsen,889,Smugglers Notch Disc Golf Center - Fox Run,2025  Fox White,63,18,2,07:40:00,74,11,846,200,True,False,18,74,True,True,True
97998,2026,MA3,1,763684,273411,273411,835,Round 1,2026-06-21,Timothy Hafner,845,Smugglers Notch Disc Golf Center - Fox Run,2025  Fox White,63,18,1,08:00:00,76,13,829,218,True,False,18,76,True,True,True
97998,2026,MA3,1,763684,156256,156256,838,Round 1,2026-06-21,Colby Garrand,836,Smugglers Notch Disc Golf Center - Fox Run,2025  Fox White,63,18,2,07:50:00,78,15,812,214,True,False,18,78,True,True,True
97998,2026,MA3,1,763684,211434,211434,797,Round 1,2026-06-21,Thomas Bousquet,798,Smugglers Notch Disc Golf Center - Fox Run,2025  Fox White,63,18,4,08:10:00,81,18,785,232,True,False,18,81,True,True,True
97998,2026,MA3,1,763684,239719,239719,839,Round 1,2026-06-21,Thane Griswold,820,Smugglers Notch Disc Golf Center - Fox Run,2025  Fox White,63,18,3,08:10:00,81,18,785,227,True,False,18,81,True,True,True
97998,2026,MA3,2,763684,283461,283461,895,Round 2,2026-06-21,Jay Riordan,896,Smugglers Notch Disc Golf Center - Fox Run,2025  Fox White,63,18,1,08:10:00,68,5,898,198,True,False,18,68,True,True,True
97998,2026,MA3,2,763684,304512,304512,893,Round 2,2026-06-21,Dan Miles,903,Smugglers Notch Disc Golf Center - Fox Run,2025  Fox White,63,18,1,07:50:00,62,-1,950,190,True,False,18,62,True,True,True
97998,2026,MA3,2,763684,285413,285413,889,Round 2,2026-06-21,Patrick Crownover,898,Smugglers Notch Disc Golf Center - Fox Run,2025  Fox White,63,18,4,08:10:00,66,3,916,195,True,False,18,66,True,True,True
97998,2026,MA3,2,763684,152542,152542,896,Round 2,2026-06-21,Brady Gardner,895,Smugglers Notch Disc Golf Center - Fox Run,2025  Fox White,63,18,2,08:00:00,66,3,916,190,True,False,18,66,True,True,True
97998,2026,MA3,2,763684,138088,138088,863,Round 2,2026-06-21,Victor Hurtuk,861,Smugglers Notch Disc Golf Center - Fox Run,2025  Fox White,63,18,3,08:10:00,69,6,890,201,True,False,18,69,True,True,True
97998,2026,MA3,2,763684,92210,92210,878,Round 2,2026-06-21,Paul Scarpato,876,Smugglers Notch Disc Golf Center - Fox Run,2025  Fox White,63,18,2,08:10:00,72,9,864,196,True,False,18,72,True,True,True
97998,2026,MA3,2,763684,268818,268818,884,Round 2,2026-06-21,Christopher Mangsen,889,Smugglers Notch Disc Golf Center - Fox Run,2025  Fox White,63,18,3,07:50:00,68,5,898,200,True,False,18,68,True,True,True
97998,2026,MA3,2,763684,151475,151475,861,Round 2,2026-06-21,Joey Westhoff,866,Smugglers Notch Disc Golf Center - Fox Run,2025  Fox White,63,18,4,08:00:00,71,8,872,204,True,False,18,71,True,True,True
97998,2026,MA3,2,763684,286641,286641,831,Round 2,2026-06-21,Matthew Lanctot,837,Smugglers Notch Disc Golf Center - Fox Run,2025  Fox White,63,18,1,08:00:00,75,12,838,205,True,False,18,75,True,True,True
97998,2026,MA3,2,763684,156256,156256,838,Round 2,2026-06-21,Colby Garrand,836,Smugglers Notch Disc Golf Center - Fox Run,2025  Fox White,63,18,2,07:40:00,73,10,855,214,True,False,18,73,True,True,True
97998,2026,MA3,2,763684,205402,205402,826,Round 2,2026-06-21,Zach Luken,844,Smugglers Notch Disc Golf Center - Fox Run,2025  Fox White,63,18,3,08:00:00,80,17,794,209,True,False,18,80,True,True,True
97998,2026,MA3,2,763684,273411,273411,835,Round 2,2026-06-21,Timothy Hafner,845,Smugglers Notch Disc Golf Center - Fox Run,2025  Fox White,63,18,1,07:40:00,76,13,829,218,True,False,18,76,True,True,True
97998,2026,MA3,2,763684,239719,239719,839,Round 2,2026-06-21,Thane Griswold,820,Smugglers Notch Disc Golf Center - Fox Run,2025  Fox White,63,18,4,07:40:00,76,13,829,227,True,False,18,76,True,True,True
97998,2026,MA3,2,763684,66403,66403,825,Round 2,2026-06-21,Stephen Banatoski,824,Smugglers Notch Disc Golf Center - Fox Run,2025  Fox White,63,18,2,07:50:00,84,21,759,222,True,False,18,84,True,True,True
97998,2026,MA3,2,763684,211434,211434,797,Round 2,2026-06-21,Thomas Bousquet,798,Smugglers Notch Disc Golf Center - Fox Run,2025  Fox White,63,18,3,07:40:00,80,17,794,232,True,False,18,80,True,True,True
97998,2026,MA3,2,763684,74299,74299,875,Round 2,2026-06-21,Jeff Kettle,873,Smugglers Notch Disc Golf Center - Fox Run,2025  Fox White,63,18,,,,,,,True,True,0,,False,False,False
97998,2026,MA3,3,763680,304512,304512,893,Round 3,2026-06-21,Dan Miles,903,Smugglers Notch Disc Golf Center - Brewster Ridge,2025 Brewster White,62,18,2,08:10:00,55,-7,946,190,True,False,18,55,True,True,True
97998,2026,MA3,3,763680,152542,152542,896,Round 3,2026-06-21,Brady Gardner,895,Smugglers Notch Disc Golf Center - Brewster Ridge,2025 Brewster White,62,18,4,08:10:00,53,-9,966,190,True,False,18,53,True,True,True
97998,2026,MA3,3,763680,285413,285413,889,Round 3,2026-06-21,Patrick Crownover,898,Smugglers Notch Disc Golf Center - Brewster Ridge,2025 Brewster White,62,18,3,08:10:00,60,-2,894,195,True,False,18,60,True,True,True
97998,2026,MA3,3,763680,92210,92210,878,Round 3,2026-06-21,Paul Scarpato,876,Smugglers Notch Disc Golf Center - Brewster Ridge,2025 Brewster White,62,18,2,08:00:00,58,-4,915,196,True,False,18,58,True,True,True
97998,2026,MA3,3,763680,283461,283461,895,Round 3,2026-06-21,Jay Riordan,896,Smugglers Notch Disc Golf Center - Brewster Ridge,2025 Brewster White,62,18,1,08:10:00,65,3,843,198,True,False,18,65,True,True,True
97998,2026,MA3,3,763680,268818,268818,884,Round 3,2026-06-21,Christopher Mangsen,889,Smugglers Notch Disc Golf Center - Brewster Ridge,2025 Brewster White,62,18,3,08:00:00,58,-4,915,200,True,False,18,58,True,True,True
97998,2026,MA3,3,763680,138088,138088,863,Round 3,2026-06-21,Victor Hurtuk,861,Smugglers Notch Disc Golf Center - Brewster Ridge,2025 Brewster White,62,18,1,08:00:00,64,2,853,201,True,False,18,64,True,True,True
97998,2026,MA3,3,763680,151475,151475,861,Round 3,2026-06-21,Joey Westhoff,866,Smugglers Notch Disc Golf Center - Brewster Ridge,2025 Brewster White,62,18,4,08:00:00,61,-1,884,204,True,False,18,61,True,True,True
97998,2026,MA3,3,763680,286641,286641,831,Round 3,2026-06-21,Matthew Lanctot,837,Smugglers Notch Disc Golf Center - Brewster Ridge,2025 Brewster White,62,18,1,07:50:00,60,-2,894,205,True,False,18,60,True,True,True
97998,2026,MA3,3,763680,205402,205402,826,Round 3,2026-06-21,Zach Luken,844,Smugglers Notch Disc Golf Center - Brewster Ridge,2025 Brewster White,62,18,3,07:50:00,58,-4,915,209,True,False,18,58,True,True,True
97998,2026,MA3,3,763680,156256,156256,838,Round 3,2026-06-21,Colby Garrand,836,Smugglers Notch Disc Golf Center - Brewster Ridge,2025 Brewster White,62,18,2,07:50:00,63,1,864,214,True,False,18,63,True,True,True
97998,2026,MA3,3,763680,273411,273411,835,Round 3,2026-06-21,Timothy Hafner,845,Smugglers Notch Disc Golf Center - Brewster Ridge,2025 Brewster White,62,18,4,07:50:00,66,4,833,218,True,False,18,66,True,True,True
97998,2026,MA3,3,763680,66403,66403,825,Round 3,2026-06-21,Stephen Banatoski,824,Smugglers Notch Disc Golf Center - Brewster Ridge,2025 Brewster White,62,18,2,07:40:00,64,2,853,222,True,False,18,64,True,True,True
97998,2026,MA3,3,763680,239719,239719,839,Round 3,2026-06-21,Thane Griswold,820,Smugglers Notch Disc Golf Center - Brewster Ridge,2025 Brewster White,62,18,1,07:40:00,70,8,792,227,True,False,18,70,True,True,True
97998,2026,MA3,3,763680,211434,211434,797,Round 3,2026-06-21,Thomas Bousquet,798,Smugglers Notch Disc Golf Center - Brewster Ridge,2025 Brewster White,62,18,3,07:40:00,71,9,781,232,True,False,18,71,True,True,True
97998,2026,MA3,3,763680,74299,74299,875,Round 3,2026-06-21,Jeff Kettle,873,Smugglers Notch Disc Golf Center - Brewster Ridge,2025 Brewster White,62,18,,,0,0,,,True,False,0,,False,False,False
97998,2026,MA40,1,763683,97356,97356,926,Round 1,2026-06-21,Jason Guild,934,Smugglers Notch Disc Golf Center - Fox Run,2025  Fox Blue,63,18,2,12:40:00,75,12,935,203,True,False,18,75,True,True,True
97998,2026,MA40,1,763683,261128,261128,937,Round 1,2026-06-21,Gustavo Castano,943,Smugglers Notch Disc Golf Center - Fox Run,2025  Fox Blue,63,18,3,12:20:00,75,12,935,208,True,False,18,75,True,True,True
97998,2026,MA40,1,763683,23565,23565,917,Round 1,2026-06-21,Shane M. Tewksbury,925,Smugglers Notch Disc Golf Center - Fox Run,2025  Fox Blue,63,18,1,12:40:00,78,15,915,212,True,False,18,78,True,True,True
97998,2026,MA40,1,763683,67950,67950,924,Round 1,2026-06-21,Harry Ward,920,Smugglers Notch Disc Golf Center - Fox Run,2025  Fox Blue,63,18,1,12:30:00,79,16,908,230,True,False,18,79,True,True,True
97998,2026,MA40,1,763683,232260,232260,911,Round 1,2026-06-21,Kevin Kingsbury Jr.,918,Smugglers Notch Disc Golf Center - Fox Run,2025  Fox Blue,63,18,3,12:10:00,79,16,908,221,True,False,18,79,True,True,True
97998,2026,MA40,1,763683,188754,188754,962,Round 1,2026-06-21,Mike Albert,949,Smugglers Notch Disc Golf Center - Fox Run,2025  Fox Blue,63,18,4,12:30:00,80,17,902,205,True,False,18,80,True,True,True
97998,2026,MA40,1,763683,259650,259650,895,Round 1,2026-06-21,Norbert Cloutier,899,Smugglers Notch Disc Golf Center - Fox Run,2025  Fox Blue,63,18,4,12:10:00,81,18,895,233,True,False,18,81,True,True,True
97998,2026,MA40,1,763683,306985,306985,834,Round 1,2026-06-21,Mark Comeau,846,Smugglers Notch Disc Golf Center - Fox Run,2025  Fox Blue,63,18,4,12:40:00,86,23,861,245,True,False,18,86,True,True,True
97998,2026,MA40,1,763683,84935,84935,865,Round 1,2026-06-21,Droo Fisher,866,Smugglers Notch Disc Golf Center - Fox Run,2025  Fox Blue,63,18,2,12:30:00,87,24,855,248,True,False,18,87,True,True,True
97998,2026,MA40,1,763683,261570,261570,908,Round 1,2026-06-21,John Beaudin,911,Smugglers Notch Disc Golf Center - Fox Run,2025  Fox Blue,63,18,3,12:40:00,88,25,848,228,True,False,18,88,True,True,True
97998,2026,MA40,1,763683,211292,211292,839,Round 1,2026-06-21,Mark Cooper,835,Smugglers Notch Disc Golf Center - Fox Run,2025  Fox Blue,63,18,1,12:10:00,89,26,841,261,True,False,18,89,True,True,True
97998,2026,MA40,1,763683,280243,280243,885,Round 1,2026-06-21,Roberto Osorio,891,Smugglers Notch Disc Golf Center - Fox Run,2025  Fox Blue,63,18,4,12:20:00,89,26,841,,True,False,18,89,True,True,True
97998,2026,MA40,1,763683,192432,192432,889,Round 1,2026-06-21,Elias Contos,852,Smugglers Notch Disc Golf Center - Fox Run,2025  Fox Blue,63,18,2,12:20:00,93,30,815,251,True,False,18,93,True,True,True
97998,2026,MA40,1,763683,221629,221629,861,Round 1,2026-06-21,Justin Morgan,858,Smugglers Notch Disc Golf Center - Fox Run,2025  Fox Blue,63,18,2,12:10:00,96,33,795,267,True,False,18,96,True,True,True
97998,2026,MA40,2,763683,97356,97356,926,Round 2,2026-06-21,Jason Guild,934,Smugglers Notch Disc Golf Center - Fox Run,2025  Fox Blue,63,18,1,12:50:00,67,4,988,203,True,False,18,67,True,True,True
97998,2026,MA40,2,763683,261128,261128,937,Round 2,2026-06-21,Gustavo Castano,943,Smugglers Notch Disc Golf Center - Fox Run,2025  Fox Blue,63,18,2,12:50:00,67,4,988,208,True,False,18,67,True,True,True
97998,2026,MA40,2,763683,188754,188754,962,Round 2,2026-06-21,Mike Albert,949,Smugglers Notch Disc Golf Center - Fox Run,2025  Fox Blue,63,18,2,12:40:00,66,3,995,205,True,False,18,66,True,True,True
97998,2026,MA40,2,763683,23565,23565,917,Round 2,2026-06-21,Shane M. Tewksbury,925,Smugglers Notch Disc Golf Center - Fox Run,2025  Fox Blue,63,18,3,12:50:00,68,5,982,212,True,False,18,68,True,True,True
97998,2026,MA40,2,763683,232260,232260,911,Round 2,2026-06-21,Kevin Kingsbury Jr.,918,Smugglers Notch Disc Golf Center - Fox Run,2025  Fox Blue,63,18,1,12:40:00,76,13,928,221,True,False,18,76,True,True,True
97998,2026,MA40,2,763683,67950,67950,924,Round 2,2026-06-21,Harry Ward,920,Smugglers Notch Disc Golf Center - Fox Run,2025  Fox Blue,63,18,4,12:50:00,81,18,895,230,True,False,18,81,True,True,True
97998,2026,MA40,2,763683,259650,259650,895,Round 2,2026-06-21,Norbert Cloutier,899,Smugglers Notch Disc Golf Center - Fox Run,2025  Fox Blue,63,18,3,12:40:00,82,19,888,233,True,False,18,82,True,True,True
97998,2026,MA40,2,763683,261570,261570,908,Round 2,2026-06-21,John Beaudin,911,Smugglers Notch Disc Golf Center - Fox Run,2025  Fox Blue,63,18,2,12:25:00,76,13,928,228,True,False,18,76,True,True,True
97998,2026,MA40,2,763683,84935,84935,865,Round 2,2026-06-21,Droo Fisher,866,Smugglers Notch Disc Golf Center - Fox Run,2025  Fox Blue,63,18,1,12:25:00,85,22,868,248,True,False,18,85,True,True,True
97998,2026,MA40,2,763683,306985,306985,834,Round 2,2026-06-21,Mark Comeau,846,Smugglers Notch Disc Golf Center - Fox Run,2025  Fox Blue,63,18,4,12:40:00,89,26,841,245,True,False,18,89,True,True,True
97998,2026,MA40,2,763683,192432,192432,889,Round 2,2026-06-21,Elias Contos,852,Smugglers Notch Disc Golf Center - Fox Run,2025  Fox Blue,63,18,4,12:25:00,84,21,875,251,True,False,18,84,True,True,True
97998,2026,MA40,2,763683,211292,211292,839,Round 2,2026-06-21,Mark Cooper,835,Smugglers Notch Disc Golf Center - Fox Run,2025  Fox Blue,63,18,3,12:25:00,89,26,841,261,True,False,18,89,True,True,True
97998,2026,MA40,2,763683,221629,221629,861,Round 2,2026-06-21,Justin Morgan,858,Smugglers Notch Disc Golf Center - Fox Run,2025  Fox Blue,63,18,5,12:25:00,93,30,815,267,True,False,18,93,True,True,True
97998,2026,MA40,2,763683,280243,280243,885,Round 2,2026-06-21,Roberto Osorio,891,Smugglers Notch Disc Golf Center - Fox Run,2025  Fox Blue,63,18,,,,,,,True,True,0,,False,False,False
97998,2026,MA40,3,763679,97356,97356,926,Round 3,2026-06-21,Jason Guild,934,Smugglers Notch Disc Golf Center - Brewster Ridge,2025  Brewster Blue,62,18,1,12:30:00,61,-1,961,203,True,False,18,61,True,True,True
97998,2026,MA40,3,763679,188754,188754,962,Round 3,2026-06-21,Mike Albert,949,Smugglers Notch Disc Golf Center - Brewster Ridge,2025  Brewster Blue,62,18,3,12:30:00,59,-3,978,205,True,False,18,59,True,True,True
97998,2026,MA40,3,763679,261128,261128,937,Round 3,2026-06-21,Gustavo Castano,943,Smugglers Notch Disc Golf Center - Brewster Ridge,2025  Brewster Blue,62,18,2,12:30:00,66,4,918,208,True,False,18,66,True,True,True
97998,2026,MA40,3,763679,23565,23565,917,Round 3,2026-06-21,Shane M. Tewksbury,925,Smugglers Notch Disc Golf Center - Brewster Ridge,2025  Brewster Blue,62,18,4,12:30:00,66,4,918,212,True,False,18,66,True,True,True
97998,2026,MA40,3,763679,232260,232260,911,Round 3,2026-06-21,Kevin Kingsbury Jr.,918,Smugglers Notch Disc Golf Center - Brewster Ridge,2025  Brewster Blue,62,18,1,12:20:00,66,4,918,221,True,False,18,66,True,True,True
97998,2026,MA40,3,763679,261570,261570,908,Round 3,2026-06-21,John Beaudin,911,Smugglers Notch Disc Golf Center - Brewster Ridge,2025  Brewster Blue,62,18,1,12:10:00,64,2,935,228,True,False,18,64,True,True,True
97998,2026,MA40,3,763679,67950,67950,924,Round 3,2026-06-21,Harry Ward,920,Smugglers Notch Disc Golf Center - Brewster Ridge,2025  Brewster Blue,62,18,2,12:20:00,70,8,883,230,True,False,18,70,True,True,True
97998,2026,MA40,3,763679,259650,259650,895,Round 3,2026-06-21,Norbert Cloutier,899,Smugglers Notch Disc Golf Center - Brewster Ridge,2025  Brewster Blue,62,18,3,12:20:00,70,8,883,233,True,False,18,70,True,True,True
97998,2026,MA40,3,763679,306985,306985,834,Round 3,2026-06-21,Mark Comeau,846,Smugglers Notch Disc Golf Center - Brewster Ridge,2025  Brewster Blue,62,18,3,12:10:00,70,8,883,245,True,False,18,70,True,True,True
97998,2026,MA40,3,763679,84935,84935,865,Round 3,2026-06-21,Droo Fisher,866,Smugglers Notch Disc Golf Center - Brewster Ridge,2025  Brewster Blue,62,18,2,12:10:00,76,14,832,248,True,False,18,76,True,True,True
97998,2026,MA40,3,763679,192432,192432,889,Round 3,2026-06-21,Elias Contos,852,Smugglers Notch Disc Golf Center - Brewster Ridge,2025  Brewster Blue,62,18,1,12:00:00,74,12,849,251,True,False,18,74,True,True,True
97998,2026,MA40,3,763679,211292,211292,839,Round 3,2026-06-21,Mark Cooper,835,Smugglers Notch Disc Golf Center - Brewster Ridge,2025  Brewster Blue,62,18,2,12:00:00,83,21,771,261,True,False,18,83,True,True,True
97998,2026,MA40,3,763679,221629,221629,861,Round 3,2026-06-21,Justin Morgan,858,Smugglers Notch Disc Golf Center - Brewster Ridge,2025  Brewster Blue,62,18,3,12:00:00,78,16,814,267,True,False,18,78,True,True,True
97998,2026,MA40,3,763679,280243,280243,885,Round 3,2026-06-21,Roberto Osorio,891,Smugglers Notch Disc Golf Center - Brewster Ridge,2025  Brewster Blue,62,18,,,0,0,,,True,False,0,,False,False,False
97998,2026,MA50,1,763683,130713,130713,900,Round 1,2026-06-21,Ian Martin,902,Smugglers Notch Disc Golf Center - Fox Run,2025  Fox Blue,63,18,2,12:00:00,75,12,935,213,True,False,18,75,True,True,True
97998,2026,MA50,1,763683,225189,225189,869,Round 1,2026-06-21,Tom Degnan,869,Smugglers Notch Disc Golf Center - Fox Run,2025  Fox Blue,63,18,3,12:00:00,76,13,928,241,True,False,18,76,True,True,True
97998,2026,MA50,1,763683,235035,235035,900,Round 1,2026-06-21,Paul Seyler,908,Smugglers Notch Disc Golf Center - Fox Run,2025  Fox Blue,63,18,4,12:00:00,77,14,922,219,True,False,18,77,True,True,True
97998,2026,MA50,1,763683,59504,59504,905,Round 1,2026-06-21,Sean Veitch,912,Smugglers Notch Disc Golf Center - Fox Run,2025  Fox Blue,63,18,1,11:50:00,80,17,902,236,True,False,18,80,True,True,True
97998,2026,MA50,1,763683,147904,147904,885,Round 1,2026-06-21,John Williams,890,Smugglers Notch Disc Golf Center - Fox Run,2025  Fox Blue,63,18,3,11:40:00,81,18,895,232,True,False,18,81,True,True,True
97998,2026,MA50,1,763683,62850,62850,864,Round 1,2026-06-21,George Brown,864,Smugglers Notch Disc Golf Center - Fox Run,2025  Fox Blue,63,18,1,12:00:00,82,19,888,242,True,False,18,82,True,True,True
97998,2026,MA50,1,763683,268914,268914,895,Round 1,2026-06-21,James Sestokas,891,Smugglers Notch Disc Golf Center - Fox Run,2025  Fox Blue,63,18,4,11:50:00,82,19,888,239,True,False,18,82,True,True,True
97998,2026,MA50,1,763683,211056,211056,850,Round 1,2026-06-21,Thomas Bell,869,Smugglers Notch Disc Golf Center - Fox Run,2025  Fox Blue,63,18,3,11:50:00,85,22,868,244,True,False,18,85,True,True,True
97998,2026,MA50,1,763683,94270,94270,871,Round 1,2026-06-21,Brent Baisley,848,Smugglers Notch Disc Golf Center - Fox Run,2025  Fox Blue,63,18,1,11:40:00,89,26,841,260,True,False,18,89,True,True,True
97998,2026,MA50,1,763683,134230,134230,850,Round 1,2026-06-21,Joshua Jones,861,Smugglers Notch Disc Golf Center - Fox Run,2025  Fox Blue,63,18,2,11:50:00,89,26,841,251,True,False,18,89,True,True,True
97998,2026,MA50,1,763683,112990,112990,834,Round 1,2026-06-21,Dean Squires,839,Smugglers Notch Disc Golf Center - Fox Run,2025  Fox Blue,63,18,2,11:40:00,94,31,808,245,True,False,18,94,True,True,True
97998,2026,MA50,1,763683,294682,294682,708,Round 1,2026-06-21,Tom Puleio,697,Smugglers Notch Disc Golf Center - Fox Run,2025  Fox Blue,63,18,4,11:40:00,116,53,661,316,True,False,18,116,True,True,True
97998,2026,MA50,2,763683,130713,130713,900,Round 2,2026-06-21,Ian Martin,902,Smugglers Notch Disc Golf Center - Fox Run,2025  Fox Blue,63,18,1,12:10:00,73,10,948,213,True,False,18,73,True,True,True
97998,2026,MA50,2,763683,235035,235035,900,Round 2,2026-06-21,Paul Seyler,908,Smugglers Notch Disc Golf Center - Fox Run,2025  Fox Blue,63,18,3,12:10:00,74,11,942,219,True,False,18,74,True,True,True
97998,2026,MA50,2,763683,59504,59504,905,Round 2,2026-06-21,Sean Veitch,912,Smugglers Notch Disc Golf Center - Fox Run,2025  Fox Blue,63,18,4,12:10:00,84,21,875,236,True,False,18,84,True,True,True
97998,2026,MA50,2,763683,147904,147904,885,Round 2,2026-06-21,John Williams,890,Smugglers Notch Disc Golf Center - Fox Run,2025  Fox Blue,63,18,1,12:00:00,86,23,861,232,True,False,18,86,True,True,True
97998,2026,MA50,2,763683,268914,268914,895,Round 2,2026-06-21,James Sestokas,891,Smugglers Notch Disc Golf Center - Fox Run,2025  Fox Blue,63,18,3,12:00:00,86,23,861,239,True,False,18,86,True,True,True
97998,2026,MA50,2,763683,225189,225189,869,Round 2,2026-06-21,Tom Degnan,869,Smugglers Notch Disc Golf Center - Fox Run,2025  Fox Blue,63,18,2,12:10:00,92,29,821,241,True,False,18,92,True,True,True
97998,2026,MA50,2,763683,62850,62850,864,Round 2,2026-06-21,George Brown,864,Smugglers Notch Disc Golf Center - Fox Run,2025  Fox Blue,63,18,2,12:00:00,88,25,848,242,True,False,18,88,True,True,True
97998,2026,MA50,2,763683,112990,112990,834,Round 2,2026-06-21,Dean Squires,839,Smugglers Notch Disc Golf Center - Fox Run,2025  Fox Blue,63,18,3,11:50:00,78,15,915,245,True,False,18,78,True,True,True
97998,2026,MA50,2,763683,211056,211056,850,Round 2,2026-06-21,Thomas Bell,869,Smugglers Notch Disc Golf Center - Fox Run,2025  Fox Blue,63,18,4,12:00:00,89,26,841,244,True,False,18,89,True,True,True
97998,2026,MA50,2,763683,134230,134230,850,Round 2,2026-06-21,Joshua Jones,861,Smugglers Notch Disc Golf Center - Fox Run,2025  Fox Blue,63,18,2,11:50:00,94,31,808,251,True,False,18,94,True,True,True
97998,2026,MA50,2,763683,94270,94270,871,Round 2,2026-06-21,Brent Baisley,848,Smugglers Notch Disc Golf Center - Fox Run,2025  Fox Blue,63,18,1,11:50:00,97,34,788,260,True,False,18,97,True,True,True
97998,2026,MA50,2,763683,294682,294682,708,Round 2,2026-06-21,Tom Puleio,697,Smugglers Notch Disc Golf Center - Fox Run,2025  Fox Blue,63,18,4,11:50:00,107,44,721,316,True,False,18,107,True,True,True
97998,2026,MA50,3,763679,130713,130713,900,Round 3,2026-06-21,Ian Martin,902,Smugglers Notch Disc Golf Center - Brewster Ridge,2025  Brewster Blue,62,18,1,11:50:00,65,3,927,213,True,False,18,65,True,True,True
97998,2026,MA50,3,763679,235035,235035,900,Round 3,2026-06-21,Paul Seyler,908,Smugglers Notch Disc Golf Center - Brewster Ridge,2025  Brewster Blue,62,18,2,11:50:00,68,6,901,219,True,False,18,68,True,True,True
97998,2026,MA50,3,763679,147904,147904,885,Round 3,2026-06-21,John Williams,890,Smugglers Notch Disc Golf Center - Brewster Ridge,2025  Brewster Blue,62,18,4,11:50:00,65,3,927,232,True,False,18,65,True,True,True
97998,2026,MA50,3,763679,59504,59504,905,Round 3,2026-06-21,Sean Veitch,912,Smugglers Notch Disc Golf Center - Brewster Ridge,2025  Brewster Blue,62,18,3,11:50:00,72,10,866,236,True,False,18,72,True,True,True
97998,2026,MA50,3,763679,268914,268914,895,Round 3,2026-06-21,James Sestokas,891,Smugglers Notch Disc Golf Center - Brewster Ridge,2025  Brewster Blue,62,18,1,11:40:00,71,9,875,239,True,False,18,71,True,True,True
97998,2026,MA50,3,763679,225189,225189,869,Round 3,2026-06-21,Tom Degnan,869,Smugglers Notch Disc Golf Center - Brewster Ridge,2025  Brewster Blue,62,18,2,11:40:00,73,11,858,241,True,False,18,73,True,True,True
97998,2026,MA50,3,763679,62850,62850,864,Round 3,2026-06-21,George Brown,864,Smugglers Notch Disc Golf Center - Brewster Ridge,2025  Brewster Blue,62,18,3,11:40:00,72,10,866,242,True,False,18,72,True,True,True
97998,2026,MA50,3,763679,211056,211056,850,Round 3,2026-06-21,Thomas Bell,869,Smugglers Notch Disc Golf Center - Brewster Ridge,2025  Brewster Blue,62,18,1,11:30:00,70,8,883,244,True,False,18,70,True,True,True
97998,2026,MA50,3,763679,112990,112990,834,Round 3,2026-06-21,Dean Squires,839,Smugglers Notch Disc Golf Center - Brewster Ridge,2025  Brewster Blue,62,18,4,11:40:00,73,11,858,245,True,False,18,73,True,True,True
97998,2026,MA50,3,763679,134230,134230,850,Round 3,2026-06-21,Joshua Jones,861,Smugglers Notch Disc Golf Center - Brewster Ridge,2025  Brewster Blue,62,18,2,11:30:00,68,6,901,251,True,False,18,68,True,True,True
97998,2026,MA50,3,763679,94270,94270,871,Round 3,2026-06-21,Brent Baisley,848,Smugglers Notch Disc Golf Center - Brewster Ridge,2025  Brewster Blue,62,18,3,11:30:00,74,12,849,260,True,False,18,74,True,True,True
97998,2026,MA50,3,763679,294682,294682,708,Round 3,2026-06-21,Tom Puleio,697,Smugglers Notch Disc Golf Center - Brewster Ridge,2025  Brewster Blue,62,18,4,11:30:00,93,31,685,316,True,False,18,93,True,True,True
97998,2026,MA60,1,763684,4687,4687,907,Round 1,2026-06-21,Tim Herbert,917,Smugglers Notch Disc Golf Center - Fox Run,2025  Fox White,63,18,1,08:50:00,65,2,924,189,True,False,18,65,True,True,True
97998,2026,MA60,1,763684,21704,21704,901,Round 1,2026-06-21,Mike Anderson,896,Smugglers Notch Disc Golf Center - Fox Run,2025  Fox White,63,18,2,08:50:00,66,3,916,198,True,False,18,66,True,True,True
97998,2026,MA60,1,763684,125535,125535,844,Round 1,2026-06-21,Joe Tota,846,Smugglers Notch Disc Golf Center - Fox Run,2025  Fox White,63,18,2,08:40:00,73,10,855,221,True,False,18,73,True,True,True
97998,2026,MA60,1,763684,228371,228371,845,Round 1,2026-06-21,Michael Packard,848,Smugglers Notch Disc Golf Center - Fox Run,2025  Fox White,63,18,4,08:40:00,74,11,846,230,True,False,18,74,True,True,True
97998,2026,MA60,1,763684,124175,124175,771,Round 1,2026-06-21,Fred Kopitzke,775,Smugglers Notch Disc Golf Center - Fox Run,2025  Fox White,63,18,1,08:40:00,76,13,829,237,True,False,18,76,True,True,True
97998,2026,MA60,1,763684,154603,154603,904,Round 1,2026-06-21,Scott “Scooter” Fort,903,Smugglers Notch Disc Golf Center - Fox Run,2025  Fox White,63,18,3,08:40:00,79,16,803,223,True,False,18,79,True,True,True
97998,2026,MA60,1,763684,201944,201944,765,Round 1,2026-06-21,Stephen Vondrak,760,Smugglers Notch Disc Golf Center - Fox Run,2025  Fox White,63,18,4,08:50:00,83,20,768,250,True,False,18,83,True,True,True
97998,2026,MA60,1,763684,129767,129767,737,Round 1,2026-06-21,Will Graustein,730,Smugglers Notch Disc Golf Center - Fox Run,2025  Fox White,63,18,3,08:50:00,86,23,742,266,True,False,18,86,True,True,True
97998,2026,MA60,2,763684,4687,4687,907,Round 2,2026-06-21,Tim Herbert,917,Smugglers Notch Disc Golf Center - Fox Run,2025  Fox White,63,18,1,08:50:00,62,-1,950,189,True,False,18,62,True,True,True
97998,2026,MA60,2,763684,21704,21704,901,Round 2,2026-06-21,Mike Anderson,896,Smugglers Notch Disc Golf Center - Fox Run,2025  Fox White,63,18,2,08:50:00,64,1,933,198,True,False,18,64,True,True,True
97998,2026,MA60,2,763684,125535,125535,844,Round 2,2026-06-21,Joe Tota,846,Smugglers Notch Disc Golf Center - Fox Run,2025  Fox White,63,18,3,08:50:00,73,10,855,221,True,False,18,73,True,True,True
97998,2026,MA60,2,763684,228371,228371,845,Round 2,2026-06-21,Michael Packard,848,Smugglers Notch Disc Golf Center - Fox Run,2025  Fox White,63,18,4,08:50:00,75,12,838,230,True,False,18,75,True,True,True
97998,2026,MA60,2,763684,154603,154603,904,Round 2,2026-06-21,Scott “Scooter” Fort,903,Smugglers Notch Disc Golf Center - Fox Run,2025  Fox White,63,18,2,08:40:00,73,10,855,223,True,False,18,73,True,True,True
97998,2026,MA60,2,763684,124175,124175,771,Round 2,2026-06-21,Fred Kopitzke,775,Smugglers Notch Disc Golf Center - Fox Run,2025  Fox White,63,18,1,08:40:00,80,17,794,237,True,False,18,80,True,True,True
97998,2026,MA60,2,763684,201944,201944,765,Round 2,2026-06-21,Stephen Vondrak,760,Smugglers Notch Disc Golf Center - Fox Run,2025  Fox White,63,18,3,08:40:00,91,28,699,250,True,False,18,91,True,True,True
97998,2026,MA60,2,763684,129767,129767,737,Round 2,2026-06-21,Will Graustein,730,Smugglers Notch Disc Golf Center - Fox Run,2025  Fox White,63,18,4,08:40:00,93,30,681,266,True,False,18,93,True,True,True
97998,2026,MA60,3,763679,4687,4687,907,Round 3,2026-06-21,Tim Herbert,917,Smugglers Notch Disc Golf Center - Brewster Ridge,2025  Brewster Blue,62,18,1,11:20:00,62,0,953,189,True,False,18,62,True,True,True
97998,2026,MA60,3,763679,21704,21704,901,Round 3,2026-06-21,Mike Anderson,896,Smugglers Notch Disc Golf Center - Brewster Ridge,2025  Brewster Blue,62,18,2,11:20:00,68,6,901,198,True,False,18,68,True,True,True
97998,2026,MA60,3,763679,125535,125535,844,Round 3,2026-06-21,Joe Tota,846,Smugglers Notch Disc Golf Center - Brewster Ridge,2025  Brewster Blue,62,18,3,11:20:00,75,13,840,221,True,False,18,75,True,True,True
97998,2026,MA60,3,763679,154603,154603,904,Round 3,2026-06-21,Scott “Scooter” Fort,903,Smugglers Notch Disc Golf Center - Brewster Ridge,2025  Brewster Blue,62,18,1,11:10:00,71,9,875,223,True,False,18,71,True,True,True
97998,2026,MA60,3,763679,228371,228371,845,Round 3,2026-06-21,Michael Packard,848,Smugglers Notch Disc Golf Center - Brewster Ridge,2025  Brewster Blue,62,18,4,11:20:00,81,19,789,230,True,False,18,81,True,True,True
97998,2026,MA60,3,763679,124175,124175,771,Round 3,2026-06-21,Fred Kopitzke,775,Smugglers Notch Disc Golf Center - Brewster Ridge,2025  Brewster Blue,62,18,2,11:10:00,81,19,789,237,True,False,18,81,True,True,True
97998,2026,MA60,3,763679,201944,201944,765,Round 3,2026-06-21,Stephen Vondrak,760,Smugglers Notch Disc Golf Center - Brewster Ridge,2025  Brewster Blue,62,18,3,11:10:00,76,14,832,250,True,False,18,76,True,True,True
97998,2026,MA60,3,763679,129767,129767,737,Round 3,2026-06-21,Will Graustein,730,Smugglers Notch Disc Golf Center - Brewster Ridge,2025  Brewster Blue,62,18,4,11:10:00,87,25,737,266,True,False,18,87,True,True,True
97998,2026,MA70,1,763684,77558,77558,830,Round 1,2026-06-21,Jeffrey Niebanck,855,Smugglers Notch Disc Golf Center - Fox Run,2025  Fox White,63,18,2,08:30:00,67,4,907,201,True,False,18,67,True,True,True
97998,2026,MA70,1,763684,5480,5480,867,Round 1,2026-06-21,Mike Saimond,864,Smugglers Notch Disc Golf Center - Fox Run,2025  Fox White,63,18,1,08:30:00,75,12,838,214,True,False,18,75,True,True,True
97998,2026,MA70,1,763684,295967,295967,854,Round 1,2026-06-21,Stephen Bigelow,854,Smugglers Notch Disc Golf Center - Fox Run,2025  Fox White,63,18,4,08:30:00,76,13,829,203,True,False,18,76,True,True,True
97998,2026,MA70,1,763684,192323,192323,760,Round 1,2026-06-21,Will Wright,753,Smugglers Notch Disc Golf Center - Fox Run,2025  Fox White,63,18,3,08:30:00,91,28,699,,True,False,18,91,True,True,True
97998,2026,MA70,2,763684,77558,77558,830,Round 2,2026-06-21,Jeffrey Niebanck,855,Smugglers Notch Disc Golf Center - Fox Run,2025  Fox White,63,18,1,08:30:00,73,10,855,201,True,False,18,73,True,True,True
97998,2026,MA70,2,763684,295967,295967,854,Round 2,2026-06-21,Stephen Bigelow,854,Smugglers Notch Disc Golf Center - Fox Run,2025  Fox White,63,18,3,08:30:00,70,7,881,203,True,False,18,70,True,True,True
97998,2026,MA70,2,763684,5480,5480,867,Round 2,2026-06-21,Mike Saimond,864,Smugglers Notch Disc Golf Center - Fox Run,2025  Fox White,63,18,2,08:30:00,75,12,838,214,True,False,18,75,True,True,True
97998,2026,MA70,2,763684,192323,192323,760,Round 2,2026-06-21,Will Wright,753,Smugglers Notch Disc Golf Center - Fox Run,2025  Fox White,63,18,,,,,,,True,True,0,,False,False,False
97998,2026,MA70,3,763680,77558,77558,830,Round 3,2026-06-21,Jeffrey Niebanck,855,Smugglers Notch Disc Golf Center - Brewster Ridge,2025 Brewster White,62,18,1,08:30:00,61,-1,884,201,True,False,18,61,True,True,True
97998,2026,MA70,3,763680,295967,295967,854,Round 3,2026-06-21,Stephen Bigelow,854,Smugglers Notch Disc Golf Center - Brewster Ridge,2025 Brewster White,62,18,2,08:30:00,57,-5,925,203,True,False,18,57,True,True,True
97998,2026,MA70,3,763680,5480,5480,867,Round 3,2026-06-21,Mike Saimond,864,Smugglers Notch Disc Golf Center - Brewster Ridge,2025 Brewster White,62,18,3,08:30:00,64,2,853,214,True,False,18,64,True,True,True
97998,2026,MA70,3,763680,192323,192323,760,Round 3,2026-06-21,Will Wright,753,Smugglers Notch Disc Golf Center - Brewster Ridge,2025 Brewster White,62,18,,,0,0,,,True,False,0,,False,False,False
97998,2026,MP40,1,763678,159076,159076,1004,Round 1,2026-06-21,Alan Janzen,1007,Smugglers Notch Disc Golf Center - Brewster Ridge,2025  Brewster Gold ,62,18,3,10:50:00,60,-2,1025,196,True,False,18,60,True,True,True
97998,2026,MP40,1,763678,140327,140327,1008,Round 1,2026-06-21,Justin Chiu,1010,Smugglers Notch Disc Golf Center - Brewster Ridge,2025  Brewster Gold ,62,18,2,10:00:00,61,-1,1018,184,True,False,18,61,True,True,True
97998,2026,MP40,1,763678,26860,26860,997,Round 1,2026-06-21,Trevor Harbolt,995,Smugglers Notch Disc Golf Center - Brewster Ridge,2025  Brewster Gold ,62,18,1,10:40:00,62,0,1011,190,True,False,18,62,True,True,True
97998,2026,MP40,1,763678,10628,10628,997,Round 1,2026-06-21,Steve Brinster,1000,Smugglers Notch Disc Golf Center - Brewster Ridge,2025  Brewster Gold ,62,18,1,10:30:00,65,3,990,191,True,False,18,65,True,True,True
97998,2026,MP40,1,763678,167837,167837,1003,Round 1,2026-06-21,Elijah Garrison,1004,Smugglers Notch Disc Golf Center - Brewster Ridge,2025  Brewster Gold ,62,18,3,10:20:00,65,3,990,200,True,False,18,65,True,True,True
97998,2026,MP40,1,763678,180528,180528,949,Round 1,2026-06-21,Ryan Wagner,946,Smugglers Notch Disc Golf Center - Brewster Ridge,2025  Brewster Gold ,62,18,3,10:00:00,65,3,990,208,True,False,18,65,True,True,True
97998,2026,MP40,1,763678,22318,22318,952,Round 1,2026-06-21,Aaron Smartt,965,Smugglers Notch Disc Golf Center - Brewster Ridge,2025  Brewster Gold ,62,18,1,10:20:00,67,5,976,205,True,False,18,67,True,True,True
97998,2026,MP40,1,763678,93414,93414,965,Round 1,2026-06-21,Joshua Lemieux,961,Smugglers Notch Disc Golf Center - Brewster Ridge,2025  Brewster Gold ,62,18,2,10:50:00,68,6,969,221,True,False,18,68,True,True,True
97998,2026,MP40,1,763678,153421,153421,925,Round 1,2026-06-21,Bill Sailer,929,Smugglers Notch Disc Golf Center - Brewster Ridge,2025  Brewster Gold ,62,18,3,11:00:00,68,6,969,220,True,False,18,68,True,True,True
97998,2026,MP40,1,763678,39668,39668,972,Round 1,2026-06-21,Greg Grootenboer,979,Smugglers Notch Disc Golf Center - Brewster Ridge,2025  Brewster Gold ,62,18,1,10:50:00,69,7,962,207,True,False,18,69,True,True,True
97998,2026,MP40,1,763678,65941,65941,943,Round 1,2026-06-21,Adam Abruzzi,950,Smugglers Notch Disc Golf Center - Brewster Ridge,2025  Brewster Gold ,62,18,3,10:40:00,69,7,962,224,True,False,18,69,True,True,True
97998,2026,MP40,1,763678,75027,75027,968,Round 1,2026-06-21,Raivis Markons-Craig,965,Smugglers Notch Disc Golf Center - Brewster Ridge,2025  Brewster Gold ,62,18,2,10:30:00,69,7,962,209,True,False,18,69,True,True,True
97998,2026,MP40,1,763678,109102,109102,950,Round 1,2026-06-21,Matthew Eldredge,958,Smugglers Notch Disc Golf Center - Brewster Ridge,2025  Brewster Gold ,62,18,1,10:00:00,69,7,962,205,True,False,18,69,True,True,True
97998,2026,MP40,1,763678,49282,49282,928,Round 1,2026-06-21,Justin DeVico,931,Smugglers Notch Disc Golf Center - Brewster Ridge,2025  Brewster Gold ,62,18,4,10:40:00,70,8,955,218,True,False,18,70,True,True,True
97998,2026,MP40,1,763678,275242,275242,971,Round 1,2026-06-21,Travis Phillips,968,Smugglers Notch Disc Golf Center - Brewster Ridge,2025  Brewster Gold ,62,18,4,10:10:00,70,8,955,210,True,False,18,70,True,True,True
97998,2026,MP40,1,763678,80655,80655,946,Round 1,2026-06-21,Joe Appaluccio,944,Smugglers Notch Disc Golf Center - Brewster Ridge,2025  Brewster Gold ,62,18,2,10:10:00,71,9,948,217,True,False,18,71,True,True,True
97998,2026,MP40,1,763678,59549,59549,920,Round 1,2026-06-21,Joe DeCarolis,908,Smugglers Notch Disc Golf Center - Brewster Ridge,2025  Brewster Gold ,62,18,2,10:40:00,72,10,941,230,True,False,18,72,True,True,True
97998,2026,MP40,1,763678,27492,27492,932,Round 1,2026-06-21,Sean Healy,926,Smugglers Notch Disc Golf Center - Brewster Ridge,2025  Brewster Gold ,62,18,1,11:00:00,73,11,934,225,True,False,18,73,True,True,True
97998,2026,MP40,1,763678,188100,188100,935,Round 1,2026-06-21,Jonathan Chehoski,927,Smugglers Notch Disc Golf Center - Brewster Ridge,2025  Brewster Gold ,62,18,4,10:20:00,73,11,934,222,True,False,18,73,True,True,True
97998,2026,MP40,1,763678,93698,93698,947,Round 1,2026-06-21,Bryce Carson,951,Smugglers Notch Disc Golf Center - Brewster Ridge,2025  Brewster Gold ,62,18,3,10:30:00,74,12,927,220,True,False,18,74,True,True,True
97998,2026,MP40,1,763678,192145,192145,948,Round 1,2026-06-21,Eric Wright,943,Smugglers Notch Disc Golf Center - Brewster Ridge,2025  Brewster Gold ,62,18,4,10:50:00,74,12,927,232,True,False,18,74,True,True,True
97998,2026,MP40,1,763678,190605,190605,943,Round 1,2026-06-21,Kevin Bullock,954,Smugglers Notch Disc Golf Center - Brewster Ridge,2025  Brewster Gold ,62,18,4,10:30:00,75,13,920,227,True,False,18,75,True,True,True
97998,2026,MP40,1,763678,34159,34159,956,Round 1,2026-06-21,Sandy Redd,954,Smugglers Notch Disc Golf Center - Brewster Ridge,2025  Brewster Gold ,62,18,1,10:10:00,76,14,913,228,True,False,18,76,True,True,True
97998,2026,MP40,1,763678,42254,42254,951,Round 1,2026-06-21,Roger Gagnon,948,Smugglers Notch Disc Golf Center - Brewster Ridge,2025  Brewster Gold ,62,18,4,11:00:00,76,14,913,220,True,False,18,76,True,True,True
97998,2026,MP40,1,763678,73774,73774,925,Round 1,2026-06-21,Phil Lerch Denoncourt,924,Smugglers Notch Disc Golf Center - Brewster Ridge,2025  Brewster Gold ,62,18,4,10:00:00,77,15,906,243,True,False,18,77,True,True,True
97998,2026,MP40,1,763678,101034,101034,964,Round 1,2026-06-21,Chris Carlisle,945,Smugglers Notch Disc Golf Center - Brewster Ridge,2025  Brewster Gold ,62,18,2,10:20:00,77,15,906,229,True,False,18,77,True,True,True
97998,2026,MP40,1,763678,156900,156900,910,Round 1,2026-06-21,Jon Phillips,928,Smugglers Notch Disc Golf Center - Brewster Ridge,2025  Brewster Gold ,62,18,3,10:10:00,81,19,877,230,True,False,18,81,True,True,True
97998,2026,MP40,1,763678,99260,99260,885,Round 1,2026-06-21,Matthew Martell,880,Smugglers Notch Disc Golf Center - Brewster Ridge,2025  Brewster Gold ,62,18,2,11:00:00,88,26,828,263,True,False,18,88,True,True,True
97998,2026,MP40,2,763678,140327,140327,1008,Round 2,2026-06-21,Justin Chiu,1010,Smugglers Notch Disc Golf Center - Brewster Ridge,2025  Brewster Gold ,62,18,2,11:00:00,62,0,1011,184,True,False,18,62,True,True,True
97998,2026,MP40,2,763678,10628,10628,997,Round 2,2026-06-21,Steve Brinster,1000,Smugglers Notch Disc Golf Center - Brewster Ridge,2025  Brewster Gold ,62,18,4,11:00:00,60,-2,1025,191,True,False,18,60,True,True,True
97998,2026,MP40,2,763678,26860,26860,997,Round 2,2026-06-21,Trevor Harbolt,995,Smugglers Notch Disc Golf Center - Brewster Ridge,2025  Brewster Gold ,62,18,3,11:00:00,63,1,1004,190,True,False,18,63,True,True,True
97998,2026,MP40,2,763678,159076,159076,1004,Round 2,2026-06-21,Alan Janzen,1007,Smugglers Notch Disc Golf Center - Brewster Ridge,2025  Brewster Gold ,62,18,1,11:00:00,68,6,969,196,True,False,18,68,True,True,True
97998,2026,MP40,2,763678,180528,180528,949,Round 2,2026-06-21,Ryan Wagner,946,Smugglers Notch Disc Golf Center - Brewster Ridge,2025  Brewster Gold ,62,18,2,10:50:00,67,5,976,208,True,False,18,67,True,True,True
97998,2026,MP40,2,763678,22318,22318,952,Round 2,2026-06-21,Aaron Smartt,965,Smugglers Notch Disc Golf Center - Brewster Ridge,2025  Brewster Gold ,62,18,3,10:50:00,66,4,983,205,True,False,18,66,True,True,True
97998,2026,MP40,2,763678,167837,167837,1003,Round 2,2026-06-21,Elijah Garrison,1004,Smugglers Notch Disc Golf Center - Brewster Ridge,2025  Brewster Gold ,62,18,1,10:50:00,68,6,969,200,True,False,18,68,True,True,True
97998,2026,MP40,2,763678,39668,39668,972,Round 2,2026-06-21,Greg Grootenboer,979,Smugglers Notch Disc Golf Center - Brewster Ridge,2025  Brewster Gold ,62,18,2,10:40:00,65,3,990,207,True,False,18,65,True,True,True
97998,2026,MP40,2,763678,109102,109102,950,Round 2,2026-06-21,Matthew Eldredge,958,Smugglers Notch Disc Golf Center - Brewster Ridge,2025  Brewster Gold ,62,18,1,10:30:00,67,5,976,205,True,False,18,67,True,True,True
97998,2026,MP40,2,763678,93414,93414,965,Round 2,2026-06-21,Joshua Lemieux,961,Smugglers Notch Disc Golf Center - Brewster Ridge,2025  Brewster Gold ,62,18,4,10:50:00,70,8,955,221,True,False,18,70,True,True,True
97998,2026,MP40,2,763678,75027,75027,968,Round 2,2026-06-21,Raivis Markons-Craig,965,Smugglers Notch Disc Golf Center - Brewster Ridge,2025  Brewster Gold ,62,18,4,10:40:00,70,8,955,209,True,False,18,70,True,True,True
97998,2026,MP40,2,763678,59549,59549,920,Round 2,2026-06-21,Joe DeCarolis,908,Smugglers Notch Disc Golf Center - Brewster Ridge,2025  Brewster Gold ,62,18,1,10:20:00,69,7,962,230,True,False,18,69,True,True,True
97998,2026,MP40,2,763678,275242,275242,971,Round 2,2026-06-21,Travis Phillips,968,Smugglers Notch Disc Golf Center - Brewster Ridge,2025  Brewster Gold ,62,18,3,10:30:00,71,9,948,210,True,False,18,71,True,True,True
97998,2026,MP40,2,763678,80655,80655,946,Round 2,2026-06-21,Joe Appaluccio,944,Smugglers Notch Disc Golf Center - Brewster Ridge,2025  Brewster Gold ,62,18,4,10:30:00,71,9,948,217,True,False,18,71,True,True,True
97998,2026,MP40,2,763678,49282,49282,928,Round 2,2026-06-21,Justin DeVico,931,Smugglers Notch Disc Golf Center - Brewster Ridge,2025  Brewster Gold ,62,18,2,10:30:00,72,10,941,218,True,False,18,72,True,True,True
97998,2026,MP40,2,763678,65941,65941,943,Round 2,2026-06-21,Adam Abruzzi,950,Smugglers Notch Disc Golf Center - Brewster Ridge,2025  Brewster Gold ,62,18,3,10:40:00,74,12,927,224,True,False,18,74,True,True,True
97998,2026,MP40,2,763678,153421,153421,925,Round 2,2026-06-21,Bill Sailer,929,Smugglers Notch Disc Golf Center - Brewster Ridge,2025  Brewster Gold ,62,18,1,10:40:00,76,14,913,220,True,False,18,76,True,True,True
97998,2026,MP40,2,763678,93698,93698,947,Round 2,2026-06-21,Bryce Carson,951,Smugglers Notch Disc Golf Center - Brewster Ridge,2025  Brewster Gold ,62,18,4,10:20:00,73,11,934,220,True,False,18,73,True,True,True
97998,2026,MP40,2,763678,192145,192145,948,Round 2,2026-06-21,Eric Wright,943,Smugglers Notch Disc Golf Center - Brewster Ridge,2025  Brewster Gold ,62,18,1,10:10:00,73,11,934,232,True,False,18,73,True,True,True
97998,2026,MP40,2,763678,27492,27492,932,Round 2,2026-06-21,Sean Healy,926,Smugglers Notch Disc Golf Center - Brewster Ridge,2025  Brewster Gold ,62,18,2,10:20:00,74,12,927,225,True,False,18,74,True,True,True
97998,2026,MP40,2,763678,42254,42254,951,Round 2,2026-06-21,Roger Gagnon,948,Smugglers Notch Disc Golf Center - Brewster Ridge,2025  Brewster Gold ,62,18,4,10:10:00,72,10,941,220,True,False,18,72,True,True,True
97998,2026,MP40,2,763678,188100,188100,935,Round 2,2026-06-21,Jonathan Chehoski,927,Smugglers Notch Disc Golf Center - Brewster Ridge,2025  Brewster Gold ,62,18,3,10:20:00,75,13,920,222,True,False,18,75,True,True,True
97998,2026,MP40,2,763678,101034,101034,964,Round 2,2026-06-21,Chris Carlisle,945,Smugglers Notch Disc Golf Center - Brewster Ridge,2025  Brewster Gold ,62,18,2,10:00:00,72,10,941,229,True,False,18,72,True,True,True
97998,2026,MP40,2,763678,190605,190605,943,Round 2,2026-06-21,Kevin Bullock,954,Smugglers Notch Disc Golf Center - Brewster Ridge,2025  Brewster Gold ,62,18,2,10:10:00,76,14,913,227,True,False,18,76,True,True,True
97998,2026,MP40,2,763678,34159,34159,956,Round 2,2026-06-21,Sandy Redd,954,Smugglers Notch Disc Golf Center - Brewster Ridge,2025  Brewster Gold ,62,18,3,10:10:00,76,14,913,228,True,False,18,76,True,True,True
97998,2026,MP40,2,763678,73774,73774,925,Round 2,2026-06-21,Phil Lerch Denoncourt,924,Smugglers Notch Disc Golf Center - Brewster Ridge,2025  Brewster Gold ,62,18,1,10:00:00,78,16,899,243,True,False,18,78,True,True,True
97998,2026,MP40,2,763678,156900,156900,910,Round 2,2026-06-21,Jon Phillips,928,Smugglers Notch Disc Golf Center - Brewster Ridge,2025  Brewster Gold ,62,18,3,10:00:00,75,13,920,230,True,False,18,75,True,True,True
97998,2026,MP40,2,763678,99260,99260,885,Round 2,2026-06-21,Matthew Martell,880,Smugglers Notch Disc Golf Center - Brewster Ridge,2025  Brewster Gold ,62,18,4,10:00:00,78,16,899,263,True,False,18,78,True,True,True
97998,2026,MP40,3,763681,140327,140327,1008,Round 3,2026-06-21,Justin Chiu,1010,Smugglers Notch Disc Golf Center - Fox Run,2025  Fox Gold,63,18,1,11:00:00,61,-2,1026,184,True,False,18,61,True,True,True
97998,2026,MP40,3,763681,26860,26860,997,Round 3,2026-06-21,Trevor Harbolt,995,Smugglers Notch Disc Golf Center - Fox Run,2025  Fox Gold,63,18,3,11:00:00,65,2,998,190,True,False,18,65,True,True,True
97998,2026,MP40,3,763681,10628,10628,997,Round 3,2026-06-21,Steve Brinster,1000,Smugglers Notch Disc Golf Center - Fox Run,2025  Fox Gold,63,18,2,11:00:00,66,3,992,191,True,False,18,66,True,True,True
97998,2026,MP40,3,763681,159076,159076,1004,Round 3,2026-06-21,Alan Janzen,1007,Smugglers Notch Disc Golf Center - Fox Run,2025  Fox Gold,63,18,4,11:00:00,68,5,978,196,True,False,18,68,True,True,True
97998,2026,MP40,3,763681,167837,167837,1003,Round 3,2026-06-21,Elijah Garrison,1004,Smugglers Notch Disc Golf Center - Fox Run,2025  Fox Gold,63,18,3,10:50:00,67,4,985,200,True,False,18,67,True,True,True
97998,2026,MP40,3,763681,109102,109102,950,Round 3,2026-06-21,Matthew Eldredge,958,Smugglers Notch Disc Golf Center - Fox Run,2025  Fox Gold,63,18,1,10:40:00,69,6,971,205,True,False,18,69,True,True,True
97998,2026,MP40,3,763681,22318,22318,952,Round 3,2026-06-21,Aaron Smartt,965,Smugglers Notch Disc Golf Center - Fox Run,2025  Fox Gold,63,18,2,10:50:00,72,9,951,205,True,False,18,72,True,True,True
97998,2026,MP40,3,763681,39668,39668,972,Round 3,2026-06-21,Greg Grootenboer,979,Smugglers Notch Disc Golf Center - Fox Run,2025  Fox Gold,63,18,4,10:50:00,73,10,944,207,True,False,18,73,True,True,True
97998,2026,MP40,3,763681,180528,180528,949,Round 3,2026-06-21,Ryan Wagner,946,Smugglers Notch Disc Golf Center - Fox Run,2025  Fox Gold,63,18,1,10:50:00,76,13,924,208,True,False,18,76,True,True,True
97998,2026,MP40,3,763681,75027,75027,968,Round 3,2026-06-21,Raivis Markons-Craig,965,Smugglers Notch Disc Golf Center - Fox Run,2025  Fox Gold,63,18,3,10:40:00,70,7,964,209,True,False,18,70,True,True,True
97998,2026,MP40,3,763681,275242,275242,971,Round 3,2026-06-21,Travis Phillips,968,Smugglers Notch Disc Golf Center - Fox Run,2025  Fox Gold,63,18,1,10:30:00,69,6,971,210,True,False,18,69,True,True,True
97998,2026,MP40,3,763681,80655,80655,946,Round 3,2026-06-21,Joe Appaluccio,944,Smugglers Notch Disc Golf Center - Fox Run,2025  Fox Gold,63,18,2,10:30:00,75,12,931,217,True,False,18,75,True,True,True
97998,2026,MP40,3,763681,49282,49282,928,Round 3,2026-06-21,Justin DeVico,931,Smugglers Notch Disc Golf Center - Fox Run,2025  Fox Gold,63,18,3,10:30:00,76,13,924,218,True,False,18,76,True,True,True
97998,2026,MP40,3,763681,42254,42254,951,Round 3,2026-06-21,Roger Gagnon,948,Smugglers Notch Disc Golf Center - Fox Run,2025  Fox Gold,63,18,1,10:10:00,72,9,951,220,True,False,18,72,True,True,True
97998,2026,MP40,3,763681,93698,93698,947,Round 3,2026-06-21,Bryce Carson,951,Smugglers Notch Disc Golf Center - Fox Run,2025  Fox Gold,63,18,2,10:20:00,73,10,944,220,True,False,18,73,True,True,True
97998,2026,MP40,3,763681,153421,153421,925,Round 3,2026-06-21,Bill Sailer,929,Smugglers Notch Disc Golf Center - Fox Run,2025  Fox Gold,63,18,1,10:20:00,76,13,924,220,True,False,18,76,True,True,True
97998,2026,MP40,3,763681,93414,93414,965,Round 3,2026-06-21,Joshua Lemieux,961,Smugglers Notch Disc Golf Center - Fox Run,2025  Fox Gold,63,18,2,10:40:00,83,20,876,221,True,False,18,83,True,True,True
97998,2026,MP40,3,763681,188100,188100,935,Round 3,2026-06-21,Jonathan Chehoski,927,Smugglers Notch Disc Golf Center - Fox Run,2025  Fox Gold,63,18,2,10:10:00,74,11,937,222,True,False,18,74,True,True,True
97998,2026,MP40,3,763681,65941,65941,943,Round 3,2026-06-21,Adam Abruzzi,950,Smugglers Notch Disc Golf Center - Fox Run,2025  Fox Gold,63,18,4,10:30:00,81,18,890,224,True,False,18,81,True,True,True
97998,2026,MP40,3,763681,27492,27492,932,Round 3,2026-06-21,Sean Healy,926,Smugglers Notch Disc Golf Center - Fox Run,2025  Fox Gold,63,18,4,10:20:00,78,15,910,225,True,False,18,78,True,True,True
97998,2026,MP40,3,763681,190605,190605,943,Round 3,2026-06-21,Kevin Bullock,954,Smugglers Notch Disc Golf Center - Fox Run,2025  Fox Gold,63,18,4,10:10:00,76,13,924,227,True,False,18,76,True,True,True
97998,2026,MP40,3,763681,34159,34159,956,Round 3,2026-06-21,Sandy Redd,954,Smugglers Notch Disc Golf Center - Fox Run,2025  Fox Gold,63,18,1,10:00:00,76,13,924,228,True,False,18,76,True,True,True
97998,2026,MP40,3,763681,101034,101034,964,Round 3,2026-06-21,Chris Carlisle,945,Smugglers Notch Disc Golf Center - Fox Run,2025  Fox Gold,63,18,3,10:10:00,80,17,897,229,True,False,18,80,True,True,True
97998,2026,MP40,3,763681,156900,156900,910,Round 3,2026-06-21,Jon Phillips,928,Smugglers Notch Disc Golf Center - Fox Run,2025  Fox Gold,63,18,3,10:00:00,74,11,937,230,True,False,18,74,True,True,True
97998,2026,MP40,3,763681,59549,59549,920,Round 3,2026-06-21,Joe DeCarolis,908,Smugglers Notch Disc Golf Center - Fox Run,2025  Fox Gold,63,18,4,10:40:00,89,26,835,230,True,False,18,89,True,True,True
97998,2026,MP40,3,763681,192145,192145,948,Round 3,2026-06-21,Eric Wright,943,Smugglers Notch Disc Golf Center - Fox Run,2025  Fox Gold,63,18,3,10:20:00,85,22,863,232,True,False,18,85,True,True,True
97998,2026,MP40,3,763681,73774,73774,925,Round 3,2026-06-21,Phil Lerch Denoncourt,924,Smugglers Notch Disc Golf Center - Fox Run,2025  Fox Gold,63,18,2,10:00:00,88,25,842,243,True,False,18,88,True,True,True
97998,2026,MP40,3,763681,99260,99260,885,Round 3,2026-06-21,Matthew Martell,880,Smugglers Notch Disc Golf Center - Fox Run,2025  Fox Gold,63,18,4,10:00:00,97,34,781,263,True,False,18,97,True,True,True
97998,2026,MP50,1,763678,20671,20671,1001,Round 1,2026-06-21,Craig Cutler,1008,Smugglers Notch Disc Golf Center - Brewster Ridge,2025  Brewster Gold ,62,18,2,09:50:00,62,0,1011,183,True,False,18,62,True,True,True
97998,2026,MP50,1,763678,132038,132038,959,Round 1,2026-06-21,Daniel Jenkins,965,Smugglers Notch Disc Golf Center - Brewster Ridge,2025  Brewster Gold ,62,18,3,09:30:00,66,4,983,199,True,False,18,66,True,True,True
97998,2026,MP50,1,763678,149414,149414,967,Round 1,2026-06-21,Michael Lawler,972,Smugglers Notch Disc Golf Center - Brewster Ridge,2025  Brewster Gold ,62,18,4,09:40:00,68,6,969,202,True,False,18,68,True,True,True
97998,2026,MP50,1,763678,54607,54607,951,Round 1,2026-06-21,Bob Kulchuk,953,Smugglers Notch Disc Golf Center - Brewster Ridge,2025  Brewster Gold ,62,18,1,09:30:00,69,7,962,207,True,False,18,69,True,True,True
97998,2026,MP50,1,763678,120378,120378,943,Round 1,2026-06-21,Drew McDowell,952,Smugglers Notch Disc Golf Center - Brewster Ridge,2025  Brewster Gold ,62,18,2,09:30:00,70,8,955,206,True,False,18,70,True,True,True
97998,2026,MP50,1,763678,154887,154887,935,Round 1,2026-06-21,Brian Hunter,941,Smugglers Notch Disc Golf Center - Brewster Ridge,2025  Brewster Gold ,62,18,3,09:40:00,70,8,955,212,True,False,18,70,True,True,True
97998,2026,MP50,1,763678,18991,18991,972,Round 1,2026-06-21,Scott Walsh,983,Smugglers Notch Disc Golf Center - Brewster Ridge,2025  Brewster Gold ,62,18,1,09:40:00,72,10,941,206,True,False,18,72,True,True,True
97998,2026,MP50,1,763678,25395,25395,949,Round 1,2026-06-21,Peter Belizi,944,Smugglers Notch Disc Golf Center - Brewster Ridge,2025  Brewster Gold ,62,18,4,09:50:00,72,10,941,213,True,False,18,72,True,True,True
97998,2026,MP50,1,763678,14526,14526,934,Round 1,2026-06-21,Michael Pratt,926,Smugglers Notch Disc Golf Center - Brewster Ridge,2025  Brewster Gold ,62,18,3,09:20:00,73,11,934,215,True,False,18,73,True,True,True
97998,2026,MP50,1,763678,171544,171544,940,Round 1,2026-06-21,Dave Irving,935,Smugglers Notch Disc Golf Center - Brewster Ridge,2025  Brewster Gold ,62,18,3,09:50:00,75,13,920,220,True,False,18,75,True,True,True
97998,2026,MP50,1,763678,190614,190614,943,Round 1,2026-06-21,Christopher Bullock,951,Smugglers Notch Disc Golf Center - Brewster Ridge,2025  Brewster Gold ,62,18,1,09:20:00,76,14,913,230,True,False,18,76,True,True,True
97998,2026,MP50,1,763678,17270,17270,961,Round 1,2026-06-21,Scott Howard,956,Smugglers Notch Disc Golf Center - Brewster Ridge,2025  Brewster Gold ,62,18,2,09:40:00,78,16,899,221,True,False,18,78,True,True,True
97998,2026,MP50,1,763678,12667,12667,908,Round 1,2026-06-21,Scott Shepardson,906,Smugglers Notch Disc Golf Center - Brewster Ridge,2025  Brewster Gold ,62,18,4,09:30:00,79,17,891,246,True,False,18,79,True,True,True
97998,2026,MP50,1,763678,146288,146288,935,Round 1,2026-06-21,Tom Travison,928,Smugglers Notch Disc Golf Center - Brewster Ridge,2025  Brewster Gold ,62,18,2,09:20:00,80,18,884,228,True,False,18,80,True,True,True
97998,2026,MP50,1,763678,125921,125921,911,Round 1,2026-06-21,Christopher Conk,905,Smugglers Notch Disc Golf Center - Brewster Ridge,2025  Brewster Gold ,62,18,1,09:50:00,81,19,877,250,True,False,18,81,True,True,True
97998,2026,MP50,2,763678,20671,20671,1001,Round 2,2026-06-21,Craig Cutler,1008,Smugglers Notch Disc Golf Center - Brewster Ridge,2025  Brewster Gold ,62,18,1,09:50:00,64,2,997,183,True,False,18,64,True,True,True
97998,2026,MP50,2,763678,132038,132038,959,Round 2,2026-06-21,Daniel Jenkins,965,Smugglers Notch Disc Golf Center - Brewster Ridge,2025  Brewster Gold ,62,18,2,09:50:00,66,4,983,199,True,False,18,66,True,True,True
97998,2026,MP50,2,763678,149414,149414,967,Round 2,2026-06-21,Michael Lawler,972,Smugglers Notch Disc Golf Center - Brewster Ridge,2025  Brewster Gold ,62,18,3,09:50:00,70,8,955,202,True,False,18,70,True,True,True
97998,2026,MP50,2,763678,120378,120378,943,Round 2,2026-06-21,Drew McDowell,952,Smugglers Notch Disc Golf Center - Brewster Ridge,2025  Brewster Gold ,62,18,1,09:40:00,69,7,962,206,True,False,18,69,True,True,True
97998,2026,MP50,2,763678,54607,54607,951,Round 2,2026-06-21,Bob Kulchuk,953,Smugglers Notch Disc Golf Center - Brewster Ridge,2025  Brewster Gold ,62,18,4,09:50:00,70,8,955,207,True,False,18,70,True,True,True
97998,2026,MP50,2,763678,18991,18991,972,Round 2,2026-06-21,Scott Walsh,983,Smugglers Notch Disc Golf Center - Brewster Ridge,2025  Brewster Gold ,62,18,3,09:40:00,68,6,969,206,True,False,18,68,True,True,True
97998,2026,MP50,2,763678,25395,25395,949,Round 2,2026-06-21,Peter Belizi,944,Smugglers Notch Disc Golf Center - Brewster Ridge,2025  Brewster Gold ,62,18,4,09:40:00,69,7,962,213,True,False,18,69,True,True,True
97998,2026,MP50,2,763678,154887,154887,935,Round 2,2026-06-21,Brian Hunter,941,Smugglers Notch Disc Golf Center - Brewster Ridge,2025  Brewster Gold ,62,18,2,09:40:00,72,10,941,212,True,False,18,72,True,True,True
97998,2026,MP50,2,763678,14526,14526,934,Round 2,2026-06-21,Michael Pratt,926,Smugglers Notch Disc Golf Center - Brewster Ridge,2025  Brewster Gold ,62,18,1,09:30:00,71,9,948,215,True,False,18,71,True,True,True
97998,2026,MP50,2,763678,17270,17270,961,Round 2,2026-06-21,Scott Howard,956,Smugglers Notch Disc Golf Center - Brewster Ridge,2025  Brewster Gold ,62,18,4,09:30:00,69,7,962,221,True,False,18,69,True,True,True
97998,2026,MP50,2,763678,171544,171544,940,Round 2,2026-06-21,Dave Irving,935,Smugglers Notch Disc Golf Center - Brewster Ridge,2025  Brewster Gold ,62,18,2,09:30:00,74,12,927,220,True,False,18,74,True,True,True
97998,2026,MP50,2,763678,146288,146288,935,Round 2,2026-06-21,Tom Travison,928,Smugglers Notch Disc Golf Center - Brewster Ridge,2025  Brewster Gold ,62,18,2,09:20:00,74,12,927,228,True,False,18,74,True,True,True
97998,2026,MP50,2,763678,190614,190614,943,Round 2,2026-06-21,Christopher Bullock,951,Smugglers Notch Disc Golf Center - Brewster Ridge,2025  Brewster Gold ,62,18,3,09:30:00,80,18,884,230,True,False,18,80,True,True,True
97998,2026,MP50,2,763678,12667,12667,908,Round 2,2026-06-21,Scott Shepardson,906,Smugglers Notch Disc Golf Center - Brewster Ridge,2025  Brewster Gold ,62,18,1,09:20:00,84,22,856,246,True,False,18,84,True,True,True
97998,2026,MP50,2,763678,125921,125921,911,Round 2,2026-06-21,Christopher Conk,905,Smugglers Notch Disc Golf Center - Brewster Ridge,2025  Brewster Gold ,62,18,3,09:20:00,84,22,856,250,True,False,18,84,True,True,True
97998,2026,MP50,3,763683,20671,20671,1001,Round 3,2026-06-21,Craig Cutler,1008,Smugglers Notch Disc Golf Center - Fox Run,2025  Fox Blue,63,18,1,08:40:00,57,-6,1055,183,True,False,18,57,True,True,True
97998,2026,MP50,3,763683,132038,132038,959,Round 3,2026-06-21,Daniel Jenkins,965,Smugglers Notch Disc Golf Center - Fox Run,2025  Fox Blue,63,18,2,08:40:00,67,4,988,199,True,False,18,67,True,True,True
97998,2026,MP50,3,763683,149414,149414,967,Round 3,2026-06-21,Michael Lawler,972,Smugglers Notch Disc Golf Center - Fox Run,2025  Fox Blue,63,18,3,08:40:00,64,1,1008,202,True,False,18,64,True,True,True
97998,2026,MP50,3,763683,18991,18991,972,Round 3,2026-06-21,Scott Walsh,983,Smugglers Notch Disc Golf Center - Fox Run,2025  Fox Blue,63,18,2,08:30:00,66,3,995,206,True,False,18,66,True,True,True
97998,2026,MP50,3,763683,120378,120378,943,Round 3,2026-06-21,Drew McDowell,952,Smugglers Notch Disc Golf Center - Fox Run,2025  Fox Blue,63,18,4,08:40:00,67,4,988,206,True,False,18,67,True,True,True
97998,2026,MP50,3,763683,54607,54607,951,Round 3,2026-06-21,Bob Kulchuk,953,Smugglers Notch Disc Golf Center - Fox Run,2025  Fox Blue,63,18,1,08:30:00,68,5,982,207,True,False,18,68,True,True,True
97998,2026,MP50,3,763683,154887,154887,935,Round 3,2026-06-21,Brian Hunter,941,Smugglers Notch Disc Golf Center - Fox Run,2025  Fox Blue,63,18,4,08:30:00,70,7,968,212,True,False,18,70,True,True,True
97998,2026,MP50,3,763683,25395,25395,949,Round 3,2026-06-21,Peter Belizi,944,Smugglers Notch Disc Golf Center - Fox Run,2025  Fox Blue,63,18,3,08:30:00,72,9,955,213,True,False,18,72,True,True,True
97998,2026,MP50,3,763683,14526,14526,934,Round 3,2026-06-21,Michael Pratt,926,Smugglers Notch Disc Golf Center - Fox Run,2025  Fox Blue,63,18,1,08:20:00,71,8,962,215,True,False,18,71,True,True,True
97998,2026,MP50,3,763683,171544,171544,940,Round 3,2026-06-21,Dave Irving,935,Smugglers Notch Disc Golf Center - Fox Run,2025  Fox Blue,63,18,3,08:20:00,71,8,962,220,True,False,18,71,True,True,True
97998,2026,MP50,3,763683,17270,17270,961,Round 3,2026-06-21,Scott Howard,956,Smugglers Notch Disc Golf Center - Fox Run,2025  Fox Blue,63,18,2,08:20:00,74,11,942,221,True,False,18,74,True,True,True
97998,2026,MP50,3,763683,146288,146288,935,Round 3,2026-06-21,Tom Travison,928,Smugglers Notch Disc Golf Center - Fox Run,2025  Fox Blue,63,18,4,08:20:00,74,11,942,228,True,False,18,74,True,True,True
97998,2026,MP50,3,763683,190614,190614,943,Round 3,2026-06-21,Christopher Bullock,951,Smugglers Notch Disc Golf Center - Fox Run,2025  Fox Blue,63,18,1,08:10:00,74,11,942,230,True,False,18,74,True,True,True
97998,2026,MP50,3,763683,12667,12667,908,Round 3,2026-06-21,Scott Shepardson,906,Smugglers Notch Disc Golf Center - Fox Run,2025  Fox Blue,63,18,2,08:10:00,83,20,882,246,True,False,18,83,True,True,True
97998,2026,MP50,3,763683,125921,125921,911,Round 3,2026-06-21,Christopher Conk,905,Smugglers Notch Disc Golf Center - Fox Run,2025  Fox Blue,63,18,3,08:10:00,85,22,868,250,True,False,18,85,True,True,True
97998,2026,MP60,1,763679,166239,166239,948,Round 1,2026-06-21,Tom Raub,958,Smugglers Notch Disc Golf Center - Brewster Ridge,2025  Brewster Blue,62,18,3,07:50:00,61,-1,961,191,True,False,18,61,True,True,True
97998,2026,MP60,1,763679,2439,2439,943,Round 1,2026-06-21,Daniel Marcus,954,Smugglers Notch Disc Golf Center - Brewster Ridge,2025  Brewster Blue,62,18,2,08:00:00,62,0,953,192,True,False,18,62,True,True,True
97998,2026,MP60,1,763679,216168,216168,923,Round 1,2026-06-21,Douglas Strout,938,Smugglers Notch Disc Golf Center - Brewster Ridge,2025  Brewster Blue,62,18,1,07:40:00,62,0,953,199,True,False,18,62,True,True,True
97998,2026,MP60,1,763679,31524,31524,949,Round 1,2026-06-21,James Elkins,940,Smugglers Notch Disc Golf Center - Brewster Ridge,2025  Brewster Blue,62,18,2,07:40:00,63,1,944,205,True,False,18,63,True,True,True
97998,2026,MP60,1,763679,91790,91790,927,Round 1,2026-06-21,Bill Andrews,927,Smugglers Notch Disc Golf Center - Brewster Ridge,2025  Brewster Blue,62,18,4,08:00:00,63,1,944,199,True,False,18,63,True,True,True
97998,2026,MP60,1,763679,194066,194066,929,Round 1,2026-06-21,Ben Lowry,930,Smugglers Notch Disc Golf Center - Brewster Ridge,2025  Brewster Blue,62,18,4,07:50:00,63,1,944,201,True,False,18,63,True,True,True
97998,2026,MP60,1,763679,194992,194992,904,Round 1,2026-06-21,John Bigelow,909,Smugglers Notch Disc Golf Center - Brewster Ridge,2025  Brewster Blue,62,18,3,08:00:00,64,2,935,223,True,False,18,64,True,True,True
97998,2026,MP60,1,763679,45608,45608,899,Round 1,2026-06-21,Kevin Jacobs,896,Smugglers Notch Disc Golf Center - Brewster Ridge,2025  Brewster Blue,62,18,3,07:40:00,65,3,927,223,True,False,18,65,True,True,True
97998,2026,MP60,1,763679,31477,31477,929,Round 1,2026-06-21,Randy Dore,921,Smugglers Notch Disc Golf Center - Brewster Ridge,2025  Brewster Blue,62,18,1,07:50:00,69,7,892,219,True,False,18,69,True,True,True
97998,2026,MP60,1,763679,77623,77623,917,Round 1,2026-06-21,Cary Powell,909,Smugglers Notch Disc Golf Center - Brewster Ridge,2025  Brewster Blue,62,18,1,08:00:00,70,8,883,226,True,False,18,70,True,True,True
97998,2026,MP60,1,763679,3095,3095,894,Round 1,2026-06-21,Dave Buchholz,895,Smugglers Notch Disc Golf Center - Brewster Ridge,2025  Brewster Blue,62,18,2,07:50:00,71,9,875,221,True,False,18,71,True,True,True
97998,2026,MP60,2,763679,2439,2439,943,Round 2,2026-06-21,Daniel Marcus,954,Smugglers Notch Disc Golf Center - Brewster Ridge,2025  Brewster Blue,62,18,2,08:00:00,60,-2,970,192,True,False,18,60,True,True,True
97998,2026,MP60,2,763679,166239,166239,948,Round 2,2026-06-21,Tom Raub,958,Smugglers Notch Disc Golf Center - Brewster Ridge,2025  Brewster Blue,62,18,1,08:00:00,63,1,944,191,True,False,18,63,True,True,True
97998,2026,MP60,2,763679,91790,91790,927,Round 2,2026-06-21,Bill Andrews,927,Smugglers Notch Disc Golf Center - Brewster Ridge,2025  Brewster Blue,62,18,1,07:50:00,66,4,918,199,True,False,18,66,True,True,True
97998,2026,MP60,2,763679,31524,31524,949,Round 2,2026-06-21,James Elkins,940,Smugglers Notch Disc Golf Center - Brewster Ridge,2025  Brewster Blue,62,18,4,08:00:00,67,5,909,205,True,False,18,67,True,True,True
97998,2026,MP60,2,763679,194066,194066,929,Round 2,2026-06-21,Ben Lowry,930,Smugglers Notch Disc Golf Center - Brewster Ridge,2025  Brewster Blue,62,18,2,07:50:00,67,5,909,201,True,False,18,67,True,True,True
97998,2026,MP60,2,763679,45608,45608,899,Round 2,2026-06-21,Kevin Jacobs,896,Smugglers Notch Disc Golf Center - Brewster Ridge,2025  Brewster Blue,62,18,4,07:50:00,66,4,918,223,True,False,18,66,True,True,True
97998,2026,MP60,2,763679,216168,216168,923,Round 2,2026-06-21,Douglas Strout,938,Smugglers Notch Disc Golf Center - Brewster Ridge,2025  Brewster Blue,62,18,3,08:00:00,69,7,892,199,True,False,18,69,True,True,True
97998,2026,MP60,2,763679,194992,194992,904,Round 2,2026-06-21,John Bigelow,909,Smugglers Notch Disc Golf Center - Brewster Ridge,2025  Brewster Blue,62,18,3,07:50:00,72,10,866,223,True,False,18,72,True,True,True
97998,2026,MP60,2,763679,31477,31477,929,Round 2,2026-06-21,Randy Dore,921,Smugglers Notch Disc Golf Center - Brewster Ridge,2025  Brewster Blue,62,18,1,07:40:00,70,8,883,219,True,False,18,70,True,True,True
97998,2026,MP60,2,763679,3095,3095,894,Round 2,2026-06-21,Dave Buchholz,895,Smugglers Notch Disc Golf Center - Brewster Ridge,2025  Brewster Blue,62,18,3,07:40:00,70,8,883,221,True,False,18,70,True,True,True
97998,2026,MP60,2,763679,77623,77623,917,Round 2,2026-06-21,Cary Powell,909,Smugglers Notch Disc Golf Center - Brewster Ridge,2025  Brewster Blue,62,18,2,07:40:00,73,11,858,226,True,False,18,73,True,True,True
97998,2026,MP60,3,763683,166239,166239,948,Round 3,2026-06-21,Tom Raub,958,Smugglers Notch Disc Golf Center - Fox Run,2025  Fox Blue,63,18,2,08:00:00,67,4,988,191,True,False,18,67,True,True,True
97998,2026,MP60,3,763683,2439,2439,943,Round 3,2026-06-21,Daniel Marcus,954,Smugglers Notch Disc Golf Center - Fox Run,2025  Fox Blue,63,18,1,08:00:00,70,7,968,192,True,False,18,70,True,True,True
97998,2026,MP60,3,763683,216168,216168,923,Round 3,2026-06-21,Douglas Strout,938,Smugglers Notch Disc Golf Center - Fox Run,2025  Fox Blue,63,18,3,07:50:00,68,5,982,199,True,False,18,68,True,True,True
97998,2026,MP60,3,763683,91790,91790,927,Round 3,2026-06-21,Bill Andrews,927,Smugglers Notch Disc Golf Center - Fox Run,2025  Fox Blue,63,18,3,08:00:00,70,7,968,199,True,False,18,70,True,True,True
97998,2026,MP60,3,763683,194066,194066,929,Round 3,2026-06-21,Ben Lowry,930,Smugglers Notch Disc Golf Center - Fox Run,2025  Fox Blue,63,18,1,07:50:00,71,8,962,201,True,False,18,71,True,True,True
97998,2026,MP60,3,763683,31524,31524,949,Round 3,2026-06-21,James Elkins,940,Smugglers Notch Disc Golf Center - Fox Run,2025  Fox Blue,63,18,4,08:00:00,75,12,935,205,True,False,18,75,True,True,True
97998,2026,MP60,3,763683,31477,31477,929,Round 3,2026-06-21,Randy Dore,921,Smugglers Notch Disc Golf Center - Fox Run,2025  Fox Blue,63,18,1,07:40:00,80,17,902,219,True,False,18,80,True,True,True
97998,2026,MP60,3,763683,3095,3095,894,Round 3,2026-06-21,Dave Buchholz,895,Smugglers Notch Disc Golf Center - Fox Run,2025  Fox Blue,63,18,2,07:40:00,80,17,902,221,True,False,18,80,True,True,True
97998,2026,MP60,3,763683,194992,194992,904,Round 3,2026-06-21,John Bigelow,909,Smugglers Notch Disc Golf Center - Fox Run,2025  Fox Blue,63,18,4,07:50:00,87,24,855,223,True,False,18,87,True,True,True
97998,2026,MP60,3,763683,45608,45608,899,Round 3,2026-06-21,Kevin Jacobs,896,Smugglers Notch Disc Golf Center - Fox Run,2025  Fox Blue,63,18,2,07:50:00,92,29,821,223,True,False,18,92,True,True,True
97998,2026,MP60,3,763683,77623,77623,917,Round 3,2026-06-21,Cary Powell,909,Smugglers Notch Disc Golf Center - Fox Run,2025  Fox Blue,63,18,3,07:40:00,83,20,882,226,True,False,18,83,True,True,True
97998,2026,MPO,1,763678,91543,91543,1012,Round 1,2026-06-21,Miles Sayer,1013,Smugglers Notch Disc Golf Center - Brewster Ridge,2025  Brewster Gold ,62,18,2,11:30:00,56,-6,1054,177,True,False,18,56,True,True,True
97998,2026,MPO,1,763678,143853,143853,1009,Round 1,2026-06-21,Elijah Rider Brandt,1012,Smugglers Notch Disc Golf Center - Brewster Ridge,2025  Brewster Gold ,62,18,4,13:40:00,57,-5,1047,184,True,False,18,57,True,True,True
97998,2026,MPO,1,763678,89959,89959,1023,Round 1,2026-06-21,Ty Love,1026,Smugglers Notch Disc Golf Center - Brewster Ridge,2025  Brewster Gold ,62,18,1,14:20:00,58,-4,1040,181,True,False,18,58,True,True,True
97998,2026,MPO,1,763678,99835,99835,998,Round 1,2026-06-21,Conor Dannis,1003,Smugglers Notch Disc Golf Center - Brewster Ridge,2025  Brewster Gold ,62,18,1,13:10:00,58,-4,1040,184,True,False,18,58,True,True,True
97998,2026,MPO,1,763678,119794,119794,1030,Round 1,2026-06-21,Jonathan Borzick,1029,Smugglers Notch Disc Golf Center - Brewster Ridge,2025  Brewster Gold ,62,18,2,14:10:00,58,-4,1040,173,True,False,18,58,True,True,True
97998,2026,MPO,1,763678,35588,35588,986,Round 1,2026-06-21,Coleman E. Marcus,982,Smugglers Notch Disc Golf Center - Brewster Ridge,2025  Brewster Gold ,62,18,1,15:00:00,59,-3,1032,188,True,False,18,59,True,True,True
97998,2026,MPO,1,763678,123861,123861,983,Round 1,2026-06-21,Brian Schweinhart,978,Smugglers Notch Disc Golf Center - Brewster Ridge,2025  Brewster Gold ,62,18,1,12:40:00,59,-3,1032,205,True,False,18,59,True,True,True
97998,2026,MPO,1,763678,124607,124607,1004,Round 1,2026-06-21,Gillis MacDougall,1007,Smugglers Notch Disc Golf Center - Brewster Ridge,2025  Brewster Gold ,62,18,2,12:40:00,59,-3,1032,185,True,False,18,59,True,True,True
97998,2026,MPO,1,763678,241573,241573,996,Round 1,2026-06-21,Whit Stephenson,998,Smugglers Notch Disc Golf Center - Brewster Ridge,2025  Brewster Gold ,62,18,3,13:30:00,59,-3,1032,187,True,False,18,59,True,True,True
97998,2026,MPO,1,763678,149546,149546,1026,Round 1,2026-06-21,Jesse Longenecker,1024,Smugglers Notch Disc Golf Center - Brewster Ridge,2025  Brewster Gold ,62,18,2,14:40:00,60,-2,1025,173,True,False,18,60,True,True,True
97998,2026,MPO,1,763678,161558,161558,993,Round 1,2026-06-21,Brad Schott,994,Smugglers Notch Disc Golf Center - Brewster Ridge,2025  Brewster Gold ,62,18,3,13:40:00,60,-2,1025,190,True,False,18,60,True,True,True
97998,2026,MPO,1,763678,187533,187533,988,Round 1,2026-06-21,Duncan Farquharson,990,Smugglers Notch Disc Golf Center - Brewster Ridge,2025  Brewster Gold ,62,18,3,13:10:00,60,-2,1025,181,True,False,18,60,True,True,True
97998,2026,MPO,1,763678,50920,50920,1008,Round 1,2026-06-21,Kyle Moriarty,1017,Smugglers Notch Disc Golf Center - Brewster Ridge,2025  Brewster Gold ,62,18,1,14:00:00,61,-1,1018,178,True,False,18,61,True,True,True
97998,2026,MPO,1,763678,58644,58644,1002,Round 1,2026-06-21,Lance Brown,999,Smugglers Notch Disc Golf Center - Brewster Ridge,2025  Brewster Gold ,62,18,1,12:50:00,61,-1,1018,195,True,False,18,61,True,True,True
97998,2026,MPO,1,763678,89460,89460,1023,Round 1,2026-06-21,Wyatt Mahoney,1023,Smugglers Notch Disc Golf Center - Brewster Ridge,2025  Brewster Gold ,62,18,1,11:40:00,61,-1,1018,176,True,False,18,61,True,True,True
97998,2026,MPO,1,763678,111643,111643,1002,Round 1,2026-06-21,Finn Etter,1013,Smugglers Notch Disc Golf Center - Brewster Ridge,2025  Brewster Gold ,62,18,2,14:20:00,61,-1,1018,181,True,False,18,61,True,True,True
97998,2026,MPO,1,763678,122655,122655,1017,Round 1,2026-06-21,Dylan Capaccioli,1025,Smugglers Notch Disc Golf Center - Brewster Ridge,2025  Brewster Gold ,62,18,2,11:40:00,61,-1,1018,182,True,False,18,61,True,True,True
97998,2026,MPO,1,763678,124016,124016,1004,Round 1,2026-06-21,Hayden Carroll,1002,Smugglers Notch Disc Golf Center - Brewster Ridge,2025  Brewster Gold ,62,18,2,11:10:00,61,-1,1018,183,True,False,18,61,True,True,True
97998,2026,MPO,1,763678,128316,128316,973,Round 1,2026-06-21,Tayler Sylvain,964,Smugglers Notch Disc Golf Center - Brewster Ridge,2025  Brewster Gold ,62,18,2,13:40:00,61,-1,1018,191,True,False,18,61,True,True,True
97998,2026,MPO,1,763678,132521,132521,1033,Round 1,2026-06-21,Paul Krans,1037,Smugglers Notch Disc Golf Center - Brewster Ridge,2025  Brewster Gold ,62,18,2,13:20:00,61,-1,1018,178,True,False,18,61,True,True,True
97998,2026,MPO,1,763678,134643,134643,998,Round 1,2026-06-21,Gavin King,1004,Smugglers Notch Disc Golf Center - Brewster Ridge,2025  Brewster Gold ,62,18,3,12:40:00,61,-1,1018,185,True,False,18,61,True,True,True
97998,2026,MPO,1,763678,227759,227759,969,Round 1,2026-06-21,Bryan Shields,975,Smugglers Notch Disc Golf Center - Brewster Ridge,2025  Brewster Gold ,62,18,4,13:20:00,61,-1,1018,197,True,False,18,61,True,True,True
97998,2026,MPO,1,763678,31476,31476,984,Round 1,2026-06-21,Jason Dore,991,Smugglers Notch Disc Golf Center - Brewster Ridge,2025  Brewster Gold ,62,18,1,11:30:00,62,0,1011,,True,False,18,62,True,True,True
97998,2026,MPO,1,763678,90439,90439,1014,Round 1,2026-06-21,Lucas Oberholtzer Hess,1022,Smugglers Notch Disc Golf Center - Brewster Ridge,2025  Brewster Gold ,62,18,1,14:10:00,62,0,1011,188,True,False,18,62,True,True,True
97998,2026,MPO,1,763678,94840,94840,988,Round 1,2026-06-21,Josh Ocoin,992,Smugglers Notch Disc Golf Center - Brewster Ridge,2025  Brewster Gold ,62,18,3,14:00:00,62,0,1011,193,True,False,18,62,True,True,True
97998,2026,MPO,1,763678,129332,129332,1008,Round 1,2026-06-21,David Fleck,1008,Smugglers Notch Disc Golf Center - Brewster Ridge,2025  Brewster Gold ,62,18,2,12:20:00,62,0,1011,183,True,False,18,62,True,True,True
97998,2026,MPO,1,763678,144282,144282,973,Round 1,2026-06-21,Dan Laviolette,1001,Smugglers Notch Disc Golf Center - Brewster Ridge,2025  Brewster Gold ,62,18,2,11:20:00,62,0,1011,188,True,False,18,62,True,True,True
97998,2026,MPO,1,763678,180664,180664,980,Round 1,2026-06-21,Carson Deeds,973,Smugglers Notch Disc Golf Center - Brewster Ridge,2025  Brewster Gold ,62,18,3,14:50:00,62,0,1011,197,True,False,18,62,True,True,True
97998,2026,MPO,1,763678,193452,193452,981,Round 1,2026-06-21,Danny Hamilton,971,Smugglers Notch Disc Golf Center - Brewster Ridge,2025  Brewster Gold ,62,18,3,11:50:00,62,0,1011,204,True,False,18,62,True,True,True
97998,2026,MPO,1,763678,51685,51685,997,Round 1,2026-06-21,Randon Latta,1005,Smugglers Notch Disc Golf Center - Brewster Ridge,2025  Brewster Gold ,62,18,1,14:30:00,63,1,1004,184,True,False,18,63,True,True,True
97998,2026,MPO,1,763678,86338,86338,977,Round 1,2026-06-21,Tyler Blanchet,973,Smugglers Notch Disc Golf Center - Brewster Ridge,2025  Brewster Gold ,62,18,1,13:00:00,63,1,1004,207,True,False,18,63,True,True,True
97998,2026,MPO,1,763678,98161,98161,994,Round 1,2026-06-21,Justin Rosak,996,Smugglers Notch Disc Golf Center - Brewster Ridge,2025  Brewster Gold ,62,18,1,13:20:00,63,1,1004,199,True,False,18,63,True,True,True
97998,2026,MPO,1,763678,126814,126814,984,Round 1,2026-06-21,Logan Burrow,991,Smugglers Notch Disc Golf Center - Brewster Ridge,2025  Brewster Gold ,62,18,2,15:00:00,63,1,1004,195,True,False,18,63,True,True,True
97998,2026,MPO,1,763678,163829,163829,983,Round 1,2026-06-21,Reuben Hagen,982,Smugglers Notch Disc Golf Center - Brewster Ridge,2025  Brewster Gold ,62,18,4,12:40:00,63,1,1004,198,True,False,18,63,True,True,True
97998,2026,MPO,1,763678,235458,235458,999,Round 1,2026-06-21,Amos Kauder,1005,Smugglers Notch Disc Golf Center - Brewster Ridge,2025  Brewster Gold ,62,18,4,14:10:00,63,1,1004,181,True,False,18,63,True,True,True
97998,2026,MPO,1,763678,68908,68908,981,Round 1,2026-06-21,Jaimen Hume,980,Smugglers Notch Disc Golf Center - Brewster Ridge,2025  Brewster Gold ,62,18,2,12:50:00,64,2,997,191,True,False,18,64,True,True,True
97998,2026,MPO,1,763678,85970,85970,965,Round 1,2026-06-21,Ben Drogue,966,Smugglers Notch Disc Golf Center - Brewster Ridge,2025  Brewster Gold ,62,18,1,13:40:00,64,2,997,206,True,False,18,64,True,True,True
97998,2026,MPO,1,763678,98364,98364,983,Round 1,2026-06-21,Keith Sykes,985,Smugglers Notch Disc Golf Center - Brewster Ridge,2025  Brewster Gold ,62,18,2,11:50:00,64,2,997,199,True,False,18,64,True,True,True
97998,2026,MPO,1,763678,114145,114145,979,Round 1,2026-06-21,Antonio Albert,979,Smugglers Notch Disc Golf Center - Brewster Ridge,2025  Brewster Gold ,62,18,3,11:30:00,64,2,997,195,True,False,18,64,True,True,True
97998,2026,MPO,1,763678,145202,145202,993,Round 1,2026-06-21,Owen Rice,999,Smugglers Notch Disc Golf Center - Brewster Ridge,2025  Brewster Gold ,62,18,3,13:00:00,64,2,997,188,True,False,18,64,True,True,True
97998,2026,MPO,1,763678,147445,147445,971,Round 1,2026-06-21,Corey Martin,983,Smugglers Notch Disc Golf Center - Brewster Ridge,2025  Brewster Gold ,62,18,3,12:10:00,64,2,997,193,True,False,18,64,True,True,True
97998,2026,MPO,1,763678,233244,233244,981,Round 1,2026-06-21,Jack Fruchter,986,Smugglers Notch Disc Golf Center - Brewster Ridge,2025  Brewster Gold ,62,18,4,11:20:00,64,2,997,199,True,False,18,64,True,True,True
97998,2026,MPO,1,763678,47930,47930,986,Round 1,2026-06-21,Nicholas Economos,988,Smugglers Notch Disc Golf Center - Brewster Ridge,2025  Brewster Gold ,62,18,1,11:20:00,65,3,990,199,True,False,18,65,True,True,True
97998,2026,MPO,1,763678,77274,77274,983,Round 1,2026-06-21,tom shanley,984,Smugglers Notch Disc Golf Center - Brewster Ridge,2025  Brewster Gold ,62,18,1,14:40:00,65,3,990,187,True,False,18,65,True,True,True
97998,2026,MPO,1,763678,82998,82998,974,Round 1,2026-06-21,Robert Veliky,971,Smugglers Notch Disc Golf Center - Brewster Ridge,2025  Brewster Gold ,62,18,3,14:30:00,65,3,990,203,True,False,18,65,True,True,True
97998,2026,MPO,1,763678,86844,86844,1003,Round 1,2026-06-21,Jared Hill,1018,Smugglers Notch Disc Golf Center - Brewster Ridge,2025  Brewster Gold ,62,18,2,14:00:00,65,3,990,183,True,False,18,65,True,True,True
97998,2026,MPO,1,763678,132702,132702,974,Round 1,2026-06-21,Egin Tollkuci,979,Smugglers Notch Disc Golf Center - Brewster Ridge,2025  Brewster Gold ,62,18,1,12:20:00,65,3,990,197,True,False,18,65,True,True,True
97998,2026,MPO,1,763678,140098,140098,969,Round 1,2026-06-21,Angus Barstow,980,Smugglers Notch Disc Golf Center - Brewster Ridge,2025  Brewster Gold ,62,18,2,13:10:00,65,3,990,193,True,False,18,65,True,True,True
97998,2026,MPO,1,763678,148801,148801,970,Round 1,2026-06-21,Tucker Kozloski,982,Smugglers Notch Disc Golf Center - Brewster Ridge,2025  Brewster Gold ,62,18,4,13:00:00,65,3,990,201,True,False,18,65,True,True,True
97998,2026,MPO,1,763678,157289,157289,977,Round 1,2026-06-21,Alden Slack,975,Smugglers Notch Disc Golf Center - Brewster Ridge,2025  Brewster Gold ,62,18,3,13:50:00,65,3,990,201,True,False,18,65,True,True,True
97998,2026,MPO,1,763678,193310,193310,1002,Round 1,2026-06-21,RJ Chirkis,1004,Smugglers Notch Disc Golf Center - Brewster Ridge,2025  Brewster Gold ,62,18,4,13:10:00,65,3,990,192,True,False,18,65,True,True,True
97998,2026,MPO,1,763678,251218,251218,981,Round 1,2026-06-21,Aidan Bailey,992,Smugglers Notch Disc Golf Center - Brewster Ridge,2025  Brewster Gold ,62,18,2,12:00:00,65,3,990,192,True,False,18,65,True,True,True
97998,2026,MPO,1,763678,268529,268529,992,Round 1,2026-06-21,James Cairn,1006,Smugglers Notch Disc Golf Center - Brewster Ridge,2025  Brewster Gold ,62,18,4,11:10:00,65,3,990,188,True,False,18,65,True,True,True
97998,2026,MPO,1,763678,270334,270334,963,Round 1,2026-06-21,Mark Liston,976,Smugglers Notch Disc Golf Center - Brewster Ridge,2025  Brewster Gold ,62,18,4,14:40:00,65,3,990,211,True,False,18,65,True,True,True
97998,2026,MPO,1,763678,83848,83848,1002,Round 1,2026-06-21,Landon Brooks,1010,Smugglers Notch Disc Golf Center - Brewster Ridge,2025  Brewster Gold ,62,18,1,11:10:00,66,4,983,183,True,False,18,66,True,True,True
97998,2026,MPO,1,763678,84923,84923,989,Round 1,2026-06-21,Ryan Begley,976,Smugglers Notch Disc Golf Center - Brewster Ridge,2025  Brewster Gold ,62,18,1,12:10:00,66,4,983,211,True,False,18,66,True,True,True
97998,2026,MPO,1,763678,124203,124203,947,Round 1,2026-06-21,Ezra Koch,954,Smugglers Notch Disc Golf Center - Brewster Ridge,2025  Brewster Gold ,62,18,3,13:20:00,66,4,983,218,True,False,18,66,True,True,True
97998,2026,MPO,1,763678,166444,166444,990,Round 1,2026-06-21,Ethan Hadders,1002,Smugglers Notch Disc Golf Center - Brewster Ridge,2025  Brewster Gold ,62,18,3,12:30:00,66,4,983,188,True,False,18,66,True,True,True
97998,2026,MPO,1,763678,196197,196197,942,Round 1,2026-06-21,Tyler Fowler,945,Smugglers Notch Disc Golf Center - Brewster Ridge,2025  Brewster Gold ,62,18,4,14:50:00,66,4,983,209,True,False,18,66,True,True,True
97998,2026,MPO,1,763678,207239,207239,969,Round 1,2026-06-21,David Xenakis,961,Smugglers Notch Disc Golf Center - Brewster Ridge,2025  Brewster Gold ,62,18,4,12:20:00,66,4,983,222,True,False,18,66,True,True,True
97998,2026,MPO,1,763678,221020,221020,965,Round 1,2026-06-21,Andrew Hill,975,Smugglers Notch Disc Golf Center - Brewster Ridge,2025  Brewster Gold ,62,18,3,15:00:00,66,4,983,208,True,False,18,66,True,True,True
97998,2026,MPO,1,763678,120368,120368,981,Round 1,2026-06-21,Joseph Wegman,982,Smugglers Notch Disc Golf Center - Brewster Ridge,2025  Brewster Gold ,62,18,1,13:50:00,67,5,976,202,True,False,18,67,True,True,True
97998,2026,MPO,1,763678,131201,131201,969,Round 1,2026-06-21,Tyler LaPerle,973,Smugglers Notch Disc Golf Center - Brewster Ridge,2025  Brewster Gold ,62,18,4,11:40:00,67,5,976,215,True,False,18,67,True,True,True
97998,2026,MPO,1,763678,159298,159298,971,Round 1,2026-06-21,Stephen Bourget,985,Smugglers Notch Disc Golf Center - Brewster Ridge,2025  Brewster Gold ,62,18,4,12:50:00,67,5,976,197,True,False,18,67,True,True,True
97998,2026,MPO,1,763678,203954,203954,977,Round 1,2026-06-21,Issiac Christiansen,978,Smugglers Notch Disc Golf Center - Brewster Ridge,2025  Brewster Gold ,62,18,4,11:30:00,67,5,976,,True,False,18,67,True,True,True
97998,2026,MPO,1,763678,204892,204892,968,Round 1,2026-06-21,Tiernan Roland,973,Smugglers Notch Disc Golf Center - Brewster Ridge,2025  Brewster Gold ,62,18,4,13:30:00,67,5,976,203,True,False,18,67,True,True,True
97998,2026,MPO,1,763678,59612,59612,976,Round 1,2026-06-21,Matt Kobel,982,Smugglers Notch Disc Golf Center - Brewster Ridge,2025  Brewster Gold ,62,18,1,14:50:00,68,6,969,202,True,False,18,68,True,True,True
97998,2026,MPO,1,763678,138103,138103,1008,Round 1,2026-06-21,Matthew Alexander,1007,Smugglers Notch Disc Golf Center - Brewster Ridge,2025  Brewster Gold ,62,18,4,15:00:00,68,6,969,191,True,False,18,68,True,True,True
97998,2026,MPO,1,763678,153146,153146,1001,Round 1,2026-06-21,Zachary Tesone,1000,Smugglers Notch Disc Golf Center - Brewster Ridge,2025  Brewster Gold ,62,18,3,11:20:00,68,6,969,198,True,False,18,68,True,True,True
97998,2026,MPO,1,763678,168321,168321,985,Round 1,2026-06-21,Kyle Hirsch,992,Smugglers Notch Disc Golf Center - Brewster Ridge,2025  Brewster Gold ,62,18,2,12:30:00,68,6,969,205,True,False,18,68,True,True,True
97998,2026,MPO,1,763678,169393,169393,986,Round 1,2026-06-21,Aidan Trombley,977,Smugglers Notch Disc Golf Center - Brewster Ridge,2025  Brewster Gold ,62,18,3,12:20:00,68,6,969,207,True,False,18,68,True,True,True
97998,2026,MPO,1,763678,171355,171355,971,Round 1,2026-06-21,Jacob Theriault,978,Smugglers Notch Disc Golf Center - Brewster Ridge,2025  Brewster Gold ,62,18,2,13:30:00,68,6,969,200,True,False,18,68,True,True,True
97998,2026,MPO,1,763678,173501,173501,976,Round 1,2026-06-21,Justin Fereshetian,977,Smugglers Notch Disc Golf Center - Brewster Ridge,2025  Brewster Gold ,62,18,4,12:10:00,68,6,969,203,True,False,18,68,True,True,True
97998,2026,MPO,1,763678,174519,174519,983,Round 1,2026-06-21,Colby Schefers,985,Smugglers Notch Disc Golf Center - Brewster Ridge,2025  Brewster Gold ,62,18,4,12:30:00,68,6,969,189,True,False,18,68,True,True,True
97998,2026,MPO,1,763678,69968,69968,984,Round 1,2026-06-21,Samuel Streeter,977,Smugglers Notch Disc Golf Center - Brewster Ridge,2025  Brewster Gold ,62,18,2,14:30:00,69,7,962,203,True,False,18,69,True,True,True
97998,2026,MPO,1,763678,130874,130874,946,Round 1,2026-06-21,Chris Rydel,942,Smugglers Notch Disc Golf Center - Brewster Ridge,2025  Brewster Gold ,62,18,1,13:30:00,69,7,962,217,True,False,18,69,True,True,True
97998,2026,MPO,1,763678,143783,143783,962,Round 1,2026-06-21,Sam Brown,956,Smugglers Notch Disc Golf Center - Brewster Ridge,2025  Brewster Gold ,62,18,4,12:00:00,69,7,962,216,True,False,18,69,True,True,True
97998,2026,MPO,1,763678,215612,215612,991,Round 1,2026-06-21,Stephen Durning,992,Smugglers Notch Disc Golf Center - Brewster Ridge,2025  Brewster Gold ,62,18,4,13:50:00,69,7,962,197,True,False,18,69,True,True,True
97998,2026,MPO,1,763678,247239,247239,978,Round 1,2026-06-21,Jonathan Sawin,975,Smugglers Notch Disc Golf Center - Brewster Ridge,2025  Brewster Gold ,62,18,4,11:50:00,69,7,962,202,True,False,18,69,True,True,True
97998,2026,MPO,1,763678,77356,77356,959,Round 1,2026-06-21,Kurt Niebanck,949,Smugglers Notch Disc Golf Center - Brewster Ridge,2025  Brewster Gold ,62,18,1,11:50:00,70,8,955,223,True,False,18,70,True,True,True
97998,2026,MPO,1,763678,103402,103402,977,Round 1,2026-06-21,Alex Vigeant,972,Smugglers Notch Disc Golf Center - Brewster Ridge,2025  Brewster Gold ,62,18,2,13:00:00,70,8,955,201,True,False,18,70,True,True,True
97998,2026,MPO,1,763678,130868,130868,979,Round 1,2026-06-21,Remington Gaetjens,982,Smugglers Notch Disc Golf Center - Brewster Ridge,2025  Brewster Gold ,62,18,4,14:30:00,70,8,955,198,True,False,18,70,True,True,True
97998,2026,MPO,1,763678,142744,142744,963,Round 1,2026-06-21,Abel German,974,Smugglers Notch Disc Golf Center - Brewster Ridge,2025  Brewster Gold ,62,18,3,14:40:00,70,8,955,201,True,False,18,70,True,True,True
97998,2026,MPO,1,763678,168853,168853,985,Round 1,2026-06-21,Daniel Bailey,978,Smugglers Notch Disc Golf Center - Brewster Ridge,2025  Brewster Gold ,62,18,3,14:10:00,71,9,948,206,True,False,18,71,True,True,True
97998,2026,MPO,1,763678,212529,212529,955,Round 1,2026-06-21,Mathew Darby,958,Smugglers Notch Disc Golf Center - Brewster Ridge,2025  Brewster Gold ,62,18,4,14:20:00,72,10,941,211,True,False,18,72,True,True,True
97998,2026,MPO,1,763678,198992,198992,947,Round 1,2026-06-21,Nick Marcus,951,Smugglers Notch Disc Golf Center - Brewster Ridge,2025  Brewster Gold ,62,18,3,11:40:00,73,11,934,220,True,False,18,73,True,True,True
97998,2026,MPO,1,763678,266356,266356,950,Round 1,2026-06-21,Seamus “Mouse” Collins,945,Smugglers Notch Disc Golf Center - Brewster Ridge,2025  Brewster Gold ,62,18,3,11:10:00,73,11,934,220,True,False,18,73,True,True,True
97998,2026,MPO,1,763678,101029,101029,923,Round 1,2026-06-21,Daniel Zaleski,920,Smugglers Notch Disc Golf Center - Brewster Ridge,2025  Brewster Gold ,62,18,1,12:00:00,74,12,927,226,True,False,18,74,True,True,True
97998,2026,MPO,1,763678,168353,168353,944,Round 1,2026-06-21,Aaron Albert,943,Smugglers Notch Disc Golf Center - Brewster Ridge,2025  Brewster Gold ,62,18,2,14:50:00,74,12,927,215,True,False,18,74,True,True,True
97998,2026,MPO,1,763678,178379,178379,976,Round 1,2026-06-21,Tyler Tiede,980,Smugglers Notch Disc Golf Center - Brewster Ridge,2025  Brewster Gold ,62,18,3,14:20:00,74,12,927,208,True,False,18,74,True,True,True
97998,2026,MPO,1,763678,142155,142155,954,Round 1,2026-06-21,Thomas Robinson,951,Smugglers Notch Disc Golf Center - Brewster Ridge,2025  Brewster Gold ,62,18,2,12:10:00,75,13,920,212,True,False,18,75,True,True,True
97998,2026,MPO,1,763678,156116,156116,966,Round 1,2026-06-21,Bo Li,960,Smugglers Notch Disc Golf Center - Brewster Ridge,2025  Brewster Gold ,62,18,3,12:50:00,75,13,920,215,True,False,18,75,True,True,True
97998,2026,MPO,1,763678,166828,166828,899,Round 1,2026-06-21,Eiríkur Örn Brynjarsson,906,Smugglers Notch Disc Golf Center - Brewster Ridge,2025  Brewster Gold ,62,18,1,12:30:00,76,14,913,226,True,False,18,76,True,True,True
97998,2026,MPO,1,763678,125209,125209,964,Round 1,2026-06-21,Mason Sailer,961,Smugglers Notch Disc Golf Center - Brewster Ridge,2025  Brewster Gold ,62,18,2,13:50:00,77,15,906,,True,False,18,77,True,True,True
97998,2026,MPO,1,763678,215058,215058,971,Round 1,2026-06-21,Justin Mucelli,973,Smugglers Notch Disc Golf Center - Brewster Ridge,2025  Brewster Gold ,62,18,3,12:00:00,80,18,884,227,True,False,18,80,True,True,True
97998,2026,MPO,1,763678,95343,95343,954,Round 1,2026-06-21,Dylan Adjutant,962,Smugglers Notch Disc Golf Center - Brewster Ridge,2025  Brewster Gold ,62,18,4,14:00:00,83,21,863,229,True,False,18,83,True,True,True
97998,2026,MPO,2,763678,91543,91543,1012,Round 2,2026-06-21,Miles Sayer,1013,Smugglers Notch Disc Golf Center - Brewster Ridge,2025  Brewster Gold ,62,18,1,15:00:00,58,-4,1040,177,True,False,18,58,True,True,True
97998,2026,MPO,2,763678,119794,119794,1030,Round 2,2026-06-21,Jonathan Borzick,1029,Smugglers Notch Disc Golf Center - Brewster Ridge,2025  Brewster Gold ,62,18,1,14:50:00,57,-5,1047,173,True,False,18,57,True,True,True
97998,2026,MPO,2,763678,132521,132521,1033,Round 2,2026-06-21,Paul Krans,1037,Smugglers Notch Disc Golf Center - Brewster Ridge,2025  Brewster Gold ,62,18,4,14:20:00,56,-6,1054,178,True,False,18,56,True,True,True
97998,2026,MPO,2,763678,149546,149546,1026,Round 2,2026-06-21,Jesse Longenecker,1024,Smugglers Notch Disc Golf Center - Brewster Ridge,2025  Brewster Gold ,62,18,2,14:40:00,57,-5,1047,173,True,False,18,57,True,True,True
97998,2026,MPO,2,763678,51685,51685,997,Round 2,2026-06-21,Randon Latta,1005,Smugglers Notch Disc Golf Center - Brewster Ridge,2025  Brewster Gold ,62,18,2,13:50:00,55,-7,1061,184,True,False,18,55,True,True,True
97998,2026,MPO,2,763678,111643,111643,1002,Round 2,2026-06-21,Finn Etter,1013,Smugglers Notch Disc Golf Center - Brewster Ridge,2025  Brewster Gold ,62,18,4,14:30:00,57,-5,1047,181,True,False,18,57,True,True,True
97998,2026,MPO,2,763678,187533,187533,988,Round 2,2026-06-21,Duncan Farquharson,990,Smugglers Notch Disc Golf Center - Brewster Ridge,2025  Brewster Gold ,62,18,4,14:40:00,60,-2,1025,181,True,False,18,60,True,True,True
97998,2026,MPO,2,763678,144282,144282,973,Round 2,2026-06-21,Dan Laviolette,1001,Smugglers Notch Disc Golf Center - Brewster Ridge,2025  Brewster Gold ,62,18,3,14:00:00,59,-3,1032,188,True,False,18,59,True,True,True
97998,2026,MPO,2,763678,50920,50920,1008,Round 2,2026-06-21,Kyle Moriarty,1017,Smugglers Notch Disc Golf Center - Brewster Ridge,2025  Brewster Gold ,62,18,1,14:30:00,60,-2,1025,178,True,False,18,60,True,True,True
97998,2026,MPO,2,763678,89460,89460,1023,Round 2,2026-06-21,Wyatt Mahoney,1023,Smugglers Notch Disc Golf Center - Brewster Ridge,2025  Brewster Gold ,62,18,3,14:30:00,60,-2,1025,176,True,False,18,60,True,True,True
97998,2026,MPO,2,763678,124016,124016,1004,Round 2,2026-06-21,Hayden Carroll,1002,Smugglers Notch Disc Golf Center - Brewster Ridge,2025  Brewster Gold ,62,18,2,14:20:00,60,-2,1025,183,True,False,18,60,True,True,True
97998,2026,MPO,2,763678,235458,235458,999,Round 2,2026-06-21,Amos Kauder,1005,Smugglers Notch Disc Golf Center - Brewster Ridge,2025  Brewster Gold ,62,18,3,13:40:00,59,-3,1032,181,True,False,18,59,True,True,True
97998,2026,MPO,2,763678,241573,241573,996,Round 2,2026-06-21,Whit Stephenson,998,Smugglers Notch Disc Golf Center - Brewster Ridge,2025  Brewster Gold ,62,18,1,14:40:00,63,1,1004,187,True,False,18,63,True,True,True
97998,2026,MPO,2,763678,99835,99835,998,Round 2,2026-06-21,Conor Dannis,1003,Smugglers Notch Disc Golf Center - Brewster Ridge,2025  Brewster Gold ,62,18,4,15:00:00,64,2,997,184,True,False,18,64,True,True,True
97998,2026,MPO,2,763678,145202,145202,993,Round 2,2026-06-21,Owen Rice,999,Smugglers Notch Disc Golf Center - Brewster Ridge,2025  Brewster Gold ,62,18,4,13:30:00,59,-3,1032,188,True,False,18,59,True,True,True
97998,2026,MPO,2,763678,90439,90439,1014,Round 2,2026-06-21,Lucas Oberholtzer Hess,1022,Smugglers Notch Disc Golf Center - Brewster Ridge,2025  Brewster Gold ,62,18,4,14:10:00,61,-1,1018,188,True,False,18,61,True,True,True
97998,2026,MPO,2,763678,122655,122655,1017,Round 2,2026-06-21,Dylan Capaccioli,1025,Smugglers Notch Disc Golf Center - Brewster Ridge,2025  Brewster Gold ,62,18,1,14:20:00,62,0,1011,182,True,False,18,62,True,True,True
97998,2026,MPO,2,763678,143853,143853,1009,Round 2,2026-06-21,Elijah Rider Brandt,1012,Smugglers Notch Disc Golf Center - Brewster Ridge,2025  Brewster Gold ,62,18,2,15:00:00,66,4,983,184,True,False,18,66,True,True,True
97998,2026,MPO,2,763678,129332,129332,1008,Round 2,2026-06-21,David Fleck,1008,Smugglers Notch Disc Golf Center - Brewster Ridge,2025  Brewster Gold ,62,18,2,14:00:00,62,0,1011,183,True,False,18,62,True,True,True
97998,2026,MPO,2,763678,134643,134643,998,Round 2,2026-06-21,Gavin King,1004,Smugglers Notch Disc Golf Center - Brewster Ridge,2025  Brewster Gold ,62,18,1,14:10:00,63,1,1004,185,True,False,18,63,True,True,True
97998,2026,MPO,2,763678,124607,124607,1004,Round 2,2026-06-21,Gillis MacDougall,1007,Smugglers Notch Disc Golf Center - Brewster Ridge,2025  Brewster Gold ,62,18,4,14:50:00,65,3,990,185,True,False,18,65,True,True,True
97998,2026,MPO,2,763678,89959,89959,1023,Round 2,2026-06-21,Ty Love,1026,Smugglers Notch Disc Golf Center - Brewster Ridge,2025  Brewster Gold ,62,18,3,15:00:00,66,4,983,181,True,False,18,66,True,True,True
97998,2026,MPO,2,763678,83848,83848,1002,Round 2,2026-06-21,Landon Brooks,1010,Smugglers Notch Disc Golf Center - Brewster Ridge,2025  Brewster Gold ,62,18,3,12:50:00,59,-3,1032,183,True,False,18,59,True,True,True
97998,2026,MPO,2,763678,166444,166444,990,Round 2,2026-06-21,Ethan Hadders,1002,Smugglers Notch Disc Golf Center - Brewster Ridge,2025  Brewster Gold ,62,18,2,12:40:00,59,-3,1032,188,True,False,18,59,True,True,True
97998,2026,MPO,2,763678,77274,77274,983,Round 2,2026-06-21,tom shanley,984,Smugglers Notch Disc Golf Center - Brewster Ridge,2025  Brewster Gold ,62,18,4,13:20:00,60,-2,1025,187,True,False,18,60,True,True,True
97998,2026,MPO,2,763678,94840,94840,988,Round 2,2026-06-21,Josh Ocoin,992,Smugglers Notch Disc Golf Center - Brewster Ridge,2025  Brewster Gold ,62,18,1,14:00:00,63,1,1004,193,True,False,18,63,True,True,True
97998,2026,MPO,2,763678,161558,161558,993,Round 2,2026-06-21,Brad Schott,994,Smugglers Notch Disc Golf Center - Brewster Ridge,2025  Brewster Gold ,62,18,3,14:40:00,65,3,990,190,True,False,18,65,True,True,True
97998,2026,MPO,2,763678,35588,35588,986,Round 2,2026-06-21,Coleman E. Marcus,982,Smugglers Notch Disc Golf Center - Brewster Ridge,2025  Brewster Gold ,62,18,2,14:50:00,66,4,983,188,True,False,18,66,True,True,True
97998,2026,MPO,2,763678,86844,86844,1003,Round 2,2026-06-21,Jared Hill,1018,Smugglers Notch Disc Golf Center - Brewster Ridge,2025  Brewster Gold ,62,18,2,13:10:00,61,-1,1018,183,True,False,18,61,True,True,True
97998,2026,MPO,2,763678,227759,227759,969,Round 2,2026-06-21,Bryan Shields,975,Smugglers Notch Disc Golf Center - Brewster Ridge,2025  Brewster Gold ,62,18,2,14:10:00,65,3,990,197,True,False,18,65,True,True,True
97998,2026,MPO,2,763678,174519,174519,983,Round 2,2026-06-21,Colby Schefers,985,Smugglers Notch Disc Golf Center - Brewster Ridge,2025  Brewster Gold ,62,18,2,12:00:00,59,-3,1032,189,True,False,18,59,True,True,True
97998,2026,MPO,2,763678,163829,163829,983,Round 2,2026-06-21,Reuben Hagen,982,Smugglers Notch Disc Golf Center - Brewster Ridge,2025  Brewster Gold ,62,18,2,13:40:00,64,2,997,198,True,False,18,64,True,True,True
97998,2026,MPO,2,763678,31476,31476,984,Round 2,2026-06-21,Jason Dore,991,Smugglers Notch Disc Golf Center - Brewster Ridge,2025  Brewster Gold ,62,18,3,14:10:00,65,3,990,,True,False,18,65,True,True,True
97998,2026,MPO,2,763678,180664,180664,980,Round 2,2026-06-21,Carson Deeds,973,Smugglers Notch Disc Golf Center - Brewster Ridge,2025  Brewster Gold ,62,18,4,14:00:00,65,3,990,197,True,False,18,65,True,True,True
97998,2026,MPO,2,763678,193310,193310,1002,Round 2,2026-06-21,RJ Chirkis,1004,Smugglers Notch Disc Golf Center - Brewster Ridge,2025  Brewster Gold ,62,18,3,13:00:00,63,1,1004,192,True,False,18,63,True,True,True
97998,2026,MPO,2,763678,68908,68908,981,Round 2,2026-06-21,Jaimen Hume,980,Smugglers Notch Disc Golf Center - Brewster Ridge,2025  Brewster Gold ,62,18,4,13:40:00,64,2,997,191,True,False,18,64,True,True,True
97998,2026,MPO,2,763678,132702,132702,974,Round 2,2026-06-21,Egin Tollkuci,979,Smugglers Notch Disc Golf Center - Brewster Ridge,2025  Brewster Gold ,62,18,3,13:10:00,64,2,997,197,True,False,18,64,True,True,True
97998,2026,MPO,2,763678,268529,268529,992,Round 2,2026-06-21,James Cairn,1006,Smugglers Notch Disc Golf Center - Brewster Ridge,2025  Brewster Gold ,62,18,1,12:50:00,64,2,997,188,True,False,18,64,True,True,True
97998,2026,MPO,2,763678,147445,147445,971,Round 2,2026-06-21,Corey Martin,983,Smugglers Notch Disc Golf Center - Brewster Ridge,2025  Brewster Gold ,62,18,1,13:20:00,65,3,990,193,True,False,18,65,True,True,True
97998,2026,MPO,2,763678,233244,233244,981,Round 2,2026-06-21,Jack Fruchter,986,Smugglers Notch Disc Golf Center - Brewster Ridge,2025  Brewster Gold ,62,18,2,13:20:00,65,3,990,199,True,False,18,65,True,True,True
97998,2026,MPO,2,763678,128316,128316,973,Round 2,2026-06-21,Tayler Sylvain,964,Smugglers Notch Disc Golf Center - Brewster Ridge,2025  Brewster Gold ,62,18,3,14:20:00,68,6,969,191,True,False,18,68,True,True,True
97998,2026,MPO,2,763678,69968,69968,984,Round 2,2026-06-21,Samuel Streeter,977,Smugglers Notch Disc Golf Center - Brewster Ridge,2025  Brewster Gold ,62,18,3,12:00:00,61,-1,1018,203,True,False,18,61,True,True,True
97998,2026,MPO,2,763678,120368,120368,981,Round 2,2026-06-21,Joseph Wegman,982,Smugglers Notch Disc Golf Center - Brewster Ridge,2025  Brewster Gold ,62,18,2,12:30:00,63,1,1004,202,True,False,18,63,True,True,True
97998,2026,MPO,2,763678,251218,251218,981,Round 2,2026-06-21,Aidan Bailey,992,Smugglers Notch Disc Golf Center - Brewster Ridge,2025  Brewster Gold ,62,18,4,13:00:00,65,3,990,192,True,False,18,65,True,True,True
97998,2026,MPO,2,763678,114145,114145,979,Round 2,2026-06-21,Antonio Albert,979,Smugglers Notch Disc Golf Center - Brewster Ridge,2025  Brewster Gold ,62,18,3,13:30:00,66,4,983,195,True,False,18,66,True,True,True
97998,2026,MPO,2,763678,123861,123861,983,Round 2,2026-06-21,Brian Schweinhart,978,Smugglers Notch Disc Golf Center - Brewster Ridge,2025  Brewster Gold ,62,18,3,14:50:00,71,9,948,205,True,False,18,71,True,True,True
97998,2026,MPO,2,763678,130868,130868,979,Round 2,2026-06-21,Remington Gaetjens,982,Smugglers Notch Disc Golf Center - Brewster Ridge,2025  Brewster Gold ,62,18,2,11:40:00,61,-1,1018,198,True,False,18,61,True,True,True
97998,2026,MPO,2,763678,159298,159298,971,Round 2,2026-06-21,Stephen Bourget,985,Smugglers Notch Disc Golf Center - Brewster Ridge,2025  Brewster Gold ,62,18,4,12:30:00,64,2,997,197,True,False,18,64,True,True,True
97998,2026,MPO,2,763678,47930,47930,986,Round 2,2026-06-21,Nicholas Economos,988,Smugglers Notch Disc Golf Center - Brewster Ridge,2025  Brewster Gold ,62,18,3,13:20:00,66,4,983,199,True,False,18,66,True,True,True
97998,2026,MPO,2,763678,140098,140098,969,Round 2,2026-06-21,Angus Barstow,980,Smugglers Notch Disc Golf Center - Brewster Ridge,2025  Brewster Gold ,62,18,4,13:10:00,66,4,983,193,True,False,18,66,True,True,True
97998,2026,MPO,2,763678,148801,148801,970,Round 2,2026-06-21,Tucker Kozloski,982,Smugglers Notch Disc Golf Center - Brewster Ridge,2025  Brewster Gold ,62,18,1,13:00:00,66,4,983,201,True,False,18,66,True,True,True
97998,2026,MPO,2,763678,82998,82998,974,Round 2,2026-06-21,Robert Veliky,971,Smugglers Notch Disc Golf Center - Brewster Ridge,2025  Brewster Gold ,62,18,1,13:10:00,67,5,976,203,True,False,18,67,True,True,True
97998,2026,MPO,2,763678,98364,98364,983,Round 2,2026-06-21,Keith Sykes,985,Smugglers Notch Disc Golf Center - Brewster Ridge,2025  Brewster Gold ,62,18,2,13:30:00,68,6,969,199,True,False,18,68,True,True,True
97998,2026,MPO,2,763678,126814,126814,984,Round 2,2026-06-21,Logan Burrow,991,Smugglers Notch Disc Golf Center - Brewster Ridge,2025  Brewster Gold ,62,18,1,13:40:00,69,7,962,195,True,False,18,69,True,True,True
97998,2026,MPO,2,763678,58644,58644,1002,Round 2,2026-06-21,Lance Brown,999,Smugglers Notch Disc Golf Center - Brewster Ridge,2025  Brewster Gold ,62,18,2,14:30:00,71,9,948,195,True,False,18,71,True,True,True
97998,2026,MPO,2,763678,215612,215612,991,Round 2,2026-06-21,Stephen Durning,992,Smugglers Notch Disc Golf Center - Brewster Ridge,2025  Brewster Gold ,62,18,2,11:50:00,64,2,997,197,True,False,18,64,True,True,True
97998,2026,MPO,2,763678,138103,138103,1008,Round 2,2026-06-21,Matthew Alexander,1007,Smugglers Notch Disc Golf Center - Brewster Ridge,2025  Brewster Gold ,62,18,3,12:20:00,65,3,990,191,True,False,18,65,True,True,True
97998,2026,MPO,2,763678,168321,168321,985,Round 2,2026-06-21,Kyle Hirsch,992,Smugglers Notch Disc Golf Center - Brewster Ridge,2025  Brewster Gold ,62,18,2,12:10:00,65,3,990,205,True,False,18,65,True,True,True
97998,2026,MPO,2,763678,84923,84923,989,Round 2,2026-06-21,Ryan Begley,976,Smugglers Notch Disc Golf Center - Brewster Ridge,2025  Brewster Gold ,62,18,4,12:50:00,67,5,976,211,True,False,18,67,True,True,True
97998,2026,MPO,2,763678,204892,204892,968,Round 2,2026-06-21,Tiernan Roland,973,Smugglers Notch Disc Golf Center - Brewster Ridge,2025  Brewster Gold ,62,18,1,12:20:00,67,5,976,203,True,False,18,67,True,True,True
97998,2026,MPO,2,763678,221020,221020,965,Round 2,2026-06-21,Andrew Hill,975,Smugglers Notch Disc Golf Center - Brewster Ridge,2025  Brewster Gold ,62,18,1,12:30:00,68,6,969,208,True,False,18,68,True,True,True
97998,2026,MPO,2,763678,98161,98161,994,Round 2,2026-06-21,Justin Rosak,996,Smugglers Notch Disc Golf Center - Brewster Ridge,2025  Brewster Gold ,62,18,4,13:50:00,71,9,948,199,True,False,18,71,True,True,True
97998,2026,MPO,2,763678,103402,103402,977,Round 2,2026-06-21,Alex Vigeant,972,Smugglers Notch Disc Golf Center - Brewster Ridge,2025  Brewster Gold ,62,18,1,11:40:00,65,3,990,201,True,False,18,65,True,True,True
97998,2026,MPO,2,763678,171355,171355,971,Round 2,2026-06-21,Jacob Theriault,978,Smugglers Notch Disc Golf Center - Brewster Ridge,2025  Brewster Gold ,62,18,4,12:10:00,67,5,976,200,True,False,18,67,True,True,True
97998,2026,MPO,2,763678,173501,173501,976,Round 2,2026-06-21,Justin Fereshetian,977,Smugglers Notch Disc Golf Center - Brewster Ridge,2025  Brewster Gold ,62,18,1,12:00:00,67,5,976,203,True,False,18,67,True,True,True
97998,2026,MPO,2,763678,193452,193452,981,Round 2,2026-06-21,Danny Hamilton,971,Smugglers Notch Disc Golf Center - Brewster Ridge,2025  Brewster Gold ,62,18,1,13:50:00,73,11,934,204,True,False,18,73,True,True,True
97998,2026,MPO,2,763678,169393,169393,986,Round 2,2026-06-21,Aidan Trombley,977,Smugglers Notch Disc Golf Center - Brewster Ridge,2025  Brewster Gold ,62,18,3,12:10:00,68,6,969,207,True,False,18,68,True,True,True
97998,2026,MPO,2,763678,196197,196197,942,Round 2,2026-06-21,Tyler Fowler,945,Smugglers Notch Disc Golf Center - Brewster Ridge,2025  Brewster Gold ,62,18,3,12:40:00,70,8,955,209,True,False,18,70,True,True,True
97998,2026,MPO,2,763678,85970,85970,965,Round 2,2026-06-21,Ben Drogue,966,Smugglers Notch Disc Golf Center - Brewster Ridge,2025  Brewster Gold ,62,18,1,13:30:00,72,10,941,206,True,False,18,72,True,True,True
97998,2026,MPO,2,763678,142744,142744,963,Round 2,2026-06-21,Abel German,974,Smugglers Notch Disc Golf Center - Brewster Ridge,2025  Brewster Gold ,62,18,3,11:40:00,67,5,976,201,True,False,18,67,True,True,True
97998,2026,MPO,2,763678,247239,247239,978,Round 2,2026-06-21,Jonathan Sawin,975,Smugglers Notch Disc Golf Center - Brewster Ridge,2025  Brewster Gold ,62,18,3,11:50:00,68,6,969,202,True,False,18,68,True,True,True
97998,2026,MPO,2,763678,86338,86338,977,Round 2,2026-06-21,Tyler Blanchet,973,Smugglers Notch Disc Golf Center - Brewster Ridge,2025  Brewster Gold ,62,18,3,13:50:00,74,12,927,207,True,False,18,74,True,True,True
97998,2026,MPO,2,763678,212529,212529,955,Round 2,2026-06-21,Mathew Darby,958,Smugglers Notch Disc Golf Center - Brewster Ridge,2025  Brewster Gold ,62,18,1,11:30:00,66,4,983,211,True,False,18,66,True,True,True
97998,2026,MPO,2,763678,59612,59612,976,Round 2,2026-06-21,Matt Kobel,982,Smugglers Notch Disc Golf Center - Brewster Ridge,2025  Brewster Gold ,62,18,2,12:20:00,70,8,955,202,True,False,18,70,True,True,True
97998,2026,MPO,2,763678,153146,153146,1001,Round 2,2026-06-21,Zachary Tesone,1000,Smugglers Notch Disc Golf Center - Brewster Ridge,2025  Brewster Gold ,62,18,1,12:10:00,70,8,955,198,True,False,18,70,True,True,True
97998,2026,MPO,2,763678,207239,207239,969,Round 2,2026-06-21,David Xenakis,961,Smugglers Notch Disc Golf Center - Brewster Ridge,2025  Brewster Gold ,62,18,4,12:40:00,72,10,941,222,True,False,18,72,True,True,True
97998,2026,MPO,2,763678,157289,157289,977,Round 2,2026-06-21,Alden Slack,975,Smugglers Notch Disc Golf Center - Brewster Ridge,2025  Brewster Gold ,62,18,2,13:00:00,73,11,934,201,True,False,18,73,True,True,True
97998,2026,MPO,2,763678,143783,143783,962,Round 2,2026-06-21,Sam Brown,956,Smugglers Notch Disc Golf Center - Brewster Ridge,2025  Brewster Gold ,62,18,1,11:50:00,70,8,955,216,True,False,18,70,True,True,True
97998,2026,MPO,2,763678,131201,131201,969,Round 2,2026-06-21,Tyler LaPerle,973,Smugglers Notch Disc Golf Center - Brewster Ridge,2025  Brewster Gold ,62,18,3,12:30:00,72,10,941,215,True,False,18,72,True,True,True
97998,2026,MPO,2,763678,266356,266356,950,Round 2,2026-06-21,Seamus “Mouse” Collins,945,Smugglers Notch Disc Golf Center - Brewster Ridge,2025  Brewster Gold ,62,18,3,11:30:00,67,5,976,220,True,False,18,67,True,True,True
97998,2026,MPO,2,763678,198992,198992,947,Round 2,2026-06-21,Nick Marcus,951,Smugglers Notch Disc Golf Center - Brewster Ridge,2025  Brewster Gold ,62,18,2,11:30:00,68,6,969,220,True,False,18,68,True,True,True
97998,2026,MPO,2,763678,168853,168853,985,Round 2,2026-06-21,Daniel Bailey,978,Smugglers Notch Disc Golf Center - Brewster Ridge,2025  Brewster Gold ,62,18,4,11:40:00,70,8,955,206,True,False,18,70,True,True,True
97998,2026,MPO,2,763678,130874,130874,946,Round 2,2026-06-21,Chris Rydel,942,Smugglers Notch Disc Golf Center - Brewster Ridge,2025  Brewster Gold ,62,18,4,12:00:00,72,10,941,217,True,False,18,72,True,True,True
97998,2026,MPO,2,763678,178379,178379,976,Round 2,2026-06-21,Tyler Tiede,980,Smugglers Notch Disc Golf Center - Brewster Ridge,2025  Brewster Gold ,62,18,2,11:20:00,68,6,969,208,True,False,18,68,True,True,True
97998,2026,MPO,2,763678,124203,124203,947,Round 2,2026-06-21,Ezra Koch,954,Smugglers Notch Disc Golf Center - Brewster Ridge,2025  Brewster Gold ,62,18,1,12:40:00,76,14,913,218,True,False,18,76,True,True,True
97998,2026,MPO,2,763678,270334,270334,963,Round 2,2026-06-21,Mark Liston,976,Smugglers Notch Disc Golf Center - Brewster Ridge,2025  Brewster Gold ,62,18,2,12:50:00,79,17,891,211,True,False,18,79,True,True,True
97998,2026,MPO,2,763678,168353,168353,944,Round 2,2026-06-21,Aaron Albert,943,Smugglers Notch Disc Golf Center - Brewster Ridge,2025  Brewster Gold ,62,18,1,11:20:00,71,9,948,215,True,False,18,71,True,True,True
97998,2026,MPO,2,763678,156116,156116,966,Round 2,2026-06-21,Bo Li,960,Smugglers Notch Disc Golf Center - Brewster Ridge,2025  Brewster Gold ,62,18,4,11:20:00,71,9,948,215,True,False,18,71,True,True,True
97998,2026,MPO,2,763678,77356,77356,959,Round 2,2026-06-21,Kurt Niebanck,949,Smugglers Notch Disc Golf Center - Brewster Ridge,2025  Brewster Gold ,62,18,4,11:50:00,76,14,913,223,True,False,18,76,True,True,True
97998,2026,MPO,2,763678,142155,142155,954,Round 2,2026-06-21,Thomas Robinson,951,Smugglers Notch Disc Golf Center - Brewster Ridge,2025  Brewster Gold ,62,18,3,11:20:00,72,10,941,212,True,False,18,72,True,True,True
97998,2026,MPO,2,763678,101029,101029,923,Round 2,2026-06-21,Daniel Zaleski,920,Smugglers Notch Disc Golf Center - Brewster Ridge,2025  Brewster Gold ,62,18,4,11:30:00,74,12,927,226,True,False,18,74,True,True,True
97998,2026,MPO,2,763678,166828,166828,899,Round 2,2026-06-21,Eiríkur Örn Brynjarsson,906,Smugglers Notch Disc Golf Center - Brewster Ridge,2025  Brewster Gold ,62,18,1,11:10:00,74,12,927,226,True,False,18,74,True,True,True
97998,2026,MPO,2,763678,215058,215058,971,Round 2,2026-06-21,Justin Mucelli,973,Smugglers Notch Disc Golf Center - Brewster Ridge,2025  Brewster Gold ,62,18,2,11:10:00,72,10,941,227,True,False,18,72,True,True,True
97998,2026,MPO,2,763678,95343,95343,954,Round 2,2026-06-21,Dylan Adjutant,962,Smugglers Notch Disc Golf Center - Brewster Ridge,2025  Brewster Gold ,62,18,3,11:10:00,76,14,913,229,True,False,18,76,True,True,True
97998,2026,MPO,2,763678,203954,203954,977,Round 2,2026-06-21,Issiac Christiansen,978,Smugglers Notch Disc Golf Center - Brewster Ridge,2025  Brewster Gold ,62,18,,,,,,,True,True,0,,False,False,False
97998,2026,MPO,2,763678,125209,125209,964,Round 2,2026-06-21,Mason Sailer,961,Smugglers Notch Disc Golf Center - Brewster Ridge,2025  Brewster Gold ,62,18,,,,,,,True,True,0,,False,False,False
97998,2026,MPO,3,763681,119794,119794,1030,Round 3,2026-06-21,Jonathan Borzick,1029,Smugglers Notch Disc Golf Center - Fox Run,2025  Fox Gold,63,18,2,15:00:00,58,-5,1046,173,True,False,18,58,True,True,True
97998,2026,MPO,3,763681,149546,149546,1026,Round 3,2026-06-21,Jesse Longenecker,1024,Smugglers Notch Disc Golf Center - Fox Run,2025  Fox Gold,63,18,4,15:00:00,56,-7,1060,173,True,False,18,56,True,True,True
97998,2026,MPO,3,763681,89460,89460,1023,Round 3,2026-06-21,Wyatt Mahoney,1023,Smugglers Notch Disc Golf Center - Fox Run,2025  Fox Gold,63,18,2,14:40:00,55,-8,1066,176,True,False,18,55,True,True,True
97998,2026,MPO,3,763681,91543,91543,1012,Round 3,2026-06-21,Miles Sayer,1013,Smugglers Notch Disc Golf Center - Fox Run,2025  Fox Gold,63,18,1,15:00:00,63,0,1012,177,True,False,18,63,True,True,True
97998,2026,MPO,3,763681,50920,50920,1008,Round 3,2026-06-21,Kyle Moriarty,1017,Smugglers Notch Disc Golf Center - Fox Run,2025  Fox Gold,63,18,1,14:40:00,57,-6,1053,178,True,False,18,57,True,True,True
97998,2026,MPO,3,763681,132521,132521,1033,Round 3,2026-06-21,Paul Krans,1037,Smugglers Notch Disc Golf Center - Fox Run,2025  Fox Gold,63,18,3,15:00:00,61,-2,1026,178,True,False,18,61,True,True,True
97998,2026,MPO,3,763681,89959,89959,1023,Round 3,2026-06-21,Ty Love,1026,Smugglers Notch Disc Golf Center - Fox Run,2025  Fox Gold,63,18,2,14:10:00,57,-6,1053,181,True,False,18,57,True,True,True
97998,2026,MPO,3,763681,235458,235458,999,Round 3,2026-06-21,Amos Kauder,1005,Smugglers Notch Disc Golf Center - Fox Run,2025  Fox Gold,63,18,4,14:40:00,59,-4,1039,181,True,False,18,59,True,True,True
97998,2026,MPO,3,763681,187533,187533,988,Round 3,2026-06-21,Duncan Farquharson,990,Smugglers Notch Disc Golf Center - Fox Run,2025  Fox Gold,63,18,3,14:50:00,61,-2,1026,181,True,False,18,61,True,True,True
97998,2026,MPO,3,763681,111643,111643,1002,Round 3,2026-06-21,Finn Etter,1013,Smugglers Notch Disc Golf Center - Fox Run,2025  Fox Gold,63,18,2,14:50:00,63,0,1012,181,True,False,18,63,True,True,True
97998,2026,MPO,3,763681,122655,122655,1017,Round 3,2026-06-21,Dylan Capaccioli,1025,Smugglers Notch Disc Golf Center - Fox Run,2025  Fox Gold,63,18,1,14:20:00,59,-4,1039,182,True,False,18,59,True,True,True
97998,2026,MPO,3,763681,86844,86844,1003,Round 3,2026-06-21,Jared Hill,1018,Smugglers Notch Disc Golf Center - Fox Run,2025  Fox Gold,63,18,1,13:50:00,57,-6,1053,183,True,False,18,57,True,True,True
97998,2026,MPO,3,763681,83848,83848,1002,Round 3,2026-06-21,Landon Brooks,1010,Smugglers Notch Disc Golf Center - Fox Run,2025  Fox Gold,63,18,3,14:10:00,58,-5,1046,183,True,False,18,58,True,True,True
97998,2026,MPO,3,763681,129332,129332,1008,Round 3,2026-06-21,David Fleck,1008,Smugglers Notch Disc Golf Center - Fox Run,2025  Fox Gold,63,18,3,14:20:00,59,-4,1039,183,True,False,18,59,True,True,True
97998,2026,MPO,3,763681,124016,124016,1004,Round 3,2026-06-21,Hayden Carroll,1002,Smugglers Notch Disc Golf Center - Fox Run,2025  Fox Gold,63,18,3,14:40:00,62,-1,1019,183,True,False,18,62,True,True,True
97998,2026,MPO,3,763681,143853,143853,1009,Round 3,2026-06-21,Elijah Rider Brandt,1012,Smugglers Notch Disc Golf Center - Fox Run,2025  Fox Gold,63,18,2,14:20:00,61,-2,1026,184,True,False,18,61,True,True,True
97998,2026,MPO,3,763681,99835,99835,998,Round 3,2026-06-21,Conor Dannis,1003,Smugglers Notch Disc Golf Center - Fox Run,2025  Fox Gold,63,18,2,14:30:00,62,-1,1019,184,True,False,18,62,True,True,True
97998,2026,MPO,3,763681,51685,51685,997,Round 3,2026-06-21,Randon Latta,1005,Smugglers Notch Disc Golf Center - Fox Run,2025  Fox Gold,63,18,1,14:50:00,66,3,992,184,True,False,18,66,True,True,True
97998,2026,MPO,3,763681,134643,134643,998,Round 3,2026-06-21,Gavin King,1004,Smugglers Notch Disc Golf Center - Fox Run,2025  Fox Gold,63,18,4,14:20:00,61,-2,1026,185,True,False,18,61,True,True,True
97998,2026,MPO,3,763681,124607,124607,1004,Round 3,2026-06-21,Gillis MacDougall,1007,Smugglers Notch Disc Golf Center - Fox Run,2025  Fox Gold,63,18,1,14:10:00,61,-2,1026,185,True,False,18,61,True,True,True
97998,2026,MPO,3,763681,77274,77274,983,Round 3,2026-06-21,tom shanley,984,Smugglers Notch Disc Golf Center - Fox Run,2025  Fox Gold,63,18,1,14:00:00,62,-1,1019,187,True,False,18,62,True,True,True
97998,2026,MPO,3,763681,241573,241573,996,Round 3,2026-06-21,Whit Stephenson,998,Smugglers Notch Disc Golf Center - Fox Run,2025  Fox Gold,63,18,1,14:30:00,65,2,998,187,True,False,18,65,True,True,True
97998,2026,MPO,3,763681,268529,268529,992,Round 3,2026-06-21,James Cairn,1006,Smugglers Notch Disc Golf Center - Fox Run,2025  Fox Gold,63,18,2,13:30:00,59,-4,1039,188,True,False,18,59,True,True,True
97998,2026,MPO,3,763681,166444,166444,990,Round 3,2026-06-21,Ethan Hadders,1002,Smugglers Notch Disc Golf Center - Fox Run,2025  Fox Gold,63,18,4,14:10:00,63,0,1012,188,True,False,18,63,True,True,True
97998,2026,MPO,3,763681,35588,35588,986,Round 3,2026-06-21,Coleman E. Marcus,982,Smugglers Notch Disc Golf Center - Fox Run,2025  Fox Gold,63,18,4,14:00:00,63,0,1012,188,True,False,18,63,True,True,True
97998,2026,MPO,3,763681,145202,145202,993,Round 3,2026-06-21,Owen Rice,999,Smugglers Notch Disc Golf Center - Fox Run,2025  Fox Gold,63,18,3,14:30:00,65,2,998,188,True,False,18,65,True,True,True
97998,2026,MPO,3,763681,90439,90439,1014,Round 3,2026-06-21,Lucas Oberholtzer Hess,1022,Smugglers Notch Disc Golf Center - Fox Run,2025  Fox Gold,63,18,4,14:30:00,65,2,998,188,True,False,18,65,True,True,True
97998,2026,MPO,3,763681,144282,144282,973,Round 3,2026-06-21,Dan Laviolette,1001,Smugglers Notch Disc Golf Center - Fox Run,2025  Fox Gold,63,18,4,14:50:00,67,4,985,188,True,False,18,67,True,True,True
97998,2026,MPO,3,763681,174519,174519,983,Round 3,2026-06-21,Colby Schefers,985,Smugglers Notch Disc Golf Center - Fox Run,2025  Fox Gold,63,18,3,13:50:00,62,-1,1019,189,True,False,18,62,True,True,True
97998,2026,MPO,3,763681,161558,161558,993,Round 3,2026-06-21,Brad Schott,994,Smugglers Notch Disc Golf Center - Fox Run,2025  Fox Gold,63,18,3,14:00:00,65,2,998,190,True,False,18,65,True,True,True
97998,2026,MPO,3,763681,138103,138103,1008,Round 3,2026-06-21,Matthew Alexander,1007,Smugglers Notch Disc Golf Center - Fox Run,2025  Fox Gold,63,18,1,12:40:00,58,-5,1046,191,True,False,18,58,True,True,True
97998,2026,MPO,3,763681,128316,128316,973,Round 3,2026-06-21,Tayler Sylvain,964,Smugglers Notch Disc Golf Center - Fox Run,2025  Fox Gold,63,18,1,13:20:00,62,-1,1019,191,True,False,18,62,True,True,True
97998,2026,MPO,3,763681,68908,68908,981,Round 3,2026-06-21,Jaimen Hume,980,Smugglers Notch Disc Golf Center - Fox Run,2025  Fox Gold,63,18,3,13:40:00,63,0,1012,191,True,False,18,63,True,True,True
97998,2026,MPO,3,763681,251218,251218,981,Round 3,2026-06-21,Aidan Bailey,992,Smugglers Notch Disc Golf Center - Fox Run,2025  Fox Gold,63,18,4,13:20:00,62,-1,1019,192,True,False,18,62,True,True,True
97998,2026,MPO,3,763681,193310,193310,1002,Round 3,2026-06-21,RJ Chirkis,1004,Smugglers Notch Disc Golf Center - Fox Run,2025  Fox Gold,63,18,2,13:40:00,64,1,1005,192,True,False,18,64,True,True,True
97998,2026,MPO,3,763681,140098,140098,969,Round 3,2026-06-21,Angus Barstow,980,Smugglers Notch Disc Golf Center - Fox Run,2025  Fox Gold,63,18,2,13:00:00,62,-1,1019,193,True,False,18,62,True,True,True
97998,2026,MPO,3,763681,147445,147445,971,Round 3,2026-06-21,Corey Martin,983,Smugglers Notch Disc Golf Center - Fox Run,2025  Fox Gold,63,18,3,13:30:00,64,1,1005,193,True,False,18,64,True,True,True
97998,2026,MPO,3,763681,94840,94840,988,Round 3,2026-06-21,Josh Ocoin,992,Smugglers Notch Disc Golf Center - Fox Run,2025  Fox Gold,63,18,2,14:00:00,68,5,978,193,True,False,18,68,True,True,True
97998,2026,MPO,3,763681,126814,126814,984,Round 3,2026-06-21,Logan Burrow,991,Smugglers Notch Disc Golf Center - Fox Run,2025  Fox Gold,63,18,2,12:50:00,63,0,1012,195,True,False,18,63,True,True,True
97998,2026,MPO,3,763681,58644,58644,1002,Round 3,2026-06-21,Lance Brown,999,Smugglers Notch Disc Golf Center - Fox Run,2025  Fox Gold,63,18,3,12:50:00,63,0,1012,195,True,False,18,63,True,True,True
97998,2026,MPO,3,763681,114145,114145,979,Round 3,2026-06-21,Antonio Albert,979,Smugglers Notch Disc Golf Center - Fox Run,2025  Fox Gold,63,18,1,13:10:00,65,2,998,195,True,False,18,65,True,True,True
97998,2026,MPO,3,763681,215612,215612,991,Round 3,2026-06-21,Stephen Durning,992,Smugglers Notch Disc Golf Center - Fox Run,2025  Fox Gold,63,18,4,12:50:00,64,1,1005,197,True,False,18,64,True,True,True
97998,2026,MPO,3,763681,159298,159298,971,Round 3,2026-06-21,Stephen Bourget,985,Smugglers Notch Disc Golf Center - Fox Run,2025  Fox Gold,63,18,4,13:10:00,66,3,992,197,True,False,18,66,True,True,True
97998,2026,MPO,3,763681,132702,132702,974,Round 3,2026-06-21,Egin Tollkuci,979,Smugglers Notch Disc Golf Center - Fox Run,2025  Fox Gold,63,18,1,13:30:00,68,5,978,197,True,False,18,68,True,True,True
97998,2026,MPO,3,763681,180664,180664,980,Round 3,2026-06-21,Carson Deeds,973,Smugglers Notch Disc Golf Center - Fox Run,2025  Fox Gold,63,18,1,13:40:00,70,7,964,197,True,False,18,70,True,True,True
97998,2026,MPO,3,763681,227759,227759,969,Round 3,2026-06-21,Bryan Shields,975,Smugglers Notch Disc Golf Center - Fox Run,2025  Fox Gold,63,18,2,13:50:00,71,8,958,197,True,False,18,71,True,True,True
97998,2026,MPO,3,763681,153146,153146,1001,Round 3,2026-06-21,Zachary Tesone,1000,Smugglers Notch Disc Golf Center - Fox Run,2025  Fox Gold,63,18,3,12:00:00,60,-3,1032,198,True,False,18,60,True,True,True
97998,2026,MPO,3,763681,130868,130868,979,Round 3,2026-06-21,Remington Gaetjens,982,Smugglers Notch Disc Golf Center - Fox Run,2025  Fox Gold,63,18,3,13:10:00,67,4,985,198,True,False,18,67,True,True,True
97998,2026,MPO,3,763681,163829,163829,983,Round 3,2026-06-21,Reuben Hagen,982,Smugglers Notch Disc Golf Center - Fox Run,2025  Fox Gold,63,18,4,13:50:00,71,8,958,198,True,False,18,71,True,True,True
97998,2026,MPO,3,763681,98161,98161,994,Round 3,2026-06-21,Justin Rosak,996,Smugglers Notch Disc Golf Center - Fox Run,2025  Fox Gold,63,18,2,12:30:00,65,2,998,199,True,False,18,65,True,True,True
97998,2026,MPO,3,763681,98364,98364,983,Round 3,2026-06-21,Keith Sykes,985,Smugglers Notch Disc Golf Center - Fox Run,2025  Fox Gold,63,18,1,12:50:00,67,4,985,199,True,False,18,67,True,True,True
97998,2026,MPO,3,763681,47930,47930,986,Round 3,2026-06-21,Nicholas Economos,988,Smugglers Notch Disc Golf Center - Fox Run,2025  Fox Gold,63,18,1,13:00:00,68,5,978,199,True,False,18,68,True,True,True
97998,2026,MPO,3,763681,233244,233244,981,Round 3,2026-06-21,Jack Fruchter,986,Smugglers Notch Disc Golf Center - Fox Run,2025  Fox Gold,63,18,4,13:30:00,70,7,964,199,True,False,18,70,True,True,True
97998,2026,MPO,3,763681,171355,171355,971,Round 3,2026-06-21,Jacob Theriault,978,Smugglers Notch Disc Golf Center - Fox Run,2025  Fox Gold,63,18,4,12:30:00,65,2,998,200,True,False,18,65,True,True,True
97998,2026,MPO,3,763681,157289,157289,977,Round 3,2026-06-21,Alden Slack,975,Smugglers Notch Disc Golf Center - Fox Run,2025  Fox Gold,63,18,1,11:50:00,63,0,1012,201,True,False,18,63,True,True,True
97998,2026,MPO,3,763681,142744,142744,963,Round 3,2026-06-21,Abel German,974,Smugglers Notch Disc Golf Center - Fox Run,2025  Fox Gold,63,18,2,12:10:00,64,1,1005,201,True,False,18,64,True,True,True
97998,2026,MPO,3,763681,103402,103402,977,Round 3,2026-06-21,Alex Vigeant,972,Smugglers Notch Disc Golf Center - Fox Run,2025  Fox Gold,63,18,3,12:30:00,66,3,992,201,True,False,18,66,True,True,True
97998,2026,MPO,3,763681,148801,148801,970,Round 3,2026-06-21,Tucker Kozloski,982,Smugglers Notch Disc Golf Center - Fox Run,2025  Fox Gold,63,18,3,13:00:00,70,7,964,201,True,False,18,70,True,True,True
97998,2026,MPO,3,763681,59612,59612,976,Round 3,2026-06-21,Matt Kobel,982,Smugglers Notch Disc Golf Center - Fox Run,2025  Fox Gold,63,18,2,12:00:00,64,1,1005,202,True,False,18,64,True,True,True
97998,2026,MPO,3,763681,247239,247239,978,Round 3,2026-06-21,Jonathan Sawin,975,Smugglers Notch Disc Golf Center - Fox Run,2025  Fox Gold,63,18,3,12:10:00,65,2,998,202,True,False,18,65,True,True,True
97998,2026,MPO,3,763681,120368,120368,981,Round 3,2026-06-21,Joseph Wegman,982,Smugglers Notch Disc Golf Center - Fox Run,2025  Fox Gold,63,18,3,13:20:00,72,9,951,202,True,False,18,72,True,True,True
97998,2026,MPO,3,763681,173501,173501,976,Round 3,2026-06-21,Justin Fereshetian,977,Smugglers Notch Disc Golf Center - Fox Run,2025  Fox Gold,63,18,1,12:20:00,68,5,978,203,True,False,18,68,True,True,True
97998,2026,MPO,3,763681,204892,204892,968,Round 3,2026-06-21,Tiernan Roland,973,Smugglers Notch Disc Golf Center - Fox Run,2025  Fox Gold,63,18,4,12:40:00,69,6,971,203,True,False,18,69,True,True,True
97998,2026,MPO,3,763681,82998,82998,974,Round 3,2026-06-21,Robert Veliky,971,Smugglers Notch Disc Golf Center - Fox Run,2025  Fox Gold,63,18,4,13:00:00,71,8,958,203,True,False,18,71,True,True,True
97998,2026,MPO,3,763681,69968,69968,984,Round 3,2026-06-21,Samuel Streeter,977,Smugglers Notch Disc Golf Center - Fox Run,2025  Fox Gold,63,18,2,13:20:00,73,10,944,203,True,False,18,73,True,True,True
97998,2026,MPO,3,763681,193452,193452,981,Round 3,2026-06-21,Danny Hamilton,971,Smugglers Notch Disc Golf Center - Fox Run,2025  Fox Gold,63,18,2,12:20:00,69,6,971,204,True,False,18,69,True,True,True
97998,2026,MPO,3,763681,168321,168321,985,Round 3,2026-06-21,Kyle Hirsch,992,Smugglers Notch Disc Golf Center - Fox Run,2025  Fox Gold,63,18,2,12:40:00,72,9,951,205,True,False,18,72,True,True,True
97998,2026,MPO,3,763681,123861,123861,983,Round 3,2026-06-21,Brian Schweinhart,978,Smugglers Notch Disc Golf Center - Fox Run,2025  Fox Gold,63,18,2,13:10:00,75,12,931,205,True,False,18,75,True,True,True
97998,2026,MPO,3,763681,168853,168853,985,Round 3,2026-06-21,Daniel Bailey,978,Smugglers Notch Disc Golf Center - Fox Run,2025  Fox Gold,63,18,2,11:40:00,65,2,998,206,True,False,18,65,True,True,True
97998,2026,MPO,3,763681,85970,85970,965,Round 3,2026-06-21,Ben Drogue,966,Smugglers Notch Disc Golf Center - Fox Run,2025  Fox Gold,63,18,1,12:10:00,70,7,964,206,True,False,18,70,True,True,True
97998,2026,MPO,3,763681,86338,86338,977,Round 3,2026-06-21,Tyler Blanchet,973,Smugglers Notch Disc Golf Center - Fox Run,2025  Fox Gold,63,18,4,12:10:00,70,7,964,207,True,False,18,70,True,True,True
97998,2026,MPO,3,763681,169393,169393,986,Round 3,2026-06-21,Aidan Trombley,977,Smugglers Notch Disc Golf Center - Fox Run,2025  Fox Gold,63,18,3,12:20:00,71,8,958,207,True,False,18,71,True,True,True
97998,2026,MPO,3,763681,178379,178379,976,Round 3,2026-06-21,Tyler Tiede,980,Smugglers Notch Disc Golf Center - Fox Run,2025  Fox Gold,63,18,4,11:40:00,66,3,992,208,True,False,18,66,True,True,True
97998,2026,MPO,3,763681,221020,221020,965,Round 3,2026-06-21,Andrew Hill,975,Smugglers Notch Disc Golf Center - Fox Run,2025  Fox Gold,63,18,1,12:30:00,74,11,937,208,True,False,18,74,True,True,True
97998,2026,MPO,3,763681,196197,196197,942,Round 3,2026-06-21,Tyler Fowler,945,Smugglers Notch Disc Golf Center - Fox Run,2025  Fox Gold,63,18,4,12:20:00,73,10,944,209,True,False,18,73,True,True,True
97998,2026,MPO,3,763681,270334,270334,963,Round 3,2026-06-21,Mark Liston,976,Smugglers Notch Disc Golf Center - Fox Run,2025  Fox Gold,63,18,2,11:30:00,67,4,985,211,True,False,18,67,True,True,True
97998,2026,MPO,3,763681,212529,212529,955,Round 3,2026-06-21,Mathew Darby,958,Smugglers Notch Disc Golf Center - Fox Run,2025  Fox Gold,63,18,1,12:00:00,73,10,944,211,True,False,18,73,True,True,True
97998,2026,MPO,3,763681,84923,84923,989,Round 3,2026-06-21,Ryan Begley,976,Smugglers Notch Disc Golf Center - Fox Run,2025  Fox Gold,63,18,3,12:40:00,78,15,910,211,True,False,18,78,True,True,True
97998,2026,MPO,3,763681,142155,142155,954,Round 3,2026-06-21,Thomas Robinson,951,Smugglers Notch Disc Golf Center - Fox Run,2025  Fox Gold,63,18,2,11:20:00,65,2,998,212,True,False,18,65,True,True,True
97998,2026,MPO,3,763681,156116,156116,966,Round 3,2026-06-21,Bo Li,960,Smugglers Notch Disc Golf Center - Fox Run,2025  Fox Gold,63,18,4,11:30:00,69,6,971,215,True,False,18,69,True,True,True
97998,2026,MPO,3,763681,168353,168353,944,Round 3,2026-06-21,Aaron Albert,943,Smugglers Notch Disc Golf Center - Fox Run,2025  Fox Gold,63,18,3,11:30:00,70,7,964,215,True,False,18,70,True,True,True
97998,2026,MPO,3,763681,131201,131201,969,Round 3,2026-06-21,Tyler LaPerle,973,Smugglers Notch Disc Golf Center - Fox Run,2025  Fox Gold,63,18,3,11:50:00,76,13,924,215,True,False,18,76,True,True,True
97998,2026,MPO,3,763681,143783,143783,962,Round 3,2026-06-21,Sam Brown,956,Smugglers Notch Disc Golf Center - Fox Run,2025  Fox Gold,63,18,2,11:50:00,77,14,917,216,True,False,18,77,True,True,True
97998,2026,MPO,3,763681,130874,130874,946,Round 3,2026-06-21,Chris Rydel,942,Smugglers Notch Disc Golf Center - Fox Run,2025  Fox Gold,63,18,3,11:40:00,76,13,924,217,True,False,18,76,True,True,True
97998,2026,MPO,3,763681,124203,124203,947,Round 3,2026-06-21,Ezra Koch,954,Smugglers Notch Disc Golf Center - Fox Run,2025  Fox Gold,63,18,1,11:30:00,76,13,924,218,True,False,18,76,True,True,True
97998,2026,MPO,3,763681,198992,198992,947,Round 3,2026-06-21,Nick Marcus,951,Smugglers Notch Disc Golf Center - Fox Run,2025  Fox Gold,63,18,1,11:40:00,79,16,903,220,True,False,18,79,True,True,True
97998,2026,MPO,3,763681,266356,266356,950,Round 3,2026-06-21,Seamus “Mouse” Collins,945,Smugglers Notch Disc Golf Center - Fox Run,2025  Fox Gold,63,18,4,11:50:00,80,17,897,220,True,False,18,80,True,True,True
97998,2026,MPO,3,763681,207239,207239,969,Round 3,2026-06-21,David Xenakis,961,Smugglers Notch Disc Golf Center - Fox Run,2025  Fox Gold,63,18,4,12:00:00,84,21,869,222,True,False,18,84,True,True,True
97998,2026,MPO,3,763681,77356,77356,959,Round 3,2026-06-21,Kurt Niebanck,949,Smugglers Notch Disc Golf Center - Fox Run,2025  Fox Gold,63,18,1,11:20:00,77,14,917,223,True,False,18,77,True,True,True
97998,2026,MPO,3,763681,166828,166828,899,Round 3,2026-06-21,Eiríkur Örn Brynjarsson,906,Smugglers Notch Disc Golf Center - Fox Run,2025  Fox Gold,63,18,1,11:10:00,76,13,924,226,True,False,18,76,True,True,True
97998,2026,MPO,3,763681,101029,101029,923,Round 3,2026-06-21,Daniel Zaleski,920,Smugglers Notch Disc Golf Center - Fox Run,2025  Fox Gold,63,18,3,11:20:00,78,15,910,226,True,False,18,78,True,True,True
97998,2026,MPO,3,763681,215058,215058,971,Round 3,2026-06-21,Justin Mucelli,973,Smugglers Notch Disc Golf Center - Fox Run,2025  Fox Gold,63,18,2,11:10:00,75,12,931,227,True,False,18,75,True,True,True
97998,2026,MPO,3,763681,95343,95343,954,Round 3,2026-06-21,Dylan Adjutant,962,Smugglers Notch Disc Golf Center - Fox Run,2025  Fox Gold,63,18,3,11:10:00,70,7,964,229,True,False,18,70,True,True,True
97998,2026,MPO,3,763681,31476,31476,984,Round 3,2026-06-21,Jason Dore,991,Smugglers Notch Disc Golf Center - Fox Run,2025  Fox Gold,63,18,1,13:40:00,62,936,,,True,False,15,62,False,True,False
97998,2026,MPO,3,763681,203954,203954,977,Round 3,2026-06-21,Issiac Christiansen,978,Smugglers Notch Disc Golf Center - Fox Run,2025  Fox Gold,63,18,,,0,0,,,True,False,0,,False,False,False
97998,2026,MPO,3,763681,125209,125209,964,Round 3,2026-06-21,Mason Sailer,961,Smugglers Notch Disc Golf Center - Fox Run,2025  Fox Gold,63,18,,,0,0,,,True,False,0,,False,False,False
98242,2026,FA1,1,767914,282534,282534,779,Round 1,2026-07-12,Kayla Neumeister,752,Black Falls Disc Golf Course,Silver tee-Silver basket,54,18,4,09:20:00,61,7,755,125,True,False,18,61,True,True,True
98242,2026,FA1,2,767914,282534,282534,779,Round 2,2026-07-12,Kayla Neumeister,752,Black Falls Disc Golf Course,Silver tee-Silver basket,54,18,1,09:00:00,64,10,716,125,True,False,18,64,True,True,True
98242,2026,FA3,1,767914,325054,325054,704,Round 1,2026-07-12,Jaime Aliffi,712,Black Falls Disc Golf Course,Silver tee-Silver basket,54,18,4,09:10:00,61,7,755,125,True,False,18,61,True,True,True
98242,2026,FA3,2,767914,325054,325054,704,Round 2,2026-07-12,Jaime Aliffi,712,Black Falls Disc Golf Course,Silver tee-Silver basket,54,18,2,09:00:00,64,10,716,125,True,False,18,64,True,True,True
98242,2026,FA40,1,767914,170809,170809,763,Round 1,2026-07-12,Brita Tirrell,777,Black Falls Disc Golf Course,Silver tee-Silver basket,54,18,3,09:10:00,55,1,834,115,True,False,18,55,True,True,True
98242,2026,FA40,1,767914,261982,261982,744,Round 1,2026-07-12,Jill Betts,775,Black Falls Disc Golf Course,Silver tee-Silver basket,54,18,1,09:20:00,55,1,834,114,True,False,18,55,True,True,True
98242,2026,FA40,1,767914,275115,275115,803,Round 1,2026-07-12,Mindy German,805,Black Falls Disc Golf Course,Silver tee-Silver basket,54,18,1,09:10:00,59,5,781,114,True,False,18,59,True,True,True
98242,2026,FA40,1,767914,277475,277475,737,Round 1,2026-07-12,Erin Rice,727,Black Falls Disc Golf Course,Silver tee-Silver basket,54,18,2,09:10:00,62,8,742,128,True,False,18,62,True,True,True
98242,2026,FA40,1,767914,172895,172895,742,Round 1,2026-07-12,Cara Tatro,737,Black Falls Disc Golf Course,Silver tee-Silver basket,54,18,3,09:20:00,64,10,716,129,True,False,18,64,True,True,True
98242,2026,FA40,1,767914,293102,293102,690,Round 1,2026-07-12,Sarah Silva,697,Black Falls Disc Golf Course,Silver tee-Silver basket,54,18,2,09:20:00,64,10,716,130,True,False,18,64,True,True,True
98242,2026,FA40,2,767914,275115,275115,803,Round 2,2026-07-12,Mindy German,805,Black Falls Disc Golf Course,Silver tee-Silver basket,54,18,3,09:10:00,55,1,834,114,True,False,18,55,True,True,True
98242,2026,FA40,2,767914,261982,261982,744,Round 2,2026-07-12,Jill Betts,775,Black Falls Disc Golf Course,Silver tee-Silver basket,54,18,2,09:10:00,59,5,781,114,True,False,18,59,True,True,True
98242,2026,FA40,2,767914,170809,170809,763,Round 2,2026-07-12,Brita Tirrell,777,Black Falls Disc Golf Course,Silver tee-Silver basket,54,18,1,09:10:00,60,6,768,115,True,False,18,60,True,True,True
98242,2026,FA40,2,767914,277475,277475,737,Round 2,2026-07-12,Erin Rice,727,Black Falls Disc Golf Course,Silver tee-Silver basket,54,18,4,09:10:00,66,12,690,128,True,False,18,66,True,True,True
98242,2026,FA40,2,767914,172895,172895,742,Round 2,2026-07-12,Cara Tatro,737,Black Falls Disc Golf Course,Silver tee-Silver basket,54,18,3,09:00:00,65,11,703,129,True,False,18,65,True,True,True
98242,2026,FA40,2,767914,293102,293102,690,Round 2,2026-07-12,Sarah Silva,697,Black Falls Disc Golf Course,Silver tee-Silver basket,54,18,4,09:00:00,66,12,690,130,True,False,18,66,True,True,True
98242,2026,MA1,1,767912,173058,173058,942,Round 1,2026-07-12,Brandon Allaire,950,Black Falls Disc Golf Course,Gold tee-Gold basket,61,18,2,11:30:00,58,-3,988,120,True,False,18,58,True,True,True
98242,2026,MA1,1,767912,121362,121362,948,Round 1,2026-07-12,Jonathan Russo,951,Black Falls Disc Golf Course,Gold tee-Gold basket,61,18,2,11:40:00,62,1,953,124,True,False,18,62,True,True,True
98242,2026,MA1,1,767912,120271,120271,945,Round 1,2026-07-12,Jeremy Kasprick,949,Black Falls Disc Golf Course,Gold tee-Gold basket,61,18,1,11:20:00,64,3,936,129,True,False,18,64,True,True,True
98242,2026,MA1,1,767912,97356,97356,926,Round 1,2026-07-12,Jason Guild,934,Black Falls Disc Golf Course,Gold tee-Gold basket,61,18,1,11:50:00,65,4,927,128,True,False,18,65,True,True,True
98242,2026,MA1,1,767912,274427,274427,913,Round 1,2026-07-12,Pace McKinnon,937,Black Falls Disc Golf Course,Gold tee-Gold basket,61,18,4,11:30:00,65,4,927,126,True,False,18,65,True,True,True
98242,2026,MA1,1,767912,110707,110707,929,Round 1,2026-07-12,Jason Wilson,927,Black Falls Disc Golf Course,Gold tee-Gold basket,61,18,1,11:40:00,66,5,919,136,True,False,18,66,True,True,True
98242,2026,MA1,1,767912,138544,138544,932,Round 1,2026-07-12,Chaz Sheperd,924,Black Falls Disc Golf Course,Gold tee-Gold basket,61,18,2,11:50:00,66,5,919,134,True,False,18,66,True,True,True
98242,2026,MA1,1,767912,149370,149370,900,Round 1,2026-07-12,Justin Serrano,897,Black Falls Disc Golf Course,Gold tee-Gold basket,61,18,1,11:10:00,66,5,919,130,True,False,18,66,True,True,True
98242,2026,MA1,1,767912,174031,174031,914,Round 1,2026-07-12,Ian MacDonald,909,Black Falls Disc Golf Course,Gold tee-Gold basket,61,18,3,11:40:00,67,6,910,137,True,False,18,67,True,True,True
98242,2026,MA1,1,767912,192828,192828,929,Round 1,2026-07-12,Kyle Sauerbrunn,926,Black Falls Disc Golf Course,Gold tee-Gold basket,61,18,3,11:10:00,68,7,902,132,True,False,18,68,True,True,True
98242,2026,MA1,1,767912,275802,275802,892,Round 1,2026-07-12,Tyler Jarrett,907,Black Falls Disc Golf Course,Gold tee-Gold basket,61,18,3,11:50:00,69,8,893,135,True,False,18,69,True,True,True
98242,2026,MA1,1,767912,96154,96154,878,Round 1,2026-07-12,Travis Jacques,871,Black Falls Disc Golf Course,Gold tee-Gold basket,61,18,1,11:30:00,70,9,884,136,True,False,18,70,True,True,True
98242,2026,MA1,1,767912,221157,221157,932,Round 1,2026-07-12,Dylan Slick,915,Black Falls Disc Golf Course,Gold tee-Gold basket,61,18,4,11:40:00,70,9,884,141,True,False,18,70,True,True,True
98242,2026,MA1,1,767912,259718,259718,917,Round 1,2026-07-12,Kamden Cox,906,Black Falls Disc Golf Course,Gold tee-Gold basket,61,18,3,11:30:00,70,9,884,138,True,False,18,70,True,True,True
98242,2026,MA1,1,767912,265876,265876,884,Round 1,2026-07-12,Frédérick Allaire,893,Black Falls Disc Golf Course,Gold tee-Gold basket,61,18,3,11:20:00,70,9,884,138,True,False,18,70,True,True,True
98242,2026,MA1,1,767912,109604,109604,915,Round 1,2026-07-12,Jeremy Hulsey,914,Black Falls Disc Golf Course,Gold tee-Gold basket,61,18,4,11:50:00,72,11,867,141,True,False,18,72,True,True,True
98242,2026,MA1,1,767912,269691,269691,927,Round 1,2026-07-12,Mathieu Houle,947,Black Falls Disc Golf Course,Gold tee-Gold basket,61,18,2,11:10:00,72,11,867,136,True,False,18,72,True,True,True
98242,2026,MA1,1,767912,210681,210681,916,Round 1,2026-07-12,Kyle Anderson Andresen,911,Black Falls Disc Golf Course,Gold tee-Gold basket,61,18,2,11:20:00,73,12,859,141,True,False,18,73,True,True,True
98242,2026,MA1,2,767912,173058,173058,942,Round 2,2026-07-12,Brandon Allaire,950,Black Falls Disc Golf Course,Gold tee-Gold basket,61,18,1,11:50:00,62,1,953,120,True,False,18,62,True,True,True
98242,2026,MA1,2,767912,121362,121362,948,Round 2,2026-07-12,Jonathan Russo,951,Black Falls Disc Golf Course,Gold tee-Gold basket,61,18,2,11:50:00,62,1,953,124,True,False,18,62,True,True,True
98242,2026,MA1,2,767912,274427,274427,913,Round 2,2026-07-12,Pace McKinnon,937,Black Falls Disc Golf Course,Gold tee-Gold basket,61,18,1,11:40:00,61,0,962,126,True,False,18,61,True,True,True
98242,2026,MA1,2,767912,97356,97356,926,Round 2,2026-07-12,Jason Guild,934,Black Falls Disc Golf Course,Gold tee-Gold basket,61,18,4,11:50:00,63,2,945,128,True,False,18,63,True,True,True
98242,2026,MA1,2,767912,120271,120271,945,Round 2,2026-07-12,Jeremy Kasprick,949,Black Falls Disc Golf Course,Gold tee-Gold basket,61,18,3,11:50:00,65,4,927,129,True,False,18,65,True,True,True
98242,2026,MA1,2,767912,149370,149370,900,Round 2,2026-07-12,Justin Serrano,897,Black Falls Disc Golf Course,Gold tee-Gold basket,61,18,4,11:40:00,64,3,936,130,True,False,18,64,True,True,True
98242,2026,MA1,2,767912,192828,192828,929,Round 2,2026-07-12,Kyle Sauerbrunn,926,Black Falls Disc Golf Course,Gold tee-Gold basket,61,18,2,11:30:00,64,3,936,132,True,False,18,64,True,True,True
98242,2026,MA1,2,767912,138544,138544,932,Round 2,2026-07-12,Chaz Sheperd,924,Black Falls Disc Golf Course,Gold tee-Gold basket,61,18,3,11:40:00,68,7,902,134,True,False,18,68,True,True,True
98242,2026,MA1,2,767912,275802,275802,892,Round 2,2026-07-12,Tyler Jarrett,907,Black Falls Disc Golf Course,Gold tee-Gold basket,61,18,3,11:30:00,66,5,919,135,True,False,18,66,True,True,True
98242,2026,MA1,2,767912,269691,269691,927,Round 2,2026-07-12,Mathieu Houle,947,Black Falls Disc Golf Course,Gold tee-Gold basket,61,18,2,11:10:00,64,3,936,136,True,False,18,64,True,True,True
98242,2026,MA1,2,767912,96154,96154,878,Round 2,2026-07-12,Travis Jacques,871,Black Falls Disc Golf Course,Gold tee-Gold basket,61,18,4,11:30:00,66,5,919,136,True,False,18,66,True,True,True
98242,2026,MA1,2,767912,110707,110707,929,Round 2,2026-07-12,Jason Wilson,927,Black Falls Disc Golf Course,Gold tee-Gold basket,61,18,2,11:40:00,70,9,884,136,True,False,18,70,True,True,True
98242,2026,MA1,2,767912,174031,174031,914,Round 2,2026-07-12,Ian MacDonald,909,Black Falls Disc Golf Course,Gold tee-Gold basket,61,18,1,11:30:00,70,9,884,137,True,False,18,70,True,True,True
98242,2026,MA1,2,767912,259718,259718,917,Round 2,2026-07-12,Kamden Cox,906,Black Falls Disc Golf Course,Gold tee-Gold basket,61,18,2,11:20:00,68,7,902,138,True,False,18,68,True,True,True
98242,2026,MA1,2,767912,265876,265876,884,Round 2,2026-07-12,Frédérick Allaire,893,Black Falls Disc Golf Course,Gold tee-Gold basket,61,18,3,11:20:00,68,7,902,138,True,False,18,68,True,True,True
98242,2026,MA1,2,767912,210681,210681,916,Round 2,2026-07-12,Kyle Anderson Andresen,911,Black Falls Disc Golf Course,Gold tee-Gold basket,61,18,3,11:10:00,68,7,902,141,True,False,18,68,True,True,True
98242,2026,MA1,2,767912,109604,109604,915,Round 2,2026-07-12,Jeremy Hulsey,914,Black Falls Disc Golf Course,Gold tee-Gold basket,61,18,1,11:10:00,69,8,893,141,True,False,18,69,True,True,True
98242,2026,MA1,2,767912,221157,221157,932,Round 2,2026-07-12,Dylan Slick,915,Black Falls Disc Golf Course,Gold tee-Gold basket,61,18,1,11:20:00,71,10,876,141,True,False,18,71,True,True,True
98242,2026,MA2,1,767913,274902,274902,888,Round 1,2026-07-12,Nolan Smith,886,Black Falls Disc Golf Course,Silver tee-Gold basket,60,18,4,10:00:00,54,-6,977,118,True,False,18,54,True,True,True
98242,2026,MA2,1,767913,248718,248718,901,Round 1,2026-07-12,Keane Roland,916,Black Falls Disc Golf Course,Silver tee-Gold basket,60,18,3,10:00:00,58,-2,938,119,True,False,18,58,True,True,True
98242,2026,MA2,1,767913,289306,289306,913,Round 1,2026-07-12,Jonathan Smith,921,Black Falls Disc Golf Course,Silver tee-Gold basket,60,18,1,09:40:00,58,-2,938,121,True,False,18,58,True,True,True
98242,2026,MA2,1,767913,279372,279372,907,Round 1,2026-07-12,Cale Bombardier,920,Black Falls Disc Golf Course,Silver tee-Gold basket,60,18,3,09:50:00,59,-1,929,117,True,False,18,59,True,True,True
98242,2026,MA2,1,767913,311270,311270,898,Round 1,2026-07-12,Max Olmsted,917,Black Falls Disc Golf Course,Silver tee-Gold basket,60,18,3,09:30:00,59,-1,929,122,True,False,18,59,True,True,True
98242,2026,MA2,1,767913,229842,229842,916,Round 1,2026-07-12,Jacob Dell,914,Black Falls Disc Golf Course,Silver tee-Gold basket,60,18,1,09:50:00,61,1,909,119,True,False,18,61,True,True,True
98242,2026,MA2,1,767913,314991,314991,872,Round 1,2026-07-12,Conner Spence,890,Black Falls Disc Golf Course,Silver tee-Gold basket,60,18,4,09:40:00,62,2,899,122,True,False,18,62,True,True,True
98242,2026,MA2,1,767913,268186,268186,915,Round 1,2026-07-12,Brody Reed,926,Black Falls Disc Golf Course,Silver tee-Gold basket,60,18,2,09:50:00,64,4,880,122,True,False,18,64,True,True,True
98242,2026,MA2,1,767913,113583,113583,885,Round 1,2026-07-12,Wesley Bailey,913,Black Falls Disc Golf Course,Silver tee-Gold basket,60,18,1,09:30:00,65,5,870,124,True,False,18,65,True,True,True
98242,2026,MA2,1,767913,291088,291088,873,Round 1,2026-07-12,Joseph Maher,880,Black Falls Disc Golf Course,Silver tee-Gold basket,60,18,4,09:50:00,66,6,861,132,True,False,18,66,True,True,True
98242,2026,MA2,1,767913,292031,292031,861,Round 1,2026-07-12,George Salmons,877,Black Falls Disc Golf Course,Silver tee-Gold basket,60,18,2,09:40:00,66,6,861,134,True,False,18,66,True,True,True
98242,2026,MA2,1,767913,324228,324228,893,Round 1,2026-07-12,Luc Cohen-Wanis,885,Black Falls Disc Golf Course,Silver tee-Gold basket,60,18,4,09:30:00,67,7,851,133,True,False,18,67,True,True,True
98242,2026,MA2,1,767913,163523,163523,872,Round 1,2026-07-12,Landon Desroches,866,Black Falls Disc Golf Course,Silver tee-Gold basket,60,18,1,10:00:00,68,8,841,129,True,False,18,68,True,True,True
98242,2026,MA2,1,767913,304569,304569,816,Round 1,2026-07-12,Noah Fleury,824,Black Falls Disc Golf Course,Silver tee-Gold basket,60,18,2,09:30:00,69,9,831,144,True,False,18,69,True,True,True
98242,2026,MA2,1,767913,312596,312596,837,Round 1,2026-07-12,mark foster,837,Black Falls Disc Golf Course,Silver tee-Gold basket,60,18,3,09:40:00,70,10,822,131,True,False,18,70,True,True,True
98242,2026,MA2,1,767913,239437,239437,847,Round 1,2026-07-12,Simon Bethune,830,Black Falls Disc Golf Course,Silver tee-Gold basket,60,18,2,10:00:00,73,13,793,141,True,False,18,73,True,True,True
98242,2026,MA2,2,767913,279372,279372,907,Round 2,2026-07-12,Cale Bombardier,920,Black Falls Disc Golf Course,Silver tee-Gold basket,60,18,4,09:50:00,58,-2,938,117,True,False,18,58,True,True,True
98242,2026,MA2,2,767913,274902,274902,888,Round 2,2026-07-12,Nolan Smith,886,Black Falls Disc Golf Course,Silver tee-Gold basket,60,18,1,09:50:00,64,4,880,118,True,False,18,64,True,True,True
98242,2026,MA2,2,767913,229842,229842,916,Round 2,2026-07-12,Jacob Dell,914,Black Falls Disc Golf Course,Silver tee-Gold basket,60,18,2,09:40:00,58,-2,938,119,True,False,18,58,True,True,True
98242,2026,MA2,2,767913,248718,248718,901,Round 2,2026-07-12,Keane Roland,916,Black Falls Disc Golf Course,Silver tee-Gold basket,60,18,2,09:50:00,61,1,909,119,True,False,18,61,True,True,True
98242,2026,MA2,2,767913,289306,289306,913,Round 2,2026-07-12,Jonathan Smith,921,Black Falls Disc Golf Course,Silver tee-Gold basket,60,18,3,09:50:00,63,3,890,121,True,False,18,63,True,True,True
98242,2026,MA2,2,767913,268186,268186,915,Round 2,2026-07-12,Brody Reed,926,Black Falls Disc Golf Course,Silver tee-Gold basket,60,18,4,09:40:00,58,-2,938,122,True,False,18,58,True,True,True
98242,2026,MA2,2,767913,314991,314991,872,Round 2,2026-07-12,Conner Spence,890,Black Falls Disc Golf Course,Silver tee-Gold basket,60,18,3,09:40:00,60,0,919,122,True,False,18,60,True,True,True
98242,2026,MA2,2,767913,311270,311270,898,Round 2,2026-07-12,Max Olmsted,917,Black Falls Disc Golf Course,Silver tee-Gold basket,60,18,1,09:40:00,63,3,890,122,True,False,18,63,True,True,True
98242,2026,MA2,2,767913,113583,113583,885,Round 2,2026-07-12,Wesley Bailey,913,Black Falls Disc Golf Course,Silver tee-Gold basket,60,18,1,09:30:00,59,-1,929,124,True,False,18,59,True,True,True
98242,2026,MA2,2,767913,163523,163523,872,Round 2,2026-07-12,Landon Desroches,866,Black Falls Disc Golf Course,Silver tee-Gold basket,60,18,1,09:20:00,61,1,909,129,True,False,18,61,True,True,True
98242,2026,MA2,2,767913,312596,312596,837,Round 2,2026-07-12,mark foster,837,Black Falls Disc Golf Course,Silver tee-Gold basket,60,18,3,09:20:00,61,1,909,131,True,False,18,61,True,True,True
98242,2026,MA2,2,767913,291088,291088,873,Round 2,2026-07-12,Joseph Maher,880,Black Falls Disc Golf Course,Silver tee-Gold basket,60,18,2,09:30:00,66,6,861,132,True,False,18,66,True,True,True
98242,2026,MA2,2,767913,324228,324228,893,Round 2,2026-07-12,Luc Cohen-Wanis,885,Black Falls Disc Golf Course,Silver tee-Gold basket,60,18,4,09:30:00,66,6,861,133,True,False,18,66,True,True,True
98242,2026,MA2,2,767913,292031,292031,861,Round 2,2026-07-12,George Salmons,877,Black Falls Disc Golf Course,Silver tee-Gold basket,60,18,3,09:30:00,68,8,841,134,True,False,18,68,True,True,True
98242,2026,MA2,2,767913,239437,239437,847,Round 2,2026-07-12,Simon Bethune,830,Black Falls Disc Golf Course,Silver tee-Gold basket,60,18,4,09:20:00,68,8,841,141,True,False,18,68,True,True,True
98242,2026,MA2,2,767913,304569,304569,816,Round 2,2026-07-12,Noah Fleury,824,Black Falls Disc Golf Course,Silver tee-Gold basket,60,18,2,09:20:00,75,15,773,144,True,False,18,75,True,True,True
98242,2026,MA3,1,767914,227703,227703,874,Round 1,2026-07-12,Joshua Berry,872,Black Falls Disc Golf Course,Silver tee-Silver basket,54,18,1,08:30:00,49,-5,912,100,True,False,18,49,True,True,True
98242,2026,MA3,1,767914,63896,63896,881,Round 1,2026-07-12,Ross King,899,Black Falls Disc Golf Course,Silver tee-Silver basket,54,18,1,09:00:00,50,-4,899,99,True,False,18,50,True,True,True
98242,2026,MA3,1,767914,262546,262546,862,Round 1,2026-07-12,Conner Crane,865,Black Falls Disc Golf Course,Silver tee-Silver basket,54,18,2,08:30:00,52,-2,873,106,True,False,18,52,True,True,True
98242,2026,MA3,1,767914,329998,329998,,Round 1,2026-07-12,Cody Compton,867,Black Falls Disc Golf Course,Silver tee-Silver basket,54,18,4,09:00:00,52,-2,873,105,True,False,18,52,True,True,True
98242,2026,MA3,1,767914,156256,156256,838,Round 1,2026-07-12,Colby Garrand,836,Black Falls Disc Golf Course,Silver tee-Silver basket,54,18,3,08:30:00,54,0,847,110,True,False,18,54,True,True,True
98242,2026,MA3,1,767914,312423,312423,808,Round 1,2026-07-12,Peter Cousino,819,Black Falls Disc Golf Course,Silver tee-Silver basket,54,18,2,09:00:00,54,0,847,106,True,False,18,54,True,True,True
98242,2026,MA3,1,767914,266150,266150,871,Round 1,2026-07-12,James Sheehan,864,Black Falls Disc Golf Course,Silver tee-Silver basket,54,18,3,08:50:00,55,1,834,107,True,False,18,55,True,True,True
98242,2026,MA3,1,767914,314105,314105,848,Round 1,2026-07-12,Dustin Smedy,835,Black Falls Disc Golf Course,Silver tee-Silver basket,54,18,3,09:00:00,55,1,834,111,True,False,18,55,True,True,True
98242,2026,MA3,1,767914,211434,211434,797,Round 1,2026-07-12,Thomas Bousquet,798,Black Falls Disc Golf Course,Silver tee-Silver basket,54,18,2,08:50:00,56,2,821,108,True,False,18,56,True,True,True
98242,2026,MA3,1,767914,286641,286641,831,Round 1,2026-07-12,Matthew Lanctot,837,Black Falls Disc Golf Course,Silver tee-Silver basket,54,18,1,08:50:00,57,3,807,113,True,False,18,57,True,True,True
98242,2026,MA3,1,767914,264281,264281,758,Round 1,2026-07-12,Gabriel Frozi,783,Black Falls Disc Golf Course,Silver tee-Silver basket,54,18,1,08:40:00,61,7,755,116,True,False,18,61,True,True,True
98242,2026,MA3,1,767914,289367,289367,840,Round 1,2026-07-12,Tyler Karnes,836,Black Falls Disc Golf Course,Silver tee-Silver basket,54,18,4,08:50:00,62,8,742,120,True,False,18,62,True,True,True
98242,2026,MA3,1,767914,268207,268207,736,Round 1,2026-07-12,Craig Reed,757,Black Falls Disc Golf Course,Silver tee-Silver basket,54,18,2,08:40:00,67,13,677,126,True,False,18,67,True,True,True
98242,2026,MA3,2,767914,63896,63896,881,Round 2,2026-07-12,Ross King,899,Black Falls Disc Golf Course,Silver tee-Silver basket,54,18,2,08:50:00,49,-5,912,99,True,False,18,49,True,True,True
98242,2026,MA3,2,767914,227703,227703,874,Round 2,2026-07-12,Joshua Berry,872,Black Falls Disc Golf Course,Silver tee-Silver basket,54,18,1,08:50:00,51,-3,886,100,True,False,18,51,True,True,True
98242,2026,MA3,2,767914,329998,329998,,Round 2,2026-07-12,Cody Compton,867,Black Falls Disc Golf Course,Silver tee-Silver basket,54,18,4,08:50:00,53,-1,860,105,True,False,18,53,True,True,True
98242,2026,MA3,2,767914,312423,312423,808,Round 2,2026-07-12,Peter Cousino,819,Black Falls Disc Golf Course,Silver tee-Silver basket,54,18,2,08:40:00,52,-2,873,106,True,False,18,52,True,True,True
98242,2026,MA3,2,767914,262546,262546,862,Round 2,2026-07-12,Conner Crane,865,Black Falls Disc Golf Course,Silver tee-Silver basket,54,18,3,08:50:00,54,0,847,106,True,False,18,54,True,True,True
98242,2026,MA3,2,767914,266150,266150,871,Round 2,2026-07-12,James Sheehan,864,Black Falls Disc Golf Course,Silver tee-Silver basket,54,18,3,08:40:00,52,-2,873,107,True,False,18,52,True,True,True
98242,2026,MA3,2,767914,211434,211434,797,Round 2,2026-07-12,Thomas Bousquet,798,Black Falls Disc Golf Course,Silver tee-Silver basket,54,18,1,08:30:00,52,-2,873,108,True,False,18,52,True,True,True
98242,2026,MA3,2,767914,156256,156256,838,Round 2,2026-07-12,Colby Garrand,836,Black Falls Disc Golf Course,Silver tee-Silver basket,54,18,1,08:40:00,56,2,821,110,True,False,18,56,True,True,True
98242,2026,MA3,2,767914,314105,314105,848,Round 2,2026-07-12,Dustin Smedy,835,Black Falls Disc Golf Course,Silver tee-Silver basket,54,18,4,08:40:00,56,2,821,111,True,False,18,56,True,True,True
98242,2026,MA3,2,767914,286641,286641,831,Round 2,2026-07-12,Matthew Lanctot,837,Black Falls Disc Golf Course,Silver tee-Silver basket,54,18,2,08:30:00,56,2,821,113,True,False,18,56,True,True,True
98242,2026,MA3,2,767914,264281,264281,758,Round 2,2026-07-12,Gabriel Frozi,783,Black Falls Disc Golf Course,Silver tee-Silver basket,54,18,3,08:30:00,55,1,834,116,True,False,18,55,True,True,True
98242,2026,MA3,2,767914,289367,289367,840,Round 2,2026-07-12,Tyler Karnes,836,Black Falls Disc Golf Course,Silver tee-Silver basket,54,18,2,08:20:00,58,4,794,120,True,False,18,58,True,True,True
98242,2026,MA3,2,767914,268207,268207,736,Round 2,2026-07-12,Craig Reed,757,Black Falls Disc Golf Course,Silver tee-Silver basket,54,18,3,08:20:00,59,5,781,126,True,False,18,59,True,True,True
98242,2026,MA40,1,767913,205696,205696,860,Round 1,2026-07-12,Matthew Smith,856,Black Falls Disc Golf Course,Silver tee-Gold basket,60,18,2,10:40:00,58,-2,938,121,True,False,18,58,True,True,True
98242,2026,MA40,1,767913,283262,283262,858,Round 1,2026-07-12,John Lucci,877,Black Falls Disc Golf Course,Silver tee-Gold basket,60,18,4,10:40:00,60,0,919,129,True,False,18,60,True,True,True
98242,2026,MA40,1,767913,261570,261570,908,Round 1,2026-07-12,John Beaudin,911,Black Falls Disc Golf Course,Silver tee-Gold basket,60,18,3,10:40:00,62,2,899,118,True,False,18,62,True,True,True
98242,2026,MA40,1,767913,84935,84935,865,Round 1,2026-07-12,Droo Fisher,866,Black Falls Disc Golf Course,Silver tee-Gold basket,60,18,1,10:40:00,63,3,890,124,True,False,18,63,True,True,True
98242,2026,MA40,2,767913,261570,261570,908,Round 2,2026-07-12,John Beaudin,911,Black Falls Disc Golf Course,Silver tee-Gold basket,60,18,3,10:00:00,56,-4,958,118,True,False,18,56,True,True,True
98242,2026,MA40,2,767913,205696,205696,860,Round 2,2026-07-12,Matthew Smith,856,Black Falls Disc Golf Course,Silver tee-Gold basket,60,18,1,10:00:00,63,3,890,121,True,False,18,63,True,True,True
98242,2026,MA40,2,767913,84935,84935,865,Round 2,2026-07-12,Droo Fisher,866,Black Falls Disc Golf Course,Silver tee-Gold basket,60,18,4,10:00:00,61,1,909,124,True,False,18,61,True,True,True
98242,2026,MA40,2,767913,283262,283262,858,Round 2,2026-07-12,John Lucci,877,Black Falls Disc Golf Course,Silver tee-Gold basket,60,18,2,10:00:00,69,9,831,129,True,False,18,69,True,True,True
98242,2026,MA50,1,767913,275118,275118,893,Round 1,2026-07-12,Matthew German,905,Black Falls Disc Golf Course,Silver tee-Gold basket,60,18,3,10:20:00,59,-1,929,115,True,False,18,59,True,True,True
98242,2026,MA50,1,767913,74288,74288,886,Round 1,2026-07-12,Gregg Guillily,889,Black Falls Disc Golf Course,Silver tee-Gold basket,60,18,1,10:30:00,61,1,909,124,True,False,18,61,True,True,True
98242,2026,MA50,1,767913,268914,268914,895,Round 1,2026-07-12,James Sestokas,891,Black Falls Disc Golf Course,Silver tee-Gold basket,60,18,2,10:20:00,61,1,909,123,True,False,18,61,True,True,True
98242,2026,MA50,1,767913,147904,147904,885,Round 1,2026-07-12,John Williams,890,Black Falls Disc Golf Course,Silver tee-Gold basket,60,18,2,10:30:00,64,4,880,124,True,False,18,64,True,True,True
98242,2026,MA50,1,767913,161619,161619,905,Round 1,2026-07-12,Randolph Jordan,896,Black Falls Disc Golf Course,Silver tee-Gold basket,60,18,1,10:20:00,66,6,861,133,True,False,18,66,True,True,True
98242,2026,MA50,1,767913,251178,251178,878,Round 1,2026-07-12,Dan Rico,876,Black Falls Disc Golf Course,Silver tee-Gold basket,60,18,3,10:30:00,66,6,861,137,True,False,18,66,True,True,True
98242,2026,MA50,2,767913,275118,275118,893,Round 2,2026-07-12,Matthew German,905,Black Falls Disc Golf Course,Silver tee-Gold basket,60,18,1,11:00:00,56,-4,958,115,True,False,18,56,True,True,True
98242,2026,MA50,2,767913,268914,268914,895,Round 2,2026-07-12,James Sestokas,891,Black Falls Disc Golf Course,Silver tee-Gold basket,60,18,3,11:00:00,62,2,899,123,True,False,18,62,True,True,True
98242,2026,MA50,2,767913,147904,147904,885,Round 2,2026-07-12,John Williams,890,Black Falls Disc Golf Course,Silver tee-Gold basket,60,18,1,10:50:00,60,0,919,124,True,False,18,60,True,True,True
98242,2026,MA50,2,767913,74288,74288,886,Round 2,2026-07-12,Gregg Guillily,889,Black Falls Disc Golf Course,Silver tee-Gold basket,60,18,2,11:00:00,63,3,890,124,True,False,18,63,True,True,True
98242,2026,MA50,2,767913,161619,161619,905,Round 2,2026-07-12,Randolph Jordan,896,Black Falls Disc Golf Course,Silver tee-Gold basket,60,18,2,10:50:00,67,7,851,133,True,False,18,67,True,True,True
98242,2026,MA50,2,767913,251178,251178,878,Round 2,2026-07-12,Dan Rico,876,Black Falls Disc Golf Course,Silver tee-Gold basket,60,18,3,10:50:00,71,11,812,137,True,False,18,71,True,True,True
98242,2026,MA60,1,767913,91301,91301,906,Round 1,2026-07-12,Michael A. Stridsberg,898,Black Falls Disc Golf Course,Silver tee-Gold basket,60,18,2,10:10:00,63,3,890,131,True,False,18,63,True,True,True
98242,2026,MA60,1,767913,202875,202875,913,Round 1,2026-07-12,Thomas Limanek,911,Black Falls Disc Golf Course,Silver tee-Gold basket,60,18,4,10:50:00,64,4,880,122,True,False,18,64,True,True,True
98242,2026,MA60,1,767913,154603,154603,904,Round 1,2026-07-12,Scott “Scooter” Fort,903,Black Falls Disc Golf Course,Silver tee-Gold basket,60,18,3,10:50:00,65,5,870,127,True,False,18,65,True,True,True
98242,2026,MA60,1,767913,131352,131352,812,Round 1,2026-07-12,David Havens,816,Black Falls Disc Golf Course,Silver tee-Gold basket,60,18,3,10:10:00,69,9,831,140,True,False,18,69,True,True,True
98242,2026,MA60,1,767913,74478,74478,836,Round 1,2026-07-12,John Sudarsky,845,Black Falls Disc Golf Course,Silver tee-Gold basket,60,18,1,10:10:00,78,18,744,149,True,False,18,78,True,True,True
98242,2026,MA60,2,767913,202875,202875,913,Round 2,2026-07-12,Thomas Limanek,911,Black Falls Disc Golf Course,Silver tee-Gold basket,60,18,2,10:30:00,58,-2,938,122,True,False,18,58,True,True,True
98242,2026,MA60,2,767913,154603,154603,904,Round 2,2026-07-12,Scott “Scooter” Fort,903,Black Falls Disc Golf Course,Silver tee-Gold basket,60,18,3,10:30:00,62,2,899,127,True,False,18,62,True,True,True
98242,2026,MA60,2,767913,91301,91301,906,Round 2,2026-07-12,Michael A. Stridsberg,898,Black Falls Disc Golf Course,Silver tee-Gold basket,60,18,1,10:30:00,68,8,841,131,True,False,18,68,True,True,True
98242,2026,MA60,2,767913,131352,131352,812,Round 2,2026-07-12,David Havens,816,Black Falls Disc Golf Course,Silver tee-Gold basket,60,18,4,10:30:00,71,11,812,140,True,False,18,71,True,True,True
98242,2026,MA60,2,767913,74478,74478,836,Round 2,2026-07-12,John Sudarsky,845,Black Falls Disc Golf Course,Silver tee-Gold basket,60,18,3,10:20:00,71,11,812,149,True,False,18,71,True,True,True
98242,2026,MA70,1,767914,248502,248502,829,Round 1,2026-07-12,Christian Andresen,846,Black Falls Disc Golf Course,Silver tee-Silver basket,54,18,3,08:40:00,53,-1,860,110,True,False,18,53,True,True,True
98242,2026,MA70,2,767914,248502,248502,829,Round 2,2026-07-12,Christian Andresen,846,Black Falls Disc Golf Course,Silver tee-Silver basket,54,18,1,08:20:00,57,3,807,110,True,False,18,57,True,True,True
98242,2026,MP40,1,767912,22318,22318,952,Round 1,2026-07-12,Aaron Smartt,965,Black Falls Disc Golf Course,Gold tee-Gold basket,61,18,1,12:50:00,57,-4,996,120,True,False,18,57,True,True,True
98242,2026,MP40,1,767912,63390,63390,971,Round 1,2026-07-12,Jim Bailey,986,Black Falls Disc Golf Course,Gold tee-Gold basket,61,18,2,12:50:00,57,-4,996,115,True,False,18,57,True,True,True
98242,2026,MP40,1,767912,193211,193211,917,Round 1,2026-07-12,Greg Babbin,933,Black Falls Disc Golf Course,Gold tee-Gold basket,61,18,3,12:50:00,61,0,962,123,True,False,18,61,True,True,True
98242,2026,MP40,1,767912,253428,253428,954,Round 1,2026-07-12,Hugo Lussier,964,Black Falls Disc Golf Course,Gold tee-Gold basket,61,18,2,13:00:00,63,2,945,125,True,False,18,63,True,True,True
98242,2026,MP40,1,767912,290531,290531,929,Round 1,2026-07-12,Scott Ellis,922,Black Falls Disc Golf Course,Gold tee-Gold basket,61,18,3,13:00:00,68,7,902,132,True,False,18,68,True,True,True
98242,2026,MP40,1,767912,170807,170807,924,Round 1,2026-07-12,Roger Duhaime,905,Black Falls Disc Golf Course,Gold tee-Gold basket,61,18,1,13:00:00,74,13,850,142,True,False,18,74,True,True,True
98242,2026,MP40,2,767912,63390,63390,971,Round 2,2026-07-12,Jim Bailey,986,Black Falls Disc Golf Course,Gold tee-Gold basket,61,18,2,12:40:00,58,-3,988,115,True,False,18,58,True,True,True
98242,2026,MP40,2,767912,22318,22318,952,Round 2,2026-07-12,Aaron Smartt,965,Black Falls Disc Golf Course,Gold tee-Gold basket,61,18,1,12:40:00,63,2,945,120,True,False,18,63,True,True,True
98242,2026,MP40,2,767912,193211,193211,917,Round 2,2026-07-12,Greg Babbin,933,Black Falls Disc Golf Course,Gold tee-Gold basket,61,18,3,12:40:00,62,1,953,123,True,False,18,62,True,True,True
98242,2026,MP40,2,767912,253428,253428,954,Round 2,2026-07-12,Hugo Lussier,964,Black Falls Disc Golf Course,Gold tee-Gold basket,61,18,4,12:40:00,62,1,953,125,True,False,18,62,True,True,True
98242,2026,MP40,2,767912,290531,290531,929,Round 2,2026-07-12,Scott Ellis,922,Black Falls Disc Golf Course,Gold tee-Gold basket,61,18,3,12:50:00,64,3,936,132,True,False,18,64,True,True,True
98242,2026,MP40,2,767912,170807,170807,924,Round 2,2026-07-12,Roger Duhaime,905,Black Falls Disc Golf Course,Gold tee-Gold basket,61,18,4,12:50:00,68,7,902,142,True,False,18,68,True,True,True
98242,2026,MP50,1,767912,166239,166239,948,Round 1,2026-07-12,Tom Raub,958,Black Falls Disc Golf Course,Gold tee-Gold basket,61,18,2,12:20:00,60,-1,971,120,True,False,18,60,True,True,True
98242,2026,MP50,1,767912,273662,273662,918,Round 1,2026-07-12,John McKinnon,920,Black Falls Disc Golf Course,Gold tee-Gold basket,61,18,1,12:20:00,60,-1,971,123,True,False,18,60,True,True,True
98242,2026,MP50,1,767912,120378,120378,943,Round 1,2026-07-12,Drew McDowell,952,Black Falls Disc Golf Course,Gold tee-Gold basket,61,18,4,12:20:00,61,0,962,122,True,False,18,61,True,True,True
98242,2026,MP50,1,767912,24381,24381,938,Round 1,2026-07-12,Chris Young,937,Black Falls Disc Golf Course,Gold tee-Gold basket,61,18,1,12:30:00,62,1,953,129,True,False,18,62,True,True,True
98242,2026,MP50,1,767912,25395,25395,949,Round 1,2026-07-12,Peter Belizi,944,Black Falls Disc Golf Course,Gold tee-Gold basket,61,18,3,12:10:00,62,1,953,122,True,False,18,62,True,True,True
98242,2026,MP50,1,767912,32401,32401,931,Round 1,2026-07-12,Todd Holmes,940,Black Falls Disc Golf Course,Gold tee-Gold basket,61,18,3,12:30:00,64,3,936,129,True,False,18,64,True,True,True
98242,2026,MP50,1,767912,132446,132446,922,Round 1,2026-07-12,Yves Desgreniers,917,Black Falls Disc Golf Course,Gold tee-Gold basket,61,18,1,12:10:00,66,5,919,136,True,False,18,66,True,True,True
98242,2026,MP50,1,767912,12667,12667,908,Round 1,2026-07-12,Scott Shepardson,906,Black Falls Disc Golf Course,Gold tee-Gold basket,61,18,3,12:20:00,67,6,910,129,True,False,18,67,True,True,True
98242,2026,MP50,1,767912,189489,189489,948,Round 1,2026-07-12,Joshua Niss,937,Black Falls Disc Golf Course,Gold tee-Gold basket,61,18,4,12:30:00,67,6,910,131,True,False,18,67,True,True,True
98242,2026,MP50,1,767912,154887,154887,935,Round 1,2026-07-12,Brian Hunter,941,Black Falls Disc Golf Course,Gold tee-Gold basket,61,18,2,12:30:00,70,9,884,137,True,False,18,70,True,True,True
98242,2026,MP50,1,767912,223480,223480,877,Round 1,2026-07-12,Marc Kirkpatrick,879,Black Falls Disc Golf Course,Gold tee-Gold basket,61,18,2,12:10:00,74,13,850,144,True,False,18,74,True,True,True
98242,2026,MP50,2,767912,166239,166239,948,Round 2,2026-07-12,Tom Raub,958,Black Falls Disc Golf Course,Gold tee-Gold basket,61,18,1,12:30:00,60,-1,971,120,True,False,18,60,True,True,True
98242,2026,MP50,2,767912,25395,25395,949,Round 2,2026-07-12,Peter Belizi,944,Black Falls Disc Golf Course,Gold tee-Gold basket,61,18,1,12:20:00,60,-1,971,122,True,False,18,60,True,True,True
98242,2026,MP50,2,767912,120378,120378,943,Round 2,2026-07-12,Drew McDowell,952,Black Falls Disc Golf Course,Gold tee-Gold basket,61,18,3,12:30:00,61,0,962,122,True,False,18,61,True,True,True
98242,2026,MP50,2,767912,273662,273662,918,Round 2,2026-07-12,John McKinnon,920,Black Falls Disc Golf Course,Gold tee-Gold basket,61,18,2,12:30:00,63,2,945,123,True,False,18,63,True,True,True
98242,2026,MP50,2,767912,12667,12667,908,Round 2,2026-07-12,Scott Shepardson,906,Black Falls Disc Golf Course,Gold tee-Gold basket,61,18,4,12:20:00,62,1,953,129,True,False,18,62,True,True,True
98242,2026,MP50,2,767912,32401,32401,931,Round 2,2026-07-12,Todd Holmes,940,Black Falls Disc Golf Course,Gold tee-Gold basket,61,18,2,12:20:00,65,4,927,129,True,False,18,65,True,True,True
98242,2026,MP50,2,767912,24381,24381,938,Round 2,2026-07-12,Chris Young,937,Black Falls Disc Golf Course,Gold tee-Gold basket,61,18,4,12:30:00,67,6,910,129,True,False,18,67,True,True,True
98242,2026,MP50,2,767912,189489,189489,948,Round 2,2026-07-12,Joshua Niss,937,Black Falls Disc Golf Course,Gold tee-Gold basket,61,18,1,12:10:00,64,3,936,131,True,False,18,64,True,True,True
98242,2026,MP50,2,767912,132446,132446,922,Round 2,2026-07-12,Yves Desgreniers,917,Black Falls Disc Golf Course,Gold tee-Gold basket,61,18,3,12:20:00,70,9,884,136,True,False,18,70,True,True,True
98242,2026,MP50,2,767912,154887,154887,935,Round 2,2026-07-12,Brian Hunter,941,Black Falls Disc Golf Course,Gold tee-Gold basket,61,18,2,12:10:00,67,6,910,137,True,False,18,67,True,True,True
98242,2026,MP50,2,767912,223480,223480,877,Round 2,2026-07-12,Marc Kirkpatrick,879,Black Falls Disc Golf Course,Gold tee-Gold basket,61,18,3,12:10:00,70,9,884,144,True,False,18,70,True,True,True
98242,2026,MP60,1,767913,73991,73991,850,Round 1,2026-07-12,Jeff Milchen,855,Black Falls Disc Golf Course,Silver tee-Gold basket,60,18,2,10:50:00,61,1,909,126,True,False,18,61,True,True,True
98242,2026,MP60,1,767913,12353,12353,867,Round 1,2026-07-12,Brock Pitzer,876,Black Falls Disc Golf Course,Silver tee-Gold basket,60,18,1,10:50:00,69,9,831,132,True,False,18,69,True,True,True
98242,2026,MP60,2,767913,73991,73991,850,Round 2,2026-07-12,Jeff Milchen,855,Black Falls Disc Golf Course,Silver tee-Gold basket,60,18,1,10:20:00,65,5,870,126,True,False,18,65,True,True,True
98242,2026,MP60,2,767913,12353,12353,867,Round 2,2026-07-12,Brock Pitzer,876,Black Falls Disc Golf Course,Silver tee-Gold basket,60,18,2,10:20:00,63,3,890,132,True,False,18,63,True,True,True
98242,2026,MPO,1,767912,83848,83848,1002,Round 1,2026-07-12,Landon Brooks,1010,Black Falls Disc Golf Course,Gold tee-Gold basket,61,18,1,13:50:00,54,-7,1022,111,True,False,18,54,True,True,True
98242,2026,MPO,1,767912,161558,161558,993,Round 1,2026-07-12,Brad Schott,994,Black Falls Disc Golf Course,Gold tee-Gold basket,61,18,3,13:40:00,55,-6,1014,108,True,False,18,55,True,True,True
98242,2026,MPO,1,767912,74824,74824,966,Round 1,2026-07-12,Charles Blanchette,968,Black Falls Disc Golf Course,Gold tee-Gold basket,61,18,3,13:30:00,59,-2,979,125,True,False,18,59,True,True,True
98242,2026,MPO,1,767912,106751,106751,940,Round 1,2026-07-12,Jeffrey Abbott,952,Black Falls Disc Golf Course,Gold tee-Gold basket,61,18,3,13:20:00,59,-2,979,117,True,False,18,59,True,True,True
98242,2026,MPO,1,767912,140098,140098,969,Round 1,2026-07-12,Angus Barstow,980,Black Falls Disc Golf Course,Gold tee-Gold basket,61,18,2,14:00:00,59,-2,979,117,True,False,18,59,True,True,True
98242,2026,MPO,1,767912,56602,56602,963,Round 1,2026-07-12,John Buonsanto,968,Black Falls Disc Golf Course,Gold tee-Gold basket,61,18,2,13:30:00,60,-1,971,121,True,False,18,60,True,True,True
98242,2026,MPO,1,767912,142706,142706,964,Round 1,2026-07-12,Cédric Gilbert,965,Black Falls Disc Golf Course,Gold tee-Gold basket,61,18,1,13:10:00,60,-1,971,122,True,False,18,60,True,True,True
98242,2026,MPO,1,767912,142744,142744,963,Round 1,2026-07-12,Abel German,974,Black Falls Disc Golf Course,Gold tee-Gold basket,61,18,4,13:40:00,60,-1,971,116,True,False,18,60,True,True,True
98242,2026,MPO,1,767912,223671,223671,939,Round 1,2026-07-12,Brendan Van Tuinen,942,Black Falls Disc Golf Course,Gold tee-Gold basket,61,18,2,13:40:00,60,-1,971,123,True,False,18,60,True,True,True
98242,2026,MPO,1,767912,74240,74240,968,Round 1,2026-07-12,Christopher Martin,962,Black Falls Disc Golf Course,Gold tee-Gold basket,61,18,3,13:50:00,61,0,962,119,True,False,18,61,True,True,True
98242,2026,MPO,1,767912,169393,169393,986,Round 1,2026-07-12,Aidan Trombley,977,Black Falls Disc Golf Course,Gold tee-Gold basket,61,18,1,13:40:00,61,0,962,120,True,False,18,61,True,True,True
98242,2026,MPO,1,767912,181649,181649,998,Round 1,2026-07-12,Hubert Vachon,996,Black Falls Disc Golf Course,Gold tee-Gold basket,61,18,1,14:00:00,61,0,962,116,True,False,18,61,True,True,True
98242,2026,MPO,1,767912,31562,31562,966,Round 1,2026-07-12,Jonathan Betts,948,Black Falls Disc Golf Course,Gold tee-Gold basket,61,18,2,13:50:00,62,1,953,126,True,False,18,62,True,True,True
98242,2026,MPO,1,767912,109086,109086,941,Round 1,2026-07-12,Aaron Schlossberg,947,Black Falls Disc Golf Course,Gold tee-Gold basket,61,18,4,13:50:00,62,1,953,121,True,False,18,62,True,True,True
98242,2026,MPO,1,767912,275041,275041,924,Round 1,2026-07-12,Samuel Schonberg,937,Black Falls Disc Golf Course,Gold tee-Gold basket,61,18,3,13:10:00,62,1,953,125,True,False,18,62,True,True,True
98242,2026,MPO,1,767912,187845,187845,938,Round 1,2026-07-12,Shane Seals,962,Black Falls Disc Golf Course,Gold tee-Gold basket,61,18,4,14:00:00,63,2,945,123,True,False,18,63,True,True,True
98242,2026,MPO,1,767912,204892,204892,968,Round 1,2026-07-12,Tiernan Roland,973,Black Falls Disc Golf Course,Gold tee-Gold basket,61,18,1,13:30:00,63,2,945,123,True,False,18,63,True,True,True
98242,2026,MPO,1,767912,243678,243678,969,Round 1,2026-07-12,Louis-Philippe Levac,974,Black Falls Disc Golf Course,Gold tee-Gold basket,61,18,2,13:20:00,63,2,945,124,True,False,18,63,True,True,True
98242,2026,MPO,1,767912,91216,91216,930,Round 1,2026-07-12,Chris Spear,932,Black Falls Disc Golf Course,Gold tee-Gold basket,61,18,2,13:10:00,68,7,902,129,True,False,18,68,True,True,True
98242,2026,MPO,1,767912,101589,101589,945,Round 1,2026-07-12,Joey de Ondarza,948,Black Falls Disc Golf Course,Gold tee-Gold basket,61,18,1,13:20:00,68,7,902,125,True,False,18,68,True,True,True
98242,2026,MPO,1,767912,131201,131201,969,Round 1,2026-07-12,Tyler LaPerle,973,Black Falls Disc Golf Course,Gold tee-Gold basket,61,18,3,14:00:00,68,7,902,131,True,False,18,68,True,True,True
98242,2026,MPO,2,767912,161558,161558,993,Round 2,2026-07-12,Brad Schott,994,Black Falls Disc Golf Course,Gold tee-Gold basket,61,18,2,13:50:00,53,-8,1031,108,True,False,18,53,True,True,True
98242,2026,MPO,2,767912,83848,83848,1002,Round 2,2026-07-12,Landon Brooks,1010,Black Falls Disc Golf Course,Gold tee-Gold basket,61,18,1,13:50:00,57,-4,996,111,True,False,18,57,True,True,True
98242,2026,MPO,2,767912,181649,181649,998,Round 2,2026-07-12,Hubert Vachon,996,Black Falls Disc Golf Course,Gold tee-Gold basket,61,18,4,13:30:00,55,-6,1014,116,True,False,18,55,True,True,True
98242,2026,MPO,2,767912,142744,142744,963,Round 2,2026-07-12,Abel German,974,Black Falls Disc Golf Course,Gold tee-Gold basket,61,18,4,13:40:00,56,-5,1005,116,True,False,18,56,True,True,True
98242,2026,MPO,2,767912,106751,106751,940,Round 2,2026-07-12,Jeffrey Abbott,952,Black Falls Disc Golf Course,Gold tee-Gold basket,61,18,4,13:50:00,58,-3,988,117,True,False,18,58,True,True,True
98242,2026,MPO,2,767912,140098,140098,969,Round 2,2026-07-12,Angus Barstow,980,Black Falls Disc Golf Course,Gold tee-Gold basket,61,18,1,13:40:00,58,-3,988,117,True,False,18,58,True,True,True
98242,2026,MPO,2,767912,74240,74240,968,Round 2,2026-07-12,Christopher Martin,962,Black Falls Disc Golf Course,Gold tee-Gold basket,61,18,2,13:30:00,58,-3,988,119,True,False,18,58,True,True,True
98242,2026,MPO,2,767912,169393,169393,986,Round 2,2026-07-12,Aidan Trombley,977,Black Falls Disc Golf Course,Gold tee-Gold basket,61,18,3,13:30:00,59,-2,979,120,True,False,18,59,True,True,True
98242,2026,MPO,2,767912,109086,109086,941,Round 2,2026-07-12,Aaron Schlossberg,947,Black Falls Disc Golf Course,Gold tee-Gold basket,61,18,2,13:20:00,59,-2,979,121,True,False,18,59,True,True,True
98242,2026,MPO,2,767912,56602,56602,963,Round 2,2026-07-12,John Buonsanto,968,Black Falls Disc Golf Course,Gold tee-Gold basket,61,18,2,13:40:00,61,0,962,121,True,False,18,61,True,True,True
98242,2026,MPO,2,767912,142706,142706,964,Round 2,2026-07-12,Cédric Gilbert,965,Black Falls Disc Golf Course,Gold tee-Gold basket,61,18,3,13:40:00,62,1,953,122,True,False,18,62,True,True,True
98242,2026,MPO,2,767912,187845,187845,938,Round 2,2026-07-12,Shane Seals,962,Black Falls Disc Golf Course,Gold tee-Gold basket,61,18,4,13:20:00,60,-1,971,123,True,False,18,60,True,True,True
98242,2026,MPO,2,767912,204892,204892,968,Round 2,2026-07-12,Tiernan Roland,973,Black Falls Disc Golf Course,Gold tee-Gold basket,61,18,1,13:00:00,60,-1,971,123,True,False,18,60,True,True,True
98242,2026,MPO,2,767912,223671,223671,939,Round 2,2026-07-12,Brendan Van Tuinen,942,Black Falls Disc Golf Course,Gold tee-Gold basket,61,18,1,13:30:00,63,2,945,123,True,False,18,63,True,True,True
98242,2026,MPO,2,767912,243678,243678,969,Round 2,2026-07-12,Louis-Philippe Levac,974,Black Falls Disc Golf Course,Gold tee-Gold basket,61,18,2,13:00:00,61,0,962,124,True,False,18,61,True,True,True
98242,2026,MPO,2,767912,101589,101589,945,Round 2,2026-07-12,Joey de Ondarza,948,Black Falls Disc Golf Course,Gold tee-Gold basket,61,18,1,12:50:00,57,-4,996,125,True,False,18,57,True,True,True
98242,2026,MPO,2,767912,275041,275041,924,Round 2,2026-07-12,Samuel Schonberg,937,Black Falls Disc Golf Course,Gold tee-Gold basket,61,18,3,13:20:00,63,2,945,125,True,False,18,63,True,True,True
98242,2026,MPO,2,767912,74824,74824,966,Round 2,2026-07-12,Charles Blanchette,968,Black Falls Disc Golf Course,Gold tee-Gold basket,61,18,3,13:50:00,66,5,919,125,True,False,18,66,True,True,True
98242,2026,MPO,2,767912,31562,31562,966,Round 2,2026-07-12,Jonathan Betts,948,Black Falls Disc Golf Course,Gold tee-Gold basket,61,18,1,13:20:00,64,3,936,126,True,False,18,64,True,True,True
98242,2026,MPO,2,767912,91216,91216,930,Round 2,2026-07-12,Chris Spear,932,Black Falls Disc Golf Course,Gold tee-Gold basket,61,18,3,13:00:00,61,0,962,129,True,False,18,61,True,True,True
98242,2026,MPO,2,767912,131201,131201,969,Round 2,2026-07-12,Tyler LaPerle,973,Black Falls Disc Golf Course,Gold tee-Gold basket,61,18,2,12:50:00,63,2,945,131,True,False,18,63,True,True,True
98252,2026,FA1,1,771274,282534,282534,766,Round 1,2026-08-09,Kayla Neumeister,752,North Calais Disc Golf Course,White Tees,65,18,3,08:20:00,73,8,796,154,True,False,18,73,True,True,True
98252,2026,FA1,1,771274,211070,211070,770,Round 1,2026-08-09,Harley Fjeld,,North Calais Disc Golf Course,White Tees,65,18,1,08:20:00,74,9,786,146,True,False,18,74,True,True,True
98252,2026,FA1,1,771274,278389,278389,770,Round 1,2026-08-09,Jessica Davenport,766,North Calais Disc Golf Course,White Tees,65,18,2,08:20:00,81,16,720,151,True,False,18,81,True,True,True
98252,2026,FA1,2,771274,211070,211070,770,Round 2,2026-08-09,Harley Fjeld,,North Calais Disc Golf Course,White Tees,65,18,2,08:20:00,72,7,806,146,True,False,18,72,True,True,True
98252,2026,FA1,2,771274,278389,278389,770,Round 2,2026-08-09,Jessica Davenport,766,North Calais Disc Golf Course,White Tees,65,18,3,08:20:00,70,5,825,151,True,False,18,70,True,True,True
98252,2026,FA1,2,771274,282534,282534,766,Round 2,2026-08-09,Kayla Neumeister,752,North Calais Disc Golf Course,White Tees,65,18,1,08:20:00,81,16,720,154,True,False,18,81,True,True,True
98252,2026,FA40,1,771274,170809,170809,769,Round 1,2026-08-09,Brita Tirrell,777,North Calais Disc Golf Course,White Tees,65,18,1,08:30:00,72,7,806,149,True,False,18,72,True,True,True
98252,2026,FA40,1,771274,213173,213173,781,Round 1,2026-08-09,Elizabeth Carrell,775,North Calais Disc Golf Course,White Tees,65,18,2,08:30:00,72,7,806,149,True,False,18,72,True,True,True
98252,2026,FA40,1,771274,275115,275115,807,Round 1,2026-08-09,Mindy German,805,North Calais Disc Golf Course,White Tees,65,18,3,08:30:00,76,11,767,147,True,False,18,76,True,True,True
98252,2026,FA40,2,771274,275115,275115,807,Round 2,2026-08-09,Mindy German,805,North Calais Disc Golf Course,White Tees,65,18,4,08:40:00,71,6,815,147,True,False,18,71,True,True,True
98252,2026,FA40,2,771274,170809,170809,769,Round 2,2026-08-09,Brita Tirrell,777,North Calais Disc Golf Course,White Tees,65,18,1,08:40:00,77,12,758,149,True,False,18,77,True,True,True
98252,2026,FA40,2,771274,213173,213173,781,Round 2,2026-08-09,Elizabeth Carrell,775,North Calais Disc Golf Course,White Tees,65,18,2,08:40:00,77,12,758,149,True,False,18,77,True,True,True
98252,2026,FA50,1,771274,283965,283965,721,Round 1,2026-08-09,Jennifer Soutar,731,North Calais Disc Golf Course,White Tees,65,18,4,08:30:00,75,10,777,153,True,False,18,75,True,True,True
98252,2026,FA50,2,771274,283965,283965,721,Round 2,2026-08-09,Jennifer Soutar,731,North Calais Disc Golf Course,White Tees,65,18,3,08:40:00,78,13,748,153,True,False,18,78,True,True,True
98252,2026,FPO,1,771273,122613,122613,892,Round 1,2026-08-09,Kelly Heslin,889,North Calais Disc Golf Course,Blue Tees,65,18,1,11:30:00,69,4,916,138,True,False,18,69,True,True,True
98252,2026,FPO,1,771273,162697,162697,906,Round 1,2026-08-09,Bella Tait,907,North Calais Disc Golf Course,Blue Tees,65,18,2,11:30:00,73,8,883,147,True,False,18,73,True,True,True
98252,2026,FPO,1,771273,165233,165233,872,Round 1,2026-08-09,Jess MacDonald,884,North Calais Disc Golf Course,Blue Tees,65,18,3,11:30:00,77,12,851,152,True,False,18,77,True,True,True
98252,2026,FPO,2,771273,122613,122613,892,Round 2,2026-08-09,Kelly Heslin,889,North Calais Disc Golf Course,Blue Tees,65,18,1,11:30:00,69,4,916,138,True,False,18,69,True,True,True
98252,2026,FPO,2,771273,162697,162697,906,Round 2,2026-08-09,Bella Tait,907,North Calais Disc Golf Course,Blue Tees,65,18,2,11:30:00,74,9,875,147,True,False,18,74,True,True,True
98252,2026,FPO,2,771273,165233,165233,872,Round 2,2026-08-09,Jess MacDonald,884,North Calais Disc Golf Course,Blue Tees,65,18,3,11:30:00,75,10,867,152,True,False,18,75,True,True,True
98252,2026,MA1,1,771273,221157,221157,927,Round 1,2026-08-09,Dylan Slick,915,North Calais Disc Golf Course,Blue Tees,65,18,2,10:40:00,60,-5,989,131,True,False,18,60,True,True,True
98252,2026,MA1,1,771273,173058,173058,956,Round 1,2026-08-09,Brandon Allaire,950,North Calais Disc Golf Course,Blue Tees,65,18,2,11:00:00,61,-4,981,130,True,False,18,61,True,True,True
98252,2026,MA1,1,771273,168663,168663,939,Round 1,2026-08-09,Austin Neddo,,North Calais Disc Golf Course,Blue Tees,65,18,2,10:50:00,65,0,949,133,True,False,18,65,True,True,True
98252,2026,MA1,1,771273,109604,109604,912,Round 1,2026-08-09,Jeremy Hulsey,914,North Calais Disc Golf Course,Blue Tees,65,18,2,11:10:00,66,1,940,132,True,False,18,66,True,True,True
98252,2026,MA1,1,771273,274427,274427,917,Round 1,2026-08-09,Pace McKinnon,937,North Calais Disc Golf Course,Blue Tees,65,18,4,11:10:00,66,1,940,141,True,False,18,66,True,True,True
98252,2026,MA1,1,771273,228201,228201,866,Round 1,2026-08-09,Waylon Spring,883,North Calais Disc Golf Course,Blue Tees,65,18,3,11:10:00,67,2,932,135,True,False,18,67,True,True,True
98252,2026,MA1,1,771273,308979,308979,898,Round 1,2026-08-09,Owen Mansur,897,North Calais Disc Golf Course,Blue Tees,65,18,4,11:00:00,68,3,924,146,True,False,18,68,True,True,True
98252,2026,MA1,1,771273,119637,119637,907,Round 1,2026-08-09,Trevor Kenealy,905,North Calais Disc Golf Course,Blue Tees,65,18,1,10:40:00,70,5,908,137,True,False,18,70,True,True,True
98252,2026,MA1,1,771273,261284,261284,909,Round 1,2026-08-09,Blake Martino,916,North Calais Disc Golf Course,Blue Tees,65,18,3,10:50:00,70,5,908,137,True,False,18,70,True,True,True
98252,2026,MA1,1,771273,259718,259718,909,Round 1,2026-08-09,Kamden Cox,906,North Calais Disc Golf Course,Blue Tees,65,18,3,11:00:00,71,6,900,136,True,False,18,71,True,True,True
98252,2026,MA1,1,771273,124577,124577,918,Round 1,2026-08-09,Riley Cadorette,908,North Calais Disc Golf Course,Blue Tees,65,18,1,10:50:00,73,8,883,145,True,False,18,73,True,True,True
98252,2026,MA1,1,771273,110707,110707,925,Round 1,2026-08-09,Jason Wilson,927,North Calais Disc Golf Course,Blue Tees,65,18,1,11:20:00,74,9,875,135,True,False,18,74,True,True,True
98252,2026,MA1,1,771273,97356,97356,937,Round 1,2026-08-09,Jason Guild,934,North Calais Disc Golf Course,Blue Tees,65,18,1,11:00:00,75,10,867,142,True,False,18,75,True,True,True
98252,2026,MA1,1,771273,138042,138042,932,Round 1,2026-08-09,Russell Freeman,925,North Calais Disc Golf Course,Blue Tees,65,18,2,11:20:00,75,10,867,145,True,False,18,75,True,True,True
98252,2026,MA1,1,771273,96154,96154,878,Round 1,2026-08-09,Travis Jacques,871,North Calais Disc Golf Course,Blue Tees,65,18,1,11:10:00,76,11,859,151,True,False,18,76,True,True,True
98252,2026,MA1,1,771273,222597,222597,894,Round 1,2026-08-09,Jack McCarthy,,North Calais Disc Golf Course,Blue Tees,65,18,3,11:20:00,76,11,859,157,True,False,18,76,True,True,True
98252,2026,MA1,1,771273,240930,240930,921,Round 1,2026-08-09,Deven Siergiey,900,North Calais Disc Golf Course,Blue Tees,65,18,3,10:40:00,76,11,859,152,True,False,18,76,True,True,True
98252,2026,MA1,1,771273,306197,306197,895,Round 1,2026-08-09,Gregory Yelnosky,850,North Calais Disc Golf Course,Blue Tees,65,18,4,10:50:00,78,13,843,152,True,False,18,78,True,True,True
98252,2026,MA1,1,771273,242103,242103,898,Round 1,2026-08-09,Nathan Oxenfeld,895,North Calais Disc Golf Course,Blue Tees,65,18,4,11:20:00,79,14,835,152,True,False,18,79,True,True,True
98252,2026,MA1,2,771273,173058,173058,956,Round 2,2026-08-09,Brandon Allaire,950,North Calais Disc Golf Course,Blue Tees,65,18,2,11:20:00,69,4,916,130,True,False,18,69,True,True,True
98252,2026,MA1,2,771273,221157,221157,927,Round 2,2026-08-09,Dylan Slick,915,North Calais Disc Golf Course,Blue Tees,65,18,1,11:20:00,71,6,900,131,True,False,18,71,True,True,True
98252,2026,MA1,2,771273,109604,109604,912,Round 2,2026-08-09,Jeremy Hulsey,914,North Calais Disc Golf Course,Blue Tees,65,18,4,11:20:00,66,1,940,132,True,False,18,66,True,True,True
98252,2026,MA1,2,771273,168663,168663,939,Round 2,2026-08-09,Austin Neddo,,North Calais Disc Golf Course,Blue Tees,65,18,3,11:20:00,68,3,924,133,True,False,18,68,True,True,True
98252,2026,MA1,2,771273,110707,110707,925,Round 2,2026-08-09,Jason Wilson,927,North Calais Disc Golf Course,Blue Tees,65,18,4,11:00:00,61,-4,981,135,True,False,18,61,True,True,True
98252,2026,MA1,2,771273,228201,228201,866,Round 2,2026-08-09,Waylon Spring,883,North Calais Disc Golf Course,Blue Tees,65,18,2,11:10:00,68,3,924,135,True,False,18,68,True,True,True
98252,2026,MA1,2,771273,259718,259718,909,Round 2,2026-08-09,Kamden Cox,906,North Calais Disc Golf Course,Blue Tees,65,18,2,11:00:00,65,0,949,136,True,False,18,65,True,True,True
98252,2026,MA1,2,771273,119637,119637,907,Round 2,2026-08-09,Trevor Kenealy,905,North Calais Disc Golf Course,Blue Tees,65,18,4,11:10:00,67,2,932,137,True,False,18,67,True,True,True
98252,2026,MA1,2,771273,261284,261284,909,Round 2,2026-08-09,Blake Martino,916,North Calais Disc Golf Course,Blue Tees,65,18,1,11:00:00,67,2,932,137,True,False,18,67,True,True,True
98252,2026,MA1,2,771273,274427,274427,917,Round 2,2026-08-09,Pace McKinnon,937,North Calais Disc Golf Course,Blue Tees,65,18,1,11:10:00,75,10,867,141,True,False,18,75,True,True,True
98252,2026,MA1,2,771273,97356,97356,937,Round 2,2026-08-09,Jason Guild,934,North Calais Disc Golf Course,Blue Tees,65,18,1,10:50:00,67,2,932,142,True,False,18,67,True,True,True
98252,2026,MA1,2,771273,138042,138042,932,Round 2,2026-08-09,Russell Freeman,925,North Calais Disc Golf Course,Blue Tees,65,18,2,10:50:00,70,5,908,145,True,False,18,70,True,True,True
98252,2026,MA1,2,771273,124577,124577,918,Round 2,2026-08-09,Riley Cadorette,908,North Calais Disc Golf Course,Blue Tees,65,18,3,11:00:00,72,7,892,145,True,False,18,72,True,True,True
98252,2026,MA1,2,771273,308979,308979,898,Round 2,2026-08-09,Owen Mansur,897,North Calais Disc Golf Course,Blue Tees,65,18,3,11:10:00,78,13,843,146,True,False,18,78,True,True,True
98252,2026,MA1,2,771273,96154,96154,878,Round 2,2026-08-09,Travis Jacques,871,North Calais Disc Golf Course,Blue Tees,65,18,3,10:50:00,75,10,867,151,True,False,18,75,True,True,True
98252,2026,MA1,2,771273,242103,242103,898,Round 2,2026-08-09,Nathan Oxenfeld,895,North Calais Disc Golf Course,Blue Tees,65,18,3,10:40:00,73,8,883,152,True,False,18,73,True,True,True
98252,2026,MA1,2,771273,306197,306197,895,Round 2,2026-08-09,Gregory Yelnosky,850,North Calais Disc Golf Course,Blue Tees,65,18,2,10:40:00,74,9,875,152,True,False,18,74,True,True,True
98252,2026,MA1,2,771273,240930,240930,921,Round 2,2026-08-09,Deven Siergiey,900,North Calais Disc Golf Course,Blue Tees,65,18,1,10:40:00,76,11,859,152,True,False,18,76,True,True,True
98252,2026,MA1,2,771273,222597,222597,894,Round 2,2026-08-09,Jack McCarthy,,North Calais Disc Golf Course,Blue Tees,65,18,4,10:50:00,81,16,818,157,True,False,18,81,True,True,True
98252,2026,MA2,1,771273,302743,302743,913,Round 1,2026-08-09,Josh Hanson,920,North Calais Disc Golf Course,Blue Tees,65,18,3,09:00:00,62,-3,973,136,True,False,18,62,True,True,True
98252,2026,MA2,1,771273,278390,278390,913,Round 1,2026-08-09,Edward Blow,,North Calais Disc Golf Course,Blue Tees,65,18,1,09:10:00,66,1,940,133,True,False,18,66,True,True,True
98252,2026,MA2,1,771273,189203,189203,914,Round 1,2026-08-09,Bobby Martino,911,North Calais Disc Golf Course,Blue Tees,65,18,1,09:00:00,67,2,932,136,True,False,18,67,True,True,True
98252,2026,MA2,1,771273,289306,289306,920,Round 1,2026-08-09,Jonathan Smith,921,North Calais Disc Golf Course,Blue Tees,65,18,2,09:00:00,67,2,932,133,True,False,18,67,True,True,True
98252,2026,MA2,1,771273,305330,305330,905,Round 1,2026-08-09,Jesse Clearwater,913,North Calais Disc Golf Course,Blue Tees,65,18,4,09:00:00,67,2,932,139,True,False,18,67,True,True,True
98252,2026,MA2,1,771273,311270,311270,903,Round 1,2026-08-09,Max Olmsted,917,North Calais Disc Golf Course,Blue Tees,65,18,4,09:20:00,67,2,932,135,True,False,18,67,True,True,True
98252,2026,MA2,1,771273,244952,244952,888,Round 1,2026-08-09,Joshua Dezotell,895,North Calais Disc Golf Course,Blue Tees,65,18,2,09:30:00,70,5,908,142,True,False,18,70,True,True,True
98252,2026,MA2,1,771273,279372,279372,919,Round 1,2026-08-09,Cale Bombardier,920,North Calais Disc Golf Course,Blue Tees,65,18,3,09:30:00,70,5,908,145,True,False,18,70,True,True,True
98252,2026,MA2,1,771273,317912,317912,889,Round 1,2026-08-09,Drew Celeste,899,North Calais Disc Golf Course,Blue Tees,65,18,4,09:30:00,71,6,900,144,True,False,18,71,True,True,True
98252,2026,MA2,1,771273,113583,113583,893,Round 1,2026-08-09,Wesley Bailey,913,North Calais Disc Golf Course,Blue Tees,65,18,1,09:20:00,72,7,892,141,True,False,18,72,True,True,True
98252,2026,MA2,1,771273,244747,244747,915,Round 1,2026-08-09,Shane Hinkley,,North Calais Disc Golf Course,Blue Tees,65,18,2,09:20:00,72,7,892,155,True,False,18,72,True,True,True
98252,2026,MA2,1,771273,324228,324228,870,Round 1,2026-08-09,Luc Cohen-Wanis,885,North Calais Disc Golf Course,Blue Tees,65,18,3,09:10:00,73,8,883,149,True,False,18,73,True,True,True
98252,2026,MA2,1,771273,304569,304569,822,Round 1,2026-08-09,Noah Fleury,824,North Calais Disc Golf Course,Blue Tees,65,18,2,09:10:00,74,9,875,153,True,False,18,74,True,True,True
98252,2026,MA2,1,771273,274902,274902,879,Round 1,2026-08-09,Nolan Smith,886,North Calais Disc Golf Course,Blue Tees,65,18,3,09:20:00,75,10,867,143,True,False,18,75,True,True,True
98252,2026,MA2,1,771273,name:george tait,,,Round 1,2026-08-09,George Tait,,North Calais Disc Golf Course,Blue Tees,65,18,4,09:10:00,78,13,843,153,True,False,18,78,True,True,True
98252,2026,MA2,1,771273,239437,239437,848,Round 1,2026-08-09,Simon Bethune,830,North Calais Disc Golf Course,Blue Tees,65,18,1,09:30:00,79,14,835,173,True,False,18,79,True,True,True
98252,2026,MA2,2,771273,278390,278390,913,Round 2,2026-08-09,Edward Blow,,North Calais Disc Golf Course,Blue Tees,65,18,2,09:30:00,67,2,932,133,True,False,18,67,True,True,True
98252,2026,MA2,2,771273,289306,289306,920,Round 2,2026-08-09,Jonathan Smith,921,North Calais Disc Golf Course,Blue Tees,65,18,4,09:30:00,66,1,940,133,True,False,18,66,True,True,True
98252,2026,MA2,2,771273,311270,311270,903,Round 2,2026-08-09,Max Olmsted,917,North Calais Disc Golf Course,Blue Tees,65,18,2,09:20:00,68,3,924,135,True,False,18,68,True,True,True
98252,2026,MA2,2,771273,189203,189203,914,Round 2,2026-08-09,Bobby Martino,911,North Calais Disc Golf Course,Blue Tees,65,18,3,09:30:00,69,4,916,136,True,False,18,69,True,True,True
98252,2026,MA2,2,771273,302743,302743,913,Round 2,2026-08-09,Josh Hanson,920,North Calais Disc Golf Course,Blue Tees,65,18,1,09:30:00,74,9,875,136,True,False,18,74,True,True,True
98252,2026,MA2,2,771273,305330,305330,905,Round 2,2026-08-09,Jesse Clearwater,913,North Calais Disc Golf Course,Blue Tees,65,18,1,09:20:00,72,7,892,139,True,False,18,72,True,True,True
98252,2026,MA2,2,771273,113583,113583,893,Round 2,2026-08-09,Wesley Bailey,913,North Calais Disc Golf Course,Blue Tees,65,18,2,09:10:00,69,4,916,141,True,False,18,69,True,True,True
98252,2026,MA2,2,771273,244952,244952,888,Round 2,2026-08-09,Joshua Dezotell,895,North Calais Disc Golf Course,Blue Tees,65,18,3,09:20:00,72,7,892,142,True,False,18,72,True,True,True
98252,2026,MA2,2,771273,274902,274902,879,Round 2,2026-08-09,Nolan Smith,886,North Calais Disc Golf Course,Blue Tees,65,18,2,09:00:00,68,3,924,143,True,False,18,68,True,True,True
98252,2026,MA2,2,771273,317912,317912,889,Round 2,2026-08-09,Drew Celeste,899,North Calais Disc Golf Course,Blue Tees,65,18,1,09:10:00,73,8,883,144,True,False,18,73,True,True,True
98252,2026,MA2,2,771273,279372,279372,919,Round 2,2026-08-09,Cale Bombardier,920,North Calais Disc Golf Course,Blue Tees,65,18,4,09:20:00,75,10,867,145,True,False,18,75,True,True,True
98252,2026,MA2,2,771273,324228,324228,870,Round 2,2026-08-09,Luc Cohen-Wanis,885,North Calais Disc Golf Course,Blue Tees,65,18,4,09:10:00,76,11,859,149,True,False,18,76,True,True,True
98252,2026,MA2,2,771273,name:george tait,,,Round 2,2026-08-09,George Tait,,North Calais Disc Golf Course,Blue Tees,65,18,3,09:00:00,75,10,867,153,True,False,18,75,True,True,True
98252,2026,MA2,2,771273,304569,304569,822,Round 2,2026-08-09,Noah Fleury,824,North Calais Disc Golf Course,Blue Tees,65,18,1,09:00:00,79,14,835,153,True,False,18,79,True,True,True
98252,2026,MA2,2,771273,244747,244747,915,Round 2,2026-08-09,Shane Hinkley,,North Calais Disc Golf Course,Blue Tees,65,18,3,09:10:00,83,18,802,155,True,False,18,83,True,True,True
98252,2026,MA2,2,771273,239437,239437,848,Round 2,2026-08-09,Simon Bethune,830,North Calais Disc Golf Course,Blue Tees,65,18,4,09:00:00,94,29,712,173,True,False,18,94,True,True,True
98252,2026,MA3,1,771274,63896,63896,892,Round 1,2026-08-09,Ross King,899,North Calais Disc Golf Course,White Tees,65,18,1,08:00:00,63,-2,892,126,True,False,18,63,True,True,True
98252,2026,MA3,1,771274,286641,286641,836,Round 1,2026-08-09,Matthew Lanctot,837,North Calais Disc Golf Course,White Tees,65,18,2,08:10:00,67,2,853,136,True,False,18,67,True,True,True
98252,2026,MA3,1,771274,289367,289367,840,Round 1,2026-08-09,Tyler Karnes,836,North Calais Disc Golf Course,White Tees,65,18,3,08:10:00,69,4,834,140,True,False,18,69,True,True,True
98252,2026,MA3,1,771274,312423,312423,813,Round 1,2026-08-09,Peter Cousino,819,North Calais Disc Golf Course,White Tees,65,18,2,08:00:00,70,5,825,141,True,False,18,70,True,True,True
98252,2026,MA3,1,771274,314105,314105,849,Round 1,2026-08-09,Dustin Smedy,835,North Calais Disc Golf Course,White Tees,65,18,4,08:10:00,70,5,825,142,True,False,18,70,True,True,True
98252,2026,MA3,1,771274,278723,278723,771,Round 1,2026-08-09,Jeffrey Poplawski,776,North Calais Disc Golf Course,White Tees,65,18,1,08:10:00,73,8,796,147,True,False,18,73,True,True,True
98252,2026,MA3,1,771274,295411,295411,782,Round 1,2026-08-09,Jeremy McDonald,787,North Calais Disc Golf Course,White Tees,65,18,3,08:00:00,75,10,777,144,True,False,18,75,True,True,True
98252,2026,MA3,2,771274,63896,63896,892,Round 2,2026-08-09,Ross King,899,North Calais Disc Golf Course,White Tees,65,18,1,08:10:00,63,-2,892,126,True,False,18,63,True,True,True
98252,2026,MA3,2,771274,286641,286641,836,Round 2,2026-08-09,Matthew Lanctot,837,North Calais Disc Golf Course,White Tees,65,18,2,08:10:00,69,4,834,136,True,False,18,69,True,True,True
98252,2026,MA3,2,771274,289367,289367,840,Round 2,2026-08-09,Tyler Karnes,836,North Calais Disc Golf Course,White Tees,65,18,3,08:10:00,71,6,815,140,True,False,18,71,True,True,True
98252,2026,MA3,2,771274,312423,312423,813,Round 2,2026-08-09,Peter Cousino,819,North Calais Disc Golf Course,White Tees,65,18,4,08:10:00,71,6,815,141,True,False,18,71,True,True,True
98252,2026,MA3,2,771274,314105,314105,849,Round 2,2026-08-09,Dustin Smedy,835,North Calais Disc Golf Course,White Tees,65,18,1,08:00:00,72,7,806,142,True,False,18,72,True,True,True
98252,2026,MA3,2,771274,295411,295411,782,Round 2,2026-08-09,Jeremy McDonald,787,North Calais Disc Golf Course,White Tees,65,18,3,08:00:00,69,4,834,144,True,False,18,69,True,True,True
98252,2026,MA3,2,771274,278723,278723,771,Round 2,2026-08-09,Jeffrey Poplawski,776,North Calais Disc Golf Course,White Tees,65,18,2,08:00:00,74,9,786,147,True,False,18,74,True,True,True
98252,2026,MA40,1,771273,109527,109527,896,Round 1,2026-08-09,Mike Wenzel,901,North Calais Disc Golf Course,Blue Tees,65,18,1,10:30:00,68,3,924,138,True,False,18,68,True,True,True
98252,2026,MA40,1,771273,83212,83212,877,Round 1,2026-08-09,Cory Barron,885,North Calais Disc Golf Course,Blue Tees,65,18,1,10:20:00,71,6,900,139,True,False,18,71,True,True,True
98252,2026,MA40,1,771273,73588,73588,908,Round 1,2026-08-09,Will Cleland,910,North Calais Disc Golf Course,Blue Tees,65,18,3,10:20:00,73,8,883,143,True,False,18,73,True,True,True
98252,2026,MA40,1,771273,name:jake kenealy,,,Round 1,2026-08-09,Jake Kenealy,,North Calais Disc Golf Course,Blue Tees,65,18,3,10:30:00,73,8,883,137,True,False,18,73,True,True,True
98252,2026,MA40,1,771273,170807,170807,909,Round 1,2026-08-09,Roger Duhaime,905,North Calais Disc Golf Course,Blue Tees,65,18,2,10:30:00,74,9,875,146,True,False,18,74,True,True,True
98252,2026,MA40,1,771273,84935,84935,863,Round 1,2026-08-09,Droo Fisher,866,North Calais Disc Golf Course,Blue Tees,65,18,2,10:20:00,76,11,859,148,True,False,18,76,True,True,True
98252,2026,MA40,1,771273,name:todd morgan,,,Round 1,2026-08-09,Todd Morgan,,North Calais Disc Golf Course,Blue Tees,65,18,4,10:30:00,78,13,843,166,True,False,18,78,True,True,True
98252,2026,MA40,1,771273,221629,221629,850,Round 1,2026-08-09,Justin Morgan,858,North Calais Disc Golf Course,Blue Tees,65,18,4,10:20:00,79,14,835,154,True,False,18,79,True,True,True
98252,2026,MA40,2,771273,name:jake kenealy,,,Round 2,2026-08-09,Jake Kenealy,,North Calais Disc Golf Course,Blue Tees,65,18,4,10:30:00,64,-1,957,137,True,False,18,64,True,True,True
98252,2026,MA40,2,771273,109527,109527,896,Round 2,2026-08-09,Mike Wenzel,901,North Calais Disc Golf Course,Blue Tees,65,18,1,10:30:00,70,5,908,138,True,False,18,70,True,True,True
98252,2026,MA40,2,771273,83212,83212,877,Round 2,2026-08-09,Cory Barron,885,North Calais Disc Golf Course,Blue Tees,65,18,2,10:30:00,68,3,924,139,True,False,18,68,True,True,True
98252,2026,MA40,2,771273,73588,73588,908,Round 2,2026-08-09,Will Cleland,910,North Calais Disc Golf Course,Blue Tees,65,18,3,10:30:00,70,5,908,143,True,False,18,70,True,True,True
98252,2026,MA40,2,771273,170807,170807,909,Round 2,2026-08-09,Roger Duhaime,905,North Calais Disc Golf Course,Blue Tees,65,18,1,10:20:00,72,7,892,146,True,False,18,72,True,True,True
98252,2026,MA40,2,771273,84935,84935,863,Round 2,2026-08-09,Droo Fisher,866,North Calais Disc Golf Course,Blue Tees,65,18,2,10:20:00,72,7,892,148,True,False,18,72,True,True,True
98252,2026,MA40,2,771273,221629,221629,850,Round 2,2026-08-09,Justin Morgan,858,North Calais Disc Golf Course,Blue Tees,65,18,4,10:20:00,75,10,867,154,True,False,18,75,True,True,True
98252,2026,MA40,2,771273,name:todd morgan,,,Round 2,2026-08-09,Todd Morgan,,North Calais Disc Golf Course,Blue Tees,65,18,3,10:20:00,88,23,761,166,True,False,18,88,True,True,True
98252,2026,MA50,1,771273,275118,275118,899,Round 1,2026-08-09,Matthew German,905,North Calais Disc Golf Course,Blue Tees,65,18,4,10:00:00,66,1,940,130,True,False,18,66,True,True,True
98252,2026,MA50,1,771273,235035,235035,903,Round 1,2026-08-09,Paul Seyler,908,North Calais Disc Golf Course,Blue Tees,65,18,3,10:10:00,67,2,932,132,True,False,18,67,True,True,True
98252,2026,MA50,1,771273,83198,83198,876,Round 1,2026-08-09,Alan Gofberg,869,North Calais Disc Golf Course,Blue Tees,65,18,1,10:00:00,71,6,900,148,True,False,18,71,True,True,True
98252,2026,MA50,1,771273,147904,147904,891,Round 1,2026-08-09,John Williams,890,North Calais Disc Golf Course,Blue Tees,65,18,2,10:00:00,71,6,900,143,True,False,18,71,True,True,True
98252,2026,MA50,1,771273,216349,216349,874,Round 1,2026-08-09,Justin Bassett,879,North Calais Disc Golf Course,Blue Tees,65,18,2,10:10:00,72,7,892,147,True,False,18,72,True,True,True
98252,2026,MA50,1,771273,88247,88247,890,Round 1,2026-08-09,Tyler Bowden,884,North Calais Disc Golf Course,Blue Tees,65,18,1,10:10:00,73,8,883,145,True,False,18,73,True,True,True
98252,2026,MA50,1,771273,268914,268914,890,Round 1,2026-08-09,James Sestokas,891,North Calais Disc Golf Course,Blue Tees,65,18,3,10:00:00,73,8,883,145,True,False,18,73,True,True,True
98252,2026,MA50,2,771273,275118,275118,899,Round 2,2026-08-09,Matthew German,905,North Calais Disc Golf Course,Blue Tees,65,18,1,10:10:00,64,-1,957,130,True,False,18,64,True,True,True
98252,2026,MA50,2,771273,235035,235035,903,Round 2,2026-08-09,Paul Seyler,908,North Calais Disc Golf Course,Blue Tees,65,18,2,10:10:00,65,0,949,132,True,False,18,65,True,True,True
98252,2026,MA50,2,771273,147904,147904,891,Round 2,2026-08-09,John Williams,890,North Calais Disc Golf Course,Blue Tees,65,18,4,10:10:00,72,7,892,143,True,False,18,72,True,True,True
98252,2026,MA50,2,771273,88247,88247,890,Round 2,2026-08-09,Tyler Bowden,884,North Calais Disc Golf Course,Blue Tees,65,18,2,10:00:00,72,7,892,145,True,False,18,72,True,True,True
98252,2026,MA50,2,771273,268914,268914,890,Round 2,2026-08-09,James Sestokas,891,North Calais Disc Golf Course,Blue Tees,65,18,3,10:00:00,72,7,892,145,True,False,18,72,True,True,True
98252,2026,MA50,2,771273,216349,216349,874,Round 2,2026-08-09,Justin Bassett,879,North Calais Disc Golf Course,Blue Tees,65,18,1,10:00:00,75,10,867,147,True,False,18,75,True,True,True
98252,2026,MA50,2,771273,83198,83198,876,Round 2,2026-08-09,Alan Gofberg,869,North Calais Disc Golf Course,Blue Tees,65,18,3,10:10:00,77,12,851,148,True,False,18,77,True,True,True
98252,2026,MA60,1,771273,name:daniel desch,,,Round 1,2026-08-09,Daniel Desch,,North Calais Disc Golf Course,Blue Tees,65,18,3,09:40:00,72,7,892,144,True,False,18,72,True,True,True
98252,2026,MA60,1,771273,91301,91301,901,Round 1,2026-08-09,Michael A. Stridsberg,898,North Calais Disc Golf Course,Blue Tees,65,18,1,09:50:00,73,8,883,140,True,False,18,73,True,True,True
98252,2026,MA60,1,771273,74478,74478,836,Round 1,2026-08-09,John Sudarsky,845,North Calais Disc Golf Course,Blue Tees,65,18,1,09:40:00,75,10,867,149,True,False,18,75,True,True,True
98252,2026,MA60,1,771273,202875,202875,917,Round 1,2026-08-09,Thomas Limanek,911,North Calais Disc Golf Course,Blue Tees,65,18,3,09:50:00,76,11,859,151,True,False,18,76,True,True,True
98252,2026,MA60,1,771273,130713,130713,903,Round 1,2026-08-09,Ian Martin,902,North Calais Disc Golf Course,Blue Tees,65,18,2,09:50:00,78,13,843,147,True,False,18,78,True,True,True
98252,2026,MA60,1,771273,287097,287097,819,Round 1,2026-08-09,Todd Sternbach,817,North Calais Disc Golf Course,Blue Tees,65,18,4,09:50:00,78,13,843,160,True,False,18,78,True,True,True
98252,2026,MA60,1,771273,191672,191672,860,Round 1,2026-08-09,Nathaniel Pearlman,852,North Calais Disc Golf Course,Blue Tees,65,18,2,09:40:00,80,15,826,156,True,False,18,80,True,True,True
98252,2026,MA60,2,771273,91301,91301,901,Round 2,2026-08-09,Michael A. Stridsberg,898,North Calais Disc Golf Course,Blue Tees,65,18,2,09:50:00,67,2,932,140,True,False,18,67,True,True,True
98252,2026,MA60,2,771273,name:daniel desch,,,Round 2,2026-08-09,Daniel Desch,,North Calais Disc Golf Course,Blue Tees,65,18,1,09:50:00,72,7,892,144,True,False,18,72,True,True,True
98252,2026,MA60,2,771273,130713,130713,903,Round 2,2026-08-09,Ian Martin,902,North Calais Disc Golf Course,Blue Tees,65,18,1,09:40:00,69,4,916,147,True,False,18,69,True,True,True
98252,2026,MA60,2,771273,74478,74478,836,Round 2,2026-08-09,John Sudarsky,845,North Calais Disc Golf Course,Blue Tees,65,18,3,09:50:00,74,9,875,149,True,False,18,74,True,True,True
98252,2026,MA60,2,771273,202875,202875,917,Round 2,2026-08-09,Thomas Limanek,911,North Calais Disc Golf Course,Blue Tees,65,18,4,09:50:00,75,10,867,151,True,False,18,75,True,True,True
98252,2026,MA60,2,771273,191672,191672,860,Round 2,2026-08-09,Nathaniel Pearlman,852,North Calais Disc Golf Course,Blue Tees,65,18,3,09:40:00,76,11,859,156,True,False,18,76,True,True,True
98252,2026,MA60,2,771273,287097,287097,819,Round 2,2026-08-09,Todd Sternbach,817,North Calais Disc Golf Course,Blue Tees,65,18,2,09:40:00,82,17,810,160,True,False,18,82,True,True,True
98252,2026,MA70,1,771274,248502,248502,838,Round 1,2026-08-09,Christian Andresen,846,North Calais Disc Golf Course,White Tees,65,18,3,08:50:00,67,2,853,135,True,False,18,67,True,True,True
98252,2026,MA70,1,771274,1889,1889,801,Round 1,2026-08-09,Roy Doar,,North Calais Disc Golf Course,White Tees,65,18,1,08:50:00,71,6,815,139,True,False,18,71,True,True,True
98252,2026,MA70,1,771274,name:george desch,,,Round 1,2026-08-09,George Desch,,North Calais Disc Golf Course,White Tees,65,18,4,08:50:00,72,7,806,154,True,False,18,72,True,True,True
98252,2026,MA70,1,771274,195353,195353,738,Round 1,2026-08-09,Jerome Mendicino,730,North Calais Disc Golf Course,White Tees,65,18,2,08:50:00,75,10,777,154,True,False,18,75,True,True,True
98252,2026,MA70,2,771274,248502,248502,838,Round 2,2026-08-09,Christian Andresen,846,North Calais Disc Golf Course,White Tees,65,18,1,08:30:00,68,3,844,135,True,False,18,68,True,True,True
98252,2026,MA70,2,771274,1889,1889,801,Round 2,2026-08-09,Roy Doar,,North Calais Disc Golf Course,White Tees,65,18,2,08:30:00,68,3,844,139,True,False,18,68,True,True,True
98252,2026,MA70,2,771274,195353,195353,738,Round 2,2026-08-09,Jerome Mendicino,730,North Calais Disc Golf Course,White Tees,65,18,4,08:30:00,79,14,739,154,True,False,18,79,True,True,True
98252,2026,MA70,2,771274,name:george desch,,,Round 2,2026-08-09,George Desch,,North Calais Disc Golf Course,White Tees,65,18,3,08:30:00,82,17,710,154,True,False,18,82,True,True,True
98252,2026,MP40,1,771272,63390,63390,970,Round 1,2026-08-09,Jim Bailey,986,North Calais Disc Golf Course,Gold Tees,65,18,2,12:30:00,67,2,982,131,True,False,18,67,True,True,True
98252,2026,MP40,1,771272,22318,22318,962,Round 1,2026-08-09,Aaron Smartt,965,North Calais Disc Golf Course,Gold Tees,65,18,1,12:30:00,68,3,975,137,True,False,18,68,True,True,True
98252,2026,MP40,1,771272,106240,106240,976,Round 1,2026-08-09,Daniel Racaniello,976,North Calais Disc Golf Course,Gold Tees,65,18,1,12:20:00,68,3,975,130,True,False,18,68,True,True,True
98252,2026,MP40,1,771272,193211,193211,931,Round 1,2026-08-09,Greg Babbin,933,North Calais Disc Golf Course,Gold Tees,65,18,2,12:20:00,70,5,961,141,True,False,18,70,True,True,True
98252,2026,MP40,1,771272,228455,228455,922,Round 1,2026-08-09,Jonathan Alexander Fitch,,North Calais Disc Golf Course,Gold Tees,65,18,3,12:20:00,75,10,926,144,True,False,18,75,True,True,True
98252,2026,MP40,1,771272,290531,290531,928,Round 1,2026-08-09,Scott Ellis,922,North Calais Disc Golf Course,Gold Tees,65,18,3,12:30:00,81,16,885,152,True,False,18,81,True,True,True
98252,2026,MP40,2,771272,106240,106240,976,Round 2,2026-08-09,Daniel Racaniello,976,North Calais Disc Golf Course,Gold Tees,65,18,3,12:40:00,62,-3,1016,130,True,False,18,62,True,True,True
98252,2026,MP40,2,771272,63390,63390,970,Round 2,2026-08-09,Jim Bailey,986,North Calais Disc Golf Course,Gold Tees,65,18,1,12:40:00,64,-1,1002,131,True,False,18,64,True,True,True
98252,2026,MP40,2,771272,22318,22318,962,Round 2,2026-08-09,Aaron Smartt,965,North Calais Disc Golf Course,Gold Tees,65,18,2,12:40:00,69,4,968,137,True,False,18,69,True,True,True
98252,2026,MP40,2,771272,193211,193211,931,Round 2,2026-08-09,Greg Babbin,933,North Calais Disc Golf Course,Gold Tees,65,18,1,12:30:00,71,6,954,141,True,False,18,71,True,True,True
98252,2026,MP40,2,771272,228455,228455,922,Round 2,2026-08-09,Jonathan Alexander Fitch,,North Calais Disc Golf Course,Gold Tees,65,18,2,12:30:00,69,4,968,144,True,False,18,69,True,True,True
98252,2026,MP40,2,771272,290531,290531,928,Round 2,2026-08-09,Scott Ellis,922,North Calais Disc Golf Course,Gold Tees,65,18,3,12:30:00,71,6,954,152,True,False,18,71,True,True,True
98252,2026,MP50,1,771273,11047,11047,942,Round 1,2026-08-09,Timothy Walsh,947,North Calais Disc Golf Course,Blue Tees,65,18,4,11:50:00,61,-4,981,126,True,False,18,61,True,True,True
98252,2026,MP50,1,771273,154887,154887,942,Round 1,2026-08-09,Brian Hunter,941,North Calais Disc Golf Course,Blue Tees,65,18,2,12:10:00,63,-2,965,128,True,False,18,63,True,True,True
98252,2026,MP50,1,771273,132038,132038,962,Round 1,2026-08-09,Daniel Jenkins,965,North Calais Disc Golf Course,Blue Tees,65,18,2,12:00:00,65,0,949,127,True,False,18,65,True,True,True
98252,2026,MP50,1,771273,name:sebastian morland,,,Round 1,2026-08-09,Sebastian Morland,,North Calais Disc Golf Course,Blue Tees,65,18,3,11:40:00,65,0,949,131,True,False,18,65,True,True,True
98252,2026,MP50,1,771273,25395,25395,942,Round 1,2026-08-09,Peter Belizi,944,North Calais Disc Golf Course,Blue Tees,65,18,1,11:50:00,67,2,932,132,True,False,18,67,True,True,True
98252,2026,MP50,1,771273,273662,273662,915,Round 1,2026-08-09,John McKinnon,920,North Calais Disc Golf Course,Blue Tees,65,18,2,11:40:00,68,3,924,137,True,False,18,68,True,True,True
98252,2026,MP50,1,771273,20455,20455,902,Round 1,2026-08-09,Jason Gilbert,893,North Calais Disc Golf Course,Blue Tees,65,18,3,11:50:00,69,4,916,141,True,False,18,69,True,True,True
98252,2026,MP50,1,771273,24381,24381,942,Round 1,2026-08-09,Chris Young,937,North Calais Disc Golf Course,Blue Tees,65,18,1,12:10:00,69,4,916,134,True,False,18,69,True,True,True
98252,2026,MP50,1,771273,157577,157577,911,Round 1,2026-08-09,Ian Butman,901,North Calais Disc Golf Course,Blue Tees,65,18,3,12:10:00,71,6,900,146,True,False,18,71,True,True,True
98252,2026,MP50,1,771273,12667,12667,910,Round 1,2026-08-09,Scott Shepardson,906,North Calais Disc Golf Course,Blue Tees,65,18,1,12:00:00,73,8,883,145,True,False,18,73,True,True,True
98252,2026,MP50,1,771273,223480,223480,875,Round 1,2026-08-09,Marc Kirkpatrick,879,North Calais Disc Golf Course,Blue Tees,65,18,3,12:00:00,74,9,875,144,True,False,18,74,True,True,True
98252,2026,MP50,1,771273,48455,48455,938,Round 1,2026-08-09,Frank Strauss Jr,919,North Calais Disc Golf Course,Blue Tees,65,18,2,11:50:00,75,10,867,142,True,False,18,75,True,True,True
98252,2026,MP50,2,771273,11047,11047,942,Round 2,2026-08-09,Timothy Walsh,947,North Calais Disc Golf Course,Blue Tees,65,18,1,12:10:00,65,0,949,126,True,False,18,65,True,True,True
98252,2026,MP50,2,771273,132038,132038,962,Round 2,2026-08-09,Daniel Jenkins,965,North Calais Disc Golf Course,Blue Tees,65,18,3,12:10:00,60,-3,973,127,True,False,18,60,True,True,True
98252,2026,MP50,2,771273,154887,154887,942,Round 2,2026-08-09,Brian Hunter,941,North Calais Disc Golf Course,Blue Tees,65,18,2,12:10:00,65,0,949,128,True,False,18,65,True,True,True
98252,2026,MP50,2,771273,name:sebastian morland,,,Round 2,2026-08-09,Sebastian Morland,,North Calais Disc Golf Course,Blue Tees,65,18,4,12:10:00,66,1,940,131,True,False,18,66,True,True,True
98252,2026,MP50,2,771273,25395,25395,942,Round 2,2026-08-09,Peter Belizi,944,North Calais Disc Golf Course,Blue Tees,65,18,1,12:00:00,65,0,949,132,True,False,18,65,True,True,True
98252,2026,MP50,2,771273,24381,24381,942,Round 2,2026-08-09,Chris Young,937,North Calais Disc Golf Course,Blue Tees,65,18,4,12:00:00,65,0,949,134,True,False,18,65,True,True,True
98252,2026,MP50,2,771273,273662,273662,915,Round 2,2026-08-09,John McKinnon,920,North Calais Disc Golf Course,Blue Tees,65,18,2,12:00:00,69,4,916,137,True,False,18,69,True,True,True
98252,2026,MP50,2,771273,20455,20455,902,Round 2,2026-08-09,Jason Gilbert,893,North Calais Disc Golf Course,Blue Tees,65,18,3,12:00:00,72,7,892,141,True,False,18,72,True,True,True
98252,2026,MP50,2,771273,48455,48455,938,Round 2,2026-08-09,Frank Strauss Jr,919,North Calais Disc Golf Course,Blue Tees,65,18,4,11:50:00,67,2,932,142,True,False,18,67,True,True,True
98252,2026,MP50,2,771273,223480,223480,875,Round 2,2026-08-09,Marc Kirkpatrick,879,North Calais Disc Golf Course,Blue Tees,65,18,3,11:50:00,70,5,908,144,True,False,18,70,True,True,True
98252,2026,MP50,2,771273,12667,12667,910,Round 2,2026-08-09,Scott Shepardson,906,North Calais Disc Golf Course,Blue Tees,65,18,2,11:50:00,72,7,892,145,True,False,18,72,True,True,True
98252,2026,MP50,2,771273,157577,157577,911,Round 2,2026-08-09,Ian Butman,901,North Calais Disc Golf Course,Blue Tees,65,18,1,11:50:00,75,10,867,146,True,False,18,75,True,True,True
98252,2026,MP60,1,771273,73991,73991,878,Round 1,2026-08-09,Jeff Milchen,855,North Calais Disc Golf Course,Blue Tees,65,18,1,11:40:00,82,17,810,157,True,False,18,82,True,True,True
98252,2026,MP60,2,771273,73991,73991,878,Round 2,2026-08-09,Jeff Milchen,855,North Calais Disc Golf Course,Blue Tees,65,18,4,11:30:00,75,10,867,157,True,False,18,75,True,True,True
98252,2026,MPO,1,771272,123253,123253,988,Round 1,2026-08-09,Stevie Frisch,989,North Calais Disc Golf Course,Gold Tees,65,18,4,13:10:00,61,-4,1023,126,True,False,18,61,True,True,True
98252,2026,MPO,1,771272,161558,161558,994,Round 1,2026-08-09,Brad Schott,994,North Calais Disc Golf Course,Gold Tees,65,18,1,13:20:00,62,-2,1009,129,True,False,18,62,True,True,True
98252,2026,MPO,1,771272,181649,181649,991,Round 1,2026-08-09,Hubert Vachon,996,North Calais Disc Golf Course,Gold Tees,65,18,4,13:30:00,63,-2,1009,126,True,False,18,63,True,True,True
98252,2026,MPO,1,771272,85970,85970,964,Round 1,2026-08-09,Ben Drogue,966,North Calais Disc Golf Course,Gold Tees,65,18,1,13:10:00,64,-1,1002,129,True,False,18,64,True,True,True
98252,2026,MPO,1,771272,169393,169393,978,Round 1,2026-08-09,Aidan Trombley,977,North Calais Disc Golf Course,Gold Tees,65,18,2,13:10:00,65,0,995,133,True,False,18,65,True,True,True
98252,2026,MPO,1,771272,163585,163585,940,Round 1,2026-08-09,Florian Koralambe,,North Calais Disc Golf Course,Gold Tees,65,18,3,12:40:00,65,2,982,139,True,False,18,65,True,True,True
98252,2026,MPO,1,771272,167837,167837,1002,Round 1,2026-08-09,Elijah Garrison,1004,North Calais Disc Golf Course,Gold Tees,65,18,3,13:30:00,67,2,982,127,True,False,18,67,True,True,True
98252,2026,MPO,1,771272,131201,131201,962,Round 1,2026-08-09,Tyler LaPerle,973,North Calais Disc Golf Course,Gold Tees,65,18,3,13:40:00,68,3,975,134,True,False,18,68,True,True,True
98252,2026,MPO,1,771272,142744,142744,972,Round 1,2026-08-09,Abel German,974,North Calais Disc Golf Course,Gold Tees,65,18,1,13:30:00,68,3,975,131,True,False,18,68,True,True,True
98252,2026,MPO,1,771272,204892,204892,969,Round 1,2026-08-09,Tiernan Roland,973,North Calais Disc Golf Course,Gold Tees,65,18,2,12:40:00,66,3,975,136,True,False,18,66,True,True,True
98252,2026,MPO,1,771272,235658,235658,956,Round 1,2026-08-09,Brandon Westburg,963,North Calais Disc Golf Course,Gold Tees,65,18,3,13:00:00,68,3,975,135,True,False,18,68,True,True,True
98252,2026,MPO,1,771272,207958,207958,952,Round 1,2026-08-09,Kevin Shields,954,North Calais Disc Golf Course,Gold Tees,65,18,3,13:50:00,70,5,961,142,True,False,18,70,True,True,True
98252,2026,MPO,1,771272,223671,223671,942,Round 1,2026-08-09,Brendan Van Tuinen,942,North Calais Disc Golf Course,Gold Tees,65,18,1,13:00:00,70,5,961,136,True,False,18,70,True,True,True
98252,2026,MPO,1,771272,140098,140098,981,Round 1,2026-08-09,Angus Barstow,980,North Calais Disc Golf Course,Gold Tees,65,18,2,13:40:00,71,6,954,136,True,False,18,71,True,True,True
98252,2026,MPO,1,771272,161510,161510,918,Round 1,2026-08-09,TJ Rubin,919,North Calais Disc Golf Course,Gold Tees,65,18,1,12:50:00,71,6,954,139,True,False,18,71,True,True,True
98252,2026,MPO,1,771272,219307,219307,927,Round 1,2026-08-09,Everett Secor,935,North Calais Disc Golf Course,Gold Tees,65,18,4,13:50:00,71,6,954,142,True,False,18,71,True,True,True
98252,2026,MPO,1,771272,259574,259574,995,Round 1,2026-08-09,Nathan Albert,988,North Calais Disc Golf Course,Gold Tees,65,18,2,13:20:00,72,7,947,139,True,False,18,72,True,True,True
98252,2026,MPO,1,771272,187845,187845,954,Round 1,2026-08-09,Shane Seals,962,North Calais Disc Golf Course,Gold Tees,65,18,2,13:30:00,73,8,940,146,True,False,18,73,True,True,True
98252,2026,MPO,1,771272,131653,131653,947,Round 1,2026-08-09,Sean Chi,946,North Calais Disc Golf Course,Gold Tees,65,18,3,12:50:00,74,9,933,154,True,False,18,74,True,True,True
98252,2026,MPO,1,771272,164377,164377,924,Round 1,2026-08-09,Robert Wix,927,North Calais Disc Golf Course,Gold Tees,65,18,1,12:40:00,72,9,933,150,True,False,18,72,True,True,True
98252,2026,MPO,1,771272,106751,106751,957,Round 1,2026-08-09,Jeffrey Abbott,952,North Calais Disc Golf Course,Gold Tees,65,18,3,13:10:00,75,10,926,147,True,False,18,75,True,True,True
98252,2026,MPO,1,771272,207793,207793,912,Round 1,2026-08-09,Walker White,917,North Calais Disc Golf Course,Gold Tees,65,18,4,13:40:00,75,10,926,147,True,False,18,75,True,True,True
98252,2026,MPO,1,771272,192901,192901,901,Round 1,2026-08-09,Micah Munro,890,North Calais Disc Golf Course,Gold Tees,65,18,1,13:50:00,76,11,920,157,True,False,18,76,True,True,True
98252,2026,MPO,1,771272,124203,124203,943,Round 1,2026-08-09,Ezra Koch,954,North Calais Disc Golf Course,Gold Tees,65,18,3,13:20:00,77,12,913,159,True,False,18,77,True,True,True
98252,2026,MPO,1,771272,140039,140039,879,Round 1,2026-08-09,Ian Rooney,907,North Calais Disc Golf Course,Gold Tees,65,18,1,13:40:00,77,12,913,156,True,False,18,77,True,True,True
98252,2026,MPO,1,771272,218262,218262,928,Round 1,2026-08-09,Jerry Jackman,913,North Calais Disc Golf Course,Gold Tees,65,18,4,13:20:00,79,14,899,159,True,False,18,79,True,True,True
98252,2026,MPO,1,771272,240494,240494,923,Round 1,2026-08-09,Derrek Eckhardt,919,North Calais Disc Golf Course,Gold Tees,65,18,2,13:50:00,82,17,878,155,True,False,18,82,True,True,True
98252,2026,MPO,1,771272,275041,275041,931,Round 1,2026-08-09,Samuel Schonberg,937,North Calais Disc Golf Course,Gold Tees,65,18,2,13:00:00,84,19,864,160,True,False,18,84,True,True,True
98252,2026,MPO,1,771272,146226,146226,928,Round 1,2026-08-09,Jason Cagney,927,North Calais Disc Golf Course,Gold Tees,65,18,2,12:50:00,86,21,851,159,True,False,18,86,True,True,True
98252,2026,MPO,2,771272,181649,181649,991,Round 2,2026-08-09,Hubert Vachon,996,North Calais Disc Golf Course,Gold Tees,65,18,3,14:00:00,63,-2,1009,126,True,False,18,63,True,True,True
98252,2026,MPO,2,771272,123253,123253,988,Round 2,2026-08-09,Stevie Frisch,989,North Calais Disc Golf Course,Gold Tees,65,18,1,14:00:00,65,0,995,126,True,False,18,65,True,True,True
98252,2026,MPO,2,771272,167837,167837,1002,Round 2,2026-08-09,Elijah Garrison,1004,North Calais Disc Golf Course,Gold Tees,65,18,3,13:50:00,60,-5,1030,127,True,False,18,60,True,True,True
98252,2026,MPO,2,771272,85970,85970,964,Round 2,2026-08-09,Ben Drogue,966,North Calais Disc Golf Course,Gold Tees,65,18,4,14:00:00,65,0,995,129,True,False,18,65,True,True,True
98252,2026,MPO,2,771272,161558,161558,994,Round 2,2026-08-09,Brad Schott,994,North Calais Disc Golf Course,Gold Tees,65,18,2,14:00:00,66,1,988,129,True,False,18,66,True,True,True
98252,2026,MPO,2,771272,142744,142744,972,Round 2,2026-08-09,Abel German,974,North Calais Disc Golf Course,Gold Tees,65,18,1,13:40:00,63,-2,1009,131,True,False,18,63,True,True,True
98252,2026,MPO,2,771272,169393,169393,978,Round 2,2026-08-09,Aidan Trombley,977,North Calais Disc Golf Course,Gold Tees,65,18,1,13:50:00,68,3,975,133,True,False,18,68,True,True,True
98252,2026,MPO,2,771272,131201,131201,962,Round 2,2026-08-09,Tyler LaPerle,973,North Calais Disc Golf Course,Gold Tees,65,18,4,13:50:00,66,1,988,134,True,False,18,66,True,True,True
98252,2026,MPO,2,771272,235658,235658,956,Round 2,2026-08-09,Brandon Westburg,963,North Calais Disc Golf Course,Gold Tees,65,18,3,13:40:00,67,2,982,135,True,False,18,67,True,True,True
98252,2026,MPO,2,771272,140098,140098,981,Round 2,2026-08-09,Angus Barstow,980,North Calais Disc Golf Course,Gold Tees,65,18,2,13:30:00,65,0,995,136,True,False,18,65,True,True,True
98252,2026,MPO,2,771272,223671,223671,942,Round 2,2026-08-09,Brendan Van Tuinen,942,North Calais Disc Golf Course,Gold Tees,65,18,1,13:30:00,66,1,988,136,True,False,18,66,True,True,True
98252,2026,MPO,2,771272,204892,204892,969,Round 2,2026-08-09,Tiernan Roland,973,North Calais Disc Golf Course,Gold Tees,65,18,2,13:40:00,68,3,975,136,True,False,18,68,True,True,True
98252,2026,MPO,2,771272,259574,259574,995,Round 2,2026-08-09,Nathan Albert,988,North Calais Disc Golf Course,Gold Tees,65,18,1,13:20:00,67,2,982,139,True,False,18,67,True,True,True
98252,2026,MPO,2,771272,161510,161510,918,Round 2,2026-08-09,TJ Rubin,919,North Calais Disc Golf Course,Gold Tees,65,18,3,13:30:00,68,3,975,139,True,False,18,68,True,True,True
98252,2026,MPO,2,771272,163585,163585,940,Round 2,2026-08-09,Florian Koralambe,,North Calais Disc Golf Course,Gold Tees,65,18,2,13:50:00,72,7,947,139,True,False,18,72,True,True,True
98252,2026,MPO,2,771272,219307,219307,927,Round 2,2026-08-09,Everett Secor,935,North Calais Disc Golf Course,Gold Tees,65,18,4,13:30:00,71,6,954,142,True,False,18,71,True,True,True
98252,2026,MPO,2,771272,207958,207958,952,Round 2,2026-08-09,Kevin Shields,954,North Calais Disc Golf Course,Gold Tees,65,18,4,13:40:00,72,7,947,142,True,False,18,72,True,True,True
98252,2026,MPO,2,771272,187845,187845,954,Round 2,2026-08-09,Shane Seals,962,North Calais Disc Golf Course,Gold Tees,65,18,2,13:20:00,73,8,940,146,True,False,18,73,True,True,True
98252,2026,MPO,2,771272,106751,106751,957,Round 2,2026-08-09,Jeffrey Abbott,952,North Calais Disc Golf Course,Gold Tees,65,18,1,13:10:00,72,7,947,147,True,False,18,72,True,True,True
98252,2026,MPO,2,771272,207793,207793,912,Round 2,2026-08-09,Walker White,917,North Calais Disc Golf Course,Gold Tees,65,18,2,13:10:00,72,7,947,147,True,False,18,72,True,True,True
98252,2026,MPO,2,771272,164377,164377,924,Round 2,2026-08-09,Robert Wix,927,North Calais Disc Golf Course,Gold Tees,65,18,4,13:20:00,76,11,920,150,True,False,18,76,True,True,True
98252,2026,MPO,2,771272,131653,131653,947,Round 2,2026-08-09,Sean Chi,946,North Calais Disc Golf Course,Gold Tees,65,18,3,13:20:00,80,15,892,154,True,False,18,80,True,True,True
98252,2026,MPO,2,771272,240494,240494,923,Round 2,2026-08-09,Derrek Eckhardt,919,North Calais Disc Golf Course,Gold Tees,65,18,1,12:50:00,73,8,940,155,True,False,18,73,True,True,True
98252,2026,MPO,2,771272,140039,140039,879,Round 2,2026-08-09,Ian Rooney,907,North Calais Disc Golf Course,Gold Tees,65,18,2,13:00:00,79,14,899,156,True,False,0,,False,False,False
98252,2026,MPO,2,771272,192901,192901,901,Round 2,2026-08-09,Micah Munro,890,North Calais Disc Golf Course,Gold Tees,65,18,3,13:10:00,81,16,885,157,True,False,18,81,True,True,True
98252,2026,MPO,2,771272,146226,146226,928,Round 2,2026-08-09,Jason Cagney,927,North Calais Disc Golf Course,Gold Tees,65,18,3,12:50:00,73,8,940,159,True,False,18,73,True,True,True
98252,2026,MPO,2,771272,218262,218262,928,Round 2,2026-08-09,Jerry Jackman,913,North Calais Disc Golf Course,Gold Tees,65,18,3,13:00:00,80,15,892,159,True,False,0,,False,False,False
98252,2026,MPO,2,771272,124203,124203,943,Round 2,2026-08-09,Ezra Koch,954,North Calais Disc Golf Course,Gold Tees,65,18,1,13:00:00,82,17,878,159,True,False,0,,False,False,False
98252,2026,MPO,2,771272,275041,275041,931,Round 2,2026-08-09,Samuel Schonberg,937,North Calais Disc Golf Course,Gold Tees,65,18,2,12:50:00,76,11,920,160,True,False,18,76,True,True,True
98424,2026,FA40,1,773859,192992,192992,709,Round 1,2026-08-23,Christy Fisher,705,The Wildflower DGC,White tees,63,18,2,09:20:00,79,16,672,159,True,False,18,79,True,True,True
98424,2026,FA40,2,773859,192992,192992,709,Round 2,2026-08-23,Christy Fisher,705,The Wildflower DGC,White tees,63,18,4,09:10:00,80,17,661,159,True,False,18,80,True,True,True
98424,2026,FJ08,1,773862,305166,305166,313,Round 1,2026-08-23,Matilda Babbin,349,The Wildflower DGC,Red tees,63,18,1,08:10:00,95,32,342,181,True,False,18,95,True,True,True
98424,2026,FJ08,2,773862,305166,305166,313,Round 2,2026-08-23,Matilda Babbin,349,The Wildflower DGC,Red tees,63,18,2,08:10:00,86,23,459,181,True,False,18,86,True,True,True
98424,2026,FJ10,1,773862,306226,306226,342,Round 1,2026-08-23,Mila Fisher,435,The Wildflower DGC,Red tees,63,18,3,08:10:00,88,25,433,163,True,False,18,88,True,True,True
98424,2026,FJ10,1,773862,332819,332819,,Round 1,2026-08-23,Gaia Pelton,219,The Wildflower DGC,Red tees,63,18,2,08:10:00,100,37,277,209,True,False,18,100,True,True,True
98424,2026,FJ10,2,773862,306226,306226,342,Round 2,2026-08-23,Mila Fisher,435,The Wildflower DGC,Red tees,63,18,1,08:10:00,75,12,602,163,True,False,18,75,True,True,True
98424,2026,FJ10,2,773862,332819,332819,,Round 2,2026-08-23,Gaia Pelton,219,The Wildflower DGC,Red tees,63,18,3,08:10:00,109,46,160,209,True,False,18,109,True,True,True
98424,2026,FJ12,1,773862,261367,261367,470,Round 1,2026-08-23,Annabelle Babbin,525,The Wildflower DGC,Red tees,63,18,1,08:00:00,66,3,719,143,True,False,18,66,True,True,True
98424,2026,FJ12,1,773862,305575,305575,615,Round 1,2026-08-23,Luna Pelton,614,The Wildflower DGC,Red tees,63,18,2,08:00:00,78,15,563,151,True,False,18,78,True,True,True
98424,2026,FJ12,2,773862,261367,261367,470,Round 2,2026-08-23,Annabelle Babbin,525,The Wildflower DGC,Red tees,63,18,1,08:00:00,77,14,576,143,True,False,18,77,True,True,True
98424,2026,FJ12,2,773862,305575,305575,615,Round 2,2026-08-23,Luna Pelton,614,The Wildflower DGC,Red tees,63,18,2,08:00:00,73,10,628,151,True,False,18,73,True,True,True
98424,2026,FP40,1,773859,261710,261710,809,Round 1,2026-08-23,Sally Blanchette,812,The Wildflower DGC,White tees,63,18,2,09:30:00,67,4,802,127,True,False,18,67,True,True,True
98424,2026,FP40,1,773859,170809,170809,770,Round 1,2026-08-23,Brita Tirrell,777,The Wildflower DGC,White tees,63,18,1,09:30:00,71,8,758,139,True,False,18,71,True,True,True
98424,2026,FP40,1,773859,275115,275115,808,Round 1,2026-08-23,Mindy German,805,The Wildflower DGC,White tees,63,18,3,09:30:00,73,10,737,138,True,False,18,73,True,True,True
98424,2026,FP40,2,773859,261710,261710,809,Round 2,2026-08-23,Sally Blanchette,812,The Wildflower DGC,White tees,63,18,1,09:10:00,60,-3,878,127,True,False,18,60,True,True,True
98424,2026,FP40,2,773859,275115,275115,808,Round 2,2026-08-23,Mindy German,805,The Wildflower DGC,White tees,63,18,3,09:10:00,65,2,823,138,True,False,18,65,True,True,True
98424,2026,FP40,2,773859,170809,170809,770,Round 2,2026-08-23,Brita Tirrell,777,The Wildflower DGC,White tees,63,18,2,09:10:00,68,5,791,139,True,False,18,68,True,True,True
98424,2026,FPO,1,773859,121311,121311,845,Round 1,2026-08-23,Emily Braun,845,The Wildflower DGC,White tees,63,18,1,09:20:00,61,-2,867,128,True,False,18,61,True,True,True
98424,2026,FPO,1,773859,310819,310819,759,Round 1,2026-08-23,Lauren Bernier,764,The Wildflower DGC,White tees,63,18,3,09:20:00,66,3,813,133,True,False,18,66,True,True,True
98424,2026,FPO,2,773859,121311,121311,845,Round 2,2026-08-23,Emily Braun,845,The Wildflower DGC,White tees,63,18,1,09:00:00,67,4,802,128,True,False,18,67,True,True,True
98424,2026,FPO,2,773859,310819,310819,759,Round 2,2026-08-23,Lauren Bernier,764,The Wildflower DGC,White tees,63,18,3,09:00:00,67,4,802,133,True,False,18,67,True,True,True
98424,2026,MA1,1,773857,142719,142719,947,Round 1,2026-08-23,Marc-André Comtois,948,The Wildflower DGC,Blue tees,65,18,1,11:30:00,58,-7,980,119,True,False,18,58,True,True,True
98424,2026,MA1,1,773857,311958,311958,916,Round 1,2026-08-23,Alex Frei,922,The Wildflower DGC,Blue tees,65,18,3,11:10:00,58,-7,980,119,True,False,18,58,True,True,True
98424,2026,MA1,1,773857,147788,147788,936,Round 1,2026-08-23,Dan Cornellier,939,The Wildflower DGC,Blue tees,65,18,1,11:20:00,59,-6,971,118,True,False,18,59,True,True,True
98424,2026,MA1,1,773857,274427,274427,922,Round 1,2026-08-23,Pace McKinnon,937,The Wildflower DGC,Blue tees,65,18,4,11:40:00,61,-4,953,116,True,False,18,61,True,True,True
98424,2026,MA1,1,773857,259718,259718,911,Round 1,2026-08-23,Kamden Cox,906,The Wildflower DGC,Blue tees,65,18,4,11:20:00,62,-3,944,127,True,False,18,62,True,True,True
98424,2026,MA1,1,773857,308979,308979,894,Round 1,2026-08-23,Owen Mansur,897,The Wildflower DGC,Blue tees,65,18,4,11:30:00,62,-3,944,136,True,False,18,62,True,True,True
98424,2026,MA1,1,773857,173058,173058,953,Round 1,2026-08-23,Brandon Allaire,950,The Wildflower DGC,Blue tees,65,18,2,11:20:00,63,-2,936,127,True,False,18,63,True,True,True
98424,2026,MA1,1,773857,261284,261284,905,Round 1,2026-08-23,Blake Martino,916,The Wildflower DGC,Blue tees,65,18,3,11:20:00,64,-1,927,124,True,False,18,64,True,True,True
98424,2026,MA1,1,773857,275802,275802,896,Round 1,2026-08-23,Tyler Jarrett,907,The Wildflower DGC,Blue tees,65,18,2,11:10:00,65,0,918,124,True,False,18,65,True,True,True
98424,2026,MA1,1,773857,174031,174031,911,Round 1,2026-08-23,Ian MacDonald,909,The Wildflower DGC,Blue tees,65,18,2,11:40:00,66,1,909,134,True,False,18,66,True,True,True
98424,2026,MA1,1,773857,175140,175140,901,Round 1,2026-08-23,Christian Garey,890,The Wildflower DGC,Blue tees,65,18,1,11:10:00,66,1,909,139,True,False,18,66,True,True,True
98424,2026,MA1,1,773857,210681,210681,910,Round 1,2026-08-23,Kyle Anderson Andresen,911,The Wildflower DGC,Blue tees,65,18,3,11:40:00,68,3,892,131,True,False,18,68,True,True,True
98424,2026,MA1,1,773857,221157,221157,928,Round 1,2026-08-23,Dylan Slick,915,The Wildflower DGC,Blue tees,65,18,2,11:30:00,70,5,874,140,True,False,18,70,True,True,True
98424,2026,MA1,1,773857,228201,228201,870,Round 1,2026-08-23,Waylon Spring,883,The Wildflower DGC,Blue tees,65,18,3,11:30:00,74,9,839,135,True,False,18,74,True,True,True
98424,2026,MA1,1,773857,96154,96154,875,Round 1,2026-08-23,Travis Jacques,871,The Wildflower DGC,Blue tees,65,18,1,11:40:00,76,11,821,146,True,False,18,76,True,True,True
98424,2026,MA1,2,773857,274427,274427,922,Round 2,2026-08-23,Pace McKinnon,937,The Wildflower DGC,Blue tees,65,18,4,11:30:00,55,-10,1006,116,True,False,18,55,True,True,True
98424,2026,MA1,2,773857,147788,147788,936,Round 2,2026-08-23,Dan Cornellier,939,The Wildflower DGC,Blue tees,65,18,3,11:30:00,59,-6,971,118,True,False,18,59,True,True,True
98424,2026,MA1,2,773857,142719,142719,947,Round 2,2026-08-23,Marc-André Comtois,948,The Wildflower DGC,Blue tees,65,18,1,11:30:00,61,-4,953,119,True,False,18,61,True,True,True
98424,2026,MA1,2,773857,311958,311958,916,Round 2,2026-08-23,Alex Frei,922,The Wildflower DGC,Blue tees,65,18,2,11:30:00,61,-4,953,119,True,False,18,61,True,True,True
98424,2026,MA1,2,773857,275802,275802,896,Round 2,2026-08-23,Tyler Jarrett,907,The Wildflower DGC,Blue tees,65,18,1,11:10:00,59,-6,971,124,True,False,18,59,True,True,True
98424,2026,MA1,2,773857,261284,261284,905,Round 2,2026-08-23,Blake Martino,916,The Wildflower DGC,Blue tees,65,18,4,11:20:00,60,-5,962,124,True,False,18,60,True,True,True
98424,2026,MA1,2,773857,173058,173058,953,Round 2,2026-08-23,Brandon Allaire,950,The Wildflower DGC,Blue tees,65,18,3,11:20:00,64,-1,927,127,True,False,18,64,True,True,True
98424,2026,MA1,2,773857,259718,259718,911,Round 2,2026-08-23,Kamden Cox,906,The Wildflower DGC,Blue tees,65,18,1,11:20:00,65,0,918,127,True,False,18,65,True,True,True
98424,2026,MA1,2,773857,210681,210681,910,Round 2,2026-08-23,Kyle Anderson Andresen,911,The Wildflower DGC,Blue tees,65,18,4,11:10:00,63,-2,936,131,True,False,18,63,True,True,True
98424,2026,MA1,2,773857,174031,174031,911,Round 2,2026-08-23,Ian MacDonald,909,The Wildflower DGC,Blue tees,65,18,2,11:10:00,68,3,892,134,True,False,18,68,True,True,True
98424,2026,MA1,2,773857,228201,228201,870,Round 2,2026-08-23,Waylon Spring,883,The Wildflower DGC,Blue tees,65,18,2,11:00:00,61,-4,953,135,True,False,18,61,True,True,True
98424,2026,MA1,2,773857,308979,308979,894,Round 2,2026-08-23,Owen Mansur,897,The Wildflower DGC,Blue tees,65,18,2,11:20:00,74,9,839,136,True,False,18,74,True,True,True
98424,2026,MA1,2,773857,175140,175140,901,Round 2,2026-08-23,Christian Garey,890,The Wildflower DGC,Blue tees,65,18,3,11:10:00,73,8,848,139,True,False,18,73,True,True,True
98424,2026,MA1,2,773857,221157,221157,928,Round 2,2026-08-23,Dylan Slick,915,The Wildflower DGC,Blue tees,65,18,1,11:00:00,70,5,874,140,True,False,18,70,True,True,True
98424,2026,MA1,2,773857,96154,96154,875,Round 2,2026-08-23,Travis Jacques,871,The Wildflower DGC,Blue tees,65,18,3,11:00:00,70,5,874,146,True,False,18,70,True,True,True
98424,2026,MA2,1,773857,311270,311270,908,Round 1,2026-08-23,Max Olmsted,917,The Wildflower DGC,Blue tees,65,18,4,10:10:00,61,-4,953,126,True,False,18,61,True,True,True
98424,2026,MA2,1,773857,274902,274902,882,Round 1,2026-08-23,Nolan Smith,886,The Wildflower DGC,Blue tees,65,18,1,10:20:00,65,0,918,134,True,False,18,65,True,True,True
98424,2026,MA2,1,773857,279372,279372,911,Round 1,2026-08-23,Cale Bombardier,920,The Wildflower DGC,Blue tees,65,18,3,10:10:00,65,0,918,129,True,False,18,65,True,True,True
98424,2026,MA2,1,773857,324228,324228,872,Round 1,2026-08-23,Luc Cohen-Wanis,885,The Wildflower DGC,Blue tees,65,18,1,09:50:00,65,0,918,132,True,False,18,65,True,True,True
98424,2026,MA2,1,773857,332844,332844,,Round 1,2026-08-23,Kyle Leighton,888,The Wildflower DGC,Blue tees,65,18,4,10:00:00,68,3,892,137,True,False,18,68,True,True,True
98424,2026,MA2,1,773857,212570,212570,886,Round 1,2026-08-23,Derek Copping,874,The Wildflower DGC,Blue tees,65,18,1,10:10:00,72,7,856,148,True,False,18,72,True,True,True
98424,2026,MA2,1,773857,305870,305870,907,Round 1,2026-08-23,Jacob Kroes,899,The Wildflower DGC,Blue tees,65,18,1,10:00:00,72,7,856,140,True,False,18,72,True,True,True
98424,2026,MA2,1,773857,308939,308939,882,Round 1,2026-08-23,Connor Sisk,893,The Wildflower DGC,Blue tees,65,18,3,10:00:00,72,7,856,140,True,False,18,72,True,True,True
98424,2026,MA2,1,773857,331760,331760,,Round 1,2026-08-23,Charles Mauro,857,The Wildflower DGC,Blue tees,65,18,3,10:20:00,72,7,856,,True,False,18,72,True,True,True
98424,2026,MA2,1,773857,332642,332642,,Round 1,2026-08-23,Austin Emmons,857,The Wildflower DGC,Blue tees,65,18,4,10:20:00,72,7,856,144,True,False,18,72,True,True,True
98424,2026,MA2,1,773857,189203,189203,917,Round 1,2026-08-23,Bobby Martino,911,The Wildflower DGC,Blue tees,65,18,3,09:50:00,73,8,848,138,True,False,18,73,True,True,True
98424,2026,MA2,1,773857,313254,313254,896,Round 1,2026-08-23,Ben Kelly,880,The Wildflower DGC,Blue tees,65,18,2,10:20:00,73,8,848,141,True,False,18,73,True,True,True
98424,2026,MA2,1,773857,239437,239437,844,Round 1,2026-08-23,Simon Bethune,830,The Wildflower DGC,Blue tees,65,18,2,10:10:00,74,9,839,156,True,False,18,74,True,True,True
98424,2026,MA2,1,773857,312596,312596,849,Round 1,2026-08-23,mark foster,837,The Wildflower DGC,Blue tees,65,18,2,10:00:00,76,11,821,157,True,False,18,76,True,True,True
98424,2026,MA2,1,773857,332054,332054,873,Round 1,2026-08-23,Casey Langlois,860,The Wildflower DGC,Blue tees,65,18,2,09:50:00,77,12,812,159,True,False,18,77,True,True,True
98424,2026,MA2,2,773857,311270,311270,908,Round 2,2026-08-23,Max Olmsted,917,The Wildflower DGC,Blue tees,65,18,1,10:10:00,65,0,918,126,True,False,18,65,True,True,True
98424,2026,MA2,2,773857,279372,279372,911,Round 2,2026-08-23,Cale Bombardier,920,The Wildflower DGC,Blue tees,65,18,3,10:10:00,64,-1,927,129,True,False,18,64,True,True,True
98424,2026,MA2,2,773857,324228,324228,872,Round 2,2026-08-23,Luc Cohen-Wanis,885,The Wildflower DGC,Blue tees,65,18,4,10:10:00,67,2,900,132,True,False,18,67,True,True,True
98424,2026,MA2,2,773857,274902,274902,882,Round 2,2026-08-23,Nolan Smith,886,The Wildflower DGC,Blue tees,65,18,2,10:10:00,69,4,883,134,True,False,18,69,True,True,True
98424,2026,MA2,2,773857,332844,332844,,Round 2,2026-08-23,Kyle Leighton,888,The Wildflower DGC,Blue tees,65,18,1,10:00:00,69,4,883,137,True,False,18,69,True,True,True
98424,2026,MA2,2,773857,189203,189203,917,Round 2,2026-08-23,Bobby Martino,911,The Wildflower DGC,Blue tees,65,18,2,09:50:00,65,0,918,138,True,False,18,65,True,True,True
98424,2026,MA2,2,773857,305870,305870,907,Round 2,2026-08-23,Jacob Kroes,899,The Wildflower DGC,Blue tees,65,18,3,10:00:00,68,3,892,140,True,False,18,68,True,True,True
98424,2026,MA2,2,773857,308939,308939,882,Round 2,2026-08-23,Connor Sisk,893,The Wildflower DGC,Blue tees,65,18,4,10:00:00,68,3,892,140,True,False,18,68,True,True,True
98424,2026,MA2,2,773857,313254,313254,896,Round 2,2026-08-23,Ben Kelly,880,The Wildflower DGC,Blue tees,65,18,3,09:50:00,68,3,892,141,True,False,18,68,True,True,True
98424,2026,MA2,2,773857,332642,332642,,Round 2,2026-08-23,Austin Emmons,857,The Wildflower DGC,Blue tees,65,18,1,09:50:00,72,7,856,144,True,False,18,72,True,True,True
98424,2026,MA2,2,773857,212570,212570,886,Round 2,2026-08-23,Derek Copping,874,The Wildflower DGC,Blue tees,65,18,2,10:00:00,76,11,821,148,True,False,18,76,True,True,True
98424,2026,MA2,2,773857,239437,239437,844,Round 2,2026-08-23,Simon Bethune,830,The Wildflower DGC,Blue tees,65,18,1,09:40:00,82,17,768,156,True,False,18,82,True,True,True
98424,2026,MA2,2,773857,312596,312596,849,Round 2,2026-08-23,mark foster,837,The Wildflower DGC,Blue tees,65,18,2,09:40:00,81,16,777,157,True,False,18,81,True,True,True
98424,2026,MA2,2,773857,332054,332054,873,Round 2,2026-08-23,Casey Langlois,860,The Wildflower DGC,Blue tees,65,18,3,09:40:00,82,17,768,159,True,False,18,82,True,True,True
98424,2026,MA2,2,773857,331760,331760,,Round 2,2026-08-23,Charles Mauro,857,The Wildflower DGC,Blue tees,65,18,1,09:50:00,,,,,True,True,0,,False,False,False
98424,2026,MA3,1,773859,179422,179422,865,Round 1,2026-08-23,Patrick Mayhew,869,The Wildflower DGC,White tees,63,18,1,08:50:00,57,-6,910,119,True,False,18,57,True,True,True
98424,2026,MA3,1,773859,286641,286641,839,Round 1,2026-08-23,Matthew Lanctot,837,The Wildflower DGC,White tees,63,18,3,09:00:00,64,1,834,124,True,False,18,64,True,True,True
98424,2026,MA3,1,773859,312423,312423,812,Round 1,2026-08-23,Peter Cousino,819,The Wildflower DGC,White tees,63,18,1,08:40:00,64,1,834,131,True,False,18,64,True,True,True
98424,2026,MA3,1,773859,332768,332768,,Round 1,2026-08-23,Jesse Luce,862,The Wildflower DGC,White tees,63,18,3,08:40:00,64,1,834,123,True,False,18,64,True,True,True
98424,2026,MA3,1,773859,314105,314105,847,Round 1,2026-08-23,Dustin Smedy,835,The Wildflower DGC,White tees,63,18,1,09:00:00,69,6,780,135,True,False,18,69,True,True,True
98424,2026,MA3,1,773859,211434,211434,794,Round 1,2026-08-23,Thomas Bousquet,798,The Wildflower DGC,White tees,63,18,2,08:50:00,71,8,758,132,True,False,18,71,True,True,True
98424,2026,MA3,1,773859,331686,331686,,Round 1,2026-08-23,Scott Fournier,726,The Wildflower DGC,White tees,63,18,2,09:00:00,71,8,758,148,True,False,18,71,True,True,True
98424,2026,MA3,1,773859,331787,331787,,Round 1,2026-08-23,Adam Bergeron,753,The Wildflower DGC,White tees,63,18,2,08:40:00,73,10,737,143,True,False,18,73,True,True,True
98424,2026,MA3,2,773859,179422,179422,865,Round 2,2026-08-23,Patrick Mayhew,869,The Wildflower DGC,White tees,63,18,1,08:50:00,62,-1,856,119,True,False,18,62,True,True,True
98424,2026,MA3,2,773859,332768,332768,,Round 2,2026-08-23,Jesse Luce,862,The Wildflower DGC,White tees,63,18,4,08:50:00,59,-4,888,123,True,False,18,59,True,True,True
98424,2026,MA3,2,773859,286641,286641,839,Round 2,2026-08-23,Matthew Lanctot,837,The Wildflower DGC,White tees,63,18,2,08:50:00,60,-3,878,124,True,False,18,60,True,True,True
98424,2026,MA3,2,773859,312423,312423,812,Round 2,2026-08-23,Peter Cousino,819,The Wildflower DGC,White tees,63,18,3,08:50:00,67,4,802,131,True,False,18,67,True,True,True
98424,2026,MA3,2,773859,211434,211434,794,Round 2,2026-08-23,Thomas Bousquet,798,The Wildflower DGC,White tees,63,18,2,08:40:00,61,-2,867,132,True,False,18,61,True,True,True
98424,2026,MA3,2,773859,314105,314105,847,Round 2,2026-08-23,Dustin Smedy,835,The Wildflower DGC,White tees,63,18,1,08:40:00,66,3,813,135,True,False,18,66,True,True,True
98424,2026,MA3,2,773859,331787,331787,,Round 2,2026-08-23,Adam Bergeron,753,The Wildflower DGC,White tees,63,18,4,08:40:00,70,7,769,143,True,False,18,70,True,True,True
98424,2026,MA3,2,773859,331686,331686,,Round 2,2026-08-23,Scott Fournier,726,The Wildflower DGC,White tees,63,18,3,08:40:00,77,14,693,148,True,False,18,77,True,True,True
98424,2026,MA40,1,773857,83212,83212,878,Round 1,2026-08-23,Cory Barron,885,The Wildflower DGC,Blue tees,65,18,4,10:40:00,66,1,909,134,True,False,18,66,True,True,True
98424,2026,MA40,1,773857,84935,84935,867,Round 1,2026-08-23,Droo Fisher,866,The Wildflower DGC,Blue tees,65,18,1,10:40:00,67,2,900,140,True,False,18,67,True,True,True
98424,2026,MA40,1,773857,195320,195320,863,Round 1,2026-08-23,Garrett Oakden,873,The Wildflower DGC,Blue tees,65,18,1,10:50:00,67,2,900,133,True,False,18,67,True,True,True
98424,2026,MA40,1,773857,261570,261570,914,Round 1,2026-08-23,John Beaudin,911,The Wildflower DGC,Blue tees,65,18,2,10:50:00,67,2,900,128,True,False,18,67,True,True,True
98424,2026,MA40,1,773857,32207,32207,850,Round 1,2026-08-23,Joseph Royer,877,The Wildflower DGC,Blue tees,65,18,3,10:30:00,68,3,892,135,True,False,18,68,True,True,True
98424,2026,MA40,1,773857,221629,221629,860,Round 1,2026-08-23,Justin Morgan,858,The Wildflower DGC,Blue tees,65,18,3,10:40:00,70,5,874,135,True,False,18,70,True,True,True
98424,2026,MA40,1,773857,162090,162090,884,Round 1,2026-08-23,Grant Fortier,885,The Wildflower DGC,Blue tees,65,18,4,10:30:00,73,8,848,139,True,False,18,73,True,True,True
98424,2026,MA40,1,773857,283262,283262,873,Round 1,2026-08-23,John Lucci,877,The Wildflower DGC,Blue tees,65,18,3,10:50:00,74,9,839,140,True,False,18,74,True,True,True
98424,2026,MA40,1,773857,205696,205696,879,Round 1,2026-08-23,Matthew Smith,856,The Wildflower DGC,Blue tees,65,18,2,10:40:00,78,13,804,148,True,False,18,78,True,True,True
98424,2026,MA40,1,773857,299013,299013,806,Round 1,2026-08-23,Rob Murray,801,The Wildflower DGC,Blue tees,65,18,4,10:50:00,81,16,777,160,True,False,18,81,True,True,True
98424,2026,MA40,2,773857,261570,261570,914,Round 2,2026-08-23,John Beaudin,911,The Wildflower DGC,Blue tees,65,18,4,10:40:00,61,-4,953,128,True,False,18,61,True,True,True
98424,2026,MA40,2,773857,195320,195320,863,Round 2,2026-08-23,Garrett Oakden,873,The Wildflower DGC,Blue tees,65,18,3,10:40:00,66,1,909,133,True,False,18,66,True,True,True
98424,2026,MA40,2,773857,83212,83212,878,Round 2,2026-08-23,Cory Barron,885,The Wildflower DGC,Blue tees,65,18,1,10:40:00,68,3,892,134,True,False,18,68,True,True,True
98424,2026,MA40,2,773857,221629,221629,860,Round 2,2026-08-23,Justin Morgan,858,The Wildflower DGC,Blue tees,65,18,2,10:30:00,65,0,918,135,True,False,18,65,True,True,True
98424,2026,MA40,2,773857,32207,32207,850,Round 2,2026-08-23,Joseph Royer,877,The Wildflower DGC,Blue tees,65,18,1,10:30:00,67,2,900,135,True,False,18,67,True,True,True
98424,2026,MA40,2,773857,162090,162090,884,Round 2,2026-08-23,Grant Fortier,885,The Wildflower DGC,Blue tees,65,18,3,10:30:00,66,1,909,139,True,False,18,66,True,True,True
98424,2026,MA40,2,773857,283262,283262,873,Round 2,2026-08-23,John Lucci,877,The Wildflower DGC,Blue tees,65,18,4,10:30:00,66,1,909,140,True,False,18,66,True,True,True
98424,2026,MA40,2,773857,84935,84935,867,Round 2,2026-08-23,Droo Fisher,866,The Wildflower DGC,Blue tees,65,18,2,10:40:00,73,8,848,140,True,False,18,73,True,True,True
98424,2026,MA40,2,773857,205696,205696,879,Round 2,2026-08-23,Matthew Smith,856,The Wildflower DGC,Blue tees,65,18,3,10:20:00,70,5,874,148,True,False,18,70,True,True,True
98424,2026,MA40,2,773857,299013,299013,806,Round 2,2026-08-23,Rob Murray,801,The Wildflower DGC,Blue tees,65,18,4,10:20:00,79,14,795,160,True,False,18,79,True,True,True
98424,2026,MA50,1,773857,275118,275118,911,Round 1,2026-08-23,Matthew German,905,The Wildflower DGC,Blue tees,65,18,2,10:30:00,73,8,848,144,True,False,18,73,True,True,True
98424,2026,MA50,1,773857,147904,147904,893,Round 1,2026-08-23,John Williams,890,The Wildflower DGC,Blue tees,65,18,1,10:30:00,74,9,839,144,True,False,18,74,True,True,True
98424,2026,MA50,2,773857,275118,275118,911,Round 2,2026-08-23,Matthew German,905,The Wildflower DGC,Blue tees,65,18,1,10:20:00,71,6,865,144,True,False,18,71,True,True,True
98424,2026,MA50,2,773857,147904,147904,893,Round 2,2026-08-23,John Williams,890,The Wildflower DGC,Blue tees,65,18,2,10:20:00,70,5,874,144,True,False,18,70,True,True,True
98424,2026,MA60,1,773859,118948,118948,791,Round 1,2026-08-23,David Berge,808,The Wildflower DGC,White tees,63,18,3,09:10:00,64,1,834,133,True,False,18,64,True,True,True
98424,2026,MA60,1,773859,83844,83844,862,Round 1,2026-08-23,Clark Johnson,838,The Wildflower DGC,White tees,63,18,2,09:10:00,65,2,823,133,True,False,18,65,True,True,True
98424,2026,MA60,1,773859,77638,77638,750,Round 1,2026-08-23,Gary Royer,770,The Wildflower DGC,White tees,63,18,1,09:10:00,73,10,737,140,True,False,18,73,True,True,True
98424,2026,MA60,2,773859,83844,83844,862,Round 2,2026-08-23,Clark Johnson,838,The Wildflower DGC,White tees,63,18,2,09:30:00,68,5,791,133,True,False,18,68,True,True,True
98424,2026,MA60,2,773859,118948,118948,791,Round 2,2026-08-23,David Berge,808,The Wildflower DGC,White tees,63,18,1,09:30:00,69,6,780,133,True,False,18,69,True,True,True
98424,2026,MA60,2,773859,77638,77638,750,Round 2,2026-08-23,Gary Royer,770,The Wildflower DGC,White tees,63,18,3,09:30:00,67,4,802,140,True,False,18,67,True,True,True
98424,2026,MA70,1,773859,295403,295403,787,Round 1,2026-08-23,William Potter,793,The Wildflower DGC,White tees,63,18,4,08:50:00,64,1,834,136,True,False,18,64,True,True,True
98424,2026,MA70,1,773859,195353,195353,750,Round 1,2026-08-23,Jerome Mendicino,730,The Wildflower DGC,White tees,63,18,3,08:50:00,74,11,726,145,True,False,18,74,True,True,True
98424,2026,MA70,2,773859,295403,295403,787,Round 2,2026-08-23,William Potter,793,The Wildflower DGC,White tees,63,18,2,09:00:00,72,9,748,136,True,False,18,72,True,True,True
98424,2026,MA70,2,773859,195353,195353,750,Round 2,2026-08-23,Jerome Mendicino,730,The Wildflower DGC,White tees,63,18,4,09:00:00,71,8,758,145,True,False,18,71,True,True,True
98424,2026,MP40,1,773809,93414,93414,964,Round 1,2026-08-23,Joshua Lemieux,961,The Wildflower DGC,Gold tees,64,18,2,13:00:00,66,2,961,130,True,False,18,66,True,True,True
98424,2026,MP40,1,773809,74240,74240,967,Round 1,2026-08-23,Christopher Martin,962,The Wildflower DGC,Gold tees,64,18,1,13:00:00,67,3,953,134,True,False,18,67,True,True,True
98424,2026,MP40,1,773809,193211,193211,936,Round 1,2026-08-23,Greg Babbin,933,The Wildflower DGC,Gold tees,64,18,3,13:00:00,68,4,946,145,True,False,18,68,True,True,True
98424,2026,MP40,1,773809,101034,101034,951,Round 1,2026-08-23,Chris Carlisle,945,The Wildflower DGC,Gold tees,64,18,1,12:50:00,70,6,930,145,True,False,18,70,True,True,True
98424,2026,MP40,1,773809,110289,110289,954,Round 1,2026-08-23,Frank Wruk,945,The Wildflower DGC,Gold tees,64,18,4,13:00:00,70,6,930,142,True,False,18,70,True,True,True
98424,2026,MP40,1,773809,239224,239224,939,Round 1,2026-08-23,Cormac Griffin,943,The Wildflower DGC,Gold tees,64,18,2,12:50:00,71,7,923,140,True,False,18,71,True,True,True
98424,2026,MP40,1,773809,262337,262337,941,Round 1,2026-08-23,Sam Nelson,946,The Wildflower DGC,Gold tees,64,18,3,12:50:00,73,9,907,141,True,False,18,73,True,True,True
98424,2026,MP40,2,773809,93414,93414,964,Round 2,2026-08-23,Joshua Lemieux,961,The Wildflower DGC,Gold tees,64,18,1,12:50:00,64,0,976,130,True,False,18,64,True,True,True
98424,2026,MP40,2,773809,74240,74240,967,Round 2,2026-08-23,Christopher Martin,962,The Wildflower DGC,Gold tees,64,18,2,12:50:00,67,3,953,134,True,False,18,67,True,True,True
98424,2026,MP40,2,773809,239224,239224,939,Round 2,2026-08-23,Cormac Griffin,943,The Wildflower DGC,Gold tees,64,18,2,12:40:00,69,5,938,140,True,False,18,69,True,True,True
98424,2026,MP40,2,773809,262337,262337,941,Round 2,2026-08-23,Sam Nelson,946,The Wildflower DGC,Gold tees,64,18,3,12:40:00,68,4,946,141,True,False,18,68,True,True,True
98424,2026,MP40,2,773809,110289,110289,954,Round 2,2026-08-23,Frank Wruk,945,The Wildflower DGC,Gold tees,64,18,1,12:40:00,72,8,915,142,True,False,18,72,True,True,True
98424,2026,MP40,2,773809,101034,101034,951,Round 2,2026-08-23,Chris Carlisle,945,The Wildflower DGC,Gold tees,64,18,4,12:50:00,75,11,892,145,True,False,18,75,True,True,True
98424,2026,MP40,2,773809,193211,193211,936,Round 2,2026-08-23,Greg Babbin,933,The Wildflower DGC,Gold tees,64,18,3,12:50:00,77,13,877,145,True,False,18,77,True,True,True
98424,2026,MP50,1,773857,20671,20671,1008,Round 1,2026-08-23,Craig Cutler,1008,The Wildflower DGC,Blue tees,65,18,4,12:30:00,53,-12,1024,108,True,False,18,53,True,True,True
98424,2026,MP50,1,773857,166239,166239,957,Round 1,2026-08-23,Tom Raub,958,The Wildflower DGC,Blue tees,65,18,1,12:20:00,54,-11,1015,118,True,False,18,54,True,True,True
98424,2026,MP50,1,773857,273662,273662,915,Round 1,2026-08-23,John McKinnon,920,The Wildflower DGC,Blue tees,65,18,4,12:20:00,61,-4,953,117,True,False,18,61,True,True,True
98424,2026,MP50,1,773857,25395,25395,942,Round 1,2026-08-23,Peter Belizi,944,The Wildflower DGC,Blue tees,65,18,3,12:30:00,62,-3,944,121,True,False,18,62,True,True,True
98424,2026,MP50,1,773857,32401,32401,938,Round 1,2026-08-23,Todd Holmes,940,The Wildflower DGC,Blue tees,65,18,2,12:30:00,62,-3,944,126,True,False,18,62,True,True,True
98424,2026,MP50,1,773857,171544,171544,939,Round 1,2026-08-23,Dave Irving,935,The Wildflower DGC,Blue tees,65,18,2,12:00:00,64,-1,927,130,True,False,18,64,True,True,True
98424,2026,MP50,1,773857,223480,223480,879,Round 1,2026-08-23,Marc Kirkpatrick,879,The Wildflower DGC,Blue tees,65,18,2,12:20:00,65,0,918,139,True,False,18,65,True,True,True
98424,2026,MP50,1,773857,24381,24381,942,Round 1,2026-08-23,Chris Young,937,The Wildflower DGC,Blue tees,65,18,1,12:30:00,66,1,909,126,True,False,18,66,True,True,True
98424,2026,MP50,1,773857,97356,97356,929,Round 1,2026-08-23,Jason Guild,934,The Wildflower DGC,Blue tees,65,18,3,12:20:00,66,1,909,125,True,False,18,66,True,True,True
98424,2026,MP50,1,773857,20455,20455,900,Round 1,2026-08-23,Jason Gilbert,893,The Wildflower DGC,Blue tees,65,18,1,12:00:00,69,4,883,139,True,False,18,69,True,True,True
98424,2026,MP50,1,773857,125921,125921,905,Round 1,2026-08-23,Christopher Conk,905,The Wildflower DGC,Blue tees,65,18,3,12:00:00,71,6,865,139,True,False,18,71,True,True,True
98424,2026,MP50,1,773857,157577,157577,905,Round 1,2026-08-23,Ian Butman,901,The Wildflower DGC,Blue tees,65,18,3,12:10:00,73,8,848,139,True,False,18,73,True,True,True
98424,2026,MP50,1,773857,312505,312505,814,Round 1,2026-08-23,Daniel Thompson,819,The Wildflower DGC,Blue tees,65,18,1,12:10:00,75,10,830,144,True,False,18,75,True,True,True
98424,2026,MP50,2,773857,20671,20671,1008,Round 2,2026-08-23,Craig Cutler,1008,The Wildflower DGC,Blue tees,65,18,1,12:20:00,55,-10,1006,108,True,False,18,55,True,True,True
98424,2026,MP50,2,773857,273662,273662,915,Round 2,2026-08-23,John McKinnon,920,The Wildflower DGC,Blue tees,65,18,3,12:20:00,56,-9,997,117,True,False,18,56,True,True,True
98424,2026,MP50,2,773857,166239,166239,957,Round 2,2026-08-23,Tom Raub,958,The Wildflower DGC,Blue tees,65,18,2,12:20:00,64,-1,927,118,True,False,18,64,True,True,True
98424,2026,MP50,2,773857,25395,25395,942,Round 2,2026-08-23,Peter Belizi,944,The Wildflower DGC,Blue tees,65,18,4,12:20:00,59,-6,971,121,True,False,18,59,True,True,True
98424,2026,MP50,2,773857,97356,97356,929,Round 2,2026-08-23,Jason Guild,934,The Wildflower DGC,Blue tees,65,18,2,12:00:00,59,-6,971,125,True,False,18,59,True,True,True
98424,2026,MP50,2,773857,24381,24381,942,Round 2,2026-08-23,Chris Young,937,The Wildflower DGC,Blue tees,65,18,1,12:00:00,60,-5,962,126,True,False,18,60,True,True,True
98424,2026,MP50,2,773857,32401,32401,938,Round 2,2026-08-23,Todd Holmes,940,The Wildflower DGC,Blue tees,65,18,1,12:10:00,64,-1,927,126,True,False,18,64,True,True,True
98424,2026,MP50,2,773857,171544,171544,939,Round 2,2026-08-23,Dave Irving,935,The Wildflower DGC,Blue tees,65,18,2,12:10:00,66,1,909,130,True,False,18,66,True,True,True
98424,2026,MP50,2,773857,157577,157577,905,Round 2,2026-08-23,Ian Butman,901,The Wildflower DGC,Blue tees,65,18,2,11:40:00,66,1,909,139,True,False,18,66,True,True,True
98424,2026,MP50,2,773857,125921,125921,905,Round 2,2026-08-23,Christopher Conk,905,The Wildflower DGC,Blue tees,65,18,1,11:40:00,68,3,892,139,True,False,18,68,True,True,True
98424,2026,MP50,2,773857,20455,20455,900,Round 2,2026-08-23,Jason Gilbert,893,The Wildflower DGC,Blue tees,65,18,3,12:00:00,70,5,874,139,True,False,18,70,True,True,True
98424,2026,MP50,2,773857,223480,223480,879,Round 2,2026-08-23,Marc Kirkpatrick,879,The Wildflower DGC,Blue tees,65,18,3,12:10:00,74,9,839,139,True,False,18,74,True,True,True
98424,2026,MP50,2,773857,312505,312505,814,Round 2,2026-08-23,Daniel Thompson,819,The Wildflower DGC,Blue tees,65,18,3,11:40:00,69,4,883,144,True,False,18,69,True,True,True
98424,2026,MP60,1,773857,73991,73991,865,Round 1,2026-08-23,Jeff Milchen,855,The Wildflower DGC,Blue tees,65,18,2,12:10:00,79,14,795,151,True,False,18,79,True,True,True
98424,2026,MP60,2,773857,73991,73991,865,Round 2,2026-08-23,Jeff Milchen,855,The Wildflower DGC,Blue tees,65,18,4,11:40:00,72,7,856,151,True,False,18,72,True,True,True
98424,2026,MPO,1,773809,111643,111643,1011,Round 1,2026-08-23,Finn Etter,1013,The Wildflower DGC,Gold tees,64,18,2,13:50:00,55,-9,1045,112,True,False,18,55,True,True,True
98424,2026,MPO,1,773809,83848,83848,1008,Round 1,2026-08-23,Landon Brooks,1010,The Wildflower DGC,Gold tees,64,18,1,13:50:00,57,-7,1030,115,True,False,18,57,True,True,True
98424,2026,MPO,1,773809,122655,122655,1026,Round 1,2026-08-23,Dylan Capaccioli,1025,The Wildflower DGC,Gold tees,64,18,3,14:00:00,58,-6,1022,114,True,False,18,58,True,True,True
98424,2026,MPO,1,773809,167837,167837,1003,Round 1,2026-08-23,Elijah Garrison,1004,The Wildflower DGC,Gold tees,64,18,2,14:00:00,58,-6,1022,116,True,False,18,58,True,True,True
98424,2026,MPO,1,773809,204892,204892,970,Round 1,2026-08-23,Tiernan Roland,973,The Wildflower DGC,Gold tees,64,18,1,13:20:00,58,-6,1022,122,True,False,18,58,True,True,True
98424,2026,MPO,1,773809,75861,75861,972,Round 1,2026-08-23,Charlie Veysey,978,The Wildflower DGC,Gold tees,64,18,2,13:40:00,59,-5,1014,125,True,False,18,59,True,True,True
98424,2026,MPO,1,773809,161558,161558,994,Round 1,2026-08-23,Brad Schott,994,The Wildflower DGC,Gold tees,64,18,3,13:50:00,60,-4,1007,125,True,False,18,60,True,True,True
98424,2026,MPO,1,773809,142744,142744,973,Round 1,2026-08-23,Abel German,974,The Wildflower DGC,Gold tees,64,18,4,13:50:00,61,-3,999,124,True,False,18,61,True,True,True
98424,2026,MPO,1,773809,104322,104322,968,Round 1,2026-08-23,Ian Nickerson,978,The Wildflower DGC,Gold tees,64,18,3,13:20:00,62,-2,992,122,True,False,18,62,True,True,True
98424,2026,MPO,1,773809,187845,187845,952,Round 1,2026-08-23,Shane Seals,962,The Wildflower DGC,Gold tees,64,18,2,13:30:00,62,-2,992,132,True,False,18,62,True,True,True
98424,2026,MPO,1,773809,169393,169393,978,Round 1,2026-08-23,Aidan Trombley,977,The Wildflower DGC,Gold tees,64,18,4,14:00:00,63,-1,984,129,True,False,18,63,True,True,True
98424,2026,MPO,1,773809,258837,258837,975,Round 1,2026-08-23,Brandon Cournoyer,977,The Wildflower DGC,Gold tees,64,18,1,13:30:00,63,-1,984,129,True,False,18,63,True,True,True
98424,2026,MPO,1,773809,124203,124203,938,Round 1,2026-08-23,Ezra Koch,954,The Wildflower DGC,Gold tees,64,18,1,14:00:00,64,0,976,130,True,False,18,64,True,True,True
98424,2026,MPO,1,773809,85970,85970,966,Round 1,2026-08-23,Ben Drogue,966,The Wildflower DGC,Gold tees,64,18,3,13:40:00,66,2,961,139,True,False,18,66,True,True,True
98424,2026,MPO,1,773809,219307,219307,935,Round 1,2026-08-23,Everett Secor,935,The Wildflower DGC,Gold tees,64,18,3,13:30:00,68,4,946,136,True,False,18,68,True,True,True
98424,2026,MPO,1,773809,223671,223671,948,Round 1,2026-08-23,Brendan Van Tuinen,942,The Wildflower DGC,Gold tees,64,18,2,13:20:00,69,5,938,,True,False,18,69,True,True,True
98424,2026,MPO,1,773809,31562,31562,956,Round 1,2026-08-23,Jonathan Betts,948,The Wildflower DGC,Gold tees,64,18,1,13:40:00,72,8,915,140,True,False,18,72,True,True,True
98424,2026,MPO,2,773809,111643,111643,1011,Round 2,2026-08-23,Finn Etter,1013,The Wildflower DGC,Gold tees,64,18,1,13:50:00,57,-7,1030,112,True,False,18,57,True,True,True
98424,2026,MPO,2,773809,122655,122655,1026,Round 2,2026-08-23,Dylan Capaccioli,1025,The Wildflower DGC,Gold tees,64,18,3,13:50:00,56,-8,1037,114,True,False,18,56,True,True,True
98424,2026,MPO,2,773809,83848,83848,1008,Round 2,2026-08-23,Landon Brooks,1010,The Wildflower DGC,Gold tees,64,18,2,13:50:00,58,-6,1022,115,True,False,18,58,True,True,True
98424,2026,MPO,2,773809,167837,167837,1003,Round 2,2026-08-23,Elijah Garrison,1004,The Wildflower DGC,Gold tees,64,18,4,13:50:00,58,-6,1022,116,True,False,18,58,True,True,True
98424,2026,MPO,2,773809,104322,104322,968,Round 2,2026-08-23,Ian Nickerson,978,The Wildflower DGC,Gold tees,64,18,1,13:30:00,60,-4,1007,122,True,False,18,60,True,True,True
98424,2026,MPO,2,773809,204892,204892,970,Round 2,2026-08-23,Tiernan Roland,973,The Wildflower DGC,Gold tees,64,18,1,13:40:00,64,0,976,122,True,False,18,64,True,True,True
98424,2026,MPO,2,773809,142744,142744,973,Round 2,2026-08-23,Abel German,974,The Wildflower DGC,Gold tees,64,18,4,13:40:00,63,-1,984,124,True,False,18,63,True,True,True
98424,2026,MPO,2,773809,161558,161558,994,Round 2,2026-08-23,Brad Schott,994,The Wildflower DGC,Gold tees,64,18,3,13:40:00,65,1,969,125,True,False,18,65,True,True,True
98424,2026,MPO,2,773809,75861,75861,972,Round 2,2026-08-23,Charlie Veysey,978,The Wildflower DGC,Gold tees,64,18,2,13:40:00,66,2,961,125,True,False,18,66,True,True,True
98424,2026,MPO,2,773809,169393,169393,978,Round 2,2026-08-23,Aidan Trombley,977,The Wildflower DGC,Gold tees,64,18,3,13:30:00,66,2,961,129,True,False,18,66,True,True,True
98424,2026,MPO,2,773809,258837,258837,975,Round 2,2026-08-23,Brandon Cournoyer,977,The Wildflower DGC,Gold tees,64,18,4,13:30:00,66,2,961,129,True,False,18,66,True,True,True
98424,2026,MPO,2,773809,124203,124203,938,Round 2,2026-08-23,Ezra Koch,954,The Wildflower DGC,Gold tees,64,18,1,13:20:00,66,2,961,130,True,False,18,66,True,True,True
98424,2026,MPO,2,773809,187845,187845,952,Round 2,2026-08-23,Shane Seals,962,The Wildflower DGC,Gold tees,64,18,2,13:30:00,70,6,930,132,True,False,18,70,True,True,True
98424,2026,MPO,2,773809,219307,219307,935,Round 2,2026-08-23,Everett Secor,935,The Wildflower DGC,Gold tees,64,18,3,13:20:00,68,4,946,136,True,False,18,68,True,True,True
98424,2026,MPO,2,773809,85970,85970,966,Round 2,2026-08-23,Ben Drogue,966,The Wildflower DGC,Gold tees,64,18,2,13:20:00,73,9,907,139,True,False,18,73,True,True,True
98424,2026,MPO,2,773809,31562,31562,956,Round 2,2026-08-23,Jonathan Betts,948,The Wildflower DGC,Gold tees,64,18,4,13:20:00,68,4,946,140,True,False,18,68,True,True,True
98424,2026,MPO,2,773809,223671,223671,948,Round 2,2026-08-23,Brendan Van Tuinen,942,The Wildflower DGC,Gold tees,64,18,,,,,,,True,True,0,,False,False,False
98313,2026,MA1,1,776409,278286,278286,950,Round 1,2026-09-06,Trevor Hazelton,949,Broken Hill DGC,Blue Tees,69,18,2,10:45:00,64,-5,979,134,True,False,18,64,True,True,True
98313,2026,MA1,1,776409,173058,173058,953,Round 1,2026-09-06,Brandon Allaire,950,Broken Hill DGC,Blue Tees,69,18,1,11:00:00,66,-3,964,129,True,False,18,66,True,True,True
98313,2026,MA1,1,776409,228201,228201,870,Round 1,2026-09-06,Waylon Spring,883,Broken Hill DGC,Blue Tees,69,18,2,11:00:00,71,2,926,143,True,False,18,71,True,True,True
98313,2026,MA1,1,776409,259718,259718,911,Round 1,2026-09-06,Kamden Cox,906,Broken Hill DGC,Blue Tees,69,18,3,11:45:00,71,2,926,143,True,False,18,71,True,True,True
98313,2026,MA1,1,776409,158783,158783,895,Round 1,2026-09-06,Joseph Humes,906,Broken Hill DGC,Blue Tees,69,18,1,11:45:00,72,3,918,148,True,False,18,72,True,True,True
98313,2026,MA1,1,776409,292031,292031,858,Round 1,2026-09-06,George Salmons,877,Broken Hill DGC,Blue Tees,69,18,3,10:45:00,72,3,918,146,True,False,18,72,True,True,True
98313,2026,MA1,1,776409,261284,261284,905,Round 1,2026-09-06,Blake Martino,916,Broken Hill DGC,Blue Tees,69,18,4,11:45:00,73,4,911,151,True,False,18,73,True,True,True
98313,2026,MA1,1,776409,174031,174031,911,Round 1,2026-09-06,Ian MacDonald,909,Broken Hill DGC,Blue Tees,69,18,1,11:15:00,74,5,903,151,True,False,18,74,True,True,True
98313,2026,MA1,1,776409,275802,275802,896,Round 1,2026-09-06,Tyler Jarrett,907,Broken Hill DGC,Blue Tees,69,18,3,11:15:00,74,5,903,145,True,False,18,74,True,True,True
98313,2026,MA1,1,776409,267973,267973,942,Round 1,2026-09-06,Mitchell Gill,943,Broken Hill DGC,Blue Tees,69,18,2,11:15:00,76,7,888,142,True,False,18,76,True,True,True
98313,2026,MA1,1,776409,210681,210681,910,Round 1,2026-09-06,Kyle Anderson Andresen,911,Broken Hill DGC,Blue Tees,69,18,2,11:45:00,78,9,873,150,True,False,18,78,True,True,True
98313,2026,MA1,1,776409,221157,221157,928,Round 1,2026-09-06,Dylan Slick,915,Broken Hill DGC,Blue Tees,69,18,1,10:45:00,78,9,873,150,True,False,18,78,True,True,True
98313,2026,MA1,1,776409,242103,242103,894,Round 1,2026-09-06,Nathan Oxenfeld,895,Broken Hill DGC,Blue Tees,69,18,3,11:00:00,78,9,873,150,True,False,18,78,True,True,True
98313,2026,MA1,2,776409,173058,173058,953,Round 2,2026-09-06,Brandon Allaire,950,Broken Hill DGC,Blue Tees,69,18,2,11:45:00,63,-6,987,129,True,False,18,63,True,True,True
98313,2026,MA1,2,776409,278286,278286,950,Round 2,2026-09-06,Trevor Hazelton,949,Broken Hill DGC,Blue Tees,69,18,1,11:45:00,70,1,934,134,True,False,18,70,True,True,True
98313,2026,MA1,2,776409,267973,267973,942,Round 2,2026-09-06,Mitchell Gill,943,Broken Hill DGC,Blue Tees,69,18,3,11:15:00,66,-3,964,142,True,False,18,66,True,True,True
98313,2026,MA1,2,776409,228201,228201,870,Round 2,2026-09-06,Waylon Spring,883,Broken Hill DGC,Blue Tees,69,18,3,11:45:00,72,3,918,143,True,False,18,72,True,True,True
98313,2026,MA1,2,776409,259718,259718,911,Round 2,2026-09-06,Kamden Cox,906,Broken Hill DGC,Blue Tees,69,18,4,11:45:00,72,3,918,143,True,False,18,72,True,True,True
98313,2026,MA1,2,776409,275802,275802,896,Round 2,2026-09-06,Tyler Jarrett,907,Broken Hill DGC,Blue Tees,69,18,2,11:15:00,71,2,926,145,True,False,18,71,True,True,True
98313,2026,MA1,2,776409,292031,292031,858,Round 2,2026-09-06,George Salmons,877,Broken Hill DGC,Blue Tees,69,18,2,11:30:00,74,5,903,146,True,False,18,74,True,True,True
98313,2026,MA1,2,776409,158783,158783,895,Round 2,2026-09-06,Joseph Humes,906,Broken Hill DGC,Blue Tees,69,18,1,11:30:00,76,7,888,148,True,False,18,76,True,True,True
98313,2026,MA1,2,776409,210681,210681,910,Round 2,2026-09-06,Kyle Anderson Andresen,911,Broken Hill DGC,Blue Tees,69,18,1,11:00:00,72,3,918,150,True,False,18,72,True,True,True
98313,2026,MA1,2,776409,221157,221157,928,Round 2,2026-09-06,Dylan Slick,915,Broken Hill DGC,Blue Tees,69,18,2,11:00:00,72,3,918,150,True,False,18,72,True,True,True
98313,2026,MA1,2,776409,242103,242103,894,Round 2,2026-09-06,Nathan Oxenfeld,895,Broken Hill DGC,Blue Tees,69,18,3,11:00:00,72,3,918,150,True,False,18,72,True,True,True
98313,2026,MA1,2,776409,174031,174031,911,Round 2,2026-09-06,Ian MacDonald,909,Broken Hill DGC,Blue Tees,69,18,1,11:15:00,77,8,881,151,True,False,18,77,True,True,True
98313,2026,MA1,2,776409,261284,261284,905,Round 2,2026-09-06,Blake Martino,916,Broken Hill DGC,Blue Tees,69,18,3,11:30:00,78,9,873,151,True,False,18,78,True,True,True
98313,2026,MA2,1,776409,311270,311270,908,Round 1,2026-09-06,Max Olmsted,917,Broken Hill DGC,Blue Tees,69,18,3,10:00:00,68,-1,949,138,True,False,18,68,True,True,True
98313,2026,MA2,1,776409,279372,279372,911,Round 1,2026-09-06,Cale Bombardier,920,Broken Hill DGC,Blue Tees,69,18,1,10:15:00,70,1,934,137,True,False,18,70,True,True,True
98313,2026,MA2,1,776409,305330,305330,907,Round 1,2026-09-06,Jesse Clearwater,913,Broken Hill DGC,Blue Tees,69,18,2,10:00:00,70,1,934,145,True,False,18,70,True,True,True
98313,2026,MA2,1,776409,314991,314991,884,Round 1,2026-09-06,Conner Spence,890,Broken Hill DGC,Blue Tees,69,18,2,10:15:00,72,3,918,148,True,False,18,72,True,True,True
98313,2026,MA2,1,776409,274902,274902,882,Round 1,2026-09-06,Nolan Smith,886,Broken Hill DGC,Blue Tees,69,18,2,11:30:00,73,4,911,146,True,False,18,73,True,True,True
98313,2026,MA2,1,776409,324228,324228,872,Round 1,2026-09-06,Luc Cohen-Wanis,885,Broken Hill DGC,Blue Tees,69,18,3,10:15:00,74,5,903,141,True,False,18,74,True,True,True
98313,2026,MA2,1,776409,189203,189203,917,Round 1,2026-09-06,Bobby Martino,911,Broken Hill DGC,Blue Tees,69,18,1,10:00:00,76,7,888,152,True,False,18,76,True,True,True
98313,2026,MA2,1,776409,244952,244952,893,Round 1,2026-09-06,Joshua Dezotell,895,Broken Hill DGC,Blue Tees,69,18,1,11:30:00,78,9,873,151,True,False,18,78,True,True,True
98313,2026,MA2,1,776409,239437,239437,844,Round 1,2026-09-06,Simon Bethune,830,Broken Hill DGC,Blue Tees,69,18,4,11:30:00,82,13,843,175,True,False,18,82,True,True,True
98313,2026,MA2,1,776409,291088,291088,863,Round 1,2026-09-06,Joseph Maher,880,Broken Hill DGC,Blue Tees,69,18,3,11:30:00,82,13,843,155,True,False,18,82,True,True,True
98313,2026,MA2,2,776409,279372,279372,911,Round 2,2026-09-06,Cale Bombardier,920,Broken Hill DGC,Blue Tees,69,18,2,10:30:00,67,-2,956,137,True,False,18,67,True,True,True
98313,2026,MA2,2,776409,311270,311270,908,Round 2,2026-09-06,Max Olmsted,917,Broken Hill DGC,Blue Tees,69,18,1,10:30:00,70,1,934,138,True,False,18,70,True,True,True
98313,2026,MA2,2,776409,324228,324228,872,Round 2,2026-09-06,Luc Cohen-Wanis,885,Broken Hill DGC,Blue Tees,69,18,2,10:15:00,67,-2,956,141,True,False,18,67,True,True,True
98313,2026,MA2,2,776409,305330,305330,907,Round 2,2026-09-06,Jesse Clearwater,913,Broken Hill DGC,Blue Tees,69,18,3,10:30:00,75,6,896,145,True,False,18,75,True,True,True
98313,2026,MA2,2,776409,274902,274902,882,Round 2,2026-09-06,Nolan Smith,886,Broken Hill DGC,Blue Tees,69,18,1,10:15:00,73,4,911,146,True,False,18,73,True,True,True
98313,2026,MA2,2,776409,314991,314991,884,Round 2,2026-09-06,Conner Spence,890,Broken Hill DGC,Blue Tees,69,18,4,10:30:00,76,7,888,148,True,False,18,76,True,True,True
98313,2026,MA2,2,776409,244952,244952,893,Round 2,2026-09-06,Joshua Dezotell,895,Broken Hill DGC,Blue Tees,69,18,1,10:00:00,73,4,911,151,True,False,18,73,True,True,True
98313,2026,MA2,2,776409,189203,189203,917,Round 2,2026-09-06,Bobby Martino,911,Broken Hill DGC,Blue Tees,69,18,3,10:15:00,76,7,888,152,True,False,18,76,True,True,True
98313,2026,MA2,2,776409,291088,291088,863,Round 2,2026-09-06,Joseph Maher,880,Broken Hill DGC,Blue Tees,69,18,3,10:00:00,73,4,911,155,True,False,18,73,True,True,True
98313,2026,MA2,2,776409,239437,239437,844,Round 2,2026-09-06,Simon Bethune,830,Broken Hill DGC,Blue Tees,69,18,2,10:00:00,93,24,759,175,True,False,18,93,True,True,True
98313,2026,MA3,1,776410,175839,175839,879,Round 1,2026-09-06,Wilder Irving,875,Broken Hill DGC,White Tees,69,18,1,09:15:00,63,-6,921,134,True,False,18,63,True,True,True
98313,2026,MA3,1,776410,331966,331966,,Round 1,2026-09-06,Will Manning,858,Broken Hill DGC,White Tees,69,18,2,08:30:00,66,-3,894,140,True,False,18,66,True,True,True
98313,2026,MA3,1,776410,312423,312423,812,Round 1,2026-09-06,Peter Cousino,819,Broken Hill DGC,White Tees,69,18,3,09:15:00,68,-1,876,145,True,False,18,68,True,True,True
98313,2026,MA3,1,776410,289367,289367,833,Round 1,2026-09-06,Tyler Karnes,836,Broken Hill DGC,White Tees,69,18,3,08:30:00,69,0,867,140,True,False,18,69,True,True,True
98313,2026,MA3,1,776410,314105,314105,847,Round 1,2026-09-06,Dustin Smedy,835,Broken Hill DGC,White Tees,69,18,4,09:15:00,71,2,849,141,True,False,18,71,True,True,True
98313,2026,MA3,1,776410,275115,275115,808,Round 1,2026-09-06,Mindy German,805,Broken Hill DGC,White Tees,69,18,2,09:15:00,76,7,803,150,True,False,18,76,True,True,True
98313,2026,MA3,1,776410,286641,286641,839,Round 1,2026-09-06,Matthew Lanctot,837,Broken Hill DGC,White Tees,69,18,1,08:30:00,81,12,757,152,True,False,18,81,True,True,True
98313,2026,MA3,2,776410,175839,175839,879,Round 2,2026-09-06,Wilder Irving,875,Broken Hill DGC,White Tees,69,18,1,08:45:00,71,2,849,134,True,False,18,71,True,True,True
98313,2026,MA3,2,776410,289367,289367,833,Round 2,2026-09-06,Tyler Karnes,836,Broken Hill DGC,White Tees,69,18,4,08:45:00,71,2,849,140,True,False,18,71,True,True,True
98313,2026,MA3,2,776410,331966,331966,,Round 2,2026-09-06,Will Manning,858,Broken Hill DGC,White Tees,69,18,2,08:45:00,74,5,821,140,True,False,18,74,True,True,True
98313,2026,MA3,2,776410,314105,314105,847,Round 2,2026-09-06,Dustin Smedy,835,Broken Hill DGC,White Tees,69,18,1,08:30:00,70,1,858,141,True,False,18,70,True,True,True
98313,2026,MA3,2,776410,312423,312423,812,Round 2,2026-09-06,Peter Cousino,819,Broken Hill DGC,White Tees,69,18,3,08:45:00,77,8,794,145,True,False,18,77,True,True,True
98313,2026,MA3,2,776410,275115,275115,808,Round 2,2026-09-06,Mindy German,805,Broken Hill DGC,White Tees,69,18,2,08:30:00,74,5,821,150,True,False,18,74,True,True,True
98313,2026,MA3,2,776410,286641,286641,839,Round 2,2026-09-06,Matthew Lanctot,837,Broken Hill DGC,White Tees,69,18,3,08:30:00,71,2,849,152,True,False,18,71,True,True,True
98313,2026,MA40,1,776409,261570,261570,914,Round 1,2026-09-06,John Beaudin,911,Broken Hill DGC,Blue Tees,69,18,3,10:30:00,73,4,911,150,True,False,18,73,True,True,True
98313,2026,MA40,1,776409,84935,84935,867,Round 1,2026-09-06,Droo Fisher,866,Broken Hill DGC,Blue Tees,69,18,1,10:30:00,82,13,843,163,True,False,18,82,True,True,True
98313,2026,MA40,1,776409,221629,221629,860,Round 1,2026-09-06,Justin Morgan,858,Broken Hill DGC,Blue Tees,69,18,2,10:30:00,82,13,843,173,True,False,18,82,True,True,True
98313,2026,MA40,2,776409,261570,261570,914,Round 2,2026-09-06,John Beaudin,911,Broken Hill DGC,Blue Tees,69,18,1,10:45:00,77,8,881,150,True,False,18,77,True,True,True
98313,2026,MA40,2,776409,84935,84935,867,Round 2,2026-09-06,Droo Fisher,866,Broken Hill DGC,Blue Tees,69,18,2,10:45:00,81,12,850,163,True,False,18,81,True,True,True
98313,2026,MA40,2,776409,221629,221629,860,Round 2,2026-09-06,Justin Morgan,858,Broken Hill DGC,Blue Tees,69,18,3,10:45:00,91,22,775,173,True,False,18,91,True,True,True
98313,2026,MA50,1,776410,202875,202875,909,Round 1,2026-09-06,Thomas Limanek,911,Broken Hill DGC,White Tees,69,18,1,09:00:00,63,-6,921,125,True,False,18,63,True,True,True
98313,2026,MA50,1,776410,275118,275118,911,Round 1,2026-09-06,Matthew German,905,Broken Hill DGC,White Tees,69,18,3,08:45:00,63,-6,921,126,True,False,18,63,True,True,True
98313,2026,MA50,1,776410,268914,268914,893,Round 1,2026-09-06,James Sestokas,891,Broken Hill DGC,White Tees,69,18,3,09:00:00,68,-1,876,135,True,False,18,68,True,True,True
98313,2026,MA50,1,776410,235035,235035,911,Round 1,2026-09-06,Paul Seyler,908,Broken Hill DGC,White Tees,69,18,2,09:00:00,70,1,858,133,True,False,18,70,True,True,True
98313,2026,MA50,2,776410,202875,202875,909,Round 2,2026-09-06,Thomas Limanek,911,Broken Hill DGC,White Tees,69,18,1,09:15:00,62,-7,930,125,True,False,18,62,True,True,True
98313,2026,MA50,2,776410,275118,275118,911,Round 2,2026-09-06,Matthew German,905,Broken Hill DGC,White Tees,69,18,2,09:15:00,63,-6,921,126,True,False,18,63,True,True,True
98313,2026,MA50,2,776410,235035,235035,911,Round 2,2026-09-06,Paul Seyler,908,Broken Hill DGC,White Tees,69,18,2,09:00:00,63,-6,921,133,True,False,18,63,True,True,True
98313,2026,MA50,2,776410,268914,268914,893,Round 2,2026-09-06,James Sestokas,891,Broken Hill DGC,White Tees,69,18,1,09:00:00,67,-2,885,135,True,False,18,67,True,True,True
98313,2026,MA60,1,776410,91301,91301,899,Round 1,2026-09-06,Michael A. Stridsberg,898,Broken Hill DGC,White Tees,69,18,1,08:45:00,68,-1,876,132,True,False,18,68,True,True,True
98313,2026,MA60,1,776410,287097,287097,830,Round 1,2026-09-06,Todd Sternbach,817,Broken Hill DGC,White Tees,69,18,2,08:45:00,76,7,803,154,True,False,18,76,True,True,True
98313,2026,MA60,2,776410,91301,91301,899,Round 2,2026-09-06,Michael A. Stridsberg,898,Broken Hill DGC,White Tees,69,18,3,09:15:00,64,-5,912,132,True,False,18,64,True,True,True
98313,2026,MA60,2,776410,287097,287097,830,Round 2,2026-09-06,Todd Sternbach,817,Broken Hill DGC,White Tees,69,18,3,09:00:00,78,9,785,154,True,False,18,78,True,True,True
98313,2026,MA70,1,776410,248502,248502,842,Round 1,2026-09-06,Christian Andresen,846,Broken Hill DGC,White Tees,69,18,1,09:30:00,67,-2,885,141,True,False,18,67,True,True,True
98313,2026,MA70,1,776410,295403,295403,787,Round 1,2026-09-06,William Potter,793,Broken Hill DGC,White Tees,69,18,2,09:30:00,71,2,849,148,True,False,18,71,True,True,True
98313,2026,MA70,1,776410,195353,195353,750,Round 1,2026-09-06,Jerome Mendicino,730,Broken Hill DGC,White Tees,69,18,3,09:30:00,85,16,721,177,True,False,18,85,True,True,True
98313,2026,MA70,2,776410,248502,248502,842,Round 2,2026-09-06,Christian Andresen,846,Broken Hill DGC,White Tees,69,18,1,09:30:00,74,5,821,141,True,False,18,74,True,True,True
98313,2026,MA70,2,776410,295403,295403,787,Round 2,2026-09-06,William Potter,793,Broken Hill DGC,White Tees,69,18,2,09:30:00,77,8,794,148,True,False,18,77,True,True,True
98313,2026,MA70,2,776410,195353,195353,750,Round 2,2026-09-06,Jerome Mendicino,730,Broken Hill DGC,White Tees,69,18,3,09:30:00,92,23,657,177,True,False,18,92,True,True,True
98313,2026,MP40,1,776408,93414,93414,964,Round 1,2026-09-06,Joshua Lemieux,961,Broken Hill DGC,Gold Tees,68,18,2,13:00:00,69,1,966,136,True,False,18,69,True,True,True
98313,2026,MP40,1,776408,22318,22318,967,Round 1,2026-09-06,Aaron Smartt,965,Broken Hill DGC,Gold Tees,68,18,1,13:00:00,74,6,932,152,True,False,18,74,True,True,True
98313,2026,MP40,2,776408,93414,93414,964,Round 2,2026-09-06,Joshua Lemieux,961,Broken Hill DGC,Gold Tees,68,18,1,13:00:00,67,-1,980,136,True,False,18,67,True,True,True
98313,2026,MP40,2,776408,22318,22318,967,Round 2,2026-09-06,Aaron Smartt,965,Broken Hill DGC,Gold Tees,68,18,2,13:00:00,78,10,904,152,True,False,18,78,True,True,True
98313,2026,MP50,1,776409,132038,132038,962,Round 1,2026-09-06,Daniel Jenkins,965,Broken Hill DGC,Blue Tees,69,18,1,12:15:00,64,-5,979,133,True,False,18,64,True,True,True
98313,2026,MP50,1,776409,166239,166239,957,Round 1,2026-09-06,Tom Raub,958,Broken Hill DGC,Blue Tees,69,18,2,12:15:00,67,-2,956,135,True,False,18,67,True,True,True
98313,2026,MP50,1,776409,154887,154887,943,Round 1,2026-09-06,Brian Hunter,941,Broken Hill DGC,Blue Tees,69,18,2,12:30:00,69,0,941,135,True,False,18,69,True,True,True
98313,2026,MP50,1,776409,25395,25395,942,Round 1,2026-09-06,Peter Belizi,944,Broken Hill DGC,Blue Tees,69,18,3,12:30:00,70,1,934,141,True,False,18,70,True,True,True
98313,2026,MP50,1,776409,24381,24381,942,Round 1,2026-09-06,Chris Young,937,Broken Hill DGC,Blue Tees,69,18,1,12:30:00,71,2,926,145,True,False,18,71,True,True,True
98313,2026,MP50,1,776409,223480,223480,879,Round 1,2026-09-06,Marc Kirkpatrick,879,Broken Hill DGC,Blue Tees,69,18,3,12:15:00,75,6,896,152,True,False,18,75,True,True,True
98313,2026,MP50,2,776409,132038,132038,962,Round 2,2026-09-06,Daniel Jenkins,965,Broken Hill DGC,Blue Tees,69,18,1,12:30:00,69,0,941,133,True,False,18,69,True,True,True
98313,2026,MP50,2,776409,154887,154887,943,Round 2,2026-09-06,Brian Hunter,941,Broken Hill DGC,Blue Tees,69,18,3,12:30:00,66,-3,964,135,True,False,18,66,True,True,True
98313,2026,MP50,2,776409,166239,166239,957,Round 2,2026-09-06,Tom Raub,958,Broken Hill DGC,Blue Tees,69,18,2,12:30:00,68,-1,949,135,True,False,18,68,True,True,True
98313,2026,MP50,2,776409,25395,25395,942,Round 2,2026-09-06,Peter Belizi,944,Broken Hill DGC,Blue Tees,69,18,1,12:15:00,71,2,926,141,True,False,18,71,True,True,True
98313,2026,MP50,2,776409,24381,24381,942,Round 2,2026-09-06,Chris Young,937,Broken Hill DGC,Blue Tees,69,18,2,12:15:00,74,5,903,145,True,False,18,74,True,True,True
98313,2026,MP50,2,776409,223480,223480,879,Round 2,2026-09-06,Marc Kirkpatrick,879,Broken Hill DGC,Blue Tees,69,18,3,12:15:00,77,8,881,152,True,False,18,77,True,True,True
98313,2026,MPO,1,776408,181649,181649,997,Round 1,2026-09-06,Hubert Vachon,996,Broken Hill DGC,Gold Tees,68,18,3,12:45:00,60,-8,1029,125,True,False,18,60,True,True,True
98313,2026,MPO,1,776408,161558,161558,994,Round 1,2026-09-06,Brad Schott,994,Broken Hill DGC,Gold Tees,68,18,2,13:15:00,62,-6,1015,129,True,False,18,62,True,True,True
98313,2026,MPO,1,776408,111643,111643,1011,Round 1,2026-09-06,Finn Etter,1013,Broken Hill DGC,Gold Tees,68,18,3,13:30:00,63,-5,1008,126,True,False,18,63,True,True,True
98313,2026,MPO,1,776408,124203,124203,938,Round 1,2026-09-06,Ezra Koch,954,Broken Hill DGC,Gold Tees,68,18,4,13:00:00,65,-3,994,137,True,False,18,65,True,True,True
98313,2026,MPO,1,776408,204892,204892,970,Round 1,2026-09-06,Tiernan Roland,973,Broken Hill DGC,Gold Tees,68,18,1,13:15:00,65,-3,994,138,True,False,18,65,True,True,True
98313,2026,MPO,1,776408,169393,169393,978,Round 1,2026-09-06,Aidan Trombley,977,Broken Hill DGC,Gold Tees,68,18,2,13:30:00,66,-2,987,133,True,False,18,66,True,True,True
98313,2026,MPO,1,776408,275041,275041,935,Round 1,2026-09-06,Samuel Schonberg,937,Broken Hill DGC,Gold Tees,68,18,1,13:30:00,68,0,973,140,True,False,18,68,True,True,True
98313,2026,MPO,1,776408,131653,131653,940,Round 1,2026-09-06,Sean Chi,946,Broken Hill DGC,Gold Tees,68,18,1,12:45:00,69,1,966,141,True,False,18,69,True,True,True
98313,2026,MPO,1,776408,187845,187845,952,Round 1,2026-09-06,Shane Seals,962,Broken Hill DGC,Gold Tees,68,18,4,13:15:00,71,3,952,139,True,False,18,71,True,True,True
98313,2026,MPO,1,776408,219307,219307,935,Round 1,2026-09-06,Everett Secor,935,Broken Hill DGC,Gold Tees,68,18,4,13:30:00,71,3,952,148,True,False,18,71,True,True,True
98313,2026,MPO,1,776408,146226,146226,929,Round 1,2026-09-06,Jason Cagney,927,Broken Hill DGC,Gold Tees,68,18,2,12:45:00,72,4,945,144,True,False,18,72,True,True,True
98313,2026,MPO,1,776408,85970,85970,966,Round 1,2026-09-06,Ben Drogue,966,Broken Hill DGC,Gold Tees,68,18,3,13:00:00,73,5,938,140,True,False,18,73,True,True,True
98313,2026,MPO,1,776408,161510,161510,932,Round 1,2026-09-06,TJ Rubin,919,Broken Hill DGC,Gold Tees,68,18,3,13:15:00,75,7,925,157,True,False,18,75,True,True,True
98313,2026,MPO,2,776408,181649,181649,997,Round 2,2026-09-06,Hubert Vachon,996,Broken Hill DGC,Gold Tees,68,18,1,13:45:00,65,-3,994,125,True,False,18,65,True,True,True
98313,2026,MPO,2,776408,111643,111643,1011,Round 2,2026-09-06,Finn Etter,1013,Broken Hill DGC,Gold Tees,68,18,3,13:45:00,63,-5,1008,126,True,False,18,63,True,True,True
98313,2026,MPO,2,776408,161558,161558,994,Round 2,2026-09-06,Brad Schott,994,Broken Hill DGC,Gold Tees,68,18,2,13:45:00,67,-1,980,129,True,False,18,67,True,True,True
98313,2026,MPO,2,776408,169393,169393,978,Round 2,2026-09-06,Aidan Trombley,977,Broken Hill DGC,Gold Tees,68,18,2,13:30:00,67,-1,980,133,True,False,18,67,True,True,True
98313,2026,MPO,2,776408,124203,124203,938,Round 2,2026-09-06,Ezra Koch,954,Broken Hill DGC,Gold Tees,68,18,4,13:45:00,72,4,945,137,True,False,18,72,True,True,True
98313,2026,MPO,2,776408,204892,204892,970,Round 2,2026-09-06,Tiernan Roland,973,Broken Hill DGC,Gold Tees,68,18,1,13:30:00,73,5,938,138,True,False,18,73,True,True,True
98313,2026,MPO,2,776408,187845,187845,952,Round 2,2026-09-06,Shane Seals,962,Broken Hill DGC,Gold Tees,68,18,1,13:15:00,68,0,973,139,True,False,18,68,True,True,True
98313,2026,MPO,2,776408,85970,85970,966,Round 2,2026-09-06,Ben Drogue,966,Broken Hill DGC,Gold Tees,68,18,4,13:15:00,67,-1,980,140,True,False,18,67,True,True,True
98313,2026,MPO,2,776408,275041,275041,935,Round 2,2026-09-06,Samuel Schonberg,937,Broken Hill DGC,Gold Tees,68,18,3,13:30:00,72,4,945,140,True,False,18,72,True,True,True
98313,2026,MPO,2,776408,131653,131653,940,Round 2,2026-09-06,Sean Chi,946,Broken Hill DGC,Gold Tees,68,18,4,13:30:00,72,4,945,141,True,False,18,72,True,True,True
98313,2026,MPO,2,776408,146226,146226,929,Round 2,2026-09-06,Jason Cagney,927,Broken Hill DGC,Gold Tees,68,18,3,13:15:00,72,4,945,144,True,False,18,72,True,True,True
98313,2026,MPO,2,776408,219307,219307,935,Round 2,2026-09-06,Everett Secor,935,Broken Hill DGC,Gold Tees,68,18,2,13:15:00,77,9,911,148,True,False,18,77,True,True,True
98313,2026,MPO,2,776408,161510,161510,932,Round 2,2026-09-06,TJ Rubin,919,Broken Hill DGC,Gold Tees,68,18,3,13:00:00,82,14,876,157,True,False,18,82,True,True,True
98254,2026,FA1,1,778929,282534,282534,752,Round 1,2026-09-27,Kayla Neumeister,752,Cold Hollow Disc Golf Course,Cold Hollow Short Layout,59,18,2,09:20:00,60,1,794,121,True,False,18,60,True,True,True
98254,2026,FA1,1,778929,325054,325054,712,Round 1,2026-09-27,Jaime Aliffi,712,Cold Hollow Disc Golf Course,Cold Hollow Short Layout,59,18,1,09:20:00,68,9,694,132,True,False,18,68,True,True,True
98254,2026,FA1,2,778929,282534,282534,752,Round 2,2026-09-27,Kayla Neumeister,752,Cold Hollow Disc Golf Course,Cold Hollow Short Layout,59,18,1,09:20:00,61,2,785,121,True,False,18,61,True,True,True
98254,2026,FA1,2,778929,325054,325054,712,Round 2,2026-09-27,Jaime Aliffi,712,Cold Hollow Disc Golf Course,Cold Hollow Short Layout,59,18,3,09:20:00,64,5,747,132,True,False,18,64,True,True,True
98254,2026,FA40,1,778929,277475,277475,727,Round 1,2026-09-27,Erin Rice,727,Cold Hollow Disc Golf Course,Cold Hollow Short Layout,59,18,3,09:20:00,61,2,782,123,True,False,18,61,True,True,True
98254,2026,FA40,1,778929,231492,231492,694,Round 1,2026-09-27,Jade Rogers,694,Cold Hollow Disc Golf Course,Cold Hollow Short Layout,59,18,2,09:30:00,64,5,744,132,True,False,18,64,True,True,True
98254,2026,FA40,1,778929,197269,197269,723,Round 1,2026-09-27,Wendie Salmi,723,Cold Hollow Disc Golf Course,Cold Hollow Short Layout,59,18,1,09:30:00,65,6,732,132,True,False,18,65,True,True,True
98254,2026,FA40,1,778929,293462,293462,687,Round 1,2026-09-27,Jennifer MacDonough,687,Cold Hollow Disc Golf Course,Cold Hollow Short Layout,59,18,4,09:20:00,68,9,694,141,True,False,18,68,True,True,True
98254,2026,FA40,2,778929,277475,277475,727,Round 2,2026-09-27,Erin Rice,727,Cold Hollow Disc Golf Course,Cold Hollow Short Layout,59,18,1,09:00:00,62,3,773,123,True,False,18,62,True,True,True
98254,2026,FA40,2,778929,197269,197269,723,Round 2,2026-09-27,Wendie Salmi,723,Cold Hollow Disc Golf Course,Cold Hollow Short Layout,59,18,3,09:00:00,67,8,710,132,True,False,18,67,True,True,True
98254,2026,FA40,2,778929,231492,231492,694,Round 2,2026-09-27,Jade Rogers,694,Cold Hollow Disc Golf Course,Cold Hollow Short Layout,59,18,2,09:00:00,68,9,697,132,True,False,18,68,True,True,True
98254,2026,FA40,2,778929,293462,293462,687,Round 2,2026-09-27,Jennifer MacDonough,687,Cold Hollow Disc Golf Course,Cold Hollow Short Layout,59,18,4,09:00:00,73,14,634,141,True,False,18,73,True,True,True
98254,2026,FJ08,1,778929,305166,305166,349,Round 1,2026-09-27,Matilda Babbin,349,Cold Hollow Disc Golf Course,Cold Hollow Short Layout,59,18,1,07:50:00,89,30,431,175,True,False,18,89,True,True,True
98254,2026,FJ08,1,778929,333041,333041,267,Round 1,2026-09-27,Ayla Pitre,267,Cold Hollow Disc Golf Course,Cold Hollow Short Layout,59,18,3,07:50:00,90,31,418,179,True,False,18,90,True,True,True
98254,2026,FJ08,2,778929,305166,305166,349,Round 2,2026-09-27,Matilda Babbin,349,Cold Hollow Disc Golf Course,Cold Hollow Short Layout,59,18,2,07:50:00,86,27,471,175,True,False,18,86,True,True,True
98254,2026,FJ08,2,778929,333041,333041,267,Round 2,2026-09-27,Ayla Pitre,267,Cold Hollow Disc Golf Course,Cold Hollow Short Layout,59,18,3,07:50:00,89,30,434,179,True,False,18,89,True,True,True
98254,2026,FJ10,1,778929,306226,306226,435,Round 1,2026-09-27,Mila Fisher,435,Cold Hollow Disc Golf Course,Cold Hollow Short Layout,59,18,2,07:50:00,88,29,443,177,True,False,18,88,True,True,True
98254,2026,FJ10,2,778929,306226,306226,435,Round 2,2026-09-27,Mila Fisher,435,Cold Hollow Disc Golf Course,Cold Hollow Short Layout,59,18,1,07:50:00,89,30,434,177,True,False,18,89,True,True,True
98254,2026,FJ12,1,778929,261367,261367,525,Round 1,2026-09-27,Annabelle Babbin,525,Cold Hollow Disc Golf Course,Cold Hollow Short Layout,59,18,4,08:00:00,72,13,644,154,True,False,18,72,True,True,True
98254,2026,FJ12,1,778929,305575,305575,614,Round 1,2026-09-27,Luna Pelton,614,Cold Hollow Disc Golf Course,Cold Hollow Short Layout,59,18,3,08:00:00,73,14,631,144,True,False,18,73,True,True,True
98254,2026,FJ12,2,778929,305575,305575,614,Round 2,2026-09-27,Luna Pelton,614,Cold Hollow Disc Golf Course,Cold Hollow Short Layout,59,18,3,08:00:00,71,12,660,144,True,False,18,71,True,True,True
98254,2026,FJ12,2,778929,261367,261367,525,Round 2,2026-09-27,Annabelle Babbin,525,Cold Hollow Disc Golf Course,Cold Hollow Short Layout,59,18,2,08:00:00,82,23,521,154,True,False,18,82,True,True,True
98254,2026,FP40,1,778929,261710,261710,812,Round 1,2026-09-27,Sally Blanchette,812,Cold Hollow Disc Golf Course,Cold Hollow Short Layout,59,18,4,09:30:00,59,0,807,118,True,False,18,59,True,True,True
98254,2026,FP40,1,778929,170809,170809,777,Round 1,2026-09-27,Brita Tirrell,777,Cold Hollow Disc Golf Course,Cold Hollow Short Layout,59,18,1,09:10:00,61,2,782,127,True,False,18,61,True,True,True
98254,2026,FP40,1,778929,275115,275115,805,Round 1,2026-09-27,Mindy German,805,Cold Hollow Disc Golf Course,Cold Hollow Short Layout,59,18,3,09:10:00,61,2,782,120,True,False,18,61,True,True,True
98254,2026,FP40,1,778929,213173,213173,775,Round 1,2026-09-27,Elizabeth Carrell,775,Cold Hollow Disc Golf Course,Cold Hollow Short Layout,59,18,2,09:10:00,63,4,757,125,True,False,18,63,True,True,True
98254,2026,FP40,1,778929,94272,94272,818,Round 1,2026-09-27,Gabrielle Pozzani,818,Cold Hollow Disc Golf Course,Cold Hollow Short Layout,59,18,3,09:30:00,64,5,744,134,True,False,18,64,True,True,True
98254,2026,FP40,2,778929,261710,261710,812,Round 2,2026-09-27,Sally Blanchette,812,Cold Hollow Disc Golf Course,Cold Hollow Short Layout,59,18,1,09:30:00,59,0,810,118,True,False,18,59,True,True,True
98254,2026,FP40,2,778929,275115,275115,805,Round 2,2026-09-27,Mindy German,805,Cold Hollow Disc Golf Course,Cold Hollow Short Layout,59,18,3,09:30:00,59,0,810,120,True,False,18,59,True,True,True
98254,2026,FP40,2,778929,213173,213173,775,Round 2,2026-09-27,Elizabeth Carrell,775,Cold Hollow Disc Golf Course,Cold Hollow Short Layout,59,18,4,09:30:00,62,3,773,125,True,False,18,62,True,True,True
98254,2026,FP40,2,778929,170809,170809,777,Round 2,2026-09-27,Brita Tirrell,777,Cold Hollow Disc Golf Course,Cold Hollow Short Layout,59,18,2,09:30:00,66,7,722,127,True,False,18,66,True,True,True
98254,2026,FP40,2,778929,94272,94272,818,Round 2,2026-09-27,Gabrielle Pozzani,818,Cold Hollow Disc Golf Course,Cold Hollow Short Layout,59,18,2,09:20:00,70,11,672,134,True,False,18,70,True,True,True
98254,2026,FPO,1,778928,121311,121311,845,Round 1,2026-09-27,Emily Braun,845,Cold Hollow Disc Golf Course,Cold Hollow Long Layout,59,18,1,10:50:00,70,11,849,141,True,False,18,70,True,True,True
98254,2026,FPO,1,778928,122613,122613,889,Round 1,2026-09-27,Kelly Heslin,889,Cold Hollow Disc Golf Course,Cold Hollow Long Layout,59,18,2,10:50:00,75,16,803,146,True,False,18,75,True,True,True
98254,2026,FPO,1,778928,228248,228248,802,Round 1,2026-09-27,Isza Parchini,802,Cold Hollow Disc Golf Course,Cold Hollow Long Layout,59,18,3,10:50:00,78,19,775,155,True,False,18,78,True,True,True
98254,2026,FPO,2,778928,121311,121311,845,Round 2,2026-09-27,Emily Braun,845,Cold Hollow Disc Golf Course,Cold Hollow Long Layout,59,18,1,13:20:00,71,12,846,141,True,False,18,71,True,True,True
98254,2026,FPO,2,778928,122613,122613,889,Round 2,2026-09-27,Kelly Heslin,889,Cold Hollow Disc Golf Course,Cold Hollow Long Layout,59,18,2,13:20:00,71,12,846,146,True,False,18,71,True,True,True
98254,2026,FPO,2,778928,228248,228248,802,Round 2,2026-09-27,Isza Parchini,802,Cold Hollow Disc Golf Course,Cold Hollow Long Layout,59,18,3,13:20:00,77,18,791,155,True,False,18,77,True,True,True
98254,2026,MA1,1,778928,267973,267973,943,Round 1,2026-09-27,Mitchell Gill,943,Cold Hollow Disc Golf Course,Cold Hollow Long Layout,59,18,3,11:00:00,53,-6,1006,110,True,False,18,53,True,True,True
98254,2026,MA1,1,778928,274427,274427,937,Round 1,2026-09-27,Pace McKinnon,937,Cold Hollow Disc Golf Course,Cold Hollow Long Layout,59,18,4,12:30:00,57,-2,969,117,True,False,18,57,True,True,True
98254,2026,MA1,1,778928,261284,261284,916,Round 1,2026-09-27,Blake Martino,916,Cold Hollow Disc Golf Course,Cold Hollow Long Layout,59,18,4,11:30:00,58,-1,960,115,True,False,18,58,True,True,True
98254,2026,MA1,1,778928,121362,121362,951,Round 1,2026-09-27,Jonathan Russo,951,Cold Hollow Disc Golf Course,Cold Hollow Long Layout,59,18,1,12:30:00,60,1,942,121,True,False,18,60,True,True,True
98254,2026,MA1,1,778928,119637,119637,905,Round 1,2026-09-27,Trevor Kenealy,905,Cold Hollow Disc Golf Course,Cold Hollow Long Layout,59,18,1,12:00:00,61,2,932,126,True,False,18,61,True,True,True
98254,2026,MA1,1,778928,138042,138042,925,Round 1,2026-09-27,Russell Freeman,925,Cold Hollow Disc Golf Course,Cold Hollow Long Layout,59,18,3,12:20:00,61,2,932,122,True,False,18,61,True,True,True
98254,2026,MA1,1,778928,138544,138544,924,Round 1,2026-09-27,Chaz Sheperd,924,Cold Hollow Disc Golf Course,Cold Hollow Long Layout,59,18,2,12:30:00,61,2,932,126,True,False,18,61,True,True,True
98254,2026,MA1,1,778928,311958,311958,922,Round 1,2026-09-27,Alex Frei,922,Cold Hollow Disc Golf Course,Cold Hollow Long Layout,59,18,4,12:20:00,61,2,932,120,True,False,18,61,True,True,True
98254,2026,MA1,1,778928,149370,149370,897,Round 1,2026-09-27,Justin Serrano,897,Cold Hollow Disc Golf Course,Cold Hollow Long Layout,59,18,1,12:20:00,62,3,923,124,True,False,18,62,True,True,True
98254,2026,MA1,1,778928,221157,221157,915,Round 1,2026-09-27,Dylan Slick,915,Cold Hollow Disc Golf Course,Cold Hollow Long Layout,59,18,2,12:00:00,62,3,923,125,True,False,18,62,True,True,True
98254,2026,MA1,1,778928,326656,326656,935,Round 1,2026-09-27,Austin Waters-Dukes,935,Cold Hollow Disc Golf Course,Cold Hollow Long Layout,59,18,4,12:10:00,62,3,923,128,True,False,18,62,True,True,True
98254,2026,MA1,1,778928,147788,147788,939,Round 1,2026-09-27,Dan Cornellier,939,Cold Hollow Disc Golf Course,Cold Hollow Long Layout,59,18,3,12:30:00,64,5,905,129,True,False,18,64,True,True,True
98254,2026,MA1,1,778928,210681,210681,911,Round 1,2026-09-27,Kyle Anderson Andresen,911,Cold Hollow Disc Golf Course,Cold Hollow Long Layout,59,18,3,11:30:00,64,5,905,128,True,False,18,64,True,True,True
98254,2026,MA1,1,778928,175140,175140,890,Round 1,2026-09-27,Christian Garey,890,Cold Hollow Disc Golf Course,Cold Hollow Long Layout,59,18,2,12:20:00,65,6,895,129,True,False,18,65,True,True,True
98254,2026,MA1,1,778928,228201,228201,883,Round 1,2026-09-27,Waylon Spring,883,Cold Hollow Disc Golf Course,Cold Hollow Long Layout,59,18,1,12:10:00,65,6,895,132,True,False,18,65,True,True,True
98254,2026,MA1,1,778928,240930,240930,900,Round 1,2026-09-27,Deven Siergiey,900,Cold Hollow Disc Golf Course,Cold Hollow Long Layout,59,18,2,12:10:00,65,6,895,135,True,False,18,65,True,True,True
98254,2026,MA1,1,778928,275802,275802,907,Round 1,2026-09-27,Tyler Jarrett,907,Cold Hollow Disc Golf Course,Cold Hollow Long Layout,59,18,3,12:00:00,65,6,895,126,True,False,18,65,True,True,True
98254,2026,MA1,1,778928,278286,278286,949,Round 1,2026-09-27,Trevor Hazelton,949,Cold Hollow Disc Golf Course,Cold Hollow Long Layout,59,18,2,11:00:00,65,6,895,122,True,False,18,65,True,True,True
98254,2026,MA1,1,778928,174031,174031,909,Round 1,2026-09-27,Ian MacDonald,909,Cold Hollow Disc Golf Course,Cold Hollow Long Layout,59,18,1,11:00:00,67,8,877,128,True,False,18,67,True,True,True
98254,2026,MA1,1,778928,259718,259718,906,Round 1,2026-09-27,Kamden Cox,906,Cold Hollow Disc Golf Course,Cold Hollow Long Layout,59,18,4,12:00:00,69,10,858,131,True,False,18,69,True,True,True
98254,2026,MA1,1,778928,156256,156256,836,Round 1,2026-09-27,Colby Garrand,836,Cold Hollow Disc Golf Course,Cold Hollow Long Layout,59,18,3,12:10:00,76,17,794,152,True,False,18,76,True,True,True
98254,2026,MA1,2,778928,267973,267973,943,Round 2,2026-09-27,Mitchell Gill,943,Cold Hollow Disc Golf Course,Cold Hollow Long Layout,59,18,1,12:20:00,57,-2,974,110,True,False,18,57,True,True,True
98254,2026,MA1,2,778928,261284,261284,916,Round 2,2026-09-27,Blake Martino,916,Cold Hollow Disc Golf Course,Cold Hollow Long Layout,59,18,3,12:20:00,57,-2,974,115,True,False,18,57,True,True,True
98254,2026,MA1,2,778928,274427,274427,937,Round 2,2026-09-27,Pace McKinnon,937,Cold Hollow Disc Golf Course,Cold Hollow Long Layout,59,18,2,12:20:00,60,1,946,117,True,False,18,60,True,True,True
98254,2026,MA1,2,778928,311958,311958,922,Round 2,2026-09-27,Alex Frei,922,Cold Hollow Disc Golf Course,Cold Hollow Long Layout,59,18,4,12:10:00,59,0,956,120,True,False,18,59,True,True,True
98254,2026,MA1,2,778928,121362,121362,951,Round 2,2026-09-27,Jonathan Russo,951,Cold Hollow Disc Golf Course,Cold Hollow Long Layout,59,18,4,12:20:00,61,2,937,121,True,False,18,61,True,True,True
98254,2026,MA1,2,778928,278286,278286,949,Round 2,2026-09-27,Trevor Hazelton,949,Cold Hollow Disc Golf Course,Cold Hollow Long Layout,59,18,3,11:40:00,57,-2,974,122,True,False,18,57,True,True,True
98254,2026,MA1,2,778928,138042,138042,925,Round 2,2026-09-27,Russell Freeman,925,Cold Hollow Disc Golf Course,Cold Hollow Long Layout,59,18,2,12:10:00,61,2,937,122,True,False,18,61,True,True,True
98254,2026,MA1,2,778928,149370,149370,897,Round 2,2026-09-27,Justin Serrano,897,Cold Hollow Disc Golf Course,Cold Hollow Long Layout,59,18,1,12:00:00,62,3,928,124,True,False,18,62,True,True,True
98254,2026,MA1,2,778928,221157,221157,915,Round 2,2026-09-27,Dylan Slick,915,Cold Hollow Disc Golf Course,Cold Hollow Long Layout,59,18,2,12:00:00,63,4,919,125,True,False,18,63,True,True,True
98254,2026,MA1,2,778928,275802,275802,907,Round 2,2026-09-27,Tyler Jarrett,907,Cold Hollow Disc Golf Course,Cold Hollow Long Layout,59,18,2,11:40:00,61,2,937,126,True,False,18,61,True,True,True
98254,2026,MA1,2,778928,119637,119637,905,Round 2,2026-09-27,Trevor Kenealy,905,Cold Hollow Disc Golf Course,Cold Hollow Long Layout,59,18,1,12:10:00,65,6,901,126,True,False,18,65,True,True,True
98254,2026,MA1,2,778928,138544,138544,924,Round 2,2026-09-27,Chaz Sheperd,924,Cold Hollow Disc Golf Course,Cold Hollow Long Layout,59,18,3,12:10:00,65,6,901,126,True,False,18,65,True,True,True
98254,2026,MA1,2,778928,174031,174031,909,Round 2,2026-09-27,Ian MacDonald,909,Cold Hollow Disc Golf Course,Cold Hollow Long Layout,59,18,1,11:30:00,61,2,937,128,True,False,18,61,True,True,True
98254,2026,MA1,2,778928,210681,210681,911,Round 2,2026-09-27,Kyle Anderson Andresen,911,Cold Hollow Disc Golf Course,Cold Hollow Long Layout,59,18,1,11:50:00,64,5,910,128,True,False,18,64,True,True,True
98254,2026,MA1,2,778928,326656,326656,935,Round 2,2026-09-27,Austin Waters-Dukes,935,Cold Hollow Disc Golf Course,Cold Hollow Long Layout,59,18,3,12:00:00,66,7,892,128,True,False,18,66,True,True,True
98254,2026,MA1,2,778928,175140,175140,890,Round 2,2026-09-27,Christian Garey,890,Cold Hollow Disc Golf Course,Cold Hollow Long Layout,59,18,2,11:50:00,64,5,910,129,True,False,18,64,True,True,True
98254,2026,MA1,2,778928,147788,147788,939,Round 2,2026-09-27,Dan Cornellier,939,Cold Hollow Disc Golf Course,Cold Hollow Long Layout,59,18,4,12:00:00,65,6,901,129,True,False,18,65,True,True,True
98254,2026,MA1,2,778928,259718,259718,906,Round 2,2026-09-27,Kamden Cox,906,Cold Hollow Disc Golf Course,Cold Hollow Long Layout,59,18,2,11:30:00,62,3,928,131,True,False,18,62,True,True,True
98254,2026,MA1,2,778928,228201,228201,883,Round 2,2026-09-27,Waylon Spring,883,Cold Hollow Disc Golf Course,Cold Hollow Long Layout,59,18,3,11:50:00,67,8,882,132,True,False,18,67,True,True,True
98254,2026,MA1,2,778928,240930,240930,900,Round 2,2026-09-27,Deven Siergiey,900,Cold Hollow Disc Golf Course,Cold Hollow Long Layout,59,18,1,11:40:00,70,11,855,135,True,False,18,70,True,True,True
98254,2026,MA1,2,778928,156256,156256,836,Round 2,2026-09-27,Colby Garrand,836,Cold Hollow Disc Golf Course,Cold Hollow Long Layout,59,18,3,11:30:00,76,17,800,152,True,False,18,76,True,True,True
98254,2026,MA2,1,778928,229842,229842,914,Round 1,2026-09-27,Jacob Dell,914,Cold Hollow Disc Golf Course,Cold Hollow Long Layout,59,18,2,10:20:00,59,0,951,119,True,False,18,59,True,True,True
98254,2026,MA2,1,778928,274902,274902,886,Round 1,2026-09-27,Nolan Smith,886,Cold Hollow Disc Golf Course,Cold Hollow Long Layout,59,18,2,10:10:00,60,1,942,132,True,False,18,60,True,True,True
98254,2026,MA2,1,778928,268186,268186,926,Round 1,2026-09-27,Brody Reed,926,Cold Hollow Disc Golf Course,Cold Hollow Long Layout,59,18,2,10:40:00,61,2,932,125,True,False,18,61,True,True,True
98254,2026,MA2,1,778928,311270,311270,917,Round 1,2026-09-27,Max Olmsted,917,Cold Hollow Disc Golf Course,Cold Hollow Long Layout,59,18,3,09:50:00,61,2,932,123,True,False,18,61,True,True,True
98254,2026,MA2,1,778928,332054,332054,860,Round 1,2026-09-27,Casey Langlois,860,Cold Hollow Disc Golf Course,Cold Hollow Long Layout,59,18,4,10:00:00,61,2,932,126,True,False,18,61,True,True,True
98254,2026,MA2,1,778928,163523,163523,866,Round 1,2026-09-27,Landon Desroches,866,Cold Hollow Disc Golf Course,Cold Hollow Long Layout,59,18,1,10:00:00,62,3,923,131,True,False,18,62,True,True,True
98254,2026,MA2,1,778928,244952,244952,895,Round 1,2026-09-27,Joshua Dezotell,895,Cold Hollow Disc Golf Course,Cold Hollow Long Layout,59,18,4,10:20:00,62,3,923,128,True,False,18,62,True,True,True
98254,2026,MA2,1,778928,279372,279372,920,Round 1,2026-09-27,Cale Bombardier,920,Cold Hollow Disc Golf Course,Cold Hollow Long Layout,59,18,3,10:10:00,62,3,923,131,True,False,18,62,True,True,True
98254,2026,MA2,1,778928,124573,124573,885,Round 1,2026-09-27,Steven Brassard,885,Cold Hollow Disc Golf Course,Cold Hollow Long Layout,59,18,1,10:20:00,63,4,914,125,True,False,18,63,True,True,True
98254,2026,MA2,1,778928,189203,189203,911,Round 1,2026-09-27,Bobby Martino,911,Cold Hollow Disc Golf Course,Cold Hollow Long Layout,59,18,3,10:30:00,63,4,914,128,True,False,18,63,True,True,True
98254,2026,MA2,1,778928,324228,324228,885,Round 1,2026-09-27,Luc Cohen-Wanis,885,Cold Hollow Disc Golf Course,Cold Hollow Long Layout,59,18,2,10:00:00,63,4,914,128,True,False,18,63,True,True,True
98254,2026,MA2,1,778928,289306,289306,921,Round 1,2026-09-27,Jonathan Smith,921,Cold Hollow Disc Golf Course,Cold Hollow Long Layout,59,18,3,10:00:00,64,5,905,126,True,False,18,64,True,True,True
98254,2026,MA2,1,778928,63896,63896,899,Round 1,2026-09-27,Ross King,899,Cold Hollow Disc Golf Course,Cold Hollow Long Layout,59,18,1,10:30:00,65,6,895,131,True,False,18,65,True,True,True
98254,2026,MA2,1,778928,317912,317912,899,Round 1,2026-09-27,Drew Celeste,899,Cold Hollow Disc Golf Course,Cold Hollow Long Layout,59,18,2,09:50:00,65,6,895,132,True,False,18,65,True,True,True
98254,2026,MA2,1,778928,269725,269725,876,Round 1,2026-09-27,Forrest Dodds,876,Cold Hollow Disc Golf Course,Cold Hollow Long Layout,59,18,2,10:30:00,66,7,886,128,True,False,18,66,True,True,True
98254,2026,MA2,1,778928,305330,305330,913,Round 1,2026-09-27,Jesse Clearwater,913,Cold Hollow Disc Golf Course,Cold Hollow Long Layout,59,18,4,10:30:00,67,8,877,127,True,False,18,67,True,True,True
98254,2026,MA2,1,778928,239437,239437,830,Round 1,2026-09-27,Simon Bethune,830,Cold Hollow Disc Golf Course,Cold Hollow Long Layout,59,18,1,10:10:00,68,9,868,141,True,False,18,68,True,True,True
98254,2026,MA2,1,778928,314991,314991,890,Round 1,2026-09-27,Conner Spence,890,Cold Hollow Disc Golf Course,Cold Hollow Long Layout,59,18,1,09:50:00,68,9,868,134,True,False,18,68,True,True,True
98254,2026,MA2,1,778928,306197,306197,850,Round 1,2026-09-27,Gregory Yelnosky,850,Cold Hollow Disc Golf Course,Cold Hollow Long Layout,59,18,3,10:20:00,72,13,831,137,True,False,18,72,True,True,True
98254,2026,MA2,1,778928,169600,169600,901,Round 1,2026-09-27,Trevor Bryce,901,Cold Hollow Disc Golf Course,Cold Hollow Long Layout,59,18,1,10:40:00,73,14,821,140,True,False,18,73,True,True,True
98254,2026,MA2,1,778928,304569,304569,824,Round 1,2026-09-27,Noah Fleury,824,Cold Hollow Disc Golf Course,Cold Hollow Long Layout,59,18,4,09:50:00,74,15,812,151,True,False,18,74,True,True,True
98254,2026,MA2,1,778928,304769,304769,828,Round 1,2026-09-27,Jack Waterman,828,Cold Hollow Disc Golf Course,Cold Hollow Long Layout,59,18,4,10:10:00,75,16,803,150,True,False,18,75,True,True,True
98254,2026,MA2,1,778928,325169,325169,811,Round 1,2026-09-27,andrew ford,811,Cold Hollow Disc Golf Course,Cold Hollow Long Layout,59,18,3,10:40:00,75,16,803,146,True,False,18,75,True,True,True
98254,2026,MA2,2,778928,229842,229842,914,Round 2,2026-09-27,Jacob Dell,914,Cold Hollow Disc Golf Course,Cold Hollow Long Layout,59,18,1,10:30:00,60,1,946,119,True,False,18,60,True,True,True
98254,2026,MA2,2,778928,311270,311270,917,Round 2,2026-09-27,Max Olmsted,917,Cold Hollow Disc Golf Course,Cold Hollow Long Layout,59,18,4,10:30:00,62,3,928,123,True,False,18,62,True,True,True
98254,2026,MA2,2,778928,124573,124573,885,Round 2,2026-09-27,Steven Brassard,885,Cold Hollow Disc Golf Course,Cold Hollow Long Layout,59,18,1,10:10:00,62,3,928,125,True,False,18,62,True,True,True
98254,2026,MA2,2,778928,268186,268186,926,Round 2,2026-09-27,Brody Reed,926,Cold Hollow Disc Golf Course,Cold Hollow Long Layout,59,18,3,10:30:00,64,5,910,125,True,False,18,64,True,True,True
98254,2026,MA2,2,778928,289306,289306,921,Round 2,2026-09-27,Jonathan Smith,921,Cold Hollow Disc Golf Course,Cold Hollow Long Layout,59,18,4,10:10:00,62,3,928,126,True,False,18,62,True,True,True
98254,2026,MA2,2,778928,332054,332054,860,Round 2,2026-09-27,Casey Langlois,860,Cold Hollow Disc Golf Course,Cold Hollow Long Layout,59,18,1,10:20:00,65,6,901,126,True,False,18,65,True,True,True
98254,2026,MA2,2,778928,305330,305330,913,Round 2,2026-09-27,Jesse Clearwater,913,Cold Hollow Disc Golf Course,Cold Hollow Long Layout,59,18,4,10:00:00,60,1,946,127,True,False,18,60,True,True,True
98254,2026,MA2,2,778928,269725,269725,876,Round 2,2026-09-27,Forrest Dodds,876,Cold Hollow Disc Golf Course,Cold Hollow Long Layout,59,18,3,10:00:00,62,3,928,128,True,False,18,62,True,True,True
98254,2026,MA2,2,778928,189203,189203,911,Round 2,2026-09-27,Bobby Martino,911,Cold Hollow Disc Golf Course,Cold Hollow Long Layout,59,18,2,10:10:00,65,6,901,128,True,False,18,65,True,True,True
98254,2026,MA2,2,778928,324228,324228,885,Round 2,2026-09-27,Luc Cohen-Wanis,885,Cold Hollow Disc Golf Course,Cold Hollow Long Layout,59,18,3,10:10:00,65,6,901,128,True,False,18,65,True,True,True
98254,2026,MA2,2,778928,244952,244952,895,Round 2,2026-09-27,Joshua Dezotell,895,Cold Hollow Disc Golf Course,Cold Hollow Long Layout,59,18,3,10:20:00,66,7,892,128,True,False,18,66,True,True,True
98254,2026,MA2,2,778928,63896,63896,899,Round 2,2026-09-27,Ross King,899,Cold Hollow Disc Golf Course,Cold Hollow Long Layout,59,18,1,10:00:00,66,7,892,131,True,False,18,66,True,True,True
98254,2026,MA2,2,778928,163523,163523,866,Round 2,2026-09-27,Landon Desroches,866,Cold Hollow Disc Golf Course,Cold Hollow Long Layout,59,18,2,10:20:00,69,10,864,131,True,False,18,69,True,True,True
98254,2026,MA2,2,778928,279372,279372,920,Round 2,2026-09-27,Cale Bombardier,920,Cold Hollow Disc Golf Course,Cold Hollow Long Layout,59,18,4,10:20:00,69,10,864,131,True,False,18,69,True,True,True
98254,2026,MA2,2,778928,317912,317912,899,Round 2,2026-09-27,Drew Celeste,899,Cold Hollow Disc Golf Course,Cold Hollow Long Layout,59,18,2,10:00:00,67,8,882,132,True,False,18,67,True,True,True
98254,2026,MA2,2,778928,274902,274902,886,Round 2,2026-09-27,Nolan Smith,886,Cold Hollow Disc Golf Course,Cold Hollow Long Layout,59,18,2,10:30:00,72,13,837,132,True,False,18,72,True,True,True
98254,2026,MA2,2,778928,314991,314991,890,Round 2,2026-09-27,Conner Spence,890,Cold Hollow Disc Golf Course,Cold Hollow Long Layout,59,18,2,09:50:00,66,7,892,134,True,False,18,66,True,True,True
98254,2026,MA2,2,778928,306197,306197,850,Round 2,2026-09-27,Gregory Yelnosky,850,Cold Hollow Disc Golf Course,Cold Hollow Long Layout,59,18,3,09:50:00,65,6,901,137,True,False,18,65,True,True,True
98254,2026,MA2,2,778928,169600,169600,901,Round 2,2026-09-27,Trevor Bryce,901,Cold Hollow Disc Golf Course,Cold Hollow Long Layout,59,18,4,09:50:00,67,8,882,140,True,False,18,67,True,True,True
98254,2026,MA2,2,778928,239437,239437,830,Round 2,2026-09-27,Simon Bethune,830,Cold Hollow Disc Golf Course,Cold Hollow Long Layout,59,18,1,09:50:00,73,14,827,141,True,False,18,73,True,True,True
98254,2026,MA2,2,778928,325169,325169,811,Round 2,2026-09-27,andrew ford,811,Cold Hollow Disc Golf Course,Cold Hollow Long Layout,59,18,3,09:40:00,71,12,846,146,True,False,18,71,True,True,True
98254,2026,MA2,2,778928,304769,304769,828,Round 2,2026-09-27,Jack Waterman,828,Cold Hollow Disc Golf Course,Cold Hollow Long Layout,59,18,2,09:40:00,75,16,809,150,True,False,18,75,True,True,True
98254,2026,MA2,2,778928,304569,304569,824,Round 2,2026-09-27,Noah Fleury,824,Cold Hollow Disc Golf Course,Cold Hollow Long Layout,59,18,1,09:40:00,77,18,791,151,True,False,18,77,True,True,True
98254,2026,MA3,1,778929,227196,227196,884,Round 1,2026-09-27,Jeremy A. Vigue,884,Cold Hollow Disc Golf Course,Cold Hollow Short Layout,59,18,1,08:20:00,51,-8,907,108,True,False,18,51,True,True,True
98254,2026,MA3,1,778929,112990,112990,839,Round 1,2026-09-27,Dean Squires,839,Cold Hollow Disc Golf Course,Cold Hollow Short Layout,59,18,3,08:30:00,53,-6,882,107,True,False,18,53,True,True,True
98254,2026,MA3,1,778929,312505,312505,819,Round 1,2026-09-27,Daniel Thompson,819,Cold Hollow Disc Golf Course,Cold Hollow Short Layout,59,18,2,08:40:00,53,-6,882,110,True,False,18,53,True,True,True
98254,2026,MA3,1,778929,327011,327011,,Round 1,2026-09-27,Trevor Royal,,Cold Hollow Disc Golf Course,Cold Hollow Short Layout,59,18,4,08:40:00,55,-4,857,111,True,False,18,55,True,True,True
98254,2026,MA3,1,778929,258870,258870,857,Round 1,2026-09-27,Brad Vaughn,857,Cold Hollow Disc Golf Course,Cold Hollow Short Layout,59,18,1,08:40:00,56,-3,844,107,True,False,18,56,True,True,True
98254,2026,MA3,1,778929,314182,314182,,Round 1,2026-09-27,Sam Relyea,,Cold Hollow Disc Golf Course,Cold Hollow Short Layout,59,18,1,09:00:00,56,-3,844,119,True,False,18,56,True,True,True
98254,2026,MA3,1,778929,239719,239719,820,Round 1,2026-09-27,Thane Griswold,820,Cold Hollow Disc Golf Course,Cold Hollow Short Layout,59,18,2,08:20:00,57,-2,832,115,True,False,18,57,True,True,True
98254,2026,MA3,1,778929,293573,293573,799,Round 1,2026-09-27,Shawn St. Pierre,799,Cold Hollow Disc Golf Course,Cold Hollow Short Layout,59,18,2,08:50:00,57,-2,832,115,True,False,18,57,True,True,True
98254,2026,MA3,1,778929,211434,211434,798,Round 1,2026-09-27,Thomas Bousquet,798,Cold Hollow Disc Golf Course,Cold Hollow Short Layout,59,18,4,08:50:00,58,-1,819,114,True,False,18,58,True,True,True
98254,2026,MA3,1,778929,333038,333038,,Round 1,2026-09-27,Douglas Smith,,Cold Hollow Disc Golf Course,Cold Hollow Short Layout,59,18,3,08:40:00,58,-1,819,116,True,False,18,58,True,True,True
98254,2026,MA3,1,778929,286641,286641,837,Round 1,2026-09-27,Matthew Lanctot,837,Cold Hollow Disc Golf Course,Cold Hollow Short Layout,59,18,1,08:30:00,59,0,807,114,True,False,18,59,True,True,True
98254,2026,MA3,1,778929,312423,312423,819,Round 1,2026-09-27,Peter Cousino,819,Cold Hollow Disc Golf Course,Cold Hollow Short Layout,59,18,3,08:50:00,59,0,807,116,True,False,18,59,True,True,True
98254,2026,MA3,1,778929,314105,314105,835,Round 1,2026-09-27,Dustin Smedy,835,Cold Hollow Disc Golf Course,Cold Hollow Short Layout,59,18,2,08:30:00,59,0,807,119,True,False,18,59,True,True,True
98254,2026,MA3,1,778929,332768,332768,862,Round 1,2026-09-27,Jesse Luce,862,Cold Hollow Disc Golf Course,Cold Hollow Short Layout,59,18,1,08:50:00,59,0,807,116,True,False,18,59,True,True,True
98254,2026,MA3,1,778929,175839,175839,875,Round 1,2026-09-27,Wilder Irving,875,Cold Hollow Disc Golf Course,Cold Hollow Short Layout,59,18,4,08:30:00,60,1,794,114,True,False,18,60,True,True,True
98254,2026,MA3,1,778929,268207,268207,757,Round 1,2026-09-27,Craig Reed,757,Cold Hollow Disc Golf Course,Cold Hollow Short Layout,59,18,3,08:20:00,60,1,794,117,True,False,18,60,True,True,True
98254,2026,MA3,1,778929,332325,332325,,Round 1,2026-09-27,Gary Lieb,,Cold Hollow Disc Golf Course,Cold Hollow Short Layout,59,18,2,09:00:00,60,1,794,118,True,False,18,60,True,True,True
98254,2026,MA3,2,778929,112990,112990,839,Round 2,2026-09-27,Dean Squires,839,Cold Hollow Disc Golf Course,Cold Hollow Short Layout,59,18,2,08:50:00,54,-5,873,107,True,False,18,54,True,True,True
98254,2026,MA3,2,778929,258870,258870,857,Round 2,2026-09-27,Brad Vaughn,857,Cold Hollow Disc Golf Course,Cold Hollow Short Layout,59,18,1,08:40:00,51,-8,911,107,True,False,18,51,True,True,True
98254,2026,MA3,2,778929,227196,227196,884,Round 2,2026-09-27,Jeremy A. Vigue,884,Cold Hollow Disc Golf Course,Cold Hollow Short Layout,59,18,1,08:50:00,57,-2,835,108,True,False,18,57,True,True,True
98254,2026,MA3,2,778929,312505,312505,819,Round 2,2026-09-27,Daniel Thompson,819,Cold Hollow Disc Golf Course,Cold Hollow Short Layout,59,18,3,08:50:00,57,-2,835,110,True,False,18,57,True,True,True
98254,2026,MA3,2,778929,327011,327011,,Round 2,2026-09-27,Trevor Royal,,Cold Hollow Disc Golf Course,Cold Hollow Short Layout,59,18,4,08:50:00,56,-3,848,111,True,False,18,56,True,True,True
98254,2026,MA3,2,778929,175839,175839,875,Round 2,2026-09-27,Wilder Irving,875,Cold Hollow Disc Golf Course,Cold Hollow Short Layout,59,18,3,08:20:00,54,-5,873,114,True,False,18,54,True,True,True
98254,2026,MA3,2,778929,286641,286641,837,Round 2,2026-09-27,Matthew Lanctot,837,Cold Hollow Disc Golf Course,Cold Hollow Short Layout,59,18,3,08:30:00,55,-4,860,114,True,False,18,55,True,True,True
98254,2026,MA3,2,778929,211434,211434,798,Round 2,2026-09-27,Thomas Bousquet,798,Cold Hollow Disc Golf Course,Cold Hollow Short Layout,59,18,1,08:30:00,56,-3,848,114,True,False,18,56,True,True,True
98254,2026,MA3,2,778929,239719,239719,820,Round 2,2026-09-27,Thane Griswold,820,Cold Hollow Disc Golf Course,Cold Hollow Short Layout,59,18,3,08:40:00,58,-1,823,115,True,False,18,58,True,True,True
98254,2026,MA3,2,778929,293573,293573,799,Round 2,2026-09-27,Shawn St. Pierre,799,Cold Hollow Disc Golf Course,Cold Hollow Short Layout,59,18,4,08:40:00,58,-1,823,115,True,False,18,58,True,True,True
98254,2026,MA3,2,778929,312423,312423,819,Round 2,2026-09-27,Peter Cousino,819,Cold Hollow Disc Golf Course,Cold Hollow Short Layout,59,18,4,08:30:00,57,-2,835,116,True,False,18,57,True,True,True
98254,2026,MA3,2,778929,332768,332768,862,Round 2,2026-09-27,Jesse Luce,862,Cold Hollow Disc Golf Course,Cold Hollow Short Layout,59,18,2,08:20:00,57,-2,835,116,True,False,18,57,True,True,True
98254,2026,MA3,2,778929,333038,333038,,Round 2,2026-09-27,Douglas Smith,,Cold Hollow Disc Golf Course,Cold Hollow Short Layout,59,18,2,08:30:00,58,-1,823,116,True,False,18,58,True,True,True
98254,2026,MA3,2,778929,268207,268207,757,Round 2,2026-09-27,Craig Reed,757,Cold Hollow Disc Golf Course,Cold Hollow Short Layout,59,18,2,09:10:00,57,-2,835,117,True,False,18,57,True,True,True
98254,2026,MA3,2,778929,332325,332325,,Round 2,2026-09-27,Gary Lieb,,Cold Hollow Disc Golf Course,Cold Hollow Short Layout,59,18,3,09:10:00,58,-1,823,118,True,False,18,58,True,True,True
98254,2026,MA3,2,778929,314105,314105,835,Round 2,2026-09-27,Dustin Smedy,835,Cold Hollow Disc Golf Course,Cold Hollow Short Layout,59,18,1,08:20:00,60,1,798,119,True,False,18,60,True,True,True
98254,2026,MA3,2,778929,314182,314182,,Round 2,2026-09-27,Sam Relyea,,Cold Hollow Disc Golf Course,Cold Hollow Short Layout,59,18,2,08:40:00,63,4,760,119,True,False,18,63,True,True,True
98254,2026,MA40,1,778928,283262,283262,877,Round 1,2026-09-27,John Lucci,877,Cold Hollow Disc Golf Course,Cold Hollow Long Layout,59,18,3,11:50:00,63,4,914,132,True,False,18,63,True,True,True
98254,2026,MA40,1,778928,84935,84935,866,Round 1,2026-09-27,Droo Fisher,866,Cold Hollow Disc Golf Course,Cold Hollow Long Layout,59,18,2,11:40:00,64,5,905,135,True,False,18,64,True,True,True
98254,2026,MA40,1,778928,205696,205696,856,Round 1,2026-09-27,Matthew Smith,856,Cold Hollow Disc Golf Course,Cold Hollow Long Layout,59,18,3,11:40:00,64,5,905,123,True,False,18,64,True,True,True
98254,2026,MA40,1,778928,83212,83212,885,Round 1,2026-09-27,Cory Barron,885,Cold Hollow Disc Golf Course,Cold Hollow Long Layout,59,18,1,11:40:00,67,8,877,132,True,False,18,67,True,True,True
98254,2026,MA40,1,778928,94273,94273,863,Round 1,2026-09-27,Marques Pozzani,863,Cold Hollow Disc Golf Course,Cold Hollow Long Layout,59,18,4,11:40:00,67,8,877,134,True,False,18,67,True,True,True
98254,2026,MA40,1,778928,224036,224036,871,Round 1,2026-09-27,Michael Ryan,871,Cold Hollow Disc Golf Course,Cold Hollow Long Layout,59,18,1,11:50:00,67,8,877,133,True,False,18,67,True,True,True
98254,2026,MA40,1,778928,325345,325345,852,Round 1,2026-09-27,Wesley Court,852,Cold Hollow Disc Golf Course,Cold Hollow Long Layout,59,18,4,11:50:00,70,11,849,141,True,False,18,70,True,True,True
98254,2026,MA40,1,778928,221629,221629,858,Round 1,2026-09-27,Justin Morgan,858,Cold Hollow Disc Golf Course,Cold Hollow Long Layout,59,18,2,11:50:00,71,12,840,137,True,False,18,71,True,True,True
98254,2026,MA40,2,778928,205696,205696,856,Round 2,2026-09-27,Matthew Smith,856,Cold Hollow Disc Golf Course,Cold Hollow Long Layout,59,18,3,11:20:00,59,0,956,123,True,False,18,59,True,True,True
98254,2026,MA40,2,778928,83212,83212,885,Round 2,2026-09-27,Cory Barron,885,Cold Hollow Disc Golf Course,Cold Hollow Long Layout,59,18,4,11:20:00,65,6,901,132,True,False,18,65,True,True,True
98254,2026,MA40,2,778928,283262,283262,877,Round 2,2026-09-27,John Lucci,877,Cold Hollow Disc Golf Course,Cold Hollow Long Layout,59,18,1,11:20:00,69,10,864,132,True,False,18,69,True,True,True
98254,2026,MA40,2,778928,224036,224036,871,Round 2,2026-09-27,Michael Ryan,871,Cold Hollow Disc Golf Course,Cold Hollow Long Layout,59,18,2,11:10:00,66,7,892,133,True,False,18,66,True,True,True
98254,2026,MA40,2,778928,94273,94273,863,Round 2,2026-09-27,Marques Pozzani,863,Cold Hollow Disc Golf Course,Cold Hollow Long Layout,59,18,1,11:10:00,67,8,882,134,True,False,18,67,True,True,True
98254,2026,MA40,2,778928,84935,84935,866,Round 2,2026-09-27,Droo Fisher,866,Cold Hollow Disc Golf Course,Cold Hollow Long Layout,59,18,2,11:20:00,71,12,846,135,True,False,18,71,True,True,True
98254,2026,MA40,2,778928,221629,221629,858,Round 2,2026-09-27,Justin Morgan,858,Cold Hollow Disc Golf Course,Cold Hollow Long Layout,59,18,4,11:10:00,66,7,892,137,True,False,18,66,True,True,True
98254,2026,MA40,2,778928,325345,325345,852,Round 2,2026-09-27,Wesley Court,852,Cold Hollow Disc Golf Course,Cold Hollow Long Layout,59,18,3,11:10:00,71,12,846,141,True,False,18,71,True,True,True
98254,2026,MA50,1,778928,275118,275118,905,Round 1,2026-09-27,Matthew German,905,Cold Hollow Disc Golf Course,Cold Hollow Long Layout,59,18,3,11:20:00,56,-3,979,120,True,False,18,56,True,True,True
98254,2026,MA50,1,778928,130713,130713,902,Round 1,2026-09-27,Ian Martin,902,Cold Hollow Disc Golf Course,Cold Hollow Long Layout,59,18,1,11:20:00,61,2,932,125,True,False,18,61,True,True,True
98254,2026,MA50,1,778928,88247,88247,884,Round 1,2026-09-27,Tyler Bowden,884,Cold Hollow Disc Golf Course,Cold Hollow Long Layout,59,18,1,11:10:00,62,3,923,132,True,False,18,62,True,True,True
98254,2026,MA50,1,778928,202875,202875,911,Round 1,2026-09-27,Thomas Limanek,911,Cold Hollow Disc Golf Course,Cold Hollow Long Layout,59,18,2,11:20:00,63,4,914,125,True,False,18,63,True,True,True
98254,2026,MA50,1,778928,147904,147904,890,Round 1,2026-09-27,John Williams,890,Cold Hollow Disc Golf Course,Cold Hollow Long Layout,59,18,2,11:10:00,64,5,905,132,True,False,18,64,True,True,True
98254,2026,MA50,1,778928,216349,216349,879,Round 1,2026-09-27,Justin Bassett,879,Cold Hollow Disc Golf Course,Cold Hollow Long Layout,59,18,4,11:20:00,64,5,905,136,True,False,18,64,True,True,True
98254,2026,MA50,1,778928,74288,74288,889,Round 1,2026-09-27,Gregg Guillily,889,Cold Hollow Disc Golf Course,Cold Hollow Long Layout,59,18,3,11:10:00,72,13,831,134,True,False,18,72,True,True,True
98254,2026,MA50,1,778928,215620,215620,806,Round 1,2026-09-27,Ty Paulding,806,Cold Hollow Disc Golf Course,Cold Hollow Long Layout,59,18,2,11:30:00,78,19,775,152,True,False,18,78,True,True,True
98254,2026,MA50,1,778928,139113,139113,859,Round 1,2026-09-27,Norman Wedge,859,Cold Hollow Disc Golf Course,Cold Hollow Long Layout,59,18,1,11:30:00,81,22,747,153,True,False,18,81,True,True,True
98254,2026,MA50,2,778928,275118,275118,905,Round 2,2026-09-27,Matthew German,905,Cold Hollow Disc Golf Course,Cold Hollow Long Layout,59,18,1,11:00:00,64,5,910,120,True,False,18,64,True,True,True
98254,2026,MA50,2,778928,202875,202875,911,Round 2,2026-09-27,Thomas Limanek,911,Cold Hollow Disc Golf Course,Cold Hollow Long Layout,59,18,1,10:50:00,62,3,928,125,True,False,18,62,True,True,True
98254,2026,MA50,2,778928,130713,130713,902,Round 2,2026-09-27,Ian Martin,902,Cold Hollow Disc Golf Course,Cold Hollow Long Layout,59,18,2,11:00:00,64,5,910,125,True,False,18,64,True,True,True
98254,2026,MA50,2,778928,147904,147904,890,Round 2,2026-09-27,John Williams,890,Cold Hollow Disc Golf Course,Cold Hollow Long Layout,59,18,2,10:50:00,68,9,873,132,True,False,18,68,True,True,True
98254,2026,MA50,2,778928,88247,88247,884,Round 2,2026-09-27,Tyler Bowden,884,Cold Hollow Disc Golf Course,Cold Hollow Long Layout,59,18,3,11:00:00,70,11,855,132,True,False,18,70,True,True,True
98254,2026,MA50,2,778928,74288,74288,889,Round 2,2026-09-27,Gregg Guillily,889,Cold Hollow Disc Golf Course,Cold Hollow Long Layout,59,18,1,10:40:00,62,3,928,134,True,False,18,62,True,True,True
98254,2026,MA50,2,778928,216349,216349,879,Round 2,2026-09-27,Justin Bassett,879,Cold Hollow Disc Golf Course,Cold Hollow Long Layout,59,18,3,10:50:00,72,13,837,136,True,False,18,72,True,True,True
98254,2026,MA50,2,778928,215620,215620,806,Round 2,2026-09-27,Ty Paulding,806,Cold Hollow Disc Golf Course,Cold Hollow Long Layout,59,18,2,10:40:00,74,15,818,152,True,False,18,74,True,True,True
98254,2026,MA50,2,778928,139113,139113,859,Round 2,2026-09-27,Norman Wedge,859,Cold Hollow Disc Golf Course,Cold Hollow Long Layout,59,18,3,10:40:00,72,13,837,153,True,False,18,72,True,True,True
98254,2026,MA70,1,778929,124175,124175,775,Round 1,2026-09-27,Fred Kopitzke,775,Cold Hollow Disc Golf Course,Cold Hollow Short Layout,59,18,4,09:00:00,57,-2,832,116,True,False,18,57,True,True,True
98254,2026,MA70,1,778929,195353,195353,730,Round 1,2026-09-27,Jerome Mendicino,730,Cold Hollow Disc Golf Course,Cold Hollow Short Layout,59,18,3,09:00:00,64,5,744,133,True,False,18,64,True,True,True
98254,2026,MA70,2,778929,124175,124175,775,Round 2,2026-09-27,Fred Kopitzke,775,Cold Hollow Disc Golf Course,Cold Hollow Short Layout,59,18,1,09:10:00,59,0,810,116,True,False,18,59,True,True,True
98254,2026,MA70,2,778929,195353,195353,730,Round 2,2026-09-27,Jerome Mendicino,730,Cold Hollow Disc Golf Course,Cold Hollow Short Layout,59,18,4,09:10:00,69,10,685,133,True,False,18,69,True,True,True
98254,2026,MJ10,1,778929,331899,331899,507,Round 1,2026-09-27,Oliver Pitre,507,Cold Hollow Disc Golf Course,Cold Hollow Short Layout,59,18,2,08:00:00,66,7,719,146,True,False,18,66,True,True,True
98254,2026,MJ10,1,778929,327419,327419,438,Round 1,2026-09-27,Calder Lamont,438,Cold Hollow Disc Golf Course,Cold Hollow Short Layout,59,18,1,08:00:00,81,22,531,159,True,False,18,81,True,True,True
98254,2026,MJ10,2,778929,331899,331899,507,Round 2,2026-09-27,Oliver Pitre,507,Cold Hollow Disc Golf Course,Cold Hollow Short Layout,59,18,1,08:00:00,80,21,547,146,True,False,18,80,True,True,True
98254,2026,MJ10,2,778929,327419,327419,438,Round 2,2026-09-27,Calder Lamont,438,Cold Hollow Disc Golf Course,Cold Hollow Short Layout,59,18,4,08:00:00,78,19,572,159,True,False,18,78,True,True,True
98254,2026,MP40,1,778928,170807,170807,905,Round 1,2026-09-27,Roger Duhaime,905,Cold Hollow Disc Golf Course,Cold Hollow Long Layout,59,18,1,13:40:00,58,-1,960,122,True,False,18,58,True,True,True
98254,2026,MP40,1,778928,101034,101034,945,Round 1,2026-09-27,Chris Carlisle,945,Cold Hollow Disc Golf Course,Cold Hollow Long Layout,59,18,1,13:20:00,59,0,951,115,True,False,18,59,True,True,True
98254,2026,MP40,1,778928,53179,53179,920,Round 1,2026-09-27,Shawn Mercy,920,Cold Hollow Disc Golf Course,Cold Hollow Long Layout,59,18,4,13:30:00,60,1,942,125,True,False,18,60,True,True,True
98254,2026,MP40,1,778928,253428,253428,964,Round 1,2026-09-27,Hugo Lussier,964,Cold Hollow Disc Golf Course,Cold Hollow Long Layout,59,18,2,13:40:00,60,1,942,120,True,False,18,60,True,True,True
98254,2026,MP40,1,778928,22318,22318,965,Round 1,2026-09-27,Aaron Smartt,965,Cold Hollow Disc Golf Course,Cold Hollow Long Layout,59,18,1,13:30:00,61,2,932,124,True,False,18,61,True,True,True
98254,2026,MP40,1,778928,193211,193211,933,Round 1,2026-09-27,Greg Babbin,933,Cold Hollow Disc Golf Course,Cold Hollow Long Layout,59,18,3,13:20:00,63,4,914,127,True,False,18,63,True,True,True
98254,2026,MP40,1,778928,110289,110289,945,Round 1,2026-09-27,Frank Wruk,945,Cold Hollow Disc Golf Course,Cold Hollow Long Layout,59,18,2,13:30:00,64,5,905,130,True,False,18,64,True,True,True
98254,2026,MP40,1,778928,74240,74240,962,Round 1,2026-09-27,Christopher Martin,962,Cold Hollow Disc Golf Course,Cold Hollow Long Layout,59,18,3,13:30:00,69,10,858,127,True,False,18,69,True,True,True
98254,2026,MP40,1,778928,57904,57904,839,Round 1,2026-09-27,Matt Marro,839,Cold Hollow Disc Golf Course,Cold Hollow Long Layout,59,18,2,13:20:00,70,11,849,139,True,False,18,70,True,True,True
98254,2026,MP40,2,778928,101034,101034,945,Round 2,2026-09-27,Chris Carlisle,945,Cold Hollow Disc Golf Course,Cold Hollow Long Layout,59,18,2,13:10:00,56,-3,983,115,True,False,18,56,True,True,True
98254,2026,MP40,2,778928,253428,253428,964,Round 2,2026-09-27,Hugo Lussier,964,Cold Hollow Disc Golf Course,Cold Hollow Long Layout,59,18,4,13:10:00,60,1,946,120,True,False,18,60,True,True,True
98254,2026,MP40,2,778928,170807,170807,905,Round 2,2026-09-27,Roger Duhaime,905,Cold Hollow Disc Golf Course,Cold Hollow Long Layout,59,18,1,13:10:00,64,5,910,122,True,False,18,64,True,True,True
98254,2026,MP40,2,778928,22318,22318,965,Round 2,2026-09-27,Aaron Smartt,965,Cold Hollow Disc Golf Course,Cold Hollow Long Layout,59,18,1,13:00:00,63,4,919,124,True,False,18,63,True,True,True
98254,2026,MP40,2,778928,53179,53179,920,Round 2,2026-09-27,Shawn Mercy,920,Cold Hollow Disc Golf Course,Cold Hollow Long Layout,59,18,3,13:10:00,65,6,901,125,True,False,18,65,True,True,True
98254,2026,MP40,2,778928,74240,74240,962,Round 2,2026-09-27,Christopher Martin,962,Cold Hollow Disc Golf Course,Cold Hollow Long Layout,59,18,4,13:00:00,58,-1,965,127,True,False,18,58,True,True,True
98254,2026,MP40,2,778928,193211,193211,933,Round 2,2026-09-27,Greg Babbin,933,Cold Hollow Disc Golf Course,Cold Hollow Long Layout,59,18,2,13:00:00,64,5,910,127,True,False,18,64,True,True,True
98254,2026,MP40,2,778928,110289,110289,945,Round 2,2026-09-27,Frank Wruk,945,Cold Hollow Disc Golf Course,Cold Hollow Long Layout,59,18,3,13:00:00,66,7,892,130,True,False,18,66,True,True,True
98254,2026,MP40,2,778928,57904,57904,839,Round 2,2026-09-27,Matt Marro,839,Cold Hollow Disc Golf Course,Cold Hollow Long Layout,59,18,4,12:30:00,69,10,864,139,True,False,18,69,True,True,True
98254,2026,MP50,1,778928,25395,25395,944,Round 1,2026-09-27,Peter Belizi,944,Cold Hollow Disc Golf Course,Cold Hollow Long Layout,59,18,2,13:00:00,55,-4,988,122,True,False,18,55,True,True,True
98254,2026,MP50,1,778928,132038,132038,965,Round 1,2026-09-27,Daniel Jenkins,965,Cold Hollow Disc Golf Course,Cold Hollow Long Layout,59,18,4,13:00:00,56,-3,979,115,True,False,18,56,True,True,True
98254,2026,MP50,1,778928,24381,24381,937,Round 1,2026-09-27,Chris Young,937,Cold Hollow Disc Golf Course,Cold Hollow Long Layout,59,18,1,13:00:00,57,-2,969,117,True,False,18,57,True,True,True
98254,2026,MP50,1,778928,97356,97356,934,Round 1,2026-09-27,Jason Guild,934,Cold Hollow Disc Golf Course,Cold Hollow Long Layout,59,18,3,13:00:00,60,1,942,120,True,False,18,60,True,True,True
98254,2026,MP50,1,778928,12667,12667,906,Round 1,2026-09-27,Scott Shepardson,906,Cold Hollow Disc Golf Course,Cold Hollow Long Layout,59,18,4,12:50:00,61,2,932,124,True,False,18,61,True,True,True
98254,2026,MP50,1,778928,120692,120692,911,Round 1,2026-09-27,Corey Johnson,911,Cold Hollow Disc Golf Course,Cold Hollow Long Layout,59,18,2,12:40:00,62,3,923,134,True,False,18,62,True,True,True
98254,2026,MP50,1,778928,223480,223480,879,Round 1,2026-09-27,Marc Kirkpatrick,879,Cold Hollow Disc Golf Course,Cold Hollow Long Layout,59,18,3,12:50:00,64,5,905,125,True,False,18,64,True,True,True
98254,2026,MP50,1,778928,125921,125921,905,Round 1,2026-09-27,Christopher Conk,905,Cold Hollow Disc Golf Course,Cold Hollow Long Layout,59,18,2,12:50:00,65,6,895,127,True,False,18,65,True,True,True
98254,2026,MP50,1,778928,157577,157577,901,Round 1,2026-09-27,Ian Butman,901,Cold Hollow Disc Golf Course,Cold Hollow Long Layout,59,18,3,12:40:00,67,8,877,136,True,False,18,67,True,True,True
98254,2026,MP50,1,778928,20455,20455,893,Round 1,2026-09-27,Jason Gilbert,893,Cold Hollow Disc Golf Course,Cold Hollow Long Layout,59,18,1,12:50:00,68,9,868,130,True,False,18,68,True,True,True
98254,2026,MP50,2,778928,132038,132038,965,Round 2,2026-09-27,Daniel Jenkins,965,Cold Hollow Disc Golf Course,Cold Hollow Long Layout,59,18,2,12:50:00,59,0,956,115,True,False,18,59,True,True,True
98254,2026,MP50,2,778928,24381,24381,937,Round 2,2026-09-27,Chris Young,937,Cold Hollow Disc Golf Course,Cold Hollow Long Layout,59,18,3,12:50:00,60,1,946,117,True,False,18,60,True,True,True
98254,2026,MP50,2,778928,97356,97356,934,Round 2,2026-09-27,Jason Guild,934,Cold Hollow Disc Golf Course,Cold Hollow Long Layout,59,18,4,12:50:00,60,1,946,120,True,False,18,60,True,True,True
98254,2026,MP50,2,778928,25395,25395,944,Round 2,2026-09-27,Peter Belizi,944,Cold Hollow Disc Golf Course,Cold Hollow Long Layout,59,18,1,12:50:00,67,8,882,122,True,False,18,67,True,True,True
98254,2026,MP50,2,778928,12667,12667,906,Round 2,2026-09-27,Scott Shepardson,906,Cold Hollow Disc Golf Course,Cold Hollow Long Layout,59,18,1,12:40:00,63,4,919,124,True,False,18,63,True,True,True
98254,2026,MP50,2,778928,223480,223480,879,Round 2,2026-09-27,Marc Kirkpatrick,879,Cold Hollow Disc Golf Course,Cold Hollow Long Layout,59,18,3,12:40:00,61,2,937,125,True,False,18,61,True,True,True
98254,2026,MP50,2,778928,125921,125921,905,Round 2,2026-09-27,Christopher Conk,905,Cold Hollow Disc Golf Course,Cold Hollow Long Layout,59,18,4,12:40:00,62,3,928,127,True,False,18,62,True,True,True
98254,2026,MP50,2,778928,20455,20455,893,Round 2,2026-09-27,Jason Gilbert,893,Cold Hollow Disc Golf Course,Cold Hollow Long Layout,59,18,2,12:30:00,62,3,928,130,True,False,18,62,True,True,True
98254,2026,MP50,2,778928,120692,120692,911,Round 2,2026-09-27,Corey Johnson,911,Cold Hollow Disc Golf Course,Cold Hollow Long Layout,59,18,2,12:40:00,72,13,837,134,True,False,18,72,True,True,True
98254,2026,MP50,2,778928,157577,157577,901,Round 2,2026-09-27,Ian Butman,901,Cold Hollow Disc Golf Course,Cold Hollow Long Layout,59,18,1,12:30:00,69,10,864,136,True,False,18,69,True,True,True
98254,2026,MP60,1,778928,12353,12353,876,Round 1,2026-09-27,Brock Pitzer,876,Cold Hollow Disc Golf Course,Cold Hollow Long Layout,59,18,1,12:40:00,70,11,849,139,True,False,18,70,True,True,True
98254,2026,MP60,2,778928,12353,12353,876,Round 2,2026-09-27,Brock Pitzer,876,Cold Hollow Disc Golf Course,Cold Hollow Long Layout,59,18,3,12:30:00,69,10,864,139,True,False,18,69,True,True,True
98254,2026,MPO,1,778928,140098,140098,980,Round 1,2026-09-27,Angus Barstow,980,Cold Hollow Disc Golf Course,Cold Hollow Long Layout,59,18,1,14:40:00,52,-7,1016,105,True,False,18,52,True,True,True
98254,2026,MPO,1,778928,187845,187845,962,Round 1,2026-09-27,Shane Seals,962,Cold Hollow Disc Golf Course,Cold Hollow Long Layout,59,18,2,14:50:00,53,-6,1006,115,True,False,18,53,True,True,True
98254,2026,MPO,1,778928,117124,117124,970,Round 1,2026-09-27,Dean Squires Jr,970,Cold Hollow Disc Golf Course,Cold Hollow Long Layout,59,18,3,14:20:00,54,-5,997,111,True,False,18,54,True,True,True
98254,2026,MPO,1,778928,128180,128180,1003,Round 1,2026-09-27,Andrew Cochran,1003,Cold Hollow Disc Golf Course,Cold Hollow Long Layout,59,18,3,14:40:00,54,-5,997,111,True,False,18,54,True,True,True
98254,2026,MPO,1,778928,129332,129332,1008,Round 1,2026-09-27,David Fleck,1008,Cold Hollow Disc Golf Course,Cold Hollow Long Layout,59,18,1,14:30:00,54,-5,997,105,True,False,18,54,True,True,True
98254,2026,MPO,1,778928,85970,85970,966,Round 1,2026-09-27,Ben Drogue,966,Cold Hollow Disc Golf Course,Cold Hollow Long Layout,59,18,4,14:20:00,55,-4,988,110,True,False,18,55,True,True,True
98254,2026,MPO,1,778928,124203,124203,954,Round 1,2026-09-27,Ezra Koch,954,Cold Hollow Disc Golf Course,Cold Hollow Long Layout,59,18,4,14:50:00,55,-4,988,112,True,False,18,55,True,True,True
98254,2026,MPO,1,778928,181649,181649,996,Round 1,2026-09-27,Hubert Vachon,996,Cold Hollow Disc Golf Course,Cold Hollow Long Layout,59,18,3,14:50:00,55,-4,988,110,True,False,18,55,True,True,True
98254,2026,MPO,1,778928,111643,111643,1013,Round 1,2026-09-27,Finn Etter,1013,Cold Hollow Disc Golf Course,Cold Hollow Long Layout,59,18,1,14:50:00,56,-3,979,109,True,False,18,56,True,True,True
98254,2026,MPO,1,778928,123253,123253,989,Round 1,2026-09-27,Stevie Frisch,989,Cold Hollow Disc Golf Course,Cold Hollow Long Layout,59,18,4,14:40:00,56,-3,979,120,True,False,18,56,True,True,True
98254,2026,MPO,1,778928,124607,124607,1007,Round 1,2026-09-27,Gillis MacDougall,1007,Cold Hollow Disc Golf Course,Cold Hollow Long Layout,59,18,3,14:10:00,56,-3,979,108,True,False,18,56,True,True,True
98254,2026,MPO,1,778928,131653,131653,946,Round 1,2026-09-27,Sean Chi,946,Cold Hollow Disc Golf Course,Cold Hollow Long Layout,59,18,2,14:20:00,56,-3,979,125,True,False,18,56,True,True,True
98254,2026,MPO,1,778928,161558,161558,994,Round 1,2026-09-27,Brad Schott,994,Cold Hollow Disc Golf Course,Cold Hollow Long Layout,59,18,2,14:30:00,56,-3,979,110,True,False,18,56,True,True,True
98254,2026,MPO,1,778928,207958,207958,954,Round 1,2026-09-27,Kevin Shields,954,Cold Hollow Disc Golf Course,Cold Hollow Long Layout,59,18,3,14:30:00,56,-3,979,122,True,False,18,56,True,True,True
98254,2026,MPO,1,778928,219714,219714,957,Round 1,2026-09-27,Porter Schrader,957,Cold Hollow Disc Golf Course,Cold Hollow Long Layout,59,18,4,14:30:00,56,-3,979,114,True,False,18,56,True,True,True
98254,2026,MPO,1,778928,94450,94450,958,Round 1,2026-09-27,Brendan Rollins,958,Cold Hollow Disc Golf Course,Cold Hollow Long Layout,59,18,3,14:00:00,58,-1,960,118,True,False,18,58,True,True,True
98254,2026,MPO,1,778928,142744,142744,974,Round 1,2026-09-27,Abel German,974,Cold Hollow Disc Golf Course,Cold Hollow Long Layout,59,18,2,14:10:00,58,-1,960,115,True,False,18,58,True,True,True
98254,2026,MPO,1,778928,204892,204892,973,Round 1,2026-09-27,Tiernan Roland,973,Cold Hollow Disc Golf Course,Cold Hollow Long Layout,59,18,1,14:00:00,58,-1,960,112,True,False,18,58,True,True,True
98254,2026,MPO,1,778928,235658,235658,963,Round 1,2026-09-27,Brandon Westburg,963,Cold Hollow Disc Golf Course,Cold Hollow Long Layout,59,18,1,14:10:00,58,-1,960,117,True,False,18,58,True,True,True
98254,2026,MPO,1,778928,275041,275041,937,Round 1,2026-09-27,Samuel Schonberg,937,Cold Hollow Disc Golf Course,Cold Hollow Long Layout,59,18,2,14:00:00,58,-1,960,117,True,False,18,58,True,True,True
98254,2026,MPO,1,778928,243678,243678,974,Round 1,2026-09-27,Louis-Philippe Levac,974,Cold Hollow Disc Golf Course,Cold Hollow Long Layout,59,18,4,13:50:00,59,0,951,,True,False,18,59,True,True,True
98254,2026,MPO,1,778928,169393,169393,977,Round 1,2026-09-27,Aidan Trombley,977,Cold Hollow Disc Golf Course,Cold Hollow Long Layout,59,18,2,14:40:00,60,1,942,111,True,False,18,60,True,True,True
98254,2026,MPO,1,778928,220870,220870,980,Round 1,2026-09-27,Martin Bernard,980,Cold Hollow Disc Golf Course,Cold Hollow Long Layout,59,18,4,14:00:00,60,1,942,117,True,False,18,60,True,True,True
98254,2026,MPO,1,778928,128316,128316,964,Round 1,2026-09-27,Tayler Sylvain,964,Cold Hollow Disc Golf Course,Cold Hollow Long Layout,59,18,4,13:40:00,61,2,932,119,True,False,18,61,True,True,True
98254,2026,MPO,1,778928,171355,171355,978,Round 1,2026-09-27,Jacob Theriault,978,Cold Hollow Disc Golf Course,Cold Hollow Long Layout,59,18,3,13:50:00,61,2,932,123,True,False,18,61,True,True,True
98254,2026,MPO,1,778928,146226,146226,927,Round 1,2026-09-27,Jason Cagney,927,Cold Hollow Disc Golf Course,Cold Hollow Long Layout,59,18,2,13:50:00,63,4,914,120,True,False,18,63,True,True,True
98254,2026,MPO,1,778928,220572,220572,881,Round 1,2026-09-27,Sean Nevins,881,Cold Hollow Disc Golf Course,Cold Hollow Long Layout,59,18,3,13:40:00,64,5,905,122,True,False,18,64,True,True,True
98254,2026,MPO,1,778928,140039,140039,907,Round 1,2026-09-27,Ian Rooney,907,Cold Hollow Disc Golf Course,Cold Hollow Long Layout,59,18,4,14:10:00,65,6,895,129,True,False,18,65,True,True,True
98254,2026,MPO,1,778928,192901,192901,890,Round 1,2026-09-27,Micah Munro,890,Cold Hollow Disc Golf Course,Cold Hollow Long Layout,59,18,1,14:20:00,65,6,895,129,True,False,18,65,True,True,True
98254,2026,MPO,1,778928,223671,223671,942,Round 1,2026-09-27,Brendan Van Tuinen,942,Cold Hollow Disc Golf Course,Cold Hollow Long Layout,59,18,1,13:50:00,65,6,895,,True,False,18,65,True,True,True
98254,2026,MPO,2,778928,129332,129332,1008,Round 2,2026-09-27,David Fleck,1008,Cold Hollow Disc Golf Course,Cold Hollow Long Layout,59,18,1,14:30:00,51,-8,1029,105,True,False,18,51,True,True,True
98254,2026,MPO,2,778928,140098,140098,980,Round 2,2026-09-27,Angus Barstow,980,Cold Hollow Disc Golf Course,Cold Hollow Long Layout,59,18,1,14:40:00,53,-6,1011,105,True,False,18,53,True,True,True
98254,2026,MPO,2,778928,124607,124607,1007,Round 2,2026-09-27,Gillis MacDougall,1007,Cold Hollow Disc Golf Course,Cold Hollow Long Layout,59,18,3,14:20:00,52,-7,1020,108,True,False,18,52,True,True,True
98254,2026,MPO,2,778928,111643,111643,1013,Round 2,2026-09-27,Finn Etter,1013,Cold Hollow Disc Golf Course,Cold Hollow Long Layout,59,18,1,14:20:00,53,-6,1011,109,True,False,18,53,True,True,True
98254,2026,MPO,2,778928,161558,161558,994,Round 2,2026-09-27,Brad Schott,994,Cold Hollow Disc Golf Course,Cold Hollow Long Layout,59,18,1,14:10:00,54,-5,1001,110,True,False,18,54,True,True,True
98254,2026,MPO,2,778928,85970,85970,966,Round 2,2026-09-27,Ben Drogue,966,Cold Hollow Disc Golf Course,Cold Hollow Long Layout,59,18,2,14:30:00,55,-4,992,110,True,False,18,55,True,True,True
98254,2026,MPO,2,778928,181649,181649,996,Round 2,2026-09-27,Hubert Vachon,996,Cold Hollow Disc Golf Course,Cold Hollow Long Layout,59,18,4,14:30:00,55,-4,992,110,True,False,18,55,True,True,True
98254,2026,MPO,2,778928,169393,169393,977,Round 2,2026-09-27,Aidan Trombley,977,Cold Hollow Disc Golf Course,Cold Hollow Long Layout,59,18,1,13:50:00,51,-8,1029,111,True,False,18,51,True,True,True
98254,2026,MPO,2,778928,117124,117124,970,Round 2,2026-09-27,Dean Squires Jr,970,Cold Hollow Disc Golf Course,Cold Hollow Long Layout,59,18,3,14:40:00,57,-2,974,111,True,False,18,57,True,True,True
98254,2026,MPO,2,778928,128180,128180,1003,Round 2,2026-09-27,Andrew Cochran,1003,Cold Hollow Disc Golf Course,Cold Hollow Long Layout,59,18,4,14:40:00,57,-2,974,111,True,False,18,57,True,True,True
98254,2026,MPO,2,778928,204892,204892,973,Round 2,2026-09-27,Tiernan Roland,973,Cold Hollow Disc Golf Course,Cold Hollow Long Layout,59,18,2,14:00:00,54,-5,1001,112,True,False,18,54,True,True,True
98254,2026,MPO,2,778928,124203,124203,954,Round 2,2026-09-27,Ezra Koch,954,Cold Hollow Disc Golf Course,Cold Hollow Long Layout,59,18,3,14:30:00,57,-2,974,112,True,False,18,57,True,True,True
98254,2026,MPO,2,778928,219714,219714,957,Round 2,2026-09-27,Porter Schrader,957,Cold Hollow Disc Golf Course,Cold Hollow Long Layout,59,18,3,14:10:00,58,-1,965,114,True,False,18,58,True,True,True
98254,2026,MPO,2,778928,142744,142744,974,Round 2,2026-09-27,Abel German,974,Cold Hollow Disc Golf Course,Cold Hollow Long Layout,59,18,1,14:00:00,57,-2,974,115,True,False,18,57,True,True,True
98254,2026,MPO,2,778928,187845,187845,962,Round 2,2026-09-27,Shane Seals,962,Cold Hollow Disc Golf Course,Cold Hollow Long Layout,59,18,2,14:40:00,62,3,928,115,True,False,18,62,True,True,True
98254,2026,MPO,2,778928,220870,220870,980,Round 2,2026-09-27,Martin Bernard,980,Cold Hollow Disc Golf Course,Cold Hollow Long Layout,59,18,2,13:50:00,57,-2,974,117,True,False,18,57,True,True,True
98254,2026,MPO,2,778928,235658,235658,963,Round 2,2026-09-27,Brandon Westburg,963,Cold Hollow Disc Golf Course,Cold Hollow Long Layout,59,18,3,14:00:00,59,0,956,117,True,False,18,59,True,True,True
98254,2026,MPO,2,778928,275041,275041,937,Round 2,2026-09-27,Samuel Schonberg,937,Cold Hollow Disc Golf Course,Cold Hollow Long Layout,59,18,4,14:00:00,59,0,956,117,True,False,18,59,True,True,True
98254,2026,MPO,2,778928,94450,94450,958,Round 2,2026-09-27,Brendan Rollins,958,Cold Hollow Disc Golf Course,Cold Hollow Long Layout,59,18,4,14:10:00,60,1,946,118,True,False,18,60,True,True,True
98254,2026,MPO,2,778928,128316,128316,964,Round 2,2026-09-27,Tayler Sylvain,964,Cold Hollow Disc Golf Course,Cold Hollow Long Layout,59,18,3,13:50:00,58,-1,965,119,True,False,18,58,True,True,True
98254,2026,MPO,2,778928,146226,146226,927,Round 2,2026-09-27,Jason Cagney,927,Cold Hollow Disc Golf Course,Cold Hollow Long Layout,59,18,1,13:40:00,57,-2,974,120,True,False,18,57,True,True,True
98254,2026,MPO,2,778928,123253,123253,989,Round 2,2026-09-27,Stevie Frisch,989,Cold Hollow Disc Golf Course,Cold Hollow Long Layout,59,18,2,14:20:00,64,5,910,120,True,False,18,64,True,True,True
98254,2026,MPO,2,778928,220572,220572,881,Round 2,2026-09-27,Sean Nevins,881,Cold Hollow Disc Golf Course,Cold Hollow Long Layout,59,18,2,13:40:00,58,-1,965,122,True,False,18,58,True,True,True
98254,2026,MPO,2,778928,207958,207958,954,Round 2,2026-09-27,Kevin Shields,954,Cold Hollow Disc Golf Course,Cold Hollow Long Layout,59,18,2,14:10:00,66,7,892,122,True,False,18,66,True,True,True
98254,2026,MPO,2,778928,171355,171355,978,Round 2,2026-09-27,Jacob Theriault,978,Cold Hollow Disc Golf Course,Cold Hollow Long Layout,59,18,4,13:40:00,62,3,928,123,True,False,18,62,True,True,True
98254,2026,MPO,2,778928,131653,131653,946,Round 2,2026-09-27,Sean Chi,946,Cold Hollow Disc Golf Course,Cold Hollow Long Layout,59,18,4,14:20:00,69,10,864,125,True,False,18,69,True,True,True
98254,2026,MPO,2,778928,140039,140039,907,Round 2,2026-09-27,Ian Rooney,907,Cold Hollow Disc Golf Course,Cold Hollow Long Layout,59,18,4,13:30:00,64,5,910,129,True,False,18,64,True,True,True
98254,2026,MPO,2,778928,192901,192901,890,Round 2,2026-09-27,Micah Munro,890,Cold Hollow Disc Golf Course,Cold Hollow Long Layout,59,18,3,13:30:00,64,5,910,129,True,False,18,64,True,True,True
98254,2026,MPO,2,778928,243678,243678,974,Round 2,2026-09-27,Louis-Philippe Levac,974,Cold Hollow Disc Golf Course,Cold Hollow Long Layout,59,18,,,,,,,True,True,0,,False,False,False
98254,2026,MPO,2,778928,223671,223671,942,Round 2,2026-09-27,Brendan Van Tuinen,942,Cold Hollow Disc Golf Course,Cold Hollow Long Layout,59,18,3,13:30:00,,,,,True,True,0,,False,False,False
