event_id,year,division,round,layout_id,player_key,pdga_number,event_rating,round_label,round_date,player_name,current_rating,course_name,layout_name,layout_par,n_holes,card_number,tee_time,round_score,round_to_par,round_rating,grand_total,raw_completed,unfinished_999,holes_scored,hole_score_sum,all_holes_scored,hole_sum_matches,usable
45898,2020,FA1,1,295341,123381,123381,813,Round 1,2020-06-14,Tracy Knippel,854,Smugglers Notch Disc Golf Center - Brewster Ridge,Brewster Ridge Blue Tees,61,18,2,11:30:00,68,7,861,142,True,False,18,68,True,True,True
45898,2020,FA1,1,295341,132857,132857,,Round 1,2020-06-14,Serena Lamson,,Smugglers Notch Disc Golf Center - Brewster Ridge,Brewster Ridge Blue Tees,61,18,3,11:30:00,71,10,833,140,True,False,18,71,True,True,True
45898,2020,FA1,1,295341,69552,69552,782,Round 1,2020-06-14,Christy Betit,807,Smugglers Notch Disc Golf Center - Brewster Ridge,Brewster Ridge Blue Tees,61,18,1,11:30:00,78,17,768,154,True,False,18,78,True,True,True
45898,2020,FA1,2,295361,132857,132857,,Round 2,2020-06-14,Serena Lamson,,Smugglers Notch Disc Golf Center - Fox Run,Fox Run Meadows White Tees,63,18,2,11:30:00,69,6,826,140,True,False,18,69,True,True,True
45898,2020,FA1,2,295361,123381,123381,813,Round 2,2020-06-14,Tracy Knippel,854,Smugglers Notch Disc Golf Center - Fox Run,Fox Run Meadows White Tees,63,18,1,11:30:00,74,11,777,142,True,False,18,74,True,True,True
45898,2020,FA1,2,295361,69552,69552,782,Round 2,2020-06-14,Christy Betit,807,Smugglers Notch Disc Golf Center - Fox Run,Fox Run Meadows White Tees,63,18,5,11:30:00,76,13,758,154,True,False,18,76,True,True,True
45898,2020,FA2,1,295356,125884,125884,503,Round 1,2020-06-14,Kaidence Moore,809,Smugglers Notch Disc Golf Center - Brewster Ridge,Brewster Ridge White Tees,61,18,4,11:30:00,74,13,717,169,True,False,18,74,True,True,True
45898,2020,FA2,1,295356,name:kayla neumeister,,,Round 1,2020-06-14,Kayla Neumeister,,Smugglers Notch Disc Golf Center - Brewster Ridge,Brewster Ridge White Tees,61,18,5,11:30:00,77,16,684,164,True,False,18,77,True,True,True
45898,2020,FA2,2,295361,name:kayla neumeister,,,Round 2,2020-06-14,Kayla Neumeister,,Smugglers Notch Disc Golf Center - Fox Run,Fox Run Meadows White Tees,63,18,4,11:30:00,87,24,650,164,True,False,18,87,True,True,True
45898,2020,FA2,2,295361,125884,125884,503,Round 2,2020-06-14,Kaidence Moore,809,Smugglers Notch Disc Golf Center - Fox Run,Fox Run Meadows White Tees,63,18,3,11:30:00,95,32,571,169,True,False,18,95,True,True,True
45898,2020,FPO,1,295346,96030,96030,915,Round 1,2020-06-14,Alex Benson,,Smugglers Notch Disc Golf Center - Brewster Ridge,Brewster Ridge Gold Course,61,18,1,15:00:00,75,14,871,144,True,False,18,75,True,True,True
45898,2020,FPO,2,295336,96030,96030,915,Round 2,2020-06-14,Alex Benson,,Smugglers Notch Disc Golf Center - Fox Run,Fox Run Meadows Blue Tees,63,18,1,12:00:00,69,6,951,144,True,False,18,69,True,True,True
45898,2020,MA1,1,303251,109352,109352,900,Round 1,2020-06-14,William Chapman-Renaud,,Smugglers Notch Disc Golf Center - Fox Run,Fox Run Meadows Blue Tees Rd1,63,18,1,14:30:00,62,-1,977,133,True,False,18,62,True,True,True
45898,2020,MA1,1,303251,102239,102239,877,Round 1,2020-06-14,Benjamin De Ondarza,,Smugglers Notch Disc Golf Center - Fox Run,Fox Run Meadows Blue Tees Rd1,63,18,2,15:30:00,64,1,960,133,True,False,18,64,True,True,True
45898,2020,MA1,1,303251,118928,118928,909,Round 1,2020-06-14,Tyler Pomichter,926,Smugglers Notch Disc Golf Center - Fox Run,Fox Run Meadows Blue Tees Rd1,63,18,3,14:30:00,65,2,952,136,True,False,18,65,True,True,True
45898,2020,MA1,1,303251,101589,101589,861,Round 1,2020-06-14,Joey de Ondarza,948,Smugglers Notch Disc Golf Center - Fox Run,Fox Run Meadows Blue Tees Rd1,63,18,1,14:15:00,66,3,944,138,True,False,18,66,True,True,True
45898,2020,MA1,1,303251,110707,110707,879,Round 1,2020-06-14,Jason Wilson,927,Smugglers Notch Disc Golf Center - Fox Run,Fox Run Meadows Blue Tees Rd1,63,18,2,14:30:00,66,3,944,133,True,False,18,66,True,True,True
45898,2020,MA1,1,303251,name:xavier ferris,,,Round 1,2020-06-14,Xavier Ferris,,Smugglers Notch Disc Golf Center - Fox Run,Fox Run Meadows Blue Tees Rd1,63,18,4,15:15:00,66,3,944,135,True,False,18,66,True,True,True
45898,2020,MA1,1,303251,121362,121362,892,Round 1,2020-06-14,Jonathan Russo,951,Smugglers Notch Disc Golf Center - Fox Run,Fox Run Meadows Blue Tees Rd1,63,18,2,14:45:00,67,4,936,140,True,False,18,67,True,True,True
45898,2020,MA1,1,303251,98280,98280,931,Round 1,2020-06-14,Nicholas Reilly,932,Smugglers Notch Disc Golf Center - Fox Run,Fox Run Meadows Blue Tees Rd1,63,18,2,15:00:00,68,5,928,135,True,False,18,68,True,True,True
45898,2020,MA1,1,303251,100885,100885,908,Round 1,2020-06-14,Jacob Moore,945,Smugglers Notch Disc Golf Center - Fox Run,Fox Run Meadows Blue Tees Rd1,63,18,2,15:15:00,68,5,928,135,True,False,18,68,True,True,True
45898,2020,MA1,1,303251,103738,103738,898,Round 1,2020-06-14,Maxx Perry,,Smugglers Notch Disc Golf Center - Fox Run,Fox Run Meadows Blue Tees Rd1,63,18,2,16:00:00,68,5,928,133,True,False,18,68,True,True,True
45898,2020,MA1,1,303251,109086,109086,895,Round 1,2020-06-14,Aaron Schlossberg,947,Smugglers Notch Disc Golf Center - Fox Run,Fox Run Meadows Blue Tees Rd1,63,18,3,15:15:00,69,6,920,145,True,False,18,69,True,True,True
45898,2020,MA1,1,303251,27512,27512,918,Round 1,2020-06-14,Jason Parker,924,Smugglers Notch Disc Golf Center - Fox Run,Fox Run Meadows Blue Tees Rd1,63,18,0,11:00:00,70,7,912,139,True,False,18,70,True,True,True
45898,2020,MA1,1,303251,121418,121418,925,Round 1,2020-06-14,Brian Charash,,Smugglers Notch Disc Golf Center - Fox Run,Fox Run Meadows Blue Tees Rd1,63,18,3,16:00:00,71,8,904,146,True,False,18,71,True,True,True
45898,2020,MA1,1,303251,name:nolan benoit,,,Round 1,2020-06-14,Nolan Benoit,,Smugglers Notch Disc Golf Center - Fox Run,Fox Run Meadows Blue Tees Rd1,63,18,4,14:00:00,71,8,904,142,True,False,18,71,True,True,True
45898,2020,MA1,1,303251,98415,98415,914,Round 1,2020-06-14,Kevin Kelley,,Smugglers Notch Disc Golf Center - Fox Run,Fox Run Meadows Blue Tees Rd1,63,18,1,15:15:00,74,11,880,140,True,False,18,74,True,True,True
45898,2020,MA1,1,303251,name:evan hollar,,,Round 1,2020-06-14,Evan Hollar,,Smugglers Notch Disc Golf Center - Fox Run,Fox Run Meadows Blue Tees Rd1,63,18,4,14:15:00,74,11,880,143,True,False,18,74,True,True,True
45898,2020,MA1,1,303251,42420,42420,931,Round 1,2020-06-14,Patrick Harris,906,Smugglers Notch Disc Golf Center - Fox Run,Fox Run Meadows Blue Tees Rd1,63,18,1,15:00:00,75,12,872,140,True,False,18,75,True,True,True
45898,2020,MA1,1,303251,73588,73588,881,Round 1,2020-06-14,Will Cleland,910,Smugglers Notch Disc Golf Center - Fox Run,Fox Run Meadows Blue Tees Rd1,63,18,1,16:00:00,75,12,872,149,True,False,18,75,True,True,True
45898,2020,MA1,1,303251,96355,96355,896,Round 1,2020-06-14,Louis Annino,906,Smugglers Notch Disc Golf Center - Fox Run,Fox Run Meadows Blue Tees Rd1,63,18,0,11:00:00,75,12,872,149,True,False,18,75,True,True,True
45898,2020,MA1,1,303251,109604,109604,910,Round 1,2020-06-14,Jeremy Hulsey,914,Smugglers Notch Disc Golf Center - Fox Run,Fox Run Meadows Blue Tees Rd1,63,18,1,14:00:00,75,12,872,148,True,False,18,75,True,True,True
45898,2020,MA1,1,303251,132139,132139,,Round 1,2020-06-14,Logan Foss,,Smugglers Notch Disc Golf Center - Fox Run,Fox Run Meadows Blue Tees Rd1,63,18,3,15:00:00,75,12,872,146,True,False,18,75,True,True,True
45898,2020,MA1,1,303251,114964,114964,898,Round 1,2020-06-14,Matthew Boyle,,Smugglers Notch Disc Golf Center - Fox Run,Fox Run Meadows Blue Tees Rd1,63,18,2,14:00:00,76,13,864,147,True,False,18,76,True,True,True
45898,2020,MA1,1,303251,96154,96154,844,Round 1,2020-06-14,Travis Jacques,871,Smugglers Notch Disc Golf Center - Fox Run,Fox Run Meadows Blue Tees Rd1,63,18,1,14:45:00,77,14,856,159,True,False,18,77,True,True,True
45898,2020,MA1,1,303251,136937,136937,,Round 1,2020-06-14,Zach Bossier,,Smugglers Notch Disc Golf Center - Fox Run,Fox Run Meadows Blue Tees Rd1,63,18,4,15:00:00,77,14,856,152,True,False,18,77,True,True,True
45898,2020,MA1,1,303251,131201,131201,,Round 1,2020-06-14,Tyler LaPerle,973,Smugglers Notch Disc Golf Center - Fox Run,Fox Run Meadows Blue Tees Rd1,63,18,3,14:00:00,79,16,840,152,True,False,18,79,True,True,True
45898,2020,MA1,1,303251,138413,138413,,Round 1,2020-06-14,Joe Yalicki,,Smugglers Notch Disc Golf Center - Fox Run,Fox Run Meadows Blue Tees Rd1,63,18,4,16:00:00,79,16,840,151,True,False,18,79,True,True,True
45898,2020,MA1,1,303251,name:jordan kaufman,,,Round 1,2020-06-14,Jordan Kaufman,,Smugglers Notch Disc Golf Center - Fox Run,Fox Run Meadows Blue Tees Rd1,63,18,4,14:45:00,82,19,815,163,True,False,18,82,True,True,True
45898,2020,MA1,1,303251,106294,106294,896,Round 1,2020-06-14,Scott McCamp,,Smugglers Notch Disc Golf Center - Fox Run,Fox Run Meadows Blue Tees Rd1,63,18,3,15:30:00,83,20,807,148,True,False,18,83,True,True,True
45898,2020,MA1,1,303251,120826,120826,876,Round 1,2020-06-14,Adam Haight,,Smugglers Notch Disc Golf Center - Fox Run,Fox Run Meadows Blue Tees Rd1,63,18,2,14:15:00,83,20,807,156,True,False,18,83,True,True,True
45898,2020,MA1,1,303251,128670,128670,,Round 1,2020-06-14,Steven Colbert,,Smugglers Notch Disc Golf Center - Fox Run,Fox Run Meadows Blue Tees Rd1,63,18,3,14:45:00,83,20,807,164,True,False,18,83,True,True,True
45898,2020,MA1,1,303251,136942,136942,,Round 1,2020-06-14,Christopher Larock,,Smugglers Notch Disc Golf Center - Fox Run,Fox Run Meadows Blue Tees Rd1,63,18,4,14:30:00,85,22,791,169,True,False,18,85,True,True,True
45898,2020,MA1,1,303251,98213,98213,825,Round 1,2020-06-14,Sean Ahlquist Jr,,Smugglers Notch Disc Golf Center - Fox Run,Fox Run Meadows Blue Tees Rd1,63,18,1,15:30:00,86,23,783,165,True,False,18,86,True,True,True
45898,2020,MA1,1,303251,136921,136921,,Round 1,2020-06-14,Blake Fletcher,,Smugglers Notch Disc Golf Center - Fox Run,Fox Run Meadows Blue Tees Rd1,63,18,4,15:30:00,87,24,775,167,True,False,18,87,True,True,True
45898,2020,MA1,1,303251,125328,125328,,Round 1,2020-06-14,Dana Carpenter,,Smugglers Notch Disc Golf Center - Fox Run,Fox Run Meadows Blue Tees Rd1,63,18,0,11:00:00,91,28,743,164,True,False,18,91,True,True,True
45898,2020,MA1,1,303251,137408,137408,,Round 1,2020-06-14,Aaron Gingras,,Smugglers Notch Disc Golf Center - Fox Run,Fox Run Meadows Blue Tees Rd1,63,18,3,14:15:00,92,29,735,181,True,False,18,92,True,True,True
45898,2020,MA1,2,295346,103738,103738,898,Round 2,2020-06-14,Maxx Perry,,Smugglers Notch Disc Golf Center - Brewster Ridge,Brewster Ridge Gold Course,61,18,2,14:45:00,65,4,952,133,True,False,18,65,True,True,True
45898,2020,MA1,2,295346,110707,110707,879,Round 2,2020-06-14,Jason Wilson,927,Smugglers Notch Disc Golf Center - Brewster Ridge,Brewster Ridge Gold Course,61,18,1,15:00:00,67,6,935,133,True,False,18,67,True,True,True
45898,2020,MA1,2,295346,102239,102239,877,Round 2,2020-06-14,Benjamin De Ondarza,,Smugglers Notch Disc Golf Center - Brewster Ridge,Brewster Ridge Gold Course,61,18,2,15:15:00,69,8,919,133,True,False,18,69,True,True,True
45898,2020,MA1,2,295346,109352,109352,900,Round 2,2020-06-14,William Chapman-Renaud,,Smugglers Notch Disc Golf Center - Brewster Ridge,Brewster Ridge Gold Course,61,18,1,15:15:00,71,10,903,133,True,False,18,71,True,True,True
45898,2020,MA1,2,295346,98280,98280,931,Round 2,2020-06-14,Nicholas Reilly,932,Smugglers Notch Disc Golf Center - Brewster Ridge,Brewster Ridge Gold Course,61,18,4,15:00:00,67,6,935,135,True,False,18,67,True,True,True
45898,2020,MA1,2,295346,100885,100885,908,Round 2,2020-06-14,Jacob Moore,945,Smugglers Notch Disc Golf Center - Brewster Ridge,Brewster Ridge Gold Course,61,18,1,14:45:00,67,6,935,135,True,False,18,67,True,True,True
45898,2020,MA1,2,295346,name:xavier ferris,,,Round 2,2020-06-14,Xavier Ferris,,Smugglers Notch Disc Golf Center - Brewster Ridge,Brewster Ridge Gold Course,61,18,2,15:00:00,69,8,919,135,True,False,18,69,True,True,True
45898,2020,MA1,2,295346,118928,118928,909,Round 2,2020-06-14,Tyler Pomichter,926,Smugglers Notch Disc Golf Center - Brewster Ridge,Brewster Ridge Gold Course,61,18,3,15:15:00,71,10,903,136,True,False,18,71,True,True,True
45898,2020,MA1,2,295346,101589,101589,861,Round 2,2020-06-14,Joey de Ondarza,948,Smugglers Notch Disc Golf Center - Brewster Ridge,Brewster Ridge Gold Course,61,18,4,15:15:00,72,11,895,138,True,False,18,72,True,True,True
45898,2020,MA1,2,295346,27512,27512,918,Round 2,2020-06-14,Jason Parker,924,Smugglers Notch Disc Golf Center - Brewster Ridge,Brewster Ridge Gold Course,61,18,4,14:45:00,69,8,919,139,True,False,18,69,True,True,True
45898,2020,MA1,2,295346,42420,42420,931,Round 2,2020-06-14,Patrick Harris,906,Smugglers Notch Disc Golf Center - Brewster Ridge,Brewster Ridge Gold Course,61,18,1,14:15:00,65,4,952,140,True,False,18,65,True,True,True
45898,2020,MA1,2,295346,98415,98415,914,Round 2,2020-06-14,Kevin Kelley,,Smugglers Notch Disc Golf Center - Brewster Ridge,Brewster Ridge Gold Course,61,18,3,14:30:00,66,5,944,140,True,False,18,66,True,True,True
45898,2020,MA1,2,295346,121362,121362,892,Round 2,2020-06-14,Jonathan Russo,951,Smugglers Notch Disc Golf Center - Brewster Ridge,Brewster Ridge Gold Course,61,18,3,15:00:00,73,12,887,140,True,False,18,73,True,True,True
45898,2020,MA1,2,295346,name:nolan benoit,,,Round 2,2020-06-14,Nolan Benoit,,Smugglers Notch Disc Golf Center - Brewster Ridge,Brewster Ridge Gold Course,61,18,2,14:30:00,71,10,903,142,True,False,18,71,True,True,True
45898,2020,MA1,2,295346,name:evan hollar,,,Round 2,2020-06-14,Evan Hollar,,Smugglers Notch Disc Golf Center - Brewster Ridge,Brewster Ridge Gold Course,61,18,4,14:30:00,69,8,919,143,True,False,18,69,True,True,True
45898,2020,MA1,2,295346,109086,109086,895,Round 2,2020-06-14,Aaron Schlossberg,947,Smugglers Notch Disc Golf Center - Brewster Ridge,Brewster Ridge Gold Course,61,18,3,14:45:00,76,15,863,145,True,False,18,76,True,True,True
45898,2020,MA1,2,295346,132139,132139,,Round 2,2020-06-14,Logan Foss,,Smugglers Notch Disc Golf Center - Brewster Ridge,Brewster Ridge Gold Course,61,18,1,14:00:00,71,10,903,146,True,False,18,71,True,True,True
45898,2020,MA1,2,295346,121418,121418,925,Round 2,2020-06-14,Brian Charash,,Smugglers Notch Disc Golf Center - Brewster Ridge,Brewster Ridge Gold Course,61,18,1,14:30:00,75,14,871,146,True,False,18,75,True,True,True
45898,2020,MA1,2,295346,114964,114964,898,Round 2,2020-06-14,Matthew Boyle,,Smugglers Notch Disc Golf Center - Brewster Ridge,Brewster Ridge Gold Course,61,18,2,14:00:00,71,10,903,147,True,False,18,71,True,True,True
45898,2020,MA1,2,295346,106294,106294,896,Round 2,2020-06-14,Scott McCamp,,Smugglers Notch Disc Golf Center - Brewster Ridge,Brewster Ridge Gold Course,61,18,4,13:45:00,65,4,952,148,True,False,18,65,True,True,True
45898,2020,MA1,2,295346,109604,109604,910,Round 2,2020-06-14,Jeremy Hulsey,914,Smugglers Notch Disc Golf Center - Brewster Ridge,Brewster Ridge Gold Course,61,18,3,14:15:00,73,12,887,148,True,False,18,73,True,True,True
45898,2020,MA1,2,295346,73588,73588,881,Round 2,2020-06-14,Will Cleland,910,Smugglers Notch Disc Golf Center - Brewster Ridge,Brewster Ridge Gold Course,61,18,1,11:00:00,74,13,879,149,True,False,18,74,True,True,True
45898,2020,MA1,2,295346,96355,96355,896,Round 2,2020-06-14,Louis Annino,906,Smugglers Notch Disc Golf Center - Brewster Ridge,Brewster Ridge Gold Course,61,18,2,14:15:00,74,13,879,149,True,False,18,74,True,True,True
45898,2020,MA1,2,295346,138413,138413,,Round 2,2020-06-14,Joe Yalicki,,Smugglers Notch Disc Golf Center - Brewster Ridge,Brewster Ridge Gold Course,61,18,2,13:45:00,72,11,895,151,True,False,18,72,True,True,True
45898,2020,MA1,2,295346,131201,131201,,Round 2,2020-06-14,Tyler LaPerle,973,Smugglers Notch Disc Golf Center - Brewster Ridge,Brewster Ridge Gold Course,61,18,1,13:45:00,73,12,887,152,True,False,18,73,True,True,True
45898,2020,MA1,2,295346,136937,136937,,Round 2,2020-06-14,Zach Bossier,,Smugglers Notch Disc Golf Center - Brewster Ridge,Brewster Ridge Gold Course,61,18,4,14:00:00,75,14,871,152,True,False,18,75,True,True,True
45898,2020,MA1,2,295346,120826,120826,876,Round 2,2020-06-14,Adam Haight,,Smugglers Notch Disc Golf Center - Brewster Ridge,Brewster Ridge Gold Course,61,18,1,13:30:00,73,12,887,156,True,False,18,73,True,True,True
45898,2020,MA1,2,295346,96154,96154,844,Round 2,2020-06-14,Travis Jacques,871,Smugglers Notch Disc Golf Center - Brewster Ridge,Brewster Ridge Gold Course,61,18,3,14:00:00,82,21,814,159,True,False,18,82,True,True,True
45898,2020,MA1,2,295346,name:jordan kaufman,,,Round 2,2020-06-14,Jordan Kaufman,,Smugglers Notch Disc Golf Center - Brewster Ridge,Brewster Ridge Gold Course,61,18,3,13:45:00,81,20,822,163,True,False,18,81,True,True,True
45898,2020,MA1,2,295346,125328,125328,,Round 2,2020-06-14,Dana Carpenter,,Smugglers Notch Disc Golf Center - Brewster Ridge,Brewster Ridge Gold Course,61,18,3,11:00:00,73,12,887,164,True,False,18,73,True,True,True
45898,2020,MA1,2,295346,128670,128670,,Round 2,2020-06-14,Steven Colbert,,Smugglers Notch Disc Golf Center - Brewster Ridge,Brewster Ridge Gold Course,61,18,2,13:30:00,81,20,822,164,True,False,18,81,True,True,True
45898,2020,MA1,2,295346,98213,98213,825,Round 2,2020-06-14,Sean Ahlquist Jr,,Smugglers Notch Disc Golf Center - Brewster Ridge,Brewster Ridge Gold Course,61,18,4,13:30:00,79,18,839,165,True,False,18,79,True,True,True
45898,2020,MA1,2,295346,136921,136921,,Round 2,2020-06-14,Blake Fletcher,,Smugglers Notch Disc Golf Center - Brewster Ridge,Brewster Ridge Gold Course,61,18,2,11:00:00,80,19,830,167,True,False,18,80,True,True,True
45898,2020,MA1,2,295346,136942,136942,,Round 2,2020-06-14,Christopher Larock,,Smugglers Notch Disc Golf Center - Brewster Ridge,Brewster Ridge Gold Course,61,18,3,13:30:00,84,23,798,169,True,False,18,84,True,True,True
45898,2020,MA1,2,295346,137408,137408,,Round 2,2020-06-14,Aaron Gingras,,Smugglers Notch Disc Golf Center - Brewster Ridge,Brewster Ridge Gold Course,61,18,4,11:00:00,89,28,758,181,True,False,18,89,True,True,True
45898,2020,MA2,1,295361,name:angus barstow,,,Round 1,2020-06-14,Angus Barstow,,Smugglers Notch Disc Golf Center - Fox Run,Fox Run Meadows White Tees,63,18,3,13:20:00,59,-4,924,117,True,False,18,59,True,True,True
45898,2020,MA2,1,295361,106970,106970,829,Round 1,2020-06-14,Stefan Farrell,852,Smugglers Notch Disc Golf Center - Fox Run,Fox Run Meadows White Tees,63,18,1,12:00:00,62,-1,895,133,True,False,18,62,True,True,True
45898,2020,MA2,1,295361,109009,109009,864,Round 1,2020-06-14,José de Ondarza,870,Smugglers Notch Disc Golf Center - Fox Run,Fox Run Meadows White Tees,63,18,4,12:40:00,64,1,875,127,True,False,18,64,True,True,True
45898,2020,MA2,1,295361,140039,140039,,Round 1,2020-06-14,Ian Rooney,907,Smugglers Notch Disc Golf Center - Fox Run,Fox Run Meadows White Tees,63,18,0,11:20:00,64,1,875,133,True,False,18,64,True,True,True
45898,2020,MA2,1,295361,93062,93062,857,Round 1,2020-06-14,Tom Slimm,,Smugglers Notch Disc Golf Center - Fox Run,Fox Run Meadows White Tees,63,18,0,11:20:00,65,2,865,134,True,False,18,65,True,True,True
45898,2020,MA2,1,295361,109527,109527,862,Round 1,2020-06-14,Mike Wenzel,901,Smugglers Notch Disc Golf Center - Fox Run,Fox Run Meadows White Tees,63,18,3,13:40:00,65,2,865,129,True,False,18,65,True,True,True
45898,2020,MA2,1,295361,137984,137984,,Round 1,2020-06-14,Tristan Bryce,,Smugglers Notch Disc Golf Center - Fox Run,Fox Run Meadows White Tees,63,18,4,13:00:00,65,2,865,134,True,False,18,65,True,True,True
45898,2020,MA2,1,295361,138321,138321,,Round 1,2020-06-14,Nathan Doudera,,Smugglers Notch Disc Golf Center - Fox Run,Fox Run Meadows White Tees,63,18,2,13:00:00,65,2,865,128,True,False,18,65,True,True,True
45898,2020,MA2,1,295361,50816,50816,841,Round 1,2020-06-14,Tristan Whitehouse,,Smugglers Notch Disc Golf Center - Fox Run,Fox Run Meadows White Tees,63,18,1,15:45:00,66,3,856,133,True,False,18,66,True,True,True
45898,2020,MA2,1,295361,138544,138544,,Round 1,2020-06-14,Chaz Sheperd,924,Smugglers Notch Disc Golf Center - Fox Run,Fox Run Meadows White Tees,63,18,1,12:40:00,66,3,856,136,True,False,18,66,True,True,True
45898,2020,MA2,1,295361,name:nick koski,,,Round 1,2020-06-14,Nick Koski,,Smugglers Notch Disc Golf Center - Fox Run,Fox Run Meadows White Tees,63,18,2,15:45:00,66,3,856,136,True,False,18,66,True,True,True
45898,2020,MA2,1,295361,133764,133764,,Round 1,2020-06-14,Nicholas Hover,,Smugglers Notch Disc Golf Center - Fox Run,Fox Run Meadows White Tees,63,18,0,11:20:00,67,4,846,134,True,False,18,67,True,True,True
45898,2020,MA2,1,295361,name:trevor bryce,,,Round 1,2020-06-14,Trevor Bryce,,Smugglers Notch Disc Golf Center - Fox Run,Fox Run Meadows White Tees,63,18,1,13:00:00,67,4,846,134,True,False,18,67,True,True,True
45898,2020,MA2,1,295361,111957,111957,870,Round 1,2020-06-14,Andy Eklund,,Smugglers Notch Disc Golf Center - Fox Run,Fox Run Meadows White Tees,63,18,3,12:40:00,68,5,836,135,True,False,18,68,True,True,True
45898,2020,MA2,1,295361,name:rusty freeman,,,Round 1,2020-06-14,Rusty Freeman,,Smugglers Notch Disc Golf Center - Fox Run,Fox Run Meadows White Tees,63,18,3,13:00:00,68,5,836,137,True,False,18,68,True,True,True
45898,2020,MA2,1,295361,88247,88247,879,Round 1,2020-06-14,Tyler Bowden,884,Smugglers Notch Disc Golf Center - Fox Run,Fox Run Meadows White Tees,63,18,1,13:20:00,69,6,826,139,True,False,18,69,True,True,True
45898,2020,MA2,1,295361,138228,138228,,Round 1,2020-06-14,Dan Barmore,,Smugglers Notch Disc Golf Center - Fox Run,Fox Run Meadows White Tees,63,18,1,12:20:00,69,6,826,141,True,False,18,69,True,True,True
45898,2020,MA2,1,295361,name:tyler blair,,,Round 1,2020-06-14,Tyler Blair,,Smugglers Notch Disc Golf Center - Fox Run,Fox Run Meadows White Tees,63,18,3,12:20:00,69,6,826,140,True,False,18,69,True,True,True
45898,2020,MA2,1,295361,78732,78732,871,Round 1,2020-06-14,Christopher Yeager,910,Smugglers Notch Disc Golf Center - Fox Run,Fox Run Meadows White Tees,63,18,1,13:40:00,70,7,816,138,True,False,18,70,True,True,True
45898,2020,MA2,1,295361,142609,142609,,Round 1,2020-06-14,Shane Leadbetter,910,Smugglers Notch Disc Golf Center - Fox Run,Fox Run Meadows White Tees,63,18,3,11:40:00,70,7,816,140,True,False,18,70,True,True,True
45898,2020,MA2,1,295361,120536,120536,898,Round 1,2020-06-14,Andrew Palumbo,,Smugglers Notch Disc Golf Center - Fox Run,Fox Run Meadows White Tees,63,18,2,11:40:00,72,9,797,145,True,False,18,72,True,True,True
45898,2020,MA2,1,295361,128700,128700,,Round 1,2020-06-14,Peter McCarthy,,Smugglers Notch Disc Golf Center - Fox Run,Fox Run Meadows White Tees,63,18,0,11:20:00,72,9,797,143,True,False,18,72,True,True,True
45898,2020,MA2,1,295361,131352,131352,,Round 1,2020-06-14,David Havens,816,Smugglers Notch Disc Golf Center - Fox Run,Fox Run Meadows White Tees,63,18,1,11:40:00,72,9,797,146,True,False,18,72,True,True,True
45898,2020,MA2,1,295361,name:kevin delony,,,Round 1,2020-06-14,Kevin Delony,,Smugglers Notch Disc Golf Center - Fox Run,Fox Run Meadows White Tees,63,18,3,12:00:00,72,9,797,142,True,False,18,72,True,True,True
45898,2020,MA2,1,295361,109067,109067,761,Round 1,2020-06-14,Robert Welsh,,Smugglers Notch Disc Golf Center - Fox Run,Fox Run Meadows White Tees,63,18,2,12:20:00,73,10,787,150,True,False,18,73,True,True,True
45898,2020,MA2,1,295361,name:seth tilford,,,Round 1,2020-06-14,Seth Tilford,,Smugglers Notch Disc Golf Center - Fox Run,Fox Run Meadows White Tees,63,18,4,13:20:00,73,10,787,146,True,False,18,73,True,True,True
45898,2020,MA2,1,295361,138183,138183,,Round 1,2020-06-14,Chauncey Germain,926,Smugglers Notch Disc Golf Center - Fox Run,Fox Run Meadows White Tees,63,18,2,12:00:00,75,12,767,146,True,False,18,75,True,True,True
45898,2020,MA2,1,295361,133543,133543,,Round 1,2020-06-14,Damon Menard,,Smugglers Notch Disc Golf Center - Fox Run,Fox Run Meadows White Tees,63,18,2,13:20:00,76,13,758,158,True,False,18,76,True,True,True
45898,2020,MA2,1,295361,137937,137937,,Round 1,2020-06-14,Peter Auclair,,Smugglers Notch Disc Golf Center - Fox Run,Fox Run Meadows White Tees,63,18,3,15:45:00,78,15,738,155,True,False,18,78,True,True,True
45898,2020,MA2,1,295361,name:landon desroches,,,Round 1,2020-06-14,Landon Desroches,,Smugglers Notch Disc Golf Center - Fox Run,Fox Run Meadows White Tees,63,18,2,12:40:00,79,16,728,158,True,False,18,79,True,True,True
45898,2020,MA2,1,295361,137736,137736,,Round 1,2020-06-14,Logan Cooke,880,Smugglers Notch Disc Golf Center - Fox Run,Fox Run Meadows White Tees,63,18,2,13:40:00,81,18,709,159,True,False,18,81,True,True,True
45898,2020,MA2,1,295361,88570,88570,737,Round 1,2020-06-14,Michael Ray,,Smugglers Notch Disc Golf Center - Fox Run,Fox Run Meadows White Tees,63,18,4,11:40:00,89,26,630,171,True,False,18,89,True,True,True
45898,2020,MA2,1,295361,name:jacob veeder,,,Round 1,2020-06-14,Jacob Veeder,,Smugglers Notch Disc Golf Center - Fox Run,Fox Run Meadows White Tees,63,18,4,15:45:00,92,29,601,178,True,False,18,92,True,True,True
45898,2020,MA2,2,295341,name:angus barstow,,,Round 2,2020-06-14,Angus Barstow,,Smugglers Notch Disc Golf Center - Brewster Ridge,Brewster Ridge Blue Tees,61,18,1,13:15:00,58,-3,955,117,True,False,18,58,True,True,True
45898,2020,MA2,2,295341,109009,109009,864,Round 2,2020-06-14,José de Ondarza,870,Smugglers Notch Disc Golf Center - Brewster Ridge,Brewster Ridge Blue Tees,61,18,3,13:15:00,63,2,908,127,True,False,18,63,True,True,True
45898,2020,MA2,2,295341,138321,138321,,Round 2,2020-06-14,Nathan Doudera,,Smugglers Notch Disc Golf Center - Brewster Ridge,Brewster Ridge Blue Tees,61,18,3,13:00:00,63,2,908,128,True,False,18,63,True,True,True
45898,2020,MA2,2,295341,109527,109527,862,Round 2,2020-06-14,Mike Wenzel,901,Smugglers Notch Disc Golf Center - Brewster Ridge,Brewster Ridge Blue Tees,61,18,2,13:00:00,64,3,899,129,True,False,18,64,True,True,True
45898,2020,MA2,2,295341,50816,50816,841,Round 2,2020-06-14,Tristan Whitehouse,,Smugglers Notch Disc Golf Center - Brewster Ridge,Brewster Ridge Blue Tees,61,18,1,12:45:00,67,6,871,133,True,False,18,67,True,True,True
45898,2020,MA2,2,295341,140039,140039,,Round 2,2020-06-14,Ian Rooney,907,Smugglers Notch Disc Golf Center - Brewster Ridge,Brewster Ridge Blue Tees,61,18,4,13:15:00,69,8,852,133,True,False,18,69,True,True,True
45898,2020,MA2,2,295341,106970,106970,829,Round 2,2020-06-14,Stefan Farrell,852,Smugglers Notch Disc Golf Center - Brewster Ridge,Brewster Ridge Blue Tees,61,18,2,13:15:00,71,10,833,133,True,False,18,71,True,True,True
45898,2020,MA2,2,295341,133764,133764,,Round 2,2020-06-14,Nicholas Hover,,Smugglers Notch Disc Golf Center - Brewster Ridge,Brewster Ridge Blue Tees,61,18,4,12:45:00,67,6,871,134,True,False,18,67,True,True,True
45898,2020,MA2,2,295341,name:trevor bryce,,,Round 2,2020-06-14,Trevor Bryce,,Smugglers Notch Disc Golf Center - Brewster Ridge,Brewster Ridge Blue Tees,61,18,1,12:30:00,67,6,871,134,True,False,18,67,True,True,True
45898,2020,MA2,2,295341,93062,93062,857,Round 2,2020-06-14,Tom Slimm,,Smugglers Notch Disc Golf Center - Brewster Ridge,Brewster Ridge Blue Tees,61,18,1,13:00:00,69,8,852,134,True,False,18,69,True,True,True
45898,2020,MA2,2,295341,137984,137984,,Round 2,2020-06-14,Tristan Bryce,,Smugglers Notch Disc Golf Center - Brewster Ridge,Brewster Ridge Blue Tees,61,18,4,13:00:00,69,8,852,134,True,False,18,69,True,True,True
45898,2020,MA2,2,295341,111957,111957,870,Round 2,2020-06-14,Andy Eklund,,Smugglers Notch Disc Golf Center - Brewster Ridge,Brewster Ridge Blue Tees,61,18,2,12:30:00,67,6,871,135,True,False,18,67,True,True,True
45898,2020,MA2,2,295341,138544,138544,,Round 2,2020-06-14,Chaz Sheperd,924,Smugglers Notch Disc Golf Center - Brewster Ridge,Brewster Ridge Blue Tees,61,18,3,12:45:00,70,9,843,136,True,False,18,70,True,True,True
45898,2020,MA2,2,295341,name:nick koski,,,Round 2,2020-06-14,Nick Koski,,Smugglers Notch Disc Golf Center - Brewster Ridge,Brewster Ridge Blue Tees,61,18,2,12:45:00,70,9,843,136,True,False,18,70,True,True,True
45898,2020,MA2,2,295341,name:rusty freeman,,,Round 2,2020-06-14,Rusty Freeman,,Smugglers Notch Disc Golf Center - Brewster Ridge,Brewster Ridge Blue Tees,61,18,3,12:30:00,69,8,852,137,True,False,18,69,True,True,True
45898,2020,MA2,2,295341,78732,78732,871,Round 2,2020-06-14,Christopher Yeager,910,Smugglers Notch Disc Golf Center - Brewster Ridge,Brewster Ridge Blue Tees,61,18,3,12:15:00,68,7,861,138,True,False,18,68,True,True,True
45898,2020,MA2,2,295341,88247,88247,879,Round 2,2020-06-14,Tyler Bowden,884,Smugglers Notch Disc Golf Center - Brewster Ridge,Brewster Ridge Blue Tees,61,18,4,12:30:00,70,9,843,139,True,False,18,70,True,True,True
45898,2020,MA2,2,295341,142609,142609,,Round 2,2020-06-14,Shane Leadbetter,910,Smugglers Notch Disc Golf Center - Brewster Ridge,Brewster Ridge Blue Tees,61,18,4,12:15:00,70,9,843,140,True,False,18,70,True,True,True
45898,2020,MA2,2,295341,name:tyler blair,,,Round 2,2020-06-14,Tyler Blair,,Smugglers Notch Disc Golf Center - Brewster Ridge,Brewster Ridge Blue Tees,61,18,2,12:15:00,71,10,833,140,True,False,18,71,True,True,True
45898,2020,MA2,2,295341,138228,138228,,Round 2,2020-06-14,Dan Barmore,,Smugglers Notch Disc Golf Center - Brewster Ridge,Brewster Ridge Blue Tees,61,18,1,12:15:00,72,11,824,141,True,False,18,72,True,True,True
45898,2020,MA2,2,295341,name:kevin delony,,,Round 2,2020-06-14,Kevin Delony,,Smugglers Notch Disc Golf Center - Brewster Ridge,Brewster Ridge Blue Tees,61,18,4,12:00:00,70,9,843,142,True,False,18,70,True,True,True
45898,2020,MA2,2,295341,128700,128700,,Round 2,2020-06-14,Peter McCarthy,,Smugglers Notch Disc Golf Center - Brewster Ridge,Brewster Ridge Blue Tees,61,18,2,12:00:00,71,10,833,143,True,False,18,71,True,True,True
45898,2020,MA2,2,295341,120536,120536,898,Round 2,2020-06-14,Andrew Palumbo,,Smugglers Notch Disc Golf Center - Brewster Ridge,Brewster Ridge Blue Tees,61,18,1,12:00:00,73,12,814,145,True,False,18,73,True,True,True
45898,2020,MA2,2,295341,138183,138183,,Round 2,2020-06-14,Chauncey Germain,926,Smugglers Notch Disc Golf Center - Brewster Ridge,Brewster Ridge Blue Tees,61,18,3,11:45:00,71,10,833,146,True,False,18,71,True,True,True
45898,2020,MA2,2,295341,name:seth tilford,,,Round 2,2020-06-14,Seth Tilford,,Smugglers Notch Disc Golf Center - Brewster Ridge,Brewster Ridge Blue Tees,61,18,2,11:45:00,73,12,814,146,True,False,18,73,True,True,True
45898,2020,MA2,2,295341,131352,131352,,Round 2,2020-06-14,David Havens,816,Smugglers Notch Disc Golf Center - Brewster Ridge,Brewster Ridge Blue Tees,61,18,3,12:00:00,74,13,805,146,True,False,18,74,True,True,True
45898,2020,MA2,2,295341,109067,109067,761,Round 2,2020-06-14,Robert Welsh,,Smugglers Notch Disc Golf Center - Brewster Ridge,Brewster Ridge Blue Tees,61,18,1,11:45:00,77,16,777,150,True,False,18,77,True,True,True
45898,2020,MA2,2,295341,137937,137937,,Round 2,2020-06-14,Peter Auclair,,Smugglers Notch Disc Golf Center - Brewster Ridge,Brewster Ridge Blue Tees,61,18,2,11:30:00,77,16,777,155,True,False,18,77,True,True,True
45898,2020,MA2,2,295341,name:landon desroches,,,Round 2,2020-06-14,Landon Desroches,,Smugglers Notch Disc Golf Center - Brewster Ridge,Brewster Ridge Blue Tees,61,18,3,11:30:00,79,18,758,158,True,False,18,79,True,True,True
45898,2020,MA2,2,295341,133543,133543,,Round 2,2020-06-14,Damon Menard,,Smugglers Notch Disc Golf Center - Brewster Ridge,Brewster Ridge Blue Tees,61,18,1,11:30:00,82,21,730,158,True,False,18,82,True,True,True
45898,2020,MA2,2,295341,137736,137736,,Round 2,2020-06-14,Logan Cooke,880,Smugglers Notch Disc Golf Center - Brewster Ridge,Brewster Ridge Blue Tees,61,18,1,11:15:00,78,17,768,159,True,False,18,78,True,True,True
45898,2020,MA2,2,295341,88570,88570,737,Round 2,2020-06-14,Michael Ray,,Smugglers Notch Disc Golf Center - Brewster Ridge,Brewster Ridge Blue Tees,61,18,2,11:15:00,82,21,730,171,True,False,18,82,True,True,True
45898,2020,MA2,2,295341,name:jacob veeder,,,Round 2,2020-06-14,Jacob Veeder,,Smugglers Notch Disc Golf Center - Brewster Ridge,Brewster Ridge Blue Tees,61,18,3,11:15:00,86,25,693,178,True,False,18,86,True,True,True
45898,2020,MA40,1,295341,66454,66454,899,Round 1,2020-06-14,Brian Betit,899,Smugglers Notch Disc Golf Center - Brewster Ridge,Brewster Ridge Blue Tees,61,18,3,12:15:00,61,0,927,143,True,False,18,61,True,True,True
45898,2020,MA40,1,295341,73476,73476,926,Round 1,2020-06-14,Christopher Verkey,946,Smugglers Notch Disc Golf Center - Brewster Ridge,Brewster Ridge Blue Tees,61,18,2,12:00:00,61,0,927,140,True,False,18,61,True,True,True
45898,2020,MA40,1,295341,42057,42057,896,Round 1,2020-06-14,Seth McQuade,,Smugglers Notch Disc Golf Center - Brewster Ridge,Brewster Ridge Blue Tees,61,18,2,12:15:00,62,1,917,133,True,False,18,62,True,True,True
45898,2020,MA40,1,295341,name:rang duce,,,Round 1,2020-06-14,Rang Duce,,Smugglers Notch Disc Golf Center - Brewster Ridge,Brewster Ridge Blue Tees,61,18,3,12:00:00,64,3,899,135,True,False,18,64,True,True,True
45898,2020,MA40,1,295341,138402,138402,,Round 1,2020-06-14,Kenneth Antonich,,Smugglers Notch Disc Golf Center - Brewster Ridge,Brewster Ridge Blue Tees,61,18,2,12:45:00,65,4,889,143,True,False,18,65,True,True,True
45898,2020,MA40,1,295341,83212,83212,839,Round 1,2020-06-14,Cory Barron,885,Smugglers Notch Disc Golf Center - Brewster Ridge,Brewster Ridge Blue Tees,61,18,1,12:30:00,67,6,871,152,True,False,18,67,True,True,True
45898,2020,MA40,1,295341,101898,101898,888,Round 1,2020-06-14,Terry Lapier Jr,910,Smugglers Notch Disc Golf Center - Brewster Ridge,Brewster Ridge Blue Tees,61,18,1,12:45:00,67,6,871,137,True,False,18,67,True,True,True
45898,2020,MA40,1,295341,114521,114521,829,Round 1,2020-06-14,Daniel Renaud,,Smugglers Notch Disc Golf Center - Brewster Ridge,Brewster Ridge Blue Tees,61,18,2,12:30:00,67,6,871,150,True,False,18,67,True,True,True
45898,2020,MA40,1,295341,name:topher fischer,,,Round 1,2020-06-14,Topher Fischer,,Smugglers Notch Disc Golf Center - Brewster Ridge,Brewster Ridge Blue Tees,61,18,4,12:15:00,67,6,871,140,True,False,18,67,True,True,True
45898,2020,MA40,1,295341,36062,36062,886,Round 1,2020-06-14,Andrew Powell,852,Smugglers Notch Disc Golf Center - Brewster Ridge,Brewster Ridge Blue Tees,61,18,1,12:15:00,68,7,861,141,True,False,18,68,True,True,True
45898,2020,MA40,1,295341,26235,26235,857,Round 1,2020-06-14,Adam Silva,843,Smugglers Notch Disc Golf Center - Brewster Ridge,Brewster Ridge Blue Tees,61,18,1,12:00:00,74,13,805,156,True,False,18,74,True,True,True
45898,2020,MA40,1,295341,name:james lightholder,,,Round 1,2020-06-14,James Lightholder,,Smugglers Notch Disc Golf Center - Brewster Ridge,Brewster Ridge Blue Tees,61,18,3,12:30:00,75,14,796,155,True,False,18,75,True,True,True
45898,2020,MA40,1,295341,name:tim tadlock,,,Round 1,2020-06-14,Tim Tadlock,,Smugglers Notch Disc Golf Center - Brewster Ridge,Brewster Ridge Blue Tees,61,18,4,12:00:00,76,15,786,163,True,False,18,76,True,True,True
45898,2020,MA40,2,295336,42057,42057,896,Round 2,2020-06-14,Seth McQuade,,Smugglers Notch Disc Golf Center - Fox Run,Fox Run Meadows Blue Tees,63,18,3,13:00:00,71,8,936,133,True,False,18,71,True,True,True
45898,2020,MA40,2,295336,name:rang duce,,,Round 2,2020-06-14,Rang Duce,,Smugglers Notch Disc Golf Center - Fox Run,Fox Run Meadows Blue Tees,63,18,4,13:00:00,71,8,936,135,True,False,18,71,True,True,True
45898,2020,MA40,2,295336,101898,101898,888,Round 2,2020-06-14,Terry Lapier Jr,910,Smugglers Notch Disc Golf Center - Fox Run,Fox Run Meadows Blue Tees,63,18,3,12:40:00,70,7,943,137,True,False,18,70,True,True,True
45898,2020,MA40,2,295336,name:topher fischer,,,Round 2,2020-06-14,Topher Fischer,,Smugglers Notch Disc Golf Center - Fox Run,Fox Run Meadows Blue Tees,63,18,1,12:20:00,73,10,921,140,True,False,18,73,True,True,True
45898,2020,MA40,2,295336,73476,73476,926,Round 2,2020-06-14,Christopher Verkey,946,Smugglers Notch Disc Golf Center - Fox Run,Fox Run Meadows Blue Tees,63,18,2,13:00:00,79,16,877,140,True,False,18,79,True,True,True
45898,2020,MA40,2,295336,36062,36062,886,Round 2,2020-06-14,Andrew Powell,852,Smugglers Notch Disc Golf Center - Fox Run,Fox Run Meadows Blue Tees,63,18,2,12:20:00,73,10,921,141,True,False,18,73,True,True,True
45898,2020,MA40,2,295336,138402,138402,,Round 2,2020-06-14,Kenneth Antonich,,Smugglers Notch Disc Golf Center - Fox Run,Fox Run Meadows Blue Tees,63,18,1,12:40:00,78,15,885,143,True,False,18,78,True,True,True
45898,2020,MA40,2,295336,66454,66454,899,Round 2,2020-06-14,Brian Betit,899,Smugglers Notch Disc Golf Center - Fox Run,Fox Run Meadows Blue Tees,63,18,1,13:00:00,82,19,855,143,True,False,18,82,True,True,True
45898,2020,MA40,2,295336,114521,114521,829,Round 2,2020-06-14,Daniel Renaud,,Smugglers Notch Disc Golf Center - Fox Run,Fox Run Meadows Blue Tees,63,18,4,12:40:00,83,20,848,150,True,False,18,83,True,True,True
45898,2020,MA40,2,295336,83212,83212,839,Round 2,2020-06-14,Cory Barron,885,Smugglers Notch Disc Golf Center - Fox Run,Fox Run Meadows Blue Tees,63,18,2,12:40:00,85,22,833,152,True,False,18,85,True,True,True
45898,2020,MA40,2,295336,name:james lightholder,,,Round 2,2020-06-14,James Lightholder,,Smugglers Notch Disc Golf Center - Fox Run,Fox Run Meadows Blue Tees,63,18,2,12:00:00,80,17,870,155,True,False,18,80,True,True,True
45898,2020,MA40,2,295336,26235,26235,857,Round 2,2020-06-14,Adam Silva,843,Smugglers Notch Disc Golf Center - Fox Run,Fox Run Meadows Blue Tees,63,18,3,12:20:00,82,19,855,156,True,False,18,82,True,True,True
45898,2020,MA40,2,295336,name:tim tadlock,,,Round 2,2020-06-14,Tim Tadlock,,Smugglers Notch Disc Golf Center - Fox Run,Fox Run Meadows Blue Tees,63,18,3,12:00:00,87,24,819,163,True,False,18,87,True,True,True
45898,2020,MJ12,1,295356,111643,111643,800,Round 1,2020-06-14,Finn Etter,1013,Smugglers Notch Disc Golf Center - Brewster Ridge,Brewster Ridge White Tees,61,18,2,11:00:00,61,0,860,120,True,False,18,61,True,True,True
45898,2020,MJ12,1,295356,98747,98747,877,Round 1,2020-06-14,Uriyah Kelley,982,Smugglers Notch Disc Golf Center - Brewster Ridge,Brewster Ridge White Tees,61,18,3,11:00:00,62,1,849,122,True,False,18,62,True,True,True
45898,2020,MJ12,1,295356,124203,124203,662,Round 1,2020-06-14,Ezra Koch,954,Smugglers Notch Disc Golf Center - Brewster Ridge,Brewster Ridge White Tees,61,18,1,11:00:00,64,3,827,136,True,False,18,64,True,True,True
45898,2020,MJ12,1,295356,109259,109259,369,Round 1,2020-06-14,Frankie Martell,751,Smugglers Notch Disc Golf Center - Brewster Ridge,Brewster Ridge White Tees,61,18,4,11:00:00,83,22,618,181,True,False,18,83,True,True,True
45898,2020,MJ12,2,295361,111643,111643,800,Round 2,2020-06-14,Finn Etter,1013,Smugglers Notch Disc Golf Center - Fox Run,Fox Run Meadows White Tees,63,18,1,11:00:00,59,-4,924,120,True,False,18,59,True,True,True
45898,2020,MJ12,2,295361,98747,98747,877,Round 2,2020-06-14,Uriyah Kelley,982,Smugglers Notch Disc Golf Center - Fox Run,Fox Run Meadows White Tees,63,18,2,11:00:00,60,-3,914,122,True,False,18,60,True,True,True
45898,2020,MJ12,2,295361,124203,124203,662,Round 2,2020-06-14,Ezra Koch,954,Smugglers Notch Disc Golf Center - Fox Run,Fox Run Meadows White Tees,63,18,3,11:00:00,72,9,797,136,True,False,18,72,True,True,True
45898,2020,MJ12,2,295361,109259,109259,369,Round 2,2020-06-14,Frankie Martell,751,Smugglers Notch Disc Golf Center - Fox Run,Fox Run Meadows White Tees,63,18,4,11:00:00,98,35,542,181,True,False,18,98,True,True,True
45898,2020,MP40,1,295346,119003,119003,917,Round 1,2020-06-14,Joshua Wedel,942,Smugglers Notch Disc Golf Center - Brewster Ridge,Brewster Ridge Gold Course,61,18,4,15:00:00,67,6,935,147,True,False,18,67,True,True,True
45898,2020,MP40,1,295346,27112,27112,934,Round 1,2020-06-14,David Frothingham,,Smugglers Notch Disc Golf Center - Brewster Ridge,Brewster Ridge Gold Course,61,18,2,15:00:00,68,7,927,144,True,False,18,68,True,True,True
45898,2020,MP40,1,295346,96621,96621,954,Round 1,2020-06-14,Jeremy McKittrick,932,Smugglers Notch Disc Golf Center - Brewster Ridge,Brewster Ridge Gold Course,61,18,3,15:00:00,69,8,919,147,True,False,18,69,True,True,True
45898,2020,MP40,1,295346,24381,24381,941,Round 1,2020-06-14,Chris Young,937,Smugglers Notch Disc Golf Center - Brewster Ridge,Brewster Ridge Gold Course,61,18,2,15:45:00,70,9,911,143,True,False,18,70,True,True,True
45898,2020,MP40,1,295346,15089,15089,949,Round 1,2020-06-14,Jeremy JJ Becker,887,Smugglers Notch Disc Golf Center - Brewster Ridge,Brewster Ridge Gold Course,61,18,1,15:45:00,73,12,887,147,True,False,18,73,True,True,True
45898,2020,MP40,2,295351,24381,24381,941,Round 2,2020-06-14,Chris Young,937,Smugglers Notch Disc Golf Center - Fox Run,Fox Run Meadows Gold Course,63,18,4,15:55:00,73,10,943,143,True,False,18,73,True,True,True
45898,2020,MP40,2,295351,27112,27112,934,Round 2,2020-06-14,David Frothingham,,Smugglers Notch Disc Golf Center - Fox Run,Fox Run Meadows Gold Course,63,18,2,15:55:00,76,13,923,144,True,False,18,76,True,True,True
45898,2020,MP40,2,295351,15089,15089,949,Round 2,2020-06-14,Jeremy JJ Becker,887,Smugglers Notch Disc Golf Center - Fox Run,Fox Run Meadows Gold Course,63,18,5,15:55:00,74,11,936,147,True,False,18,74,True,True,True
45898,2020,MP40,2,295351,96621,96621,954,Round 2,2020-06-14,Jeremy McKittrick,932,Smugglers Notch Disc Golf Center - Fox Run,Fox Run Meadows Gold Course,63,18,3,15:55:00,78,15,909,147,True,False,18,78,True,True,True
45898,2020,MP40,2,295351,119003,119003,917,Round 2,2020-06-14,Joshua Wedel,942,Smugglers Notch Disc Golf Center - Fox Run,Fox Run Meadows Gold Course,63,18,1,15:55:00,80,17,895,147,True,False,18,80,True,True,True
45898,2020,MP50,1,295341,84880,84880,909,Round 1,2020-06-14,Marcos Miller,,Smugglers Notch Disc Golf Center - Brewster Ridge,Brewster Ridge Blue Tees,61,18,4,12:45:00,59,-2,946,134,True,False,18,59,True,True,True
45898,2020,MP50,1,295341,91301,91301,880,Round 1,2020-06-14,Michael A. Stridsberg,898,Smugglers Notch Disc Golf Center - Brewster Ridge,Brewster Ridge Blue Tees,61,18,3,13:00:00,66,5,880,143,True,False,18,66,True,True,True
45898,2020,MP50,1,295341,62850,62850,876,Round 1,2020-06-14,George Brown,864,Smugglers Notch Disc Golf Center - Brewster Ridge,Brewster Ridge Blue Tees,61,18,1,13:00:00,67,6,871,141,True,False,18,67,True,True,True
45898,2020,MP50,1,295341,74288,74288,899,Round 1,2020-06-14,Gregg Guillily,889,Smugglers Notch Disc Golf Center - Brewster Ridge,Brewster Ridge Blue Tees,61,18,3,12:45:00,68,7,861,141,True,False,18,68,True,True,True
45898,2020,MP50,1,295341,74478,74478,862,Round 1,2020-06-14,John Sudarsky,845,Smugglers Notch Disc Golf Center - Brewster Ridge,Brewster Ridge Blue Tees,61,18,2,13:00:00,71,10,833,155,True,False,18,71,True,True,True
45898,2020,MP50,2,295336,84880,84880,909,Round 2,2020-06-14,Marcos Miller,,Smugglers Notch Disc Golf Center - Fox Run,Fox Run Meadows Blue Tees,63,18,1,13:20:00,75,12,907,134,True,False,18,75,True,True,True
45898,2020,MP50,2,295336,74288,74288,899,Round 2,2020-06-14,Gregg Guillily,889,Smugglers Notch Disc Golf Center - Fox Run,Fox Run Meadows Blue Tees,63,18,4,13:20:00,73,10,921,141,True,False,18,73,True,True,True
45898,2020,MP50,2,295336,62850,62850,876,Round 2,2020-06-14,George Brown,864,Smugglers Notch Disc Golf Center - Fox Run,Fox Run Meadows Blue Tees,63,18,3,13:20:00,74,11,914,141,True,False,18,74,True,True,True
45898,2020,MP50,2,295336,91301,91301,880,Round 2,2020-06-14,Michael A. Stridsberg,898,Smugglers Notch Disc Golf Center - Fox Run,Fox Run Meadows Blue Tees,63,18,2,13:20:00,77,14,892,143,True,False,18,77,True,True,True
45898,2020,MP50,2,295336,74478,74478,862,Round 2,2020-06-14,John Sudarsky,845,Smugglers Notch Disc Golf Center - Fox Run,Fox Run Meadows Blue Tees,63,18,5,13:20:00,84,21,841,155,True,False,18,84,True,True,True
45898,2020,MPO,1,295346,94579,94579,981,Round 1,2020-06-14,Nathan Vintinner,963,Smugglers Notch Disc Golf Center - Brewster Ridge,Brewster Ridge Gold Course,61,18,3,13:30:00,57,-4,1016,121,True,False,18,57,True,True,True
45898,2020,MPO,1,295346,75861,75861,969,Round 1,2020-06-14,Charlie Veysey,978,Smugglers Notch Disc Golf Center - Brewster Ridge,Brewster Ridge Gold Course,61,18,4,15:45:00,58,-3,1008,124,True,False,18,58,True,True,True
45898,2020,MPO,1,295346,86089,86089,996,Round 1,2020-06-14,Josh DiBattista,1000,Smugglers Notch Disc Golf Center - Brewster Ridge,Brewster Ridge Gold Course,61,18,2,14:45:00,58,-3,1008,123,True,False,18,58,True,True,True
45898,2020,MPO,1,295346,103627,103627,963,Round 1,2020-06-14,Clayton Davis,,Smugglers Notch Disc Golf Center - Brewster Ridge,Brewster Ridge Gold Course,61,18,1,14:00:00,58,-3,1008,126,True,False,18,58,True,True,True
45898,2020,MPO,1,295346,83198,83198,939,Round 1,2020-06-14,Alan Gofberg,869,Smugglers Notch Disc Golf Center - Brewster Ridge,Brewster Ridge Gold Course,61,18,2,14:30:00,63,2,968,137,True,False,18,63,True,True,True
45898,2020,MPO,1,295346,60666,60666,984,Round 1,2020-06-14,Christian Olsen,967,Smugglers Notch Disc Golf Center - Brewster Ridge,Brewster Ridge Gold Course,61,18,2,15:30:00,64,3,960,134,True,False,18,64,True,True,True
45898,2020,MPO,1,295346,111874,111874,895,Round 1,2020-06-14,Jack Towne,,Smugglers Notch Disc Golf Center - Brewster Ridge,Brewster Ridge Gold Course,61,18,2,13:15:00,64,3,960,140,True,False,18,64,True,True,True
45898,2020,MPO,1,295346,60300,60300,996,Round 1,2020-06-14,Dylan Rees,989,Smugglers Notch Disc Golf Center - Brewster Ridge,Brewster Ridge Gold Course,61,18,3,15:45:00,65,4,952,130,True,False,18,65,True,True,True
45898,2020,MPO,1,295346,60852,60852,980,Round 1,2020-06-14,Michael Habets,,Smugglers Notch Disc Golf Center - Brewster Ridge,Brewster Ridge Gold Course,61,18,2,13:30:00,65,4,952,129,True,False,18,65,True,True,True
45898,2020,MPO,1,295346,102895,102895,917,Round 1,2020-06-14,Quinten Scott,,Smugglers Notch Disc Golf Center - Brewster Ridge,Brewster Ridge Gold Course,61,18,4,14:30:00,65,4,952,136,True,False,18,65,True,True,True
45898,2020,MPO,1,295346,74240,74240,945,Round 1,2020-06-14,Christopher Martin,962,Smugglers Notch Disc Golf Center - Brewster Ridge,Brewster Ridge Gold Course,61,18,1,14:15:00,67,6,935,137,True,False,18,67,True,True,True
45898,2020,MPO,1,295346,83156,83156,957,Round 1,2020-06-14,Edwin Bedell,,Smugglers Notch Disc Golf Center - Brewster Ridge,Brewster Ridge Gold Course,61,18,4,14:45:00,67,6,935,139,True,False,18,67,True,True,True
45898,2020,MPO,1,295346,93877,93877,957,Round 1,2020-06-14,Matthew Storgaard,,Smugglers Notch Disc Golf Center - Brewster Ridge,Brewster Ridge Gold Course,61,18,3,14:45:00,67,6,935,127,True,False,18,67,True,True,True
45898,2020,MPO,1,295346,116370,116370,906,Round 1,2020-06-14,Tyler Moriarty,,Smugglers Notch Disc Golf Center - Brewster Ridge,Brewster Ridge Gold Course,61,18,4,13:30:00,67,6,935,141,True,False,18,67,True,True,True
45898,2020,MPO,1,295346,77274,77274,969,Round 1,2020-06-14,tom shanley,984,Smugglers Notch Disc Golf Center - Brewster Ridge,Brewster Ridge Gold Course,61,18,3,15:30:00,68,7,927,136,True,False,18,68,True,True,True
45898,2020,MPO,1,295346,78132,78132,919,Round 1,2020-06-14,Jairus Larson,,Smugglers Notch Disc Golf Center - Brewster Ridge,Brewster Ridge Gold Course,61,18,1,14:45:00,68,7,927,147,True,False,18,68,True,True,True
45898,2020,MPO,1,295346,93414,93414,935,Round 1,2020-06-14,Joshua Lemieux,961,Smugglers Notch Disc Golf Center - Brewster Ridge,Brewster Ridge Gold Course,61,18,4,15:30:00,68,7,927,134,True,False,18,68,True,True,True
45898,2020,MPO,1,295346,136903,136903,,Round 1,2020-06-14,Alex Ferguson,957,Smugglers Notch Disc Golf Center - Brewster Ridge,Brewster Ridge Gold Course,61,18,3,13:45:00,68,7,927,140,True,False,18,68,True,True,True
45898,2020,MPO,1,295346,43994,43994,929,Round 1,2020-06-14,Jeffrey Spring,938,Smugglers Notch Disc Golf Center - Brewster Ridge,Brewster Ridge Gold Course,61,18,1,15:30:00,69,8,919,140,True,False,18,69,True,True,True
45898,2020,MPO,1,295346,100341,100341,887,Round 1,2020-06-14,Kevin Avery,,Smugglers Notch Disc Golf Center - Brewster Ridge,Brewster Ridge Gold Course,61,18,3,14:30:00,69,8,919,147,True,False,18,69,True,True,True
45898,2020,MPO,1,295346,107234,107234,880,Round 1,2020-06-14,Sebastian Marshall,,Smugglers Notch Disc Golf Center - Brewster Ridge,Brewster Ridge Gold Course,61,18,1,14:00:00,69,8,919,158,True,False,18,69,True,True,True
45898,2020,MPO,1,295346,109749,109749,882,Round 1,2020-06-14,Taylor Douglass,,Smugglers Notch Disc Golf Center - Brewster Ridge,Brewster Ridge Gold Course,61,18,1,13:15:00,69,8,919,153,True,False,18,69,True,True,True
45898,2020,MPO,1,295346,99260,99260,901,Round 1,2020-06-14,Matthew Martell,880,Smugglers Notch Disc Golf Center - Brewster Ridge,Brewster Ridge Gold Course,61,18,1,14:00:00,70,9,911,143,True,False,18,70,True,True,True
45898,2020,MPO,1,295346,101829,101829,916,Round 1,2020-06-14,Joshua Storgaard,,Smugglers Notch Disc Golf Center - Brewster Ridge,Brewster Ridge Gold Course,61,18,3,14:15:00,70,9,911,144,True,False,18,70,True,True,True
45898,2020,MPO,1,295346,114674,114674,913,Round 1,2020-06-14,Jordan Lamson,,Smugglers Notch Disc Golf Center - Brewster Ridge,Brewster Ridge Gold Course,61,18,2,13:45:00,70,9,911,148,True,False,18,70,True,True,True
45898,2020,MPO,1,295346,120378,120378,913,Round 1,2020-06-14,Drew McDowell,952,Smugglers Notch Disc Golf Center - Brewster Ridge,Brewster Ridge Gold Course,61,18,4,14:15:00,70,9,911,154,True,False,18,70,True,True,True
45898,2020,MPO,1,295346,122739,122739,925,Round 1,2020-06-14,Adam Green,977,Smugglers Notch Disc Golf Center - Brewster Ridge,Brewster Ridge Gold Course,61,18,3,13:15:00,71,10,903,151,True,False,18,71,True,True,True
45898,2020,MPO,1,295346,name:robbie wix,,,Round 1,2020-06-14,Robbie Wix,,Smugglers Notch Disc Golf Center - Brewster Ridge,Brewster Ridge Gold Course,61,18,4,13:15:00,73,12,887,152,True,False,18,73,True,True,True
45898,2020,MPO,1,295346,81523,81523,960,Round 1,2020-06-14,Zack Leffler,,Smugglers Notch Disc Golf Center - Brewster Ridge,Brewster Ridge Gold Course,61,18,1,14:30:00,74,13,879,141,True,False,18,74,True,True,True
45898,2020,MPO,1,295346,109051,109051,893,Round 1,2020-06-14,Taylor Jones,866,Smugglers Notch Disc Golf Center - Brewster Ridge,Brewster Ridge Gold Course,61,18,1,13:45:00,74,13,879,153,True,False,18,74,True,True,True
45898,2020,MPO,1,295346,108353,108353,919,Round 1,2020-06-14,Remy Eisendrath,976,Smugglers Notch Disc Golf Center - Brewster Ridge,Brewster Ridge Gold Course,61,18,1,14:00:00,75,14,871,144,True,False,18,75,True,True,True
45898,2020,MPO,1,295346,82340,82340,890,Round 1,2020-06-14,Justin Leonard,912,Smugglers Notch Disc Golf Center - Brewster Ridge,Brewster Ridge Gold Course,61,18,2,14:15:00,80,19,830,174,True,False,18,80,True,True,True
45898,2020,MPO,1,295346,57904,57904,876,Round 1,2020-06-14,Matt Marro,839,Smugglers Notch Disc Golf Center - Brewster Ridge,Brewster Ridge Gold Course,61,18,1,13:30:00,82,21,814,177,True,False,18,82,True,True,True
45898,2020,MPO,2,295351,94579,94579,981,Round 2,2020-06-14,Nathan Vintinner,963,Smugglers Notch Disc Golf Center - Fox Run,Fox Run Meadows Gold Course,63,18,1,15:40:00,64,1,1004,121,True,False,18,64,True,True,True
45898,2020,MPO,2,295351,86089,86089,996,Round 2,2020-06-14,Josh DiBattista,1000,Smugglers Notch Disc Golf Center - Fox Run,Fox Run Meadows Gold Course,63,18,3,15:40:00,65,2,998,123,True,False,18,65,True,True,True
45898,2020,MPO,2,295351,75861,75861,969,Round 2,2020-06-14,Charlie Veysey,978,Smugglers Notch Disc Golf Center - Fox Run,Fox Run Meadows Gold Course,63,18,2,15:40:00,66,3,991,124,True,False,18,66,True,True,True
45898,2020,MPO,2,295351,103627,103627,963,Round 2,2020-06-14,Clayton Davis,,Smugglers Notch Disc Golf Center - Fox Run,Fox Run Meadows Gold Course,63,18,4,15:40:00,68,5,977,126,True,False,18,68,True,True,True
45898,2020,MPO,2,295351,93877,93877,957,Round 2,2020-06-14,Matthew Storgaard,,Smugglers Notch Disc Golf Center - Fox Run,Fox Run Meadows Gold Course,63,18,1,14:55:00,60,-3,1032,127,True,False,18,60,True,True,True
45898,2020,MPO,2,295351,60852,60852,980,Round 2,2020-06-14,Michael Habets,,Smugglers Notch Disc Golf Center - Fox Run,Fox Run Meadows Gold Course,63,18,1,15:10:00,64,1,1004,129,True,False,18,64,True,True,True
45898,2020,MPO,2,295351,60300,60300,996,Round 2,2020-06-14,Dylan Rees,989,Smugglers Notch Disc Golf Center - Fox Run,Fox Run Meadows Gold Course,63,18,4,15:25:00,65,2,998,130,True,False,18,65,True,True,True
45898,2020,MPO,2,295351,93414,93414,935,Round 2,2020-06-14,Joshua Lemieux,961,Smugglers Notch Disc Golf Center - Fox Run,Fox Run Meadows Gold Course,63,18,1,14:40:00,66,3,991,134,True,False,18,66,True,True,True
45898,2020,MPO,2,295351,60666,60666,984,Round 2,2020-06-14,Christian Olsen,967,Smugglers Notch Disc Golf Center - Fox Run,Fox Run Meadows Gold Course,63,18,2,15:25:00,70,7,963,134,True,False,18,70,True,True,True
45898,2020,MPO,2,295351,77274,77274,969,Round 2,2020-06-14,tom shanley,984,Smugglers Notch Disc Golf Center - Fox Run,Fox Run Meadows Gold Course,63,18,3,14:55:00,68,5,977,136,True,False,18,68,True,True,True
45898,2020,MPO,2,295351,102895,102895,917,Round 2,2020-06-14,Quinten Scott,,Smugglers Notch Disc Golf Center - Fox Run,Fox Run Meadows Gold Course,63,18,2,15:10:00,71,8,957,136,True,False,18,71,True,True,True
45898,2020,MPO,2,295351,74240,74240,945,Round 2,2020-06-14,Christopher Martin,962,Smugglers Notch Disc Golf Center - Fox Run,Fox Run Meadows Gold Course,63,18,3,15:10:00,70,7,963,137,True,False,18,70,True,True,True
45898,2020,MPO,2,295351,83198,83198,939,Round 2,2020-06-14,Alan Gofberg,869,Smugglers Notch Disc Golf Center - Fox Run,Fox Run Meadows Gold Course,63,18,1,15:25:00,74,11,936,137,True,False,18,74,True,True,True
45898,2020,MPO,2,295351,83156,83156,957,Round 2,2020-06-14,Edwin Bedell,,Smugglers Notch Disc Golf Center - Fox Run,Fox Run Meadows Gold Course,63,18,4,15:10:00,72,9,950,139,True,False,18,72,True,True,True
45898,2020,MPO,2,295351,43994,43994,929,Round 2,2020-06-14,Jeffrey Spring,938,Smugglers Notch Disc Golf Center - Fox Run,Fox Run Meadows Gold Course,63,18,3,14:40:00,71,8,957,140,True,False,18,71,True,True,True
45898,2020,MPO,2,295351,136903,136903,,Round 2,2020-06-14,Alex Ferguson,957,Smugglers Notch Disc Golf Center - Fox Run,Fox Run Meadows Gold Course,63,18,2,14:40:00,72,9,950,140,True,False,18,72,True,True,True
45898,2020,MPO,2,295351,111874,111874,895,Round 2,2020-06-14,Jack Towne,,Smugglers Notch Disc Golf Center - Fox Run,Fox Run Meadows Gold Course,63,18,3,15:25:00,76,13,923,140,True,False,18,76,True,True,True
45898,2020,MPO,2,295351,81523,81523,960,Round 2,2020-06-14,Zack Leffler,,Smugglers Notch Disc Golf Center - Fox Run,Fox Run Meadows Gold Course,63,18,2,13:55:00,67,4,984,141,True,False,18,67,True,True,True
45898,2020,MPO,2,295351,116370,116370,906,Round 2,2020-06-14,Tyler Moriarty,,Smugglers Notch Disc Golf Center - Fox Run,Fox Run Meadows Gold Course,63,18,2,14:55:00,74,11,936,141,True,False,18,74,True,True,True
45898,2020,MPO,2,295351,99260,99260,901,Round 2,2020-06-14,Matthew Martell,880,Smugglers Notch Disc Golf Center - Fox Run,Fox Run Meadows Gold Course,63,18,3,14:25:00,73,10,943,143,True,False,18,73,True,True,True
45898,2020,MPO,2,295351,108353,108353,919,Round 2,2020-06-14,Remy Eisendrath,976,Smugglers Notch Disc Golf Center - Fox Run,Fox Run Meadows Gold Course,63,18,1,13:40:00,69,6,970,144,True,False,18,69,True,True,True
45898,2020,MPO,2,295351,101829,101829,916,Round 2,2020-06-14,Joshua Storgaard,,Smugglers Notch Disc Golf Center - Fox Run,Fox Run Meadows Gold Course,63,18,4,14:25:00,74,11,936,144,True,False,18,74,True,True,True
45898,2020,MPO,2,295351,100341,100341,887,Round 2,2020-06-14,Kevin Avery,,Smugglers Notch Disc Golf Center - Fox Run,Fox Run Meadows Gold Course,63,18,4,14:40:00,78,15,909,147,True,False,18,78,True,True,True
45898,2020,MPO,2,295351,78132,78132,919,Round 2,2020-06-14,Jairus Larson,,Smugglers Notch Disc Golf Center - Fox Run,Fox Run Meadows Gold Course,63,18,4,14:55:00,79,16,902,147,True,False,18,79,True,True,True
45898,2020,MPO,2,295351,114674,114674,913,Round 2,2020-06-14,Jordan Lamson,,Smugglers Notch Disc Golf Center - Fox Run,Fox Run Meadows Gold Course,63,18,1,14:10:00,78,15,909,148,True,False,18,78,True,True,True
45898,2020,MPO,2,295351,122739,122739,925,Round 2,2020-06-14,Adam Green,977,Smugglers Notch Disc Golf Center - Fox Run,Fox Run Meadows Gold Course,63,18,3,14:10:00,80,17,895,151,True,False,18,80,True,True,True
45898,2020,MPO,2,295351,name:robbie wix,,,Round 2,2020-06-14,Robbie Wix,,Smugglers Notch Disc Golf Center - Fox Run,Fox Run Meadows Gold Course,63,18,1,13:55:00,79,16,902,152,True,False,18,79,True,True,True
45898,2020,MPO,2,295351,109051,109051,893,Round 2,2020-06-14,Taylor Jones,866,Smugglers Notch Disc Golf Center - Fox Run,Fox Run Meadows Gold Course,63,18,3,13:55:00,79,16,902,153,True,False,18,79,True,True,True
45898,2020,MPO,2,295351,109749,109749,882,Round 2,2020-06-14,Taylor Douglass,,Smugglers Notch Disc Golf Center - Fox Run,Fox Run Meadows Gold Course,63,18,2,14:25:00,84,21,868,153,True,False,18,84,True,True,True
45898,2020,MPO,2,295351,120378,120378,913,Round 2,2020-06-14,Drew McDowell,952,Smugglers Notch Disc Golf Center - Fox Run,Fox Run Meadows Gold Course,63,18,2,14:10:00,84,21,868,154,True,False,18,84,True,True,True
45898,2020,MPO,2,295351,107234,107234,880,Round 2,2020-06-14,Sebastian Marshall,,Smugglers Notch Disc Golf Center - Fox Run,Fox Run Meadows Gold Course,63,18,1,14:25:00,89,26,834,158,True,False,18,89,True,True,True
45898,2020,MPO,2,295351,82340,82340,890,Round 2,2020-06-14,Justin Leonard,912,Smugglers Notch Disc Golf Center - Fox Run,Fox Run Meadows Gold Course,63,18,2,13:40:00,94,31,800,174,True,False,18,94,True,True,True
45898,2020,MPO,2,295351,57904,57904,876,Round 2,2020-06-14,Matt Marro,839,Smugglers Notch Disc Golf Center - Fox Run,Fox Run Meadows Gold Course,63,18,3,13:40:00,95,32,793,177,True,False,18,95,True,True,True
46036,2020,FA1,1,297346,132857,132857,,Round 1,2020-06-28,Serena Lamson,,Center Chains DGC at Hope A. Davey Park,Blue Tees,54,18,1,14:15:00,58,4,841,122,True,False,18,58,True,True,True
46036,2020,FA1,1,297346,name:christina kingston,,,Round 1,2020-06-28,Christina Kingston,,Center Chains DGC at Hope A. Davey Park,Blue Tees,54,18,3,14:15:00,60,6,816,121,True,False,18,60,True,True,True
46036,2020,FA1,1,297346,name:kayla neumeister,,,Round 1,2020-06-28,Kayla Neumeister,,Center Chains DGC at Hope A. Davey Park,Blue Tees,54,18,4,14:15:00,70,16,691,137,True,False,18,70,True,True,True
46036,2020,FA1,1,297346,name:kelly brooks,,,Round 1,2020-06-28,Kelly Brooks,,Center Chains DGC at Hope A. Davey Park,Blue Tees,54,18,2,14:15:00,73,19,653,140,True,False,18,73,True,True,True
46036,2020,FA1,2,297346,name:christina kingston,,,Round 2,2020-06-28,Christina Kingston,,Center Chains DGC at Hope A. Davey Park,Blue Tees,54,18,2,08:45:00,61,7,804,121,True,False,18,61,True,True,True
46036,2020,FA1,2,297346,132857,132857,,Round 2,2020-06-28,Serena Lamson,,Center Chains DGC at Hope A. Davey Park,Blue Tees,54,18,1,08:45:00,64,10,766,122,True,False,18,64,True,True,True
46036,2020,FA1,2,297346,name:kayla neumeister,,,Round 2,2020-06-28,Kayla Neumeister,,Center Chains DGC at Hope A. Davey Park,Blue Tees,54,18,3,08:45:00,67,13,729,137,True,False,18,67,True,True,True
46036,2020,FA1,2,297346,name:kelly brooks,,,Round 2,2020-06-28,Kelly Brooks,,Center Chains DGC at Hope A. Davey Park,Blue Tees,54,18,4,08:45:00,67,13,729,140,True,False,18,67,True,True,True
46036,2020,FA2,1,297351,name:harley j. fjeld,,,Round 1,2020-06-28,Harley J. Fjeld,,Center Chains DGC at Hope A. Davey Park,White Tees,54,18,4,08:00:00,56,2,674,115,True,False,18,56,True,True,True
46036,2020,FA2,1,297351,139248,139248,,Round 1,2020-06-28,Valerie Beaudin,,Center Chains DGC at Hope A. Davey Park,White Tees,54,18,2,08:00:00,63,9,556,130,True,False,18,63,True,True,True
46036,2020,FA2,1,297351,name:emily beaudin,,,Round 1,2020-06-28,Emily Beaudin,,Center Chains DGC at Hope A. Davey Park,White Tees,54,18,3,08:00:00,65,11,522,125,True,False,18,65,True,True,True
46036,2020,FA2,1,297351,name:jennifer macdonough,,,Round 1,2020-06-28,Jennifer Macdonough,,Center Chains DGC at Hope A. Davey Park,White Tees,54,18,5,08:00:00,67,13,489,133,True,False,18,67,True,True,True
46036,2020,FA2,2,297351,name:harley j. fjeld,,,Round 2,2020-06-28,Harley J. Fjeld,,Center Chains DGC at Hope A. Davey Park,White Tees,54,18,1,08:00:00,59,5,624,115,True,False,18,59,True,True,True
46036,2020,FA2,2,297351,name:emily beaudin,,,Round 2,2020-06-28,Emily Beaudin,,Center Chains DGC at Hope A. Davey Park,White Tees,54,18,4,08:00:00,60,6,607,125,True,False,18,60,True,True,True
46036,2020,FA2,2,297351,139248,139248,,Round 2,2020-06-28,Valerie Beaudin,,Center Chains DGC at Hope A. Davey Park,White Tees,54,18,3,08:00:00,67,13,489,130,True,False,18,67,True,True,True
46036,2020,FA2,2,297351,name:jennifer macdonough,,,Round 2,2020-06-28,Jennifer Macdonough,,Center Chains DGC at Hope A. Davey Park,White Tees,54,18,5,08:00:00,66,12,506,133,True,False,18,66,True,True,True
46036,2020,FJ12,1,297351,125884,125884,503,Round 1,2020-06-28,Kaidence Moore,809,Center Chains DGC at Hope A. Davey Park,White Tees,54,18,1,08:00:00,62,8,573,125,True,False,18,62,True,True,True
46036,2020,FJ12,2,297351,125884,125884,503,Round 2,2020-06-28,Kaidence Moore,809,Center Chains DGC at Hope A. Davey Park,White Tees,54,18,2,08:00:00,63,9,556,125,True,False,18,63,True,True,True
46036,2020,FPO,1,297346,96030,96030,915,Round 1,2020-06-28,Alex Benson,,Center Chains DGC at Hope A. Davey Park,Blue Tees,54,18,1,15:15:00,49,-5,954,100,True,False,18,49,True,True,True
46036,2020,FPO,2,297346,96030,96030,915,Round 2,2020-06-28,Alex Benson,,Center Chains DGC at Hope A. Davey Park,Blue Tees,54,18,1,14:30:00,51,-3,929,100,True,False,18,51,True,True,True
46036,2020,MA1,1,297346,140098,140098,,Round 1,2020-06-28,Angus Barstow,980,Center Chains DGC at Hope A. Davey Park,Blue Tees,54,18,2,12:30:00,44,-10,1017,90,True,False,18,44,True,True,True
46036,2020,MA1,1,297346,110707,110707,879,Round 1,2020-06-28,Jason Wilson,927,Center Chains DGC at Hope A. Davey Park,Blue Tees,54,18,2,12:15:00,48,-6,966,99,True,False,18,48,True,True,True
46036,2020,MA1,1,297346,128670,128670,,Round 1,2020-06-28,Steven Colbert,,Center Chains DGC at Hope A. Davey Park,Blue Tees,54,18,3,13:30:00,48,-6,966,107,True,False,18,48,True,True,True
46036,2020,MA1,1,297346,132139,132139,,Round 1,2020-06-28,Logan Foss,,Center Chains DGC at Hope A. Davey Park,Blue Tees,54,18,3,12:15:00,48,-6,966,106,True,False,18,48,True,True,True
46036,2020,MA1,1,297346,98280,98280,931,Round 1,2020-06-28,Nicholas Reilly,932,Center Chains DGC at Hope A. Davey Park,Blue Tees,54,18,4,12:30:00,49,-5,954,103,True,False,18,49,True,True,True
46036,2020,MA1,1,297346,name:nolan benoit,,,Round 1,2020-06-28,Nolan Benoit,,Center Chains DGC at Hope A. Davey Park,Blue Tees,54,18,3,12:00:00,50,-4,941,103,True,False,18,50,True,True,True
46036,2020,MA1,1,297346,42420,42420,931,Round 1,2020-06-28,Patrick Harris,906,Center Chains DGC at Hope A. Davey Park,Blue Tees,54,18,1,13:15:00,51,-3,929,102,True,False,18,51,True,True,True
46036,2020,MA1,1,297346,96355,96355,896,Round 1,2020-06-28,Louis Annino,906,Center Chains DGC at Hope A. Davey Park,Blue Tees,54,18,2,08:45:00,51,-3,929,107,True,False,18,51,True,True,True
46036,2020,MA1,1,297346,109497,109497,897,Round 1,2020-06-28,Michael Casey,,Center Chains DGC at Hope A. Davey Park,Blue Tees,54,18,1,12:45:00,51,-3,929,108,True,False,18,51,True,True,True
46036,2020,MA1,1,297346,100885,100885,908,Round 1,2020-06-28,Jacob Moore,945,Center Chains DGC at Hope A. Davey Park,Blue Tees,54,18,1,12:30:00,52,-2,916,105,True,False,18,52,True,True,True
46036,2020,MA1,1,297346,109086,109086,895,Round 1,2020-06-28,Aaron Schlossberg,947,Center Chains DGC at Hope A. Davey Park,Blue Tees,54,18,1,13:30:00,52,-2,916,105,True,False,18,52,True,True,True
46036,2020,MA1,1,297346,109604,109604,910,Round 1,2020-06-28,Jeremy Hulsey,914,Center Chains DGC at Hope A. Davey Park,Blue Tees,54,18,4,08:45:00,52,-2,916,108,True,False,18,52,True,True,True
46036,2020,MA1,1,297346,121418,121418,925,Round 1,2020-06-28,Brian Charash,,Center Chains DGC at Hope A. Davey Park,Blue Tees,54,18,2,13:30:00,52,-2,916,103,True,False,18,52,True,True,True
46036,2020,MA1,1,297346,name:brett bascom,,,Round 1,2020-06-28,Brett Bascom,,Center Chains DGC at Hope A. Davey Park,Blue Tees,54,18,2,12:00:00,52,-2,916,105,True,False,18,52,True,True,True
46036,2020,MA1,1,297346,121362,121362,892,Round 1,2020-06-28,Jonathan Russo,951,Center Chains DGC at Hope A. Davey Park,Blue Tees,54,18,2,13:45:00,53,-1,904,103,True,False,18,53,True,True,True
46036,2020,MA1,1,297346,131201,131201,,Round 1,2020-06-28,Tyler LaPerle,973,Center Chains DGC at Hope A. Davey Park,Blue Tees,54,18,2,13:00:00,53,-1,904,107,True,False,18,53,True,True,True
46036,2020,MA1,1,297346,138413,138413,,Round 1,2020-06-28,Joe Yalicki,,Center Chains DGC at Hope A. Davey Park,Blue Tees,54,18,3,13:15:00,53,-1,904,110,True,False,18,53,True,True,True
46036,2020,MA1,1,297346,name:chris keller,,,Round 1,2020-06-28,Chris Keller,,Center Chains DGC at Hope A. Davey Park,Blue Tees,54,18,3,12:45:00,53,-1,904,110,True,False,18,53,True,True,True
46036,2020,MA1,1,297346,136921,136921,,Round 1,2020-06-28,Blake Fletcher,,Center Chains DGC at Hope A. Davey Park,Blue Tees,54,18,3,13:00:00,54,0,891,113,True,False,18,54,True,True,True
46036,2020,MA1,1,297346,name:evan hollar,,,Round 1,2020-06-28,Evan Hollar,,Center Chains DGC at Hope A. Davey Park,Blue Tees,54,18,2,12:45:00,54,0,891,109,True,False,18,54,True,True,True
46036,2020,MA1,1,297346,83636,83636,885,Round 1,2020-06-28,Mike Finn,,Center Chains DGC at Hope A. Davey Park,Blue Tees,54,18,1,08:45:00,55,1,879,114,True,False,18,55,True,True,True
46036,2020,MA1,1,297346,106294,106294,896,Round 1,2020-06-28,Scott McCamp,,Center Chains DGC at Hope A. Davey Park,Blue Tees,54,18,1,13:45:00,55,1,879,109,True,False,18,55,True,True,True
46036,2020,MA1,1,297346,118928,118928,909,Round 1,2020-06-28,Tyler Pomichter,926,Center Chains DGC at Hope A. Davey Park,Blue Tees,54,18,1,13:00:00,55,1,879,104,True,False,18,55,True,True,True
46036,2020,MA1,1,297346,name:lucas russell,,,Round 1,2020-06-28,Lucas Russell,,Center Chains DGC at Hope A. Davey Park,Blue Tees,54,18,4,12:45:00,55,1,879,109,True,False,18,55,True,True,True
46036,2020,MA1,1,297346,name:sam callison,,,Round 1,2020-06-28,Sam Callison,,Center Chains DGC at Hope A. Davey Park,Blue Tees,54,18,4,13:00:00,55,1,879,114,True,False,18,55,True,True,True
46036,2020,MA1,1,297346,73588,73588,881,Round 1,2020-06-28,Will Cleland,910,Center Chains DGC at Hope A. Davey Park,Blue Tees,54,18,1,12:00:00,56,2,866,109,True,False,18,56,True,True,True
46036,2020,MA1,1,297346,name:jordan kaufman,,,Round 1,2020-06-28,Jordan Kaufman,,Center Chains DGC at Hope A. Davey Park,Blue Tees,54,18,3,12:30:00,56,2,866,114,True,False,18,56,True,True,True
46036,2020,MA1,1,297346,name:xavier ferris,,,Round 1,2020-06-28,Xavier Ferris,,Center Chains DGC at Hope A. Davey Park,Blue Tees,54,18,3,13:45:00,56,2,866,110,True,False,18,56,True,True,True
46036,2020,MA1,1,297346,103738,103738,898,Round 1,2020-06-28,Maxx Perry,,Center Chains DGC at Hope A. Davey Park,Blue Tees,54,18,3,08:45:00,58,4,841,108,True,False,18,58,True,True,True
46036,2020,MA1,1,297346,136942,136942,,Round 1,2020-06-28,Christopher Larock,,Center Chains DGC at Hope A. Davey Park,Blue Tees,54,18,2,13:15:00,59,5,829,117,True,False,18,59,True,True,True
46036,2020,MA1,1,297346,96154,96154,844,Round 1,2020-06-28,Travis Jacques,871,Center Chains DGC at Hope A. Davey Park,Blue Tees,54,18,1,12:15:00,60,6,816,117,True,False,18,60,True,True,True
46036,2020,MA1,1,297346,63896,63896,863,Round 1,2020-06-28,Ross King,899,Center Chains DGC at Hope A. Davey Park,Blue Tees,54,18,4,12:15:00,61,7,804,125,True,False,18,61,True,True,True
46036,2020,MA1,1,297346,136937,136937,,Round 1,2020-06-28,Zach Bossier,,Center Chains DGC at Hope A. Davey Park,Blue Tees,54,18,4,13:30:00,62,8,791,118,True,False,18,62,True,True,True
46036,2020,MA1,1,297346,name:shawn leene,,,Round 1,2020-06-28,Shawn Leene,,Center Chains DGC at Hope A. Davey Park,Blue Tees,54,18,4,12:00:00,62,8,791,134,True,False,18,62,True,True,True
46036,2020,MA1,2,297346,140098,140098,,Round 2,2020-06-28,Angus Barstow,980,Center Chains DGC at Hope A. Davey Park,Blue Tees,54,18,1,13:30:00,46,-8,992,90,True,False,18,46,True,True,True
46036,2020,MA1,2,297346,110707,110707,879,Round 2,2020-06-28,Jason Wilson,927,Center Chains DGC at Hope A. Davey Park,Blue Tees,54,18,2,13:30:00,51,-3,929,99,True,False,18,51,True,True,True
46036,2020,MA1,2,297346,42420,42420,931,Round 2,2020-06-28,Patrick Harris,906,Center Chains DGC at Hope A. Davey Park,Blue Tees,54,18,3,13:15:00,51,-3,929,102,True,False,18,51,True,True,True
46036,2020,MA1,2,297346,121362,121362,892,Round 2,2020-06-28,Jonathan Russo,951,Center Chains DGC at Hope A. Davey Park,Blue Tees,54,18,3,12:45:00,50,-4,941,103,True,False,18,50,True,True,True
46036,2020,MA1,2,297346,121418,121418,925,Round 2,2020-06-28,Brian Charash,,Center Chains DGC at Hope A. Davey Park,Blue Tees,54,18,1,12:45:00,51,-3,929,103,True,False,18,51,True,True,True
46036,2020,MA1,2,297346,name:nolan benoit,,,Round 2,2020-06-28,Nolan Benoit,,Center Chains DGC at Hope A. Davey Park,Blue Tees,54,18,2,13:15:00,53,-1,904,103,True,False,18,53,True,True,True
46036,2020,MA1,2,297346,98280,98280,931,Round 2,2020-06-28,Nicholas Reilly,932,Center Chains DGC at Hope A. Davey Park,Blue Tees,54,18,1,13:15:00,54,0,891,103,True,False,18,54,True,True,True
46036,2020,MA1,2,297346,118928,118928,909,Round 2,2020-06-28,Tyler Pomichter,926,Center Chains DGC at Hope A. Davey Park,Blue Tees,54,18,3,12:15:00,49,-5,954,104,True,False,18,49,True,True,True
46036,2020,MA1,2,297346,100885,100885,908,Round 2,2020-06-28,Jacob Moore,945,Center Chains DGC at Hope A. Davey Park,Blue Tees,54,18,2,13:00:00,53,-1,904,105,True,False,18,53,True,True,True
46036,2020,MA1,2,297346,109086,109086,895,Round 2,2020-06-28,Aaron Schlossberg,947,Center Chains DGC at Hope A. Davey Park,Blue Tees,54,18,3,13:00:00,53,-1,904,105,True,False,18,53,True,True,True
46036,2020,MA1,2,297346,name:brett bascom,,,Round 2,2020-06-28,Brett Bascom,,Center Chains DGC at Hope A. Davey Park,Blue Tees,54,18,2,12:45:00,53,-1,904,105,True,False,18,53,True,True,True
46036,2020,MA1,2,297346,132139,132139,,Round 2,2020-06-28,Logan Foss,,Center Chains DGC at Hope A. Davey Park,Blue Tees,54,18,4,13:30:00,58,4,841,106,True,False,18,58,True,True,True
46036,2020,MA1,2,297346,131201,131201,,Round 2,2020-06-28,Tyler LaPerle,973,Center Chains DGC at Hope A. Davey Park,Blue Tees,54,18,4,12:45:00,54,0,891,107,True,False,18,54,True,True,True
46036,2020,MA1,2,297346,96355,96355,896,Round 2,2020-06-28,Louis Annino,906,Center Chains DGC at Hope A. Davey Park,Blue Tees,54,18,4,13:15:00,56,2,866,107,True,False,18,56,True,True,True
46036,2020,MA1,2,297346,128670,128670,,Round 2,2020-06-28,Steven Colbert,,Center Chains DGC at Hope A. Davey Park,Blue Tees,54,18,3,13:30:00,59,5,829,107,True,False,18,59,True,True,True
46036,2020,MA1,2,297346,103738,103738,898,Round 2,2020-06-28,Maxx Perry,,Center Chains DGC at Hope A. Davey Park,Blue Tees,54,18,1,12:00:00,50,-4,941,108,True,False,18,50,True,True,True
46036,2020,MA1,2,297346,109604,109604,910,Round 2,2020-06-28,Jeremy Hulsey,914,Center Chains DGC at Hope A. Davey Park,Blue Tees,54,18,4,13:00:00,56,2,866,108,True,False,18,56,True,True,True
46036,2020,MA1,2,297346,109497,109497,897,Round 2,2020-06-28,Michael Casey,,Center Chains DGC at Hope A. Davey Park,Blue Tees,54,18,1,13:00:00,57,3,854,108,True,False,18,57,True,True,True
46036,2020,MA1,2,297346,73588,73588,881,Round 2,2020-06-28,Will Cleland,910,Center Chains DGC at Hope A. Davey Park,Blue Tees,54,18,2,11:30:00,53,-1,904,109,True,False,18,53,True,True,True
46036,2020,MA1,2,297346,106294,106294,896,Round 2,2020-06-28,Scott McCamp,,Center Chains DGC at Hope A. Davey Park,Blue Tees,54,18,2,12:15:00,54,0,891,109,True,False,18,54,True,True,True
46036,2020,MA1,2,297346,name:lucas russell,,,Round 2,2020-06-28,Lucas Russell,,Center Chains DGC at Hope A. Davey Park,Blue Tees,54,18,1,11:30:00,54,0,891,109,True,False,18,54,True,True,True
46036,2020,MA1,2,297346,name:evan hollar,,,Round 2,2020-06-28,Evan Hollar,,Center Chains DGC at Hope A. Davey Park,Blue Tees,54,18,4,12:30:00,55,1,879,109,True,False,18,55,True,True,True
46036,2020,MA1,2,297346,name:xavier ferris,,,Round 2,2020-06-28,Xavier Ferris,,Center Chains DGC at Hope A. Davey Park,Blue Tees,54,18,3,11:30:00,54,0,891,110,True,False,18,54,True,True,True
46036,2020,MA1,2,297346,138413,138413,,Round 2,2020-06-28,Joe Yalicki,,Center Chains DGC at Hope A. Davey Park,Blue Tees,54,18,1,12:30:00,57,3,854,110,True,False,18,57,True,True,True
46036,2020,MA1,2,297346,name:chris keller,,,Round 2,2020-06-28,Chris Keller,,Center Chains DGC at Hope A. Davey Park,Blue Tees,54,18,2,12:30:00,57,3,854,110,True,False,18,57,True,True,True
46036,2020,MA1,2,297346,136921,136921,,Round 2,2020-06-28,Blake Fletcher,,Center Chains DGC at Hope A. Davey Park,Blue Tees,54,18,3,12:30:00,59,5,829,113,True,False,18,59,True,True,True
46036,2020,MA1,2,297346,name:jordan kaufman,,,Round 2,2020-06-28,Jordan Kaufman,,Center Chains DGC at Hope A. Davey Park,Blue Tees,54,18,4,11:30:00,58,4,841,114,True,False,18,58,True,True,True
46036,2020,MA1,2,297346,83636,83636,885,Round 2,2020-06-28,Mike Finn,,Center Chains DGC at Hope A. Davey Park,Blue Tees,54,18,1,12:15:00,59,5,829,114,True,False,18,59,True,True,True
46036,2020,MA1,2,297346,name:sam callison,,,Round 2,2020-06-28,Sam Callison,,Center Chains DGC at Hope A. Davey Park,Blue Tees,54,18,4,12:15:00,59,5,829,114,True,False,18,59,True,True,True
46036,2020,MA1,2,297346,96154,96154,844,Round 2,2020-06-28,Travis Jacques,871,Center Chains DGC at Hope A. Davey Park,Blue Tees,54,18,3,12:00:00,57,3,854,117,True,False,18,57,True,True,True
46036,2020,MA1,2,297346,136942,136942,,Round 2,2020-06-28,Christopher Larock,,Center Chains DGC at Hope A. Davey Park,Blue Tees,54,18,2,12:00:00,58,4,841,117,True,False,18,58,True,True,True
46036,2020,MA1,2,297346,136937,136937,,Round 2,2020-06-28,Zach Bossier,,Center Chains DGC at Hope A. Davey Park,Blue Tees,54,18,2,11:45:00,56,2,866,118,True,False,18,56,True,True,True
46036,2020,MA1,2,297346,63896,63896,863,Round 2,2020-06-28,Ross King,899,Center Chains DGC at Hope A. Davey Park,Blue Tees,54,18,1,11:45:00,64,10,766,125,True,False,18,64,True,True,True
46036,2020,MA1,2,297346,name:shawn leene,,,Round 2,2020-06-28,Shawn Leene,,Center Chains DGC at Hope A. Davey Park,Blue Tees,54,18,3,11:45:00,72,18,666,134,True,False,18,72,True,True,True
46036,2020,MA2,1,297346,168047,168047,,Round 1,2020-06-28,Jim Desisto,915,Center Chains DGC at Hope A. Davey Park,Blue Tees,54,18,1,09:00:00,52,-2,916,108,True,False,18,52,True,True,True
46036,2020,MA2,1,297346,108913,108913,858,Round 1,2020-06-28,Evan Deslauriers,,Center Chains DGC at Hope A. Davey Park,Blue Tees,54,18,3,10:00:00,53,-1,904,119,True,False,18,53,True,True,True
46036,2020,MA2,1,297346,111957,111957,870,Round 1,2020-06-28,Andy Eklund,,Center Chains DGC at Hope A. Davey Park,Blue Tees,54,18,1,10:45:00,53,-1,904,110,True,False,18,53,True,True,True
46036,2020,MA2,1,297346,name:jamie bender,,,Round 1,2020-06-28,Jamie Bender,,Center Chains DGC at Hope A. Davey Park,Blue Tees,54,18,2,10:00:00,53,-1,904,113,True,False,18,53,True,True,True
46036,2020,MA2,1,297346,50816,50816,841,Round 1,2020-06-28,Tristan Whitehouse,,Center Chains DGC at Hope A. Davey Park,Blue Tees,54,18,1,11:15:00,54,0,891,111,True,False,18,54,True,True,True
46036,2020,MA2,1,297346,118694,118694,801,Round 1,2020-06-28,Jordan Patterson,,Center Chains DGC at Hope A. Davey Park,Blue Tees,54,18,2,11:00:00,54,0,891,111,True,False,18,54,True,True,True
46036,2020,MA2,1,297346,138321,138321,,Round 1,2020-06-28,Nathan Doudera,,Center Chains DGC at Hope A. Davey Park,Blue Tees,54,18,4,09:00:00,54,0,891,107,True,False,18,54,True,True,True
46036,2020,MA2,1,297346,name:franklin r hall,,,Round 1,2020-06-28,Franklin R Hall,,Center Chains DGC at Hope A. Davey Park,Blue Tees,54,18,4,09:45:00,54,0,891,105,True,False,18,54,True,True,True
46036,2020,MA2,1,297346,name:james lightholder,,,Round 1,2020-06-28,James Lightholder,,Center Chains DGC at Hope A. Davey Park,Blue Tees,54,18,4,10:15:00,54,0,891,112,True,False,18,54,True,True,True
46036,2020,MA2,1,297346,name:seth tilford,,,Round 1,2020-06-28,Seth Tilford,,Center Chains DGC at Hope A. Davey Park,Blue Tees,54,18,4,08:30:00,54,0,891,113,True,False,18,54,True,True,True
46036,2020,MA2,1,297346,120536,120536,898,Round 1,2020-06-28,Andrew Palumbo,,Center Chains DGC at Hope A. Davey Park,Blue Tees,54,18,1,09:45:00,55,1,879,107,True,False,18,55,True,True,True
46036,2020,MA2,1,297346,132448,132448,,Round 1,2020-06-28,Douglas Legris,,Center Chains DGC at Hope A. Davey Park,Blue Tees,54,18,3,09:30:00,55,1,879,108,True,False,18,55,True,True,True
46036,2020,MA2,1,297346,93062,93062,857,Round 1,2020-06-28,Tom Slimm,,Center Chains DGC at Hope A. Davey Park,Blue Tees,54,18,1,11:00:00,56,2,866,109,True,False,18,56,True,True,True
46036,2020,MA2,1,297346,138228,138228,,Round 1,2020-06-28,Dan Barmore,,Center Chains DGC at Hope A. Davey Park,Blue Tees,54,18,2,10:15:00,56,2,866,115,True,False,18,56,True,True,True
46036,2020,MA2,1,297346,140039,140039,,Round 1,2020-06-28,Ian Rooney,907,Center Chains DGC at Hope A. Davey Park,Blue Tees,54,18,3,09:45:00,56,2,866,109,True,False,18,56,True,True,True
46036,2020,MA2,1,297346,name:eric mackey,,,Round 1,2020-06-28,Eric Mackey,,Center Chains DGC at Hope A. Davey Park,Blue Tees,54,18,4,09:15:00,56,2,866,110,True,False,18,56,True,True,True
46036,2020,MA2,1,297346,138042,138042,,Round 1,2020-06-28,Russell Freeman,925,Center Chains DGC at Hope A. Davey Park,Blue Tees,54,18,3,10:30:00,57,3,854,111,True,False,18,57,True,True,True
46036,2020,MA2,1,297346,name:nathan beningson,,,Round 1,2020-06-28,Nathan Beningson,,Center Chains DGC at Hope A. Davey Park,Blue Tees,54,18,3,11:15:00,57,3,854,113,True,False,18,57,True,True,True
46036,2020,MA2,1,297346,128700,128700,,Round 1,2020-06-28,Peter McCarthy,,Center Chains DGC at Hope A. Davey Park,Blue Tees,54,18,2,09:15:00,58,4,841,116,True,False,18,58,True,True,True
46036,2020,MA2,1,297346,137984,137984,,Round 1,2020-06-28,Tristan Bryce,,Center Chains DGC at Hope A. Davey Park,Blue Tees,54,18,2,09:30:00,58,4,841,114,True,False,18,58,True,True,True
46036,2020,MA2,1,297346,name:brandon allaire,,,Round 1,2020-06-28,Brandon Allaire,,Center Chains DGC at Hope A. Davey Park,Blue Tees,54,18,4,11:15:00,58,4,841,114,True,False,18,58,True,True,True
46036,2020,MA2,1,297346,name:abel warden,,,Round 1,2020-06-28,Abel Warden,,Center Chains DGC at Hope A. Davey Park,Blue Tees,54,18,4,10:45:00,59,5,829,118,True,False,18,59,True,True,True
46036,2020,MA2,1,297346,84935,84935,883,Round 1,2020-06-28,Droo Fisher,866,Center Chains DGC at Hope A. Davey Park,Blue Tees,54,18,5,08:30:00,60,6,816,113,True,False,18,60,True,True,True
46036,2020,MA2,1,297346,109527,109527,862,Round 1,2020-06-28,Mike Wenzel,901,Center Chains DGC at Hope A. Davey Park,Blue Tees,54,18,1,09:30:00,60,6,816,115,True,False,18,60,True,True,True
46036,2020,MA2,1,297346,125328,125328,,Round 1,2020-06-28,Dana Carpenter,,Center Chains DGC at Hope A. Davey Park,Blue Tees,54,18,1,09:15:00,60,6,816,112,True,False,18,60,True,True,True
46036,2020,MA2,1,297346,137736,137736,,Round 1,2020-06-28,Logan Cooke,880,Center Chains DGC at Hope A. Davey Park,Blue Tees,54,18,2,10:45:00,60,6,816,120,True,False,18,60,True,True,True
46036,2020,MA2,1,297346,name:dominic moreno,,,Round 1,2020-06-28,Dominic Moreno,,Center Chains DGC at Hope A. Davey Park,Blue Tees,54,18,2,09:00:00,60,6,816,116,True,False,18,60,True,True,True
46036,2020,MA2,1,297346,106970,106970,829,Round 1,2020-06-28,Stefan Farrell,852,Center Chains DGC at Hope A. Davey Park,Blue Tees,54,18,1,10:15:00,61,7,804,124,True,False,18,61,True,True,True
46036,2020,MA2,1,297346,137937,137937,,Round 1,2020-06-28,Peter Auclair,,Center Chains DGC at Hope A. Davey Park,Blue Tees,54,18,2,10:30:00,61,7,804,124,True,False,18,61,True,True,True
46036,2020,MA2,1,297346,138183,138183,,Round 1,2020-06-28,Chauncey Germain,926,Center Chains DGC at Hope A. Davey Park,Blue Tees,54,18,1,10:00:00,61,7,804,118,True,False,18,61,True,True,True
46036,2020,MA2,1,297346,name:nick garvey,,,Round 1,2020-06-28,Nick Garvey,,Center Chains DGC at Hope A. Davey Park,Blue Tees,54,18,4,11:00:00,61,7,804,124,True,False,18,61,True,True,True
46036,2020,MA2,1,297346,139502,139502,,Round 1,2020-06-28,Brendan Marineau,,Center Chains DGC at Hope A. Davey Park,Blue Tees,54,18,3,09:00:00,63,9,779,115,True,False,18,63,True,True,True
46036,2020,MA2,1,297346,124203,124203,662,Round 1,2020-06-28,Ezra Koch,954,Center Chains DGC at Hope A. Davey Park,Blue Tees,54,18,4,09:30:00,64,10,766,124,True,False,18,64,True,True,True
46036,2020,MA2,1,297346,133543,133543,,Round 1,2020-06-28,Damon Menard,,Center Chains DGC at Hope A. Davey Park,Blue Tees,54,18,2,11:15:00,64,10,766,128,True,False,18,64,True,True,True
46036,2020,MA2,1,297346,name:landon desroches,,,Round 1,2020-06-28,Landon Desroches,,Center Chains DGC at Hope A. Davey Park,Blue Tees,54,18,2,09:45:00,66,12,741,132,True,False,18,66,True,True,True
46036,2020,MA2,1,297346,name:jacob veeder,,,Round 1,2020-06-28,Jacob Veeder,,Center Chains DGC at Hope A. Davey Park,Blue Tees,54,18,3,10:45:00,66,12,741,135,True,False,18,66,True,True,True
46036,2020,MA2,1,297346,name:ryan gage,,,Round 1,2020-06-28,Ryan Gage,,Center Chains DGC at Hope A. Davey Park,Blue Tees,54,18,3,10:15:00,67,13,729,127,True,False,18,67,True,True,True
46036,2020,MA2,1,297346,name:trevor bryce,,,Round 1,2020-06-28,Trevor Bryce,,Center Chains DGC at Hope A. Davey Park,Blue Tees,54,18,4,10:30:00,68,14,716,130,True,False,18,68,True,True,True
46036,2020,MA2,1,297346,name:eric corredera,,,Round 1,2020-06-28,Eric Corredera,,Center Chains DGC at Hope A. Davey Park,Blue Tees,54,18,3,09:15:00,68,14,716,131,True,False,18,68,True,True,True
46036,2020,MA2,1,297346,141253,141253,,Round 1,2020-06-28,Braden Edwards,,Center Chains DGC at Hope A. Davey Park,Blue Tees,54,18,3,11:00:00,69,15,704,134,True,False,18,69,True,True,True
46036,2020,MA2,1,297346,131352,131352,,Round 1,2020-06-28,David Havens,816,Center Chains DGC at Hope A. Davey Park,Blue Tees,54,18,1,10:30:00,70,16,691,135,True,False,18,70,True,True,True
46036,2020,MA2,2,297346,name:franklin r hall,,,Round 2,2020-06-28,Franklin R Hall,,Center Chains DGC at Hope A. Davey Park,Blue Tees,54,18,4,11:00:00,51,-3,929,105,True,False,18,51,True,True,True
46036,2020,MA2,2,297346,120536,120536,898,Round 2,2020-06-28,Andrew Palumbo,,Center Chains DGC at Hope A. Davey Park,Blue Tees,54,18,3,10:45:00,52,-2,916,107,True,False,18,52,True,True,True
46036,2020,MA2,2,297346,138321,138321,,Round 2,2020-06-28,Nathan Doudera,,Center Chains DGC at Hope A. Davey Park,Blue Tees,54,18,3,11:00:00,53,-1,904,107,True,False,18,53,True,True,True
46036,2020,MA2,2,297346,132448,132448,,Round 2,2020-06-28,Douglas Legris,,Center Chains DGC at Hope A. Davey Park,Blue Tees,54,18,4,10:45:00,53,-1,904,108,True,False,18,53,True,True,True
46036,2020,MA2,2,297346,168047,168047,,Round 2,2020-06-28,Jim Desisto,915,Center Chains DGC at Hope A. Davey Park,Blue Tees,54,18,1,11:15:00,56,2,866,108,True,False,18,56,True,True,True
46036,2020,MA2,2,297346,93062,93062,857,Round 2,2020-06-28,Tom Slimm,,Center Chains DGC at Hope A. Davey Park,Blue Tees,54,18,1,10:30:00,53,-1,904,109,True,False,18,53,True,True,True
46036,2020,MA2,2,297346,140039,140039,,Round 2,2020-06-28,Ian Rooney,907,Center Chains DGC at Hope A. Davey Park,Blue Tees,54,18,4,10:30:00,53,-1,904,109,True,False,18,53,True,True,True
46036,2020,MA2,2,297346,name:eric mackey,,,Round 2,2020-06-28,Eric Mackey,,Center Chains DGC at Hope A. Davey Park,Blue Tees,54,18,3,10:30:00,54,0,891,110,True,False,18,54,True,True,True
46036,2020,MA2,2,297346,111957,111957,870,Round 2,2020-06-28,Andy Eklund,,Center Chains DGC at Hope A. Davey Park,Blue Tees,54,18,2,11:15:00,57,3,854,110,True,False,18,57,True,True,True
46036,2020,MA2,2,297346,138042,138042,,Round 2,2020-06-28,Russell Freeman,925,Center Chains DGC at Hope A. Davey Park,Blue Tees,54,18,1,10:15:00,54,0,891,111,True,False,18,54,True,True,True
46036,2020,MA2,2,297346,50816,50816,841,Round 2,2020-06-28,Tristan Whitehouse,,Center Chains DGC at Hope A. Davey Park,Blue Tees,54,18,1,11:00:00,57,3,854,111,True,False,18,57,True,True,True
46036,2020,MA2,2,297346,118694,118694,801,Round 2,2020-06-28,Jordan Patterson,,Center Chains DGC at Hope A. Davey Park,Blue Tees,54,18,2,11:00:00,57,3,854,111,True,False,18,57,True,True,True
46036,2020,MA2,2,297346,125328,125328,,Round 2,2020-06-28,Dana Carpenter,,Center Chains DGC at Hope A. Davey Park,Blue Tees,54,18,1,09:45:00,52,-2,916,112,True,False,18,52,True,True,True
46036,2020,MA2,2,297346,name:james lightholder,,,Round 2,2020-06-28,James Lightholder,,Center Chains DGC at Hope A. Davey Park,Blue Tees,54,18,1,10:45:00,58,4,841,112,True,False,18,58,True,True,True
46036,2020,MA2,2,297346,84935,84935,883,Round 2,2020-06-28,Droo Fisher,866,Center Chains DGC at Hope A. Davey Park,Blue Tees,54,18,3,10:00:00,53,-1,904,113,True,False,18,53,True,True,True
46036,2020,MA2,2,297346,name:nathan beningson,,,Round 2,2020-06-28,Nathan Beningson,,Center Chains DGC at Hope A. Davey Park,Blue Tees,54,18,2,10:15:00,56,2,866,113,True,False,18,56,True,True,True
46036,2020,MA2,2,297346,name:seth tilford,,,Round 2,2020-06-28,Seth Tilford,,Center Chains DGC at Hope A. Davey Park,Blue Tees,54,18,2,10:45:00,59,5,829,113,True,False,18,59,True,True,True
46036,2020,MA2,2,297346,name:jamie bender,,,Round 2,2020-06-28,Jamie Bender,,Center Chains DGC at Hope A. Davey Park,Blue Tees,54,18,3,11:15:00,60,6,816,113,True,False,18,60,True,True,True
46036,2020,MA2,2,297346,137984,137984,,Round 2,2020-06-28,Tristan Bryce,,Center Chains DGC at Hope A. Davey Park,Blue Tees,54,18,4,10:15:00,56,2,866,114,True,False,18,56,True,True,True
46036,2020,MA2,2,297346,name:brandon allaire,,,Round 2,2020-06-28,Brandon Allaire,,Center Chains DGC at Hope A. Davey Park,Blue Tees,54,18,1,10:00:00,56,2,866,114,True,False,18,56,True,True,True
46036,2020,MA2,2,297346,139502,139502,,Round 2,2020-06-28,Brendan Marineau,,Center Chains DGC at Hope A. Davey Park,Blue Tees,54,18,4,09:30:00,52,-2,916,115,True,False,18,52,True,True,True
46036,2020,MA2,2,297346,109527,109527,862,Round 2,2020-06-28,Mike Wenzel,901,Center Chains DGC at Hope A. Davey Park,Blue Tees,54,18,4,10:00:00,55,1,879,115,True,False,18,55,True,True,True
46036,2020,MA2,2,297346,138228,138228,,Round 2,2020-06-28,Dan Barmore,,Center Chains DGC at Hope A. Davey Park,Blue Tees,54,18,2,10:30:00,59,5,829,115,True,False,18,59,True,True,True
46036,2020,MA2,2,297346,name:dominic moreno,,,Round 2,2020-06-28,Dominic Moreno,,Center Chains DGC at Hope A. Davey Park,Blue Tees,54,18,3,09:45:00,56,2,866,116,True,False,18,56,True,True,True
46036,2020,MA2,2,297346,128700,128700,,Round 2,2020-06-28,Peter McCarthy,,Center Chains DGC at Hope A. Davey Park,Blue Tees,54,18,3,10:15:00,58,4,841,116,True,False,18,58,True,True,True
46036,2020,MA2,2,297346,138183,138183,,Round 2,2020-06-28,Chauncey Germain,926,Center Chains DGC at Hope A. Davey Park,Blue Tees,54,18,2,09:30:00,57,3,854,118,True,False,18,57,True,True,True
46036,2020,MA2,2,297346,name:abel warden,,,Round 2,2020-06-28,Abel Warden,,Center Chains DGC at Hope A. Davey Park,Blue Tees,54,18,2,10:00:00,59,5,829,118,True,False,18,59,True,True,True
46036,2020,MA2,2,297346,108913,108913,858,Round 2,2020-06-28,Evan Deslauriers,,Center Chains DGC at Hope A. Davey Park,Blue Tees,54,18,4,11:15:00,66,12,741,119,True,False,18,66,True,True,True
46036,2020,MA2,2,297346,137736,137736,,Round 2,2020-06-28,Logan Cooke,880,Center Chains DGC at Hope A. Davey Park,Blue Tees,54,18,2,09:45:00,60,6,816,120,True,False,18,60,True,True,True
46036,2020,MA2,2,297346,124203,124203,662,Round 2,2020-06-28,Ezra Koch,954,Center Chains DGC at Hope A. Davey Park,Blue Tees,54,18,1,09:15:00,60,6,816,124,True,False,18,60,True,True,True
46036,2020,MA2,2,297346,106970,106970,829,Round 2,2020-06-28,Stefan Farrell,852,Center Chains DGC at Hope A. Davey Park,Blue Tees,54,18,4,09:45:00,63,9,779,124,True,False,18,63,True,True,True
46036,2020,MA2,2,297346,137937,137937,,Round 2,2020-06-28,Peter Auclair,,Center Chains DGC at Hope A. Davey Park,Blue Tees,54,18,1,09:30:00,63,9,779,124,True,False,18,63,True,True,True
46036,2020,MA2,2,297346,name:nick garvey,,,Round 2,2020-06-28,Nick Garvey,,Center Chains DGC at Hope A. Davey Park,Blue Tees,54,18,3,09:30:00,63,9,779,124,True,False,18,63,True,True,True
46036,2020,MA2,2,297346,name:ryan gage,,,Round 2,2020-06-28,Ryan Gage,,Center Chains DGC at Hope A. Davey Park,Blue Tees,54,18,1,09:00:00,60,6,816,127,True,False,18,60,True,True,True
46036,2020,MA2,2,297346,133543,133543,,Round 2,2020-06-28,Damon Menard,,Center Chains DGC at Hope A. Davey Park,Blue Tees,54,18,2,09:15:00,64,10,766,128,True,False,18,64,True,True,True
46036,2020,MA2,2,297346,name:trevor bryce,,,Round 2,2020-06-28,Trevor Bryce,,Center Chains DGC at Hope A. Davey Park,Blue Tees,54,18,2,09:00:00,62,8,791,130,True,False,18,62,True,True,True
46036,2020,MA2,2,297346,name:eric corredera,,,Round 2,2020-06-28,Eric Corredera,,Center Chains DGC at Hope A. Davey Park,Blue Tees,54,18,3,09:00:00,63,9,779,131,True,False,18,63,True,True,True
46036,2020,MA2,2,297346,name:landon desroches,,,Round 2,2020-06-28,Landon Desroches,,Center Chains DGC at Hope A. Davey Park,Blue Tees,54,18,3,09:15:00,66,12,741,132,True,False,18,66,True,True,True
46036,2020,MA2,2,297346,141253,141253,,Round 2,2020-06-28,Braden Edwards,,Center Chains DGC at Hope A. Davey Park,Blue Tees,54,18,4,09:00:00,65,11,754,134,True,False,18,65,True,True,True
46036,2020,MA2,2,297346,131352,131352,,Round 2,2020-06-28,David Havens,816,Center Chains DGC at Hope A. Davey Park,Blue Tees,54,18,5,09:00:00,65,11,754,135,True,False,18,65,True,True,True
46036,2020,MA2,2,297346,name:jacob veeder,,,Round 2,2020-06-28,Jacob Veeder,,Center Chains DGC at Hope A. Davey Park,Blue Tees,54,18,4,09:15:00,69,15,704,135,True,False,18,69,True,True,True
46036,2020,MA40,1,297346,42057,42057,896,Round 1,2020-06-28,Seth McQuade,,Center Chains DGC at Hope A. Davey Park,Blue Tees,54,18,3,08:15:00,51,-3,929,105,True,False,18,51,True,True,True
46036,2020,MA40,1,297346,98275,98275,883,Round 1,2020-06-28,Donald Randall,872,Center Chains DGC at Hope A. Davey Park,Blue Tees,54,18,3,08:30:00,52,-2,916,111,True,False,18,52,True,True,True
46036,2020,MA40,1,297346,36062,36062,886,Round 1,2020-06-28,Andrew Powell,852,Center Chains DGC at Hope A. Davey Park,Blue Tees,54,18,2,08:15:00,53,-1,904,109,True,False,18,53,True,True,True
46036,2020,MA40,1,297346,83212,83212,839,Round 1,2020-06-28,Cory Barron,885,Center Chains DGC at Hope A. Davey Park,Blue Tees,54,18,1,08:30:00,55,1,879,113,True,False,18,55,True,True,True
46036,2020,MA40,1,297346,138402,138402,,Round 1,2020-06-28,Kenneth Antonich,,Center Chains DGC at Hope A. Davey Park,Blue Tees,54,18,2,08:30:00,57,3,854,108,True,False,18,57,True,True,True
46036,2020,MA40,1,297346,26235,26235,857,Round 1,2020-06-28,Adam Silva,843,Center Chains DGC at Hope A. Davey Park,Blue Tees,54,18,1,08:15:00,59,5,829,117,True,False,18,59,True,True,True
46036,2020,MA40,1,297346,109680,109680,904,Round 1,2020-06-28,David Rockwood,,Center Chains DGC at Hope A. Davey Park,Blue Tees,54,18,4,08:15:00,59,5,829,116,True,False,18,59,True,True,True
46036,2020,MA40,2,297346,42057,42057,896,Round 2,2020-06-28,Seth McQuade,,Center Chains DGC at Hope A. Davey Park,Blue Tees,54,18,1,08:30:00,54,0,891,105,True,False,18,54,True,True,True
46036,2020,MA40,2,297346,138402,138402,,Round 2,2020-06-28,Kenneth Antonich,,Center Chains DGC at Hope A. Davey Park,Blue Tees,54,18,1,08:15:00,51,-3,929,108,True,False,18,51,True,True,True
46036,2020,MA40,2,297346,36062,36062,886,Round 2,2020-06-28,Andrew Powell,852,Center Chains DGC at Hope A. Davey Park,Blue Tees,54,18,3,08:30:00,56,2,866,109,True,False,18,56,True,True,True
46036,2020,MA40,2,297346,98275,98275,883,Round 2,2020-06-28,Donald Randall,872,Center Chains DGC at Hope A. Davey Park,Blue Tees,54,18,2,08:30:00,59,5,829,111,True,False,18,59,True,True,True
46036,2020,MA40,2,297346,83212,83212,839,Round 2,2020-06-28,Cory Barron,885,Center Chains DGC at Hope A. Davey Park,Blue Tees,54,18,4,08:30:00,58,4,841,113,True,False,18,58,True,True,True
46036,2020,MA40,2,297346,109680,109680,904,Round 2,2020-06-28,David Rockwood,,Center Chains DGC at Hope A. Davey Park,Blue Tees,54,18,3,08:15:00,57,3,854,116,True,False,18,57,True,True,True
46036,2020,MA40,2,297346,26235,26235,857,Round 2,2020-06-28,Adam Silva,843,Center Chains DGC at Hope A. Davey Park,Blue Tees,54,18,2,08:15:00,58,4,841,117,True,False,18,58,True,True,True
46036,2020,MA50,1,297346,91301,91301,880,Round 1,2020-06-28,Michael A. Stridsberg,898,Center Chains DGC at Hope A. Davey Park,Blue Tees,54,18,3,11:45:00,51,-3,929,99,True,False,18,51,True,True,True
46036,2020,MA50,1,297346,75326,75326,884,Round 1,2020-06-28,Gary Vigue,,Center Chains DGC at Hope A. Davey Park,Blue Tees,54,18,1,11:30:00,53,-1,904,111,True,False,18,53,True,True,True
46036,2020,MA50,1,297346,139113,139113,,Round 1,2020-06-28,Norman Wedge,859,Center Chains DGC at Hope A. Davey Park,Blue Tees,54,18,2,11:30:00,55,1,879,115,True,False,18,55,True,True,True
46036,2020,MA50,1,297346,130713,130713,,Round 1,2020-06-28,Ian Martin,902,Center Chains DGC at Hope A. Davey Park,Blue Tees,54,18,4,11:45:00,56,2,866,111,True,False,18,56,True,True,True
46036,2020,MA50,1,297346,74478,74478,862,Round 1,2020-06-28,John Sudarsky,845,Center Chains DGC at Hope A. Davey Park,Blue Tees,54,18,1,11:45:00,57,3,854,111,True,False,18,57,True,True,True
46036,2020,MA50,1,297346,name:charles abry,,,Round 1,2020-06-28,Charles Abry,,Center Chains DGC at Hope A. Davey Park,Blue Tees,54,18,3,11:30:00,59,5,829,117,True,False,18,59,True,True,True
46036,2020,MA50,1,297346,name:mark stirewalt,,,Round 1,2020-06-28,Mark Stirewalt,,Center Chains DGC at Hope A. Davey Park,Blue Tees,54,18,4,11:30:00,59,5,829,123,True,False,18,59,True,True,True
46036,2020,MA50,1,297346,88570,88570,737,Round 1,2020-06-28,Michael Ray,,Center Chains DGC at Hope A. Davey Park,Blue Tees,54,18,2,11:45:00,70,16,691,139,True,False,18,70,True,True,True
46036,2020,MA50,2,297346,91301,91301,880,Round 2,2020-06-28,Michael A. Stridsberg,898,Center Chains DGC at Hope A. Davey Park,Blue Tees,54,18,1,14:00:00,48,-6,966,99,True,False,18,48,True,True,True
46036,2020,MA50,2,297346,74478,74478,862,Round 2,2020-06-28,John Sudarsky,845,Center Chains DGC at Hope A. Davey Park,Blue Tees,54,18,1,13:45:00,54,0,891,111,True,False,18,54,True,True,True
46036,2020,MA50,2,297346,130713,130713,,Round 2,2020-06-28,Ian Martin,902,Center Chains DGC at Hope A. Davey Park,Blue Tees,54,18,4,14:00:00,55,1,879,111,True,False,18,55,True,True,True
46036,2020,MA50,2,297346,75326,75326,884,Round 2,2020-06-28,Gary Vigue,,Center Chains DGC at Hope A. Davey Park,Blue Tees,54,18,2,14:00:00,58,4,841,111,True,False,18,58,True,True,True
46036,2020,MA50,2,297346,139113,139113,,Round 2,2020-06-28,Norman Wedge,859,Center Chains DGC at Hope A. Davey Park,Blue Tees,54,18,3,14:00:00,60,6,816,115,True,False,18,60,True,True,True
46036,2020,MA50,2,297346,name:charles abry,,,Round 2,2020-06-28,Charles Abry,,Center Chains DGC at Hope A. Davey Park,Blue Tees,54,18,2,13:45:00,58,4,841,117,True,False,18,58,True,True,True
46036,2020,MA50,2,297346,name:mark stirewalt,,,Round 2,2020-06-28,Mark Stirewalt,,Center Chains DGC at Hope A. Davey Park,Blue Tees,54,18,3,13:45:00,64,10,766,123,True,False,18,64,True,True,True
46036,2020,MA50,2,297346,88570,88570,737,Round 2,2020-06-28,Michael Ray,,Center Chains DGC at Hope A. Davey Park,Blue Tees,54,18,4,13:45:00,69,15,704,139,True,False,18,69,True,True,True
46036,2020,MP50,1,297346,84880,84880,909,Round 1,2020-06-28,Marcos Miller,,Center Chains DGC at Hope A. Davey Park,Blue Tees,54,18,3,14:00:00,51,-3,929,106,True,False,18,51,True,True,True
46036,2020,MP50,1,297346,77623,77623,920,Round 1,2020-06-28,Cary Powell,909,Center Chains DGC at Hope A. Davey Park,Blue Tees,54,18,2,14:00:00,54,0,891,105,True,False,18,54,True,True,True
46036,2020,MP50,1,297346,32401,32401,904,Round 1,2020-06-28,Todd Holmes,940,Center Chains DGC at Hope A. Davey Park,Blue Tees,54,18,3,,56,2,866,110,True,False,18,56,True,True,True
46036,2020,MP50,1,297346,62850,62850,876,Round 1,2020-06-28,George Brown,864,Center Chains DGC at Hope A. Davey Park,Blue Tees,54,18,1,14:00:00,58,4,841,120,True,False,18,58,True,True,True
46036,2020,MP50,2,297346,77623,77623,920,Round 2,2020-06-28,Cary Powell,909,Center Chains DGC at Hope A. Davey Park,Blue Tees,54,18,2,14:15:00,51,-3,929,105,True,False,18,51,True,True,True
46036,2020,MP50,2,297346,84880,84880,909,Round 2,2020-06-28,Marcos Miller,,Center Chains DGC at Hope A. Davey Park,Blue Tees,54,18,1,14:15:00,55,1,879,106,True,False,18,55,True,True,True
46036,2020,MP50,2,297346,32401,32401,904,Round 2,2020-06-28,Todd Holmes,940,Center Chains DGC at Hope A. Davey Park,Blue Tees,54,18,3,14:15:00,54,0,891,110,True,False,18,54,True,True,True
46036,2020,MP50,2,297346,62850,62850,876,Round 2,2020-06-28,George Brown,864,Center Chains DGC at Hope A. Davey Park,Blue Tees,54,18,4,14:15:00,62,8,791,120,True,False,18,62,True,True,True
46036,2020,MPO,1,297346,103627,103627,963,Round 1,2020-06-28,Clayton Davis,,Center Chains DGC at Hope A. Davey Park,Blue Tees,54,18,2,16:00:00,46,-8,992,95,True,False,18,46,True,True,True
46036,2020,MPO,1,297346,55953,55953,968,Round 1,2020-06-28,Finlay Buchanan-Jacobs,971,Center Chains DGC at Hope A. Davey Park,Blue Tees,54,18,1,15:30:00,47,-7,979,96,True,False,18,47,True,True,True
46036,2020,MPO,1,297346,15089,15089,949,Round 1,2020-06-28,Jeremy JJ Becker,887,Center Chains DGC at Hope A. Davey Park,Blue Tees,54,18,1,14:30:00,48,-6,966,108,True,False,18,48,True,True,True
46036,2020,MPO,1,297346,78132,78132,919,Round 1,2020-06-28,Jairus Larson,,Center Chains DGC at Hope A. Davey Park,Blue Tees,54,18,3,14:30:00,49,-5,954,108,True,False,18,49,True,True,True
46036,2020,MPO,1,297346,96621,96621,954,Round 1,2020-06-28,Jeremy McKittrick,932,Center Chains DGC at Hope A. Davey Park,Blue Tees,54,18,2,15:30:00,49,-5,954,99,True,False,18,49,True,True,True
46036,2020,MPO,1,297346,119003,119003,917,Round 1,2020-06-28,Joshua Wedel,942,Center Chains DGC at Hope A. Davey Park,Blue Tees,54,18,4,15:00:00,49,-5,954,104,True,False,18,49,True,True,True
46036,2020,MPO,1,297346,24381,24381,941,Round 1,2020-06-28,Chris Young,937,Center Chains DGC at Hope A. Davey Park,Blue Tees,54,18,1,16:00:00,50,-4,941,102,True,False,18,50,True,True,True
46036,2020,MPO,1,297346,136903,136903,,Round 1,2020-06-28,Alex Ferguson,957,Center Chains DGC at Hope A. Davey Park,Blue Tees,54,18,3,15:00:00,51,-3,929,98,True,False,18,51,True,True,True
46036,2020,MPO,1,297346,81523,81523,960,Round 1,2020-06-28,Zack Leffler,,Center Chains DGC at Hope A. Davey Park,Blue Tees,54,18,3,16:00:00,52,-2,916,102,True,False,18,52,True,True,True
46036,2020,MPO,1,297346,93414,93414,935,Round 1,2020-06-28,Joshua Lemieux,961,Center Chains DGC at Hope A. Davey Park,Blue Tees,54,18,1,14:45:00,52,-2,916,103,True,False,18,52,True,True,True
46036,2020,MPO,1,297346,109051,109051,893,Round 1,2020-06-28,Taylor Jones,866,Center Chains DGC at Hope A. Davey Park,Blue Tees,54,18,1,15:00:00,52,-2,916,106,True,False,18,52,True,True,True
46036,2020,MPO,1,297346,109749,109749,882,Round 1,2020-06-28,Taylor Douglass,,Center Chains DGC at Hope A. Davey Park,Blue Tees,54,18,3,15:15:00,52,-2,916,105,True,False,18,52,True,True,True
46036,2020,MPO,1,297346,122739,122739,925,Round 1,2020-06-28,Adam Green,977,Center Chains DGC at Hope A. Davey Park,Blue Tees,54,18,2,15:00:00,52,-2,916,98,True,False,18,52,True,True,True
46036,2020,MPO,1,297346,27112,27112,934,Round 1,2020-06-28,David Frothingham,,Center Chains DGC at Hope A. Davey Park,Blue Tees,54,18,1,15:45:00,53,-1,904,104,True,False,18,53,True,True,True
46036,2020,MPO,1,297346,74240,74240,945,Round 1,2020-06-28,Christopher Martin,962,Center Chains DGC at Hope A. Davey Park,Blue Tees,54,18,2,15:45:00,53,-1,904,103,True,False,18,53,True,True,True
46036,2020,MPO,1,297346,99260,99260,901,Round 1,2020-06-28,Matthew Martell,880,Center Chains DGC at Hope A. Davey Park,Blue Tees,54,18,2,14:45:00,53,-1,904,108,True,False,18,53,True,True,True
46036,2020,MPO,1,297346,108989,108989,898,Round 1,2020-06-28,Erik Osborne,,Center Chains DGC at Hope A. Davey Park,Blue Tees,54,18,2,15:15:00,53,-1,904,107,True,False,18,53,True,True,True
46036,2020,MPO,1,297346,114674,114674,913,Round 1,2020-06-28,Jordan Lamson,,Center Chains DGC at Hope A. Davey Park,Blue Tees,54,18,2,14:30:00,53,-1,904,104,True,False,18,53,True,True,True
46036,2020,MPO,1,297346,name:robert wix,,,Round 1,2020-06-28,Robert Wix,,Center Chains DGC at Hope A. Davey Park,Blue Tees,54,18,4,14:45:00,53,-1,904,109,True,False,18,53,True,True,True
46036,2020,MPO,1,297346,107234,107234,880,Round 1,2020-06-28,Sebastian Marshall,,Center Chains DGC at Hope A. Davey Park,Blue Tees,54,18,3,14:45:00,54,0,891,111,True,False,18,54,True,True,True
46036,2020,MPO,1,297346,130922,130922,,Round 1,2020-06-28,James Bowley,,Center Chains DGC at Hope A. Davey Park,Blue Tees,54,18,4,15:45:00,54,0,891,110,True,False,18,54,True,True,True
46036,2020,MPO,1,297346,116370,116370,906,Round 1,2020-06-28,Tyler Moriarty,,Center Chains DGC at Hope A. Davey Park,Blue Tees,54,18,4,16:00:00,55,1,879,109,True,False,18,55,True,True,True
46036,2020,MPO,1,297346,111874,111874,895,Round 1,2020-06-28,Jack Towne,,Center Chains DGC at Hope A. Davey Park,Blue Tees,54,18,4,15:15:00,57,3,854,106,True,False,18,57,True,True,True
46036,2020,MPO,1,297346,77274,77274,969,Round 1,2020-06-28,tom shanley,984,Center Chains DGC at Hope A. Davey Park,Blue Tees,54,18,3,15:45:00,60,6,816,109,True,False,18,60,True,True,True
46036,2020,MPO,2,297346,103627,103627,963,Round 2,2020-06-28,Clayton Davis,,Center Chains DGC at Hope A. Davey Park,Blue Tees,54,18,1,16:00:00,49,-5,954,95,True,False,18,49,True,True,True
46036,2020,MPO,2,297346,55953,55953,968,Round 2,2020-06-28,Finlay Buchanan-Jacobs,971,Center Chains DGC at Hope A. Davey Park,Blue Tees,54,18,2,16:00:00,49,-5,954,96,True,False,18,49,True,True,True
46036,2020,MPO,2,297346,122739,122739,925,Round 2,2020-06-28,Adam Green,977,Center Chains DGC at Hope A. Davey Park,Blue Tees,54,18,2,15:15:00,46,-8,992,98,True,False,18,46,True,True,True
46036,2020,MPO,2,297346,136903,136903,,Round 2,2020-06-28,Alex Ferguson,957,Center Chains DGC at Hope A. Davey Park,Blue Tees,54,18,1,15:30:00,47,-7,979,98,True,False,18,47,True,True,True
46036,2020,MPO,2,297346,96621,96621,954,Round 2,2020-06-28,Jeremy McKittrick,932,Center Chains DGC at Hope A. Davey Park,Blue Tees,54,18,1,15:45:00,50,-4,941,99,True,False,18,50,True,True,True
46036,2020,MPO,2,297346,81523,81523,960,Round 2,2020-06-28,Zack Leffler,,Center Chains DGC at Hope A. Davey Park,Blue Tees,54,18,2,15:30:00,50,-4,941,102,True,False,18,50,True,True,True
46036,2020,MPO,2,297346,24381,24381,941,Round 2,2020-06-28,Chris Young,937,Center Chains DGC at Hope A. Davey Park,Blue Tees,54,18,3,15:45:00,52,-2,916,102,True,False,18,52,True,True,True
46036,2020,MPO,2,297346,74240,74240,945,Round 2,2020-06-28,Christopher Martin,962,Center Chains DGC at Hope A. Davey Park,Blue Tees,54,18,4,15:15:00,50,-4,941,103,True,False,18,50,True,True,True
46036,2020,MPO,2,297346,93414,93414,935,Round 2,2020-06-28,Joshua Lemieux,961,Center Chains DGC at Hope A. Davey Park,Blue Tees,54,18,3,15:30:00,51,-3,929,103,True,False,18,51,True,True,True
46036,2020,MPO,2,297346,27112,27112,934,Round 2,2020-06-28,David Frothingham,,Center Chains DGC at Hope A. Davey Park,Blue Tees,54,18,3,15:15:00,51,-3,929,104,True,False,18,51,True,True,True
46036,2020,MPO,2,297346,114674,114674,913,Round 2,2020-06-28,Jordan Lamson,,Center Chains DGC at Hope A. Davey Park,Blue Tees,54,18,3,15:00:00,51,-3,929,104,True,False,18,51,True,True,True
46036,2020,MPO,2,297346,119003,119003,917,Round 2,2020-06-28,Joshua Wedel,942,Center Chains DGC at Hope A. Davey Park,Blue Tees,54,18,2,15:45:00,55,1,879,104,True,False,18,55,True,True,True
46036,2020,MPO,2,297346,109749,109749,882,Round 2,2020-06-28,Taylor Douglass,,Center Chains DGC at Hope A. Davey Park,Blue Tees,54,18,1,15:15:00,53,-1,904,105,True,False,18,53,True,True,True
46036,2020,MPO,2,297346,111874,111874,895,Round 2,2020-06-28,Jack Towne,,Center Chains DGC at Hope A. Davey Park,Blue Tees,54,18,3,14:30:00,49,-5,954,106,True,False,18,49,True,True,True
46036,2020,MPO,2,297346,109051,109051,893,Round 2,2020-06-28,Taylor Jones,866,Center Chains DGC at Hope A. Davey Park,Blue Tees,54,18,4,15:30:00,54,0,891,106,True,False,18,54,True,True,True
46036,2020,MPO,2,297346,108989,108989,898,Round 2,2020-06-28,Erik Osborne,,Center Chains DGC at Hope A. Davey Park,Blue Tees,54,18,2,15:00:00,54,0,891,107,True,False,18,54,True,True,True
46036,2020,MPO,2,297346,99260,99260,901,Round 2,2020-06-28,Matthew Martell,880,Center Chains DGC at Hope A. Davey Park,Blue Tees,54,18,1,15:00:00,55,1,879,108,True,False,18,55,True,True,True
46036,2020,MPO,2,297346,78132,78132,919,Round 2,2020-06-28,Jairus Larson,,Center Chains DGC at Hope A. Davey Park,Blue Tees,54,18,4,16:00:00,59,5,829,108,True,False,18,59,True,True,True
46036,2020,MPO,2,297346,15089,15089,949,Round 2,2020-06-28,Jeremy JJ Becker,887,Center Chains DGC at Hope A. Davey Park,Blue Tees,54,18,3,16:00:00,60,6,816,108,True,False,18,60,True,True,True
46036,2020,MPO,2,297346,77274,77274,969,Round 2,2020-06-28,tom shanley,984,Center Chains DGC at Hope A. Davey Park,Blue Tees,54,18,4,14:30:00,49,-5,954,109,True,False,18,49,True,True,True
46036,2020,MPO,2,297346,116370,116370,906,Round 2,2020-06-28,Tyler Moriarty,,Center Chains DGC at Hope A. Davey Park,Blue Tees,54,18,2,14:30:00,54,0,891,109,True,False,18,54,True,True,True
46036,2020,MPO,2,297346,name:robert wix,,,Round 2,2020-06-28,Robert Wix,,Center Chains DGC at Hope A. Davey Park,Blue Tees,54,18,1,14:45:00,56,2,866,109,True,False,18,56,True,True,True
46036,2020,MPO,2,297346,130922,130922,,Round 2,2020-06-28,James Bowley,,Center Chains DGC at Hope A. Davey Park,Blue Tees,54,18,3,14:45:00,56,2,866,110,True,False,18,56,True,True,True
46036,2020,MPO,2,297346,107234,107234,880,Round 2,2020-06-28,Sebastian Marshall,,Center Chains DGC at Hope A. Davey Park,Blue Tees,54,18,2,14:45:00,57,3,854,111,True,False,18,57,True,True,True
46247,2020,FA1,1,301676,132857,132857,,Round 1,2020-07-12,Serena Lamson,,Black Falls Disc Golf Course,Silver tee-Silver basket,54,18,1,11:45:00,54,0,857,115,True,False,18,54,True,True,True
46247,2020,FA1,1,301676,name:kelly brooks,,,Round 1,2020-07-12,Kelly Brooks,,Black Falls Disc Golf Course,Silver tee-Silver basket,54,18,2,11:45:00,65,11,709,132,True,False,18,65,True,True,True
46247,2020,FA1,1,301676,name:kayla neumeister,,,Round 1,2020-07-12,Kayla Neumeister,,Black Falls Disc Golf Course,Silver tee-Silver basket,54,18,3,11:45:00,67,13,682,136,True,False,18,67,True,True,True
46247,2020,FA1,2,301676,132857,132857,,Round 2,2020-07-12,Serena Lamson,,Black Falls Disc Golf Course,Silver tee-Silver basket,54,18,1,11:45:00,61,7,763,115,True,False,18,61,True,True,True
46247,2020,FA1,2,301676,name:kelly brooks,,,Round 2,2020-07-12,Kelly Brooks,,Black Falls Disc Golf Course,Silver tee-Silver basket,54,18,2,11:45:00,67,13,682,132,True,False,18,67,True,True,True
46247,2020,FA1,2,301676,name:kayla neumeister,,,Round 2,2020-07-12,Kayla Neumeister,,Black Falls Disc Golf Course,Silver tee-Silver basket,54,18,3,11:45:00,69,15,655,136,True,False,18,69,True,True,True
46247,2020,FA2,1,301676,name:jill betts,,,Round 1,2020-07-12,Jill Betts,,Black Falls Disc Golf Course,Silver tee-Silver basket,54,18,1,11:30:00,64,10,722,127,True,False,18,64,True,True,True
46247,2020,FA2,1,301676,name:sarah silva,,,Round 1,2020-07-12,Sarah Silva,,Black Falls Disc Golf Course,Silver tee-Silver basket,54,18,2,11:30:00,65,11,709,130,True,False,18,65,True,True,True
46247,2020,FA2,1,301676,name:gretchen umland,,,Round 1,2020-07-12,Gretchen Umland,,Black Falls Disc Golf Course,Silver tee-Silver basket,54,18,3,11:30:00,69,15,655,135,True,False,18,69,True,True,True
46247,2020,FA2,2,301676,name:jill betts,,,Round 2,2020-07-12,Jill Betts,,Black Falls Disc Golf Course,Silver tee-Silver basket,54,18,1,11:30:00,63,9,736,127,True,False,18,63,True,True,True
46247,2020,FA2,2,301676,name:sarah silva,,,Round 2,2020-07-12,Sarah Silva,,Black Falls Disc Golf Course,Silver tee-Silver basket,54,18,2,11:30:00,65,11,709,130,True,False,18,65,True,True,True
46247,2020,FA2,2,301676,name:gretchen umland,,,Round 2,2020-07-12,Gretchen Umland,,Black Falls Disc Golf Course,Silver tee-Silver basket,54,18,3,11:30:00,66,12,695,135,True,False,18,66,True,True,True
46247,2020,FJ12,1,301676,125884,125884,503,Round 1,2020-07-12,Kaidence Moore,809,Black Falls Disc Golf Course,Silver tee-Silver basket,54,18,2,09:30:00,66,12,695,133,True,False,18,66,True,True,True
46247,2020,FJ12,2,301676,125884,125884,503,Round 2,2020-07-12,Kaidence Moore,809,Black Falls Disc Golf Course,Silver tee-Silver basket,54,18,2,09:30:00,67,13,682,133,True,False,18,67,True,True,True
46247,2020,MA1,1,301671,98280,98280,931,Round 1,2020-07-12,Nicholas Reilly,932,Black Falls Disc Golf Course,Gold tee-Gold basket,57,18,1,13:15:00,57,0,963,123,True,False,18,57,True,True,True
46247,2020,MA1,1,301671,103738,103738,898,Round 1,2020-07-12,Maxx Perry,,Black Falls Disc Golf Course,Gold tee-Gold basket,57,18,1,13:30:00,58,1,954,127,True,False,18,58,True,True,True
46247,2020,MA1,1,301671,121418,121418,925,Round 1,2020-07-12,Brian Charash,,Black Falls Disc Golf Course,Gold tee-Gold basket,57,18,4,12:30:00,60,3,935,123,True,False,18,60,True,True,True
46247,2020,MA1,1,301671,96355,96355,896,Round 1,2020-07-12,Louis Annino,906,Black Falls Disc Golf Course,Gold tee-Gold basket,57,18,4,13:30:00,62,5,916,125,True,False,18,62,True,True,True
46247,2020,MA1,1,301671,121362,121362,892,Round 1,2020-07-12,Jonathan Russo,951,Black Falls Disc Golf Course,Gold tee-Gold basket,57,18,3,12:30:00,62,5,916,118,True,False,18,62,True,True,True
46247,2020,MA1,1,301671,141251,141251,,Round 1,2020-07-12,Owen Wood,939,Black Falls Disc Golf Course,Gold tee-Gold basket,57,18,3,12:45:00,62,5,916,127,True,False,18,62,True,True,True
46247,2020,MA1,1,301671,110707,110707,879,Round 1,2020-07-12,Jason Wilson,927,Black Falls Disc Golf Course,Gold tee-Gold basket,57,18,3,13:30:00,63,6,907,,True,False,18,63,True,True,True
46247,2020,MA1,1,301671,136937,136937,,Round 1,2020-07-12,Zach Bossier,,Black Falls Disc Golf Course,Gold tee-Gold basket,57,18,2,09:45:00,63,6,907,118,True,False,18,63,True,True,True
46247,2020,MA1,1,301671,27512,27512,918,Round 1,2020-07-12,Jason Parker,924,Black Falls Disc Golf Course,Gold tee-Gold basket,57,18,1,12:45:00,64,7,897,129,True,False,18,64,True,True,True
46247,2020,MA1,1,301671,106294,106294,896,Round 1,2020-07-12,Scott McCamp,,Black Falls Disc Golf Course,Gold tee-Gold basket,57,18,2,13:30:00,64,7,897,127,True,False,18,64,True,True,True
46247,2020,MA1,1,301671,118928,118928,909,Round 1,2020-07-12,Tyler Pomichter,926,Black Falls Disc Golf Course,Gold tee-Gold basket,57,18,3,13:00:00,64,7,897,126,True,False,18,64,True,True,True
46247,2020,MA1,1,301671,42420,42420,931,Round 1,2020-07-12,Patrick Harris,906,Black Falls Disc Golf Course,Gold tee-Gold basket,57,18,1,12:30:00,66,9,878,124,True,False,18,66,True,True,True
46247,2020,MA1,1,301671,100885,100885,908,Round 1,2020-07-12,Jacob Moore,945,Black Falls Disc Golf Course,Gold tee-Gold basket,57,18,1,13:00:00,66,9,878,125,True,False,18,66,True,True,True
46247,2020,MA1,1,301671,131201,131201,,Round 1,2020-07-12,Tyler LaPerle,973,Black Falls Disc Golf Course,Gold tee-Gold basket,57,18,4,13:00:00,66,9,878,129,True,False,18,66,True,True,True
46247,2020,MA1,1,301671,109604,109604,910,Round 1,2020-07-12,Jeremy Hulsey,914,Black Falls Disc Golf Course,Gold tee-Gold basket,57,18,2,13:00:00,67,10,869,131,True,False,18,67,True,True,True
46247,2020,MA1,1,301671,120721,120721,883,Round 1,2020-07-12,Kurtis Rogers,903,Black Falls Disc Golf Course,Gold tee-Gold basket,57,18,3,09:45:00,68,11,860,134,True,False,18,68,True,True,True
46247,2020,MA1,1,301671,73588,73588,881,Round 1,2020-07-12,Will Cleland,910,Black Falls Disc Golf Course,Gold tee-Gold basket,57,18,1,09:45:00,69,12,850,137,True,False,18,69,True,True,True
46247,2020,MA1,1,301671,128670,128670,,Round 1,2020-07-12,Steven Colbert,,Black Falls Disc Golf Course,Gold tee-Gold basket,57,18,2,13:15:00,70,13,841,133,True,False,18,70,True,True,True
46247,2020,MA1,1,301671,137408,137408,,Round 1,2020-07-12,Aaron Gingras,,Black Falls Disc Golf Course,Gold tee-Gold basket,57,18,2,12:45:00,70,13,841,144,True,False,18,70,True,True,True
46247,2020,MA1,1,301671,96154,96154,844,Round 1,2020-07-12,Travis Jacques,871,Black Falls Disc Golf Course,Gold tee-Gold basket,57,18,2,12:30:00,71,14,832,138,True,False,18,71,True,True,True
46247,2020,MA1,1,301671,136942,136942,,Round 1,2020-07-12,Christopher Larock,,Black Falls Disc Golf Course,Gold tee-Gold basket,57,18,4,,73,16,813,155,True,False,18,73,True,True,True
46247,2020,MA1,1,301671,138544,138544,,Round 1,2020-07-12,Chaz Sheperd,924,Black Falls Disc Golf Course,Gold tee-Gold basket,57,18,3,13:15:00,74,17,803,148,True,False,18,74,True,True,True
46247,2020,MA1,2,301671,121362,121362,892,Round 2,2020-07-12,Jonathan Russo,951,Black Falls Disc Golf Course,Gold tee-Gold basket,57,18,1,13:00:00,56,-1,972,118,True,False,18,56,True,True,True
46247,2020,MA1,2,301671,136937,136937,,Round 2,2020-07-12,Zach Bossier,,Black Falls Disc Golf Course,Gold tee-Gold basket,57,18,4,13:00:00,55,-2,982,118,True,False,18,55,True,True,True
46247,2020,MA1,2,301671,121418,121418,925,Round 2,2020-07-12,Brian Charash,,Black Falls Disc Golf Course,Gold tee-Gold basket,57,18,3,13:15:00,63,6,907,123,True,False,18,63,True,True,True
46247,2020,MA1,2,301671,98280,98280,931,Round 2,2020-07-12,Nicholas Reilly,932,Black Falls Disc Golf Course,Gold tee-Gold basket,57,18,1,13:15:00,66,9,878,123,True,False,18,66,True,True,True
46247,2020,MA1,2,301671,42420,42420,931,Round 2,2020-07-12,Patrick Harris,906,Black Falls Disc Golf Course,Gold tee-Gold basket,57,18,4,12:45:00,58,1,954,124,True,False,18,58,True,True,True
46247,2020,MA1,2,301671,100885,100885,908,Round 2,2020-07-12,Jacob Moore,945,Black Falls Disc Golf Course,Gold tee-Gold basket,57,18,1,12:30:00,59,2,944,125,True,False,18,59,True,True,True
46247,2020,MA1,2,301671,96355,96355,896,Round 2,2020-07-12,Louis Annino,906,Black Falls Disc Golf Course,Gold tee-Gold basket,57,18,4,13:15:00,63,6,907,125,True,False,18,63,True,True,True
46247,2020,MA1,2,301671,118928,118928,909,Round 2,2020-07-12,Tyler Pomichter,926,Black Falls Disc Golf Course,Gold tee-Gold basket,57,18,3,12:45:00,62,5,916,126,True,False,18,62,True,True,True
46247,2020,MA1,2,301671,106294,106294,896,Round 2,2020-07-12,Scott McCamp,,Black Falls Disc Golf Course,Gold tee-Gold basket,57,18,2,12:45:00,63,6,907,127,True,False,18,63,True,True,True
46247,2020,MA1,2,301671,141251,141251,,Round 2,2020-07-12,Owen Wood,939,Black Falls Disc Golf Course,Gold tee-Gold basket,57,18,2,13:00:00,65,8,888,127,True,False,18,65,True,True,True
46247,2020,MA1,2,301671,103738,103738,898,Round 2,2020-07-12,Maxx Perry,,Black Falls Disc Golf Course,Gold tee-Gold basket,57,18,2,13:15:00,69,12,850,127,True,False,18,69,True,True,True
46247,2020,MA1,2,301671,131201,131201,,Round 2,2020-07-12,Tyler LaPerle,973,Black Falls Disc Golf Course,Gold tee-Gold basket,57,18,2,12:30:00,63,6,907,129,True,False,18,63,True,True,True
46247,2020,MA1,2,301671,27512,27512,918,Round 2,2020-07-12,Jason Parker,924,Black Falls Disc Golf Course,Gold tee-Gold basket,57,18,1,12:45:00,65,8,888,129,True,False,18,65,True,True,True
46247,2020,MA1,2,301671,109604,109604,910,Round 2,2020-07-12,Jeremy Hulsey,914,Black Falls Disc Golf Course,Gold tee-Gold basket,57,18,3,12:30:00,64,7,897,131,True,False,18,64,True,True,True
46247,2020,MA1,2,301671,128670,128670,,Round 2,2020-07-12,Steven Colbert,,Black Falls Disc Golf Course,Gold tee-Gold basket,57,18,2,09:45:00,63,6,907,133,True,False,18,63,True,True,True
46247,2020,MA1,2,301671,120721,120721,883,Round 2,2020-07-12,Kurtis Rogers,903,Black Falls Disc Golf Course,Gold tee-Gold basket,57,18,4,12:30:00,66,9,878,134,True,False,18,66,True,True,True
46247,2020,MA1,2,301671,73588,73588,881,Round 2,2020-07-12,Will Cleland,910,Black Falls Disc Golf Course,Gold tee-Gold basket,57,18,1,09:45:00,68,11,860,137,True,False,18,68,True,True,True
46247,2020,MA1,2,301671,96154,96154,844,Round 2,2020-07-12,Travis Jacques,871,Black Falls Disc Golf Course,Gold tee-Gold basket,57,18,1,12:15:00,67,10,869,138,True,False,18,67,True,True,True
46247,2020,MA1,2,301671,137408,137408,,Round 2,2020-07-12,Aaron Gingras,,Black Falls Disc Golf Course,Gold tee-Gold basket,57,18,3,09:45:00,74,17,803,144,True,False,18,74,True,True,True
46247,2020,MA1,2,301671,138544,138544,,Round 2,2020-07-12,Chaz Sheperd,924,Black Falls Disc Golf Course,Gold tee-Gold basket,57,18,3,12:15:00,74,17,803,148,True,False,18,74,True,True,True
46247,2020,MA1,2,301671,136942,136942,,Round 2,2020-07-12,Christopher Larock,,Black Falls Disc Golf Course,Gold tee-Gold basket,57,18,2,12:15:00,82,25,728,155,True,False,18,82,True,True,True
46247,2020,MA1,2,301671,110707,110707,879,Round 2,2020-07-12,Jason Wilson,927,Black Falls Disc Golf Course,Gold tee-Gold basket,57,18,3,13:00:00,89,942,,,True,False,18,89,True,True,True
46247,2020,MA2,1,301676,84935,84935,883,Round 1,2020-07-12,Droo Fisher,866,Black Falls Disc Golf Course,Silver tee-Silver basket,54,18,1,11:15:00,49,-5,924,110,True,False,18,49,True,True,True
46247,2020,MA2,1,301676,140039,140039,,Round 1,2020-07-12,Ian Rooney,907,Black Falls Disc Golf Course,Silver tee-Silver basket,54,18,4,11:00:00,50,-4,911,106,True,False,18,50,True,True,True
46247,2020,MA2,1,301676,137984,137984,,Round 1,2020-07-12,Tristan Bryce,,Black Falls Disc Golf Course,Silver tee-Silver basket,54,18,4,11:15:00,51,-3,897,104,True,False,18,51,True,True,True
46247,2020,MA2,1,301676,140272,140272,,Round 1,2020-07-12,Seth Tilford,,Black Falls Disc Golf Course,Silver tee-Silver basket,54,18,3,10:00:00,51,-3,897,102,True,False,18,51,True,True,True
46247,2020,MA2,1,301676,109527,109527,862,Round 1,2020-07-12,Mike Wenzel,901,Black Falls Disc Golf Course,Silver tee-Silver basket,54,18,2,11:15:00,52,-2,884,104,True,False,18,52,True,True,True
46247,2020,MA2,1,301676,93062,93062,857,Round 1,2020-07-12,Tom Slimm,,Black Falls Disc Golf Course,Silver tee-Silver basket,54,18,2,10:30:00,53,-1,871,105,True,False,18,53,True,True,True
46247,2020,MA2,1,301676,138042,138042,,Round 1,2020-07-12,Russell Freeman,925,Black Falls Disc Golf Course,Silver tee-Silver basket,54,18,3,10:30:00,53,-1,871,108,True,False,18,53,True,True,True
46247,2020,MA2,1,301676,139502,139502,,Round 1,2020-07-12,Brendan Marineau,,Black Falls Disc Golf Course,Silver tee-Silver basket,54,18,2,10:15:00,53,-1,871,107,True,False,18,53,True,True,True
46247,2020,MA2,1,301676,name:conor giard,,,Round 1,2020-07-12,Conor Giard,,Black Falls Disc Golf Course,Silver tee-Silver basket,54,18,4,10:30:00,53,-1,871,107,True,False,18,53,True,True,True
46247,2020,MA2,1,301676,name:landon desroches,,,Round 1,2020-07-12,Landon Desroches,,Black Falls Disc Golf Course,Silver tee-Silver basket,54,18,3,11:00:00,53,-1,871,111,True,False,18,53,True,True,True
46247,2020,MA2,1,301676,name:nathan beningson,,,Round 1,2020-07-12,Nathan Beningson,,Black Falls Disc Golf Course,Silver tee-Silver basket,54,18,2,11:00:00,54,0,857,108,True,False,18,54,True,True,True
46247,2020,MA2,1,301676,137937,137937,,Round 1,2020-07-12,Peter Auclair,,Black Falls Disc Golf Course,Silver tee-Silver basket,54,18,4,10:15:00,55,1,844,117,True,False,18,55,True,True,True
46247,2020,MA2,1,301676,name:dan rico,,,Round 1,2020-07-12,Dan Rico,,Black Falls Disc Golf Course,Silver tee-Silver basket,54,18,3,11:15:00,55,1,844,109,True,False,18,55,True,True,True
46247,2020,MA2,1,301676,name:trevor bryce,,,Round 1,2020-07-12,Trevor Bryce,,Black Falls Disc Golf Course,Silver tee-Silver basket,54,18,4,10:45:00,55,1,844,113,True,False,18,55,True,True,True
46247,2020,MA2,1,301676,125328,125328,,Round 1,2020-07-12,Dana Carpenter,,Black Falls Disc Golf Course,Silver tee-Silver basket,54,18,1,10:15:00,56,2,830,110,True,False,18,56,True,True,True
46247,2020,MA2,1,301676,128700,128700,,Round 1,2020-07-12,Peter McCarthy,,Black Falls Disc Golf Course,Silver tee-Silver basket,54,18,1,10:00:00,56,2,830,108,True,False,18,56,True,True,True
46247,2020,MA2,1,301676,131352,131352,,Round 1,2020-07-12,David Havens,816,Black Falls Disc Golf Course,Silver tee-Silver basket,54,18,1,11:00:00,56,2,830,116,True,False,18,56,True,True,True
46247,2020,MA2,1,301676,26235,26235,857,Round 1,2020-07-12,Adam Silva,843,Black Falls Disc Golf Course,Silver tee-Silver basket,54,18,1,10:30:00,57,3,817,111,True,False,18,57,True,True,True
46247,2020,MA2,1,301676,98213,98213,825,Round 1,2020-07-12,Sean Ahlquist Jr,,Black Falls Disc Golf Course,Silver tee-Silver basket,54,18,2,10:45:00,57,3,817,108,True,False,18,57,True,True,True
46247,2020,MA2,1,301676,140674,140674,,Round 1,2020-07-12,Neil McIsaac,,Black Falls Disc Golf Course,Silver tee-Silver basket,54,18,3,10:45:00,60,6,776,118,True,False,18,60,True,True,True
46247,2020,MA2,1,301676,50816,50816,841,Round 1,2020-07-12,Tristan Whitehouse,,Black Falls Disc Golf Course,Silver tee-Silver basket,54,18,1,10:45:00,61,7,763,116,True,False,18,61,True,True,True
46247,2020,MA2,1,301676,138183,138183,,Round 1,2020-07-12,Chauncey Germain,926,Black Falls Disc Golf Course,Silver tee-Silver basket,54,18,2,10:00:00,62,8,749,115,True,False,18,62,True,True,True
46247,2020,MA2,1,301676,141253,141253,,Round 1,2020-07-12,Braden Edwards,,Black Falls Disc Golf Course,Silver tee-Silver basket,54,18,3,10:15:00,66,12,695,129,True,False,18,66,True,True,True
46247,2020,MA2,2,301676,140272,140272,,Round 2,2020-07-12,Seth Tilford,,Black Falls Disc Golf Course,Silver tee-Silver basket,54,18,4,11:15:00,51,-3,897,102,True,False,18,51,True,True,True
46247,2020,MA2,2,301676,109527,109527,862,Round 2,2020-07-12,Mike Wenzel,901,Black Falls Disc Golf Course,Silver tee-Silver basket,54,18,1,11:00:00,52,-2,884,104,True,False,18,52,True,True,True
46247,2020,MA2,2,301676,137984,137984,,Round 2,2020-07-12,Tristan Bryce,,Black Falls Disc Golf Course,Silver tee-Silver basket,54,18,3,11:15:00,53,-1,871,104,True,False,18,53,True,True,True
46247,2020,MA2,2,301676,93062,93062,857,Round 2,2020-07-12,Tom Slimm,,Black Falls Disc Golf Course,Silver tee-Silver basket,54,18,2,11:00:00,52,-2,884,105,True,False,18,52,True,True,True
46247,2020,MA2,2,301676,140039,140039,,Round 2,2020-07-12,Ian Rooney,907,Black Falls Disc Golf Course,Silver tee-Silver basket,54,18,2,11:15:00,56,2,830,106,True,False,18,56,True,True,True
46247,2020,MA2,2,301676,139502,139502,,Round 2,2020-07-12,Brendan Marineau,,Black Falls Disc Golf Course,Silver tee-Silver basket,54,18,4,11:00:00,54,0,857,107,True,False,18,54,True,True,True
46247,2020,MA2,2,301676,name:conor giard,,,Round 2,2020-07-12,Conor Giard,,Black Falls Disc Golf Course,Silver tee-Silver basket,54,18,2,10:45:00,54,0,857,107,True,False,18,54,True,True,True
46247,2020,MA2,2,301676,98213,98213,825,Round 2,2020-07-12,Sean Ahlquist Jr,,Black Falls Disc Golf Course,Silver tee-Silver basket,54,18,3,10:15:00,51,-3,897,108,True,False,18,51,True,True,True
46247,2020,MA2,2,301676,128700,128700,,Round 2,2020-07-12,Peter McCarthy,,Black Falls Disc Golf Course,Silver tee-Silver basket,54,18,4,10:30:00,52,-2,884,108,True,False,18,52,True,True,True
46247,2020,MA2,2,301676,name:nathan beningson,,,Round 2,2020-07-12,Nathan Beningson,,Black Falls Disc Golf Course,Silver tee-Silver basket,54,18,3,10:45:00,54,0,857,108,True,False,18,54,True,True,True
46247,2020,MA2,2,301676,138042,138042,,Round 2,2020-07-12,Russell Freeman,925,Black Falls Disc Golf Course,Silver tee-Silver basket,54,18,3,11:00:00,55,1,844,108,True,False,18,55,True,True,True
46247,2020,MA2,2,301676,name:dan rico,,,Round 2,2020-07-12,Dan Rico,,Black Falls Disc Golf Course,Silver tee-Silver basket,54,18,2,10:30:00,54,0,857,109,True,False,18,54,True,True,True
46247,2020,MA2,2,301676,125328,125328,,Round 2,2020-07-12,Dana Carpenter,,Black Falls Disc Golf Course,Silver tee-Silver basket,54,18,3,10:30:00,54,0,857,110,True,False,18,54,True,True,True
46247,2020,MA2,2,301676,84935,84935,883,Round 2,2020-07-12,Droo Fisher,866,Black Falls Disc Golf Course,Silver tee-Silver basket,54,18,1,11:15:00,61,7,763,110,True,False,18,61,True,True,True
46247,2020,MA2,2,301676,26235,26235,857,Round 2,2020-07-12,Adam Silva,843,Black Falls Disc Golf Course,Silver tee-Silver basket,54,18,2,10:15:00,54,0,857,111,True,False,18,54,True,True,True
46247,2020,MA2,2,301676,name:landon desroches,,,Round 2,2020-07-12,Landon Desroches,,Black Falls Disc Golf Course,Silver tee-Silver basket,54,18,1,10:45:00,58,4,803,111,True,False,18,58,True,True,True
46247,2020,MA2,2,301676,name:trevor bryce,,,Round 2,2020-07-12,Trevor Bryce,,Black Falls Disc Golf Course,Silver tee-Silver basket,54,18,1,10:30:00,58,4,803,113,True,False,18,58,True,True,True
46247,2020,MA2,2,301676,138183,138183,,Round 2,2020-07-12,Chauncey Germain,926,Black Falls Disc Golf Course,Silver tee-Silver basket,54,18,3,10:00:00,53,-1,871,115,True,False,18,53,True,True,True
46247,2020,MA2,2,301676,50816,50816,841,Round 2,2020-07-12,Tristan Whitehouse,,Black Falls Disc Golf Course,Silver tee-Silver basket,54,18,2,10:00:00,55,1,844,116,True,False,18,55,True,True,True
46247,2020,MA2,2,301676,131352,131352,,Round 2,2020-07-12,David Havens,816,Black Falls Disc Golf Course,Silver tee-Silver basket,54,18,1,10:15:00,60,6,776,116,True,False,18,60,True,True,True
46247,2020,MA2,2,301676,137937,137937,,Round 2,2020-07-12,Peter Auclair,,Black Falls Disc Golf Course,Silver tee-Silver basket,54,18,4,10:45:00,62,8,749,117,True,False,18,62,True,True,True
46247,2020,MA2,2,301676,140674,140674,,Round 2,2020-07-12,Neil McIsaac,,Black Falls Disc Golf Course,Silver tee-Silver basket,54,18,1,10:00:00,58,4,803,118,True,False,18,58,True,True,True
46247,2020,MA2,2,301676,141253,141253,,Round 2,2020-07-12,Braden Edwards,,Black Falls Disc Golf Course,Silver tee-Silver basket,54,18,4,10:00:00,63,9,736,129,True,False,18,63,True,True,True
46247,2020,MA40,1,301671,42057,42057,896,Round 1,2020-07-12,Seth McQuade,,Black Falls Disc Golf Course,Gold tee-Gold basket,57,18,2,12:15:00,64,7,897,127,True,False,18,64,True,True,True
46247,2020,MA40,1,301671,36062,36062,886,Round 1,2020-07-12,Andrew Powell,852,Black Falls Disc Golf Course,Gold tee-Gold basket,57,18,1,12:15:00,66,9,878,132,True,False,18,66,True,True,True
46247,2020,MA40,1,301671,83212,83212,839,Round 1,2020-07-12,Cory Barron,885,Black Falls Disc Golf Course,Gold tee-Gold basket,57,18,3,12:15:00,68,11,860,135,True,False,18,68,True,True,True
46247,2020,MA40,2,301671,42057,42057,896,Round 2,2020-07-12,Seth McQuade,,Black Falls Disc Golf Course,Gold tee-Gold basket,57,18,1,12:00:00,63,6,907,127,True,False,18,63,True,True,True
46247,2020,MA40,2,301671,36062,36062,886,Round 2,2020-07-12,Andrew Powell,852,Black Falls Disc Golf Course,Gold tee-Gold basket,57,18,2,12:00:00,66,9,878,132,True,False,18,66,True,True,True
46247,2020,MA40,2,301671,83212,83212,839,Round 2,2020-07-12,Cory Barron,885,Black Falls Disc Golf Course,Gold tee-Gold basket,57,18,3,12:00:00,67,10,869,135,True,False,18,67,True,True,True
46247,2020,MA50,1,301676,88570,88570,737,Round 1,2020-07-12,Michael Ray,,Black Falls Disc Golf Course,Silver tee-Silver basket,54,18,4,11:45:00,68,14,668,140,True,False,18,68,True,True,True
46247,2020,MA50,2,301676,88570,88570,737,Round 2,2020-07-12,Michael Ray,,Black Falls Disc Golf Course,Silver tee-Silver basket,54,18,4,11:45:00,72,18,614,140,True,False,18,72,True,True,True
46247,2020,MJ12,1,301676,124203,124203,662,Round 1,2020-07-12,Ezra Koch,954,Black Falls Disc Golf Course,Silver tee-Silver basket,54,18,1,09:30:00,58,4,803,116,True,False,18,58,True,True,True
46247,2020,MJ12,1,301676,name:ethan silva,,,Round 1,2020-07-12,Ethan Silva,,Black Falls Disc Golf Course,Silver tee-Silver basket,54,18,3,09:30:00,78,24,533,149,True,False,18,78,True,True,True
46247,2020,MJ12,2,301676,124203,124203,662,Round 2,2020-07-12,Ezra Koch,954,Black Falls Disc Golf Course,Silver tee-Silver basket,54,18,1,09:30:00,58,4,803,116,True,False,18,58,True,True,True
46247,2020,MJ12,2,301676,name:ethan silva,,,Round 2,2020-07-12,Ethan Silva,,Black Falls Disc Golf Course,Silver tee-Silver basket,54,18,3,09:30:00,71,17,628,149,True,False,18,71,True,True,True
46247,2020,MP40,1,301671,96621,96621,954,Round 1,2020-07-12,Jeremy McKittrick,932,Black Falls Disc Golf Course,Gold tee-Gold basket,57,18,5,15:30:00,55,-2,982,111,True,False,18,55,True,True,True
46247,2020,MP40,1,301671,24381,24381,941,Round 1,2020-07-12,Chris Young,937,Black Falls Disc Golf Course,Gold tee-Gold basket,57,18,1,15:30:00,58,1,954,113,True,False,18,58,True,True,True
46247,2020,MP40,1,301671,83198,83198,939,Round 1,2020-07-12,Alan Gofberg,869,Black Falls Disc Golf Course,Gold tee-Gold basket,57,18,3,15:30:00,59,2,944,118,True,False,18,59,True,True,True
46247,2020,MP40,2,301671,96621,96621,954,Round 2,2020-07-12,Jeremy McKittrick,932,Black Falls Disc Golf Course,Gold tee-Gold basket,57,18,1,15:15:00,56,-1,972,111,True,False,18,56,True,True,True
46247,2020,MP40,2,301671,24381,24381,941,Round 2,2020-07-12,Chris Young,937,Black Falls Disc Golf Course,Gold tee-Gold basket,57,18,2,15:15:00,55,-2,982,113,True,False,18,55,True,True,True
46247,2020,MP40,2,301671,83198,83198,939,Round 2,2020-07-12,Alan Gofberg,869,Black Falls Disc Golf Course,Gold tee-Gold basket,57,18,3,15:15:00,59,2,944,118,True,False,18,59,True,True,True
46247,2020,MP50,1,301671,77623,77623,920,Round 1,2020-07-12,Cary Powell,909,Black Falls Disc Golf Course,Gold tee-Gold basket,57,18,2,15:30:00,63,6,907,125,True,False,18,63,True,True,True
46247,2020,MP50,1,301671,91301,91301,880,Round 1,2020-07-12,Michael A. Stridsberg,898,Black Falls Disc Golf Course,Gold tee-Gold basket,57,18,4,15:30:00,67,10,869,137,True,False,18,67,True,True,True
46247,2020,MP50,2,301671,77623,77623,920,Round 2,2020-07-12,Cary Powell,909,Black Falls Disc Golf Course,Gold tee-Gold basket,57,18,4,15:15:00,62,5,916,125,True,False,18,62,True,True,True
46247,2020,MP50,2,301671,91301,91301,880,Round 2,2020-07-12,Michael A. Stridsberg,898,Black Falls Disc Golf Course,Gold tee-Gold basket,57,18,5,15:15:00,70,13,841,137,True,False,18,70,True,True,True
46247,2020,MPO,1,301671,103627,103627,963,Round 1,2020-07-12,Clayton Davis,,Black Falls Disc Golf Course,Gold tee-Gold basket,57,18,3,14:00:00,54,-3,991,106,True,False,18,54,True,True,True
46247,2020,MPO,1,301671,75861,75861,969,Round 1,2020-07-12,Charlie Veysey,978,Black Falls Disc Golf Course,Gold tee-Gold basket,57,18,1,14:30:00,56,-1,972,113,True,False,18,56,True,True,True
46247,2020,MPO,1,301671,83156,83156,957,Round 1,2020-07-12,Edwin Bedell,,Black Falls Disc Golf Course,Gold tee-Gold basket,57,18,4,15:00:00,56,-1,972,109,True,False,18,56,True,True,True
46247,2020,MPO,1,301671,56797,56797,976,Round 1,2020-07-12,Jeffrey Hinkley,952,Black Falls Disc Golf Course,Gold tee-Gold basket,57,18,1,13:45:00,57,0,963,111,True,False,18,57,True,True,True
46247,2020,MPO,1,301671,55953,55953,968,Round 1,2020-07-12,Finlay Buchanan-Jacobs,971,Black Falls Disc Golf Course,Gold tee-Gold basket,57,18,1,15:00:00,58,1,954,117,True,False,18,58,True,True,True
46247,2020,MPO,1,301671,31562,31562,945,Round 1,2020-07-12,Jonathan Betts,948,Black Falls Disc Golf Course,Gold tee-Gold basket,57,18,4,15:15:00,59,2,944,117,True,False,18,59,True,True,True
46247,2020,MPO,1,301671,82940,82940,944,Round 1,2020-07-12,Zachary Podhorzer,955,Black Falls Disc Golf Course,Gold tee-Gold basket,57,18,2,15:00:00,59,2,944,115,True,False,18,59,True,True,True
46247,2020,MPO,1,301671,53718,53718,936,Round 1,2020-07-12,Nicholas Ailes,,Black Falls Disc Golf Course,Gold tee-Gold basket,57,18,1,14:45:00,60,3,935,115,True,False,18,60,True,True,True
46247,2020,MPO,1,301671,64654,64654,959,Round 1,2020-07-12,Matthew Zabawa,,Black Falls Disc Golf Course,Gold tee-Gold basket,57,18,2,14:45:00,60,3,935,122,True,False,18,60,True,True,True
46247,2020,MPO,1,301671,93877,93877,957,Round 1,2020-07-12,Matthew Storgaard,,Black Falls Disc Golf Course,Gold tee-Gold basket,57,18,2,14:00:00,60,3,935,117,True,False,18,60,True,True,True
46247,2020,MPO,1,301671,130922,130922,,Round 1,2020-07-12,James Bowley,,Black Falls Disc Golf Course,Gold tee-Gold basket,57,18,4,14:15:00,60,3,935,119,True,False,18,60,True,True,True
46247,2020,MPO,1,301671,85980,85980,921,Round 1,2020-07-12,Corey Clark,,Black Falls Disc Golf Course,Gold tee-Gold basket,57,18,3,15:15:00,61,4,925,119,True,False,18,61,True,True,True
46247,2020,MPO,1,301671,136903,136903,,Round 1,2020-07-12,Alex Ferguson,957,Black Falls Disc Golf Course,Gold tee-Gold basket,57,18,4,13:45:00,61,4,925,117,True,False,18,61,True,True,True
46247,2020,MPO,1,301671,108353,108353,919,Round 1,2020-07-12,Remy Eisendrath,976,Black Falls Disc Golf Course,Gold tee-Gold basket,57,18,2,14:30:00,62,5,916,123,True,False,18,62,True,True,True
46247,2020,MPO,1,301671,116370,116370,906,Round 1,2020-07-12,Tyler Moriarty,,Black Falls Disc Golf Course,Gold tee-Gold basket,57,18,3,14:15:00,62,5,916,119,True,False,18,62,True,True,True
46247,2020,MPO,1,301671,name:robert wix,,,Round 1,2020-07-12,Robert Wix,,Black Falls Disc Golf Course,Gold tee-Gold basket,57,18,2,,62,5,916,131,True,False,18,62,True,True,True
46247,2020,MPO,1,301671,101829,101829,916,Round 1,2020-07-12,Joshua Storgaard,,Black Falls Disc Golf Course,Gold tee-Gold basket,57,18,1,14:15:00,63,6,907,124,True,False,18,63,True,True,True
46247,2020,MPO,1,301671,93414,93414,935,Round 1,2020-07-12,Joshua Lemieux,961,Black Falls Disc Golf Course,Gold tee-Gold basket,57,18,2,13:45:00,65,8,888,127,True,False,18,65,True,True,True
46247,2020,MPO,1,301671,114674,114674,913,Round 1,2020-07-12,Jordan Lamson,,Black Falls Disc Golf Course,Gold tee-Gold basket,57,18,2,14:15:00,65,8,888,122,True,False,18,65,True,True,True
46247,2020,MPO,1,301671,119003,119003,917,Round 1,2020-07-12,Joshua Wedel,942,Black Falls Disc Golf Course,Gold tee-Gold basket,57,18,4,14:00:00,65,8,888,120,True,False,18,65,True,True,True
46247,2020,MPO,1,301671,74240,74240,945,Round 1,2020-07-12,Christopher Martin,962,Black Falls Disc Golf Course,Gold tee-Gold basket,57,18,2,15:15:00,66,9,878,123,True,False,18,66,True,True,True
46247,2020,MPO,1,301671,102250,102250,912,Round 1,2020-07-12,Zackary Parik,,Black Falls Disc Golf Course,Gold tee-Gold basket,57,18,3,13:45:00,66,9,878,131,True,False,18,66,True,True,True
46247,2020,MPO,1,301671,107234,107234,880,Round 1,2020-07-12,Sebastian Marshall,,Black Falls Disc Golf Course,Gold tee-Gold basket,57,18,3,15:00:00,66,9,878,131,True,False,18,66,True,True,True
46247,2020,MPO,1,301671,109051,109051,893,Round 1,2020-07-12,Taylor Jones,866,Black Falls Disc Golf Course,Gold tee-Gold basket,57,18,3,14:30:00,69,12,850,142,True,False,18,69,True,True,True
46247,2020,MPO,1,301671,name:ross dunham,,,Round 1,2020-07-12,Ross Dunham,,Black Falls Disc Golf Course,Gold tee-Gold basket,57,18,4,14:45:00,69,12,850,137,True,False,18,69,True,True,True
46247,2020,MPO,1,301671,99260,99260,901,Round 1,2020-07-12,Matthew Martell,880,Black Falls Disc Golf Course,Gold tee-Gold basket,57,18,3,14:45:00,71,14,832,138,True,False,18,71,True,True,True
46247,2020,MPO,1,301671,138402,138402,,Round 1,2020-07-12,Kenneth Antonich,,Black Falls Disc Golf Course,Gold tee-Gold basket,57,18,4,14:30:00,74,17,803,143,True,False,18,74,True,True,True
46247,2020,MPO,1,301671,57904,57904,876,Round 1,2020-07-12,Matt Marro,839,Black Falls Disc Golf Course,Gold tee-Gold basket,57,18,1,15:15:00,86,29,691,157,True,False,18,86,True,True,True
46247,2020,MPO,1,301671,77274,77274,969,Round 1,2020-07-12,tom shanley,984,Black Falls Disc Golf Course,Gold tee-Gold basket,57,18,1,14:00:00,33,831,,888,True,False,8,33,False,True,False
46247,2020,MPO,2,301671,103627,103627,963,Round 2,2020-07-12,Clayton Davis,,Black Falls Disc Golf Course,Gold tee-Gold basket,57,18,1,15:00:00,52,-5,1010,106,True,False,18,52,True,True,True
46247,2020,MPO,2,301671,83156,83156,957,Round 2,2020-07-12,Edwin Bedell,,Black Falls Disc Golf Course,Gold tee-Gold basket,57,18,3,15:00:00,53,-4,1001,109,True,False,18,53,True,True,True
46247,2020,MPO,2,301671,56797,56797,976,Round 2,2020-07-12,Jeffrey Hinkley,952,Black Falls Disc Golf Course,Gold tee-Gold basket,57,18,4,15:00:00,54,-3,991,111,True,False,18,54,True,True,True
46247,2020,MPO,2,301671,75861,75861,969,Round 2,2020-07-12,Charlie Veysey,978,Black Falls Disc Golf Course,Gold tee-Gold basket,57,18,2,15:00:00,57,0,963,113,True,False,18,57,True,True,True
46247,2020,MPO,2,301671,53718,53718,936,Round 2,2020-07-12,Nicholas Ailes,,Black Falls Disc Golf Course,Gold tee-Gold basket,57,18,4,14:45:00,55,-2,982,115,True,False,18,55,True,True,True
46247,2020,MPO,2,301671,82940,82940,944,Round 2,2020-07-12,Zachary Podhorzer,955,Black Falls Disc Golf Course,Gold tee-Gold basket,57,18,3,14:45:00,56,-1,972,115,True,False,18,56,True,True,True
46247,2020,MPO,2,301671,136903,136903,,Round 2,2020-07-12,Alex Ferguson,957,Black Falls Disc Golf Course,Gold tee-Gold basket,57,18,1,14:15:00,56,-1,972,117,True,False,18,56,True,True,True
46247,2020,MPO,2,301671,93877,93877,957,Round 2,2020-07-12,Matthew Storgaard,,Black Falls Disc Golf Course,Gold tee-Gold basket,57,18,2,14:30:00,57,0,963,117,True,False,18,57,True,True,True
46247,2020,MPO,2,301671,31562,31562,945,Round 2,2020-07-12,Jonathan Betts,948,Black Falls Disc Golf Course,Gold tee-Gold basket,57,18,2,14:45:00,58,1,954,117,True,False,18,58,True,True,True
46247,2020,MPO,2,301671,55953,55953,968,Round 2,2020-07-12,Finlay Buchanan-Jacobs,971,Black Falls Disc Golf Course,Gold tee-Gold basket,57,18,1,14:45:00,59,2,944,117,True,False,18,59,True,True,True
46247,2020,MPO,2,301671,116370,116370,906,Round 2,2020-07-12,Tyler Moriarty,,Black Falls Disc Golf Course,Gold tee-Gold basket,57,18,3,14:15:00,57,0,963,119,True,False,18,57,True,True,True
46247,2020,MPO,2,301671,85980,85980,921,Round 2,2020-07-12,Corey Clark,,Black Falls Disc Golf Course,Gold tee-Gold basket,57,18,4,14:30:00,58,1,954,119,True,False,18,58,True,True,True
46247,2020,MPO,2,301671,130922,130922,,Round 2,2020-07-12,James Bowley,,Black Falls Disc Golf Course,Gold tee-Gold basket,57,18,3,14:30:00,59,2,944,119,True,False,18,59,True,True,True
46247,2020,MPO,2,301671,119003,119003,917,Round 2,2020-07-12,Joshua Wedel,942,Black Falls Disc Golf Course,Gold tee-Gold basket,57,18,4,14:00:00,55,-2,982,120,True,False,18,55,True,True,True
46247,2020,MPO,2,301671,114674,114674,913,Round 2,2020-07-12,Jordan Lamson,,Black Falls Disc Golf Course,Gold tee-Gold basket,57,18,3,14:00:00,57,0,963,122,True,False,18,57,True,True,True
46247,2020,MPO,2,301671,64654,64654,959,Round 2,2020-07-12,Matthew Zabawa,,Black Falls Disc Golf Course,Gold tee-Gold basket,57,18,1,14:30:00,62,5,916,122,True,False,18,62,True,True,True
46247,2020,MPO,2,301671,74240,74240,945,Round 2,2020-07-12,Christopher Martin,962,Black Falls Disc Golf Course,Gold tee-Gold basket,57,18,1,13:45:00,57,0,963,123,True,False,18,57,True,True,True
46247,2020,MPO,2,301671,108353,108353,919,Round 2,2020-07-12,Remy Eisendrath,976,Black Falls Disc Golf Course,Gold tee-Gold basket,57,18,2,14:15:00,61,4,925,123,True,False,18,61,True,True,True
46247,2020,MPO,2,301671,101829,101829,916,Round 2,2020-07-12,Joshua Storgaard,,Black Falls Disc Golf Course,Gold tee-Gold basket,57,18,1,14:00:00,61,4,925,124,True,False,18,61,True,True,True
46247,2020,MPO,2,301671,93414,93414,935,Round 2,2020-07-12,Joshua Lemieux,961,Black Falls Disc Golf Course,Gold tee-Gold basket,57,18,2,14:00:00,62,5,916,127,True,False,18,62,True,True,True
46247,2020,MPO,2,301671,102250,102250,912,Round 2,2020-07-12,Zackary Parik,,Black Falls Disc Golf Course,Gold tee-Gold basket,57,18,2,13:45:00,65,8,888,131,True,False,18,65,True,True,True
46247,2020,MPO,2,301671,107234,107234,880,Round 2,2020-07-12,Sebastian Marshall,,Black Falls Disc Golf Course,Gold tee-Gold basket,57,18,3,13:45:00,65,8,888,131,True,False,18,65,True,True,True
46247,2020,MPO,2,301671,name:robert wix,,,Round 2,2020-07-12,Robert Wix,,Black Falls Disc Golf Course,Gold tee-Gold basket,57,18,4,14:15:00,69,12,850,131,True,False,18,69,True,True,True
46247,2020,MPO,2,301671,name:ross dunham,,,Round 2,2020-07-12,Ross Dunham,,Black Falls Disc Golf Course,Gold tee-Gold basket,57,18,1,13:30:00,68,11,860,137,True,False,18,68,True,True,True
46247,2020,MPO,2,301671,99260,99260,901,Round 2,2020-07-12,Matthew Martell,880,Black Falls Disc Golf Course,Gold tee-Gold basket,57,18,2,13:30:00,67,10,869,138,True,False,18,67,True,True,True
46247,2020,MPO,2,301671,109051,109051,893,Round 2,2020-07-12,Taylor Jones,866,Black Falls Disc Golf Course,Gold tee-Gold basket,57,18,4,13:45:00,73,16,813,142,True,False,18,73,True,True,True
46247,2020,MPO,2,301671,138402,138402,,Round 2,2020-07-12,Kenneth Antonich,,Black Falls Disc Golf Course,Gold tee-Gold basket,57,18,3,13:30:00,69,12,850,143,True,False,18,69,True,True,True
46247,2020,MPO,2,301671,57904,57904,876,Round 2,2020-07-12,Matt Marro,839,Black Falls Disc Golf Course,Gold tee-Gold basket,57,18,4,13:30:00,71,14,832,157,True,False,18,71,True,True,True
46247,2020,MPO,2,301671,77274,77274,969,Round 2,2020-07-12,tom shanley,984,Black Falls Disc Golf Course,Gold tee-Gold basket,57,18,,,0,0,,888,True,False,0,,False,False,False
46474,2020,FA1,1,303861,94272,94272,755,Round 1,2020-07-26,Gabrielle Pozzani,818,White River Disc Golf Course,Default Layout,54,18,1,09:00:00,56,2,827,117,True,False,18,56,True,True,True
46474,2020,FA1,1,303861,132857,132857,815,Round 1,2020-07-26,Serena Lamson,,White River Disc Golf Course,Default Layout,54,18,2,09:00:00,59,5,786,112,True,False,18,59,True,True,True
46474,2020,FA1,1,303861,name:meagan grivois,,,Round 1,2020-07-26,Meagan Grivois,,White River Disc Golf Course,Default Layout,54,18,2,09:15:00,65,11,705,130,True,False,18,65,True,True,True
46474,2020,FA1,1,303861,165174,165174,,Round 1,2020-07-26,Kiree LaPointe,,White River Disc Golf Course,Default Layout,54,18,3,09:15:00,66,12,691,130,True,False,18,66,True,True,True
46474,2020,FA1,1,303861,name:kelly brooks,,,Round 1,2020-07-26,Kelly Brooks,,White River Disc Golf Course,Default Layout,54,18,1,09:15:00,67,13,677,146,True,False,18,67,True,True,True
46474,2020,FA1,1,303861,name:michele sargent,,,Round 1,2020-07-26,MICHELE SARGENT,,White River Disc Golf Course,Default Layout,54,18,3,09:00:00,69,15,650,142,True,False,18,69,True,True,True
46474,2020,FA1,2,303861,132857,132857,815,Round 2,2020-07-26,Serena Lamson,,White River Disc Golf Course,Default Layout,54,18,2,12:00:00,53,-1,867,112,True,False,18,53,True,True,True
46474,2020,FA1,2,303861,94272,94272,755,Round 2,2020-07-26,Gabrielle Pozzani,818,White River Disc Golf Course,Default Layout,54,18,1,12:00:00,61,7,759,117,True,False,18,61,True,True,True
46474,2020,FA1,2,303861,165174,165174,,Round 2,2020-07-26,Kiree LaPointe,,White River Disc Golf Course,Default Layout,54,18,1,11:45:00,64,10,718,130,True,False,18,64,True,True,True
46474,2020,FA1,2,303861,name:meagan grivois,,,Round 2,2020-07-26,Meagan Grivois,,White River Disc Golf Course,Default Layout,54,18,3,12:00:00,65,11,705,130,True,False,18,65,True,True,True
46474,2020,FA1,2,303861,name:michele sargent,,,Round 2,2020-07-26,MICHELE SARGENT,,White River Disc Golf Course,Default Layout,54,18,3,11:45:00,73,19,596,142,True,False,18,73,True,True,True
46474,2020,FA1,2,303861,name:kelly brooks,,,Round 2,2020-07-26,Kelly Brooks,,White River Disc Golf Course,Default Layout,54,18,2,11:45:00,79,25,515,146,True,False,18,79,True,True,True
46474,2020,FA2,1,303861,141608,141608,,Round 1,2020-07-26,Hannah Hawley,,White River Disc Golf Course,Default Layout,54,18,2,10:15:00,66,12,691,138,True,False,18,66,True,True,True
46474,2020,FA2,1,303861,name:emily beaudin,,,Round 1,2020-07-26,Emily Beaudin,,White River Disc Golf Course,Default Layout,54,18,3,10:15:00,70,16,637,138,True,False,18,70,True,True,True
46474,2020,FA2,1,303861,139248,139248,523,Round 1,2020-07-26,Valerie Beaudin,,White River Disc Golf Course,Default Layout,54,18,1,10:15:00,71,17,623,141,True,False,18,71,True,True,True
46474,2020,FA2,1,303861,name:stephanie hutchins,,,Round 1,2020-07-26,Stephanie Hutchins,,White River Disc Golf Course,Default Layout,54,18,4,10:15:00,84,30,447,159,True,False,18,84,True,True,True
46474,2020,FA2,2,303861,name:emily beaudin,,,Round 2,2020-07-26,Emily Beaudin,,White River Disc Golf Course,Default Layout,54,18,3,11:30:00,68,14,664,138,True,False,18,68,True,True,True
46474,2020,FA2,2,303861,141608,141608,,Round 2,2020-07-26,Hannah Hawley,,White River Disc Golf Course,Default Layout,54,18,2,11:30:00,72,18,610,138,True,False,18,72,True,True,True
46474,2020,FA2,2,303861,139248,139248,523,Round 2,2020-07-26,Valerie Beaudin,,White River Disc Golf Course,Default Layout,54,18,1,11:30:00,70,16,637,141,True,False,18,70,True,True,True
46474,2020,FA2,2,303861,name:stephanie hutchins,,,Round 2,2020-07-26,Stephanie Hutchins,,White River Disc Golf Course,Default Layout,54,18,4,11:30:00,75,21,569,159,True,False,18,75,True,True,True
46474,2020,MA1,1,303861,131201,131201,885,Round 1,2020-07-26,Tyler LaPerle,973,White River Disc Golf Course,Default Layout,54,18,2,12:45:00,47,-7,949,93,True,False,18,47,True,True,True
46474,2020,MA1,1,303861,140098,140098,,Round 1,2020-07-26,Angus Barstow,980,White River Disc Golf Course,Default Layout,54,18,4,12:00:00,47,-7,949,91,True,False,18,47,True,True,True
46474,2020,MA1,1,303861,100885,100885,915,Round 1,2020-07-26,Jacob Moore,945,White River Disc Golf Course,Default Layout,54,18,2,13:15:00,48,-6,935,101,True,False,18,48,True,True,True
46474,2020,MA1,1,303861,118928,118928,912,Round 1,2020-07-26,Tyler Pomichter,926,White River Disc Golf Course,Default Layout,54,18,1,13:00:00,48,-6,935,93,True,False,18,48,True,True,True
46474,2020,MA1,1,303861,141251,141251,902,Round 1,2020-07-26,Owen Wood,939,White River Disc Golf Course,Default Layout,54,18,2,12:30:00,48,-6,935,100,True,False,18,48,True,True,True
46474,2020,MA1,1,303861,103738,103738,903,Round 1,2020-07-26,Maxx Perry,,White River Disc Golf Course,Default Layout,54,18,2,13:30:00,49,-5,922,99,True,False,18,49,True,True,True
46474,2020,MA1,1,303861,110707,110707,905,Round 1,2020-07-26,Jason Wilson,927,White River Disc Golf Course,Default Layout,54,18,2,12:00:00,49,-5,922,101,True,False,18,49,True,True,True
46474,2020,MA1,1,303861,136937,136937,879,Round 1,2020-07-26,Zach Bossier,,White River Disc Golf Course,Default Layout,54,18,3,12:45:00,49,-5,922,103,True,False,18,49,True,True,True
46474,2020,MA1,1,303861,name:robert salter,,,Round 1,2020-07-26,Robert Salter,,White River Disc Golf Course,Default Layout,54,18,4,13:00:00,49,-5,922,98,True,False,18,49,True,True,True
46474,2020,MA1,1,303861,98280,98280,927,Round 1,2020-07-26,Nicholas Reilly,932,White River Disc Golf Course,Default Layout,54,18,1,13:15:00,51,-3,895,102,True,False,18,51,True,True,True
46474,2020,MA1,1,303861,name:zack flaherty,,,Round 1,2020-07-26,Zack Flaherty,,White River Disc Golf Course,Default Layout,54,18,4,12:45:00,51,-3,895,101,True,False,18,51,True,True,True
46474,2020,MA1,1,303861,42420,42420,926,Round 1,2020-07-26,Patrick Harris,906,White River Disc Golf Course,Default Layout,54,18,1,13:30:00,52,-2,881,99,True,False,18,52,True,True,True
46474,2020,MA1,1,303861,96154,96154,843,Round 1,2020-07-26,Travis Jacques,871,White River Disc Golf Course,Default Layout,54,18,3,12:00:00,52,-2,881,105,True,False,18,52,True,True,True
46474,2020,MA1,1,303861,121418,121418,922,Round 1,2020-07-26,Brian Charash,,White River Disc Golf Course,Default Layout,54,18,3,13:15:00,52,-2,881,107,True,False,18,52,True,True,True
46474,2020,MA1,1,303861,109086,109086,893,Round 1,2020-07-26,Aaron Schlossberg,947,White River Disc Golf Course,Default Layout,54,18,1,12:45:00,53,-1,867,107,True,False,18,53,True,True,True
46474,2020,MA1,1,303861,132139,132139,896,Round 1,2020-07-26,Logan Foss,,White River Disc Golf Course,Default Layout,54,18,3,13:00:00,54,0,854,105,True,False,18,54,True,True,True
46474,2020,MA1,1,303861,138413,138413,874,Round 1,2020-07-26,Joe Yalicki,,White River Disc Golf Course,Default Layout,54,18,1,12:30:00,54,0,854,104,True,False,18,54,True,True,True
46474,2020,MA1,1,303861,name:fred longchamp,,,Round 1,2020-07-26,Fred Longchamp,,White River Disc Golf Course,Default Layout,54,18,4,13:30:00,54,0,854,109,True,False,18,54,True,True,True
46474,2020,MA1,1,303861,name:nick vance,,,Round 1,2020-07-26,Nick Vance,,White River Disc Golf Course,Default Layout,54,18,4,12:30:00,55,1,840,111,True,False,18,55,True,True,True
46474,2020,MA1,1,303861,136942,136942,801,Round 1,2020-07-26,Christopher Larock,,White River Disc Golf Course,Default Layout,54,18,3,12:30:00,58,4,800,113,True,False,18,58,True,True,True
46474,2020,MA1,1,303861,128670,128670,863,Round 1,2020-07-26,Steven Colbert,,White River Disc Golf Course,Default Layout,54,18,3,13:30:00,59,5,786,888,True,False,18,59,True,True,True
46474,2020,MA1,1,303861,103521,103521,858,Round 1,2020-07-26,Randall Lyons,,White River Disc Golf Course,Default Layout,54,18,4,09:45:00,61,7,759,113,True,False,18,61,True,True,True
46474,2020,MA1,1,303861,136921,136921,832,Round 1,2020-07-26,Blake Fletcher,,White River Disc Golf Course,Default Layout,54,18,4,13:15:00,63,9,732,123,True,False,18,63,True,True,True
46474,2020,MA1,1,303861,name:hudson elledge,,,Round 1,2020-07-26,Hudson Elledge,,White River Disc Golf Course,Default Layout,54,18,2,13:00:00,69,15,650,133,True,False,18,69,True,True,True
46474,2020,MA1,2,303861,140098,140098,,Round 2,2020-07-26,Angus Barstow,980,White River Disc Golf Course,Default Layout,54,18,2,13:30:00,44,-10,989,91,True,False,18,44,True,True,True
46474,2020,MA1,2,303861,118928,118928,912,Round 2,2020-07-26,Tyler Pomichter,926,White River Disc Golf Course,Default Layout,54,18,4,13:30:00,45,-9,976,93,True,False,18,45,True,True,True
46474,2020,MA1,2,303861,131201,131201,885,Round 2,2020-07-26,Tyler LaPerle,973,White River Disc Golf Course,Default Layout,54,18,1,13:30:00,46,-8,962,93,True,False,18,46,True,True,True
46474,2020,MA1,2,303861,name:robert salter,,,Round 2,2020-07-26,Robert Salter,,White River Disc Golf Course,Default Layout,54,18,1,13:00:00,49,-5,922,98,True,False,18,49,True,True,True
46474,2020,MA1,2,303861,42420,42420,926,Round 2,2020-07-26,Patrick Harris,906,White River Disc Golf Course,Default Layout,54,18,4,13:00:00,47,-7,949,99,True,False,18,47,True,True,True
46474,2020,MA1,2,303861,103738,103738,903,Round 2,2020-07-26,Maxx Perry,,White River Disc Golf Course,Default Layout,54,18,2,13:15:00,50,-4,908,99,True,False,18,50,True,True,True
46474,2020,MA1,2,303861,141251,141251,902,Round 2,2020-07-26,Owen Wood,939,White River Disc Golf Course,Default Layout,54,18,1,13:15:00,52,-2,881,100,True,False,18,52,True,True,True
46474,2020,MA1,2,303861,name:zack flaherty,,,Round 2,2020-07-26,Zack Flaherty,,White River Disc Golf Course,Default Layout,54,18,3,13:00:00,50,-4,908,101,True,False,18,50,True,True,True
46474,2020,MA1,2,303861,110707,110707,905,Round 2,2020-07-26,Jason Wilson,927,White River Disc Golf Course,Default Layout,54,18,3,13:15:00,52,-2,881,101,True,False,18,52,True,True,True
46474,2020,MA1,2,303861,100885,100885,915,Round 2,2020-07-26,Jacob Moore,945,White River Disc Golf Course,Default Layout,54,18,3,13:30:00,53,-1,867,101,True,False,18,53,True,True,True
46474,2020,MA1,2,303861,98280,98280,927,Round 2,2020-07-26,Nicholas Reilly,932,White River Disc Golf Course,Default Layout,54,18,2,13:00:00,51,-3,895,102,True,False,18,51,True,True,True
46474,2020,MA1,2,303861,136937,136937,879,Round 2,2020-07-26,Zach Bossier,,White River Disc Golf Course,Default Layout,54,18,4,13:15:00,54,0,854,103,True,False,18,54,True,True,True
46474,2020,MA1,2,303861,138413,138413,874,Round 2,2020-07-26,Joe Yalicki,,White River Disc Golf Course,Default Layout,54,18,1,12:30:00,50,-4,908,104,True,False,18,50,True,True,True
46474,2020,MA1,2,303861,132139,132139,896,Round 2,2020-07-26,Logan Foss,,White River Disc Golf Course,Default Layout,54,18,4,12:45:00,51,-3,895,105,True,False,18,51,True,True,True
46474,2020,MA1,2,303861,96154,96154,843,Round 2,2020-07-26,Travis Jacques,871,White River Disc Golf Course,Default Layout,54,18,1,12:45:00,53,-1,867,105,True,False,18,53,True,True,True
46474,2020,MA1,2,303861,109086,109086,893,Round 2,2020-07-26,Aaron Schlossberg,947,White River Disc Golf Course,Default Layout,54,18,3,12:45:00,54,0,854,107,True,False,18,54,True,True,True
46474,2020,MA1,2,303861,121418,121418,922,Round 2,2020-07-26,Brian Charash,,White River Disc Golf Course,Default Layout,54,18,2,12:45:00,55,1,840,107,True,False,18,55,True,True,True
46474,2020,MA1,2,303861,name:fred longchamp,,,Round 2,2020-07-26,Fred Longchamp,,White River Disc Golf Course,Default Layout,54,18,2,12:30:00,55,1,840,109,True,False,18,55,True,True,True
46474,2020,MA1,2,303861,name:nick vance,,,Round 2,2020-07-26,Nick Vance,,White River Disc Golf Course,Default Layout,54,18,3,12:30:00,56,2,827,111,True,False,18,56,True,True,True
46474,2020,MA1,2,303861,103521,103521,858,Round 2,2020-07-26,Randall Lyons,,White River Disc Golf Course,Default Layout,54,18,2,12:15:00,52,-2,881,113,True,False,18,52,True,True,True
46474,2020,MA1,2,303861,136942,136942,801,Round 2,2020-07-26,Christopher Larock,,White River Disc Golf Course,Default Layout,54,18,4,12:30:00,55,1,840,113,True,False,18,55,True,True,True
46474,2020,MA1,2,303861,136921,136921,832,Round 2,2020-07-26,Blake Fletcher,,White River Disc Golf Course,Default Layout,54,18,3,12:15:00,60,6,772,123,True,False,18,60,True,True,True
46474,2020,MA1,2,303861,name:hudson elledge,,,Round 2,2020-07-26,Hudson Elledge,,White River Disc Golf Course,Default Layout,54,18,4,12:15:00,64,10,718,133,True,False,18,64,True,True,True
46474,2020,MA1,2,303861,128670,128670,863,Round 2,2020-07-26,Steven Colbert,,White River Disc Golf Course,Default Layout,54,18,1,12:15:00,126,834,,888,True,False,18,126,True,True,True
46474,2020,MA2,1,303861,125328,125328,842,Round 1,2020-07-26,Dana Carpenter,,White River Disc Golf Course,Default Layout,54,18,2,11:15:00,51,-3,895,100,True,False,18,51,True,True,True
46474,2020,MA2,1,303861,111643,111643,846,Round 1,2020-07-26,Finn Etter,1013,White River Disc Golf Course,Default Layout,54,18,4,09:30:00,52,-2,881,100,True,False,18,52,True,True,True
46474,2020,MA2,1,303861,146710,146710,,Round 1,2020-07-26,Nicholas Laurendeau,,White River Disc Golf Course,Default Layout,54,18,4,10:30:00,52,-2,881,103,True,False,18,52,True,True,True
46474,2020,MA2,1,303861,name:nick garvey,,,Round 1,2020-07-26,Nick Garvey,,White River Disc Golf Course,Default Layout,54,18,2,10:45:00,52,-2,881,104,True,False,18,52,True,True,True
46474,2020,MA2,1,303861,139502,139502,856,Round 1,2020-07-26,Brendan Marineau,,White River Disc Golf Course,Default Layout,54,18,1,11:45:00,53,-1,867,111,True,False,18,53,True,True,True
46474,2020,MA2,1,303861,26235,26235,834,Round 1,2020-07-26,Adam Silva,843,White River Disc Golf Course,Default Layout,54,18,4,11:45:00,54,0,854,110,True,False,18,54,True,True,True
46474,2020,MA2,1,303861,138228,138228,837,Round 1,2020-07-26,Dan Barmore,,White River Disc Golf Course,Default Layout,54,18,4,11:00:00,54,0,854,111,True,False,18,54,True,True,True
46474,2020,MA2,1,303861,106970,106970,833,Round 1,2020-07-26,Stefan Farrell,852,White River Disc Golf Course,Default Layout,54,18,1,11:30:00,55,1,840,110,True,False,18,55,True,True,True
46474,2020,MA2,1,303861,109527,109527,877,Round 1,2020-07-26,Mike Wenzel,901,White River Disc Golf Course,Default Layout,54,18,2,11:00:00,56,2,827,108,True,False,18,56,True,True,True
46474,2020,MA2,1,303861,120536,120536,868,Round 1,2020-07-26,Andrew Palumbo,,White River Disc Golf Course,Default Layout,54,18,1,11:15:00,56,2,827,115,True,False,18,56,True,True,True
46474,2020,MA2,1,303861,name:ben riendeau,,,Round 1,2020-07-26,Ben Riendeau,,White River Disc Golf Course,Default Layout,54,18,3,10:45:00,56,2,827,115,True,False,18,56,True,True,True
46474,2020,MA2,1,303861,118694,118694,825,Round 1,2020-07-26,Jordan Patterson,,White River Disc Golf Course,Default Layout,54,18,1,10:45:00,57,3,813,110,True,False,18,57,True,True,True
46474,2020,MA2,1,303861,128700,128700,838,Round 1,2020-07-26,Peter McCarthy,,White River Disc Golf Course,Default Layout,54,18,3,11:15:00,57,3,813,109,True,False,18,57,True,True,True
46474,2020,MA2,1,303861,138042,138042,865,Round 1,2020-07-26,Russell Freeman,925,White River Disc Golf Course,Default Layout,54,18,1,10:30:00,57,3,813,109,True,False,18,57,True,True,True
46474,2020,MA2,1,303861,140272,140272,898,Round 1,2020-07-26,Seth Tilford,,White River Disc Golf Course,Default Layout,54,18,3,11:30:00,59,5,786,112,True,False,18,59,True,True,True
46474,2020,MA2,1,303861,137937,137937,782,Round 1,2020-07-26,Peter Auclair,,White River Disc Golf Course,Default Layout,54,18,3,10:30:00,60,6,772,118,True,False,18,60,True,True,True
46474,2020,MA2,1,303861,50816,50816,855,Round 1,2020-07-26,Tristan Whitehouse,,White River Disc Golf Course,Default Layout,54,18,1,11:00:00,61,7,759,117,True,False,18,61,True,True,True
46474,2020,MA2,1,303861,124203,124203,783,Round 1,2020-07-26,Ezra Koch,954,White River Disc Golf Course,Default Layout,54,18,3,11:00:00,61,7,759,118,True,False,18,61,True,True,True
46474,2020,MA2,1,303861,129859,129859,,Round 1,2020-07-26,Seth Marcil,944,White River Disc Golf Course,Default Layout,54,18,2,11:30:00,61,7,759,119,True,False,18,61,True,True,True
46474,2020,MA2,1,303861,137736,137736,778,Round 1,2020-07-26,Logan Cooke,880,White River Disc Golf Course,Default Layout,54,18,3,15:00:00,62,8,745,115,True,False,18,62,True,True,True
46474,2020,MA2,1,303861,name:jamie bender,,,Round 1,2020-07-26,Jamie Bender,,White River Disc Golf Course,Default Layout,54,18,2,11:45:00,62,8,745,116,True,False,18,62,True,True,True
46474,2020,MA2,1,303861,name:matt caswell,,,Round 1,2020-07-26,Matt Caswell,,White River Disc Golf Course,Default Layout,54,18,4,11:30:00,62,8,745,125,True,False,18,62,True,True,True
46474,2020,MA2,1,303861,name:ryan gage,,,Round 1,2020-07-26,Ryan Gage,,White River Disc Golf Course,Default Layout,54,18,4,11:15:00,63,9,732,129,True,False,18,63,True,True,True
46474,2020,MA2,1,303861,131352,131352,776,Round 1,2020-07-26,David Havens,816,White River Disc Golf Course,Default Layout,54,18,3,11:45:00,64,10,718,124,True,False,18,64,True,True,True
46474,2020,MA2,1,303861,name:dennis andress,,,Round 1,2020-07-26,Dennis Andress,,White River Disc Golf Course,Default Layout,54,18,2,10:30:00,68,14,664,144,True,False,18,68,True,True,True
46474,2020,MA2,1,303861,name:matthew shinn,,,Round 1,2020-07-26,Matthew Shinn,,White River Disc Golf Course,Default Layout,54,18,4,10:45:00,70,16,637,133,True,False,18,70,True,True,True
46474,2020,MA2,2,303861,111643,111643,846,Round 2,2020-07-26,Finn Etter,1013,White River Disc Golf Course,Default Layout,54,18,2,11:15:00,48,-6,935,100,True,False,18,48,True,True,True
46474,2020,MA2,2,303861,125328,125328,842,Round 2,2020-07-26,Dana Carpenter,,White River Disc Golf Course,Default Layout,54,18,1,11:15:00,49,-5,922,100,True,False,18,49,True,True,True
46474,2020,MA2,2,303861,146710,146710,,Round 2,2020-07-26,Nicholas Laurendeau,,White River Disc Golf Course,Default Layout,54,18,4,11:15:00,51,-3,895,103,True,False,18,51,True,True,True
46474,2020,MA2,2,303861,name:nick garvey,,,Round 2,2020-07-26,Nick Garvey,,White River Disc Golf Course,Default Layout,54,18,3,11:15:00,52,-2,881,104,True,False,18,52,True,True,True
46474,2020,MA2,2,303861,109527,109527,877,Round 2,2020-07-26,Mike Wenzel,901,White River Disc Golf Course,Default Layout,54,18,1,10:45:00,52,-2,881,108,True,False,18,52,True,True,True
46474,2020,MA2,2,303861,128700,128700,838,Round 2,2020-07-26,Peter McCarthy,,White River Disc Golf Course,Default Layout,54,18,1,10:30:00,52,-2,881,109,True,False,18,52,True,True,True
46474,2020,MA2,2,303861,138042,138042,865,Round 2,2020-07-26,Russell Freeman,925,White River Disc Golf Course,Default Layout,54,18,2,10:30:00,52,-2,881,109,True,False,18,52,True,True,True
46474,2020,MA2,2,303861,118694,118694,825,Round 2,2020-07-26,Jordan Patterson,,White River Disc Golf Course,Default Layout,54,18,4,10:45:00,53,-1,867,110,True,False,18,53,True,True,True
46474,2020,MA2,2,303861,106970,106970,833,Round 2,2020-07-26,Stefan Farrell,852,White River Disc Golf Course,Default Layout,54,18,4,11:00:00,55,1,840,110,True,False,18,55,True,True,True
46474,2020,MA2,2,303861,26235,26235,834,Round 2,2020-07-26,Adam Silva,843,White River Disc Golf Course,Default Layout,54,18,2,11:00:00,56,2,827,110,True,False,18,56,True,True,True
46474,2020,MA2,2,303861,138228,138228,837,Round 2,2020-07-26,Dan Barmore,,White River Disc Golf Course,Default Layout,54,18,3,11:00:00,57,3,813,111,True,False,18,57,True,True,True
46474,2020,MA2,2,303861,139502,139502,856,Round 2,2020-07-26,Brendan Marineau,,White River Disc Golf Course,Default Layout,54,18,1,11:00:00,58,4,800,111,True,False,18,58,True,True,True
46474,2020,MA2,2,303861,140272,140272,898,Round 2,2020-07-26,Seth Tilford,,White River Disc Golf Course,Default Layout,54,18,3,10:30:00,53,-1,867,112,True,False,18,53,True,True,True
46474,2020,MA2,2,303861,137736,137736,778,Round 2,2020-07-26,Logan Cooke,880,White River Disc Golf Course,Default Layout,54,18,4,10:15:00,53,-1,867,115,True,False,18,53,True,True,True
46474,2020,MA2,2,303861,120536,120536,868,Round 2,2020-07-26,Andrew Palumbo,,White River Disc Golf Course,Default Layout,54,18,2,10:45:00,59,5,786,115,True,False,18,59,True,True,True
46474,2020,MA2,2,303861,name:ben riendeau,,,Round 2,2020-07-26,Ben Riendeau,,White River Disc Golf Course,Default Layout,54,18,3,10:45:00,59,5,786,115,True,False,18,59,True,True,True
46474,2020,MA2,2,303861,name:jamie bender,,,Round 2,2020-07-26,Jamie Bender,,White River Disc Golf Course,Default Layout,54,18,1,10:00:00,54,0,854,116,True,False,18,54,True,True,True
46474,2020,MA2,2,303861,50816,50816,855,Round 2,2020-07-26,Tristan Whitehouse,,White River Disc Golf Course,Default Layout,54,18,1,10:15:00,56,2,827,117,True,False,18,56,True,True,True
46474,2020,MA2,2,303861,124203,124203,783,Round 2,2020-07-26,Ezra Koch,954,White River Disc Golf Course,Default Layout,54,18,2,10:15:00,57,3,813,118,True,False,18,57,True,True,True
46474,2020,MA2,2,303861,137937,137937,782,Round 2,2020-07-26,Peter Auclair,,White River Disc Golf Course,Default Layout,54,18,4,10:30:00,58,4,800,118,True,False,18,58,True,True,True
46474,2020,MA2,2,303861,129859,129859,,Round 2,2020-07-26,Seth Marcil,944,White River Disc Golf Course,Default Layout,54,18,3,10:15:00,58,4,800,119,True,False,18,58,True,True,True
46474,2020,MA2,2,303861,131352,131352,776,Round 2,2020-07-26,David Havens,816,White River Disc Golf Course,Default Layout,54,18,1,09:45:00,60,6,772,124,True,False,18,60,True,True,True
46474,2020,MA2,2,303861,name:matt caswell,,,Round 2,2020-07-26,Matt Caswell,,White River Disc Golf Course,Default Layout,54,18,2,10:00:00,63,9,732,125,True,False,18,63,True,True,True
46474,2020,MA2,2,303861,name:ryan gage,,,Round 2,2020-07-26,Ryan Gage,,White River Disc Golf Course,Default Layout,54,18,3,10:00:00,66,12,691,129,True,False,18,66,True,True,True
46474,2020,MA2,2,303861,name:matthew shinn,,,Round 2,2020-07-26,Matthew Shinn,,White River Disc Golf Course,Default Layout,54,18,3,09:45:00,63,9,732,133,True,False,18,63,True,True,True
46474,2020,MA2,2,303861,name:dennis andress,,,Round 2,2020-07-26,Dennis Andress,,White River Disc Golf Course,Default Layout,54,18,2,09:45:00,76,22,555,144,True,False,18,76,True,True,True
46474,2020,MA40,1,303861,94273,94273,873,Round 1,2020-07-26,Marques Pozzani,863,White River Disc Golf Course,Default Layout,54,18,1,09:30:00,52,-2,881,105,True,False,18,52,True,True,True
46474,2020,MA40,1,303861,name:garrett sargent,,,Round 1,2020-07-26,GARRETT SARGENT,,White River Disc Golf Course,Default Layout,54,18,2,09:30:00,52,-2,881,117,True,False,18,52,True,True,True
46474,2020,MA40,1,303861,42057,42057,913,Round 1,2020-07-26,Seth McQuade,,White River Disc Golf Course,Default Layout,54,18,1,09:45:00,53,-1,867,102,True,False,18,53,True,True,True
46474,2020,MA40,1,303861,138402,138402,869,Round 1,2020-07-26,Kenneth Antonich,,White River Disc Golf Course,Default Layout,54,18,2,09:45:00,53,-1,867,105,True,False,18,53,True,True,True
46474,2020,MA40,1,303861,83212,83212,847,Round 1,2020-07-26,Cory Barron,885,White River Disc Golf Course,Default Layout,54,18,3,09:30:00,55,1,840,108,True,False,18,55,True,True,True
46474,2020,MA40,1,303861,36062,36062,878,Round 1,2020-07-26,Andrew Powell,852,White River Disc Golf Course,Default Layout,54,18,3,09:45:00,58,4,800,113,True,False,18,58,True,True,True
46474,2020,MA40,2,303861,42057,42057,913,Round 2,2020-07-26,Seth McQuade,,White River Disc Golf Course,Default Layout,54,18,3,09:15:00,49,-5,922,102,True,False,18,49,True,True,True
46474,2020,MA40,2,303861,138402,138402,869,Round 2,2020-07-26,Kenneth Antonich,,White River Disc Golf Course,Default Layout,54,18,1,09:00:00,52,-2,881,105,True,False,18,52,True,True,True
46474,2020,MA40,2,303861,94273,94273,873,Round 2,2020-07-26,Marques Pozzani,863,White River Disc Golf Course,Default Layout,54,18,1,09:15:00,53,-1,867,105,True,False,18,53,True,True,True
46474,2020,MA40,2,303861,83212,83212,847,Round 2,2020-07-26,Cory Barron,885,White River Disc Golf Course,Default Layout,54,18,2,09:00:00,53,-1,867,108,True,False,18,53,True,True,True
46474,2020,MA40,2,303861,36062,36062,878,Round 2,2020-07-26,Andrew Powell,852,White River Disc Golf Course,Default Layout,54,18,3,09:00:00,55,1,840,113,True,False,18,55,True,True,True
46474,2020,MA40,2,303861,name:garrett sargent,,,Round 2,2020-07-26,GARRETT SARGENT,,White River Disc Golf Course,Default Layout,54,18,2,09:15:00,65,11,705,117,True,False,18,65,True,True,True
46474,2020,MA50,1,303861,75326,75326,883,Round 1,2020-07-26,Gary Vigue,,White River Disc Golf Course,Default Layout,54,18,2,10:00:00,49,-5,922,102,True,False,18,49,True,True,True
46474,2020,MA50,1,303861,74478,74478,862,Round 1,2020-07-26,John Sudarsky,845,White River Disc Golf Course,Default Layout,54,18,1,10:00:00,54,0,854,105,True,False,18,54,True,True,True
46474,2020,MA50,1,303861,88570,88570,673,Round 1,2020-07-26,Michael Ray,,White River Disc Golf Course,Default Layout,54,18,3,10:00:00,61,7,759,123,True,False,18,61,True,True,True
46474,2020,MA50,2,303861,75326,75326,883,Round 2,2020-07-26,Gary Vigue,,White River Disc Golf Course,Default Layout,54,18,1,09:30:00,53,-1,867,102,True,False,18,53,True,True,True
46474,2020,MA50,2,303861,74478,74478,862,Round 2,2020-07-26,John Sudarsky,845,White River Disc Golf Course,Default Layout,54,18,2,09:30:00,51,-3,895,105,True,False,18,51,True,True,True
46474,2020,MA50,2,303861,88570,88570,673,Round 2,2020-07-26,Michael Ray,,White River Disc Golf Course,Default Layout,54,18,3,09:30:00,62,8,745,123,True,False,18,62,True,True,True
46474,2020,MP50,1,303861,77623,77623,921,Round 1,2020-07-26,Cary Powell,909,White River Disc Golf Course,Default Layout,54,18,1,12:15:00,49,-5,922,93,True,False,18,49,True,True,True
46474,2020,MP50,1,303861,84880,84880,914,Round 1,2020-07-26,Marcos Miller,,White River Disc Golf Course,Default Layout,54,18,2,12:15:00,49,-5,922,96,True,False,18,49,True,True,True
46474,2020,MP50,1,303861,123563,123563,,Round 1,2020-07-26,Peter Flaherty,741,White River Disc Golf Course,Default Layout,54,18,3,12:15:00,54,0,854,106,True,False,18,54,True,True,True
46474,2020,MP50,2,303861,77623,77623,921,Round 2,2020-07-26,Cary Powell,909,White River Disc Golf Course,Default Layout,54,18,1,13:45:00,44,-10,989,93,True,False,18,44,True,True,True
46474,2020,MP50,2,303861,84880,84880,914,Round 2,2020-07-26,Marcos Miller,,White River Disc Golf Course,Default Layout,54,18,2,13:45:00,47,-7,949,96,True,False,18,47,True,True,True
46474,2020,MP50,2,303861,123563,123563,,Round 2,2020-07-26,Peter Flaherty,741,White River Disc Golf Course,Default Layout,54,18,3,13:45:00,52,-2,881,106,True,False,18,52,True,True,True
46474,2020,MPO,1,303861,103627,103627,981,Round 1,2020-07-26,Clayton Davis,,White River Disc Golf Course,Default Layout,54,18,1,14:00:00,41,-13,1030,84,True,False,18,41,True,True,True
46474,2020,MPO,1,303861,116370,116370,911,Round 1,2020-07-26,Tyler Moriarty,,White River Disc Golf Course,Default Layout,54,18,3,14:00:00,45,-9,976,94,True,False,18,45,True,True,True
46474,2020,MPO,1,303861,130922,130922,910,Round 1,2020-07-26,James Bowley,,White River Disc Golf Course,Default Layout,54,18,1,14:45:00,45,-9,976,92,True,False,18,45,True,True,True
46474,2020,MPO,1,303861,55953,55953,968,Round 1,2020-07-26,Finlay Buchanan-Jacobs,971,White River Disc Golf Course,Default Layout,54,18,1,13:45:00,46,-8,962,92,True,False,18,46,True,True,True
46474,2020,MPO,1,303861,119003,119003,925,Round 1,2020-07-26,Joshua Wedel,942,White River Disc Golf Course,Default Layout,54,18,1,14:30:00,46,-8,962,99,True,False,18,46,True,True,True
46474,2020,MPO,1,303861,122739,122739,923,Round 1,2020-07-26,Adam Green,977,White River Disc Golf Course,Default Layout,54,18,3,14:30:00,46,-8,962,97,True,False,18,46,True,True,True
46474,2020,MPO,1,303861,111874,111874,905,Round 1,2020-07-26,Jack Towne,,White River Disc Golf Course,Default Layout,54,18,2,13:45:00,47,-7,949,97,True,False,18,47,True,True,True
46474,2020,MPO,1,303861,24381,24381,940,Round 1,2020-07-26,Chris Young,937,White River Disc Golf Course,Default Layout,54,18,1,15:00:00,48,-6,935,98,True,False,18,48,True,True,True
46474,2020,MPO,1,303861,96621,96621,951,Round 1,2020-07-26,Jeremy McKittrick,932,White River Disc Golf Course,Default Layout,54,18,2,15:00:00,48,-6,935,97,True,False,18,48,True,True,True
46474,2020,MPO,1,303861,125586,125586,922,Round 1,2020-07-26,Matthew Avery,,White River Disc Golf Course,Default Layout,54,18,3,13:45:00,48,-6,935,96,True,False,18,48,True,True,True
46474,2020,MPO,1,303861,name:justin peppertone,,,Round 1,2020-07-26,Justin Peppertone,,White River Disc Golf Course,Default Layout,54,18,4,14:00:00,49,-5,922,102,True,False,18,49,True,True,True
46474,2020,MPO,1,303861,15089,15089,942,Round 1,2020-07-26,Jeremy JJ Becker,887,White River Disc Golf Course,Default Layout,54,18,4,15:00:00,50,-4,908,96,True,False,18,50,True,True,True
46474,2020,MPO,1,303861,94409,94409,869,Round 1,2020-07-26,Tyler Ryan,,White River Disc Golf Course,Default Layout,54,18,2,14:30:00,51,-3,895,102,True,False,18,51,True,True,True
46474,2020,MPO,1,303861,108353,108353,941,Round 1,2020-07-26,Remy Eisendrath,976,White River Disc Golf Course,Default Layout,54,18,1,14:15:00,51,-3,895,96,True,False,18,51,True,True,True
46474,2020,MPO,1,303861,53718,53718,959,Round 1,2020-07-26,Nicholas Ailes,,White River Disc Golf Course,Default Layout,54,18,4,14:15:00,52,-2,881,100,True,False,18,52,True,True,True
46474,2020,MPO,1,303861,57904,57904,846,Round 1,2020-07-26,Matt Marro,839,White River Disc Golf Course,Default Layout,54,18,3,14:45:00,52,-2,881,108,True,False,18,52,True,True,True
46474,2020,MPO,1,303861,81523,81523,952,Round 1,2020-07-26,Zack Leffler,,White River Disc Golf Course,Default Layout,54,18,2,14:45:00,52,-2,881,97,True,False,18,52,True,True,True
46474,2020,MPO,1,303861,100341,100341,892,Round 1,2020-07-26,Kevin Avery,,White River Disc Golf Course,Default Layout,54,18,4,13:45:00,52,-2,881,100,True,False,18,52,True,True,True
46474,2020,MPO,1,303861,114674,114674,922,Round 1,2020-07-26,Jordan Lamson,,White River Disc Golf Course,Default Layout,54,18,3,14:15:00,52,-2,881,98,True,False,18,52,True,True,True
46474,2020,MPO,1,303861,name:jeff salvador,,,Round 1,2020-07-26,Jeff Salvador,,White River Disc Golf Course,Default Layout,54,18,4,14:30:00,54,0,854,104,True,False,18,54,True,True,True
46474,2020,MPO,1,303861,109749,109749,899,Round 1,2020-07-26,Taylor Douglass,,White River Disc Golf Course,Default Layout,54,18,2,14:15:00,55,1,840,99,True,False,18,55,True,True,True
46474,2020,MPO,1,303861,107234,107234,871,Round 1,2020-07-26,Sebastian Marshall,,White River Disc Golf Course,Default Layout,54,18,2,14:00:00,56,2,827,115,True,False,18,56,True,True,True
46474,2020,MPO,1,303861,109051,109051,895,Round 1,2020-07-26,Taylor Jones,866,White River Disc Golf Course,Default Layout,54,18,4,14:45:00,57,3,813,113,True,False,18,57,True,True,True
46474,2020,MPO,2,303861,103627,103627,981,Round 2,2020-07-26,Clayton Davis,,White River Disc Golf Course,Default Layout,54,18,1,15:15:00,43,-11,1003,84,True,False,18,43,True,True,True
46474,2020,MPO,2,303861,55953,55953,968,Round 2,2020-07-26,Finlay Buchanan-Jacobs,971,White River Disc Golf Course,Default Layout,54,18,4,15:15:00,46,-8,962,92,True,False,18,46,True,True,True
46474,2020,MPO,2,303861,130922,130922,910,Round 2,2020-07-26,James Bowley,,White River Disc Golf Course,Default Layout,54,18,3,15:15:00,47,-7,949,92,True,False,18,47,True,True,True
46474,2020,MPO,2,303861,116370,116370,911,Round 2,2020-07-26,Tyler Moriarty,,White River Disc Golf Course,Default Layout,54,18,2,15:15:00,49,-5,922,94,True,False,18,49,True,True,True
46474,2020,MPO,2,303861,108353,108353,941,Round 2,2020-07-26,Remy Eisendrath,976,White River Disc Golf Course,Default Layout,54,18,2,14:30:00,45,-9,976,96,True,False,18,45,True,True,True
46474,2020,MPO,2,303861,15089,15089,942,Round 2,2020-07-26,Jeremy JJ Becker,887,White River Disc Golf Course,Default Layout,54,18,4,14:45:00,46,-8,962,96,True,False,18,46,True,True,True
46474,2020,MPO,2,303861,125586,125586,922,Round 2,2020-07-26,Matthew Avery,,White River Disc Golf Course,Default Layout,54,18,2,14:45:00,48,-6,935,96,True,False,18,48,True,True,True
46474,2020,MPO,2,303861,81523,81523,952,Round 2,2020-07-26,Zack Leffler,,White River Disc Golf Course,Default Layout,54,18,1,14:15:00,45,-9,976,97,True,False,18,45,True,True,True
46474,2020,MPO,2,303861,96621,96621,951,Round 2,2020-07-26,Jeremy McKittrick,932,White River Disc Golf Course,Default Layout,54,18,1,14:45:00,49,-5,922,97,True,False,18,49,True,True,True
46474,2020,MPO,2,303861,111874,111874,905,Round 2,2020-07-26,Jack Towne,,White River Disc Golf Course,Default Layout,54,18,3,15:00:00,50,-4,908,97,True,False,18,50,True,True,True
46474,2020,MPO,2,303861,122739,122739,923,Round 2,2020-07-26,Adam Green,977,White River Disc Golf Course,Default Layout,54,18,2,15:00:00,51,-3,895,97,True,False,18,51,True,True,True
46474,2020,MPO,2,303861,114674,114674,922,Round 2,2020-07-26,Jordan Lamson,,White River Disc Golf Course,Default Layout,54,18,3,14:15:00,46,-8,962,98,True,False,18,46,True,True,True
46474,2020,MPO,2,303861,24381,24381,940,Round 2,2020-07-26,Chris Young,937,White River Disc Golf Course,Default Layout,54,18,4,15:00:00,50,-4,908,98,True,False,18,50,True,True,True
46474,2020,MPO,2,303861,109749,109749,899,Round 2,2020-07-26,Taylor Douglass,,White River Disc Golf Course,Default Layout,54,18,1,14:00:00,44,-10,989,99,True,False,18,44,True,True,True
46474,2020,MPO,2,303861,119003,119003,925,Round 2,2020-07-26,Joshua Wedel,942,White River Disc Golf Course,Default Layout,54,18,1,15:00:00,53,-1,867,99,True,False,18,53,True,True,True
46474,2020,MPO,2,303861,53718,53718,959,Round 2,2020-07-26,Nicholas Ailes,,White River Disc Golf Course,Default Layout,54,18,3,14:30:00,48,-6,935,100,True,False,18,48,True,True,True
46474,2020,MPO,2,303861,100341,100341,892,Round 2,2020-07-26,Kevin Avery,,White River Disc Golf Course,Default Layout,54,18,2,14:15:00,48,-6,935,100,True,False,18,48,True,True,True
46474,2020,MPO,2,303861,94409,94409,869,Round 2,2020-07-26,Tyler Ryan,,White River Disc Golf Course,Default Layout,54,18,1,14:30:00,51,-3,895,102,True,False,18,51,True,True,True
46474,2020,MPO,2,303861,name:justin peppertone,,,Round 2,2020-07-26,Justin Peppertone,,White River Disc Golf Course,Default Layout,54,18,3,14:45:00,53,-1,867,102,True,False,18,53,True,True,True
46474,2020,MPO,2,303861,name:jeff salvador,,,Round 2,2020-07-26,Jeff Salvador,,White River Disc Golf Course,Default Layout,54,18,4,14:15:00,50,-4,908,104,True,False,18,50,True,True,True
46474,2020,MPO,2,303861,57904,57904,846,Round 2,2020-07-26,Matt Marro,839,White River Disc Golf Course,Default Layout,54,18,4,14:30:00,56,2,827,108,True,False,18,56,True,True,True
46474,2020,MPO,2,303861,109051,109051,895,Round 2,2020-07-26,Taylor Jones,866,White River Disc Golf Course,Default Layout,54,18,3,14:00:00,56,2,827,113,True,False,18,56,True,True,True
46474,2020,MPO,2,303861,107234,107234,871,Round 2,2020-07-26,Sebastian Marshall,,White River Disc Golf Course,Default Layout,54,18,2,14:00:00,59,5,786,115,True,False,18,59,True,True,True
46697,2020,FA1,1,308656,name:meagan grivois,,,Round 1,2020-08-09,Meagan Grivois,,North Calais Disc Golf Course,White Tees,64,18,3,10:30:00,84,20,688,164,True,False,18,84,True,True,True
46697,2020,FA1,1,308656,165174,165174,,Round 1,2020-08-09,Kiree LaPointe,,North Calais Disc Golf Course,White Tees,64,18,4,10:30:00,85,21,678,177,True,False,18,85,True,True,True
46697,2020,FA1,2,308656,name:meagan grivois,,,Round 2,2020-08-09,Meagan Grivois,,North Calais Disc Golf Course,White Tees,64,18,2,09:15:00,80,16,726,164,True,False,18,80,True,True,True
46697,2020,FA1,2,308656,165174,165174,,Round 2,2020-08-09,Kiree LaPointe,,North Calais Disc Golf Course,White Tees,64,18,3,09:15:00,92,28,610,177,True,False,18,92,True,True,True
46697,2020,MA1,1,308646,103738,103738,903,Round 1,2020-08-09,Maxx Perry,,North Calais Disc Golf Course,Blue Tees,64,18,2,11:45:00,64,0,951,127,True,False,18,64,True,True,True
46697,2020,MA1,1,308646,106294,106294,901,Round 1,2020-08-09,Scott McCamp,,North Calais Disc Golf Course,Blue Tees,64,18,3,12:15:00,65,1,943,136,True,False,18,65,True,True,True
46697,2020,MA1,1,308646,131201,131201,885,Round 1,2020-08-09,Tyler LaPerle,973,North Calais Disc Golf Course,Blue Tees,64,18,4,12:45:00,68,4,918,139,True,False,18,68,True,True,True
46697,2020,MA1,1,308646,name:nathan beningson,,,Round 1,2020-08-09,Nathan Beningson,,North Calais Disc Golf Course,Blue Tees,64,18,3,11:45:00,68,4,918,138,True,False,18,68,True,True,True
46697,2020,MA1,1,308646,100885,100885,915,Round 1,2020-08-09,Jacob Moore,945,North Calais Disc Golf Course,Blue Tees,64,18,1,12:30:00,69,5,910,140,True,False,18,69,True,True,True
46697,2020,MA1,1,308646,110707,110707,905,Round 1,2020-08-09,Jason Wilson,927,North Calais Disc Golf Course,Blue Tees,64,18,1,11:30:00,69,5,910,140,True,False,18,69,True,True,True
46697,2020,MA1,1,308646,136937,136937,879,Round 1,2020-08-09,Zach Bossier,,North Calais Disc Golf Course,Blue Tees,64,18,2,09:00:00,69,5,910,144,True,False,18,69,True,True,True
46697,2020,MA1,1,308646,140098,140098,,Round 1,2020-08-09,Angus Barstow,980,North Calais Disc Golf Course,Blue Tees,64,18,3,14:15:00,69,5,910,134,True,False,18,69,True,True,True
46697,2020,MA1,1,308646,73588,73588,875,Round 1,2020-08-09,Will Cleland,910,North Calais Disc Golf Course,Blue Tees,64,18,1,14:15:00,70,6,902,145,True,False,18,70,True,True,True
46697,2020,MA1,1,308646,96355,96355,893,Round 1,2020-08-09,Louis Annino,906,North Calais Disc Golf Course,Blue Tees,64,18,1,09:00:00,70,6,902,144,True,False,18,70,True,True,True
46697,2020,MA1,1,308646,name:nolan benoit,,,Round 1,2020-08-09,Nolan Benoit,,North Calais Disc Golf Course,Blue Tees,64,18,3,09:00:00,70,6,902,134,True,False,18,70,True,True,True
46697,2020,MA1,1,308646,141251,141251,902,Round 1,2020-08-09,Owen Wood,939,North Calais Disc Golf Course,Blue Tees,64,18,2,11:30:00,72,8,885,142,True,False,18,72,True,True,True
46697,2020,MA1,1,308646,103521,103521,858,Round 1,2020-08-09,Randall Lyons,,North Calais Disc Golf Course,Blue Tees,64,18,1,11:45:00,73,9,877,148,True,False,18,73,True,True,True
46697,2020,MA1,1,308646,118928,118928,912,Round 1,2020-08-09,Tyler Pomichter,926,North Calais Disc Golf Course,Blue Tees,64,18,3,11:30:00,73,9,877,136,True,False,18,73,True,True,True
46697,2020,MA1,1,308646,121418,121418,922,Round 1,2020-08-09,Brian Charash,,North Calais Disc Golf Course,Blue Tees,64,18,4,09:00:00,73,9,877,139,True,False,18,73,True,True,True
46697,2020,MA1,1,308646,42420,42420,926,Round 1,2020-08-09,Patrick Harris,906,North Calais Disc Golf Course,Blue Tees,64,18,1,12:15:00,74,10,869,140,True,False,18,74,True,True,True
46697,2020,MA1,1,308646,141901,141901,,Round 1,2020-08-09,Quinn Ledak,,North Calais Disc Golf Course,Blue Tees,64,18,3,12:30:00,74,10,869,144,True,False,18,74,True,True,True
46697,2020,MA1,1,308646,136942,136942,801,Round 1,2020-08-09,Christopher Larock,,North Calais Disc Golf Course,Blue Tees,64,18,2,12:15:00,75,11,860,150,True,False,18,75,True,True,True
46697,2020,MA1,1,308646,name:sam callison,,,Round 1,2020-08-09,Sam Callison,,North Calais Disc Golf Course,Blue Tees,64,18,2,12:30:00,75,11,860,147,True,False,18,75,True,True,True
46697,2020,MA1,1,308646,96154,96154,843,Round 1,2020-08-09,Travis Jacques,871,North Calais Disc Golf Course,Blue Tees,64,18,3,12:45:00,76,12,852,157,True,False,18,76,True,True,True
46697,2020,MA1,1,308646,136921,136921,832,Round 1,2020-08-09,Blake Fletcher,,North Calais Disc Golf Course,Blue Tees,64,18,2,14:15:00,79,15,827,160,True,False,18,79,True,True,True
46697,2020,MA1,1,308646,138402,138402,869,Round 1,2020-08-09,Kenneth Antonich,,North Calais Disc Golf Course,Blue Tees,64,18,4,12:15:00,81,17,811,157,True,False,18,81,True,True,True
46697,2020,MA1,2,308646,103738,103738,903,Round 2,2020-08-09,Maxx Perry,,North Calais Disc Golf Course,Blue Tees,64,18,1,12:30:00,63,-1,960,127,True,False,18,63,True,True,True
46697,2020,MA1,2,308646,name:nolan benoit,,,Round 2,2020-08-09,Nolan Benoit,,North Calais Disc Golf Course,Blue Tees,64,18,2,12:00:00,64,0,951,134,True,False,18,64,True,True,True
46697,2020,MA1,2,308646,140098,140098,,Round 2,2020-08-09,Angus Barstow,980,North Calais Disc Golf Course,Blue Tees,64,18,4,12:15:00,65,1,943,134,True,False,18,65,True,True,True
46697,2020,MA1,2,308646,118928,118928,912,Round 2,2020-08-09,Tyler Pomichter,926,North Calais Disc Golf Course,Blue Tees,64,18,1,11:45:00,63,-1,960,136,True,False,18,63,True,True,True
46697,2020,MA1,2,308646,106294,106294,901,Round 2,2020-08-09,Scott McCamp,,North Calais Disc Golf Course,Blue Tees,64,18,2,12:30:00,71,7,894,136,True,False,18,71,True,True,True
46697,2020,MA1,2,308646,name:nathan beningson,,,Round 2,2020-08-09,Nathan Beningson,,North Calais Disc Golf Course,Blue Tees,64,18,4,12:30:00,70,6,902,138,True,False,18,70,True,True,True
46697,2020,MA1,2,308646,121418,121418,922,Round 2,2020-08-09,Brian Charash,,North Calais Disc Golf Course,Blue Tees,64,18,2,11:45:00,66,2,935,139,True,False,18,66,True,True,True
46697,2020,MA1,2,308646,131201,131201,885,Round 2,2020-08-09,Tyler LaPerle,973,North Calais Disc Golf Course,Blue Tees,64,18,3,12:30:00,71,7,894,139,True,False,18,71,True,True,True
46697,2020,MA1,2,308646,42420,42420,926,Round 2,2020-08-09,Patrick Harris,906,North Calais Disc Golf Course,Blue Tees,64,18,3,11:45:00,66,2,935,140,True,False,18,66,True,True,True
46697,2020,MA1,2,308646,100885,100885,915,Round 2,2020-08-09,Jacob Moore,945,North Calais Disc Golf Course,Blue Tees,64,18,1,12:15:00,71,7,894,140,True,False,18,71,True,True,True
46697,2020,MA1,2,308646,110707,110707,905,Round 2,2020-08-09,Jason Wilson,927,North Calais Disc Golf Course,Blue Tees,64,18,2,12:15:00,71,7,894,140,True,False,18,71,True,True,True
46697,2020,MA1,2,308646,141251,141251,902,Round 2,2020-08-09,Owen Wood,939,North Calais Disc Golf Course,Blue Tees,64,18,3,12:00:00,70,6,902,142,True,False,18,70,True,True,True
46697,2020,MA1,2,308646,141901,141901,,Round 2,2020-08-09,Quinn Ledak,,North Calais Disc Golf Course,Blue Tees,64,18,1,11:30:00,70,6,902,144,True,False,18,70,True,True,True
46697,2020,MA1,2,308646,96355,96355,893,Round 2,2020-08-09,Louis Annino,906,North Calais Disc Golf Course,Blue Tees,64,18,1,09:00:00,74,10,869,144,True,False,18,74,True,True,True
46697,2020,MA1,2,308646,136937,136937,879,Round 2,2020-08-09,Zach Bossier,,North Calais Disc Golf Course,Blue Tees,64,18,3,12:15:00,75,11,860,144,True,False,18,75,True,True,True
46697,2020,MA1,2,308646,73588,73588,875,Round 2,2020-08-09,Will Cleland,910,North Calais Disc Golf Course,Blue Tees,64,18,1,12:00:00,75,11,860,145,True,False,18,75,True,True,True
46697,2020,MA1,2,308646,name:sam callison,,,Round 2,2020-08-09,Sam Callison,,North Calais Disc Golf Course,Blue Tees,64,18,3,11:30:00,72,8,885,147,True,False,18,72,True,True,True
46697,2020,MA1,2,308646,103521,103521,858,Round 2,2020-08-09,Randall Lyons,,North Calais Disc Golf Course,Blue Tees,64,18,4,12:00:00,75,11,860,148,True,False,18,75,True,True,True
46697,2020,MA1,2,308646,136942,136942,801,Round 2,2020-08-09,Christopher Larock,,North Calais Disc Golf Course,Blue Tees,64,18,2,11:30:00,75,11,860,150,True,False,18,75,True,True,True
46697,2020,MA1,2,308646,138402,138402,869,Round 2,2020-08-09,Kenneth Antonich,,North Calais Disc Golf Course,Blue Tees,64,18,4,09:00:00,76,12,852,157,True,False,18,76,True,True,True
46697,2020,MA1,2,308646,96154,96154,843,Round 2,2020-08-09,Travis Jacques,871,North Calais Disc Golf Course,Blue Tees,64,18,2,09:00:00,81,17,811,157,True,False,18,81,True,True,True
46697,2020,MA1,2,308646,136921,136921,832,Round 2,2020-08-09,Blake Fletcher,,North Calais Disc Golf Course,Blue Tees,64,18,3,09:00:00,81,17,811,160,True,False,18,81,True,True,True
46697,2020,MA2,1,308656,name:dan rico,,,Round 1,2020-08-09,Dan Rico,,North Calais Disc Golf Course,White Tees,64,18,2,10:30:00,62,-2,901,128,True,False,18,62,True,True,True
46697,2020,MA2,1,308656,98213,98213,830,Round 1,2020-08-09,Sean Ahlquist Jr,,North Calais Disc Golf Course,White Tees,64,18,1,10:45:00,63,-1,891,136,True,False,18,63,True,True,True
46697,2020,MA2,1,308656,120536,120536,868,Round 1,2020-08-09,Andrew Palumbo,,North Calais Disc Golf Course,White Tees,64,18,3,10:15:00,63,-1,891,124,True,False,18,63,True,True,True
46697,2020,MA2,1,308656,128700,128700,838,Round 1,2020-08-09,Peter McCarthy,,North Calais Disc Golf Course,White Tees,64,18,2,09:15:00,63,-1,891,138,True,False,18,63,True,True,True
46697,2020,MA2,1,308656,143309,143309,,Round 1,2020-08-09,Nick Vance,,North Calais Disc Golf Course,White Tees,64,18,4,09:30:00,63,-1,891,118,True,False,18,63,True,True,True
46697,2020,MA2,1,308656,50816,50816,855,Round 1,2020-08-09,Tristan Whitehouse,,North Calais Disc Golf Course,White Tees,64,18,4,10:45:00,64,0,881,132,True,False,18,64,True,True,True
46697,2020,MA2,1,308656,118694,118694,825,Round 1,2020-08-09,Jordan Patterson,,North Calais Disc Golf Course,White Tees,64,18,1,09:45:00,64,0,881,138,True,False,18,64,True,True,True
46697,2020,MA2,1,308656,109527,109527,877,Round 1,2020-08-09,Mike Wenzel,901,North Calais Disc Golf Course,White Tees,64,18,2,10:00:00,65,1,872,128,True,False,18,65,True,True,True
46697,2020,MA2,1,308656,142606,142606,,Round 1,2020-08-09,Hudson Elledge,,North Calais Disc Golf Course,White Tees,64,18,4,10:15:00,65,1,872,138,True,False,18,65,True,True,True
46697,2020,MA2,1,308656,93062,93062,873,Round 1,2020-08-09,Tom Slimm,,North Calais Disc Golf Course,White Tees,64,18,2,10:15:00,66,2,862,130,True,False,18,66,True,True,True
46697,2020,MA2,1,308656,138228,138228,837,Round 1,2020-08-09,Dan Barmore,,North Calais Disc Golf Course,White Tees,64,18,3,09:45:00,66,2,862,132,True,False,18,66,True,True,True
46697,2020,MA2,1,308656,name:james lightholder,,,Round 1,2020-08-09,James Lightholder,,North Calais Disc Golf Course,White Tees,64,18,3,10:00:00,66,2,862,134,True,False,18,66,True,True,True
46697,2020,MA2,1,308656,139502,139502,856,Round 1,2020-08-09,Brendan Marineau,,North Calais Disc Golf Course,White Tees,64,18,4,10:00:00,67,3,852,133,True,False,18,67,True,True,True
46697,2020,MA2,1,308656,125328,125328,842,Round 1,2020-08-09,Dana Carpenter,,North Calais Disc Golf Course,White Tees,64,18,1,09:30:00,68,4,843,131,True,False,18,68,True,True,True
46697,2020,MA2,1,308656,106970,106970,833,Round 1,2020-08-09,Stefan Farrell,852,North Calais Disc Golf Course,White Tees,64,18,1,09:15:00,69,5,833,137,True,False,18,69,True,True,True
46697,2020,MA2,1,308656,137937,137937,782,Round 1,2020-08-09,Peter Auclair,,North Calais Disc Golf Course,White Tees,64,18,2,09:30:00,69,5,833,143,True,False,18,69,True,True,True
46697,2020,MA2,1,308656,146710,146710,,Round 1,2020-08-09,Nicholas Laurendeau,,North Calais Disc Golf Course,White Tees,64,18,3,09:30:00,69,5,833,136,True,False,18,69,True,True,True
46697,2020,MA2,1,308656,140272,140272,898,Round 1,2020-08-09,Seth Tilford,,North Calais Disc Golf Course,White Tees,64,18,1,10:30:00,70,6,823,131,True,False,18,70,True,True,True
46697,2020,MA2,1,308656,name:conor giard,,,Round 1,2020-08-09,Conor Giard,,North Calais Disc Golf Course,White Tees,64,18,4,09:45:00,70,6,823,137,True,False,18,70,True,True,True
46697,2020,MA2,1,308656,26235,26235,834,Round 1,2020-08-09,Adam Silva,843,North Calais Disc Golf Course,White Tees,64,18,1,10:15:00,71,7,814,138,True,False,18,71,True,True,True
46697,2020,MA2,1,308656,131352,131352,776,Round 1,2020-08-09,David Havens,816,North Calais Disc Golf Course,White Tees,64,18,2,09:45:00,76,12,765,154,True,False,18,76,True,True,True
46697,2020,MA2,1,308656,88570,88570,673,Round 1,2020-08-09,Michael Ray,,North Calais Disc Golf Course,White Tees,64,18,1,10:00:00,78,14,746,153,True,False,18,78,True,True,True
46697,2020,MA2,1,308656,137736,137736,778,Round 1,2020-08-09,Logan Cooke,880,North Calais Disc Golf Course,White Tees,64,18,3,09:15:00,80,16,726,,True,False,18,80,True,True,True
46697,2020,MA2,1,308656,name:bill tibbits,,,Round 1,2020-08-09,Bill Tibbits,,North Calais Disc Golf Course,White Tees,64,18,4,09:15:00,80,16,726,164,True,False,18,80,True,True,True
46697,2020,MA2,2,308656,143309,143309,,Round 2,2020-08-09,Nick Vance,,North Calais Disc Golf Course,White Tees,64,18,1,10:30:00,55,-9,969,118,True,False,18,55,True,True,True
46697,2020,MA2,2,308656,120536,120536,868,Round 2,2020-08-09,Andrew Palumbo,,North Calais Disc Golf Course,White Tees,64,18,3,10:45:00,61,-3,911,124,True,False,18,61,True,True,True
46697,2020,MA2,2,308656,109527,109527,877,Round 2,2020-08-09,Mike Wenzel,901,North Calais Disc Golf Course,White Tees,64,18,4,10:30:00,63,-1,891,128,True,False,18,63,True,True,True
46697,2020,MA2,2,308656,name:dan rico,,,Round 2,2020-08-09,Dan Rico,,North Calais Disc Golf Course,White Tees,64,18,1,10:45:00,66,2,862,128,True,False,18,66,True,True,True
46697,2020,MA2,2,308656,93062,93062,873,Round 2,2020-08-09,Tom Slimm,,North Calais Disc Golf Course,White Tees,64,18,2,10:15:00,64,0,881,130,True,False,18,64,True,True,True
46697,2020,MA2,2,308656,140272,140272,898,Round 2,2020-08-09,Seth Tilford,,North Calais Disc Golf Course,White Tees,64,18,2,09:45:00,61,-3,911,131,True,False,18,61,True,True,True
46697,2020,MA2,2,308656,125328,125328,842,Round 2,2020-08-09,Dana Carpenter,,North Calais Disc Golf Course,White Tees,64,18,2,10:00:00,63,-1,891,131,True,False,18,63,True,True,True
46697,2020,MA2,2,308656,138228,138228,837,Round 2,2020-08-09,Dan Barmore,,North Calais Disc Golf Course,White Tees,64,18,3,10:15:00,66,2,862,132,True,False,18,66,True,True,True
46697,2020,MA2,2,308656,50816,50816,855,Round 2,2020-08-09,Tristan Whitehouse,,North Calais Disc Golf Course,White Tees,64,18,2,10:30:00,68,4,843,132,True,False,18,68,True,True,True
46697,2020,MA2,2,308656,139502,139502,856,Round 2,2020-08-09,Brendan Marineau,,North Calais Disc Golf Course,White Tees,64,18,1,10:00:00,66,2,862,133,True,False,18,66,True,True,True
46697,2020,MA2,2,308656,name:james lightholder,,,Round 2,2020-08-09,James Lightholder,,North Calais Disc Golf Course,White Tees,64,18,4,10:15:00,68,4,843,134,True,False,18,68,True,True,True
46697,2020,MA2,2,308656,146710,146710,,Round 2,2020-08-09,Nicholas Laurendeau,,North Calais Disc Golf Course,White Tees,64,18,1,09:45:00,67,3,852,136,True,False,18,67,True,True,True
46697,2020,MA2,2,308656,98213,98213,830,Round 2,2020-08-09,Sean Ahlquist Jr,,North Calais Disc Golf Course,White Tees,64,18,2,10:45:00,73,9,794,136,True,False,18,73,True,True,True
46697,2020,MA2,2,308656,name:conor giard,,,Round 2,2020-08-09,Conor Giard,,North Calais Disc Golf Course,White Tees,64,18,3,09:45:00,67,3,852,137,True,False,18,67,True,True,True
46697,2020,MA2,2,308656,106970,106970,833,Round 2,2020-08-09,Stefan Farrell,852,North Calais Disc Golf Course,White Tees,64,18,3,10:00:00,68,4,843,137,True,False,18,68,True,True,True
46697,2020,MA2,2,308656,26235,26235,834,Round 2,2020-08-09,Adam Silva,843,North Calais Disc Golf Course,White Tees,64,18,4,09:45:00,67,3,852,138,True,False,18,67,True,True,True
46697,2020,MA2,2,308656,142606,142606,,Round 2,2020-08-09,Hudson Elledge,,North Calais Disc Golf Course,White Tees,64,18,1,10:15:00,73,9,794,138,True,False,18,73,True,True,True
46697,2020,MA2,2,308656,118694,118694,825,Round 2,2020-08-09,Jordan Patterson,,North Calais Disc Golf Course,White Tees,64,18,3,10:30:00,74,10,785,138,True,False,18,74,True,True,True
46697,2020,MA2,2,308656,128700,128700,838,Round 2,2020-08-09,Peter McCarthy,,North Calais Disc Golf Course,White Tees,64,18,4,10:45:00,75,11,775,138,True,False,18,75,True,True,True
46697,2020,MA2,2,308656,137937,137937,782,Round 2,2020-08-09,Peter Auclair,,North Calais Disc Golf Course,White Tees,64,18,4,10:00:00,74,10,785,143,True,False,18,74,True,True,True
46697,2020,MA2,2,308656,88570,88570,673,Round 2,2020-08-09,Michael Ray,,North Calais Disc Golf Course,White Tees,64,18,4,09:30:00,75,11,775,153,True,False,18,75,True,True,True
46697,2020,MA2,2,308656,131352,131352,776,Round 2,2020-08-09,David Havens,816,North Calais Disc Golf Course,White Tees,64,18,3,09:30:00,78,14,746,154,True,False,18,78,True,True,True
46697,2020,MA2,2,308656,name:bill tibbits,,,Round 2,2020-08-09,Bill Tibbits,,North Calais Disc Golf Course,White Tees,64,18,1,09:15:00,84,20,688,164,True,False,18,84,True,True,True
46697,2020,MA2,2,308656,137736,137736,778,Round 2,2020-08-09,Logan Cooke,880,North Calais Disc Golf Course,White Tees,64,18,1,09:15:00,,,,,True,True,0,,False,False,False
46697,2020,MA40,1,308646,83212,83212,847,Round 1,2020-08-09,Cory Barron,885,North Calais Disc Golf Course,Blue Tees,64,18,3,11:15:00,67,3,927,140,True,False,18,67,True,True,True
46697,2020,MA40,1,308646,36062,36062,878,Round 1,2020-08-09,Andrew Powell,852,North Calais Disc Golf Course,Blue Tees,64,18,1,11:15:00,70,6,902,141,True,False,18,70,True,True,True
46697,2020,MA40,1,308646,42057,42057,913,Round 1,2020-08-09,Seth McQuade,,North Calais Disc Golf Course,Blue Tees,64,18,2,11:15:00,74,10,869,158,True,False,18,74,True,True,True
46697,2020,MA40,1,308646,name:russell a hebert,,,Round 1,2020-08-09,Russell A Hebert,,North Calais Disc Golf Course,Blue Tees,64,18,4,11:15:00,80,16,819,162,True,False,18,80,True,True,True
46697,2020,MA40,2,308646,83212,83212,847,Round 2,2020-08-09,Cory Barron,885,North Calais Disc Golf Course,Blue Tees,64,18,1,11:00:00,73,9,877,140,True,False,18,73,True,True,True
46697,2020,MA40,2,308646,36062,36062,878,Round 2,2020-08-09,Andrew Powell,852,North Calais Disc Golf Course,Blue Tees,64,18,2,11:00:00,71,7,894,141,True,False,18,71,True,True,True
46697,2020,MA40,2,308646,42057,42057,913,Round 2,2020-08-09,Seth McQuade,,North Calais Disc Golf Course,Blue Tees,64,18,3,11:00:00,84,20,786,158,True,False,18,84,True,True,True
46697,2020,MA40,2,308646,name:russell a hebert,,,Round 2,2020-08-09,Russell A Hebert,,North Calais Disc Golf Course,Blue Tees,64,18,4,11:00:00,82,18,803,162,True,False,18,82,True,True,True
46697,2020,MA50,1,308646,91301,91301,884,Round 1,2020-08-09,Michael A. Stridsberg,898,North Calais Disc Golf Course,Blue Tees,64,18,2,11:00:00,70,6,902,139,True,False,18,70,True,True,True
46697,2020,MA50,1,308646,74478,74478,862,Round 1,2020-08-09,John Sudarsky,845,North Calais Disc Golf Course,Blue Tees,64,18,1,11:00:00,75,11,860,152,True,False,18,75,True,True,True
46697,2020,MA50,1,308646,name:todd sternbach,,,Round 1,2020-08-09,Todd Sternbach,,North Calais Disc Golf Course,Blue Tees,64,18,3,11:00:00,76,12,852,153,True,False,18,76,True,True,True
46697,2020,MA50,2,308646,91301,91301,884,Round 2,2020-08-09,Michael A. Stridsberg,898,North Calais Disc Golf Course,Blue Tees,64,18,1,11:15:00,69,5,910,139,True,False,18,69,True,True,True
46697,2020,MA50,2,308646,74478,74478,862,Round 2,2020-08-09,John Sudarsky,845,North Calais Disc Golf Course,Blue Tees,64,18,2,11:15:00,77,13,844,152,True,False,18,77,True,True,True
46697,2020,MA50,2,308646,name:todd sternbach,,,Round 2,2020-08-09,Todd Sternbach,,North Calais Disc Golf Course,Blue Tees,64,18,3,11:15:00,77,13,844,153,True,False,18,77,True,True,True
46697,2020,MJ15,1,308656,name:elian furs,,,Round 1,2020-08-09,Elian Furs,,North Calais Disc Golf Course,White Tees,64,18,3,10:45:00,71,7,814,142,True,False,18,71,True,True,True
46697,2020,MJ15,1,308656,124203,124203,783,Round 1,2020-08-09,Ezra Koch,954,North Calais Disc Golf Course,White Tees,64,18,2,10:45:00,74,10,785,145,True,False,18,74,True,True,True
46697,2020,MJ15,2,308656,name:elian furs,,,Round 2,2020-08-09,Elian Furs,,North Calais Disc Golf Course,White Tees,64,18,1,09:30:00,71,7,814,142,True,False,18,71,True,True,True
46697,2020,MJ15,2,308656,124203,124203,783,Round 2,2020-08-09,Ezra Koch,954,North Calais Disc Golf Course,White Tees,64,18,2,09:30:00,71,7,814,145,True,False,18,71,True,True,True
46697,2020,MP40,1,307121,24381,24381,940,Round 1,2020-08-09,Chris Young,937,North Calais Disc Golf Course,Gold Tees,64,18,2,12:00:00,65,1,978,133,True,False,18,65,True,True,True
46697,2020,MP40,1,307121,96621,96621,951,Round 1,2020-08-09,Jeremy McKittrick,932,North Calais Disc Golf Course,Gold Tees,64,18,4,12:00:00,68,4,956,140,True,False,18,68,True,True,True
46697,2020,MP40,1,307121,22780,22780,921,Round 1,2020-08-09,Peter Hess,902,North Calais Disc Golf Course,Gold Tees,64,18,1,12:00:00,74,10,912,143,True,False,18,74,True,True,True
46697,2020,MP40,1,307121,32401,32401,879,Round 1,2020-08-09,Todd Holmes,940,North Calais Disc Golf Course,Gold Tees,64,18,4,,74,10,912,145,True,False,18,74,True,True,True
46697,2020,MP40,1,307121,119003,119003,925,Round 1,2020-08-09,Joshua Wedel,942,North Calais Disc Golf Course,Gold Tees,64,18,5,12:00:00,74,10,912,141,True,False,18,74,True,True,True
46697,2020,MP40,1,307121,27112,27112,926,Round 1,2020-08-09,David Frothingham,,North Calais Disc Golf Course,Gold Tees,64,18,3,12:00:00,81,17,860,157,True,False,18,81,True,True,True
46697,2020,MP40,2,307121,24381,24381,940,Round 2,2020-08-09,Chris Young,937,North Calais Disc Golf Course,Gold Tees,64,18,1,14:15:00,68,4,956,133,True,False,18,68,True,True,True
46697,2020,MP40,2,307121,96621,96621,951,Round 2,2020-08-09,Jeremy McKittrick,932,North Calais Disc Golf Course,Gold Tees,64,18,2,14:15:00,72,8,927,140,True,False,18,72,True,True,True
46697,2020,MP40,2,307121,119003,119003,925,Round 2,2020-08-09,Joshua Wedel,942,North Calais Disc Golf Course,Gold Tees,64,18,2,12:45:00,67,3,964,141,True,False,18,67,True,True,True
46697,2020,MP40,2,307121,22780,22780,921,Round 2,2020-08-09,Peter Hess,902,North Calais Disc Golf Course,Gold Tees,64,18,3,14:15:00,69,5,949,143,True,False,18,69,True,True,True
46697,2020,MP40,2,307121,32401,32401,879,Round 2,2020-08-09,Todd Holmes,940,North Calais Disc Golf Course,Gold Tees,64,18,4,14:15:00,71,7,934,145,True,False,18,71,True,True,True
46697,2020,MP40,2,307121,27112,27112,926,Round 2,2020-08-09,David Frothingham,,North Calais Disc Golf Course,Gold Tees,64,18,3,12:45:00,76,12,897,157,True,False,18,76,True,True,True
46697,2020,MP50,1,308646,77623,77623,921,Round 1,2020-08-09,Cary Powell,909,North Calais Disc Golf Course,Blue Tees,64,18,1,12:45:00,71,7,894,138,True,False,18,71,True,True,True
46697,2020,MP50,1,308646,84880,84880,914,Round 1,2020-08-09,Marcos Miller,,North Calais Disc Golf Course,Blue Tees,64,18,2,12:45:00,74,10,869,146,True,False,18,74,True,True,True
46697,2020,MP50,2,308646,77623,77623,921,Round 2,2020-08-09,Cary Powell,909,North Calais Disc Golf Course,Blue Tees,64,18,1,12:45:00,67,3,927,138,True,False,18,67,True,True,True
46697,2020,MP50,2,308646,84880,84880,914,Round 2,2020-08-09,Marcos Miller,,North Calais Disc Golf Course,Blue Tees,64,18,4,12:45:00,72,8,885,146,True,False,18,72,True,True,True
46697,2020,MPO,1,307121,75861,75861,967,Round 1,2020-08-09,Charlie Veysey,978,North Calais Disc Golf Course,Gold Tees,64,18,2,14:00:00,63,-1,993,133,True,False,18,63,True,True,True
46697,2020,MPO,1,307121,136903,136903,954,Round 1,2020-08-09,Alex Ferguson,957,North Calais Disc Golf Course,Gold Tees,64,18,4,13:30:00,63,-1,993,128,True,False,18,63,True,True,True
46697,2020,MPO,1,307121,103627,103627,981,Round 1,2020-08-09,Clayton Davis,,North Calais Disc Golf Course,Gold Tees,64,18,2,13:30:00,64,0,986,126,True,False,18,64,True,True,True
46697,2020,MPO,1,307121,101829,101829,920,Round 1,2020-08-09,Joshua Storgaard,,North Calais Disc Golf Course,Gold Tees,64,18,1,13:30:00,66,2,971,137,True,False,18,66,True,True,True
46697,2020,MPO,1,307121,63390,63390,986,Round 1,2020-08-09,Jim Bailey,986,North Calais Disc Golf Course,Gold Tees,64,18,2,13:15:00,67,3,964,129,True,False,18,67,True,True,True
46697,2020,MPO,1,307121,108353,108353,941,Round 1,2020-08-09,Remy Eisendrath,976,North Calais Disc Golf Course,Gold Tees,64,18,2,13:45:00,68,4,956,136,True,False,18,68,True,True,True
46697,2020,MPO,1,307121,125586,125586,922,Round 1,2020-08-09,Matthew Avery,,North Calais Disc Golf Course,Gold Tees,64,18,4,13:00:00,68,4,956,136,True,False,18,68,True,True,True
46697,2020,MPO,1,307121,55953,55953,968,Round 1,2020-08-09,Finlay Buchanan-Jacobs,971,North Calais Disc Golf Course,Gold Tees,64,18,1,13:15:00,69,5,949,136,True,False,18,69,True,True,True
46697,2020,MPO,1,307121,83198,83198,943,Round 1,2020-08-09,Alan Gofberg,869,North Calais Disc Golf Course,Gold Tees,64,18,4,13:45:00,69,5,949,136,True,False,18,69,True,True,True
46697,2020,MPO,1,307121,114674,114674,922,Round 1,2020-08-09,Jordan Lamson,,North Calais Disc Golf Course,Gold Tees,64,18,3,13:15:00,70,6,942,150,True,False,18,70,True,True,True
46697,2020,MPO,1,307121,121362,121362,924,Round 1,2020-08-09,Jonathan Russo,951,North Calais Disc Golf Course,Gold Tees,64,18,4,13:15:00,71,7,934,139,True,False,18,71,True,True,True
46697,2020,MPO,1,307121,45817,45817,969,Round 1,2020-08-09,Dylan Dunne,,North Calais Disc Golf Course,Gold Tees,64,18,1,13:00:00,72,8,927,137,True,False,18,72,True,True,True
46697,2020,MPO,1,307121,122739,122739,923,Round 1,2020-08-09,Adam Green,977,North Calais Disc Golf Course,Gold Tees,64,18,3,13:30:00,74,10,912,146,True,False,18,74,True,True,True
46697,2020,MPO,1,307121,98280,98280,927,Round 1,2020-08-09,Nicholas Reilly,932,North Calais Disc Golf Course,Gold Tees,64,18,1,13:45:00,76,12,897,151,True,False,18,76,True,True,True
46697,2020,MPO,1,307121,130922,130922,910,Round 1,2020-08-09,James Bowley,,North Calais Disc Golf Course,Gold Tees,64,18,3,13:45:00,76,12,897,151,True,False,18,76,True,True,True
46697,2020,MPO,1,307121,85980,85980,932,Round 1,2020-08-09,Corey Clark,,North Calais Disc Golf Course,Gold Tees,64,18,4,14:00:00,77,13,890,151,True,False,18,77,True,True,True
46697,2020,MPO,1,307121,57904,57904,846,Round 1,2020-08-09,Matt Marro,839,North Calais Disc Golf Course,Gold Tees,64,18,2,13:00:00,78,14,882,156,True,False,18,78,True,True,True
46697,2020,MPO,1,307121,116370,116370,911,Round 1,2020-08-09,Tyler Moriarty,,North Calais Disc Golf Course,Gold Tees,64,18,1,14:00:00,78,14,882,152,True,False,18,78,True,True,True
46697,2020,MPO,1,307121,64654,64654,942,Round 1,2020-08-09,Matthew Zabawa,,North Calais Disc Golf Course,Gold Tees,64,18,3,14:00:00,80,16,868,164,True,False,18,80,True,True,True
46697,2020,MPO,1,307121,109749,109749,899,Round 1,2020-08-09,Taylor Douglass,,North Calais Disc Golf Course,Gold Tees,64,18,3,13:00:00,82,18,853,153,True,False,18,82,True,True,True
46697,2020,MPO,2,307121,103627,103627,981,Round 2,2020-08-09,Clayton Davis,,North Calais Disc Golf Course,Gold Tees,64,18,3,14:00:00,62,-2,1001,126,True,False,18,62,True,True,True
46697,2020,MPO,2,307121,136903,136903,954,Round 2,2020-08-09,Alex Ferguson,957,North Calais Disc Golf Course,Gold Tees,64,18,2,14:00:00,65,1,978,128,True,False,18,65,True,True,True
46697,2020,MPO,2,307121,63390,63390,986,Round 2,2020-08-09,Jim Bailey,986,North Calais Disc Golf Course,Gold Tees,64,18,1,13:45:00,62,-2,1001,129,True,False,18,62,True,True,True
46697,2020,MPO,2,307121,75861,75861,967,Round 2,2020-08-09,Charlie Veysey,978,North Calais Disc Golf Course,Gold Tees,64,18,1,14:00:00,70,6,942,133,True,False,18,70,True,True,True
46697,2020,MPO,2,307121,55953,55953,968,Round 2,2020-08-09,Finlay Buchanan-Jacobs,971,North Calais Disc Golf Course,Gold Tees,64,18,4,13:45:00,67,3,964,136,True,False,18,67,True,True,True
46697,2020,MPO,2,307121,83198,83198,943,Round 2,2020-08-09,Alan Gofberg,869,North Calais Disc Golf Course,Gold Tees,64,18,1,13:30:00,67,3,964,136,True,False,18,67,True,True,True
46697,2020,MPO,2,307121,108353,108353,941,Round 2,2020-08-09,Remy Eisendrath,976,North Calais Disc Golf Course,Gold Tees,64,18,2,13:45:00,68,4,956,136,True,False,18,68,True,True,True
46697,2020,MPO,2,307121,125586,125586,922,Round 2,2020-08-09,Matthew Avery,,North Calais Disc Golf Course,Gold Tees,64,18,3,13:45:00,68,4,956,136,True,False,18,68,True,True,True
46697,2020,MPO,2,307121,45817,45817,969,Round 2,2020-08-09,Dylan Dunne,,North Calais Disc Golf Course,Gold Tees,64,18,4,13:30:00,65,1,978,137,True,False,18,65,True,True,True
46697,2020,MPO,2,307121,101829,101829,920,Round 2,2020-08-09,Joshua Storgaard,,North Calais Disc Golf Course,Gold Tees,64,18,4,14:00:00,71,7,934,137,True,False,18,71,True,True,True
46697,2020,MPO,2,307121,121362,121362,924,Round 2,2020-08-09,Jonathan Russo,951,North Calais Disc Golf Course,Gold Tees,64,18,3,13:30:00,68,4,956,139,True,False,18,68,True,True,True
46697,2020,MPO,2,307121,122739,122739,923,Round 2,2020-08-09,Adam Green,977,North Calais Disc Golf Course,Gold Tees,64,18,1,13:15:00,72,8,927,146,True,False,18,72,True,True,True
46697,2020,MPO,2,307121,114674,114674,922,Round 2,2020-08-09,Jordan Lamson,,North Calais Disc Golf Course,Gold Tees,64,18,2,13:30:00,80,16,868,150,True,False,18,80,True,True,True
46697,2020,MPO,2,307121,85980,85980,932,Round 2,2020-08-09,Corey Clark,,North Calais Disc Golf Course,Gold Tees,64,18,4,13:15:00,74,10,912,151,True,False,18,74,True,True,True
46697,2020,MPO,2,307121,98280,98280,927,Round 2,2020-08-09,Nicholas Reilly,932,North Calais Disc Golf Course,Gold Tees,64,18,2,13:15:00,75,11,905,151,True,False,18,75,True,True,True
46697,2020,MPO,2,307121,130922,130922,910,Round 2,2020-08-09,James Bowley,,North Calais Disc Golf Course,Gold Tees,64,18,3,13:15:00,75,11,905,151,True,False,18,75,True,True,True
46697,2020,MPO,2,307121,116370,116370,911,Round 2,2020-08-09,Tyler Moriarty,,North Calais Disc Golf Course,Gold Tees,64,18,2,13:00:00,74,10,912,152,True,False,18,74,True,True,True
46697,2020,MPO,2,307121,109749,109749,899,Round 2,2020-08-09,Taylor Douglass,,North Calais Disc Golf Course,Gold Tees,64,18,4,13:00:00,71,7,934,153,True,False,18,71,True,True,True
46697,2020,MPO,2,307121,57904,57904,846,Round 2,2020-08-09,Matt Marro,839,North Calais Disc Golf Course,Gold Tees,64,18,1,13:00:00,78,14,882,156,True,False,18,78,True,True,True
46697,2020,MPO,2,307121,64654,64654,942,Round 2,2020-08-09,Matthew Zabawa,,North Calais Disc Golf Course,Gold Tees,64,18,3,13:00:00,84,20,838,164,True,False,18,84,True,True,True
46877,2020,FA1,1,312466,132857,132857,818,Round 1,2020-08-23,Serena Lamson,,Wrightsville Beach,Blue tee,58,18,2,13:15:00,62,4,824,120,True,False,0,,False,False,False
46877,2020,FA1,1,312466,94272,94272,772,Round 1,2020-08-23,Gabrielle Pozzani,818,Wrightsville Beach,Blue tee,58,18,1,13:15:00,64,6,801,137,True,False,0,,False,False,False
46877,2020,FA1,1,312466,165174,165174,,Round 1,2020-08-23,Kiree LaPointe,,Wrightsville Beach,Blue tee,58,18,4,13:15:00,67,9,766,141,True,False,0,,False,False,False
46877,2020,FA1,1,312466,name:meagan grivois,,,Round 1,2020-08-23,Meagan Grivois,,Wrightsville Beach,Blue tee,58,18,3,13:15:00,69,11,743,142,True,False,0,,False,False,False
46877,2020,FA1,2,312466,132857,132857,818,Round 2,2020-08-23,Serena Lamson,,Wrightsville Beach,Blue tee,58,18,1,12:15:00,58,0,871,120,True,False,18,58,True,True,True
46877,2020,FA1,2,312466,94272,94272,772,Round 2,2020-08-23,Gabrielle Pozzani,818,Wrightsville Beach,Blue tee,58,18,2,12:15:00,73,15,696,137,True,False,18,73,True,True,True
46877,2020,FA1,2,312466,165174,165174,,Round 2,2020-08-23,Kiree LaPointe,,Wrightsville Beach,Blue tee,58,18,4,12:15:00,74,16,684,141,True,False,18,74,True,True,True
46877,2020,FA1,2,312466,name:meagan grivois,,,Round 2,2020-08-23,Meagan Grivois,,Wrightsville Beach,Blue tee,58,18,3,12:15:00,73,15,696,142,True,False,18,73,True,True,True
46877,2020,FA2,1,312476,139248,139248,577,Round 1,2020-08-23,Valerie Beaudin,,Wrightsville Beach,White tee,58,18,4,09:00:00,64,6,682,126,True,False,0,,False,False,False
46877,2020,FA2,1,312476,name:emily beaudin,,,Round 1,2020-08-23,Emily Beaudin,,Wrightsville Beach,White tee,58,18,2,09:00:00,66,8,654,131,True,False,0,,False,False,False
46877,2020,FA2,1,312476,name:kayla neumeister,,,Round 1,2020-08-23,Kayla Neumeister,,Wrightsville Beach,White tee,58,18,3,09:00:00,67,9,640,139,True,False,0,,False,False,False
46877,2020,FA2,1,312476,141608,141608,651,Round 1,2020-08-23,Hannah Hawley,,Wrightsville Beach,White tee,58,18,1,09:00:00,76,18,511,145,True,False,0,,False,False,False
46877,2020,FA2,2,312476,139248,139248,577,Round 2,2020-08-23,Valerie Beaudin,,Wrightsville Beach,White tee,58,18,1,09:00:00,11,4,711,126,True,False,3,11,False,True,False
46877,2020,FA2,2,312476,name:emily beaudin,,,Round 2,2020-08-23,Emily Beaudin,,Wrightsville Beach,White tee,58,18,2,09:00:00,13,7,668,131,True,False,3,13,False,True,False
46877,2020,FA2,2,312476,name:kayla neumeister,,,Round 2,2020-08-23,Kayla Neumeister,,Wrightsville Beach,White tee,58,18,3,09:00:00,14,14,568,139,True,False,3,14,False,True,False
46877,2020,FA2,2,312476,141608,141608,651,Round 2,2020-08-23,Hannah Hawley,,Wrightsville Beach,White tee,58,18,4,09:00:00,13,11,611,145,True,False,3,13,False,True,False
46877,2020,MA1,1,312471,143853,143853,,Round 1,2020-08-23,Elijah Rider Brandt,1012,Wrightsville Beach,Gold Tee,58,18,2,12:45:00,50,-8,1002,102,True,False,0,,False,False,False
46877,2020,MA1,1,312471,110707,110707,901,Round 1,2020-08-23,Jason Wilson,927,Wrightsville Beach,Gold Tee,58,18,3,12:30:00,57,-1,931,117,True,False,0,,False,False,False
46877,2020,MA1,1,312471,89829,89829,911,Round 1,2020-08-23,Garrett Washburn,923,Wrightsville Beach,Gold Tee,58,18,1,10:00:00,59,1,911,122,True,False,0,,False,False,False
46877,2020,MA1,1,312471,128670,128670,850,Round 1,2020-08-23,Steven Colbert,,Wrightsville Beach,Gold Tee,58,18,2,13:00:00,59,1,911,116,True,False,0,,False,False,False
46877,2020,MA1,1,312471,73588,73588,871,Round 1,2020-08-23,Will Cleland,910,Wrightsville Beach,Gold Tee,58,18,3,10:00:00,60,2,901,122,True,False,0,,False,False,False
46877,2020,MA1,1,312471,name:chris keller,,,Round 1,2020-08-23,Chris Keller,,Wrightsville Beach,Gold Tee,58,18,4,10:00:00,60,2,901,123,True,False,0,,False,False,False
46877,2020,MA1,1,312471,141251,141251,902,Round 1,2020-08-23,Owen Wood,939,Wrightsville Beach,Gold Tee,58,18,4,12:00:00,60,2,901,121,True,False,0,,False,False,False
46877,2020,MA1,1,312471,138413,138413,876,Round 1,2020-08-23,Joe Yalicki,,Wrightsville Beach,Gold Tee,58,18,4,12:30:00,60,2,901,119,True,False,0,,False,False,False
46877,2020,MA1,1,312471,138321,138321,893,Round 1,2020-08-23,Nathan Doudera,,Wrightsville Beach,Gold Tee,58,18,3,13:00:00,60,2,901,113,True,False,0,,False,False,False
46877,2020,MA1,1,312471,100885,100885,910,Round 1,2020-08-23,Jacob Moore,945,Wrightsville Beach,Gold Tee,58,18,2,12:30:00,61,3,890,118,True,False,0,,False,False,False
46877,2020,MA1,1,312471,42420,42420,919,Round 1,2020-08-23,Patrick Harris,906,Wrightsville Beach,Gold Tee,58,18,1,13:00:00,61,3,890,124,True,False,0,,False,False,False
46877,2020,MA1,1,312471,143309,143309,930,Round 1,2020-08-23,Nick Vance,,Wrightsville Beach,Gold Tee,58,18,4,13:00:00,62,4,880,127,True,False,0,,False,False,False
46877,2020,MA1,1,312471,136937,136937,891,Round 1,2020-08-23,Zach Bossier,,Wrightsville Beach,Gold Tee,58,18,3,12:00:00,63,5,870,129,True,False,0,,False,False,False
46877,2020,MA1,1,312471,143337,143337,,Round 1,2020-08-23,Zack Flaherty,,Wrightsville Beach,Gold Tee,58,18,4,12:45:00,63,5,870,130,True,False,0,,False,False,False
46877,2020,MA1,1,312471,name:nathan beningson,,,Round 1,2020-08-23,Nathan Beningson,,Wrightsville Beach,Gold Tee,58,18,3,12:45:00,63,5,870,122,True,False,0,,False,False,False
46877,2020,MA1,1,312471,132448,132448,892,Round 1,2020-08-23,Douglas Legris,,Wrightsville Beach,Gold Tee,58,18,2,12:00:00,64,6,860,125,True,False,0,,False,False,False
46877,2020,MA1,1,312471,131201,131201,910,Round 1,2020-08-23,Tyler LaPerle,973,Wrightsville Beach,Gold Tee,58,18,1,12:45:00,64,6,860,131,True,False,0,,False,False,False
46877,2020,MA1,1,312471,96355,96355,894,Round 1,2020-08-23,Louis Annino,906,Wrightsville Beach,Gold Tee,58,18,1,12:00:00,66,8,840,129,True,False,0,,False,False,False
46877,2020,MA1,1,312471,96154,96154,847,Round 1,2020-08-23,Travis Jacques,871,Wrightsville Beach,Gold Tee,58,18,1,12:30:00,67,9,830,131,True,False,0,,False,False,False
46877,2020,MA1,1,312471,136921,136921,809,Round 1,2020-08-23,Blake Fletcher,,Wrightsville Beach,Gold Tee,58,18,2,10:00:00,70,12,800,143,True,False,0,,False,False,False
46877,2020,MA1,2,312471,143853,143853,,Round 2,2020-08-23,Elijah Rider Brandt,1012,Wrightsville Beach,Gold Tee,58,18,1,13:15:00,52,-6,981,102,True,False,18,52,True,True,True
46877,2020,MA1,2,312471,138321,138321,893,Round 2,2020-08-23,Nathan Doudera,,Wrightsville Beach,Gold Tee,58,18,2,13:00:00,53,-5,971,113,True,False,18,53,True,True,True
46877,2020,MA1,2,312471,128670,128670,850,Round 2,2020-08-23,Steven Colbert,,Wrightsville Beach,Gold Tee,58,18,4,13:15:00,57,-1,931,116,True,False,18,57,True,True,True
46877,2020,MA1,2,312471,110707,110707,901,Round 2,2020-08-23,Jason Wilson,927,Wrightsville Beach,Gold Tee,58,18,2,13:15:00,60,2,901,117,True,False,18,60,True,True,True
46877,2020,MA1,2,312471,100885,100885,910,Round 2,2020-08-23,Jacob Moore,945,Wrightsville Beach,Gold Tee,58,18,3,12:45:00,57,-1,931,118,True,False,18,57,True,True,True
46877,2020,MA1,2,312471,138413,138413,876,Round 2,2020-08-23,Joe Yalicki,,Wrightsville Beach,Gold Tee,58,18,3,13:00:00,59,1,911,119,True,False,18,59,True,True,True
46877,2020,MA1,2,312471,141251,141251,902,Round 2,2020-08-23,Owen Wood,939,Wrightsville Beach,Gold Tee,58,18,4,13:00:00,61,3,890,121,True,False,18,61,True,True,True
46877,2020,MA1,2,312471,name:nathan beningson,,,Round 2,2020-08-23,Nathan Beningson,,Wrightsville Beach,Gold Tee,58,18,3,12:30:00,59,1,911,122,True,False,18,59,True,True,True
46877,2020,MA1,2,312471,73588,73588,871,Round 2,2020-08-23,Will Cleland,910,Wrightsville Beach,Gold Tee,58,18,1,13:00:00,62,4,880,122,True,False,18,62,True,True,True
46877,2020,MA1,2,312471,89829,89829,911,Round 2,2020-08-23,Garrett Washburn,923,Wrightsville Beach,Gold Tee,58,18,3,13:15:00,63,5,870,122,True,False,18,63,True,True,True
46877,2020,MA1,2,312471,name:chris keller,,,Round 2,2020-08-23,Chris Keller,,Wrightsville Beach,Gold Tee,58,18,1,12:45:00,63,5,870,123,True,False,18,63,True,True,True
46877,2020,MA1,2,312471,42420,42420,919,Round 2,2020-08-23,Patrick Harris,906,Wrightsville Beach,Gold Tee,58,18,2,12:45:00,63,5,870,124,True,False,18,63,True,True,True
46877,2020,MA1,2,312471,132448,132448,892,Round 2,2020-08-23,Douglas Legris,,Wrightsville Beach,Gold Tee,58,18,1,09:30:00,61,3,890,125,True,False,18,61,True,True,True
46877,2020,MA1,2,312471,143309,143309,930,Round 2,2020-08-23,Nick Vance,,Wrightsville Beach,Gold Tee,58,18,4,12:45:00,65,7,850,127,True,False,18,65,True,True,True
46877,2020,MA1,2,312471,96355,96355,894,Round 2,2020-08-23,Louis Annino,906,Wrightsville Beach,Gold Tee,58,18,2,09:30:00,63,5,870,129,True,False,18,63,True,True,True
46877,2020,MA1,2,312471,136937,136937,891,Round 2,2020-08-23,Zach Bossier,,Wrightsville Beach,Gold Tee,58,18,1,12:30:00,66,8,840,129,True,False,18,66,True,True,True
46877,2020,MA1,2,312471,143337,143337,,Round 2,2020-08-23,Zack Flaherty,,Wrightsville Beach,Gold Tee,58,18,2,12:30:00,67,9,830,130,True,False,18,67,True,True,True
46877,2020,MA1,2,312471,96154,96154,847,Round 2,2020-08-23,Travis Jacques,871,Wrightsville Beach,Gold Tee,58,18,3,09:30:00,64,6,860,131,True,False,18,64,True,True,True
46877,2020,MA1,2,312471,131201,131201,910,Round 2,2020-08-23,Tyler LaPerle,973,Wrightsville Beach,Gold Tee,58,18,4,12:30:00,67,9,830,131,True,False,18,67,True,True,True
46877,2020,MA1,2,312471,136921,136921,809,Round 2,2020-08-23,Blake Fletcher,,Wrightsville Beach,Gold Tee,58,18,4,09:30:00,73,15,769,143,True,False,18,73,True,True,True
46877,2020,MA2,1,312466,140272,140272,864,Round 1,2020-08-23,Seth Tilford,,Wrightsville Beach,Blue tee,58,18,4,09:30:00,52,-6,941,108,True,False,0,,False,False,False
46877,2020,MA2,1,312466,108913,108913,847,Round 1,2020-08-23,Evan Deslauriers,,Wrightsville Beach,Blue tee,58,18,1,10:45:00,54,-4,918,112,True,False,0,,False,False,False
46877,2020,MA2,1,312466,140039,140039,882,Round 1,2020-08-23,Ian Rooney,907,Wrightsville Beach,Blue tee,58,18,4,10:45:00,54,-4,918,107,True,False,0,,False,False,False
46877,2020,MA2,1,312466,125328,125328,872,Round 1,2020-08-23,Dana Carpenter,,Wrightsville Beach,Blue tee,58,18,3,11:00:00,54,-4,918,112,True,False,0,,False,False,False
46877,2020,MA2,1,312466,84935,84935,852,Round 1,2020-08-23,Droo Fisher,866,Wrightsville Beach,Blue tee,58,18,2,10:15:00,56,-2,895,113,True,False,0,,False,False,False
46877,2020,MA2,1,312466,26235,26235,835,Round 1,2020-08-23,Adam Silva,843,Wrightsville Beach,Blue tee,58,18,1,10:15:00,57,-1,883,113,True,False,0,,False,False,False
46877,2020,MA2,1,312466,138042,138042,859,Round 1,2020-08-23,Russell Freeman,925,Wrightsville Beach,Blue tee,58,18,3,10:30:00,57,-1,883,116,True,False,0,,False,False,False
46877,2020,MA2,1,312466,93062,93062,875,Round 1,2020-08-23,Tom Slimm,,Wrightsville Beach,Blue tee,58,18,1,10:30:00,58,0,871,114,True,False,0,,False,False,False
46877,2020,MA2,1,312466,138544,138544,827,Round 1,2020-08-23,Chaz Sheperd,924,Wrightsville Beach,Blue tee,58,18,2,10:45:00,58,0,871,121,True,False,0,,False,False,False
46877,2020,MA2,1,312466,50816,50816,840,Round 1,2020-08-23,Tristan Whitehouse,,Wrightsville Beach,Blue tee,58,18,1,11:15:00,58,0,871,117,True,False,0,,False,False,False
46877,2020,MA2,1,312466,146710,146710,,Round 1,2020-08-23,Nicholas Laurendeau,,Wrightsville Beach,Blue tee,58,18,4,11:15:00,58,0,871,115,True,False,0,,False,False,False
46877,2020,MA2,1,312466,106970,106970,834,Round 1,2020-08-23,Stefan Farrell,852,Wrightsville Beach,Blue tee,58,18,1,09:15:00,59,1,860,119,True,False,0,,False,False,False
46877,2020,MA2,1,312466,168047,168047,,Round 1,2020-08-23,Jim Desisto,915,Wrightsville Beach,Blue tee,58,18,2,09:30:00,59,1,860,111,True,False,0,,False,False,False
46877,2020,MA2,1,312466,139502,139502,861,Round 1,2020-08-23,Brendan Marineau,,Wrightsville Beach,Blue tee,58,18,4,11:00:00,59,1,860,124,True,False,0,,False,False,False
46877,2020,MA2,1,312466,118694,118694,846,Round 1,2020-08-23,Jordan Patterson,,Wrightsville Beach,Blue tee,58,18,3,11:15:00,59,1,860,121,True,False,0,,False,False,False
46877,2020,MA2,1,312466,137736,137736,779,Round 1,2020-08-23,Logan Cooke,880,Wrightsville Beach,Blue tee,58,18,2,09:15:00,60,2,848,122,True,False,0,,False,False,False
46877,2020,MA2,1,312466,142609,142609,830,Round 1,2020-08-23,Shane Leadbetter,910,Wrightsville Beach,Blue tee,58,18,1,09:30:00,60,2,848,118,True,False,0,,False,False,False
46877,2020,MA2,1,312466,142606,142606,834,Round 1,2020-08-23,Hudson Elledge,,Wrightsville Beach,Blue tee,58,18,3,09:45:00,62,4,824,123,True,False,0,,False,False,False
46877,2020,MA2,1,312466,120536,120536,853,Round 1,2020-08-23,Andrew Palumbo,,Wrightsville Beach,Blue tee,58,18,2,11:00:00,62,4,824,125,True,False,0,,False,False,False
46877,2020,MA2,1,312466,109527,109527,877,Round 1,2020-08-23,Mike Wenzel,901,Wrightsville Beach,Blue tee,58,18,2,11:15:00,62,4,824,116,True,False,0,,False,False,False
46877,2020,MA2,1,312466,name:peter walsh,,,Round 1,2020-08-23,Peter Walsh,,Wrightsville Beach,Blue tee,58,18,5,09:30:00,63,5,813,118,True,False,0,,False,False,False
46877,2020,MA2,1,312466,98213,98213,830,Round 1,2020-08-23,Sean Ahlquist Jr,,Wrightsville Beach,Blue tee,58,18,1,11:00:00,63,5,813,124,True,False,0,,False,False,False
46877,2020,MA2,1,312466,138183,138183,813,Round 1,2020-08-23,Chauncey Germain,926,Wrightsville Beach,Blue tee,58,18,1,09:45:00,64,6,801,125,True,False,0,,False,False,False
46877,2020,MA2,1,312466,137408,137408,785,Round 1,2020-08-23,Aaron Gingras,,Wrightsville Beach,Blue tee,58,18,3,10:45:00,64,6,801,127,True,False,0,,False,False,False
46877,2020,MA2,1,312466,131352,131352,771,Round 1,2020-08-23,David Havens,816,Wrightsville Beach,Blue tee,58,18,4,10:15:00,65,7,789,131,True,False,0,,False,False,False
46877,2020,MA2,1,312466,name:dan rico,,,Round 1,2020-08-23,Dan Rico,,Wrightsville Beach,Blue tee,58,18,3,09:30:00,66,8,778,138,True,False,0,,False,False,False
46877,2020,MA2,1,312466,name:james lightholder,,,Round 1,2020-08-23,James Lightholder,,Wrightsville Beach,Blue tee,58,18,3,10:15:00,66,8,778,128,True,False,0,,False,False,False
46877,2020,MA2,1,312466,141253,141253,723,Round 1,2020-08-23,Braden Edwards,,Wrightsville Beach,Blue tee,58,18,2,09:45:00,69,11,743,145,True,False,0,,False,False,False
46877,2020,MA2,1,312466,name:cameron welles,,,Round 1,2020-08-23,Cameron Welles,,Wrightsville Beach,Blue tee,58,18,4,12:15:00,69,11,743,135,True,False,0,,False,False,False
46877,2020,MA2,1,312466,name:stephen prive,,,Round 1,2020-08-23,Stephen Prive,,Wrightsville Beach,Blue tee,58,18,4,09:45:00,72,14,708,140,True,False,0,,False,False,False
46877,2020,MA2,1,312466,137937,137937,792,Round 1,2020-08-23,Peter Auclair,,Wrightsville Beach,Blue tee,58,18,2,10:30:00,72,14,708,135,True,False,0,,False,False,False
46877,2020,MA2,1,312466,name:justin leadbetter,,,Round 1,2020-08-23,Justin Leadbetter,,Wrightsville Beach,Blue tee,58,18,4,10:30:00,73,15,696,141,True,False,0,,False,False,False
46877,2020,MA2,2,312466,140039,140039,882,Round 2,2020-08-23,Ian Rooney,907,Wrightsville Beach,Blue tee,58,18,4,11:45:00,53,-5,930,107,True,False,18,53,True,True,True
46877,2020,MA2,2,312466,140272,140272,864,Round 2,2020-08-23,Seth Tilford,,Wrightsville Beach,Blue tee,58,18,1,11:45:00,56,-2,895,108,True,False,18,56,True,True,True
46877,2020,MA2,2,312466,168047,168047,,Round 2,2020-08-23,Jim Desisto,915,Wrightsville Beach,Blue tee,58,18,3,11:00:00,52,-6,941,111,True,False,18,52,True,True,True
46877,2020,MA2,2,312466,108913,108913,847,Round 2,2020-08-23,Evan Deslauriers,,Wrightsville Beach,Blue tee,58,18,2,11:45:00,58,0,871,112,True,False,18,58,True,True,True
46877,2020,MA2,2,312466,125328,125328,872,Round 2,2020-08-23,Dana Carpenter,,Wrightsville Beach,Blue tee,58,18,3,11:45:00,58,0,871,112,True,False,18,58,True,True,True
46877,2020,MA2,2,312466,26235,26235,835,Round 2,2020-08-23,Adam Silva,843,Wrightsville Beach,Blue tee,58,18,2,11:30:00,56,-2,895,113,True,False,18,56,True,True,True
46877,2020,MA2,2,312466,84935,84935,852,Round 2,2020-08-23,Droo Fisher,866,Wrightsville Beach,Blue tee,58,18,1,11:30:00,57,-1,883,113,True,False,18,57,True,True,True
46877,2020,MA2,2,312466,93062,93062,875,Round 2,2020-08-23,Tom Slimm,,Wrightsville Beach,Blue tee,58,18,1,11:15:00,56,-2,895,114,True,False,18,56,True,True,True
46877,2020,MA2,2,312466,146710,146710,,Round 2,2020-08-23,Nicholas Laurendeau,,Wrightsville Beach,Blue tee,58,18,3,11:15:00,57,-1,883,115,True,False,18,57,True,True,True
46877,2020,MA2,2,312466,109527,109527,877,Round 2,2020-08-23,Mike Wenzel,901,Wrightsville Beach,Blue tee,58,18,2,10:45:00,54,-4,918,116,True,False,18,54,True,True,True
46877,2020,MA2,2,312466,138042,138042,859,Round 2,2020-08-23,Russell Freeman,925,Wrightsville Beach,Blue tee,58,18,3,11:30:00,59,1,860,116,True,False,18,59,True,True,True
46877,2020,MA2,2,312466,50816,50816,840,Round 2,2020-08-23,Tristan Whitehouse,,Wrightsville Beach,Blue tee,58,18,4,11:30:00,59,1,860,117,True,False,18,59,True,True,True
46877,2020,MA2,2,312466,name:peter walsh,,,Round 2,2020-08-23,Peter Walsh,,Wrightsville Beach,Blue tee,58,18,2,10:30:00,55,-3,906,118,True,False,18,55,True,True,True
46877,2020,MA2,2,312466,142609,142609,830,Round 2,2020-08-23,Shane Leadbetter,910,Wrightsville Beach,Blue tee,58,18,1,10:45:00,58,0,871,118,True,False,18,58,True,True,True
46877,2020,MA2,2,312466,106970,106970,834,Round 2,2020-08-23,Stefan Farrell,852,Wrightsville Beach,Blue tee,58,18,4,11:15:00,60,2,848,119,True,False,18,60,True,True,True
46877,2020,MA2,2,312466,118694,118694,846,Round 2,2020-08-23,Jordan Patterson,,Wrightsville Beach,Blue tee,58,18,1,11:00:00,62,4,824,121,True,False,18,62,True,True,True
46877,2020,MA2,2,312466,138544,138544,827,Round 2,2020-08-23,Chaz Sheperd,924,Wrightsville Beach,Blue tee,58,18,2,11:15:00,63,5,813,121,True,False,18,63,True,True,True
46877,2020,MA2,2,312466,137736,137736,779,Round 2,2020-08-23,Logan Cooke,880,Wrightsville Beach,Blue tee,58,18,4,11:00:00,62,4,824,122,True,False,18,62,True,True,True
46877,2020,MA2,2,312466,142606,142606,834,Round 2,2020-08-23,Hudson Elledge,,Wrightsville Beach,Blue tee,58,18,4,10:45:00,61,3,836,123,True,False,18,61,True,True,True
46877,2020,MA2,2,312466,98213,98213,830,Round 2,2020-08-23,Sean Ahlquist Jr,,Wrightsville Beach,Blue tee,58,18,1,10:30:00,61,3,836,124,True,False,18,61,True,True,True
46877,2020,MA2,2,312466,139502,139502,861,Round 2,2020-08-23,Brendan Marineau,,Wrightsville Beach,Blue tee,58,18,2,11:00:00,65,7,789,124,True,False,18,65,True,True,True
46877,2020,MA2,2,312466,138183,138183,813,Round 2,2020-08-23,Chauncey Germain,926,Wrightsville Beach,Blue tee,58,18,4,10:30:00,61,3,836,125,True,False,18,61,True,True,True
46877,2020,MA2,2,312466,120536,120536,853,Round 2,2020-08-23,Andrew Palumbo,,Wrightsville Beach,Blue tee,58,18,3,10:45:00,63,5,813,125,True,False,18,63,True,True,True
46877,2020,MA2,2,312466,137408,137408,785,Round 2,2020-08-23,Aaron Gingras,,Wrightsville Beach,Blue tee,58,18,3,10:30:00,63,5,813,127,True,False,18,63,True,True,True
46877,2020,MA2,2,312466,name:james lightholder,,,Round 2,2020-08-23,James Lightholder,,Wrightsville Beach,Blue tee,58,18,2,10:15:00,62,4,824,128,True,False,18,62,True,True,True
46877,2020,MA2,2,312466,131352,131352,771,Round 2,2020-08-23,David Havens,816,Wrightsville Beach,Blue tee,58,18,1,10:15:00,66,8,778,131,True,False,18,66,True,True,True
46877,2020,MA2,2,312466,137937,137937,792,Round 2,2020-08-23,Peter Auclair,,Wrightsville Beach,Blue tee,58,18,4,09:45:00,63,5,813,135,True,False,18,63,True,True,True
46877,2020,MA2,2,312466,name:cameron welles,,,Round 2,2020-08-23,Cameron Welles,,Wrightsville Beach,Blue tee,58,18,3,09:45:00,66,8,778,135,True,False,18,66,True,True,True
46877,2020,MA2,2,312466,name:dan rico,,,Round 2,2020-08-23,Dan Rico,,Wrightsville Beach,Blue tee,58,18,3,10:15:00,72,14,708,138,True,False,18,72,True,True,True
46877,2020,MA2,2,312466,name:stephen prive,,,Round 2,2020-08-23,Stephen Prive,,Wrightsville Beach,Blue tee,58,18,2,09:15:00,21,10,754,140,True,False,5,21,False,True,False
46877,2020,MA2,2,312466,name:justin leadbetter,,,Round 2,2020-08-23,Justin Leadbetter,,Wrightsville Beach,Blue tee,58,18,3,09:15:00,23,10,754,141,True,False,5,23,False,True,False
46877,2020,MA2,2,312466,141253,141253,723,Round 2,2020-08-23,Braden Edwards,,Wrightsville Beach,Blue tee,58,18,4,10:15:00,76,18,661,145,True,False,18,76,True,True,True
46877,2020,MA40,1,312466,42057,42057,901,Round 1,2020-08-23,Seth McQuade,,Wrightsville Beach,Blue tee,58,18,1,11:45:00,54,-4,918,109,True,False,0,,False,False,False
46877,2020,MA40,1,312466,36062,36062,886,Round 1,2020-08-23,Andrew Powell,852,Wrightsville Beach,Blue tee,58,18,4,11:30:00,56,-2,895,112,True,False,0,,False,False,False
46877,2020,MA40,1,312466,83212,83212,861,Round 1,2020-08-23,Cory Barron,885,Wrightsville Beach,Blue tee,58,18,2,11:30:00,56,-2,895,111,True,False,0,,False,False,False
46877,2020,MA40,1,312466,94273,94273,880,Round 1,2020-08-23,Marques Pozzani,863,Wrightsville Beach,Blue tee,58,18,2,11:45:00,59,1,860,113,True,False,0,,False,False,False
46877,2020,MA40,1,312466,name:russell a hebert,,,Round 1,2020-08-23,Russell A Hebert,,Wrightsville Beach,Blue tee,58,18,1,11:30:00,60,2,848,125,True,False,0,,False,False,False
46877,2020,MA40,1,312466,name:b.j. kittell,,,Round 1,2020-08-23,B.J. Kittell,,Wrightsville Beach,Blue tee,58,18,3,11:30:00,66,8,778,127,True,False,0,,False,False,False
46877,2020,MA40,2,312466,42057,42057,901,Round 2,2020-08-23,Seth McQuade,,Wrightsville Beach,Blue tee,58,18,1,10:00:00,55,-3,906,109,True,False,18,55,True,True,True
46877,2020,MA40,2,312466,83212,83212,861,Round 2,2020-08-23,Cory Barron,885,Wrightsville Beach,Blue tee,58,18,3,10:00:00,55,-3,906,111,True,False,18,55,True,True,True
46877,2020,MA40,2,312466,36062,36062,886,Round 2,2020-08-23,Andrew Powell,852,Wrightsville Beach,Blue tee,58,18,2,10:00:00,56,-2,895,112,True,False,18,56,True,True,True
46877,2020,MA40,2,312466,94273,94273,880,Round 2,2020-08-23,Marques Pozzani,863,Wrightsville Beach,Blue tee,58,18,4,10:00:00,54,-4,918,113,True,False,18,54,True,True,True
46877,2020,MA40,2,312466,name:russell a hebert,,,Round 2,2020-08-23,Russell A Hebert,,Wrightsville Beach,Blue tee,58,18,1,09:45:00,65,7,789,125,True,False,18,65,True,True,True
46877,2020,MA40,2,312466,name:b.j. kittell,,,Round 2,2020-08-23,B.J. Kittell,,Wrightsville Beach,Blue tee,58,18,2,09:45:00,61,3,836,127,True,False,18,61,True,True,True
46877,2020,MA50,1,312466,91301,91301,884,Round 1,2020-08-23,Michael A. Stridsberg,898,Wrightsville Beach,Blue tee,58,18,2,12:15:00,53,-5,930,110,True,False,0,,False,False,False
46877,2020,MA50,1,312466,75326,75326,887,Round 1,2020-08-23,Gary Vigue,,Wrightsville Beach,Blue tee,58,18,4,11:45:00,60,2,848,119,True,False,0,,False,False,False
46877,2020,MA50,1,312466,139113,139113,848,Round 1,2020-08-23,Norman Wedge,859,Wrightsville Beach,Blue tee,58,18,3,12:15:00,60,2,848,121,True,False,0,,False,False,False
46877,2020,MA50,1,312466,123563,123563,868,Round 1,2020-08-23,Peter Flaherty,741,Wrightsville Beach,Blue tee,58,18,3,11:45:00,62,4,824,119,True,False,0,,False,False,False
46877,2020,MA50,1,312466,74478,74478,860,Round 1,2020-08-23,John Sudarsky,845,Wrightsville Beach,Blue tee,58,18,1,12:15:00,63,5,813,124,True,False,0,,False,False,False
46877,2020,MA50,2,312466,91301,91301,884,Round 2,2020-08-23,Michael A. Stridsberg,898,Wrightsville Beach,Blue tee,58,18,1,12:00:00,57,-1,883,110,True,False,18,57,True,True,True
46877,2020,MA50,2,312466,123563,123563,868,Round 2,2020-08-23,Peter Flaherty,741,Wrightsville Beach,Blue tee,58,18,4,12:00:00,57,-1,883,119,True,False,18,57,True,True,True
46877,2020,MA50,2,312466,75326,75326,887,Round 2,2020-08-23,Gary Vigue,,Wrightsville Beach,Blue tee,58,18,2,12:00:00,59,1,860,119,True,False,18,59,True,True,True
46877,2020,MA50,2,312466,139113,139113,848,Round 2,2020-08-23,Norman Wedge,859,Wrightsville Beach,Blue tee,58,18,3,12:00:00,61,3,836,121,True,False,18,61,True,True,True
46877,2020,MA50,2,312466,74478,74478,860,Round 2,2020-08-23,John Sudarsky,845,Wrightsville Beach,Blue tee,58,18,5,12:00:00,61,3,836,124,True,False,18,61,True,True,True
46877,2020,MJ15,1,312476,name:elian furs,,,Round 1,2020-08-23,Elian Furs,,Wrightsville Beach,White tee,58,18,1,09:15:00,53,-5,840,112,True,False,0,,False,False,False
46877,2020,MJ15,1,312476,name:mark thompson,,,Round 1,2020-08-23,Mark Thompson,,Wrightsville Beach,White tee,58,18,2,09:15:00,74,16,539,140,True,False,0,,False,False,False
46877,2020,MJ15,2,312476,name:elian furs,,,Round 2,2020-08-23,Elian Furs,,Wrightsville Beach,White tee,58,18,1,09:15:00,17,1,754,112,True,False,5,17,False,True,False
46877,2020,MJ15,2,312476,name:mark thompson,,,Round 2,2020-08-23,Mark Thompson,,Wrightsville Beach,White tee,58,18,4,09:15:00,18,8,654,140,True,False,5,18,False,True,False
46877,2020,MP50,1,312471,84880,84880,909,Round 1,2020-08-23,Marcos Miller,,Wrightsville Beach,Gold Tee,58,18,4,13:30:00,59,1,911,118,True,False,0,,False,False,False
46877,2020,MP50,2,312471,84880,84880,909,Round 2,2020-08-23,Marcos Miller,,Wrightsville Beach,Gold Tee,58,18,2,13:45:00,59,1,911,118,True,False,18,59,True,True,True
46877,2020,MPO,1,312471,43527,43527,972,Round 1,2020-08-23,Kyle Sawtelle,939,Wrightsville Beach,Gold Tee,58,18,1,14:15:00,50,-8,1002,103,True,False,0,,False,False,False
46877,2020,MPO,1,312471,81523,81523,939,Round 1,2020-08-23,Zack Leffler,,Wrightsville Beach,Gold Tee,58,18,1,14:30:00,50,-8,1002,101,True,False,0,,False,False,False
46877,2020,MPO,1,312471,96621,96621,941,Round 1,2020-08-23,Jeremy McKittrick,932,Wrightsville Beach,Gold Tee,58,18,1,14:00:00,53,-5,971,100,True,False,0,,False,False,False
46877,2020,MPO,1,312471,103627,103627,990,Round 1,2020-08-23,Clayton Davis,,Wrightsville Beach,Gold Tee,58,18,2,14:00:00,53,-5,971,102,True,False,0,,False,False,False
46877,2020,MPO,1,312471,55953,55953,964,Round 1,2020-08-23,Finlay Buchanan-Jacobs,971,Wrightsville Beach,Gold Tee,58,18,2,14:15:00,53,-5,971,104,True,False,0,,False,False,False
46877,2020,MPO,1,312471,119003,119003,927,Round 1,2020-08-23,Joshua Wedel,942,Wrightsville Beach,Gold Tee,58,18,4,14:15:00,53,-5,971,117,True,False,0,,False,False,False
46877,2020,MPO,1,312471,125586,125586,934,Round 1,2020-08-23,Matthew Avery,,Wrightsville Beach,Gold Tee,58,18,4,14:30:00,53,-5,971,109,True,False,0,,False,False,False
46877,2020,MPO,1,312471,24381,24381,942,Round 1,2020-08-23,Chris Young,937,Wrightsville Beach,Gold Tee,58,18,2,13:30:00,54,-4,961,104,True,False,0,,False,False,False
46877,2020,MPO,1,312471,100341,100341,896,Round 1,2020-08-23,Kevin Avery,,Wrightsville Beach,Gold Tee,58,18,2,13:45:00,55,-3,951,110,True,False,0,,False,False,False
46877,2020,MPO,1,312471,93414,93414,929,Round 1,2020-08-23,Joshua Lemieux,961,Wrightsville Beach,Gold Tee,58,18,2,14:30:00,55,-3,951,109,True,False,0,,False,False,False
46877,2020,MPO,1,312471,111874,111874,914,Round 1,2020-08-23,Jack Towne,,Wrightsville Beach,Gold Tee,58,18,3,14:00:00,58,0,921,114,True,False,0,,False,False,False
46877,2020,MPO,1,312471,15089,15089,945,Round 1,2020-08-23,Jeremy JJ Becker,887,Wrightsville Beach,Gold Tee,58,18,1,13:30:00,59,1,911,116,True,False,0,,False,False,False
46877,2020,MPO,1,312471,74240,74240,951,Round 1,2020-08-23,Christopher Martin,962,Wrightsville Beach,Gold Tee,58,18,4,13:45:00,59,1,911,111,True,False,0,,False,False,False
46877,2020,MPO,1,312471,114674,114674,921,Round 1,2020-08-23,Jordan Lamson,,Wrightsville Beach,Gold Tee,58,18,3,14:30:00,59,1,911,,True,False,0,,False,False,False
46877,2020,MPO,1,312471,116370,116370,916,Round 1,2020-08-23,Tyler Moriarty,,Wrightsville Beach,Gold Tee,58,18,4,14:00:00,61,3,890,118,True,False,0,,False,False,False
46877,2020,MPO,1,312471,101763,101763,885,Round 1,2020-08-23,Spencer Sutherland,917,Wrightsville Beach,Gold Tee,58,18,3,13:45:00,62,4,880,124,True,False,0,,False,False,False
46877,2020,MPO,1,312471,99260,99260,900,Round 1,2020-08-23,Matthew Martell,880,Wrightsville Beach,Gold Tee,58,18,3,14:15:00,64,6,860,123,True,False,0,,False,False,False
46877,2020,MPO,1,312471,57904,57904,845,Round 1,2020-08-23,Matt Marro,839,Wrightsville Beach,Gold Tee,58,18,1,13:45:00,66,8,840,128,True,False,0,,False,False,False
46877,2020,MPO,2,312471,96621,96621,941,Round 2,2020-08-23,Jeremy McKittrick,932,Wrightsville Beach,Gold Tee,58,18,4,14:30:00,41,-11,1032,100,True,False,16,41,False,True,False
46877,2020,MPO,2,312471,81523,81523,939,Round 2,2020-08-23,Zack Leffler,,Wrightsville Beach,Gold Tee,58,18,2,14:30:00,51,-7,991,101,True,False,18,51,True,True,True
46877,2020,MPO,2,312471,103627,103627,990,Round 2,2020-08-23,Clayton Davis,,Wrightsville Beach,Gold Tee,58,18,1,14:15:00,49,-9,1012,102,True,False,18,49,True,True,True
46877,2020,MPO,2,312471,43527,43527,972,Round 2,2020-08-23,Kyle Sawtelle,939,Wrightsville Beach,Gold Tee,58,18,1,14:30:00,53,-5,971,103,True,False,18,53,True,True,True
46877,2020,MPO,2,312471,24381,24381,942,Round 2,2020-08-23,Chris Young,937,Wrightsville Beach,Gold Tee,58,18,4,14:15:00,50,-8,1002,104,True,False,18,50,True,True,True
46877,2020,MPO,2,312471,55953,55953,964,Round 2,2020-08-23,Finlay Buchanan-Jacobs,971,Wrightsville Beach,Gold Tee,58,18,3,14:30:00,45,-7,991,104,True,False,16,45,False,True,False
46877,2020,MPO,2,312471,93414,93414,929,Round 2,2020-08-23,Joshua Lemieux,961,Wrightsville Beach,Gold Tee,58,18,1,14:00:00,54,-4,961,109,True,False,18,54,True,True,True
46877,2020,MPO,2,312471,125586,125586,934,Round 2,2020-08-23,Matthew Avery,,Wrightsville Beach,Gold Tee,58,18,3,14:15:00,56,-2,941,109,True,False,18,56,True,True,True
46877,2020,MPO,2,312471,100341,100341,896,Round 2,2020-08-23,Kevin Avery,,Wrightsville Beach,Gold Tee,58,18,2,14:00:00,55,-3,951,110,True,False,18,55,True,True,True
46877,2020,MPO,2,312471,74240,74240,951,Round 2,2020-08-23,Christopher Martin,962,Wrightsville Beach,Gold Tee,58,18,1,13:45:00,52,-6,981,111,True,False,18,52,True,True,True
46877,2020,MPO,2,312471,111874,111874,914,Round 2,2020-08-23,Jack Towne,,Wrightsville Beach,Gold Tee,58,18,3,14:00:00,56,-2,941,114,True,False,18,56,True,True,True
46877,2020,MPO,2,312471,15089,15089,945,Round 2,2020-08-23,Jeremy JJ Becker,887,Wrightsville Beach,Gold Tee,58,18,4,14:00:00,57,-1,931,116,True,False,18,57,True,True,True
46877,2020,MPO,2,312471,119003,119003,927,Round 2,2020-08-23,Joshua Wedel,942,Wrightsville Beach,Gold Tee,58,18,2,14:15:00,64,6,860,117,True,False,18,64,True,True,True
46877,2020,MPO,2,312471,116370,116370,916,Round 2,2020-08-23,Tyler Moriarty,,Wrightsville Beach,Gold Tee,58,18,3,13:45:00,57,-1,931,118,True,False,18,57,True,True,True
46877,2020,MPO,2,312471,99260,99260,900,Round 2,2020-08-23,Matthew Martell,880,Wrightsville Beach,Gold Tee,58,18,2,13:30:00,59,1,911,123,True,False,0,,False,False,False
46877,2020,MPO,2,312471,101763,101763,885,Round 2,2020-08-23,Spencer Sutherland,917,Wrightsville Beach,Gold Tee,58,18,1,13:30:00,62,4,880,124,True,False,0,,False,False,False
46877,2020,MPO,2,312471,57904,57904,845,Round 2,2020-08-23,Matt Marro,839,Wrightsville Beach,Gold Tee,58,18,3,13:30:00,62,4,880,128,True,False,0,,False,False,False
46877,2020,MPO,2,312471,114674,114674,921,Round 2,2020-08-23,Jordan Lamson,,Wrightsville Beach,Gold Tee,58,18,3,13:45:00,,,,,True,True,0,,False,False,False
47319,2020,FA1,1,321646,name:christina kingston,,,Round 1,2020-09-27,Christina Kingston,,Chester Disc Golf Course,Black,59,18,4,11:00:00,84,25,757,170,True,False,18,84,True,True,True
47319,2020,FA1,1,321646,name:meagan grivois,,,Round 1,2020-09-27,Meagan Grivois,,Chester Disc Golf Course,Black,59,18,3,11:00:00,89,30,714,171,True,False,18,89,True,True,True
47319,2020,FA1,2,321646,name:christina kingston,,,Round 2,2020-09-27,Christina Kingston,,Chester Disc Golf Course,Black,59,18,3,11:00:00,86,27,740,170,True,False,18,86,True,True,True
47319,2020,FA1,2,321646,name:meagan grivois,,,Round 2,2020-09-27,Meagan Grivois,,Chester Disc Golf Course,Black,59,18,4,11:00:00,82,23,775,171,True,False,18,82,True,True,True
47319,2020,FA2,1,321651,139248,139248,713,Round 1,2020-09-27,Valerie Beaudin,,Chester Disc Golf Course,Green,54,18,4,10:15:00,65,11,697,140,True,False,18,65,True,True,True
47319,2020,FA2,1,321651,name:emily beaudin,,,Round 1,2020-09-27,Emily Beaudin,,Chester Disc Golf Course,Green,54,18,3,10:15:00,71,17,614,141,True,False,18,71,True,True,True
47319,2020,FA2,2,321651,139248,139248,713,Round 2,2020-09-27,Valerie Beaudin,,Chester Disc Golf Course,Green,54,18,1,09:45:00,75,21,560,140,True,False,18,75,True,True,True
47319,2020,FA2,2,321651,name:emily beaudin,,,Round 2,2020-09-27,Emily Beaudin,,Chester Disc Golf Course,Green,54,18,2,09:45:00,70,16,628,141,True,False,18,70,True,True,True
47319,2020,MA1,1,321646,140098,140098,947,Round 1,2020-09-27,Angus Barstow,980,Chester Disc Golf Course,Black,59,18,3,09:30:00,62,3,949,123,True,False,18,62,True,True,True
47319,2020,MA1,1,321646,42420,42420,918,Round 1,2020-09-27,Patrick Harris,906,Chester Disc Golf Course,Black,59,18,2,11:15:00,65,6,923,132,True,False,18,65,True,True,True
47319,2020,MA1,1,321646,96355,96355,886,Round 1,2020-09-27,Louis Annino,906,Chester Disc Golf Course,Black,59,18,1,11:15:00,65,6,923,132,True,False,18,65,True,True,True
47319,2020,MA1,1,321646,100885,100885,910,Round 1,2020-09-27,Jacob Moore,945,Chester Disc Golf Course,Black,59,18,2,09:30:00,66,7,914,133,True,False,18,66,True,True,True
47319,2020,MA1,1,321646,110707,110707,902,Round 1,2020-09-27,Jason Wilson,927,Chester Disc Golf Course,Black,59,18,4,09:30:00,68,9,897,135,True,False,18,68,True,True,True
47319,2020,MA1,1,321646,136937,136937,875,Round 1,2020-09-27,Zach Bossier,,Chester Disc Golf Course,Black,59,18,4,11:15:00,69,10,888,135,True,False,18,69,True,True,True
47319,2020,MA1,1,321646,131201,131201,889,Round 1,2020-09-27,Tyler LaPerle,973,Chester Disc Golf Course,Black,59,18,3,11:15:00,71,12,871,138,True,False,18,71,True,True,True
47319,2020,MA1,1,321646,73588,73588,876,Round 1,2020-09-27,Will Cleland,910,Chester Disc Golf Course,Black,59,18,1,09:30:00,74,15,844,138,True,False,18,74,True,True,True
47319,2020,MA1,2,321646,140098,140098,947,Round 2,2020-09-27,Angus Barstow,980,Chester Disc Golf Course,Black,59,18,1,11:30:00,61,2,958,123,True,False,18,61,True,True,True
47319,2020,MA1,2,321646,42420,42420,918,Round 2,2020-09-27,Patrick Harris,906,Chester Disc Golf Course,Black,59,18,2,11:30:00,67,8,905,132,True,False,18,67,True,True,True
47319,2020,MA1,2,321646,96355,96355,886,Round 2,2020-09-27,Louis Annino,906,Chester Disc Golf Course,Black,59,18,3,11:30:00,67,8,905,132,True,False,18,67,True,True,True
47319,2020,MA1,2,321646,100885,100885,910,Round 2,2020-09-27,Jacob Moore,945,Chester Disc Golf Course,Black,59,18,4,11:30:00,67,8,905,133,True,False,18,67,True,True,True
47319,2020,MA1,2,321646,136937,136937,875,Round 2,2020-09-27,Zach Bossier,,Chester Disc Golf Course,Black,59,18,2,09:30:00,66,7,914,135,True,False,18,66,True,True,True
47319,2020,MA1,2,321646,110707,110707,902,Round 2,2020-09-27,Jason Wilson,927,Chester Disc Golf Course,Black,59,18,1,09:30:00,67,8,905,135,True,False,18,67,True,True,True
47319,2020,MA1,2,321646,73588,73588,876,Round 2,2020-09-27,Will Cleland,910,Chester Disc Golf Course,Black,59,18,4,09:30:00,64,5,932,138,True,False,18,64,True,True,True
47319,2020,MA1,2,321646,131201,131201,889,Round 2,2020-09-27,Tyler LaPerle,973,Chester Disc Golf Course,Black,59,18,3,09:30:00,67,8,905,138,True,False,18,67,True,True,True
47319,2020,MA2,1,321646,146710,146710,,Round 1,2020-09-27,Nicholas Laurendeau,,Chester Disc Golf Course,Black,59,18,4,10:00:00,67,8,905,138,True,False,18,67,True,True,True
47319,2020,MA2,1,321646,145052,145052,,Round 1,2020-09-27,Jordan Mundell,919,Chester Disc Golf Course,Black,59,18,1,09:45:00,68,9,897,151,True,False,18,68,True,True,True
47319,2020,MA2,1,321646,140272,140272,891,Round 1,2020-09-27,Seth Tilford,,Chester Disc Golf Course,Black,59,18,2,10:30:00,70,11,879,140,True,False,18,70,True,True,True
47319,2020,MA2,1,321646,144924,144924,,Round 1,2020-09-27,Jason Joseph,,Chester Disc Golf Course,Black,59,18,2,10:15:00,70,11,879,142,True,False,18,70,True,True,True
47319,2020,MA2,1,321646,148920,148920,,Round 1,2020-09-27,Gary King,,Chester Disc Golf Course,Black,59,18,3,10:00:00,70,11,879,137,True,False,18,70,True,True,True
47319,2020,MA2,1,321646,144371,144371,,Round 1,2020-09-27,David Hilgeman,,Chester Disc Golf Course,Black,59,18,2,10:00:00,71,12,871,134,True,False,18,71,True,True,True
47319,2020,MA2,1,321646,name:greg hart,,,Round 1,2020-09-27,Greg Hart,,Chester Disc Golf Course,Black,59,18,4,10:30:00,71,12,871,139,True,False,18,71,True,True,True
47319,2020,MA2,1,321646,111643,111643,874,Round 1,2020-09-27,Finn Etter,1013,Chester Disc Golf Course,Black,59,18,3,10:30:00,72,13,862,141,True,False,18,72,True,True,True
47319,2020,MA2,1,321646,125328,125328,865,Round 1,2020-09-27,Dana Carpenter,,Chester Disc Golf Course,Black,59,18,1,10:00:00,72,13,862,142,True,False,18,72,True,True,True
47319,2020,MA2,1,321646,140506,140506,,Round 1,2020-09-27,Ian Kehoe,,Chester Disc Golf Course,Black,59,18,1,10:15:00,72,13,862,145,True,False,18,72,True,True,True
47319,2020,MA2,1,321646,138042,138042,869,Round 1,2020-09-27,Russell Freeman,925,Chester Disc Golf Course,Black,59,18,3,09:45:00,73,14,853,142,True,False,18,73,True,True,True
47319,2020,MA2,1,321646,106970,106970,834,Round 1,2020-09-27,Stefan Farrell,852,Chester Disc Golf Course,Black,59,18,1,10:30:00,74,15,844,154,True,False,18,74,True,True,True
47319,2020,MA2,1,321646,129859,129859,791,Round 1,2020-09-27,Seth Marcil,944,Chester Disc Golf Course,Black,59,18,4,09:45:00,77,18,818,143,True,False,18,77,True,True,True
47319,2020,MA2,1,321646,name:allan reardon,,,Round 1,2020-09-27,Allan Reardon,,Chester Disc Golf Course,Black,59,18,2,09:45:00,92,33,688,177,True,False,18,92,True,True,True
47319,2020,MA2,2,321646,144371,144371,,Round 2,2020-09-27,David Hilgeman,,Chester Disc Golf Course,Black,59,18,2,10:15:00,63,4,940,134,True,False,18,63,True,True,True
47319,2020,MA2,2,321646,148920,148920,,Round 2,2020-09-27,Gary King,,Chester Disc Golf Course,Black,59,18,1,10:15:00,67,8,905,137,True,False,18,67,True,True,True
47319,2020,MA2,2,321646,146710,146710,,Round 2,2020-09-27,Nicholas Laurendeau,,Chester Disc Golf Course,Black,59,18,1,10:30:00,71,12,871,138,True,False,18,71,True,True,True
47319,2020,MA2,2,321646,name:greg hart,,,Round 2,2020-09-27,Greg Hart,,Chester Disc Golf Course,Black,59,18,3,10:15:00,68,9,897,139,True,False,18,68,True,True,True
47319,2020,MA2,2,321646,140272,140272,891,Round 2,2020-09-27,Seth Tilford,,Chester Disc Golf Course,Black,59,18,3,10:30:00,70,11,879,140,True,False,18,70,True,True,True
47319,2020,MA2,2,321646,111643,111643,874,Round 2,2020-09-27,Finn Etter,1013,Chester Disc Golf Course,Black,59,18,4,10:15:00,69,10,888,141,True,False,18,69,True,True,True
47319,2020,MA2,2,321646,138042,138042,869,Round 2,2020-09-27,Russell Freeman,925,Chester Disc Golf Course,Black,59,18,3,10:00:00,69,10,888,142,True,False,18,69,True,True,True
47319,2020,MA2,2,321646,125328,125328,865,Round 2,2020-09-27,Dana Carpenter,,Chester Disc Golf Course,Black,59,18,1,10:00:00,70,11,879,142,True,False,18,70,True,True,True
47319,2020,MA2,2,321646,144924,144924,,Round 2,2020-09-27,Jason Joseph,,Chester Disc Golf Course,Black,59,18,4,10:30:00,72,13,862,142,True,False,18,72,True,True,True
47319,2020,MA2,2,321646,129859,129859,791,Round 2,2020-09-27,Seth Marcil,944,Chester Disc Golf Course,Black,59,18,3,09:45:00,66,7,914,143,True,False,18,66,True,True,True
47319,2020,MA2,2,321646,140506,140506,,Round 2,2020-09-27,Ian Kehoe,,Chester Disc Golf Course,Black,59,18,2,10:00:00,73,14,853,145,True,False,18,73,True,True,True
47319,2020,MA2,2,321646,145052,145052,,Round 2,2020-09-27,Jordan Mundell,919,Chester Disc Golf Course,Black,59,18,2,10:30:00,83,24,766,151,True,False,18,83,True,True,True
47319,2020,MA2,2,321646,106970,106970,834,Round 2,2020-09-27,Stefan Farrell,852,Chester Disc Golf Course,Black,59,18,4,10:00:00,80,21,792,154,True,False,18,80,True,True,True
47319,2020,MA2,2,321646,name:allan reardon,,,Round 2,2020-09-27,Allan Reardon,,Chester Disc Golf Course,Black,59,18,4,09:45:00,85,26,749,177,True,False,18,85,True,True,True
47319,2020,MA40,1,321646,36062,36062,887,Round 1,2020-09-27,Andrew Powell,852,Chester Disc Golf Course,Black,59,18,1,11:00:00,67,8,905,138,True,False,18,67,True,True,True
47319,2020,MA40,1,321646,83212,83212,867,Round 1,2020-09-27,Cory Barron,885,Chester Disc Golf Course,Black,59,18,1,10:45:00,68,9,897,138,True,False,18,68,True,True,True
47319,2020,MA40,1,321646,108160,108160,900,Round 1,2020-09-27,Dan Davis,,Chester Disc Golf Course,Black,59,18,2,10:45:00,68,9,897,137,True,False,18,68,True,True,True
47319,2020,MA40,1,321646,13247,13247,912,Round 1,2020-09-27,Chris Sherwin,,Chester Disc Golf Course,Black,59,18,4,10:45:00,70,11,879,140,True,False,18,70,True,True,True
47319,2020,MA40,1,321646,name:nick kekic,,,Round 1,2020-09-27,Nick Kekic,,Chester Disc Golf Course,Black,59,18,3,10:45:00,75,16,836,149,True,False,18,75,True,True,True
47319,2020,MA40,1,321646,98275,98275,884,Round 1,2020-09-27,Donald Randall,872,Chester Disc Golf Course,Black,59,18,2,11:00:00,77,18,818,142,True,False,18,77,True,True,True
47319,2020,MA40,2,321646,108160,108160,900,Round 2,2020-09-27,Dan Davis,,Chester Disc Golf Course,Black,59,18,3,11:15:00,69,10,888,137,True,False,18,69,True,True,True
47319,2020,MA40,2,321646,36062,36062,887,Round 2,2020-09-27,Andrew Powell,852,Chester Disc Golf Course,Black,59,18,1,11:15:00,71,12,871,138,True,False,18,71,True,True,True
47319,2020,MA40,2,321646,83212,83212,867,Round 2,2020-09-27,Cory Barron,885,Chester Disc Golf Course,Black,59,18,2,11:15:00,70,11,879,138,True,False,18,70,True,True,True
47319,2020,MA40,2,321646,13247,13247,912,Round 2,2020-09-27,Chris Sherwin,,Chester Disc Golf Course,Black,59,18,4,11:15:00,70,11,879,140,True,False,18,70,True,True,True
47319,2020,MA40,2,321646,98275,98275,884,Round 2,2020-09-27,Donald Randall,872,Chester Disc Golf Course,Black,59,18,2,11:00:00,65,6,923,142,True,False,18,65,True,True,True
47319,2020,MA40,2,321646,name:nick kekic,,,Round 2,2020-09-27,Nick Kekic,,Chester Disc Golf Course,Black,59,18,1,11:00:00,74,15,844,149,True,False,18,74,True,True,True
47319,2020,MA50,1,321646,130713,130713,882,Round 1,2020-09-27,Ian Martin,902,Chester Disc Golf Course,Black,59,18,3,11:30:00,68,9,897,142,True,False,18,68,True,True,True
47319,2020,MA50,1,321646,91301,91301,895,Round 1,2020-09-27,Michael A. Stridsberg,898,Chester Disc Golf Course,Black,59,18,1,11:30:00,72,13,862,139,True,False,18,72,True,True,True
47319,2020,MA50,1,321646,122325,122325,855,Round 1,2020-09-27,David Mulvey,,Chester Disc Golf Course,Black,59,18,2,11:30:00,72,13,862,142,True,False,18,72,True,True,True
47319,2020,MA50,2,321646,91301,91301,895,Round 2,2020-09-27,Michael A. Stridsberg,898,Chester Disc Golf Course,Black,59,18,3,10:45:00,67,8,905,139,True,False,18,67,True,True,True
47319,2020,MA50,2,321646,130713,130713,882,Round 2,2020-09-27,Ian Martin,902,Chester Disc Golf Course,Black,59,18,2,10:45:00,74,15,844,142,True,False,18,74,True,True,True
47319,2020,MA50,2,321646,122325,122325,855,Round 2,2020-09-27,David Mulvey,,Chester Disc Golf Course,Black,59,18,4,10:45:00,70,11,879,142,True,False,18,70,True,True,True
47319,2020,MP50,1,321646,84880,84880,904,Round 1,2020-09-27,Marcos Miller,,Chester Disc Golf Course,Black,59,18,4,11:30:00,62,3,949,123,True,False,18,62,True,True,True
47319,2020,MP50,2,321646,84880,84880,904,Round 2,2020-09-27,Marcos Miller,,Chester Disc Golf Course,Black,59,18,1,10:45:00,61,2,958,123,True,False,18,61,True,True,True
47319,2020,MPO,1,321646,24381,24381,949,Round 1,2020-09-27,Chris Young,937,Chester Disc Golf Course,Black,59,18,1,12:15:00,59,0,975,121,True,False,18,59,True,True,True
47319,2020,MPO,1,321646,82940,82940,952,Round 1,2020-09-27,Zachary Podhorzer,955,Chester Disc Golf Course,Black,59,18,3,12:15:00,59,0,975,122,True,False,18,59,True,True,True
47319,2020,MPO,1,321646,93877,93877,964,Round 1,2020-09-27,Matthew Storgaard,,Chester Disc Golf Course,Black,59,18,2,12:15:00,59,0,975,126,True,False,18,59,True,True,True
47319,2020,MPO,1,321646,120378,120378,909,Round 1,2020-09-27,Drew McDowell,952,Chester Disc Golf Course,Black,59,18,3,12:00:00,61,2,958,125,True,False,18,61,True,True,True
47319,2020,MPO,1,321646,122739,122739,921,Round 1,2020-09-27,Adam Green,977,Chester Disc Golf Course,Black,59,18,2,11:45:00,61,2,958,126,True,False,18,61,True,True,True
47319,2020,MPO,1,321646,125586,125586,941,Round 1,2020-09-27,Matthew Avery,,Chester Disc Golf Course,Black,59,18,4,12:00:00,62,3,949,130,True,False,18,62,True,True,True
47319,2020,MPO,1,321646,name:jon meadows,,,Round 1,2020-09-27,Jon Meadows,,Chester Disc Golf Course,Black,59,18,4,12:15:00,62,3,949,130,True,False,18,62,True,True,True
47319,2020,MPO,1,321646,62499,62499,960,Round 1,2020-09-27,Kyle Schubert,960,Chester Disc Golf Course,Black,59,18,1,12:00:00,64,5,932,130,True,False,18,64,True,True,True
47319,2020,MPO,1,321646,134979,134979,930,Round 1,2020-09-27,Jack Conant,,Chester Disc Golf Course,Black,59,18,3,11:45:00,65,6,923,132,True,False,18,65,True,True,True
47319,2020,MPO,1,321646,83198,83198,947,Round 1,2020-09-27,Alan Gofberg,869,Chester Disc Golf Course,Black,59,18,2,12:00:00,67,8,905,136,True,False,18,67,True,True,True
47319,2020,MPO,1,321646,102895,102895,929,Round 1,2020-09-27,Quinten Scott,,Chester Disc Golf Course,Black,59,18,1,11:45:00,69,10,888,129,True,False,18,69,True,True,True
47319,2020,MPO,1,321646,name:robert wix,,,Round 1,2020-09-27,Robert Wix,,Chester Disc Golf Course,Black,59,18,4,11:45:00,69,10,888,137,True,False,18,69,True,True,True
47319,2020,MPO,2,321646,24381,24381,949,Round 2,2020-09-27,Chris Young,937,Chester Disc Golf Course,Black,59,18,1,12:15:00,62,3,949,121,True,False,18,62,True,True,True
47319,2020,MPO,2,321646,82940,82940,952,Round 2,2020-09-27,Zachary Podhorzer,955,Chester Disc Golf Course,Black,59,18,2,12:15:00,63,4,940,122,True,False,18,63,True,True,True
47319,2020,MPO,2,321646,120378,120378,909,Round 2,2020-09-27,Drew McDowell,952,Chester Disc Golf Course,Black,59,18,4,12:15:00,64,5,932,125,True,False,18,64,True,True,True
47319,2020,MPO,2,321646,122739,122739,921,Round 2,2020-09-27,Adam Green,977,Chester Disc Golf Course,Black,59,18,1,12:00:00,65,6,923,126,True,False,18,65,True,True,True
47319,2020,MPO,2,321646,93877,93877,964,Round 2,2020-09-27,Matthew Storgaard,,Chester Disc Golf Course,Black,59,18,3,12:15:00,67,8,905,126,True,False,18,67,True,True,True
47319,2020,MPO,2,321646,102895,102895,929,Round 2,2020-09-27,Quinten Scott,,Chester Disc Golf Course,Black,59,18,3,11:45:00,60,1,966,129,True,False,18,60,True,True,True
47319,2020,MPO,2,321646,62499,62499,960,Round 2,2020-09-27,Kyle Schubert,960,Chester Disc Golf Course,Black,59,18,4,12:00:00,66,7,914,130,True,False,18,66,True,True,True
47319,2020,MPO,2,321646,125586,125586,941,Round 2,2020-09-27,Matthew Avery,,Chester Disc Golf Course,Black,59,18,2,12:00:00,68,9,897,130,True,False,18,68,True,True,True
47319,2020,MPO,2,321646,name:jon meadows,,,Round 2,2020-09-27,Jon Meadows,,Chester Disc Golf Course,Black,59,18,3,12:00:00,68,9,897,130,True,False,18,68,True,True,True
47319,2020,MPO,2,321646,134979,134979,930,Round 2,2020-09-27,Jack Conant,,Chester Disc Golf Course,Black,59,18,1,11:45:00,67,8,905,132,True,False,18,67,True,True,True
47319,2020,MPO,2,321646,83198,83198,947,Round 2,2020-09-27,Alan Gofberg,869,Chester Disc Golf Course,Black,59,18,2,11:45:00,69,10,888,136,True,False,18,69,True,True,True
47319,2020,MPO,2,321646,name:robert wix,,,Round 2,2020-09-27,Robert Wix,,Chester Disc Golf Course,Black,59,18,4,11:45:00,68,9,897,137,True,False,18,68,True,True,True
47320,2020,FA1,1,323001,132857,132857,825,Round 1,2020-10-04,Serena Lamson,,Vista Beast Disc Golf Course,Blue,60,18,1,13:00:00,64,4,866,136,True,False,18,64,True,True,True
47320,2020,FA1,1,323001,name:harley fjeld,,,Round 1,2020-10-04,Harley Fjeld,,Vista Beast Disc Golf Course,Blue,60,18,2,13:00:00,70,10,806,142,True,False,18,70,True,True,True
47320,2020,FA1,1,323001,165174,165174,,Round 1,2020-10-04,Kiree LaPointe,,Vista Beast Disc Golf Course,Blue,60,18,4,13:00:00,77,17,736,153,True,False,18,77,True,True,True
47320,2020,FA1,1,323001,name:meagan grivois,,,Round 1,2020-10-04,Meagan Grivois,,Vista Beast Disc Golf Course,Blue,60,18,3,13:00:00,77,17,736,155,True,False,18,77,True,True,True
47320,2020,FA1,2,323001,132857,132857,825,Round 2,2020-10-04,Serena Lamson,,Vista Beast Disc Golf Course,Blue,60,18,1,11:45:00,72,12,786,136,True,False,18,72,True,True,True
47320,2020,FA1,2,323001,name:harley fjeld,,,Round 2,2020-10-04,Harley Fjeld,,Vista Beast Disc Golf Course,Blue,60,18,2,11:45:00,72,12,786,142,True,False,18,72,True,True,True
47320,2020,FA1,2,323001,165174,165174,,Round 2,2020-10-04,Kiree LaPointe,,Vista Beast Disc Golf Course,Blue,60,18,4,11:45:00,76,16,746,153,True,False,18,76,True,True,True
47320,2020,FA1,2,323001,name:meagan grivois,,,Round 2,2020-10-04,Meagan Grivois,,Vista Beast Disc Golf Course,Blue,60,18,3,11:45:00,78,18,726,155,True,False,18,78,True,True,True
47320,2020,MA1,1,322996,110707,110707,902,Round 1,2020-10-04,Jason Wilson,927,Vista Beast Disc Golf Course,Gold,60,18,2,12:15:00,56,-4,967,114,True,False,18,56,True,True,True
47320,2020,MA1,1,322996,100885,100885,910,Round 1,2020-10-04,Jacob Moore,945,Vista Beast Disc Golf Course,Gold,60,18,1,12:00:00,57,-3,957,121,True,False,18,57,True,True,True
47320,2020,MA1,1,322996,121362,121362,930,Round 1,2020-10-04,Jonathan Russo,951,Vista Beast Disc Golf Course,Gold,60,18,2,12:00:00,57,-3,957,117,True,False,18,57,True,True,True
47320,2020,MA1,1,322996,42420,42420,918,Round 1,2020-10-04,Patrick Harris,906,Vista Beast Disc Golf Course,Gold,60,18,1,12:15:00,60,0,929,122,True,False,18,60,True,True,True
47320,2020,MA1,1,322996,96355,96355,886,Round 1,2020-10-04,Louis Annino,906,Vista Beast Disc Golf Course,Gold,60,18,3,12:30:00,61,1,919,121,True,False,18,61,True,True,True
47320,2020,MA1,1,322996,140098,140098,947,Round 1,2020-10-04,Angus Barstow,980,Vista Beast Disc Golf Course,Gold,60,18,3,11:30:00,61,1,919,117,True,False,18,61,True,True,True
47320,2020,MA1,1,322996,89829,89829,901,Round 1,2020-10-04,Garrett Washburn,923,Vista Beast Disc Golf Course,Gold,60,18,1,12:30:00,62,2,910,126,True,False,18,62,True,True,True
47320,2020,MA1,1,322996,98280,98280,923,Round 1,2020-10-04,Nicholas Reilly,932,Vista Beast Disc Golf Course,Gold,60,18,1,11:30:00,62,2,910,117,True,False,18,62,True,True,True
47320,2020,MA1,1,322996,name:brendan van tuinen,,,Round 1,2020-10-04,Brendan Van Tuinen,,Vista Beast Disc Golf Course,Gold,60,18,4,12:30:00,62,2,910,888,True,False,18,62,True,True,True
47320,2020,MA1,1,322996,name:evan hollar,,,Round 1,2020-10-04,Evan Hollar,,Vista Beast Disc Golf Course,Gold,60,18,3,11:45:00,62,2,910,,True,False,18,62,True,True,True
47320,2020,MA1,1,322996,73588,73588,876,Round 1,2020-10-04,Will Cleland,910,Vista Beast Disc Golf Course,Gold,60,18,1,09:30:00,63,3,900,129,True,False,18,63,True,True,True
47320,2020,MA1,1,322996,109086,109086,889,Round 1,2020-10-04,Aaron Schlossberg,947,Vista Beast Disc Golf Course,Gold,60,18,2,11:30:00,63,3,900,122,True,False,18,63,True,True,True
47320,2020,MA1,1,322996,120094,120094,911,Round 1,2020-10-04,Daniel Morse,,Vista Beast Disc Golf Course,Gold,60,18,3,12:15:00,63,3,900,122,True,False,18,63,True,True,True
47320,2020,MA1,1,322996,128670,128670,868,Round 1,2020-10-04,Steven Colbert,,Vista Beast Disc Golf Course,Gold,60,18,4,12:15:00,63,3,900,122,True,False,18,63,True,True,True
47320,2020,MA1,1,322996,131201,131201,889,Round 1,2020-10-04,Tyler LaPerle,973,Vista Beast Disc Golf Course,Gold,60,18,3,12:00:00,63,3,900,124,True,False,18,63,True,True,True
47320,2020,MA1,1,322996,141251,141251,883,Round 1,2020-10-04,Owen Wood,939,Vista Beast Disc Golf Course,Gold,60,18,2,12:30:00,63,3,900,127,True,False,18,63,True,True,True
47320,2020,MA1,1,322996,136937,136937,875,Round 1,2020-10-04,Zach Bossier,,Vista Beast Disc Golf Course,Gold,60,18,4,12:00:00,64,4,891,123,True,False,18,64,True,True,True
47320,2020,MA1,1,322996,138321,138321,913,Round 1,2020-10-04,Nathan Doudera,,Vista Beast Disc Golf Course,Gold,60,18,1,11:45:00,64,4,891,127,True,False,18,64,True,True,True
47320,2020,MA1,1,322996,96154,96154,854,Round 1,2020-10-04,Travis Jacques,871,Vista Beast Disc Golf Course,Gold,60,18,4,11:45:00,66,6,871,128,True,False,18,66,True,True,True
47320,2020,MA1,1,322996,name:mike casey,,,Round 1,2020-10-04,Mike Casey,,Vista Beast Disc Golf Course,Gold,60,18,4,11:30:00,68,8,852,127,True,False,18,68,True,True,True
47320,2020,MA1,1,322996,141901,141901,879,Round 1,2020-10-04,Quinn Ledak,,Vista Beast Disc Golf Course,Gold,60,18,2,11:45:00,71,11,824,134,True,False,18,71,True,True,True
47320,2020,MA1,1,322996,name:sam callison,,,Round 1,2020-10-04,Sam Callison,,Vista Beast Disc Golf Course,Gold,60,18,3,09:30:00,72,12,814,137,True,False,18,72,True,True,True
47320,2020,MA1,1,322996,136921,136921,801,Round 1,2020-10-04,Blake Fletcher,,Vista Beast Disc Golf Course,Gold,60,18,2,09:30:00,76,16,776,145,True,False,18,76,True,True,True
47320,2020,MA1,2,322996,110707,110707,902,Round 2,2020-10-04,Jason Wilson,927,Vista Beast Disc Golf Course,Gold,60,18,1,13:00:00,58,-2,948,114,True,False,18,58,True,True,True
47320,2020,MA1,2,322996,98280,98280,923,Round 2,2020-10-04,Nicholas Reilly,932,Vista Beast Disc Golf Course,Gold,60,18,4,12:45:00,55,-5,976,117,True,False,18,55,True,True,True
47320,2020,MA1,2,322996,140098,140098,947,Round 2,2020-10-04,Angus Barstow,980,Vista Beast Disc Golf Course,Gold,60,18,2,12:45:00,56,-4,967,117,True,False,18,56,True,True,True
47320,2020,MA1,2,322996,121362,121362,930,Round 2,2020-10-04,Jonathan Russo,951,Vista Beast Disc Golf Course,Gold,60,18,3,13:00:00,60,0,929,117,True,False,18,60,True,True,True
47320,2020,MA1,2,322996,96355,96355,886,Round 2,2020-10-04,Louis Annino,906,Vista Beast Disc Golf Course,Gold,60,18,1,12:45:00,60,0,929,121,True,False,18,60,True,True,True
47320,2020,MA1,2,322996,100885,100885,910,Round 2,2020-10-04,Jacob Moore,945,Vista Beast Disc Golf Course,Gold,60,18,2,13:00:00,64,4,891,121,True,False,18,64,True,True,True
47320,2020,MA1,2,322996,109086,109086,889,Round 2,2020-10-04,Aaron Schlossberg,947,Vista Beast Disc Golf Course,Gold,60,18,2,09:30:00,59,-1,938,122,True,False,18,59,True,True,True
47320,2020,MA1,2,322996,120094,120094,911,Round 2,2020-10-04,Daniel Morse,,Vista Beast Disc Golf Course,Gold,60,18,1,12:30:00,59,-1,938,122,True,False,18,59,True,True,True
47320,2020,MA1,2,322996,128670,128670,868,Round 2,2020-10-04,Steven Colbert,,Vista Beast Disc Golf Course,Gold,60,18,2,12:30:00,59,-1,938,122,True,False,18,59,True,True,True
47320,2020,MA1,2,322996,42420,42420,918,Round 2,2020-10-04,Patrick Harris,906,Vista Beast Disc Golf Course,Gold,60,18,4,13:00:00,62,2,910,122,True,False,18,62,True,True,True
47320,2020,MA1,2,322996,136937,136937,875,Round 2,2020-10-04,Zach Bossier,,Vista Beast Disc Golf Course,Gold,60,18,1,12:15:00,59,-1,938,123,True,False,18,59,True,True,True
47320,2020,MA1,2,322996,131201,131201,889,Round 2,2020-10-04,Tyler LaPerle,973,Vista Beast Disc Golf Course,Gold,60,18,3,12:30:00,61,1,919,124,True,False,18,61,True,True,True
47320,2020,MA1,2,322996,89829,89829,901,Round 2,2020-10-04,Garrett Washburn,923,Vista Beast Disc Golf Course,Gold,60,18,3,12:45:00,64,4,891,126,True,False,18,64,True,True,True
47320,2020,MA1,2,322996,name:mike casey,,,Round 2,2020-10-04,Mike Casey,,Vista Beast Disc Golf Course,Gold,60,18,4,12:15:00,59,-1,938,127,True,False,18,59,True,True,True
47320,2020,MA1,2,322996,138321,138321,913,Round 2,2020-10-04,Nathan Doudera,,Vista Beast Disc Golf Course,Gold,60,18,2,12:15:00,63,3,900,127,True,False,18,63,True,True,True
47320,2020,MA1,2,322996,141251,141251,883,Round 2,2020-10-04,Owen Wood,939,Vista Beast Disc Golf Course,Gold,60,18,4,12:30:00,64,4,891,127,True,False,18,64,True,True,True
47320,2020,MA1,2,322996,96154,96154,854,Round 2,2020-10-04,Travis Jacques,871,Vista Beast Disc Golf Course,Gold,60,18,3,12:15:00,62,2,910,128,True,False,18,62,True,True,True
47320,2020,MA1,2,322996,73588,73588,876,Round 2,2020-10-04,Will Cleland,910,Vista Beast Disc Golf Course,Gold,60,18,1,09:30:00,66,6,871,129,True,False,18,66,True,True,True
47320,2020,MA1,2,322996,141901,141901,879,Round 2,2020-10-04,Quinn Ledak,,Vista Beast Disc Golf Course,Gold,60,18,1,12:00:00,63,3,900,134,True,False,18,63,True,True,True
47320,2020,MA1,2,322996,name:sam callison,,,Round 2,2020-10-04,Sam Callison,,Vista Beast Disc Golf Course,Gold,60,18,2,12:00:00,65,5,881,137,True,False,18,65,True,True,True
47320,2020,MA1,2,322996,136921,136921,801,Round 2,2020-10-04,Blake Fletcher,,Vista Beast Disc Golf Course,Gold,60,18,3,12:00:00,69,9,843,145,True,False,18,69,True,True,True
47320,2020,MA1,2,322996,name:brendan van tuinen,,,Round 2,2020-10-04,Brendan Van Tuinen,,Vista Beast Disc Golf Course,Gold,60,18,2,09:30:00,888,828,,888,True,False,0,,False,False,False
47320,2020,MA1,2,322996,name:evan hollar,,,Round 2,2020-10-04,Evan Hollar,,Vista Beast Disc Golf Course,Gold,60,18,1,09:30:00,,,,,True,True,0,,False,False,False
47320,2020,MA2,1,323001,109527,109527,879,Round 1,2020-10-04,Mike Wenzel,901,Vista Beast Disc Golf Course,Blue,60,18,2,11:00:00,58,-2,925,116,True,False,18,58,True,True,True
47320,2020,MA2,1,323001,146710,146710,,Round 1,2020-10-04,Nicholas Laurendeau,,Vista Beast Disc Golf Course,Blue,60,18,2,10:45:00,58,-2,925,124,True,False,18,58,True,True,True
47320,2020,MA2,1,323001,93062,93062,878,Round 1,2020-10-04,Tom Slimm,,Vista Beast Disc Golf Course,Blue,60,18,1,10:15:00,60,0,905,126,True,False,18,60,True,True,True
47320,2020,MA2,1,323001,108913,108913,883,Round 1,2020-10-04,Evan Deslauriers,,Vista Beast Disc Golf Course,Blue,60,18,1,11:00:00,60,0,905,124,True,False,18,60,True,True,True
47320,2020,MA2,1,323001,120536,120536,838,Round 1,2020-10-04,Andrew Palumbo,,Vista Beast Disc Golf Course,Blue,60,18,1,10:45:00,60,0,905,122,True,False,18,60,True,True,True
47320,2020,MA2,1,323001,168047,168047,,Round 1,2020-10-04,Jim Desisto,915,Vista Beast Disc Golf Course,Blue,60,18,4,11:00:00,60,0,905,126,True,False,18,60,True,True,True
47320,2020,MA2,1,323001,125328,125328,865,Round 1,2020-10-04,Dana Carpenter,,Vista Beast Disc Golf Course,Blue,60,18,3,10:15:00,62,2,885,122,True,False,18,62,True,True,True
47320,2020,MA2,1,323001,142606,142606,829,Round 1,2020-10-04,Hudson Elledge,,Vista Beast Disc Golf Course,Blue,60,18,2,10:00:00,62,2,885,126,True,False,18,62,True,True,True
47320,2020,MA2,1,323001,name:ben riendeau,,,Round 1,2020-10-04,Ben Riendeau,,Vista Beast Disc Golf Course,Blue,60,18,4,10:00:00,62,2,885,123,True,False,18,62,True,True,True
47320,2020,MA2,1,323001,138042,138042,869,Round 1,2020-10-04,Russell Freeman,925,Vista Beast Disc Golf Course,Blue,60,18,1,10:00:00,65,5,856,123,True,False,18,65,True,True,True
47320,2020,MA2,1,323001,name:dave rockwood,,,Round 1,2020-10-04,Dave Rockwood,,Vista Beast Disc Golf Course,Blue,60,18,4,10:45:00,65,5,856,128,True,False,18,65,True,True,True
47320,2020,MA2,1,323001,name:peter walsh,,,Round 1,2020-10-04,Peter Walsh,,Vista Beast Disc Golf Course,Blue,60,18,4,10:15:00,66,6,846,131,True,False,18,66,True,True,True
47320,2020,MA2,1,323001,140272,140272,891,Round 1,2020-10-04,Seth Tilford,,Vista Beast Disc Golf Course,Blue,60,18,3,11:00:00,67,7,836,131,True,False,18,67,True,True,True
47320,2020,MA2,1,323001,106970,106970,834,Round 1,2020-10-04,Stefan Farrell,852,Vista Beast Disc Golf Course,Blue,60,18,2,10:15:00,68,8,826,138,True,False,18,68,True,True,True
47320,2020,MA2,1,323001,145666,145666,,Round 1,2020-10-04,Wesley Pollock,,Vista Beast Disc Golf Course,Blue,60,18,4,10:30:00,69,9,816,134,True,False,18,69,True,True,True
47320,2020,MA2,1,323001,137736,137736,796,Round 1,2020-10-04,Logan Cooke,880,Vista Beast Disc Golf Course,Blue,60,18,3,10:30:00,70,10,806,137,True,False,18,70,True,True,True
47320,2020,MA2,1,323001,124203,124203,815,Round 1,2020-10-04,Ezra Koch,954,Vista Beast Disc Golf Course,Blue,60,18,1,10:30:00,75,15,756,151,True,False,18,75,True,True,True
47320,2020,MA2,1,323001,name:dominic moreno,,,Round 1,2020-10-04,Dominic Moreno,,Vista Beast Disc Golf Course,Blue,60,18,3,10:45:00,75,15,756,140,True,False,18,75,True,True,True
47320,2020,MA2,1,323001,127513,127513,,Round 1,2020-10-04,Travis Johnson,,Vista Beast Disc Golf Course,Blue,60,18,2,10:30:00,79,19,716,161,True,False,18,79,True,True,True
47320,2020,MA2,1,323001,name:anthony dombovy,,,Round 1,2020-10-04,Anthony Dombovy,,Vista Beast Disc Golf Course,Blue,60,18,3,10:00:00,79,19,716,157,True,False,18,79,True,True,True
47320,2020,MA2,2,323001,109527,109527,879,Round 2,2020-10-04,Mike Wenzel,901,Vista Beast Disc Golf Course,Blue,60,18,1,10:45:00,58,-2,925,116,True,False,18,58,True,True,True
47320,2020,MA2,2,323001,125328,125328,865,Round 2,2020-10-04,Dana Carpenter,,Vista Beast Disc Golf Course,Blue,60,18,3,10:30:00,60,0,905,122,True,False,18,60,True,True,True
47320,2020,MA2,2,323001,120536,120536,838,Round 2,2020-10-04,Andrew Palumbo,,Vista Beast Disc Golf Course,Blue,60,18,1,10:30:00,62,2,885,122,True,False,18,62,True,True,True
47320,2020,MA2,2,323001,138042,138042,869,Round 2,2020-10-04,Russell Freeman,925,Vista Beast Disc Golf Course,Blue,60,18,2,10:15:00,58,-2,925,123,True,False,18,58,True,True,True
47320,2020,MA2,2,323001,name:ben riendeau,,,Round 2,2020-10-04,Ben Riendeau,,Vista Beast Disc Golf Course,Blue,60,18,1,10:15:00,61,1,895,123,True,False,18,61,True,True,True
47320,2020,MA2,2,323001,108913,108913,883,Round 2,2020-10-04,Evan Deslauriers,,Vista Beast Disc Golf Course,Blue,60,18,4,10:45:00,64,4,866,124,True,False,18,64,True,True,True
47320,2020,MA2,2,323001,146710,146710,,Round 2,2020-10-04,Nicholas Laurendeau,,Vista Beast Disc Golf Course,Blue,60,18,2,10:45:00,66,6,846,124,True,False,18,66,True,True,True
47320,2020,MA2,2,323001,142606,142606,829,Round 2,2020-10-04,Hudson Elledge,,Vista Beast Disc Golf Course,Blue,60,18,4,10:30:00,64,4,866,126,True,False,18,64,True,True,True
47320,2020,MA2,2,323001,93062,93062,878,Round 2,2020-10-04,Tom Slimm,,Vista Beast Disc Golf Course,Blue,60,18,3,10:45:00,66,6,846,126,True,False,18,66,True,True,True
47320,2020,MA2,2,323001,168047,168047,,Round 2,2020-10-04,Jim Desisto,915,Vista Beast Disc Golf Course,Blue,60,18,2,10:30:00,66,6,846,126,True,False,18,66,True,True,True
47320,2020,MA2,2,323001,name:dave rockwood,,,Round 2,2020-10-04,Dave Rockwood,,Vista Beast Disc Golf Course,Blue,60,18,3,10:15:00,63,3,876,128,True,False,18,63,True,True,True
47320,2020,MA2,2,323001,140272,140272,891,Round 2,2020-10-04,Seth Tilford,,Vista Beast Disc Golf Course,Blue,60,18,1,10:00:00,64,4,866,131,True,False,18,64,True,True,True
47320,2020,MA2,2,323001,name:peter walsh,,,Round 2,2020-10-04,Peter Walsh,,Vista Beast Disc Golf Course,Blue,60,18,4,10:15:00,65,5,856,131,True,False,18,65,True,True,True
47320,2020,MA2,2,323001,145666,145666,,Round 2,2020-10-04,Wesley Pollock,,Vista Beast Disc Golf Course,Blue,60,18,3,10:00:00,65,5,856,134,True,False,18,65,True,True,True
47320,2020,MA2,2,323001,137736,137736,796,Round 2,2020-10-04,Logan Cooke,880,Vista Beast Disc Golf Course,Blue,60,18,4,10:00:00,67,7,836,137,True,False,18,67,True,True,True
47320,2020,MA2,2,323001,106970,106970,834,Round 2,2020-10-04,Stefan Farrell,852,Vista Beast Disc Golf Course,Blue,60,18,2,10:00:00,70,10,806,138,True,False,18,70,True,True,True
47320,2020,MA2,2,323001,name:dominic moreno,,,Round 2,2020-10-04,Dominic Moreno,,Vista Beast Disc Golf Course,Blue,60,18,3,09:45:00,65,5,856,140,True,False,18,65,True,True,True
47320,2020,MA2,2,323001,124203,124203,815,Round 2,2020-10-04,Ezra Koch,954,Vista Beast Disc Golf Course,Blue,60,18,5,09:45:00,76,16,746,151,True,False,18,76,True,True,True
47320,2020,MA2,2,323001,name:anthony dombovy,,,Round 2,2020-10-04,Anthony Dombovy,,Vista Beast Disc Golf Course,Blue,60,18,5,09:45:00,78,18,726,157,True,False,18,78,True,True,True
47320,2020,MA2,2,323001,127513,127513,,Round 2,2020-10-04,Travis Johnson,,Vista Beast Disc Golf Course,Blue,60,18,4,09:45:00,82,22,686,161,True,False,18,82,True,True,True
47320,2020,MA40,1,323001,36062,36062,887,Round 1,2020-10-04,Andrew Powell,852,Vista Beast Disc Golf Course,Blue,60,18,1,09:45:00,59,-1,915,118,True,False,18,59,True,True,True
47320,2020,MA40,1,323001,98275,98275,884,Round 1,2020-10-04,Donald Randall,872,Vista Beast Disc Golf Course,Blue,60,18,3,12:45:00,59,-1,915,121,True,False,18,59,True,True,True
47320,2020,MA40,1,323001,83212,83212,867,Round 1,2020-10-04,Cory Barron,885,Vista Beast Disc Golf Course,Blue,60,18,1,12:45:00,60,0,905,117,True,False,18,60,True,True,True
47320,2020,MA40,1,323001,42057,42057,908,Round 1,2020-10-04,Seth McQuade,,Vista Beast Disc Golf Course,Blue,60,18,2,09:45:00,61,1,895,126,True,False,18,61,True,True,True
47320,2020,MA40,1,323001,94273,94273,885,Round 1,2020-10-04,Marques Pozzani,863,Vista Beast Disc Golf Course,Blue,60,18,2,12:45:00,61,1,895,124,True,False,18,61,True,True,True
47320,2020,MA40,1,323001,name:james lightholder,,,Round 1,2020-10-04,James Lightholder,,Vista Beast Disc Golf Course,Blue,60,18,4,12:45:00,64,4,866,125,True,False,18,64,True,True,True
47320,2020,MA40,1,323001,138402,138402,858,Round 1,2020-10-04,Kenneth Antonich,,Vista Beast Disc Golf Course,Blue,60,18,3,09:45:00,68,8,826,129,True,False,18,68,True,True,True
47320,2020,MA40,2,323001,83212,83212,867,Round 2,2020-10-04,Cory Barron,885,Vista Beast Disc Golf Course,Blue,60,18,3,11:30:00,57,-3,935,117,True,False,18,57,True,True,True
47320,2020,MA40,2,323001,36062,36062,887,Round 2,2020-10-04,Andrew Powell,852,Vista Beast Disc Golf Course,Blue,60,18,1,11:30:00,59,-1,915,118,True,False,18,59,True,True,True
47320,2020,MA40,2,323001,98275,98275,884,Round 2,2020-10-04,Donald Randall,872,Vista Beast Disc Golf Course,Blue,60,18,2,11:30:00,62,2,885,121,True,False,18,62,True,True,True
47320,2020,MA40,2,323001,94273,94273,885,Round 2,2020-10-04,Marques Pozzani,863,Vista Beast Disc Golf Course,Blue,60,18,1,11:15:00,63,3,876,124,True,False,18,63,True,True,True
47320,2020,MA40,2,323001,name:james lightholder,,,Round 2,2020-10-04,James Lightholder,,Vista Beast Disc Golf Course,Blue,60,18,3,11:15:00,61,1,895,125,True,False,18,61,True,True,True
47320,2020,MA40,2,323001,42057,42057,908,Round 2,2020-10-04,Seth McQuade,,Vista Beast Disc Golf Course,Blue,60,18,4,11:30:00,65,5,856,126,True,False,18,65,True,True,True
47320,2020,MA40,2,323001,138402,138402,858,Round 2,2020-10-04,Kenneth Antonich,,Vista Beast Disc Golf Course,Blue,60,18,4,11:15:00,61,1,895,129,True,False,18,61,True,True,True
47320,2020,MA50,1,323001,74478,74478,865,Round 1,2020-10-04,John Sudarsky,845,Vista Beast Disc Golf Course,Blue,60,18,1,11:15:00,62,2,885,128,True,False,18,62,True,True,True
47320,2020,MA50,1,323001,91301,91301,895,Round 1,2020-10-04,Michael A. Stridsberg,898,Vista Beast Disc Golf Course,Blue,60,18,3,11:15:00,66,6,846,125,True,False,18,66,True,True,True
47320,2020,MA50,1,323001,88570,88570,737,Round 1,2020-10-04,Michael Ray,,Vista Beast Disc Golf Course,Blue,60,18,2,11:15:00,78,18,726,150,True,False,18,78,True,True,True
47320,2020,MA50,1,323001,146429,146429,,Round 1,2020-10-04,Ed Oechslie,,Vista Beast Disc Golf Course,Blue,60,18,,,79,19,716,154,True,False,0,,False,False,False
47320,2020,MA50,2,323001,91301,91301,895,Round 2,2020-10-04,Michael A. Stridsberg,898,Vista Beast Disc Golf Course,Blue,60,18,2,11:00:00,59,-1,915,125,True,False,18,59,True,True,True
47320,2020,MA50,2,323001,74478,74478,865,Round 2,2020-10-04,John Sudarsky,845,Vista Beast Disc Golf Course,Blue,60,18,1,11:00:00,66,6,846,128,True,False,18,66,True,True,True
47320,2020,MA50,2,323001,88570,88570,737,Round 2,2020-10-04,Michael Ray,,Vista Beast Disc Golf Course,Blue,60,18,3,11:00:00,72,12,786,150,True,False,18,72,True,True,True
47320,2020,MA50,2,323001,146429,146429,,Round 2,2020-10-04,Ed Oechslie,,Vista Beast Disc Golf Course,Blue,60,18,4,11:00:00,75,15,756,154,True,False,18,75,True,True,True
47320,2020,MP50,1,323001,84880,84880,904,Round 1,2020-10-04,Marcos Miller,,Vista Beast Disc Golf Course,Blue,60,18,2,13:15:00,62,2,885,122,True,False,18,62,True,True,True
47320,2020,MP50,2,323001,84880,84880,904,Round 2,2020-10-04,Marcos Miller,,Vista Beast Disc Golf Course,Blue,60,18,2,11:15:00,60,0,905,122,True,False,18,60,True,True,True
47320,2020,MPO,1,322996,45817,45817,953,Round 1,2020-10-04,Dylan Dunne,,Vista Beast Disc Golf Course,Gold,60,18,1,14:15:00,55,-5,976,107,True,False,18,55,True,True,True
47320,2020,MPO,1,322996,96030,96030,918,Round 1,2020-10-04,Alex Benson,,Vista Beast Disc Golf Course,Gold,60,18,1,14:00:00,58,-2,948,117,True,False,18,58,True,True,True
47320,2020,MPO,1,322996,55953,55953,967,Round 1,2020-10-04,Finlay Buchanan-Jacobs,971,Vista Beast Disc Golf Course,Gold,60,18,1,13:45:00,59,-1,938,112,True,False,18,59,True,True,True
47320,2020,MPO,1,322996,103627,103627,988,Round 1,2020-10-04,Clayton Davis,,Vista Beast Disc Golf Course,Gold,60,18,3,14:00:00,59,-1,938,116,True,False,18,59,True,True,True
47320,2020,MPO,1,322996,136903,136903,957,Round 1,2020-10-04,Alex Ferguson,957,Vista Beast Disc Golf Course,Gold,60,18,4,13:45:00,59,-1,938,121,True,False,18,59,True,True,True
47320,2020,MPO,1,322996,24381,24381,949,Round 1,2020-10-04,Chris Young,937,Vista Beast Disc Golf Course,Gold,60,18,1,13:15:00,60,0,929,118,True,False,18,60,True,True,True
47320,2020,MPO,1,322996,122739,122739,921,Round 1,2020-10-04,Adam Green,977,Vista Beast Disc Golf Course,Gold,60,18,4,13:15:00,60,0,929,119,True,False,18,60,True,True,True
47320,2020,MPO,1,322996,96621,96621,956,Round 1,2020-10-04,Jeremy McKittrick,932,Vista Beast Disc Golf Course,Gold,60,18,1,13:30:00,61,1,919,120,True,False,18,61,True,True,True
47320,2020,MPO,1,322996,116370,116370,911,Round 1,2020-10-04,Tyler Moriarty,,Vista Beast Disc Golf Course,Gold,60,18,3,14:15:00,61,1,919,117,True,False,18,61,True,True,True
47320,2020,MPO,1,322996,130922,130922,921,Round 1,2020-10-04,James Bowley,,Vista Beast Disc Golf Course,Gold,60,18,3,13:30:00,62,2,910,125,True,False,18,62,True,True,True
47320,2020,MPO,1,322996,108989,108989,898,Round 1,2020-10-04,Erik Osborne,,Vista Beast Disc Golf Course,Gold,60,18,2,14:15:00,63,3,900,128,True,False,18,63,True,True,True
47320,2020,MPO,1,322996,name:robert wix,,,Round 1,2020-10-04,Robert Wix,,Vista Beast Disc Golf Course,Gold,60,18,4,14:00:00,63,3,900,135,True,False,18,63,True,True,True
47320,2020,MPO,1,322996,101763,101763,878,Round 1,2020-10-04,Spencer Sutherland,917,Vista Beast Disc Golf Course,Gold,60,18,2,14:00:00,64,4,891,126,True,False,18,64,True,True,True
47320,2020,MPO,1,322996,93414,93414,940,Round 1,2020-10-04,Joshua Lemieux,961,Vista Beast Disc Golf Course,Gold,60,18,3,13:15:00,65,5,881,126,True,False,18,65,True,True,True
47320,2020,MPO,1,322996,111874,111874,937,Round 1,2020-10-04,Jack Towne,,Vista Beast Disc Golf Course,Gold,60,18,2,13:30:00,65,5,881,124,True,False,18,65,True,True,True
47320,2020,MPO,1,322996,74240,74240,952,Round 1,2020-10-04,Christopher Martin,962,Vista Beast Disc Golf Course,Gold,60,18,2,13:45:00,66,6,871,127,True,False,18,66,True,True,True
47320,2020,MPO,1,322996,114674,114674,922,Round 1,2020-10-04,Jordan Lamson,,Vista Beast Disc Golf Course,Gold,60,18,3,13:45:00,67,7,862,129,True,False,18,67,True,True,True
47320,2020,MPO,1,322996,119003,119003,933,Round 1,2020-10-04,Joshua Wedel,942,Vista Beast Disc Golf Course,Gold,60,18,4,13:30:00,67,7,862,,True,False,18,67,True,True,True
47320,2020,MPO,2,322996,45817,45817,953,Round 2,2020-10-04,Dylan Dunne,,Vista Beast Disc Golf Course,Gold,60,18,1,14:15:00,52,-8,1005,107,True,False,18,52,True,True,True
47320,2020,MPO,2,322996,55953,55953,967,Round 2,2020-10-04,Finlay Buchanan-Jacobs,971,Vista Beast Disc Golf Course,Gold,60,18,3,14:15:00,53,-7,995,112,True,False,18,53,True,True,True
47320,2020,MPO,2,322996,103627,103627,988,Round 2,2020-10-04,Clayton Davis,,Vista Beast Disc Golf Course,Gold,60,18,4,14:15:00,57,-3,957,116,True,False,18,57,True,True,True
47320,2020,MPO,2,322996,116370,116370,911,Round 2,2020-10-04,Tyler Moriarty,,Vista Beast Disc Golf Course,Gold,60,18,1,13:45:00,56,-4,967,117,True,False,18,56,True,True,True
47320,2020,MPO,2,322996,96030,96030,918,Round 2,2020-10-04,Alex Benson,,Vista Beast Disc Golf Course,Gold,60,18,2,14:15:00,59,-1,938,117,True,False,18,59,True,True,True
47320,2020,MPO,2,322996,24381,24381,949,Round 2,2020-10-04,Chris Young,937,Vista Beast Disc Golf Course,Gold,60,18,2,14:00:00,58,-2,948,118,True,False,18,58,True,True,True
47320,2020,MPO,2,322996,122739,122739,921,Round 2,2020-10-04,Adam Green,977,Vista Beast Disc Golf Course,Gold,60,18,3,14:00:00,59,-1,938,119,True,False,18,59,True,True,True
47320,2020,MPO,2,322996,96621,96621,956,Round 2,2020-10-04,Jeremy McKittrick,932,Vista Beast Disc Golf Course,Gold,60,18,4,14:00:00,59,-1,938,120,True,False,18,59,True,True,True
47320,2020,MPO,2,322996,136903,136903,957,Round 2,2020-10-04,Alex Ferguson,957,Vista Beast Disc Golf Course,Gold,60,18,1,14:00:00,62,2,910,121,True,False,18,62,True,True,True
47320,2020,MPO,2,322996,111874,111874,937,Round 2,2020-10-04,Jack Towne,,Vista Beast Disc Golf Course,Gold,60,18,3,13:30:00,59,-1,938,124,True,False,18,59,True,True,True
47320,2020,MPO,2,322996,130922,130922,921,Round 2,2020-10-04,James Bowley,,Vista Beast Disc Golf Course,Gold,60,18,2,13:45:00,63,3,900,125,True,False,18,63,True,True,True
47320,2020,MPO,2,322996,93414,93414,940,Round 2,2020-10-04,Joshua Lemieux,961,Vista Beast Disc Golf Course,Gold,60,18,2,13:30:00,61,1,919,126,True,False,18,61,True,True,True
47320,2020,MPO,2,322996,101763,101763,878,Round 2,2020-10-04,Spencer Sutherland,917,Vista Beast Disc Golf Course,Gold,60,18,1,13:30:00,62,2,910,126,True,False,18,62,True,True,True
47320,2020,MPO,2,322996,74240,74240,952,Round 2,2020-10-04,Christopher Martin,962,Vista Beast Disc Golf Course,Gold,60,18,4,13:15:00,61,1,919,127,True,False,18,61,True,True,True
47320,2020,MPO,2,322996,108989,108989,898,Round 2,2020-10-04,Erik Osborne,,Vista Beast Disc Golf Course,Gold,60,18,3,13:45:00,65,5,881,128,True,False,18,65,True,True,True
47320,2020,MPO,2,322996,114674,114674,922,Round 2,2020-10-04,Jordan Lamson,,Vista Beast Disc Golf Course,Gold,60,18,5,13:15:00,62,2,910,129,True,False,18,62,True,True,True
47320,2020,MPO,2,322996,name:robert wix,,,Round 2,2020-10-04,Robert Wix,,Vista Beast Disc Golf Course,Gold,60,18,4,13:45:00,72,12,814,135,True,False,18,72,True,True,True
47320,2020,MPO,2,322996,119003,119003,933,Round 2,2020-10-04,Joshua Wedel,942,Vista Beast Disc Golf Course,Gold,60,18,3,13:15:00,,,,,True,True,0,,False,False,False
47321,2020,FA1,1,325901,132857,132857,826,Round 1,2020-10-18,Serena Lamson,,Base Camp Outfitters Disc Golf,Default Layout,56,18,4,11:15:00,66,10,860,137,True,False,18,66,True,True,True
47321,2020,FA1,2,325901,132857,132857,826,Round 2,2020-10-18,Serena Lamson,,Base Camp Outfitters Disc Golf,Default Layout,56,18,3,12:15:00,71,15,812,137,True,False,18,71,True,True,True
47321,2020,MA1,1,325901,42420,42420,916,Round 1,2020-10-18,Patrick Harris,906,Base Camp Outfitters Disc Golf,Default Layout,56,18,3,12:15:00,53,-3,987,114,True,False,18,53,True,True,True
47321,2020,MA1,1,325901,140098,140098,950,Round 1,2020-10-18,Angus Barstow,980,Base Camp Outfitters Disc Golf,Default Layout,56,18,4,12:00:00,58,2,938,113,True,False,18,58,True,True,True
47321,2020,MA1,1,325901,95717,95717,865,Round 1,2020-10-18,Grant Moran,,Base Camp Outfitters Disc Golf,Default Layout,56,18,1,11:45:00,59,3,928,119,True,False,18,59,True,True,True
47321,2020,MA1,1,325901,100885,100885,913,Round 1,2020-10-18,Jacob Moore,945,Base Camp Outfitters Disc Golf,Default Layout,56,18,1,12:00:00,59,3,928,111,True,False,18,59,True,True,True
47321,2020,MA1,1,325901,110707,110707,921,Round 1,2020-10-18,Jason Wilson,927,Base Camp Outfitters Disc Golf,Default Layout,56,18,1,12:15:00,59,3,928,121,True,False,18,59,True,True,True
47321,2020,MA1,1,325901,98280,98280,923,Round 1,2020-10-18,Nicholas Reilly,932,Base Camp Outfitters Disc Golf,Default Layout,56,18,2,12:00:00,60,4,919,126,True,False,18,60,True,True,True
47321,2020,MA1,1,325901,118928,118928,923,Round 1,2020-10-18,Tyler Pomichter,926,Base Camp Outfitters Disc Golf,Default Layout,56,18,4,12:15:00,60,4,919,117,True,False,18,60,True,True,True
47321,2020,MA1,1,325901,73588,73588,880,Round 1,2020-10-18,Will Cleland,910,Base Camp Outfitters Disc Golf,Default Layout,56,18,2,10:00:00,61,5,909,127,True,False,18,61,True,True,True
47321,2020,MA1,1,325901,103738,103738,920,Round 1,2020-10-18,Maxx Perry,,Base Camp Outfitters Disc Golf,Default Layout,56,18,2,12:15:00,61,5,909,116,True,False,18,61,True,True,True
47321,2020,MA1,1,325901,109604,109604,906,Round 1,2020-10-18,Jeremy Hulsey,914,Base Camp Outfitters Disc Golf,Default Layout,56,18,4,10:00:00,61,5,909,122,True,False,18,61,True,True,True
47321,2020,MA1,1,325901,96355,96355,899,Round 1,2020-10-18,Louis Annino,906,Base Camp Outfitters Disc Golf,Default Layout,56,18,3,12:00:00,62,6,899,119,True,False,18,62,True,True,True
47321,2020,MA1,1,325901,131201,131201,896,Round 1,2020-10-18,Tyler LaPerle,973,Base Camp Outfitters Disc Golf,Default Layout,56,18,1,10:00:00,63,7,890,127,True,False,18,63,True,True,True
47321,2020,MA1,1,325901,96154,96154,859,Round 1,2020-10-18,Travis Jacques,871,Base Camp Outfitters Disc Golf,Default Layout,56,18,3,10:00:00,65,9,870,128,True,False,18,65,True,True,True
47321,2020,MA1,1,325901,name:nathan beningson,,,Round 1,2020-10-18,Nathan Beningson,,Base Camp Outfitters Disc Golf,Default Layout,56,18,2,11:45:00,66,10,860,128,True,False,18,66,True,True,True
47321,2020,MA1,1,325901,50816,50816,856,Round 1,2020-10-18,Tristan Whitehouse,,Base Camp Outfitters Disc Golf,Default Layout,56,18,3,11:45:00,71,15,812,132,True,False,18,71,True,True,True
47321,2020,MA1,2,325901,100885,100885,913,Round 2,2020-10-18,Jacob Moore,945,Base Camp Outfitters Disc Golf,Default Layout,56,18,4,12:00:00,52,-4,996,111,True,False,18,52,True,True,True
47321,2020,MA1,2,325901,140098,140098,950,Round 2,2020-10-18,Angus Barstow,980,Base Camp Outfitters Disc Golf,Default Layout,56,18,2,12:00:00,55,-1,967,113,True,False,18,55,True,True,True
47321,2020,MA1,2,325901,42420,42420,916,Round 2,2020-10-18,Patrick Harris,906,Base Camp Outfitters Disc Golf,Default Layout,56,18,1,12:00:00,61,5,909,114,True,False,18,61,True,True,True
47321,2020,MA1,2,325901,103738,103738,920,Round 2,2020-10-18,Maxx Perry,,Base Camp Outfitters Disc Golf,Default Layout,56,18,1,11:30:00,55,-1,967,116,True,False,18,55,True,True,True
47321,2020,MA1,2,325901,118928,118928,923,Round 2,2020-10-18,Tyler Pomichter,926,Base Camp Outfitters Disc Golf,Default Layout,56,18,3,11:45:00,57,1,948,117,True,False,18,57,True,True,True
47321,2020,MA1,2,325901,96355,96355,899,Round 2,2020-10-18,Louis Annino,906,Base Camp Outfitters Disc Golf,Default Layout,56,18,3,11:30:00,57,1,948,119,True,False,18,57,True,True,True
47321,2020,MA1,2,325901,95717,95717,865,Round 2,2020-10-18,Grant Moran,,Base Camp Outfitters Disc Golf,Default Layout,56,18,3,12:00:00,60,4,919,119,True,False,18,60,True,True,True
47321,2020,MA1,2,325901,110707,110707,921,Round 2,2020-10-18,Jason Wilson,927,Base Camp Outfitters Disc Golf,Default Layout,56,18,1,11:45:00,62,6,899,121,True,False,18,62,True,True,True
47321,2020,MA1,2,325901,109604,109604,906,Round 2,2020-10-18,Jeremy Hulsey,914,Base Camp Outfitters Disc Golf,Default Layout,56,18,2,11:30:00,61,5,909,122,True,False,18,61,True,True,True
47321,2020,MA1,2,325901,98280,98280,923,Round 2,2020-10-18,Nicholas Reilly,932,Base Camp Outfitters Disc Golf,Default Layout,56,18,2,11:45:00,66,10,860,126,True,False,18,66,True,True,True
47321,2020,MA1,2,325901,131201,131201,896,Round 2,2020-10-18,Tyler LaPerle,973,Base Camp Outfitters Disc Golf,Default Layout,56,18,4,11:30:00,64,8,880,127,True,False,18,64,True,True,True
47321,2020,MA1,2,325901,73588,73588,880,Round 2,2020-10-18,Will Cleland,910,Base Camp Outfitters Disc Golf,Default Layout,56,18,4,11:45:00,66,10,860,127,True,False,18,66,True,True,True
47321,2020,MA1,2,325901,name:nathan beningson,,,Round 2,2020-10-18,Nathan Beningson,,Base Camp Outfitters Disc Golf,Default Layout,56,18,2,11:15:00,62,6,899,128,True,False,18,62,True,True,True
47321,2020,MA1,2,325901,96154,96154,859,Round 2,2020-10-18,Travis Jacques,871,Base Camp Outfitters Disc Golf,Default Layout,56,18,1,11:15:00,63,7,890,128,True,False,18,63,True,True,True
47321,2020,MA1,2,325901,50816,50816,856,Round 2,2020-10-18,Tristan Whitehouse,,Base Camp Outfitters Disc Golf,Default Layout,56,18,3,11:15:00,61,5,909,132,True,False,18,61,True,True,True
47321,2020,MA2,1,325901,109527,109527,886,Round 1,2020-10-18,Mike Wenzel,901,Base Camp Outfitters Disc Golf,Default Layout,56,18,1,11:00:00,59,3,928,122,True,False,18,59,True,True,True
47321,2020,MA2,1,325901,26235,26235,839,Round 1,2020-10-18,Adam Silva,843,Base Camp Outfitters Disc Golf,Default Layout,56,18,1,10:15:00,60,4,919,132,True,False,18,60,True,True,True
47321,2020,MA2,1,325901,125328,125328,871,Round 1,2020-10-18,Dana Carpenter,,Base Camp Outfitters Disc Golf,Default Layout,56,18,2,11:00:00,60,4,919,122,True,False,18,60,True,True,True
47321,2020,MA2,1,325901,146710,146710,878,Round 1,2020-10-18,Nicholas Laurendeau,,Base Camp Outfitters Disc Golf,Default Layout,56,18,3,10:45:00,63,7,890,127,True,False,18,63,True,True,True
47321,2020,MA2,1,325901,148187,148187,,Round 1,2020-10-18,Evan Miller,874,Base Camp Outfitters Disc Golf,Default Layout,56,18,3,10:30:00,65,9,870,135,True,False,18,65,True,True,True
47321,2020,MA2,1,325901,128700,128700,838,Round 1,2020-10-18,Peter McCarthy,,Base Camp Outfitters Disc Golf,Default Layout,56,18,4,10:45:00,67,11,851,138,True,False,18,67,True,True,True
47321,2020,MA2,1,325901,138042,138042,874,Round 1,2020-10-18,Russell Freeman,925,Base Camp Outfitters Disc Golf,Default Layout,56,18,1,10:45:00,68,12,841,152,True,False,18,68,True,True,True
47321,2020,MA2,1,325901,124203,124203,801,Round 1,2020-10-18,Ezra Koch,954,Base Camp Outfitters Disc Golf,Default Layout,56,18,2,10:15:00,69,13,831,138,True,False,18,69,True,True,True
47321,2020,MA2,1,325901,140272,140272,877,Round 1,2020-10-18,Seth Tilford,,Base Camp Outfitters Disc Golf,Default Layout,56,18,4,11:00:00,69,13,831,131,True,False,18,69,True,True,True
47321,2020,MA2,1,325901,106970,106970,825,Round 1,2020-10-18,Stefan Farrell,852,Base Camp Outfitters Disc Golf,Default Layout,56,18,2,10:45:00,70,14,822,138,True,False,18,70,True,True,True
47321,2020,MA2,1,325901,name:tj rubin,,,Round 1,2020-10-18,TJ Rubin,,Base Camp Outfitters Disc Golf,Default Layout,56,18,2,10:30:00,72,16,802,146,True,False,18,72,True,True,True
47321,2020,MA2,1,325901,93062,93062,878,Round 1,2020-10-18,Tom Slimm,,Base Camp Outfitters Disc Golf,Default Layout,56,18,3,11:00:00,73,17,792,135,True,False,18,73,True,True,True
47321,2020,MA2,1,325901,137736,137736,799,Round 1,2020-10-18,Logan Cooke,880,Base Camp Outfitters Disc Golf,Default Layout,56,18,3,10:15:00,75,19,773,147,True,False,18,75,True,True,True
47321,2020,MA2,1,325901,148843,148843,,Round 1,2020-10-18,Cameron Welles,,Base Camp Outfitters Disc Golf,Default Layout,56,18,1,10:30:00,76,20,763,146,True,False,18,76,True,True,True
47321,2020,MA2,2,325901,109527,109527,886,Round 2,2020-10-18,Mike Wenzel,901,Base Camp Outfitters Disc Golf,Default Layout,56,18,1,10:45:00,63,7,890,122,True,False,18,63,True,True,True
47321,2020,MA2,2,325901,125328,125328,871,Round 2,2020-10-18,Dana Carpenter,,Base Camp Outfitters Disc Golf,Default Layout,56,18,3,10:45:00,62,6,899,122,True,False,18,62,True,True,True
47321,2020,MA2,2,325901,146710,146710,878,Round 2,2020-10-18,Nicholas Laurendeau,,Base Camp Outfitters Disc Golf,Default Layout,56,18,4,10:45:00,64,8,880,127,True,False,18,64,True,True,True
47321,2020,MA2,2,325901,140272,140272,877,Round 2,2020-10-18,Seth Tilford,,Base Camp Outfitters Disc Golf,Default Layout,56,18,1,10:15:00,62,6,899,131,True,False,18,62,True,True,True
47321,2020,MA2,2,325901,26235,26235,839,Round 2,2020-10-18,Adam Silva,843,Base Camp Outfitters Disc Golf,Default Layout,56,18,2,10:45:00,72,16,802,132,True,False,18,72,True,True,True
47321,2020,MA2,2,325901,93062,93062,878,Round 2,2020-10-18,Tom Slimm,,Base Camp Outfitters Disc Golf,Default Layout,56,18,1,10:00:00,62,6,899,135,True,False,18,62,True,True,True
47321,2020,MA2,2,325901,148187,148187,,Round 2,2020-10-18,Evan Miller,874,Base Camp Outfitters Disc Golf,Default Layout,56,18,1,10:30:00,70,14,822,135,True,False,18,70,True,True,True
47321,2020,MA2,2,325901,106970,106970,825,Round 2,2020-10-18,Stefan Farrell,852,Base Camp Outfitters Disc Golf,Default Layout,56,18,2,10:15:00,68,12,841,138,True,False,18,68,True,True,True
47321,2020,MA2,2,325901,124203,124203,801,Round 2,2020-10-18,Ezra Koch,954,Base Camp Outfitters Disc Golf,Default Layout,56,18,4,10:30:00,69,13,831,138,True,False,18,69,True,True,True
47321,2020,MA2,2,325901,128700,128700,838,Round 2,2020-10-18,Peter McCarthy,,Base Camp Outfitters Disc Golf,Default Layout,56,18,2,10:30:00,71,15,812,138,True,False,18,71,True,True,True
47321,2020,MA2,2,325901,148843,148843,,Round 2,2020-10-18,Cameron Welles,,Base Camp Outfitters Disc Golf,Default Layout,56,18,3,10:00:00,70,14,822,146,True,False,18,70,True,True,True
47321,2020,MA2,2,325901,name:tj rubin,,,Round 2,2020-10-18,TJ Rubin,,Base Camp Outfitters Disc Golf,Default Layout,56,18,3,10:15:00,74,18,783,146,True,False,18,74,True,True,True
47321,2020,MA2,2,325901,137736,137736,799,Round 2,2020-10-18,Logan Cooke,880,Base Camp Outfitters Disc Golf,Default Layout,56,18,2,10:00:00,72,16,802,147,True,False,18,72,True,True,True
47321,2020,MA2,2,325901,138042,138042,874,Round 2,2020-10-18,Russell Freeman,925,Base Camp Outfitters Disc Golf,Default Layout,56,18,3,10:30:00,84,28,685,152,True,False,18,84,True,True,True
47321,2020,MA40,1,325901,83212,83212,883,Round 1,2020-10-18,Cory Barron,885,Base Camp Outfitters Disc Golf,Default Layout,56,18,1,11:30:00,61,5,909,122,True,False,18,61,True,True,True
47321,2020,MA40,1,325901,138402,138402,862,Round 1,2020-10-18,Kenneth Antonich,,Base Camp Outfitters Disc Golf,Default Layout,56,18,4,11:30:00,63,7,890,126,True,False,18,63,True,True,True
47321,2020,MA40,1,325901,36062,36062,894,Round 1,2020-10-18,Andrew Powell,852,Base Camp Outfitters Disc Golf,Default Layout,56,18,2,11:30:00,66,10,860,128,True,False,18,66,True,True,True
47321,2020,MA40,1,325901,98275,98275,882,Round 1,2020-10-18,Donald Randall,872,Base Camp Outfitters Disc Golf,Default Layout,56,18,3,11:30:00,66,10,860,888,True,False,18,66,True,True,True
47321,2020,MA40,2,325901,83212,83212,883,Round 2,2020-10-18,Cory Barron,885,Base Camp Outfitters Disc Golf,Default Layout,56,18,1,12:30:00,61,5,909,122,True,False,18,61,True,True,True
47321,2020,MA40,2,325901,138402,138402,862,Round 2,2020-10-18,Kenneth Antonich,,Base Camp Outfitters Disc Golf,Default Layout,56,18,2,12:30:00,63,7,890,126,True,False,18,63,True,True,True
47321,2020,MA40,2,325901,36062,36062,894,Round 2,2020-10-18,Andrew Powell,852,Base Camp Outfitters Disc Golf,Default Layout,56,18,3,12:30:00,62,6,899,128,True,False,18,62,True,True,True
47321,2020,MA40,2,325901,98275,98275,882,Round 2,2020-10-18,Donald Randall,872,Base Camp Outfitters Disc Golf,Default Layout,56,18,4,12:30:00,126,832,,888,True,False,18,126,True,True,True
47321,2020,MA50,1,325901,74478,74478,868,Round 1,2020-10-18,John Sudarsky,845,Base Camp Outfitters Disc Golf,Default Layout,56,18,2,11:15:00,66,10,860,128,True,False,18,66,True,True,True
47321,2020,MA50,1,325901,91301,91301,895,Round 1,2020-10-18,Michael A. Stridsberg,898,Base Camp Outfitters Disc Golf,Default Layout,56,18,1,11:15:00,69,13,831,132,True,False,18,69,True,True,True
47321,2020,MA50,2,325901,74478,74478,868,Round 2,2020-10-18,John Sudarsky,845,Base Camp Outfitters Disc Golf,Default Layout,56,18,2,12:15:00,62,6,899,128,True,False,18,62,True,True,True
47321,2020,MA50,2,325901,91301,91301,895,Round 2,2020-10-18,Michael A. Stridsberg,898,Base Camp Outfitters Disc Golf,Default Layout,56,18,4,12:15:00,63,7,890,132,True,False,18,63,True,True,True
47321,2020,MP50,1,325901,84880,84880,914,Round 1,2020-10-18,Marcos Miller,,Base Camp Outfitters Disc Golf,Default Layout,56,18,3,11:15:00,63,7,890,125,True,False,18,63,True,True,True
47321,2020,MP50,2,325901,84880,84880,914,Round 2,2020-10-18,Marcos Miller,,Base Camp Outfitters Disc Golf,Default Layout,56,18,1,12:15:00,62,6,899,125,True,False,18,62,True,True,True
47321,2020,MPO,1,325901,103627,103627,974,Round 1,2020-10-18,Clayton Davis,,Base Camp Outfitters Disc Golf,Default Layout,56,18,1,13:30:00,50,-6,1016,100,True,False,18,50,True,True,True
47321,2020,MPO,1,325901,60852,60852,992,Round 1,2020-10-18,Michael Habets,,Base Camp Outfitters Disc Golf,Default Layout,56,18,4,13:00:00,51,-5,1006,106,True,False,18,51,True,True,True
47321,2020,MPO,1,325901,82940,82940,963,Round 1,2020-10-18,Zachary Podhorzer,955,Base Camp Outfitters Disc Golf,Default Layout,56,18,1,12:30:00,54,-2,977,108,True,False,18,54,True,True,True
47321,2020,MPO,1,325901,93877,93877,954,Round 1,2020-10-18,Matthew Storgaard,,Base Camp Outfitters Disc Golf,Default Layout,56,18,2,12:45:00,54,-2,977,111,True,False,18,54,True,True,True
47321,2020,MPO,1,325901,24381,24381,950,Round 1,2020-10-18,Chris Young,937,Base Camp Outfitters Disc Golf,Default Layout,56,18,3,13:30:00,55,-1,967,108,True,False,18,55,True,True,True
47321,2020,MPO,1,325901,83156,83156,959,Round 1,2020-10-18,Edwin Bedell,,Base Camp Outfitters Disc Golf,Default Layout,56,18,3,13:00:00,56,0,958,108,True,False,18,56,True,True,True
47321,2020,MPO,1,325901,55953,55953,970,Round 1,2020-10-18,Finlay Buchanan-Jacobs,971,Base Camp Outfitters Disc Golf,Default Layout,56,18,2,13:30:00,57,1,948,109,True,False,18,57,True,True,True
47321,2020,MPO,1,325901,125586,125586,948,Round 1,2020-10-18,Matthew Avery,,Base Camp Outfitters Disc Golf,Default Layout,56,18,4,12:45:00,57,1,948,119,True,False,18,57,True,True,True
47321,2020,MPO,1,325901,96621,96621,953,Round 1,2020-10-18,Jeremy McKittrick,932,Base Camp Outfitters Disc Golf,Default Layout,56,18,4,13:30:00,58,2,938,114,True,False,18,58,True,True,True
47321,2020,MPO,1,325901,108989,108989,899,Round 1,2020-10-18,Erik Osborne,,Base Camp Outfitters Disc Golf,Default Layout,56,18,3,12:45:00,58,2,938,123,True,False,18,58,True,True,True
47321,2020,MPO,1,325901,114674,114674,911,Round 1,2020-10-18,Jordan Lamson,,Base Camp Outfitters Disc Golf,Default Layout,56,18,1,13:15:00,58,2,938,126,True,False,18,58,True,True,True
47321,2020,MPO,1,325901,101829,101829,929,Round 1,2020-10-18,Joshua Storgaard,,Base Camp Outfitters Disc Golf,Default Layout,56,18,3,12:30:00,59,3,928,117,True,False,18,59,True,True,True
47321,2020,MPO,1,325901,119003,119003,919,Round 1,2020-10-18,Joshua Wedel,942,Base Camp Outfitters Disc Golf,Default Layout,56,18,3,13:15:00,60,4,919,120,True,False,18,60,True,True,True
47321,2020,MPO,1,325901,100341,100341,931,Round 1,2020-10-18,Kevin Avery,,Base Camp Outfitters Disc Golf,Default Layout,56,18,2,13:00:00,61,5,909,124,True,False,18,61,True,True,True
47321,2020,MPO,1,325901,74240,74240,930,Round 1,2020-10-18,Christopher Martin,962,Base Camp Outfitters Disc Golf,Default Layout,56,18,4,13:15:00,62,6,899,117,True,False,18,62,True,True,True
47321,2020,MPO,1,325901,96030,96030,931,Round 1,2020-10-18,Alex Benson,,Base Camp Outfitters Disc Golf,Default Layout,56,18,2,12:30:00,62,6,899,120,True,False,18,62,True,True,True
47321,2020,MPO,1,325901,116370,116370,923,Round 1,2020-10-18,Tyler Moriarty,,Base Camp Outfitters Disc Golf,Default Layout,56,18,2,13:15:00,62,6,899,119,True,False,18,62,True,True,True
47321,2020,MPO,1,325901,83198,83198,932,Round 1,2020-10-18,Alan Gofberg,869,Base Camp Outfitters Disc Golf,Default Layout,56,18,1,12:45:00,63,7,890,121,True,False,18,63,True,True,True
47321,2020,MPO,1,325901,109051,109051,861,Round 1,2020-10-18,Taylor Jones,866,Base Camp Outfitters Disc Golf,Default Layout,56,18,4,12:30:00,63,7,890,135,True,False,18,63,True,True,True
47321,2020,MPO,1,325901,130922,130922,916,Round 1,2020-10-18,James Bowley,,Base Camp Outfitters Disc Golf,Default Layout,56,18,1,13:00:00,65,9,870,120,True,False,18,65,True,True,True
47321,2020,MPO,2,325901,103627,103627,974,Round 2,2020-10-18,Clayton Davis,,Base Camp Outfitters Disc Golf,Default Layout,56,18,1,14:00:00,50,-6,1016,100,True,False,18,50,True,True,True
47321,2020,MPO,2,325901,60852,60852,992,Round 2,2020-10-18,Michael Habets,,Base Camp Outfitters Disc Golf,Default Layout,56,18,2,14:00:00,55,-1,967,106,True,False,18,55,True,True,True
47321,2020,MPO,2,325901,83156,83156,959,Round 2,2020-10-18,Edwin Bedell,,Base Camp Outfitters Disc Golf,Default Layout,56,18,2,13:45:00,52,-4,996,108,True,False,18,52,True,True,True
47321,2020,MPO,2,325901,24381,24381,950,Round 2,2020-10-18,Chris Young,937,Base Camp Outfitters Disc Golf,Default Layout,56,18,1,13:45:00,53,-3,987,108,True,False,18,53,True,True,True
47321,2020,MPO,2,325901,82940,82940,963,Round 2,2020-10-18,Zachary Podhorzer,955,Base Camp Outfitters Disc Golf,Default Layout,56,18,3,14:00:00,54,-2,977,108,True,False,18,54,True,True,True
47321,2020,MPO,2,325901,55953,55953,970,Round 2,2020-10-18,Finlay Buchanan-Jacobs,971,Base Camp Outfitters Disc Golf,Default Layout,56,18,3,13:45:00,52,-4,996,109,True,False,18,52,True,True,True
47321,2020,MPO,2,325901,93877,93877,954,Round 2,2020-10-18,Matthew Storgaard,,Base Camp Outfitters Disc Golf,Default Layout,56,18,4,14:00:00,57,1,948,111,True,False,18,57,True,True,True
47321,2020,MPO,2,325901,96621,96621,953,Round 2,2020-10-18,Jeremy McKittrick,932,Base Camp Outfitters Disc Golf,Default Layout,56,18,1,13:30:00,56,0,958,114,True,False,18,56,True,True,True
47321,2020,MPO,2,325901,74240,74240,930,Round 2,2020-10-18,Christopher Martin,962,Base Camp Outfitters Disc Golf,Default Layout,56,18,3,13:15:00,55,-1,967,117,True,False,18,55,True,True,True
47321,2020,MPO,2,325901,101829,101829,929,Round 2,2020-10-18,Joshua Storgaard,,Base Camp Outfitters Disc Golf,Default Layout,56,18,4,13:30:00,58,2,938,117,True,False,18,58,True,True,True
47321,2020,MPO,2,325901,116370,116370,923,Round 2,2020-10-18,Tyler Moriarty,,Base Camp Outfitters Disc Golf,Default Layout,56,18,1,13:00:00,57,1,948,119,True,False,18,57,True,True,True
47321,2020,MPO,2,325901,125586,125586,948,Round 2,2020-10-18,Matthew Avery,,Base Camp Outfitters Disc Golf,Default Layout,56,18,4,13:45:00,62,6,899,119,True,False,18,62,True,True,True
47321,2020,MPO,2,325901,130922,130922,916,Round 2,2020-10-18,James Bowley,,Base Camp Outfitters Disc Golf,Default Layout,56,18,4,13:00:00,55,-1,967,120,True,False,18,55,True,True,True
47321,2020,MPO,2,325901,96030,96030,931,Round 2,2020-10-18,Alex Benson,,Base Camp Outfitters Disc Golf,Default Layout,56,18,4,13:15:00,58,2,938,120,True,False,18,58,True,True,True
47321,2020,MPO,2,325901,119003,119003,919,Round 2,2020-10-18,Joshua Wedel,942,Base Camp Outfitters Disc Golf,Default Layout,56,18,1,13:15:00,60,4,919,120,True,False,18,60,True,True,True
47321,2020,MPO,2,325901,83198,83198,932,Round 2,2020-10-18,Alan Gofberg,869,Base Camp Outfitters Disc Golf,Default Layout,56,18,2,13:00:00,58,2,938,121,True,False,18,58,True,True,True
47321,2020,MPO,2,325901,108989,108989,899,Round 2,2020-10-18,Erik Osborne,,Base Camp Outfitters Disc Golf,Default Layout,56,18,2,13:30:00,65,9,870,123,True,False,18,65,True,True,True
47321,2020,MPO,2,325901,100341,100341,931,Round 2,2020-10-18,Kevin Avery,,Base Camp Outfitters Disc Golf,Default Layout,56,18,2,13:15:00,63,7,890,124,True,False,18,63,True,True,True
47321,2020,MPO,2,325901,114674,114674,911,Round 2,2020-10-18,Jordan Lamson,,Base Camp Outfitters Disc Golf,Default Layout,56,18,3,13:30:00,68,12,841,126,True,False,18,68,True,True,True
47321,2020,MPO,2,325901,109051,109051,861,Round 2,2020-10-18,Taylor Jones,866,Base Camp Outfitters Disc Golf,Default Layout,56,18,3,13:00:00,72,16,802,135,True,False,18,72,True,True,True
