event_id,year,division,round,layout_id,player_key,pdga_number,event_rating,round_label,round_date,player_name,current_rating,course_name,layout_name,layout_par,n_holes,card_number,tee_time,round_score,round_to_par,round_rating,grand_total,raw_completed,unfinished_999,holes_scored,hole_score_sum,all_holes_scored,hole_sum_matches,usable
49941,2021,FA1,1,362226,94272,94272,753,Round 1,2021-04-25,Gabrielle Pozzani,818,Willow Park,Blue Tees,56,18,1,11:50:00,77,21,708,888,True,False,18,77,True,True,True
49941,2021,FA1,1,362226,165174,165174,718,Round 1,2021-04-25,Kiree LaPointe,,Willow Park,Blue Tees,56,18,2,11:50:00,79,23,687,155,True,False,18,79,True,True,True
49941,2021,FA1,1,362226,name:harley fjeld,,,Round 1,2021-04-25,Harley Fjeld,,Willow Park,Blue Tees,56,18,3,11:50:00,81,25,666,150,True,False,18,81,True,True,True
49941,2021,FA1,2,362226,name:harley fjeld,,,Round 2,2021-04-25,Harley Fjeld,,Willow Park,Blue Tees,56,18,5,12:10:00,69,13,793,150,True,False,18,69,True,True,True
49941,2021,FA1,2,362226,165174,165174,718,Round 2,2021-04-25,Kiree LaPointe,,Willow Park,Blue Tees,56,18,4,12:10:00,76,20,719,155,True,False,18,76,True,True,True
49941,2021,FA1,2,362226,94272,94272,753,Round 2,2021-04-25,Gabrielle Pozzani,818,Willow Park,Blue Tees,56,18,1,11:50:00,888,832,,888,True,False,0,,False,False,False
49941,2021,FA2,1,362221,161120,161120,,Round 1,2021-04-25,Lela Fitzpatrick,,Willow Park,Red Tees,56,18,2,09:00:00,64,8,725,134,True,False,18,64,True,True,True
49941,2021,FA2,1,362221,159333,159333,,Round 1,2021-04-25,Laura Rajnak,,Willow Park,Red Tees,56,18,1,09:00:00,65,9,712,132,True,False,18,65,True,True,True
49941,2021,FA2,1,362221,161647,161647,,Round 1,2021-04-25,Michele Sargent,611,Willow Park,Red Tees,56,18,3,09:00:00,71,15,631,137,True,False,18,71,True,True,True
49941,2021,FA2,2,362221,159333,159333,,Round 2,2021-04-25,Laura Rajnak,,Willow Park,Red Tees,56,18,2,09:00:00,67,11,685,132,True,False,18,67,True,True,True
49941,2021,FA2,2,362221,161120,161120,,Round 2,2021-04-25,Lela Fitzpatrick,,Willow Park,Red Tees,56,18,1,09:00:00,70,14,644,134,True,False,18,70,True,True,True
49941,2021,FA2,2,362221,161647,161647,,Round 2,2021-04-25,Michele Sargent,611,Willow Park,Red Tees,56,18,3,09:00:00,66,10,698,137,True,False,18,66,True,True,True
49941,2021,FA3,1,362221,name:grace eldred,,,Round 1,2021-04-25,Grace Eldred,,Willow Park,Red Tees,56,18,4,09:00:00,85,29,443,163,True,False,18,85,True,True,True
49941,2021,FA3,2,362221,name:grace eldred,,,Round 2,2021-04-25,Grace Eldred,,Willow Park,Red Tees,56,18,4,09:00:00,78,22,537,163,True,False,18,78,True,True,True
49941,2021,FPO,1,362226,69552,69552,791,Round 1,2021-04-25,Christy Betit,807,Willow Park,Blue Tees,56,18,1,13:40:00,67,11,814,138,True,False,18,67,True,True,True
49941,2021,FPO,1,362226,132857,132857,826,Round 1,2021-04-25,Serena Lamson,,Willow Park,Blue Tees,56,18,2,13:40:00,73,17,750,138,True,False,18,73,True,True,True
49941,2021,FPO,2,362226,69552,69552,791,Round 2,2021-04-25,Christy Betit,807,Willow Park,Blue Tees,56,18,3,13:40:00,71,15,772,138,True,False,18,71,True,True,True
49941,2021,FPO,2,362226,132857,132857,826,Round 2,2021-04-25,Serena Lamson,,Willow Park,Blue Tees,56,18,4,13:40:00,65,9,835,138,True,False,18,65,True,True,True
49941,2021,MA1,1,362226,124607,124607,957,Round 1,2021-04-25,Gillis MacDougall,1007,Willow Park,Blue Tees,56,18,2,12:40:00,49,-7,1003,102,True,False,18,49,True,True,True
49941,2021,MA1,1,362226,106294,106294,907,Round 1,2021-04-25,Scott McCamp,,Willow Park,Blue Tees,56,18,3,12:00:00,54,-2,950,116,True,False,18,54,True,True,True
49941,2021,MA1,1,362226,118928,118928,926,Round 1,2021-04-25,Tyler Pomichter,926,Willow Park,Blue Tees,56,18,2,12:50:00,55,-1,940,108,True,False,18,55,True,True,True
49941,2021,MA1,1,362226,136921,136921,803,Round 1,2021-04-25,Blake Fletcher,,Willow Park,Blue Tees,56,18,2,12:20:00,55,-1,940,117,True,False,18,55,True,True,True
49941,2021,MA1,1,362226,100885,100885,919,Round 1,2021-04-25,Jacob Moore,945,Willow Park,Blue Tees,56,18,1,12:10:00,56,0,929,112,True,False,18,56,True,True,True
49941,2021,MA1,1,362226,95666,95666,888,Round 1,2021-04-25,Ryan Gariboldi,,Willow Park,Blue Tees,56,18,1,12:50:00,57,1,919,109,True,False,18,57,True,True,True
49941,2021,MA1,1,362226,157191,157191,,Round 1,2021-04-25,Ben Riendeau,,Willow Park,Blue Tees,56,18,3,12:40:00,57,1,919,113,True,False,18,57,True,True,True
49941,2021,MA1,1,362226,168715,168715,,Round 1,2021-04-25,John Kirby,939,Willow Park,Blue Tees,56,18,4,12:50:00,57,1,919,116,True,False,18,57,True,True,True
49941,2021,MA1,1,362226,136937,136937,890,Round 1,2021-04-25,Zach Bossier,,Willow Park,Blue Tees,56,18,4,12:10:00,58,2,908,114,True,False,18,58,True,True,True
49941,2021,MA1,1,362226,146710,146710,880,Round 1,2021-04-25,Nicholas Laurendeau,,Willow Park,Blue Tees,56,18,3,12:50:00,58,2,908,115,True,False,18,58,True,True,True
49941,2021,MA1,1,362226,54361,54361,912,Round 1,2021-04-25,Tony Malikowski,,Willow Park,Blue Tees,56,18,1,12:20:00,59,3,898,114,True,False,18,59,True,True,True
49941,2021,MA1,1,362226,96355,96355,905,Round 1,2021-04-25,Louis Annino,906,Willow Park,Blue Tees,56,18,4,13:10:00,59,3,898,118,True,False,18,59,True,True,True
49941,2021,MA1,1,362226,109527,109527,890,Round 1,2021-04-25,Mike Wenzel,901,Willow Park,Blue Tees,56,18,2,12:10:00,59,3,898,124,True,False,18,59,True,True,True
49941,2021,MA1,1,362226,147788,147788,950,Round 1,2021-04-25,Dan Cornellier,939,Willow Park,Blue Tees,56,18,3,13:10:00,59,3,898,117,True,False,18,59,True,True,True
49941,2021,MA1,1,362226,name:ryan jeskie,,,Round 1,2021-04-25,Ryan Jeskie,,Willow Park,Blue Tees,56,18,4,12:40:00,59,3,898,120,True,False,18,59,True,True,True
49941,2021,MA1,1,362226,110707,110707,919,Round 1,2021-04-25,Jason Wilson,927,Willow Park,Blue Tees,56,18,3,12:10:00,60,4,887,122,True,False,18,60,True,True,True
49941,2021,MA1,1,362226,131201,131201,898,Round 1,2021-04-25,Tyler LaPerle,973,Willow Park,Blue Tees,56,18,3,12:30:00,60,4,887,121,True,False,18,60,True,True,True
49941,2021,MA1,1,362226,50816,50816,859,Round 1,2021-04-25,Tristan Whitehouse,,Willow Park,Blue Tees,56,18,1,13:10:00,61,5,877,124,True,False,18,61,True,True,True
49941,2021,MA1,1,362226,89829,89829,897,Round 1,2021-04-25,Garrett Washburn,923,Willow Park,Blue Tees,56,18,2,13:10:00,61,5,877,121,True,False,18,61,True,True,True
49941,2021,MA1,1,362226,106751,106751,901,Round 1,2021-04-25,Jeffrey Abbott,952,Willow Park,Blue Tees,56,18,1,12:00:00,61,5,877,121,True,False,18,61,True,True,True
49941,2021,MA1,1,362226,109604,109604,904,Round 1,2021-04-25,Jeremy Hulsey,914,Willow Park,Blue Tees,56,18,1,12:40:00,61,5,877,119,True,False,18,61,True,True,True
49941,2021,MA1,1,362226,118932,118932,854,Round 1,2021-04-25,Brew Reed,,Willow Park,Blue Tees,56,18,3,13:00:00,62,6,866,119,True,False,18,62,True,True,True
49941,2021,MA1,1,362226,name:nicholas garvey,,,Round 1,2021-04-25,Nicholas Garvey,,Willow Park,Blue Tees,56,18,4,12:00:00,62,6,866,124,True,False,18,62,True,True,True
49941,2021,MA1,1,362226,75520,75520,907,Round 1,2021-04-25,Frank Nick,935,Willow Park,Blue Tees,56,18,1,12:30:00,63,7,856,114,True,False,18,63,True,True,True
49941,2021,MA1,1,362226,96154,96154,863,Round 1,2021-04-25,Travis Jacques,871,Willow Park,Blue Tees,56,18,1,13:00:00,63,7,856,121,True,False,18,63,True,True,True
49941,2021,MA1,1,362226,141230,141230,,Round 1,2021-04-25,Matt Cote,,Willow Park,Blue Tees,56,18,4,12:30:00,63,7,856,191,True,False,18,63,True,True,True
49941,2021,MA1,1,362226,169825,169825,,Round 1,2021-04-25,Gregory Tatro,,Willow Park,Blue Tees,56,18,3,12:20:00,64,8,845,125,True,False,18,64,True,True,True
49941,2021,MA1,1,362226,name:dj parker,,,Round 1,2021-04-25,DJ Parker,,Willow Park,Blue Tees,56,18,4,12:20:00,64,8,845,120,True,False,18,64,True,True,True
49941,2021,MA1,1,362226,125328,125328,877,Round 1,2021-04-25,Dana Carpenter,,Willow Park,Blue Tees,56,18,2,12:30:00,65,9,835,124,True,False,18,65,True,True,True
49941,2021,MA1,1,362226,136942,136942,833,Round 1,2021-04-25,Christopher Larock,,Willow Park,Blue Tees,56,18,2,12:00:00,65,9,835,132,True,False,18,65,True,True,True
49941,2021,MA1,1,362226,118694,118694,854,Round 1,2021-04-25,Jordan Patterson,,Willow Park,Blue Tees,56,18,2,13:00:00,66,10,824,123,True,False,18,66,True,True,True
49941,2021,MA1,1,362226,133983,133983,888,Round 1,2021-04-25,Shane Sassone,,Willow Park,Blue Tees,56,18,4,13:00:00,69,13,793,131,True,False,18,69,True,True,True
49941,2021,MA1,2,362226,124607,124607,957,Round 2,2021-04-25,Gillis MacDougall,1007,Willow Park,Blue Tees,56,18,1,13:20:00,53,-3,961,102,True,False,18,53,True,True,True
49941,2021,MA1,2,362226,118928,118928,926,Round 2,2021-04-25,Tyler Pomichter,926,Willow Park,Blue Tees,56,18,3,13:20:00,53,-3,961,108,True,False,18,53,True,True,True
49941,2021,MA1,2,362226,95666,95666,888,Round 2,2021-04-25,Ryan Gariboldi,,Willow Park,Blue Tees,56,18,2,13:10:00,52,-4,972,109,True,False,18,52,True,True,True
49941,2021,MA1,2,362226,100885,100885,919,Round 2,2021-04-25,Jacob Moore,945,Willow Park,Blue Tees,56,18,1,13:10:00,56,0,929,112,True,False,18,56,True,True,True
49941,2021,MA1,2,362226,157191,157191,,Round 2,2021-04-25,Ben Riendeau,,Willow Park,Blue Tees,56,18,3,13:10:00,56,0,929,113,True,False,18,56,True,True,True
49941,2021,MA1,2,362226,75520,75520,907,Round 2,2021-04-25,Frank Nick,935,Willow Park,Blue Tees,56,18,4,12:30:00,51,-5,982,114,True,False,18,51,True,True,True
49941,2021,MA1,2,362226,54361,54361,912,Round 2,2021-04-25,Tony Malikowski,,Willow Park,Blue Tees,56,18,3,13:00:00,55,-1,940,114,True,False,18,55,True,True,True
49941,2021,MA1,2,362226,136937,136937,890,Round 2,2021-04-25,Zach Bossier,,Willow Park,Blue Tees,56,18,1,13:00:00,56,0,929,114,True,False,18,56,True,True,True
49941,2021,MA1,2,362226,146710,146710,880,Round 2,2021-04-25,Nicholas Laurendeau,,Willow Park,Blue Tees,56,18,2,13:00:00,57,1,919,115,True,False,18,57,True,True,True
49941,2021,MA1,2,362226,168715,168715,,Round 2,2021-04-25,John Kirby,939,Willow Park,Blue Tees,56,18,4,13:10:00,59,3,898,116,True,False,18,59,True,True,True
49941,2021,MA1,2,362226,106294,106294,907,Round 2,2021-04-25,Scott McCamp,,Willow Park,Blue Tees,56,18,2,13:20:00,62,6,866,116,True,False,18,62,True,True,True
49941,2021,MA1,2,362226,147788,147788,950,Round 2,2021-04-25,Dan Cornellier,939,Willow Park,Blue Tees,56,18,2,12:50:00,58,2,908,117,True,False,18,58,True,True,True
49941,2021,MA1,2,362226,136921,136921,803,Round 2,2021-04-25,Blake Fletcher,,Willow Park,Blue Tees,56,18,4,13:20:00,62,6,866,117,True,False,18,62,True,True,True
49941,2021,MA1,2,362226,96355,96355,905,Round 2,2021-04-25,Louis Annino,906,Willow Park,Blue Tees,56,18,4,13:00:00,59,3,898,118,True,False,18,59,True,True,True
49941,2021,MA1,2,362226,118932,118932,854,Round 2,2021-04-25,Brew Reed,,Willow Park,Blue Tees,56,18,2,12:30:00,57,1,919,119,True,False,18,57,True,True,True
49941,2021,MA1,2,362226,109604,109604,904,Round 2,2021-04-25,Jeremy Hulsey,914,Willow Park,Blue Tees,56,18,1,12:30:00,58,2,908,119,True,False,18,58,True,True,True
49941,2021,MA1,2,362226,name:dj parker,,,Round 2,2021-04-25,DJ Parker,,Willow Park,Blue Tees,56,18,4,12:20:00,56,0,929,120,True,False,18,56,True,True,True
49941,2021,MA1,2,362226,name:ryan jeskie,,,Round 2,2021-04-25,Ryan Jeskie,,Willow Park,Blue Tees,56,18,3,12:50:00,61,5,877,120,True,False,18,61,True,True,True
49941,2021,MA1,2,362226,96154,96154,863,Round 2,2021-04-25,Travis Jacques,871,Willow Park,Blue Tees,56,18,1,12:20:00,58,2,908,121,True,False,18,58,True,True,True
49941,2021,MA1,2,362226,89829,89829,897,Round 2,2021-04-25,Garrett Washburn,923,Willow Park,Blue Tees,56,18,3,12:40:00,60,4,887,121,True,False,18,60,True,True,True
49941,2021,MA1,2,362226,106751,106751,901,Round 2,2021-04-25,Jeffrey Abbott,952,Willow Park,Blue Tees,56,18,4,12:40:00,60,4,887,121,True,False,18,60,True,True,True
49941,2021,MA1,2,362226,131201,131201,898,Round 2,2021-04-25,Tyler LaPerle,973,Willow Park,Blue Tees,56,18,1,12:40:00,61,5,877,121,True,False,18,61,True,True,True
49941,2021,MA1,2,362226,110707,110707,919,Round 2,2021-04-25,Jason Wilson,927,Willow Park,Blue Tees,56,18,4,12:50:00,62,6,866,122,True,False,18,62,True,True,True
49941,2021,MA1,2,362226,118694,118694,854,Round 2,2021-04-25,Jordan Patterson,,Willow Park,Blue Tees,56,18,2,12:10:00,57,1,919,123,True,False,18,57,True,True,True
49941,2021,MA1,2,362226,125328,125328,877,Round 2,2021-04-25,Dana Carpenter,,Willow Park,Blue Tees,56,18,5,12:20:00,59,3,898,124,True,False,18,59,True,True,True
49941,2021,MA1,2,362226,name:nicholas garvey,,,Round 2,2021-04-25,Nicholas Garvey,,Willow Park,Blue Tees,56,18,3,12:30:00,62,6,866,124,True,False,18,62,True,True,True
49941,2021,MA1,2,362226,50816,50816,859,Round 2,2021-04-25,Tristan Whitehouse,,Willow Park,Blue Tees,56,18,2,12:40:00,63,7,856,124,True,False,18,63,True,True,True
49941,2021,MA1,2,362226,109527,109527,890,Round 2,2021-04-25,Mike Wenzel,901,Willow Park,Blue Tees,56,18,1,12:50:00,65,9,835,124,True,False,18,65,True,True,True
49941,2021,MA1,2,362226,169825,169825,,Round 2,2021-04-25,Gregory Tatro,,Willow Park,Blue Tees,56,18,3,12:20:00,61,5,877,125,True,False,18,61,True,True,True
49941,2021,MA1,2,362226,133983,133983,888,Round 2,2021-04-25,Shane Sassone,,Willow Park,Blue Tees,56,18,3,12:10:00,62,6,866,131,True,False,18,62,True,True,True
49941,2021,MA1,2,362226,136942,136942,833,Round 2,2021-04-25,Christopher Larock,,Willow Park,Blue Tees,56,18,1,12:10:00,67,11,814,132,True,False,18,67,True,True,True
49941,2021,MA1,2,362226,141230,141230,,Round 2,2021-04-25,Matt Cote,,Willow Park,Blue Tees,56,18,2,12:20:00,128,72,171,191,True,False,18,128,True,True,True
49941,2021,MA2,1,362226,111643,111643,872,Round 1,2021-04-25,Finn Etter,1013,Willow Park,Blue Tees,56,18,3,10:50:00,54,-2,950,110,True,False,18,54,True,True,True
49941,2021,MA2,1,362226,159224,159224,,Round 1,2021-04-25,Bryce McKim,,Willow Park,Blue Tees,56,18,1,10:00:00,55,-1,940,109,True,False,18,55,True,True,True
49941,2021,MA2,1,362226,122461,122461,918,Round 1,2021-04-25,Trevor Dakers,,Willow Park,Blue Tees,56,18,2,10:40:00,56,0,929,108,True,False,18,56,True,True,True
49941,2021,MA2,1,362226,105845,105845,841,Round 1,2021-04-25,Joe Noel,,Willow Park,Blue Tees,56,18,3,09:30:00,57,1,919,116,True,False,18,57,True,True,True
49941,2021,MA2,1,362226,145052,145052,901,Round 1,2021-04-25,Jordan Mundell,919,Willow Park,Blue Tees,56,18,2,10:10:00,57,1,919,119,True,False,18,57,True,True,True
49941,2021,MA2,1,362226,26235,26235,840,Round 1,2021-04-25,Adam Silva,843,Willow Park,Blue Tees,56,18,2,10:30:00,58,2,908,115,True,False,18,58,True,True,True
49941,2021,MA2,1,362226,169393,169393,,Round 1,2021-04-25,Aidan Trombley,977,Willow Park,Blue Tees,56,18,4,10:40:00,58,2,908,115,True,False,18,58,True,True,True
49941,2021,MA2,1,362226,100295,100295,851,Round 1,2021-04-25,Jeremy Briggs,,Willow Park,Blue Tees,56,18,1,09:30:00,59,3,898,122,True,False,18,59,True,True,True
49941,2021,MA2,1,362226,144924,144924,891,Round 1,2021-04-25,Jason Joseph,,Willow Park,Blue Tees,56,18,3,10:40:00,59,3,898,114,True,False,18,59,True,True,True
49941,2021,MA2,1,362226,147547,147547,852,Round 1,2021-04-25,David Wicker,,Willow Park,Blue Tees,56,18,1,09:50:00,59,3,898,119,True,False,18,59,True,True,True
49941,2021,MA2,1,362226,168663,168663,,Round 1,2021-04-25,Austin Neddo,,Willow Park,Blue Tees,56,18,4,10:30:00,59,3,898,116,True,False,18,59,True,True,True
49941,2021,MA2,1,362226,name:ian coyne,,,Round 1,2021-04-25,Ian Coyne,,Willow Park,Blue Tees,56,18,3,09:10:00,59,3,898,114,True,False,18,59,True,True,True
49941,2021,MA2,1,362226,145453,145453,878,Round 1,2021-04-25,Marshall Cherry,933,Willow Park,Blue Tees,56,18,2,09:20:00,60,4,887,119,True,False,18,60,True,True,True
49941,2021,MA2,1,362226,167411,167411,,Round 1,2021-04-25,Brian McHugh,,Willow Park,Blue Tees,56,18,4,10:50:00,60,4,887,127,True,False,18,60,True,True,True
49941,2021,MA2,1,362226,127782,127782,854,Round 1,2021-04-25,Ryan Phillips,875,Willow Park,Blue Tees,56,18,2,10:20:00,62,6,866,124,True,False,18,62,True,True,True
49941,2021,MA2,1,362226,137736,137736,804,Round 1,2021-04-25,Logan Cooke,880,Willow Park,Blue Tees,56,18,1,09:10:00,62,6,866,118,True,False,18,62,True,True,True
49941,2021,MA2,1,362226,140272,140272,874,Round 1,2021-04-25,Seth Tilford,,Willow Park,Blue Tees,56,18,2,09:30:00,62,6,866,118,True,False,18,62,True,True,True
49941,2021,MA2,1,362226,144983,144983,852,Round 1,2021-04-25,Wilson Kondracki,936,Willow Park,Blue Tees,56,18,1,10:10:00,62,6,866,122,True,False,18,62,True,True,True
49941,2021,MA2,1,362226,169100,169100,,Round 1,2021-04-25,Peter Huang,,Willow Park,Blue Tees,56,18,4,10:10:00,62,6,866,124,True,False,18,62,True,True,True
49941,2021,MA2,1,362226,173058,173058,,Round 1,2021-04-25,Brandon Allaire,950,Willow Park,Blue Tees,56,18,4,09:30:00,62,6,866,120,True,False,18,62,True,True,True
49941,2021,MA2,1,362226,176037,176037,,Round 1,2021-04-25,David Flight,,Willow Park,Blue Tees,56,18,4,09:50:00,62,6,866,115,True,False,18,62,True,True,True
49941,2021,MA2,1,362226,name:trent reed,,,Round 1,2021-04-25,Trent Reed,,Willow Park,Blue Tees,56,18,4,09:20:00,62,6,866,128,True,False,18,62,True,True,True
49941,2021,MA2,1,362226,63896,63896,785,Round 1,2021-04-25,Ross King,899,Willow Park,Blue Tees,56,18,4,09:10:00,63,7,856,124,True,False,18,63,True,True,True
49941,2021,MA2,1,362226,161895,161895,,Round 1,2021-04-25,Nicholas Bohmer,,Willow Park,Blue Tees,56,18,3,09:50:00,63,7,856,125,True,False,18,63,True,True,True
49941,2021,MA2,1,362226,164158,164158,,Round 1,2021-04-25,Alex Raub,,Willow Park,Blue Tees,56,18,2,10:00:00,63,7,856,121,True,False,18,63,True,True,True
49941,2021,MA2,1,362226,120760,120760,815,Round 1,2021-04-25,Adam McAvoy,,Willow Park,Blue Tees,56,18,1,10:40:00,64,8,845,125,True,False,18,64,True,True,True
49941,2021,MA2,1,362226,name:ryan lanahan,,,Round 1,2021-04-25,Ryan Lanahan,,Willow Park,Blue Tees,56,18,1,10:30:00,64,8,845,127,True,False,18,64,True,True,True
49941,2021,MA2,1,362226,106970,106970,827,Round 1,2021-04-25,Stefan Farrell,852,Willow Park,Blue Tees,56,18,1,10:50:00,65,9,835,133,True,False,18,65,True,True,True
49941,2021,MA2,1,362226,128700,128700,841,Round 1,2021-04-25,Peter McCarthy,,Willow Park,Blue Tees,56,18,1,09:20:00,65,9,835,130,True,False,18,65,True,True,True
49941,2021,MA2,1,362226,137984,137984,861,Round 1,2021-04-25,Tristan Bryce,,Willow Park,Blue Tees,56,18,4,09:40:00,65,9,835,130,True,False,18,65,True,True,True
49941,2021,MA2,1,362226,140134,140134,,Round 1,2021-04-25,Ryan Johnson,,Willow Park,Blue Tees,56,18,4,10:20:00,65,9,835,127,True,False,18,65,True,True,True
49941,2021,MA2,1,362226,169600,169600,,Round 1,2021-04-25,Trevor Bryce,901,Willow Park,Blue Tees,56,18,3,09:20:00,65,9,835,126,True,False,18,65,True,True,True
49941,2021,MA2,1,362226,161510,161510,,Round 1,2021-04-25,TJ Rubin,919,Willow Park,Blue Tees,56,18,2,09:40:00,66,10,824,121,True,False,18,66,True,True,True
49941,2021,MA2,1,362226,163523,163523,,Round 1,2021-04-25,Landon Desroches,866,Willow Park,Blue Tees,56,18,3,09:40:00,66,10,824,127,True,False,18,66,True,True,True
49941,2021,MA2,1,362226,148187,148187,846,Round 1,2021-04-25,Evan Miller,874,Willow Park,Blue Tees,56,18,2,09:50:00,67,11,814,132,True,False,18,67,True,True,True
49941,2021,MA2,1,362226,181208,181208,,Round 1,2021-04-25,James Gratton,,Willow Park,Blue Tees,56,18,4,10:00:00,67,11,814,136,True,False,18,67,True,True,True
49941,2021,MA2,1,362226,93062,93062,877,Round 1,2021-04-25,Tom Slimm,,Willow Park,Blue Tees,56,18,1,10:20:00,68,12,803,130,True,False,18,68,True,True,True
49941,2021,MA2,1,362226,129859,129859,824,Round 1,2021-04-25,Seth Marcil,944,Willow Park,Blue Tees,56,18,3,10:20:00,69,13,793,126,True,False,18,69,True,True,True
49941,2021,MA2,1,362226,138183,138183,828,Round 1,2021-04-25,Chauncey Germain,926,Willow Park,Blue Tees,56,18,3,10:30:00,69,13,793,130,True,False,18,69,True,True,True
49941,2021,MA2,1,362226,144570,144570,783,Round 1,2021-04-25,Alcide Bullett,,Willow Park,Blue Tees,56,18,1,09:40:00,73,17,750,140,True,False,18,73,True,True,True
49941,2021,MA2,1,362226,141253,141253,734,Round 1,2021-04-25,Braden Edwards,,Willow Park,Blue Tees,56,18,2,09:10:00,74,18,740,143,True,False,18,74,True,True,True
49941,2021,MA2,1,362226,name:josh benoit,,,Round 1,2021-04-25,Josh Benoit,,Willow Park,Blue Tees,56,18,3,10:00:00,78,22,698,147,True,False,18,78,True,True,True
49941,2021,MA2,2,362226,122461,122461,918,Round 2,2021-04-25,Trevor Dakers,,Willow Park,Blue Tees,56,18,3,10:50:00,52,-4,972,108,True,False,18,52,True,True,True
49941,2021,MA2,2,362226,159224,159224,,Round 2,2021-04-25,Bryce McKim,,Willow Park,Blue Tees,56,18,2,10:50:00,54,-2,950,109,True,False,18,54,True,True,True
49941,2021,MA2,2,362226,111643,111643,872,Round 2,2021-04-25,Finn Etter,1013,Willow Park,Blue Tees,56,18,1,10:50:00,56,0,929,110,True,False,18,56,True,True,True
49941,2021,MA2,2,362226,144924,144924,891,Round 2,2021-04-25,Jason Joseph,,Willow Park,Blue Tees,56,18,1,10:30:00,55,-1,940,114,True,False,18,55,True,True,True
49941,2021,MA2,2,362226,name:ian coyne,,,Round 2,2021-04-25,Ian Coyne,,Willow Park,Blue Tees,56,18,4,10:30:00,55,-1,940,114,True,False,18,55,True,True,True
49941,2021,MA2,2,362226,176037,176037,,Round 2,2021-04-25,David Flight,,Willow Park,Blue Tees,56,18,1,10:00:00,53,-3,961,115,True,False,18,53,True,True,True
49941,2021,MA2,2,362226,26235,26235,840,Round 2,2021-04-25,Adam Silva,843,Willow Park,Blue Tees,56,18,2,10:40:00,57,1,919,115,True,False,18,57,True,True,True
49941,2021,MA2,2,362226,169393,169393,,Round 2,2021-04-25,Aidan Trombley,977,Willow Park,Blue Tees,56,18,3,10:40:00,57,1,919,115,True,False,18,57,True,True,True
49941,2021,MA2,2,362226,168663,168663,,Round 2,2021-04-25,Austin Neddo,,Willow Park,Blue Tees,56,18,3,10:30:00,57,1,919,116,True,False,18,57,True,True,True
49941,2021,MA2,2,362226,105845,105845,841,Round 2,2021-04-25,Joe Noel,,Willow Park,Blue Tees,56,18,1,10:40:00,59,3,898,116,True,False,18,59,True,True,True
49941,2021,MA2,2,362226,137736,137736,804,Round 2,2021-04-25,Logan Cooke,880,Willow Park,Blue Tees,56,18,4,10:20:00,56,0,929,118,True,False,18,56,True,True,True
49941,2021,MA2,2,362226,140272,140272,874,Round 2,2021-04-25,Seth Tilford,,Willow Park,Blue Tees,56,18,1,10:10:00,56,0,929,118,True,False,18,56,True,True,True
49941,2021,MA2,2,362226,145453,145453,878,Round 2,2021-04-25,Marshall Cherry,933,Willow Park,Blue Tees,56,18,1,10:20:00,59,3,898,119,True,False,18,59,True,True,True
49941,2021,MA2,2,362226,147547,147547,852,Round 2,2021-04-25,David Wicker,,Willow Park,Blue Tees,56,18,2,10:30:00,60,4,887,119,True,False,18,60,True,True,True
49941,2021,MA2,2,362226,145052,145052,901,Round 2,2021-04-25,Jordan Mundell,919,Willow Park,Blue Tees,56,18,4,10:50:00,62,6,866,119,True,False,18,62,True,True,True
49941,2021,MA2,2,362226,173058,173058,,Round 2,2021-04-25,Brandon Allaire,950,Willow Park,Blue Tees,56,18,4,10:10:00,58,2,908,120,True,False,18,58,True,True,True
49941,2021,MA2,2,362226,161510,161510,,Round 2,2021-04-25,TJ Rubin,919,Willow Park,Blue Tees,56,18,1,09:30:00,55,-1,940,121,True,False,18,55,True,True,True
49941,2021,MA2,2,362226,164158,164158,,Round 2,2021-04-25,Alex Raub,,Willow Park,Blue Tees,56,18,4,10:00:00,58,2,908,121,True,False,18,58,True,True,True
49941,2021,MA2,2,362226,144983,144983,852,Round 2,2021-04-25,Wilson Kondracki,936,Willow Park,Blue Tees,56,18,2,10:10:00,60,4,887,122,True,False,18,60,True,True,True
49941,2021,MA2,2,362226,100295,100295,851,Round 2,2021-04-25,Jeremy Briggs,,Willow Park,Blue Tees,56,18,4,10:40:00,63,7,856,122,True,False,18,63,True,True,True
49941,2021,MA2,2,362226,63896,63896,785,Round 2,2021-04-25,Ross King,899,Willow Park,Blue Tees,56,18,1,09:50:00,61,5,877,124,True,False,18,61,True,True,True
49941,2021,MA2,2,362226,127782,127782,854,Round 2,2021-04-25,Ryan Phillips,875,Willow Park,Blue Tees,56,18,3,10:20:00,62,6,866,124,True,False,18,62,True,True,True
49941,2021,MA2,2,362226,169100,169100,,Round 2,2021-04-25,Peter Huang,,Willow Park,Blue Tees,56,18,3,10:10:00,62,6,866,124,True,False,18,62,True,True,True
49941,2021,MA2,2,362226,120760,120760,815,Round 2,2021-04-25,Adam McAvoy,,Willow Park,Blue Tees,56,18,2,09:50:00,61,5,877,125,True,False,18,61,True,True,True
49941,2021,MA2,2,362226,161895,161895,,Round 2,2021-04-25,Nicholas Bohmer,,Willow Park,Blue Tees,56,18,3,10:00:00,62,6,866,125,True,False,18,62,True,True,True
49941,2021,MA2,2,362226,129859,129859,824,Round 2,2021-04-25,Seth Marcil,944,Willow Park,Blue Tees,56,18,2,09:20:00,57,1,919,126,True,False,18,57,True,True,True
49941,2021,MA2,2,362226,169600,169600,,Round 2,2021-04-25,Trevor Bryce,901,Willow Park,Blue Tees,56,18,4,09:40:00,61,5,877,126,True,False,18,61,True,True,True
49941,2021,MA2,2,362226,163523,163523,,Round 2,2021-04-25,Landon Desroches,866,Willow Park,Blue Tees,56,18,2,09:30:00,61,5,877,127,True,False,18,61,True,True,True
49941,2021,MA2,2,362226,140134,140134,,Round 2,2021-04-25,Ryan Johnson,,Willow Park,Blue Tees,56,18,3,09:40:00,62,6,866,127,True,False,18,62,True,True,True
49941,2021,MA2,2,362226,name:ryan lanahan,,,Round 2,2021-04-25,Ryan Lanahan,,Willow Park,Blue Tees,56,18,3,09:50:00,63,7,856,127,True,False,18,63,True,True,True
49941,2021,MA2,2,362226,167411,167411,,Round 2,2021-04-25,Brian McHugh,,Willow Park,Blue Tees,56,18,2,10:20:00,67,11,814,127,True,False,18,67,True,True,True
49941,2021,MA2,2,362226,name:trent reed,,,Round 2,2021-04-25,Trent Reed,,Willow Park,Blue Tees,56,18,2,10:00:00,66,10,824,128,True,False,18,66,True,True,True
49941,2021,MA2,2,362226,138183,138183,828,Round 2,2021-04-25,Chauncey Germain,926,Willow Park,Blue Tees,56,18,3,09:20:00,61,5,877,130,True,False,18,61,True,True,True
49941,2021,MA2,2,362226,93062,93062,877,Round 2,2021-04-25,Tom Slimm,,Willow Park,Blue Tees,56,18,1,09:20:00,62,6,866,130,True,False,18,62,True,True,True
49941,2021,MA2,2,362226,128700,128700,841,Round 2,2021-04-25,Peter McCarthy,,Willow Park,Blue Tees,56,18,1,09:40:00,65,9,835,130,True,False,18,65,True,True,True
49941,2021,MA2,2,362226,137984,137984,861,Round 2,2021-04-25,Tristan Bryce,,Willow Park,Blue Tees,56,18,2,09:40:00,65,9,835,130,True,False,18,65,True,True,True
49941,2021,MA2,2,362226,148187,148187,846,Round 2,2021-04-25,Evan Miller,874,Willow Park,Blue Tees,56,18,3,09:30:00,65,9,835,132,True,False,18,65,True,True,True
49941,2021,MA2,2,362226,106970,106970,827,Round 2,2021-04-25,Stefan Farrell,852,Willow Park,Blue Tees,56,18,4,09:50:00,68,12,803,133,True,False,18,68,True,True,True
49941,2021,MA2,2,362226,181208,181208,,Round 2,2021-04-25,James Gratton,,Willow Park,Blue Tees,56,18,4,09:30:00,69,13,793,136,True,False,18,69,True,True,True
49941,2021,MA2,2,362226,144570,144570,783,Round 2,2021-04-25,Alcide Bullett,,Willow Park,Blue Tees,56,18,1,09:10:00,67,11,814,140,True,False,18,67,True,True,True
49941,2021,MA2,2,362226,141253,141253,734,Round 2,2021-04-25,Braden Edwards,,Willow Park,Blue Tees,56,18,3,09:10:00,69,13,793,143,True,False,18,69,True,True,True
49941,2021,MA2,2,362226,name:josh benoit,,,Round 2,2021-04-25,Josh Benoit,,Willow Park,Blue Tees,56,18,4,09:10:00,69,13,793,147,True,False,18,69,True,True,True
49941,2021,MA3,1,362221,150432,150432,842,Round 1,2021-04-25,David Alvarez,865,Willow Park,Red Tees,56,18,1,08:10:00,50,-6,913,111,True,False,18,50,True,True,True
49941,2021,MA3,1,362221,113247,113247,807,Round 1,2021-04-25,Matthew Knauf,883,Willow Park,Red Tees,56,18,1,08:40:00,52,-4,886,111,True,False,18,52,True,True,True
49941,2021,MA3,1,362221,112821,112821,843,Round 1,2021-04-25,Ross O'Toole,917,Willow Park,Red Tees,56,18,1,08:50:00,54,-2,859,106,True,False,18,54,True,True,True
49941,2021,MA3,1,362221,163638,163638,,Round 1,2021-04-25,Kevin Jolin,888,Willow Park,Red Tees,56,18,2,08:00:00,54,-2,859,105,True,False,18,54,True,True,True
49941,2021,MA3,1,362221,133165,133165,873,Round 1,2021-04-25,Nathan Hamlett,926,Willow Park,Red Tees,56,18,2,08:40:00,55,-1,846,110,True,False,18,55,True,True,True
49941,2021,MA3,1,362221,160089,160089,,Round 1,2021-04-25,Sean Cain,,Willow Park,Red Tees,56,18,2,08:50:00,56,0,832,115,True,False,18,56,True,True,True
49941,2021,MA3,1,362221,172381,172381,,Round 1,2021-04-25,Theodore Cannavo,,Willow Park,Red Tees,56,18,2,08:30:00,56,0,832,184,True,False,18,56,True,True,True
49941,2021,MA3,1,362221,146887,146887,817,Round 1,2021-04-25,Bryan Elsworth,839,Willow Park,Red Tees,56,18,3,08:40:00,57,1,819,113,True,False,18,57,True,True,True
49941,2021,MA3,1,362221,175929,175929,,Round 1,2021-04-25,Jordan Clark,,Willow Park,Red Tees,56,18,3,08:00:00,57,1,819,114,True,False,18,57,True,True,True
49941,2021,MA3,1,362221,179410,179410,,Round 1,2021-04-25,Jonathan Girard,,Willow Park,Red Tees,56,18,4,08:40:00,57,1,819,118,True,False,18,57,True,True,True
49941,2021,MA3,1,362221,name:jody clark,,,Round 1,2021-04-25,Jody Clark,,Willow Park,Red Tees,56,18,3,08:20:00,58,2,806,122,True,False,18,58,True,True,True
49941,2021,MA3,1,362221,175934,175934,,Round 1,2021-04-25,Rick Gariboldi,,Willow Park,Red Tees,56,18,3,08:30:00,59,3,792,118,True,False,18,59,True,True,True
49941,2021,MA3,1,362221,name:ethan eldred,,,Round 1,2021-04-25,Ethan Eldred,,Willow Park,Red Tees,56,18,3,08:10:00,59,3,792,112,True,False,18,59,True,True,True
49941,2021,MA3,1,362221,163691,163691,,Round 1,2021-04-25,Tim Callahan,867,Willow Park,Red Tees,56,18,1,08:30:00,61,5,765,119,True,False,18,61,True,True,True
49941,2021,MA3,1,362221,name:connor heald,,,Round 1,2021-04-25,Connor Heald,,Willow Park,Red Tees,56,18,4,08:10:00,61,5,765,113,True,False,18,61,True,True,True
49941,2021,MA3,1,362221,name:ethan jeskie,,,Round 1,2021-04-25,Ethan Jeskie,,Willow Park,Red Tees,56,18,4,08:50:00,62,6,752,123,True,False,18,62,True,True,True
49941,2021,MA3,1,362221,147975,147975,,Round 1,2021-04-25,David Kyslinger,,Willow Park,Red Tees,56,18,1,08:20:00,63,7,738,122,True,False,18,63,True,True,True
49941,2021,MA3,1,362221,160090,160090,,Round 1,2021-04-25,Thomas Holbrook,,Willow Park,Red Tees,56,18,3,08:50:00,63,7,738,127,True,False,18,63,True,True,True
49941,2021,MA3,1,362221,name:michael murray,,,Round 1,2021-04-25,Michael Murray,,Willow Park,Red Tees,56,18,4,08:30:00,63,7,738,120,True,False,18,63,True,True,True
49941,2021,MA3,1,362221,145666,145666,836,Round 1,2021-04-25,Wesley Pollock,,Willow Park,Red Tees,56,18,1,08:00:00,64,8,725,119,True,False,18,64,True,True,True
49941,2021,MA3,1,362221,172844,172844,,Round 1,2021-04-25,Jason Johnson,,Willow Park,Red Tees,56,18,2,08:20:00,66,10,698,888,True,False,18,66,True,True,True
49941,2021,MA3,1,362221,166710,166710,,Round 1,2021-04-25,Al LaPointe,,Willow Park,Red Tees,56,18,2,08:10:00,77,21,551,148,True,False,18,77,True,True,True
49941,2021,MA3,2,362221,163638,163638,,Round 2,2021-04-25,Kevin Jolin,888,Willow Park,Red Tees,56,18,4,08:50:00,51,-5,900,105,True,False,18,51,True,True,True
49941,2021,MA3,2,362221,112821,112821,843,Round 2,2021-04-25,Ross O'Toole,917,Willow Park,Red Tees,56,18,3,08:50:00,52,-4,886,106,True,False,18,52,True,True,True
49941,2021,MA3,2,362221,133165,133165,873,Round 2,2021-04-25,Nathan Hamlett,926,Willow Park,Red Tees,56,18,1,08:40:00,55,-1,846,110,True,False,18,55,True,True,True
49941,2021,MA3,2,362221,150432,150432,842,Round 2,2021-04-25,David Alvarez,865,Willow Park,Red Tees,56,18,1,08:50:00,61,5,765,111,True,False,18,61,True,True,True
49941,2021,MA3,2,362221,113247,113247,807,Round 2,2021-04-25,Matthew Knauf,883,Willow Park,Red Tees,56,18,2,08:50:00,59,3,792,111,True,False,18,59,True,True,True
49941,2021,MA3,2,362221,name:ethan eldred,,,Round 2,2021-04-25,Ethan Eldred,,Willow Park,Red Tees,56,18,4,08:30:00,53,-3,873,112,True,False,18,53,True,True,True
49941,2021,MA3,2,362221,name:connor heald,,,Round 2,2021-04-25,Connor Heald,,Willow Park,Red Tees,56,18,3,08:20:00,52,-4,886,113,True,False,18,52,True,True,True
49941,2021,MA3,2,362221,146887,146887,817,Round 2,2021-04-25,Bryan Elsworth,839,Willow Park,Red Tees,56,18,4,08:40:00,56,0,832,113,True,False,18,56,True,True,True
49941,2021,MA3,2,362221,175929,175929,,Round 2,2021-04-25,Jordan Clark,,Willow Park,Red Tees,56,18,1,08:30:00,57,1,819,114,True,False,18,57,True,True,True
49941,2021,MA3,2,362221,160089,160089,,Round 2,2021-04-25,Sean Cain,,Willow Park,Red Tees,56,18,2,08:40:00,59,3,792,115,True,False,18,59,True,True,True
49941,2021,MA3,2,362221,175934,175934,,Round 2,2021-04-25,Rick Gariboldi,,Willow Park,Red Tees,56,18,1,08:20:00,59,3,792,118,True,False,18,59,True,True,True
49941,2021,MA3,2,362221,179410,179410,,Round 2,2021-04-25,Jonathan Girard,,Willow Park,Red Tees,56,18,2,08:30:00,61,5,765,118,True,False,18,61,True,True,True
49941,2021,MA3,2,362221,145666,145666,836,Round 2,2021-04-25,Wesley Pollock,,Willow Park,Red Tees,56,18,4,08:10:00,55,-1,846,119,True,False,18,55,True,True,True
49941,2021,MA3,2,362221,163691,163691,,Round 2,2021-04-25,Tim Callahan,867,Willow Park,Red Tees,56,18,2,08:20:00,58,2,806,119,True,False,18,58,True,True,True
49941,2021,MA3,2,362221,name:michael murray,,,Round 2,2021-04-25,Michael Murray,,Willow Park,Red Tees,56,18,3,08:10:00,57,1,819,120,True,False,18,57,True,True,True
49941,2021,MA3,2,362221,147975,147975,,Round 2,2021-04-25,David Kyslinger,,Willow Park,Red Tees,56,18,1,08:10:00,59,3,792,122,True,False,18,59,True,True,True
49941,2021,MA3,2,362221,name:jody clark,,,Round 2,2021-04-25,Jody Clark,,Willow Park,Red Tees,56,18,3,08:30:00,64,8,725,122,True,False,18,64,True,True,True
49941,2021,MA3,2,362221,name:ethan jeskie,,,Round 2,2021-04-25,Ethan Jeskie,,Willow Park,Red Tees,56,18,4,08:20:00,61,5,765,123,True,False,18,61,True,True,True
49941,2021,MA3,2,362221,160090,160090,,Round 2,2021-04-25,Thomas Holbrook,,Willow Park,Red Tees,56,18,2,08:10:00,64,8,725,127,True,False,18,64,True,True,True
49941,2021,MA3,2,362221,166710,166710,,Round 2,2021-04-25,Al LaPointe,,Willow Park,Red Tees,56,18,2,08:00:00,71,15,631,148,True,False,18,71,True,True,True
49941,2021,MA3,2,362221,172381,172381,,Round 2,2021-04-25,Theodore Cannavo,,Willow Park,Red Tees,56,18,3,08:40:00,128,72,-134,184,True,False,18,128,True,True,True
49941,2021,MA3,2,362221,172844,172844,,Round 2,2021-04-25,Jason Johnson,,Willow Park,Red Tees,56,18,1,08:00:00,888,832,,888,True,False,0,,False,False,False
49941,2021,MA40,1,362226,36062,36062,893,Round 1,2021-04-25,Andrew Powell,852,Willow Park,Blue Tees,56,18,1,11:40:00,56,0,929,110,True,False,18,56,True,True,True
49941,2021,MA40,1,362226,135280,135280,928,Round 1,2021-04-25,Jim Abdou,,Willow Park,Blue Tees,56,18,4,11:40:00,58,2,908,114,True,False,18,58,True,True,True
49941,2021,MA40,1,362226,61570,61570,908,Round 1,2021-04-25,Chris Tolar,,Willow Park,Blue Tees,56,18,2,11:40:00,61,5,877,117,True,False,18,61,True,True,True
49941,2021,MA40,1,362226,94273,94273,884,Round 1,2021-04-25,Marques Pozzani,863,Willow Park,Blue Tees,56,18,3,11:40:00,62,6,866,128,True,False,18,62,True,True,True
49941,2021,MA40,1,362226,161644,161644,,Round 1,2021-04-25,Garrett Sargent,818,Willow Park,Blue Tees,56,18,5,11:40:00,71,15,772,135,True,False,18,71,True,True,True
49941,2021,MA40,2,362226,36062,36062,893,Round 2,2021-04-25,Andrew Powell,852,Willow Park,Blue Tees,56,18,1,11:40:00,54,-2,950,110,True,False,18,54,True,True,True
49941,2021,MA40,2,362226,135280,135280,928,Round 2,2021-04-25,Jim Abdou,,Willow Park,Blue Tees,56,18,2,11:40:00,56,0,929,114,True,False,18,56,True,True,True
49941,2021,MA40,2,362226,61570,61570,908,Round 2,2021-04-25,Chris Tolar,,Willow Park,Blue Tees,56,18,3,11:40:00,56,0,929,117,True,False,18,56,True,True,True
49941,2021,MA40,2,362226,94273,94273,884,Round 2,2021-04-25,Marques Pozzani,863,Willow Park,Blue Tees,56,18,4,11:40:00,66,10,824,128,True,False,18,66,True,True,True
49941,2021,MA40,2,362226,161644,161644,,Round 2,2021-04-25,Garrett Sargent,818,Willow Park,Blue Tees,56,18,5,11:40:00,64,8,845,135,True,False,18,64,True,True,True
49941,2021,MA50,1,362226,166239,166239,,Round 1,2021-04-25,Tom Raub,958,Willow Park,Blue Tees,56,18,2,11:10:00,57,1,919,114,True,False,18,57,True,True,True
49941,2021,MA50,1,362226,13247,13247,899,Round 1,2021-04-25,Chris Sherwin,,Willow Park,Blue Tees,56,18,1,11:30:00,59,3,898,120,True,False,18,59,True,True,True
49941,2021,MA50,1,362226,130549,130549,891,Round 1,2021-04-25,Earl Dakers,899,Willow Park,Blue Tees,56,18,1,11:10:00,60,4,887,117,True,False,18,60,True,True,True
49941,2021,MA50,1,362226,130713,130713,883,Round 1,2021-04-25,Ian Martin,902,Willow Park,Blue Tees,56,18,3,11:10:00,60,4,887,119,True,False,18,60,True,True,True
49941,2021,MA50,1,362226,91301,91301,890,Round 1,2021-04-25,Michael A. Stridsberg,898,Willow Park,Blue Tees,56,18,3,11:20:00,61,5,877,118,True,False,18,61,True,True,True
49941,2021,MA50,1,362226,148818,148818,906,Round 1,2021-04-25,Jim Olson,900,Willow Park,Blue Tees,56,18,2,11:30:00,62,6,866,119,True,False,18,62,True,True,True
49941,2021,MA50,1,362226,122583,122583,869,Round 1,2021-04-25,David Jolin,900,Willow Park,Blue Tees,56,18,1,11:00:00,63,7,856,123,True,False,18,63,True,True,True
49941,2021,MA50,1,362226,125535,125535,833,Round 1,2021-04-25,Joe Tota,846,Willow Park,Blue Tees,56,18,3,11:00:00,63,7,856,125,True,False,18,63,True,True,True
49941,2021,MA50,1,362226,name:james reed,,,Round 1,2021-04-25,James Reed,,Willow Park,Blue Tees,56,18,4,11:00:00,65,9,835,127,True,False,18,65,True,True,True
49941,2021,MA50,1,362226,name:j.r. o'brien,,,Round 1,2021-04-25,J.R. O'Brien,,Willow Park,Blue Tees,56,18,4,11:20:00,65,9,835,131,True,False,18,65,True,True,True
49941,2021,MA50,1,362226,85615,85615,855,Round 1,2021-04-25,Louis Davis,871,Willow Park,Blue Tees,56,18,2,11:20:00,68,12,803,129,True,False,18,68,True,True,True
49941,2021,MA50,1,362226,name:davy flight,,,Round 1,2021-04-25,Davy Flight,,Willow Park,Blue Tees,56,18,4,11:10:00,69,13,793,136,True,False,18,69,True,True,True
49941,2021,MA50,1,362226,1740,1740,825,Round 1,2021-04-25,Jeff Reeves,,Willow Park,Blue Tees,56,18,1,11:20:00,74,18,740,142,True,False,18,74,True,True,True
49941,2021,MA50,1,362226,149925,149925,779,Round 1,2021-04-25,Robert Cornellier,,Willow Park,Blue Tees,56,18,2,11:00:00,76,20,719,146,True,False,18,76,True,True,True
49941,2021,MA50,2,362226,166239,166239,,Round 2,2021-04-25,Tom Raub,958,Willow Park,Blue Tees,56,18,1,11:30:00,57,1,919,114,True,False,18,57,True,True,True
49941,2021,MA50,2,362226,130549,130549,891,Round 2,2021-04-25,Earl Dakers,899,Willow Park,Blue Tees,56,18,3,11:30:00,57,1,919,117,True,False,18,57,True,True,True
49941,2021,MA50,2,362226,91301,91301,890,Round 2,2021-04-25,Michael A. Stridsberg,898,Willow Park,Blue Tees,56,18,1,11:20:00,57,1,919,118,True,False,18,57,True,True,True
49941,2021,MA50,2,362226,148818,148818,906,Round 2,2021-04-25,Jim Olson,900,Willow Park,Blue Tees,56,18,2,11:20:00,57,1,919,119,True,False,18,57,True,True,True
49941,2021,MA50,2,362226,130713,130713,883,Round 2,2021-04-25,Ian Martin,902,Willow Park,Blue Tees,56,18,4,11:30:00,59,3,898,119,True,False,18,59,True,True,True
49941,2021,MA50,2,362226,13247,13247,899,Round 2,2021-04-25,Chris Sherwin,,Willow Park,Blue Tees,56,18,2,11:30:00,61,5,877,120,True,False,18,61,True,True,True
49941,2021,MA50,2,362226,122583,122583,869,Round 2,2021-04-25,David Jolin,900,Willow Park,Blue Tees,56,18,3,11:20:00,60,4,887,123,True,False,18,60,True,True,True
49941,2021,MA50,2,362226,125535,125535,833,Round 2,2021-04-25,Joe Tota,846,Willow Park,Blue Tees,56,18,4,11:20:00,62,6,866,125,True,False,18,62,True,True,True
49941,2021,MA50,2,362226,name:james reed,,,Round 2,2021-04-25,James Reed,,Willow Park,Blue Tees,56,18,2,11:10:00,62,6,866,127,True,False,18,62,True,True,True
49941,2021,MA50,2,362226,85615,85615,855,Round 2,2021-04-25,Louis Davis,871,Willow Park,Blue Tees,56,18,3,11:10:00,61,5,877,129,True,False,18,61,True,True,True
49941,2021,MA50,2,362226,name:j.r. o'brien,,,Round 2,2021-04-25,J.R. O'Brien,,Willow Park,Blue Tees,56,18,1,11:10:00,66,10,824,131,True,False,18,66,True,True,True
49941,2021,MA50,2,362226,name:davy flight,,,Round 2,2021-04-25,Davy Flight,,Willow Park,Blue Tees,56,18,1,11:00:00,67,11,814,136,True,False,18,67,True,True,True
49941,2021,MA50,2,362226,1740,1740,825,Round 2,2021-04-25,Jeff Reeves,,Willow Park,Blue Tees,56,18,2,11:00:00,68,12,803,142,True,False,18,68,True,True,True
49941,2021,MA50,2,362226,149925,149925,779,Round 2,2021-04-25,Robert Cornellier,,Willow Park,Blue Tees,56,18,3,11:00:00,70,14,782,146,True,False,18,70,True,True,True
49941,2021,MJ12,1,362221,name:gavin bowley,,,Round 1,2021-04-25,Gavin Bowley,,Willow Park,Red Tees,56,18,4,08:00:00,68,12,671,131,True,False,18,68,True,True,True
49941,2021,MJ12,2,362221,name:gavin bowley,,,Round 2,2021-04-25,Gavin Bowley,,Willow Park,Red Tees,56,18,1,08:00:00,63,7,738,131,True,False,18,63,True,True,True
49941,2021,MJ15,1,362226,93227,93227,750,Round 1,2021-04-25,Charlie Dunlap,,Willow Park,Blue Tees,56,18,3,11:30:00,74,18,740,148,True,False,18,74,True,True,True
49941,2021,MJ15,2,362226,93227,93227,750,Round 2,2021-04-25,Charlie Dunlap,,Willow Park,Blue Tees,56,18,2,09:10:00,74,18,740,148,True,False,18,74,True,True,True
49941,2021,MP40,1,362226,15089,15089,922,Round 1,2021-04-25,Jeremy JJ Becker,887,Willow Park,Blue Tees,56,18,1,13:30:00,52,-4,972,102,True,False,18,52,True,True,True
49941,2021,MP40,1,362226,24381,24381,953,Round 1,2021-04-25,Chris Young,937,Willow Park,Blue Tees,56,18,3,15:00:00,52,-4,972,106,True,False,18,52,True,True,True
49941,2021,MP40,1,362226,119003,119003,921,Round 1,2021-04-25,Joshua Wedel,942,Willow Park,Blue Tees,56,18,4,13:30:00,53,-3,961,108,True,False,18,53,True,True,True
49941,2021,MP40,1,362226,66454,66454,910,Round 1,2021-04-25,Brian Betit,899,Willow Park,Blue Tees,56,18,4,15:00:00,55,-1,940,112,True,False,18,55,True,True,True
49941,2021,MP40,1,362226,23565,23565,931,Round 1,2021-04-25,Shane M. Tewksbury,925,Willow Park,Blue Tees,56,18,1,15:00:00,57,1,919,108,True,False,18,57,True,True,True
49941,2021,MP40,1,362226,91853,91853,898,Round 1,2021-04-25,Joseph Motika,,Willow Park,Blue Tees,56,18,3,13:30:00,61,5,877,123,True,False,18,61,True,True,True
49941,2021,MP40,1,362226,73588,73588,883,Round 1,2021-04-25,Will Cleland,910,Willow Park,Blue Tees,56,18,2,13:30:00,64,8,845,125,True,False,18,64,True,True,True
49941,2021,MP40,1,362226,83212,83212,888,Round 1,2021-04-25,Cory Barron,885,Willow Park,Blue Tees,56,18,2,15:00:00,64,8,845,126,True,False,18,64,True,True,True
49941,2021,MP40,2,362226,15089,15089,922,Round 2,2021-04-25,Jeremy JJ Becker,887,Willow Park,Blue Tees,56,18,1,15:00:00,50,-6,993,102,True,False,18,50,True,True,True
49941,2021,MP40,2,362226,24381,24381,953,Round 2,2021-04-25,Chris Young,937,Willow Park,Blue Tees,56,18,2,15:00:00,54,-2,950,106,True,False,18,54,True,True,True
49941,2021,MP40,2,362226,23565,23565,931,Round 2,2021-04-25,Shane M. Tewksbury,925,Willow Park,Blue Tees,56,18,1,12:00:00,51,-5,982,108,True,False,18,51,True,True,True
49941,2021,MP40,2,362226,119003,119003,921,Round 2,2021-04-25,Joshua Wedel,942,Willow Park,Blue Tees,56,18,3,15:00:00,55,-1,940,108,True,False,18,55,True,True,True
49941,2021,MP40,2,362226,66454,66454,910,Round 2,2021-04-25,Brian Betit,899,Willow Park,Blue Tees,56,18,4,15:00:00,57,1,919,112,True,False,18,57,True,True,True
49941,2021,MP40,2,362226,91853,91853,898,Round 2,2021-04-25,Joseph Motika,,Willow Park,Blue Tees,56,18,2,12:00:00,62,6,866,123,True,False,18,62,True,True,True
49941,2021,MP40,2,362226,73588,73588,883,Round 2,2021-04-25,Will Cleland,910,Willow Park,Blue Tees,56,18,3,12:00:00,61,5,877,125,True,False,18,61,True,True,True
49941,2021,MP40,2,362226,83212,83212,888,Round 2,2021-04-25,Cory Barron,885,Willow Park,Blue Tees,56,18,4,12:00:00,62,6,866,126,True,False,18,62,True,True,True
49941,2021,MP50,1,362226,name:mike oneil,,,Round 1,2021-04-25,Mike Oneil,,Willow Park,Blue Tees,56,18,4,13:20:00,57,1,919,114,True,False,18,57,True,True,True
49941,2021,MP50,1,362226,77623,77623,911,Round 1,2021-04-25,Cary Powell,909,Willow Park,Blue Tees,56,18,1,13:20:00,59,3,898,115,True,False,18,59,True,True,True
49941,2021,MP50,1,362226,84880,84880,909,Round 1,2021-04-25,Marcos Miller,,Willow Park,Blue Tees,56,18,2,13:20:00,61,5,877,117,True,False,18,61,True,True,True
49941,2021,MP50,1,362226,98275,98275,876,Round 1,2021-04-25,Donald Randall,872,Willow Park,Blue Tees,56,18,3,13:20:00,66,10,824,123,True,False,18,66,True,True,True
49941,2021,MP50,2,362226,name:mike oneil,,,Round 2,2021-04-25,Mike Oneil,,Willow Park,Blue Tees,56,18,1,13:30:00,57,1,919,114,True,False,18,57,True,True,True
49941,2021,MP50,2,362226,77623,77623,911,Round 2,2021-04-25,Cary Powell,909,Willow Park,Blue Tees,56,18,2,13:30:00,56,0,929,115,True,False,18,56,True,True,True
49941,2021,MP50,2,362226,84880,84880,909,Round 2,2021-04-25,Marcos Miller,,Willow Park,Blue Tees,56,18,3,13:30:00,56,0,929,117,True,False,18,56,True,True,True
49941,2021,MP50,2,362226,98275,98275,876,Round 2,2021-04-25,Donald Randall,872,Willow Park,Blue Tees,56,18,4,13:30:00,57,1,919,123,True,False,18,57,True,True,True
49941,2021,MPO,1,362226,75861,75861,970,Round 1,2021-04-25,Charlie Veysey,978,Willow Park,Blue Tees,56,18,1,14:50:00,50,-6,993,102,True,False,18,50,True,True,True
49941,2021,MPO,1,362226,45817,45817,986,Round 1,2021-04-25,Dylan Dunne,,Willow Park,Blue Tees,56,18,1,13:50:00,52,-4,972,106,True,False,18,52,True,True,True
49941,2021,MPO,1,362226,53718,53718,933,Round 1,2021-04-25,Nicholas Ailes,,Willow Park,Blue Tees,56,18,4,14:40:00,52,-4,972,102,True,False,18,52,True,True,True
49941,2021,MPO,1,362226,55953,55953,978,Round 1,2021-04-25,Finlay Buchanan-Jacobs,971,Willow Park,Blue Tees,56,18,1,14:40:00,52,-4,972,105,True,False,18,52,True,True,True
49941,2021,MPO,1,362226,94450,94450,942,Round 1,2021-04-25,Brendan Rollins,958,Willow Park,Blue Tees,56,18,2,13:50:00,53,-3,961,107,True,False,18,53,True,True,True
49941,2021,MPO,1,362226,118103,118103,926,Round 1,2021-04-25,JP Rollins,,Willow Park,Blue Tees,56,18,4,14:50:00,53,-3,961,110,True,False,18,53,True,True,True
49941,2021,MPO,1,362226,143853,143853,967,Round 1,2021-04-25,Elijah Rider Brandt,1012,Willow Park,Blue Tees,56,18,3,14:00:00,54,-2,950,106,True,False,18,54,True,True,True
49941,2021,MPO,1,362226,81283,81283,973,Round 1,2021-04-25,Ronnie Bennett,968,Willow Park,Blue Tees,56,18,2,14:50:00,56,0,929,106,True,False,18,56,True,True,True
49941,2021,MPO,1,362226,100341,100341,933,Round 1,2021-04-25,Kevin Avery,,Willow Park,Blue Tees,56,18,3,13:50:00,56,0,929,111,True,False,18,56,True,True,True
49941,2021,MPO,1,362226,126893,126893,925,Round 1,2021-04-25,Joshua Vashon,986,Willow Park,Blue Tees,56,18,3,14:20:00,56,0,929,111,True,False,18,56,True,True,True
49941,2021,MPO,1,362226,134979,134979,938,Round 1,2021-04-25,Jack Conant,,Willow Park,Blue Tees,56,18,2,14:10:00,56,0,929,113,True,False,18,56,True,True,True
49941,2021,MPO,1,362226,140874,140874,897,Round 1,2021-04-25,Hunter Martin,953,Willow Park,Blue Tees,56,18,4,14:10:00,56,0,929,109,True,False,18,56,True,True,True
49941,2021,MPO,1,362226,22318,22318,958,Round 1,2021-04-25,Aaron Smartt,965,Willow Park,Blue Tees,56,18,2,14:20:00,57,1,919,113,True,False,18,57,True,True,True
49941,2021,MPO,1,362226,119312,119312,932,Round 1,2021-04-25,Travis Rollins,,Willow Park,Blue Tees,56,18,3,14:50:00,57,1,919,109,True,False,18,57,True,True,True
49941,2021,MPO,1,362226,122739,122739,929,Round 1,2021-04-25,Adam Green,977,Willow Park,Blue Tees,56,18,4,13:40:00,57,1,919,114,True,False,18,57,True,True,True
49941,2021,MPO,1,362226,107234,107234,871,Round 1,2021-04-25,Sebastian Marshall,,Willow Park,Blue Tees,56,18,1,14:10:00,58,2,908,110,True,False,18,58,True,True,True
49941,2021,MPO,1,362226,161558,161558,903,Round 1,2021-04-25,Brad Schott,994,Willow Park,Blue Tees,56,18,4,14:00:00,58,2,908,114,True,False,18,58,True,True,True
49941,2021,MPO,1,362226,103627,103627,984,Round 1,2021-04-25,Clayton Davis,,Willow Park,Blue Tees,56,18,1,14:30:00,59,3,898,113,True,False,18,59,True,True,True
49941,2021,MPO,1,362226,108989,108989,908,Round 1,2021-04-25,Erik Osborne,,Willow Park,Blue Tees,56,18,3,14:40:00,59,3,898,119,True,False,18,59,True,True,True
49941,2021,MPO,1,362226,130922,130922,918,Round 1,2021-04-25,James Bowley,,Willow Park,Blue Tees,56,18,2,14:00:00,59,3,898,116,True,False,18,59,True,True,True
49941,2021,MPO,1,362226,138402,138402,868,Round 1,2021-04-25,Kenneth Antonich,,Willow Park,Blue Tees,56,18,4,13:50:00,59,3,898,117,True,False,18,59,True,True,True
49941,2021,MPO,1,362226,140098,140098,950,Round 1,2021-04-25,Angus Barstow,980,Willow Park,Blue Tees,56,18,3,14:10:00,60,4,887,114,True,False,18,60,True,True,True
49941,2021,MPO,1,362226,114674,114674,904,Round 1,2021-04-25,Jordan Lamson,,Willow Park,Blue Tees,56,18,2,14:30:00,61,5,877,119,True,False,18,61,True,True,True
49941,2021,MPO,1,362226,82340,82340,858,Round 1,2021-04-25,Justin Leonard,912,Willow Park,Blue Tees,56,18,1,14:00:00,62,6,866,116,True,False,18,62,True,True,True
49941,2021,MPO,1,362226,116370,116370,925,Round 1,2021-04-25,Tyler Moriarty,,Willow Park,Blue Tees,56,18,3,13:40:00,62,6,866,120,True,False,18,62,True,True,True
49941,2021,MPO,1,362226,85036,85036,935,Round 1,2021-04-25,Nolan Power,,Willow Park,Blue Tees,56,18,2,14:40:00,63,7,856,118,True,False,18,63,True,True,True
49941,2021,MPO,1,362226,164377,164377,,Round 1,2021-04-25,Robert Wix,927,Willow Park,Blue Tees,56,18,4,14:20:00,63,7,856,123,True,False,18,63,True,True,True
49941,2021,MPO,1,362226,150743,150743,883,Round 1,2021-04-25,Brody Secore,,Willow Park,Blue Tees,56,18,3,14:30:00,64,8,845,126,True,False,18,64,True,True,True
49941,2021,MPO,1,362226,16352,16352,943,Round 1,2021-04-25,Emmett Cosgrove,,Willow Park,Blue Tees,56,18,1,14:20:00,24,943,,,True,False,6,24,False,True,False
49941,2021,MPO,2,362226,75861,75861,970,Round 2,2021-04-25,Charlie Veysey,978,Willow Park,Blue Tees,56,18,1,14:50:00,52,-4,972,102,True,False,18,52,True,True,True
49941,2021,MPO,2,362226,53718,53718,933,Round 2,2021-04-25,Nicholas Ailes,,Willow Park,Blue Tees,56,18,3,14:50:00,50,-6,993,102,True,False,18,50,True,True,True
49941,2021,MPO,2,362226,55953,55953,978,Round 2,2021-04-25,Finlay Buchanan-Jacobs,971,Willow Park,Blue Tees,56,18,4,14:50:00,53,-3,961,105,True,False,18,53,True,True,True
49941,2021,MPO,2,362226,81283,81283,973,Round 2,2021-04-25,Ronnie Bennett,968,Willow Park,Blue Tees,56,18,4,14:40:00,50,-6,993,106,True,False,18,50,True,True,True
49941,2021,MPO,2,362226,143853,143853,967,Round 2,2021-04-25,Elijah Rider Brandt,1012,Willow Park,Blue Tees,56,18,3,14:40:00,52,-4,972,106,True,False,18,52,True,True,True
49941,2021,MPO,2,362226,45817,45817,986,Round 2,2021-04-25,Dylan Dunne,,Willow Park,Blue Tees,56,18,2,14:50:00,54,-2,950,106,True,False,18,54,True,True,True
49941,2021,MPO,2,362226,94450,94450,942,Round 2,2021-04-25,Brendan Rollins,958,Willow Park,Blue Tees,56,18,1,14:40:00,54,-2,950,107,True,False,18,54,True,True,True
49941,2021,MPO,2,362226,119312,119312,932,Round 2,2021-04-25,Travis Rollins,,Willow Park,Blue Tees,56,18,2,14:20:00,52,-4,972,109,True,False,18,52,True,True,True
49941,2021,MPO,2,362226,140874,140874,897,Round 2,2021-04-25,Hunter Martin,953,Willow Park,Blue Tees,56,18,4,14:30:00,53,-3,961,109,True,False,18,53,True,True,True
49941,2021,MPO,2,362226,107234,107234,871,Round 2,2021-04-25,Sebastian Marshall,,Willow Park,Blue Tees,56,18,4,14:20:00,52,-4,972,110,True,False,18,52,True,True,True
49941,2021,MPO,2,362226,118103,118103,926,Round 2,2021-04-25,JP Rollins,,Willow Park,Blue Tees,56,18,2,14:40:00,57,1,919,110,True,False,18,57,True,True,True
49941,2021,MPO,2,362226,100341,100341,933,Round 2,2021-04-25,Kevin Avery,,Willow Park,Blue Tees,56,18,1,14:30:00,55,-1,940,111,True,False,18,55,True,True,True
49941,2021,MPO,2,362226,126893,126893,925,Round 2,2021-04-25,Joshua Vashon,986,Willow Park,Blue Tees,56,18,2,14:30:00,55,-1,940,111,True,False,18,55,True,True,True
49941,2021,MPO,2,362226,103627,103627,984,Round 2,2021-04-25,Clayton Davis,,Willow Park,Blue Tees,56,18,2,14:10:00,54,-2,950,113,True,False,18,54,True,True,True
49941,2021,MPO,2,362226,22318,22318,958,Round 2,2021-04-25,Aaron Smartt,965,Willow Park,Blue Tees,56,18,1,14:20:00,56,0,929,113,True,False,18,56,True,True,True
49941,2021,MPO,2,362226,134979,134979,938,Round 2,2021-04-25,Jack Conant,,Willow Park,Blue Tees,56,18,3,14:30:00,57,1,919,113,True,False,18,57,True,True,True
49941,2021,MPO,2,362226,140098,140098,950,Round 2,2021-04-25,Angus Barstow,980,Willow Park,Blue Tees,56,18,2,14:00:00,54,-2,950,114,True,False,18,54,True,True,True
49941,2021,MPO,2,362226,161558,161558,903,Round 2,2021-04-25,Brad Schott,994,Willow Park,Blue Tees,56,18,1,14:10:00,56,0,929,114,True,False,18,56,True,True,True
49941,2021,MPO,2,362226,122739,122739,929,Round 2,2021-04-25,Adam Green,977,Willow Park,Blue Tees,56,18,3,14:20:00,57,1,919,114,True,False,18,57,True,True,True
49941,2021,MPO,2,362226,82340,82340,858,Round 2,2021-04-25,Justin Leonard,912,Willow Park,Blue Tees,56,18,1,13:50:00,54,-2,950,116,True,False,18,54,True,True,True
49941,2021,MPO,2,362226,130922,130922,918,Round 2,2021-04-25,James Bowley,,Willow Park,Blue Tees,56,18,4,14:10:00,57,1,919,116,True,False,18,57,True,True,True
49941,2021,MPO,2,362226,138402,138402,868,Round 2,2021-04-25,Kenneth Antonich,,Willow Park,Blue Tees,56,18,1,14:00:00,58,2,908,117,True,False,18,58,True,True,True
49941,2021,MPO,2,362226,85036,85036,935,Round 2,2021-04-25,Nolan Power,,Willow Park,Blue Tees,56,18,3,13:50:00,55,-1,940,118,True,False,18,55,True,True,True
49941,2021,MPO,2,362226,114674,114674,904,Round 2,2021-04-25,Jordan Lamson,,Willow Park,Blue Tees,56,18,3,14:00:00,58,2,908,119,True,False,18,58,True,True,True
49941,2021,MPO,2,362226,108989,108989,908,Round 2,2021-04-25,Erik Osborne,,Willow Park,Blue Tees,56,18,3,14:10:00,60,4,887,119,True,False,18,60,True,True,True
49941,2021,MPO,2,362226,116370,116370,925,Round 2,2021-04-25,Tyler Moriarty,,Willow Park,Blue Tees,56,18,2,13:50:00,58,2,908,120,True,False,18,58,True,True,True
49941,2021,MPO,2,362226,164377,164377,,Round 2,2021-04-25,Robert Wix,927,Willow Park,Blue Tees,56,18,1,13:40:00,60,4,887,123,True,False,18,60,True,True,True
49941,2021,MPO,2,362226,150743,150743,883,Round 2,2021-04-25,Brody Secore,,Willow Park,Blue Tees,56,18,2,13:40:00,62,6,866,126,True,False,18,62,True,True,True
49941,2021,MPO,2,362226,16352,16352,943,Round 2,2021-04-25,Emmett Cosgrove,,Willow Park,Blue Tees,56,18,,,0,0,,,True,False,0,,False,False,False
49942,2021,FA1,1,366071,name:harley fjeld,,,Round 1,2021-05-09,Harley Fjeld,,Chester Disc Golf Course,Green,59,18,3,10:00:00,59,0,774,125,True,False,18,59,True,True,True
49942,2021,FA1,1,366071,165174,165174,718,Round 1,2021-05-09,Kiree LaPointe,,Chester Disc Golf Course,Green,59,18,2,10:00:00,70,11,622,142,True,False,18,70,True,True,True
49942,2021,FA1,2,366071,name:harley fjeld,,,Round 2,2021-05-09,Harley Fjeld,,Chester Disc Golf Course,Green,59,18,1,09:00:00,66,7,677,125,True,False,18,66,True,True,True
49942,2021,FA1,2,366071,165174,165174,718,Round 2,2021-05-09,Kiree LaPointe,,Chester Disc Golf Course,Green,59,18,2,09:00:00,72,13,594,142,True,False,18,72,True,True,True
49942,2021,FA2,1,366071,159333,159333,,Round 1,2021-05-09,Laura Rajnak,,Chester Disc Golf Course,Green,59,18,1,10:00:00,63,4,719,137,True,False,18,63,True,True,True
49942,2021,FA2,1,366071,161120,161120,,Round 1,2021-05-09,Lela Fitzpatrick,,Chester Disc Golf Course,Green,59,18,1,09:45:00,63,4,719,133,True,False,18,63,True,True,True
49942,2021,FA2,1,366071,172788,172788,,Round 1,2021-05-09,Katie Oram,,Chester Disc Golf Course,Green,59,18,2,09:45:00,72,13,594,140,True,False,18,72,True,True,True
49942,2021,FA2,1,366071,172895,172895,,Round 1,2021-05-09,Cara Tatro,737,Chester Disc Golf Course,Green,59,18,3,09:45:00,76,17,539,157,True,False,18,76,True,True,True
49942,2021,FA2,1,366071,name:kristen n howell,,,Round 1,2021-05-09,Kristen N Howell,,Chester Disc Golf Course,Green,59,18,4,09:45:00,85,26,414,175,True,False,18,85,True,True,True
49942,2021,FA2,1,366071,name:crystal greene,,,Round 1,2021-05-09,Crystal Greene,,Chester Disc Golf Course,Green,59,18,4,10:00:00,92,33,317,183,True,False,18,92,True,True,True
49942,2021,FA2,2,366071,161120,161120,,Round 2,2021-05-09,Lela Fitzpatrick,,Chester Disc Golf Course,Green,59,18,2,09:15:00,70,11,622,133,True,False,18,70,True,True,True
49942,2021,FA2,2,366071,159333,159333,,Round 2,2021-05-09,Laura Rajnak,,Chester Disc Golf Course,Green,59,18,1,09:15:00,74,15,566,137,True,False,18,74,True,True,True
49942,2021,FA2,2,366071,172788,172788,,Round 2,2021-05-09,Katie Oram,,Chester Disc Golf Course,Green,59,18,3,09:15:00,68,9,649,140,True,False,18,68,True,True,True
49942,2021,FA2,2,366071,172895,172895,,Round 2,2021-05-09,Cara Tatro,737,Chester Disc Golf Course,Green,59,18,4,09:15:00,81,22,469,157,True,False,18,81,True,True,True
49942,2021,FA2,2,366071,name:kristen n howell,,,Round 2,2021-05-09,Kristen N Howell,,Chester Disc Golf Course,Green,59,18,3,09:00:00,90,31,345,175,True,False,18,90,True,True,True
49942,2021,FA2,2,366071,name:crystal greene,,,Round 2,2021-05-09,Crystal Greene,,Chester Disc Golf Course,Green,59,18,4,09:00:00,91,32,331,183,True,False,18,91,True,True,True
49942,2021,FPO,1,366066,96030,96030,927,Round 1,2021-05-09,Alex Benson,,Chester Disc Golf Course,Black,59,18,3,14:00:00,61,2,959,130,True,False,18,61,True,True,True
49942,2021,FPO,1,366066,132857,132857,826,Round 1,2021-05-09,Serena Lamson,,Chester Disc Golf Course,Black,59,18,4,14:00:00,77,18,820,,True,False,18,77,True,True,True
49942,2021,FPO,2,366066,96030,96030,927,Round 2,2021-05-09,Alex Benson,,Chester Disc Golf Course,Black,59,18,1,13:30:00,69,10,889,130,True,False,18,69,True,True,True
49942,2021,FPO,2,366066,132857,132857,826,Round 2,2021-05-09,Serena Lamson,,Chester Disc Golf Course,Black,59,18,4,13:30:00,,,,,True,True,0,,False,False,False
49942,2021,MA1,1,366066,132139,132139,901,Round 1,2021-05-09,Logan Foss,,Chester Disc Golf Course,Black,59,18,3,13:45:00,60,1,968,131,True,False,18,60,True,True,True
49942,2021,MA1,1,366066,89829,89829,897,Round 1,2021-05-09,Garrett Washburn,923,Chester Disc Golf Course,Black,59,18,1,13:45:00,61,2,959,121,True,False,18,61,True,True,True
49942,2021,MA1,1,366066,131201,131201,898,Round 1,2021-05-09,Tyler LaPerle,973,Chester Disc Golf Course,Black,59,18,4,13:45:00,64,5,933,128,True,False,18,64,True,True,True
49942,2021,MA1,1,366066,168715,168715,,Round 1,2021-05-09,John Kirby,939,Chester Disc Golf Course,Black,59,18,4,13:30:00,64,5,933,128,True,False,18,64,True,True,True
49942,2021,MA1,1,366066,106294,106294,907,Round 1,2021-05-09,Scott McCamp,,Chester Disc Golf Course,Black,59,18,1,10:15:00,65,6,924,133,True,False,18,65,True,True,True
49942,2021,MA1,1,366066,98280,98280,918,Round 1,2021-05-09,Nicholas Reilly,932,Chester Disc Golf Course,Black,59,18,1,13:30:00,66,7,916,136,True,False,18,66,True,True,True
49942,2021,MA1,1,366066,157191,157191,,Round 1,2021-05-09,Ben Riendeau,,Chester Disc Golf Course,Black,59,18,4,10:15:00,66,7,916,131,True,False,18,66,True,True,True
49942,2021,MA1,1,366066,96355,96355,905,Round 1,2021-05-09,Louis Annino,906,Chester Disc Golf Course,Black,59,18,1,13:15:00,67,8,907,132,True,False,18,67,True,True,True
49942,2021,MA1,1,366066,118928,118928,926,Round 1,2021-05-09,Tyler Pomichter,926,Chester Disc Golf Course,Black,59,18,3,13:15:00,67,8,907,125,True,False,18,67,True,True,True
49942,2021,MA1,1,366066,100885,100885,919,Round 1,2021-05-09,Jacob Moore,945,Chester Disc Golf Course,Black,59,18,2,13:30:00,68,9,898,135,True,False,18,68,True,True,True
49942,2021,MA1,1,366066,110707,110707,919,Round 1,2021-05-09,Jason Wilson,927,Chester Disc Golf Course,Black,59,18,2,13:15:00,68,9,898,140,True,False,18,68,True,True,True
49942,2021,MA1,1,366066,141251,141251,889,Round 1,2021-05-09,Owen Wood,939,Chester Disc Golf Course,Black,59,18,4,13:15:00,70,11,881,136,True,False,18,70,True,True,True
49942,2021,MA1,1,366066,125328,125328,877,Round 1,2021-05-09,Dana Carpenter,,Chester Disc Golf Course,Black,59,18,3,13:30:00,72,13,863,138,True,False,18,72,True,True,True
49942,2021,MA1,1,366066,136937,136937,890,Round 1,2021-05-09,Zach Bossier,,Chester Disc Golf Course,Black,59,18,2,10:15:00,72,13,863,144,True,False,18,72,True,True,True
49942,2021,MA1,1,366066,146710,146710,880,Round 1,2021-05-09,Nicholas Laurendeau,,Chester Disc Golf Course,Black,59,18,3,10:15:00,76,17,829,147,True,False,18,76,True,True,True
49942,2021,MA1,1,366066,95666,95666,888,Round 1,2021-05-09,Ryan Gariboldi,,Chester Disc Golf Course,Black,59,18,2,13:45:00,78,19,811,,True,False,18,78,True,True,True
49942,2021,MA1,2,366066,89829,89829,897,Round 2,2021-05-09,Garrett Washburn,923,Chester Disc Golf Course,Black,59,18,2,12:00:00,60,1,968,121,True,False,18,60,True,True,True
49942,2021,MA1,2,366066,118928,118928,926,Round 2,2021-05-09,Tyler Pomichter,926,Chester Disc Golf Course,Black,59,18,1,11:30:00,58,-1,985,125,True,False,18,58,True,True,True
49942,2021,MA1,2,366066,131201,131201,898,Round 2,2021-05-09,Tyler LaPerle,973,Chester Disc Golf Course,Black,59,18,3,12:00:00,64,5,933,128,True,False,18,64,True,True,True
49942,2021,MA1,2,366066,168715,168715,,Round 2,2021-05-09,John Kirby,939,Chester Disc Golf Course,Black,59,18,4,12:00:00,64,5,933,128,True,False,18,64,True,True,True
49942,2021,MA1,2,366066,157191,157191,,Round 2,2021-05-09,Ben Riendeau,,Chester Disc Golf Course,Black,59,18,3,11:45:00,65,6,924,131,True,False,18,65,True,True,True
49942,2021,MA1,2,366066,132139,132139,901,Round 2,2021-05-09,Logan Foss,,Chester Disc Golf Course,Black,59,18,1,12:00:00,71,12,872,131,True,False,18,71,True,True,True
49942,2021,MA1,2,366066,96355,96355,905,Round 2,2021-05-09,Louis Annino,906,Chester Disc Golf Course,Black,59,18,4,11:45:00,65,6,924,132,True,False,18,65,True,True,True
49942,2021,MA1,2,366066,106294,106294,907,Round 2,2021-05-09,Scott McCamp,,Chester Disc Golf Course,Black,59,18,1,11:45:00,68,9,898,133,True,False,18,68,True,True,True
49942,2021,MA1,2,366066,100885,100885,919,Round 2,2021-05-09,Jacob Moore,945,Chester Disc Golf Course,Black,59,18,2,11:30:00,67,8,907,135,True,False,18,67,True,True,True
49942,2021,MA1,2,366066,141251,141251,889,Round 2,2021-05-09,Owen Wood,939,Chester Disc Golf Course,Black,59,18,4,11:30:00,66,7,916,136,True,False,18,66,True,True,True
49942,2021,MA1,2,366066,98280,98280,918,Round 2,2021-05-09,Nicholas Reilly,932,Chester Disc Golf Course,Black,59,18,2,11:45:00,70,11,881,136,True,False,18,70,True,True,True
49942,2021,MA1,2,366066,125328,125328,877,Round 2,2021-05-09,Dana Carpenter,,Chester Disc Golf Course,Black,59,18,1,11:15:00,66,7,916,138,True,False,18,66,True,True,True
49942,2021,MA1,2,366066,110707,110707,919,Round 2,2021-05-09,Jason Wilson,927,Chester Disc Golf Course,Black,59,18,3,11:30:00,72,13,863,140,True,False,18,72,True,True,True
49942,2021,MA1,2,366066,136937,136937,890,Round 2,2021-05-09,Zach Bossier,,Chester Disc Golf Course,Black,59,18,2,11:15:00,72,13,863,144,True,False,18,72,True,True,True
49942,2021,MA1,2,366066,146710,146710,880,Round 2,2021-05-09,Nicholas Laurendeau,,Chester Disc Golf Course,Black,59,18,3,11:15:00,71,12,872,147,True,False,18,71,True,True,True
49942,2021,MA1,2,366066,95666,95666,888,Round 2,2021-05-09,Ryan Gariboldi,,Chester Disc Golf Course,Black,59,18,4,11:15:00,,,,,True,True,0,,False,False,False
49942,2021,MA2,1,366066,148920,148920,893,Round 1,2021-05-09,Gary King,,Chester Disc Golf Course,Black,59,18,4,10:45:00,61,2,959,125,True,False,18,61,True,True,True
49942,2021,MA2,1,366066,144924,144924,891,Round 1,2021-05-09,Jason Joseph,,Chester Disc Golf Course,Black,59,18,3,11:15:00,62,3,950,126,True,False,18,62,True,True,True
49942,2021,MA2,1,366066,172250,172250,,Round 1,2021-05-09,Jon Chaloux,,Chester Disc Golf Course,Black,59,18,3,10:45:00,64,5,933,127,True,False,18,64,True,True,True
49942,2021,MA2,1,366066,146727,146727,877,Round 1,2021-05-09,Travis O'Connell,,Chester Disc Golf Course,Black,59,18,4,11:15:00,65,6,924,132,True,False,18,65,True,True,True
49942,2021,MA2,1,366066,144230,144230,863,Round 1,2021-05-09,Jameson Norman,871,Chester Disc Golf Course,Black,59,18,2,11:15:00,66,7,916,136,True,False,18,66,True,True,True
49942,2021,MA2,1,366066,164158,164158,,Round 1,2021-05-09,Alex Raub,,Chester Disc Golf Course,Black,59,18,4,12:15:00,66,7,916,129,True,False,18,66,True,True,True
49942,2021,MA2,1,366066,174300,174300,,Round 1,2021-05-09,Kevin Hoercher,,Chester Disc Golf Course,Black,59,18,4,11:30:00,67,8,907,136,True,False,18,67,True,True,True
49942,2021,MA2,1,366066,140506,140506,858,Round 1,2021-05-09,Ian Kehoe,,Chester Disc Golf Course,Black,59,18,2,11:30:00,68,9,898,137,True,False,18,68,True,True,True
49942,2021,MA2,1,366066,176037,176037,,Round 1,2021-05-09,David Flight,,Chester Disc Golf Course,Black,59,18,4,12:00:00,68,9,898,148,True,False,18,68,True,True,True
49942,2021,MA2,1,366066,144983,144983,852,Round 1,2021-05-09,Wilson Kondracki,936,Chester Disc Golf Course,Black,59,18,2,11:00:00,69,10,889,142,True,False,18,69,True,True,True
49942,2021,MA2,1,366066,148808,148808,,Round 1,2021-05-09,Greg Hart,,Chester Disc Golf Course,Black,59,18,2,12:15:00,69,10,889,143,True,False,18,69,True,True,True
49942,2021,MA2,1,366066,173058,173058,,Round 1,2021-05-09,Brandon Allaire,950,Chester Disc Golf Course,Black,59,18,4,11:00:00,69,10,889,140,True,False,18,69,True,True,True
49942,2021,MA2,1,366066,129859,129859,824,Round 1,2021-05-09,Seth Marcil,944,Chester Disc Golf Course,Black,59,18,2,11:45:00,70,11,881,139,True,False,18,70,True,True,True
49942,2021,MA2,1,366066,147547,147547,852,Round 1,2021-05-09,David Wicker,,Chester Disc Golf Course,Black,59,18,3,11:30:00,70,11,881,142,True,False,18,70,True,True,True
49942,2021,MA2,1,366066,115305,115305,,Round 1,2021-05-09,Jack Fuguet,,Chester Disc Golf Course,Black,59,18,1,10:45:00,71,12,872,138,True,False,18,71,True,True,True
49942,2021,MA2,1,366066,163523,163523,,Round 1,2021-05-09,Landon Desroches,866,Chester Disc Golf Course,Black,59,18,3,11:00:00,71,12,872,149,True,False,18,71,True,True,True
49942,2021,MA2,1,366066,143700,143700,877,Round 1,2021-05-09,Nick Koski,,Chester Disc Golf Course,Black,59,18,1,11:00:00,72,13,863,140,True,False,18,72,True,True,True
49942,2021,MA2,1,366066,169600,169600,,Round 1,2021-05-09,Trevor Bryce,901,Chester Disc Golf Course,Black,59,18,2,10:45:00,72,13,863,147,True,False,18,72,True,True,True
49942,2021,MA2,1,366066,106970,106970,827,Round 1,2021-05-09,Stefan Farrell,852,Chester Disc Golf Course,Black,59,18,1,11:45:00,73,14,855,152,True,False,18,73,True,True,True
49942,2021,MA2,1,366066,159224,159224,,Round 1,2021-05-09,Bryce McKim,,Chester Disc Golf Course,Black,59,18,3,12:15:00,73,14,855,146,True,False,18,73,True,True,True
49942,2021,MA2,1,366066,26235,26235,840,Round 1,2021-05-09,Adam Silva,843,Chester Disc Golf Course,Black,59,18,1,11:30:00,75,16,837,157,True,False,18,75,True,True,True
49942,2021,MA2,1,366066,78648,78648,845,Round 1,2021-05-09,Tyler Graves,,Chester Disc Golf Course,Black,59,18,1,12:00:00,75,16,837,157,True,False,18,75,True,True,True
49942,2021,MA2,1,366066,175929,175929,,Round 1,2021-05-09,Jordan Clark,,Chester Disc Golf Course,Black,59,18,1,10:30:00,76,17,829,159,True,False,18,76,True,True,True
49942,2021,MA2,1,366066,63896,63896,785,Round 1,2021-05-09,Ross King,899,Chester Disc Golf Course,Black,59,18,1,12:15:00,77,18,820,147,True,False,18,77,True,True,True
49942,2021,MA2,1,366066,161510,161510,,Round 1,2021-05-09,TJ Rubin,919,Chester Disc Golf Course,Black,59,18,3,12:00:00,77,18,820,157,True,False,18,77,True,True,True
49942,2021,MA2,1,366066,140272,140272,874,Round 1,2021-05-09,Seth Tilford,,Chester Disc Golf Course,Black,59,18,2,12:00:00,80,21,794,146,True,False,18,80,True,True,True
49942,2021,MA2,1,366066,160695,160695,,Round 1,2021-05-09,Ethan Roubo,826,Chester Disc Golf Course,Black,59,18,3,11:45:00,81,22,785,156,True,False,18,81,True,True,True
49942,2021,MA2,2,366066,148920,148920,893,Round 2,2021-05-09,Gary King,,Chester Disc Golf Course,Black,59,18,1,11:00:00,64,5,933,125,True,False,18,64,True,True,True
49942,2021,MA2,2,366066,144924,144924,891,Round 2,2021-05-09,Jason Joseph,,Chester Disc Golf Course,Black,59,18,2,11:00:00,64,5,933,126,True,False,18,64,True,True,True
49942,2021,MA2,2,366066,172250,172250,,Round 2,2021-05-09,Jon Chaloux,,Chester Disc Golf Course,Black,59,18,3,11:00:00,63,4,942,127,True,False,18,63,True,True,True
49942,2021,MA2,2,366066,164158,164158,,Round 2,2021-05-09,Alex Raub,,Chester Disc Golf Course,Black,59,18,2,10:45:00,63,4,942,129,True,False,18,63,True,True,True
49942,2021,MA2,2,366066,146727,146727,877,Round 2,2021-05-09,Travis O'Connell,,Chester Disc Golf Course,Black,59,18,4,11:00:00,67,8,907,132,True,False,18,67,True,True,True
49942,2021,MA2,2,366066,174300,174300,,Round 2,2021-05-09,Kevin Hoercher,,Chester Disc Golf Course,Black,59,18,3,10:45:00,69,10,889,136,True,False,18,69,True,True,True
49942,2021,MA2,2,366066,144230,144230,863,Round 2,2021-05-09,Jameson Norman,871,Chester Disc Golf Course,Black,59,18,1,10:45:00,70,11,881,136,True,False,18,70,True,True,True
49942,2021,MA2,2,366066,140506,140506,858,Round 2,2021-05-09,Ian Kehoe,,Chester Disc Golf Course,Black,59,18,4,10:45:00,69,10,889,137,True,False,18,69,True,True,True
49942,2021,MA2,2,366066,115305,115305,,Round 2,2021-05-09,Jack Fuguet,,Chester Disc Golf Course,Black,59,18,3,10:15:00,67,8,907,138,True,False,18,67,True,True,True
49942,2021,MA2,2,366066,129859,129859,824,Round 2,2021-05-09,Seth Marcil,944,Chester Disc Golf Course,Black,59,18,1,10:15:00,69,10,889,139,True,False,18,69,True,True,True
49942,2021,MA2,2,366066,143700,143700,877,Round 2,2021-05-09,Nick Koski,,Chester Disc Golf Course,Black,59,18,1,10:00:00,68,9,898,140,True,False,18,68,True,True,True
49942,2021,MA2,2,366066,173058,173058,,Round 2,2021-05-09,Brandon Allaire,950,Chester Disc Golf Course,Black,59,18,4,10:30:00,71,12,872,140,True,False,18,71,True,True,True
49942,2021,MA2,2,366066,147547,147547,852,Round 2,2021-05-09,David Wicker,,Chester Disc Golf Course,Black,59,18,2,10:15:00,72,13,863,142,True,False,18,72,True,True,True
49942,2021,MA2,2,366066,144983,144983,852,Round 2,2021-05-09,Wilson Kondracki,936,Chester Disc Golf Course,Black,59,18,2,10:30:00,73,14,855,142,True,False,18,73,True,True,True
49942,2021,MA2,2,366066,148808,148808,,Round 2,2021-05-09,Greg Hart,,Chester Disc Golf Course,Black,59,18,3,10:30:00,74,15,846,143,True,False,18,74,True,True,True
49942,2021,MA2,2,366066,140272,140272,874,Round 2,2021-05-09,Seth Tilford,,Chester Disc Golf Course,Black,59,18,3,09:30:00,66,7,916,146,True,False,18,66,True,True,True
49942,2021,MA2,2,366066,159224,159224,,Round 2,2021-05-09,Bryce McKim,,Chester Disc Golf Course,Black,59,18,4,10:00:00,73,14,855,146,True,False,18,73,True,True,True
49942,2021,MA2,2,366066,63896,63896,785,Round 2,2021-05-09,Ross King,899,Chester Disc Golf Course,Black,59,18,4,09:45:00,70,11,881,147,True,False,18,70,True,True,True
49942,2021,MA2,2,366066,169600,169600,,Round 2,2021-05-09,Trevor Bryce,901,Chester Disc Golf Course,Black,59,18,2,10:00:00,75,16,837,147,True,False,18,75,True,True,True
49942,2021,MA2,2,366066,176037,176037,,Round 2,2021-05-09,David Flight,,Chester Disc Golf Course,Black,59,18,1,10:30:00,80,21,794,148,True,False,18,80,True,True,True
49942,2021,MA2,2,366066,163523,163523,,Round 2,2021-05-09,Landon Desroches,866,Chester Disc Golf Course,Black,59,18,4,10:15:00,78,19,811,149,True,False,18,78,True,True,True
49942,2021,MA2,2,366066,106970,106970,827,Round 2,2021-05-09,Stefan Farrell,852,Chester Disc Golf Course,Black,59,18,3,10:00:00,79,20,803,152,True,False,18,79,True,True,True
49942,2021,MA2,2,366066,160695,160695,,Round 2,2021-05-09,Ethan Roubo,826,Chester Disc Golf Course,Black,59,18,5,09:30:00,75,16,837,156,True,False,18,75,True,True,True
49942,2021,MA2,2,366066,161510,161510,,Round 2,2021-05-09,TJ Rubin,919,Chester Disc Golf Course,Black,59,18,1,09:30:00,80,21,794,157,True,False,18,80,True,True,True
49942,2021,MA2,2,366066,26235,26235,840,Round 2,2021-05-09,Adam Silva,843,Chester Disc Golf Course,Black,59,18,1,09:45:00,82,23,777,157,True,False,18,82,True,True,True
49942,2021,MA2,2,366066,78648,78648,845,Round 2,2021-05-09,Tyler Graves,,Chester Disc Golf Course,Black,59,18,2,09:45:00,82,23,777,157,True,False,18,82,True,True,True
49942,2021,MA2,2,366066,175929,175929,,Round 2,2021-05-09,Jordan Clark,,Chester Disc Golf Course,Black,59,18,3,09:45:00,83,24,768,159,True,False,18,83,True,True,True
49942,2021,MA3,1,366071,141253,141253,734,Round 1,2021-05-09,Braden Edwards,,Chester Disc Golf Course,Green,59,18,2,10:30:00,61,2,746,121,True,False,18,61,True,True,True
49942,2021,MA3,1,366071,177032,177032,,Round 1,2021-05-09,Nathan Seifridsberger,,Chester Disc Golf Course,Green,59,18,3,10:30:00,67,8,663,135,True,False,18,67,True,True,True
49942,2021,MA3,2,366071,141253,141253,734,Round 2,2021-05-09,Braden Edwards,,Chester Disc Golf Course,Green,59,18,2,09:30:00,60,1,760,121,True,False,18,60,True,True,True
49942,2021,MA3,2,366071,177032,177032,,Round 2,2021-05-09,Nathan Seifridsberger,,Chester Disc Golf Course,Green,59,18,4,09:30:00,68,9,649,135,True,False,18,68,True,True,True
49942,2021,MA40,1,366066,42420,42420,920,Round 1,2021-05-09,Patrick Harris,906,Chester Disc Golf Course,Black,59,18,2,13:00:00,61,2,959,125,True,False,18,61,True,True,True
49942,2021,MA40,1,366066,149950,149950,862,Round 1,2021-05-09,Vadim Frishman,917,Chester Disc Golf Course,Black,59,18,3,13:00:00,64,5,933,133,True,False,18,64,True,True,True
49942,2021,MA40,1,366066,36062,36062,893,Round 1,2021-05-09,Andrew Powell,852,Chester Disc Golf Course,Black,59,18,1,13:00:00,69,10,889,137,True,False,18,69,True,True,True
49942,2021,MA40,2,366066,42420,42420,920,Round 2,2021-05-09,Patrick Harris,906,Chester Disc Golf Course,Black,59,18,1,12:30:00,64,5,933,125,True,False,18,64,True,True,True
49942,2021,MA40,2,366066,149950,149950,862,Round 2,2021-05-09,Vadim Frishman,917,Chester Disc Golf Course,Black,59,18,2,12:30:00,69,10,889,133,True,False,18,69,True,True,True
49942,2021,MA40,2,366066,36062,36062,893,Round 2,2021-05-09,Andrew Powell,852,Chester Disc Golf Course,Black,59,18,3,12:30:00,68,9,898,137,True,False,18,68,True,True,True
49942,2021,MA50,1,366066,130713,130713,883,Round 1,2021-05-09,Ian Martin,902,Chester Disc Golf Course,Black,59,18,1,12:45:00,67,8,907,142,True,False,18,67,True,True,True
49942,2021,MA50,1,366066,91301,91301,890,Round 1,2021-05-09,Michael A. Stridsberg,898,Chester Disc Golf Course,Black,59,18,3,12:30:00,69,10,889,142,True,False,18,69,True,True,True
49942,2021,MA50,1,366066,13247,13247,899,Round 1,2021-05-09,Chris Sherwin,,Chester Disc Golf Course,Black,59,18,2,12:30:00,70,11,881,137,True,False,18,70,True,True,True
49942,2021,MA50,1,366066,122325,122325,864,Round 1,2021-05-09,David Mulvey,,Chester Disc Golf Course,Black,59,18,4,12:30:00,73,14,855,150,True,False,18,73,True,True,True
49942,2021,MA50,1,366066,146515,146515,784,Round 1,2021-05-09,Allan Reardon,809,Chester Disc Golf Course,Black,59,18,3,12:45:00,77,18,820,151,True,False,18,77,True,True,True
49942,2021,MA50,1,366066,132681,132681,841,Round 1,2021-05-09,Paul Robinson,,Chester Disc Golf Course,Black,59,18,2,12:45:00,84,25,759,164,True,False,18,84,True,True,True
49942,2021,MA50,1,366066,1740,1740,825,Round 1,2021-05-09,Jeff Reeves,,Chester Disc Golf Course,Black,59,18,1,12:30:00,89,30,716,168,True,False,18,89,True,True,True
49942,2021,MA50,2,366066,13247,13247,899,Round 2,2021-05-09,Chris Sherwin,,Chester Disc Golf Course,Black,59,18,3,13:00:00,67,8,907,137,True,False,18,67,True,True,True
49942,2021,MA50,2,366066,130713,130713,883,Round 2,2021-05-09,Ian Martin,902,Chester Disc Golf Course,Black,59,18,1,13:00:00,75,16,837,142,True,False,18,75,True,True,True
49942,2021,MA50,2,366066,91301,91301,890,Round 2,2021-05-09,Michael A. Stridsberg,898,Chester Disc Golf Course,Black,59,18,2,13:00:00,73,14,855,142,True,False,18,73,True,True,True
49942,2021,MA50,2,366066,122325,122325,864,Round 2,2021-05-09,David Mulvey,,Chester Disc Golf Course,Black,59,18,4,13:00:00,77,18,820,150,True,False,18,77,True,True,True
49942,2021,MA50,2,366066,146515,146515,784,Round 2,2021-05-09,Allan Reardon,809,Chester Disc Golf Course,Black,59,18,1,12:45:00,74,15,846,151,True,False,18,74,True,True,True
49942,2021,MA50,2,366066,132681,132681,841,Round 2,2021-05-09,Paul Robinson,,Chester Disc Golf Course,Black,59,18,2,12:45:00,80,21,794,164,True,False,18,80,True,True,True
49942,2021,MA50,2,366066,1740,1740,825,Round 2,2021-05-09,Jeff Reeves,,Chester Disc Golf Course,Black,59,18,3,12:45:00,79,20,803,168,True,False,18,79,True,True,True
49942,2021,MP50,1,366066,84880,84880,909,Round 1,2021-05-09,Marcos Miller,,Chester Disc Golf Course,Black,59,18,2,14:00:00,68,9,898,133,True,False,18,68,True,True,True
49942,2021,MP50,1,366066,77623,77623,911,Round 1,2021-05-09,Cary Powell,909,Chester Disc Golf Course,Black,59,18,1,14:00:00,69,10,889,138,True,False,18,69,True,True,True
49942,2021,MP50,2,366066,84880,84880,909,Round 2,2021-05-09,Marcos Miller,,Chester Disc Golf Course,Black,59,18,2,13:30:00,65,6,924,133,True,False,18,65,True,True,True
49942,2021,MP50,2,366066,77623,77623,911,Round 2,2021-05-09,Cary Powell,909,Chester Disc Golf Course,Black,59,18,3,13:30:00,69,10,889,138,True,False,18,69,True,True,True
49942,2021,MPO,1,366066,103627,103627,984,Round 1,2021-05-09,Clayton Davis,,Chester Disc Golf Course,Black,59,18,3,15:15:00,58,-1,985,115,True,False,18,58,True,True,True
49942,2021,MPO,1,366066,24381,24381,953,Round 1,2021-05-09,Chris Young,937,Chester Disc Golf Course,Black,59,18,1,15:15:00,59,0,976,122,True,False,18,59,True,True,True
49942,2021,MPO,1,366066,140874,140874,897,Round 1,2021-05-09,Hunter Martin,953,Chester Disc Golf Course,Black,59,18,4,15:00:00,59,0,976,121,True,False,18,59,True,True,True
49942,2021,MPO,1,366066,83596,83596,923,Round 1,2021-05-09,Benjamin Tucker,958,Chester Disc Golf Course,Black,59,18,2,15:00:00,60,1,968,121,True,False,18,60,True,True,True
49942,2021,MPO,1,366066,164377,164377,,Round 1,2021-05-09,Robert Wix,927,Chester Disc Golf Course,Black,59,18,3,15:00:00,60,1,968,119,True,False,18,60,True,True,True
49942,2021,MPO,1,366066,53718,53718,933,Round 1,2021-05-09,Nicholas Ailes,,Chester Disc Golf Course,Black,59,18,1,14:30:00,61,2,959,124,True,False,18,61,True,True,True
49942,2021,MPO,1,366066,82340,82340,858,Round 1,2021-05-09,Justin Leonard,912,Chester Disc Golf Course,Black,59,18,1,15:00:00,64,5,933,128,True,False,18,64,True,True,True
49942,2021,MPO,1,366066,94450,94450,942,Round 1,2021-05-09,Brendan Rollins,958,Chester Disc Golf Course,Black,59,18,2,14:45:00,64,5,933,127,True,False,18,64,True,True,True
49942,2021,MPO,1,366066,122739,122739,929,Round 1,2021-05-09,Adam Green,977,Chester Disc Golf Course,Black,59,18,3,14:30:00,64,5,933,132,True,False,18,64,True,True,True
49942,2021,MPO,1,366066,140098,140098,950,Round 1,2021-05-09,Angus Barstow,980,Chester Disc Golf Course,Black,59,18,4,15:15:00,64,5,933,125,True,False,18,64,True,True,True
49942,2021,MPO,1,366066,161558,161558,903,Round 1,2021-05-09,Brad Schott,994,Chester Disc Golf Course,Black,59,18,4,14:30:00,64,5,933,133,True,False,18,64,True,True,True
49942,2021,MPO,1,366066,107234,107234,871,Round 1,2021-05-09,Sebastian Marshall,,Chester Disc Golf Course,Black,59,18,2,14:15:00,65,6,924,129,True,False,18,65,True,True,True
49942,2021,MPO,1,366066,120378,120378,921,Round 1,2021-05-09,Drew McDowell,952,Chester Disc Golf Course,Black,59,18,2,14:30:00,65,6,924,127,True,False,18,65,True,True,True
49942,2021,MPO,1,366066,85036,85036,935,Round 1,2021-05-09,Nolan Power,,Chester Disc Golf Course,Black,59,18,1,14:15:00,66,7,916,142,True,False,18,66,True,True,True
49942,2021,MPO,1,366066,108989,108989,908,Round 1,2021-05-09,Erik Osborne,,Chester Disc Golf Course,Black,59,18,3,14:45:00,67,8,907,142,True,False,18,67,True,True,True
49942,2021,MPO,1,366066,114674,114674,904,Round 1,2021-05-09,Jordan Lamson,,Chester Disc Golf Course,Black,59,18,4,14:45:00,69,10,889,,True,False,18,69,True,True,True
49942,2021,MPO,1,366066,59129,59129,942,Round 1,2021-05-09,Kealan Dunne,986,Chester Disc Golf Course,Black,59,18,1,14:45:00,70,11,881,888,True,False,18,70,True,True,True
49942,2021,MPO,1,366066,100341,100341,933,Round 1,2021-05-09,Kevin Avery,,Chester Disc Golf Course,Black,59,18,2,15:15:00,77,18,820,147,True,False,18,77,True,True,True
49942,2021,MPO,1,366066,173032,173032,,Round 1,2021-05-09,Victor Cucullo,,Chester Disc Golf Course,Black,59,18,3,14:15:00,90,31,707,167,True,False,18,90,True,True,True
49942,2021,MPO,2,366066,103627,103627,984,Round 2,2021-05-09,Clayton Davis,,Chester Disc Golf Course,Black,59,18,1,14:45:00,57,-2,994,115,True,False,18,57,True,True,True
49942,2021,MPO,2,366066,164377,164377,,Round 2,2021-05-09,Robert Wix,927,Chester Disc Golf Course,Black,59,18,1,14:30:00,59,0,976,119,True,False,18,59,True,True,True
49942,2021,MPO,2,366066,83596,83596,923,Round 2,2021-05-09,Benjamin Tucker,958,Chester Disc Golf Course,Black,59,18,4,14:45:00,61,2,959,121,True,False,18,61,True,True,True
49942,2021,MPO,2,366066,140874,140874,897,Round 2,2021-05-09,Hunter Martin,953,Chester Disc Golf Course,Black,59,18,3,14:45:00,62,3,950,121,True,False,18,62,True,True,True
49942,2021,MPO,2,366066,24381,24381,953,Round 2,2021-05-09,Chris Young,937,Chester Disc Golf Course,Black,59,18,2,14:45:00,63,4,942,122,True,False,18,63,True,True,True
49942,2021,MPO,2,366066,53718,53718,933,Round 2,2021-05-09,Nicholas Ailes,,Chester Disc Golf Course,Black,59,18,2,14:30:00,63,4,942,124,True,False,18,63,True,True,True
49942,2021,MPO,2,366066,140098,140098,950,Round 2,2021-05-09,Angus Barstow,980,Chester Disc Golf Course,Black,59,18,2,14:15:00,61,2,959,125,True,False,18,61,True,True,True
49942,2021,MPO,2,366066,120378,120378,921,Round 2,2021-05-09,Drew McDowell,952,Chester Disc Golf Course,Black,59,18,1,14:00:00,62,3,950,127,True,False,18,62,True,True,True
49942,2021,MPO,2,366066,94450,94450,942,Round 2,2021-05-09,Brendan Rollins,958,Chester Disc Golf Course,Black,59,18,4,14:30:00,63,4,942,127,True,False,18,63,True,True,True
49942,2021,MPO,2,366066,82340,82340,858,Round 2,2021-05-09,Justin Leonard,912,Chester Disc Golf Course,Black,59,18,3,14:30:00,64,5,933,128,True,False,18,64,True,True,True
49942,2021,MPO,2,366066,107234,107234,871,Round 2,2021-05-09,Sebastian Marshall,,Chester Disc Golf Course,Black,59,18,4,14:15:00,64,5,933,129,True,False,18,64,True,True,True
49942,2021,MPO,2,366066,122739,122739,929,Round 2,2021-05-09,Adam Green,977,Chester Disc Golf Course,Black,59,18,1,14:15:00,68,9,898,132,True,False,18,68,True,True,True
49942,2021,MPO,2,366066,161558,161558,903,Round 2,2021-05-09,Brad Schott,994,Chester Disc Golf Course,Black,59,18,3,14:15:00,69,10,889,133,True,False,18,69,True,True,True
49942,2021,MPO,2,366066,108989,108989,908,Round 2,2021-05-09,Erik Osborne,,Chester Disc Golf Course,Black,59,18,3,14:00:00,75,16,837,142,True,False,18,75,True,True,True
49942,2021,MPO,2,366066,85036,85036,935,Round 2,2021-05-09,Nolan Power,,Chester Disc Golf Course,Black,59,18,2,14:00:00,76,17,829,142,True,False,18,76,True,True,True
49942,2021,MPO,2,366066,100341,100341,933,Round 2,2021-05-09,Kevin Avery,,Chester Disc Golf Course,Black,59,18,4,13:45:00,70,11,881,147,True,False,18,70,True,True,True
49942,2021,MPO,2,366066,173032,173032,,Round 2,2021-05-09,Victor Cucullo,,Chester Disc Golf Course,Black,59,18,5,13:45:00,77,18,820,167,True,False,18,77,True,True,True
49942,2021,MPO,2,366066,59129,59129,942,Round 2,2021-05-09,Kealan Dunne,986,Chester Disc Golf Course,Black,59,18,1,13:45:00,888,829,,888,True,False,0,,False,False,False
49942,2021,MPO,2,366066,114674,114674,904,Round 2,2021-05-09,Jordan Lamson,,Chester Disc Golf Course,Black,59,18,4,14:00:00,,,,,True,True,0,,False,False,False
49943,2021,FA1,1,371801,165174,165174,693,Round 1,2021-05-23,Kiree LaPointe,,The Quarries Disc Golf ,White Tees,61,18,2,11:30:00,71,10,744,147,True,False,18,71,True,True,True
49943,2021,FA1,1,371801,172788,172788,622,Round 1,2021-05-23,Katie Oram,,The Quarries Disc Golf ,White Tees,61,18,4,11:30:00,85,24,587,166,True,False,18,85,True,True,True
49943,2021,FA1,2,371801,165174,165174,693,Round 2,2021-05-23,Kiree LaPointe,,The Quarries Disc Golf ,White Tees,61,18,2,13:00:00,76,15,688,147,True,False,18,76,True,True,True
49943,2021,FA1,2,371801,172788,172788,622,Round 2,2021-05-23,Katie Oram,,The Quarries Disc Golf ,White Tees,61,18,4,13:00:00,81,20,632,166,True,False,18,81,True,True,True
49943,2021,FA2,1,371801,174969,174969,,Round 1,2021-05-23,Emily Beaudin,,The Quarries Disc Golf ,White Tees,61,18,1,15:10:00,70,9,755,146,True,False,18,70,True,True,True
49943,2021,FA2,1,371801,159333,159333,671,Round 1,2021-05-23,Laura Rajnak,,The Quarries Disc Golf ,White Tees,61,18,2,15:00:00,71,10,744,143,True,False,18,71,True,True,True
49943,2021,FA2,1,371801,name:sara williams,,,Round 1,2021-05-23,Sara Williams,,The Quarries Disc Golf ,White Tees,61,18,3,15:10:00,72,11,732,155,True,False,18,72,True,True,True
49943,2021,FA2,1,371801,139248,139248,674,Round 1,2021-05-23,Valerie Beaudin,,The Quarries Disc Golf ,White Tees,61,18,1,15:00:00,78,17,665,154,True,False,18,78,True,True,True
49943,2021,FA2,1,371801,name:kristen howell,,,Round 1,2021-05-23,Kristen Howell,,The Quarries Disc Golf ,White Tees,61,18,2,15:10:00,89,28,543,174,True,False,18,89,True,True,True
49943,2021,FA2,1,371801,name:crystal greene,,,Round 1,2021-05-23,Crystal Greene,,The Quarries Disc Golf ,White Tees,61,18,3,15:00:00,90,29,531,181,True,False,18,90,True,True,True
49943,2021,FA2,1,371801,161647,161647,665,Round 1,2021-05-23,Michele Sargent,611,The Quarries Disc Golf ,White Tees,61,18,4,11:30:00,91,30,520,167,True,False,18,91,True,True,True
49943,2021,FA2,2,371801,159333,159333,671,Round 2,2021-05-23,Laura Rajnak,,The Quarries Disc Golf ,White Tees,61,18,2,09:40:00,72,11,732,143,True,False,18,72,True,True,True
49943,2021,FA2,2,371801,174969,174969,,Round 2,2021-05-23,Emily Beaudin,,The Quarries Disc Golf ,White Tees,61,18,1,09:40:00,76,15,688,146,True,False,18,76,True,True,True
49943,2021,FA2,2,371801,139248,139248,674,Round 2,2021-05-23,Valerie Beaudin,,The Quarries Disc Golf ,White Tees,61,18,4,09:40:00,76,15,688,154,True,False,18,76,True,True,True
49943,2021,FA2,2,371801,name:sara williams,,,Round 2,2021-05-23,Sara Williams,,The Quarries Disc Golf ,White Tees,61,18,3,09:40:00,83,22,610,155,True,False,18,83,True,True,True
49943,2021,FA2,2,371801,161647,161647,665,Round 2,2021-05-23,Michele Sargent,611,The Quarries Disc Golf ,White Tees,61,18,3,09:30:00,76,15,688,167,True,False,18,76,True,True,True
49943,2021,FA2,2,371801,name:kristen howell,,,Round 2,2021-05-23,Kristen Howell,,The Quarries Disc Golf ,White Tees,61,18,1,09:30:00,85,24,587,174,True,False,18,85,True,True,True
49943,2021,FA2,2,371801,name:crystal greene,,,Round 2,2021-05-23,Crystal Greene,,The Quarries Disc Golf ,White Tees,61,18,2,09:30:00,91,30,520,181,True,False,18,91,True,True,True
49943,2021,FPO,1,371796,96030,96030,941,Round 1,2021-05-23,Alex Benson,,The Quarries Disc Golf ,Blue Tees,61,18,2,13:00:00,64,3,901,128,True,False,18,64,True,True,True
49943,2021,FPO,1,371796,132857,132857,820,Round 1,2021-05-23,Serena Lamson,,The Quarries Disc Golf ,Blue Tees,61,18,3,13:00:00,75,14,799,146,True,False,18,75,True,True,True
49943,2021,FPO,1,371796,69552,69552,796,Round 1,2021-05-23,Christy Betit,807,The Quarries Disc Golf ,Blue Tees,61,18,1,13:00:00,76,15,789,154,True,False,18,76,True,True,True
49943,2021,FPO,2,371796,96030,96030,941,Round 2,2021-05-23,Alex Benson,,The Quarries Disc Golf ,Blue Tees,61,18,1,13:20:00,64,3,901,128,True,False,18,64,True,True,True
49943,2021,FPO,2,371796,132857,132857,820,Round 2,2021-05-23,Serena Lamson,,The Quarries Disc Golf ,Blue Tees,61,18,2,13:20:00,71,10,836,146,True,False,18,71,True,True,True
49943,2021,FPO,2,371796,69552,69552,796,Round 2,2021-05-23,Christy Betit,807,The Quarries Disc Golf ,Blue Tees,61,18,3,13:20:00,78,17,771,154,True,False,18,78,True,True,True
49943,2021,MA1,1,371796,121362,121362,933,Round 1,2021-05-23,Jonathan Russo,951,The Quarries Disc Golf ,Blue Tees,61,18,2,12:40:00,56,-5,976,116,True,False,18,56,True,True,True
49943,2021,MA1,1,371796,96355,96355,905,Round 1,2021-05-23,Louis Annino,906,The Quarries Disc Golf ,Blue Tees,61,18,1,11:40:00,57,-4,966,120,True,False,18,57,True,True,True
49943,2021,MA1,1,371796,89829,89829,905,Round 1,2021-05-23,Garrett Washburn,923,The Quarries Disc Golf ,Blue Tees,61,18,3,12:00:00,59,-2,948,120,True,False,18,59,True,True,True
49943,2021,MA1,1,371796,100885,100885,920,Round 1,2021-05-23,Jacob Moore,945,The Quarries Disc Golf ,Blue Tees,61,18,2,12:30:00,60,-1,938,121,True,False,18,60,True,True,True
49943,2021,MA1,1,371796,110707,110707,910,Round 1,2021-05-23,Jason Wilson,927,The Quarries Disc Golf ,Blue Tees,61,18,2,12:00:00,60,-1,938,126,True,False,18,60,True,True,True
49943,2021,MA1,1,371796,120536,120536,851,Round 1,2021-05-23,Andrew Palumbo,,The Quarries Disc Golf ,Blue Tees,61,18,1,12:20:00,61,0,929,131,True,False,18,61,True,True,True
49943,2021,MA1,1,371796,125328,125328,880,Round 1,2021-05-23,Dana Carpenter,,The Quarries Disc Golf ,Blue Tees,61,18,4,12:10:00,61,0,929,126,True,False,18,61,True,True,True
49943,2021,MA1,1,371796,142744,142744,879,Round 1,2021-05-23,Abel German,974,The Quarries Disc Golf ,Blue Tees,61,18,4,12:30:00,62,1,920,121,True,False,18,62,True,True,True
49943,2021,MA1,1,371796,157191,157191,923,Round 1,2021-05-23,Ben Riendeau,,The Quarries Disc Golf ,Blue Tees,61,18,3,11:50:00,62,1,920,120,True,False,18,62,True,True,True
49943,2021,MA1,1,371796,name:alex hardaker,,,Round 1,2021-05-23,Alex Hardaker,,The Quarries Disc Golf ,Blue Tees,61,18,3,12:40:00,62,1,920,127,True,False,18,62,True,True,True
49943,2021,MA1,1,371796,131201,131201,903,Round 1,2021-05-23,Tyler LaPerle,973,The Quarries Disc Golf ,Blue Tees,61,18,3,12:30:00,63,2,911,119,True,False,18,63,True,True,True
49943,2021,MA1,1,371796,146710,146710,880,Round 1,2021-05-23,Nicholas Laurendeau,,The Quarries Disc Golf ,Blue Tees,61,18,3,09:50:00,63,2,911,133,True,False,18,63,True,True,True
49943,2021,MA1,1,371796,168715,168715,921,Round 1,2021-05-23,John Kirby,939,The Quarries Disc Golf ,Blue Tees,61,18,3,12:20:00,63,2,911,125,True,False,18,63,True,True,True
49943,2021,MA1,1,371796,83636,83636,872,Round 1,2021-05-23,Mike Finn,,The Quarries Disc Golf ,Blue Tees,61,18,1,12:30:00,64,3,901,132,True,False,18,64,True,True,True
49943,2021,MA1,1,371796,118694,118694,857,Round 1,2021-05-23,Jordan Patterson,,The Quarries Disc Golf ,Blue Tees,61,18,1,12:10:00,64,3,901,127,True,False,18,64,True,True,True
49943,2021,MA1,1,371796,118932,118932,864,Round 1,2021-05-23,Brew Reed,,The Quarries Disc Golf ,Blue Tees,61,18,4,12:00:00,64,3,901,134,True,False,18,64,True,True,True
49943,2021,MA1,1,371796,141251,141251,892,Round 1,2021-05-23,Owen Wood,939,The Quarries Disc Golf ,Blue Tees,61,18,3,11:40:00,64,3,901,130,True,False,18,64,True,True,True
49943,2021,MA1,1,371796,175457,175457,,Round 1,2021-05-23,Nathan Beningson,,The Quarries Disc Golf ,Blue Tees,61,18,4,12:20:00,64,3,901,131,True,False,18,64,True,True,True
49943,2021,MA1,1,371796,96154,96154,865,Round 1,2021-05-23,Travis Jacques,871,The Quarries Disc Golf ,Blue Tees,61,18,2,12:50:00,65,4,892,132,True,False,18,65,True,True,True
49943,2021,MA1,1,371796,120721,120721,891,Round 1,2021-05-23,Kurtis Rogers,903,The Quarries Disc Golf ,Blue Tees,61,18,1,11:50:00,65,4,892,129,True,False,18,65,True,True,True
49943,2021,MA1,1,371796,136937,136937,891,Round 1,2021-05-23,Zach Bossier,,The Quarries Disc Golf ,Blue Tees,61,18,2,11:50:00,65,4,892,129,True,False,18,65,True,True,True
49943,2021,MA1,1,371796,138321,138321,910,Round 1,2021-05-23,Nathan Doudera,,The Quarries Disc Golf ,Blue Tees,61,18,2,11:40:00,65,4,892,126,True,False,18,65,True,True,True
49943,2021,MA1,1,371796,138544,138544,832,Round 1,2021-05-23,Chaz Sheperd,924,The Quarries Disc Golf ,Blue Tees,61,18,3,12:50:00,66,5,883,131,True,False,18,66,True,True,True
49943,2021,MA1,1,371796,164118,164118,,Round 1,2021-05-23,Fred Longchamp,945,The Quarries Disc Golf ,Blue Tees,61,18,2,12:10:00,67,6,873,133,True,False,18,67,True,True,True
49943,2021,MA1,1,371796,175583,175583,,Round 1,2021-05-23,Rob Salter,948,The Quarries Disc Golf ,Blue Tees,61,18,3,12:10:00,67,6,873,131,True,False,18,67,True,True,True
49943,2021,MA1,1,371796,103521,103521,861,Round 1,2021-05-23,Randall Lyons,,The Quarries Disc Golf ,Blue Tees,61,18,1,12:50:00,68,7,864,137,True,False,18,68,True,True,True
49943,2021,MA1,1,371796,50816,50816,863,Round 1,2021-05-23,Tristan Whitehouse,,The Quarries Disc Golf ,Blue Tees,61,18,1,09:50:00,69,8,855,138,True,False,18,69,True,True,True
49943,2021,MA1,1,371796,109086,109086,899,Round 1,2021-05-23,Aaron Schlossberg,947,The Quarries Disc Golf ,Blue Tees,61,18,1,12:40:00,69,8,855,127,True,False,18,69,True,True,True
49943,2021,MA1,1,371796,132139,132139,905,Round 1,2021-05-23,Logan Foss,,The Quarries Disc Golf ,Blue Tees,61,18,2,12:20:00,69,8,855,143,True,False,18,69,True,True,True
49943,2021,MA1,1,371796,178064,178064,,Round 1,2021-05-23,Peter Walke,,The Quarries Disc Golf ,Blue Tees,61,18,2,09:50:00,69,8,855,134,True,False,18,69,True,True,True
49943,2021,MA1,1,371796,name:taylor lozier,,,Round 1,2021-05-23,Taylor Lozier,,The Quarries Disc Golf ,Blue Tees,61,18,4,09:50:00,69,8,855,140,True,False,18,69,True,True,True
49943,2021,MA1,1,371796,name:ian coyne,,,Round 1,2021-05-23,Ian Coyne,,The Quarries Disc Golf ,Blue Tees,61,18,4,12:50:00,71,10,836,142,True,False,18,71,True,True,True
49943,2021,MA1,1,371796,93062,93062,876,Round 1,2021-05-23,Tom Slimm,,The Quarries Disc Golf ,Blue Tees,61,18,1,12:00:00,72,11,827,145,True,False,18,72,True,True,True
49943,2021,MA1,1,371796,103738,103738,934,Round 1,2021-05-23,Maxx Perry,,The Quarries Disc Golf ,Blue Tees,61,18,4,11:40:00,73,12,817,140,True,False,18,73,True,True,True
49943,2021,MA1,2,371796,121362,121362,933,Round 2,2021-05-23,Jonathan Russo,951,The Quarries Disc Golf ,Blue Tees,61,18,1,12:50:00,60,-1,938,116,True,False,18,60,True,True,True
49943,2021,MA1,2,371796,131201,131201,903,Round 2,2021-05-23,Tyler LaPerle,973,The Quarries Disc Golf ,Blue Tees,61,18,3,12:30:00,56,-5,976,119,True,False,18,56,True,True,True
49943,2021,MA1,2,371796,157191,157191,923,Round 2,2021-05-23,Ben Riendeau,,The Quarries Disc Golf ,Blue Tees,61,18,1,12:30:00,58,-3,957,120,True,False,18,58,True,True,True
49943,2021,MA1,2,371796,89829,89829,905,Round 2,2021-05-23,Garrett Washburn,923,The Quarries Disc Golf ,Blue Tees,61,18,3,12:50:00,61,0,929,120,True,False,18,61,True,True,True
49943,2021,MA1,2,371796,96355,96355,905,Round 2,2021-05-23,Louis Annino,906,The Quarries Disc Golf ,Blue Tees,61,18,2,12:50:00,63,2,911,120,True,False,18,63,True,True,True
49943,2021,MA1,2,371796,142744,142744,879,Round 2,2021-05-23,Abel German,974,The Quarries Disc Golf ,Blue Tees,61,18,4,12:40:00,59,-2,948,121,True,False,18,59,True,True,True
49943,2021,MA1,2,371796,100885,100885,920,Round 2,2021-05-23,Jacob Moore,945,The Quarries Disc Golf ,Blue Tees,61,18,4,12:50:00,61,0,929,121,True,False,18,61,True,True,True
49943,2021,MA1,2,371796,168715,168715,921,Round 2,2021-05-23,John Kirby,939,The Quarries Disc Golf ,Blue Tees,61,18,1,12:20:00,62,1,920,125,True,False,18,62,True,True,True
49943,2021,MA1,2,371796,138321,138321,910,Round 2,2021-05-23,Nathan Doudera,,The Quarries Disc Golf ,Blue Tees,61,18,2,12:00:00,61,0,929,126,True,False,18,61,True,True,True
49943,2021,MA1,2,371796,125328,125328,880,Round 2,2021-05-23,Dana Carpenter,,The Quarries Disc Golf ,Blue Tees,61,18,3,12:40:00,65,4,892,126,True,False,18,65,True,True,True
49943,2021,MA1,2,371796,110707,110707,910,Round 2,2021-05-23,Jason Wilson,927,The Quarries Disc Golf ,Blue Tees,61,18,1,12:40:00,66,5,883,126,True,False,18,66,True,True,True
49943,2021,MA1,2,371796,109086,109086,899,Round 2,2021-05-23,Aaron Schlossberg,947,The Quarries Disc Golf ,Blue Tees,61,18,4,11:50:00,58,-3,957,127,True,False,18,58,True,True,True
49943,2021,MA1,2,371796,118694,118694,857,Round 2,2021-05-23,Jordan Patterson,,The Quarries Disc Golf ,Blue Tees,61,18,3,12:20:00,63,2,911,127,True,False,18,63,True,True,True
49943,2021,MA1,2,371796,name:alex hardaker,,,Round 2,2021-05-23,Alex Hardaker,,The Quarries Disc Golf ,Blue Tees,61,18,2,12:30:00,65,4,892,127,True,False,18,65,True,True,True
49943,2021,MA1,2,371796,120721,120721,891,Round 2,2021-05-23,Kurtis Rogers,903,The Quarries Disc Golf ,Blue Tees,61,18,4,12:10:00,64,3,901,129,True,False,18,64,True,True,True
49943,2021,MA1,2,371796,136937,136937,891,Round 2,2021-05-23,Zach Bossier,,The Quarries Disc Golf ,Blue Tees,61,18,1,12:00:00,64,3,901,129,True,False,18,64,True,True,True
49943,2021,MA1,2,371796,141251,141251,892,Round 2,2021-05-23,Owen Wood,939,The Quarries Disc Golf ,Blue Tees,61,18,1,12:10:00,66,5,883,130,True,False,18,66,True,True,True
49943,2021,MA1,2,371796,175583,175583,,Round 2,2021-05-23,Rob Salter,948,The Quarries Disc Golf ,Blue Tees,61,18,1,11:50:00,64,3,901,131,True,False,18,64,True,True,True
49943,2021,MA1,2,371796,138544,138544,832,Round 2,2021-05-23,Chaz Sheperd,924,The Quarries Disc Golf ,Blue Tees,61,18,3,12:00:00,65,4,892,131,True,False,18,65,True,True,True
49943,2021,MA1,2,371796,175457,175457,,Round 2,2021-05-23,Nathan Beningson,,The Quarries Disc Golf ,Blue Tees,61,18,2,12:10:00,67,6,873,131,True,False,18,67,True,True,True
49943,2021,MA1,2,371796,120536,120536,851,Round 2,2021-05-23,Andrew Palumbo,,The Quarries Disc Golf ,Blue Tees,61,18,2,12:40:00,70,9,845,131,True,False,18,70,True,True,True
49943,2021,MA1,2,371796,96154,96154,865,Round 2,2021-05-23,Travis Jacques,871,The Quarries Disc Golf ,Blue Tees,61,18,3,12:10:00,67,6,873,132,True,False,18,67,True,True,True
49943,2021,MA1,2,371796,83636,83636,872,Round 2,2021-05-23,Mike Finn,,The Quarries Disc Golf ,Blue Tees,61,18,2,12:20:00,68,7,864,132,True,False,18,68,True,True,True
49943,2021,MA1,2,371796,164118,164118,,Round 2,2021-05-23,Fred Longchamp,945,The Quarries Disc Golf ,Blue Tees,61,18,4,12:00:00,66,5,883,133,True,False,18,66,True,True,True
49943,2021,MA1,2,371796,146710,146710,880,Round 2,2021-05-23,Nicholas Laurendeau,,The Quarries Disc Golf ,Blue Tees,61,18,4,12:30:00,70,9,845,133,True,False,18,70,True,True,True
49943,2021,MA1,2,371796,178064,178064,,Round 2,2021-05-23,Peter Walke,,The Quarries Disc Golf ,Blue Tees,61,18,2,11:40:00,65,4,892,134,True,False,18,65,True,True,True
49943,2021,MA1,2,371796,118932,118932,864,Round 2,2021-05-23,Brew Reed,,The Quarries Disc Golf ,Blue Tees,61,18,4,12:20:00,70,9,845,134,True,False,18,70,True,True,True
49943,2021,MA1,2,371796,103521,103521,861,Round 2,2021-05-23,Randall Lyons,,The Quarries Disc Golf ,Blue Tees,61,18,2,11:50:00,69,8,855,137,True,False,18,69,True,True,True
49943,2021,MA1,2,371796,50816,50816,863,Round 2,2021-05-23,Tristan Whitehouse,,The Quarries Disc Golf ,Blue Tees,61,18,3,11:50:00,69,8,855,138,True,False,18,69,True,True,True
49943,2021,MA1,2,371796,103738,103738,934,Round 2,2021-05-23,Maxx Perry,,The Quarries Disc Golf ,Blue Tees,61,18,3,11:30:00,67,6,873,140,True,False,18,67,True,True,True
49943,2021,MA1,2,371796,name:taylor lozier,,,Round 2,2021-05-23,Taylor Lozier,,The Quarries Disc Golf ,Blue Tees,61,18,3,11:40:00,71,10,836,140,True,False,18,71,True,True,True
49943,2021,MA1,2,371796,name:ian coyne,,,Round 2,2021-05-23,Ian Coyne,,The Quarries Disc Golf ,Blue Tees,61,18,1,11:30:00,71,10,836,142,True,False,18,71,True,True,True
49943,2021,MA1,2,371796,132139,132139,905,Round 2,2021-05-23,Logan Foss,,The Quarries Disc Golf ,Blue Tees,61,18,1,11:40:00,74,13,808,143,True,False,18,74,True,True,True
49943,2021,MA1,2,371796,93062,93062,876,Round 2,2021-05-23,Tom Slimm,,The Quarries Disc Golf ,Blue Tees,61,18,2,11:30:00,73,12,817,145,True,False,18,73,True,True,True
49943,2021,MA2,1,371796,158664,158664,,Round 1,2021-05-23,Michael Desisto,,The Quarries Disc Golf ,Blue Tees,61,18,4,10:10:00,58,-3,957,122,True,False,18,58,True,True,True
49943,2021,MA2,1,371796,159224,159224,900,Round 1,2021-05-23,Bryce McKim,,The Quarries Disc Golf ,Blue Tees,61,18,2,10:20:00,59,-2,948,122,True,False,18,59,True,True,True
49943,2021,MA2,1,371796,168663,168663,909,Round 1,2021-05-23,Austin Neddo,,The Quarries Disc Golf ,Blue Tees,61,18,3,10:30:00,61,0,929,125,True,False,18,61,True,True,True
49943,2021,MA2,1,371796,172250,172250,938,Round 1,2021-05-23,Jon Chaloux,,The Quarries Disc Golf ,Blue Tees,61,18,3,10:20:00,61,0,929,117,True,False,18,61,True,True,True
49943,2021,MA2,1,371796,129859,129859,851,Round 1,2021-05-23,Seth Marcil,944,The Quarries Disc Golf ,Blue Tees,61,18,3,09:40:00,62,1,920,127,True,False,18,62,True,True,True
49943,2021,MA2,1,371796,165756,165756,887,Round 1,2021-05-23,Peter Walsh,,The Quarries Disc Golf ,Blue Tees,61,18,3,10:40:00,62,1,920,124,True,False,18,62,True,True,True
49943,2021,MA2,1,371796,120760,120760,840,Round 1,2021-05-23,Adam McAvoy,,The Quarries Disc Golf ,Blue Tees,61,18,1,10:40:00,63,2,911,132,True,False,18,63,True,True,True
49943,2021,MA2,1,371796,140272,140272,874,Round 1,2021-05-23,Seth Tilford,,The Quarries Disc Golf ,Blue Tees,61,18,2,11:00:00,63,2,911,134,True,False,18,63,True,True,True
49943,2021,MA2,1,371796,143700,143700,878,Round 1,2021-05-23,Nick Koski,,The Quarries Disc Golf ,Blue Tees,61,18,1,10:20:00,64,3,901,139,True,False,18,64,True,True,True
49943,2021,MA2,1,371796,175266,175266,,Round 1,2021-05-23,Glen Wallace,,The Quarries Disc Golf ,Blue Tees,61,18,4,11:00:00,64,3,901,128,True,False,18,64,True,True,True
49943,2021,MA2,1,371796,name:peter florucci,,,Round 1,2021-05-23,Peter Florucci,,The Quarries Disc Golf ,Blue Tees,61,18,4,09:30:00,64,3,901,127,True,False,18,64,True,True,True
49943,2021,MA2,1,371796,137984,137984,853,Round 1,2021-05-23,Tristan Bryce,,The Quarries Disc Golf ,Blue Tees,61,18,1,10:00:00,65,4,892,131,True,False,18,65,True,True,True
49943,2021,MA2,1,371796,169600,169600,854,Round 1,2021-05-23,Trevor Bryce,901,The Quarries Disc Golf ,Blue Tees,61,18,2,10:00:00,65,4,892,133,True,False,18,65,True,True,True
49943,2021,MA2,1,371796,175140,175140,,Round 1,2021-05-23,Christian Garey,890,The Quarries Disc Golf ,Blue Tees,61,18,4,10:00:00,66,5,883,135,True,False,18,66,True,True,True
49943,2021,MA2,1,371796,176558,176558,,Round 1,2021-05-23,Devon Brodie,,The Quarries Disc Golf ,Blue Tees,61,18,1,09:30:00,66,5,883,127,True,False,18,66,True,True,True
49943,2021,MA2,1,371796,name:zachary fucci,,,Round 1,2021-05-23,Zachary Fucci,,The Quarries Disc Golf ,Blue Tees,61,18,4,10:50:00,66,5,883,134,True,False,18,66,True,True,True
49943,2021,MA2,1,371796,63896,63896,834,Round 1,2021-05-23,Ross King,899,The Quarries Disc Golf ,Blue Tees,61,18,1,11:00:00,67,6,873,133,True,False,18,67,True,True,True
49943,2021,MA2,1,371796,84935,84935,876,Round 1,2021-05-23,Droo Fisher,866,The Quarries Disc Golf ,Blue Tees,61,18,1,10:50:00,67,6,873,134,True,False,18,67,True,True,True
49943,2021,MA2,1,371796,151274,151274,,Round 1,2021-05-23,Nick Norwood,,The Quarries Disc Golf ,Blue Tees,61,18,3,10:10:00,67,6,873,128,True,False,18,67,True,True,True
49943,2021,MA2,1,371796,name:dylan clark,,,Round 1,2021-05-23,Dylan Clark,,The Quarries Disc Golf ,Blue Tees,61,18,4,10:40:00,67,6,873,128,True,False,18,67,True,True,True
49943,2021,MA2,1,371796,142606,142606,848,Round 1,2021-05-23,Hudson Elledge,,The Quarries Disc Golf ,Blue Tees,61,18,1,10:30:00,68,7,864,142,True,False,18,68,True,True,True
49943,2021,MA2,1,371796,163523,163523,847,Round 1,2021-05-23,Landon Desroches,866,The Quarries Disc Golf ,Blue Tees,61,18,2,10:30:00,69,8,855,134,True,False,18,69,True,True,True
49943,2021,MA2,1,371796,173058,173058,885,Round 1,2021-05-23,Brandon Allaire,950,The Quarries Disc Golf ,Blue Tees,61,18,3,10:00:00,69,8,855,134,True,False,18,69,True,True,True
49943,2021,MA2,1,371796,138042,138042,871,Round 1,2021-05-23,Russell Freeman,925,The Quarries Disc Golf ,Blue Tees,61,18,2,10:10:00,70,9,845,143,True,False,18,70,True,True,True
49943,2021,MA2,1,371796,168047,168047,890,Round 1,2021-05-23,Jim Desisto,915,The Quarries Disc Golf ,Blue Tees,61,18,3,10:50:00,70,9,845,136,True,False,18,70,True,True,True
49943,2021,MA2,1,371796,175963,175963,,Round 1,2021-05-23,Tyler DeCoste,,The Quarries Disc Golf ,Blue Tees,61,18,4,10:20:00,70,9,845,137,True,False,18,70,True,True,True
49943,2021,MA2,1,371796,name:jackson staab,,,Round 1,2021-05-23,Jackson Staab,,The Quarries Disc Golf ,Blue Tees,61,18,4,10:30:00,72,11,827,152,True,False,18,72,True,True,True
49943,2021,MA2,1,371796,167411,167411,851,Round 1,2021-05-23,Brian McHugh,,The Quarries Disc Golf ,Blue Tees,61,18,2,10:50:00,73,12,817,147,True,False,18,73,True,True,True
49943,2021,MA2,1,371796,name:patrick mayhew,,,Round 1,2021-05-23,Patrick Mayhew,,The Quarries Disc Golf ,Blue Tees,61,18,2,09:40:00,73,12,817,149,True,False,18,73,True,True,True
49943,2021,MA2,1,371796,106970,106970,828,Round 1,2021-05-23,Stefan Farrell,852,The Quarries Disc Golf ,Blue Tees,61,18,1,09:40:00,75,14,799,143,True,False,18,75,True,True,True
49943,2021,MA2,1,371796,134009,134009,,Round 1,2021-05-23,Brendan Simpson,,The Quarries Disc Golf ,Blue Tees,61,18,1,10:10:00,75,14,799,143,True,False,18,75,True,True,True
49943,2021,MA2,1,371796,161510,161510,845,Round 1,2021-05-23,TJ Rubin,919,The Quarries Disc Golf ,Blue Tees,61,18,2,10:40:00,75,14,799,143,True,False,18,75,True,True,True
49943,2021,MA2,2,371796,172250,172250,938,Round 2,2021-05-23,Jon Chaloux,,The Quarries Disc Golf ,Blue Tees,61,18,4,11:00:00,56,-5,976,117,True,False,18,56,True,True,True
49943,2021,MA2,2,371796,159224,159224,900,Round 2,2021-05-23,Bryce McKim,,The Quarries Disc Golf ,Blue Tees,61,18,2,11:00:00,63,2,911,122,True,False,18,63,True,True,True
49943,2021,MA2,2,371796,158664,158664,,Round 2,2021-05-23,Michael Desisto,,The Quarries Disc Golf ,Blue Tees,61,18,1,11:00:00,64,3,901,122,True,False,18,64,True,True,True
49943,2021,MA2,2,371796,165756,165756,887,Round 2,2021-05-23,Peter Walsh,,The Quarries Disc Golf ,Blue Tees,61,18,2,10:50:00,62,1,920,124,True,False,18,62,True,True,True
49943,2021,MA2,2,371796,168663,168663,909,Round 2,2021-05-23,Austin Neddo,,The Quarries Disc Golf ,Blue Tees,61,18,3,11:00:00,64,3,901,125,True,False,18,64,True,True,True
49943,2021,MA2,2,371796,176558,176558,,Round 2,2021-05-23,Devon Brodie,,The Quarries Disc Golf ,Blue Tees,61,18,3,10:30:00,61,0,929,127,True,False,18,61,True,True,True
49943,2021,MA2,2,371796,name:peter florucci,,,Round 2,2021-05-23,Peter Florucci,,The Quarries Disc Golf ,Blue Tees,61,18,3,10:40:00,63,2,911,127,True,False,18,63,True,True,True
49943,2021,MA2,2,371796,129859,129859,851,Round 2,2021-05-23,Seth Marcil,944,The Quarries Disc Golf ,Blue Tees,61,18,1,10:50:00,65,4,892,127,True,False,18,65,True,True,True
49943,2021,MA2,2,371796,151274,151274,,Round 2,2021-05-23,Nick Norwood,,The Quarries Disc Golf ,Blue Tees,61,18,3,10:20:00,61,0,929,128,True,False,18,61,True,True,True
49943,2021,MA2,2,371796,name:dylan clark,,,Round 2,2021-05-23,Dylan Clark,,The Quarries Disc Golf ,Blue Tees,61,18,4,10:20:00,61,0,929,128,True,False,18,61,True,True,True
49943,2021,MA2,2,371796,175266,175266,,Round 2,2021-05-23,Glen Wallace,,The Quarries Disc Golf ,Blue Tees,61,18,2,10:40:00,64,3,901,128,True,False,18,64,True,True,True
49943,2021,MA2,2,371796,137984,137984,853,Round 2,2021-05-23,Tristan Bryce,,The Quarries Disc Golf ,Blue Tees,61,18,4,10:40:00,66,5,883,131,True,False,18,66,True,True,True
49943,2021,MA2,2,371796,120760,120760,840,Round 2,2021-05-23,Adam McAvoy,,The Quarries Disc Golf ,Blue Tees,61,18,3,10:50:00,69,8,855,132,True,False,18,69,True,True,True
49943,2021,MA2,2,371796,63896,63896,834,Round 2,2021-05-23,Ross King,899,The Quarries Disc Golf ,Blue Tees,61,18,1,10:20:00,66,5,883,133,True,False,18,66,True,True,True
49943,2021,MA2,2,371796,169600,169600,854,Round 2,2021-05-23,Trevor Bryce,901,The Quarries Disc Golf ,Blue Tees,61,18,1,10:30:00,68,7,864,133,True,False,18,68,True,True,True
49943,2021,MA2,2,371796,163523,163523,847,Round 2,2021-05-23,Landon Desroches,866,The Quarries Disc Golf ,Blue Tees,61,18,2,10:10:00,65,4,892,134,True,False,18,65,True,True,True
49943,2021,MA2,2,371796,173058,173058,885,Round 2,2021-05-23,Brandon Allaire,950,The Quarries Disc Golf ,Blue Tees,61,18,3,10:10:00,65,4,892,134,True,False,18,65,True,True,True
49943,2021,MA2,2,371796,84935,84935,876,Round 2,2021-05-23,Droo Fisher,866,The Quarries Disc Golf ,Blue Tees,61,18,2,10:20:00,67,6,873,134,True,False,18,67,True,True,True
49943,2021,MA2,2,371796,name:zachary fucci,,,Round 2,2021-05-23,Zachary Fucci,,The Quarries Disc Golf ,Blue Tees,61,18,4,10:30:00,68,7,864,134,True,False,18,68,True,True,True
49943,2021,MA2,2,371796,140272,140272,874,Round 2,2021-05-23,Seth Tilford,,The Quarries Disc Golf ,Blue Tees,61,18,4,10:50:00,71,10,836,134,True,False,18,71,True,True,True
49943,2021,MA2,2,371796,175140,175140,,Round 2,2021-05-23,Christian Garey,890,The Quarries Disc Golf ,Blue Tees,61,18,2,10:30:00,69,8,855,135,True,False,18,69,True,True,True
49943,2021,MA2,2,371796,168047,168047,890,Round 2,2021-05-23,Jim Desisto,915,The Quarries Disc Golf ,Blue Tees,61,18,1,10:00:00,66,5,883,136,True,False,18,66,True,True,True
49943,2021,MA2,2,371796,175963,175963,,Round 2,2021-05-23,Tyler DeCoste,,The Quarries Disc Golf ,Blue Tees,61,18,2,10:00:00,67,6,873,137,True,False,18,67,True,True,True
49943,2021,MA2,2,371796,143700,143700,878,Round 2,2021-05-23,Nick Koski,,The Quarries Disc Golf ,Blue Tees,61,18,1,10:40:00,75,14,799,139,True,False,18,75,True,True,True
49943,2021,MA2,2,371796,142606,142606,848,Round 2,2021-05-23,Hudson Elledge,,The Quarries Disc Golf ,Blue Tees,61,18,1,10:10:00,74,13,808,142,True,False,18,74,True,True,True
49943,2021,MA2,2,371796,106970,106970,828,Round 2,2021-05-23,Stefan Farrell,852,The Quarries Disc Golf ,Blue Tees,61,18,2,09:50:00,68,7,864,143,True,False,18,68,True,True,True
49943,2021,MA2,2,371796,134009,134009,,Round 2,2021-05-23,Brendan Simpson,,The Quarries Disc Golf ,Blue Tees,61,18,3,09:50:00,68,7,864,143,True,False,18,68,True,True,True
49943,2021,MA2,2,371796,161510,161510,845,Round 2,2021-05-23,TJ Rubin,919,The Quarries Disc Golf ,Blue Tees,61,18,4,09:50:00,68,7,864,143,True,False,18,68,True,True,True
49943,2021,MA2,2,371796,138042,138042,871,Round 2,2021-05-23,Russell Freeman,925,The Quarries Disc Golf ,Blue Tees,61,18,4,10:10:00,73,12,817,143,True,False,18,73,True,True,True
49943,2021,MA2,2,371796,167411,167411,851,Round 2,2021-05-23,Brian McHugh,,The Quarries Disc Golf ,Blue Tees,61,18,4,10:00:00,74,13,808,147,True,False,18,74,True,True,True
49943,2021,MA2,2,371796,name:patrick mayhew,,,Round 2,2021-05-23,Patrick Mayhew,,The Quarries Disc Golf ,Blue Tees,61,18,1,09:50:00,76,15,789,149,True,False,18,76,True,True,True
49943,2021,MA2,2,371796,name:jackson staab,,,Round 2,2021-05-23,Jackson Staab,,The Quarries Disc Golf ,Blue Tees,61,18,3,10:00:00,80,19,752,152,True,False,18,80,True,True,True
49943,2021,MA3,1,371801,149368,149368,,Round 1,2021-05-23,Brett Jipner,,The Quarries Disc Golf ,White Tees,61,18,2,08:50:00,60,-1,866,119,True,False,18,60,True,True,True
49943,2021,MA3,1,371801,166636,166636,,Round 1,2021-05-23,Warren Bombardier,888,The Quarries Disc Golf ,White Tees,61,18,4,09:20:00,60,-1,866,119,True,False,18,60,True,True,True
49943,2021,MA3,1,371801,166633,166633,,Round 1,2021-05-23,Joshua Martin,,The Quarries Disc Golf ,White Tees,61,18,3,09:20:00,61,0,855,125,True,False,18,61,True,True,True
49943,2021,MA3,1,371801,166639,166639,,Round 1,2021-05-23,Ryan Sweeney,883,The Quarries Disc Golf ,White Tees,61,18,3,09:00:00,61,0,855,118,True,False,18,61,True,True,True
49943,2021,MA3,1,371801,145666,145666,811,Round 1,2021-05-23,Wesley Pollock,,The Quarries Disc Golf ,White Tees,61,18,2,09:00:00,62,2,833,120,True,False,18,62,True,True,True
49943,2021,MA3,1,371801,name:samuel winn,,,Round 1,2021-05-23,Samuel Winn,,The Quarries Disc Golf ,White Tees,61,18,3,08:50:00,63,2,833,126,True,False,18,63,True,True,True
49943,2021,MA3,1,371801,141253,141253,746,Round 1,2021-05-23,Braden Edwards,,The Quarries Disc Golf ,White Tees,61,18,1,08:50:00,64,3,822,,True,False,18,64,True,True,True
49943,2021,MA3,1,371801,name:ian seime,,,Round 1,2021-05-23,Ian Seime,,The Quarries Disc Golf ,White Tees,61,18,4,09:00:00,64,3,822,128,True,False,18,64,True,True,True
49943,2021,MA3,1,371801,166637,166637,,Round 1,2021-05-23,Ajay Shah,825,The Quarries Disc Golf ,White Tees,61,18,2,09:10:00,65,4,811,130,True,False,18,65,True,True,True
49943,2021,MA3,1,371801,175118,175118,,Round 1,2021-05-23,Christian Rocheleau,,The Quarries Disc Golf ,White Tees,61,18,3,09:10:00,65,4,811,130,True,False,18,65,True,True,True
49943,2021,MA3,1,371801,140732,140732,784,Round 1,2021-05-23,Matt Saltus,821,The Quarries Disc Golf ,White Tees,61,18,2,09:20:00,66,5,799,129,True,False,18,66,True,True,True
49943,2021,MA3,1,371801,133543,133543,755,Round 1,2021-05-23,Damon Menard,,The Quarries Disc Golf ,White Tees,61,18,1,09:10:00,67,6,788,135,True,False,18,67,True,True,True
49943,2021,MA3,1,371801,175934,175934,793,Round 1,2021-05-23,Rick Gariboldi,,The Quarries Disc Golf ,White Tees,61,18,4,09:10:00,67,6,788,133,True,False,18,67,True,True,True
49943,2021,MA3,1,371801,122689,122689,763,Round 1,2021-05-23,Doug Underhill,,The Quarries Disc Golf ,White Tees,61,18,1,09:00:00,69,8,766,133,True,False,18,69,True,True,True
49943,2021,MA3,1,371801,140404,140404,,Round 1,2021-05-23,Michael Perry,,The Quarries Disc Golf ,White Tees,61,18,1,09:20:00,69,8,766,129,True,False,18,69,True,True,True
49943,2021,MA3,1,371801,175221,175221,,Round 1,2021-05-23,Nolan Rocheleau,,The Quarries Disc Golf ,White Tees,61,18,,,,,,,True,True,0,,False,False,False
49943,2021,MA3,2,371801,166639,166639,,Round 2,2021-05-23,Ryan Sweeney,883,The Quarries Disc Golf ,White Tees,61,18,4,09:20:00,57,-4,900,118,True,False,18,57,True,True,True
49943,2021,MA3,2,371801,149368,149368,,Round 2,2021-05-23,Brett Jipner,,The Quarries Disc Golf ,White Tees,61,18,1,09:20:00,59,-2,878,119,True,False,18,59,True,True,True
49943,2021,MA3,2,371801,166636,166636,,Round 2,2021-05-23,Warren Bombardier,888,The Quarries Disc Golf ,White Tees,61,18,2,09:20:00,59,-2,878,119,True,False,18,59,True,True,True
49943,2021,MA3,2,371801,145666,145666,811,Round 2,2021-05-23,Wesley Pollock,,The Quarries Disc Golf ,White Tees,61,18,1,09:10:00,57,-4,900,120,True,False,18,57,True,True,True
49943,2021,MA3,2,371801,166633,166633,,Round 2,2021-05-23,Joshua Martin,,The Quarries Disc Golf ,White Tees,61,18,3,09:20:00,64,3,822,125,True,False,18,64,True,True,True
49943,2021,MA3,2,371801,name:samuel winn,,,Round 2,2021-05-23,Samuel Winn,,The Quarries Disc Golf ,White Tees,61,18,2,09:10:00,63,2,833,126,True,False,18,63,True,True,True
49943,2021,MA3,2,371801,name:ian seime,,,Round 2,2021-05-23,Ian Seime,,The Quarries Disc Golf ,White Tees,61,18,3,09:10:00,64,3,822,128,True,False,18,64,True,True,True
49943,2021,MA3,2,371801,140404,140404,,Round 2,2021-05-23,Michael Perry,,The Quarries Disc Golf ,White Tees,61,18,5,08:50:00,60,-1,866,129,True,False,18,60,True,True,True
49943,2021,MA3,2,371801,140732,140732,784,Round 2,2021-05-23,Matt Saltus,821,The Quarries Disc Golf ,White Tees,61,18,3,09:00:00,63,2,833,129,True,False,18,63,True,True,True
49943,2021,MA3,2,371801,166637,166637,,Round 2,2021-05-23,Ajay Shah,825,The Quarries Disc Golf ,White Tees,61,18,1,09:00:00,65,4,811,130,True,False,18,65,True,True,True
49943,2021,MA3,2,371801,175118,175118,,Round 2,2021-05-23,Christian Rocheleau,,The Quarries Disc Golf ,White Tees,61,18,2,09:00:00,65,4,811,130,True,False,18,65,True,True,True
49943,2021,MA3,2,371801,122689,122689,763,Round 2,2021-05-23,Doug Underhill,,The Quarries Disc Golf ,White Tees,61,18,4,08:50:00,64,3,822,133,True,False,18,64,True,True,True
49943,2021,MA3,2,371801,175934,175934,793,Round 2,2021-05-23,Rick Gariboldi,,The Quarries Disc Golf ,White Tees,61,18,3,08:50:00,66,5,799,133,True,False,18,66,True,True,True
49943,2021,MA3,2,371801,133543,133543,755,Round 2,2021-05-23,Damon Menard,,The Quarries Disc Golf ,White Tees,61,18,4,09:00:00,68,7,777,135,True,False,18,68,True,True,True
49943,2021,MA3,2,371801,141253,141253,746,Round 2,2021-05-23,Braden Edwards,,The Quarries Disc Golf ,White Tees,61,18,3,09:10:00,,,,,True,True,0,,False,False,False
49943,2021,MA3,2,371801,175221,175221,,Round 2,2021-05-23,Nolan Rocheleau,,The Quarries Disc Golf ,White Tees,61,18,5,,61,0,855,,True,False,18,61,True,True,True
49943,2021,MA40,1,371796,36062,36062,899,Round 1,2021-05-23,Andrew Powell,852,The Quarries Disc Golf ,Blue Tees,61,18,1,11:30:00,62,1,920,129,True,False,18,62,True,True,True
49943,2021,MA40,1,371796,161644,161644,809,Round 1,2021-05-23,Garrett Sargent,818,The Quarries Disc Golf ,Blue Tees,61,18,3,11:30:00,77,16,780,152,True,False,18,77,True,True,True
49943,2021,MA40,2,371796,36062,36062,899,Round 2,2021-05-23,Andrew Powell,852,The Quarries Disc Golf ,Blue Tees,61,18,1,13:00:00,67,6,873,129,True,False,18,67,True,True,True
49943,2021,MA40,2,371796,161644,161644,809,Round 2,2021-05-23,Garrett Sargent,818,The Quarries Disc Golf ,Blue Tees,61,18,3,13:00:00,75,14,799,152,True,False,18,75,True,True,True
49943,2021,MA50,1,371796,75326,75326,864,Round 1,2021-05-23,Gary Vigue,,The Quarries Disc Golf ,Blue Tees,61,18,2,11:20:00,62,1,920,127,True,False,18,62,True,True,True
49943,2021,MA50,1,371796,176159,176159,,Round 1,2021-05-23,Guy Norwood,,The Quarries Disc Golf ,Blue Tees,61,18,4,11:20:00,64,3,901,126,True,False,18,64,True,True,True
49943,2021,MA50,1,371796,122325,122325,854,Round 1,2021-05-23,David Mulvey,,The Quarries Disc Golf ,Blue Tees,61,18,3,11:20:00,68,7,864,127,True,False,18,68,True,True,True
49943,2021,MA50,1,371796,158407,158407,,Round 1,2021-05-23,Brian Murphy,,The Quarries Disc Golf ,Blue Tees,61,18,2,11:10:00,69,8,855,142,True,False,18,69,True,True,True
49943,2021,MA50,1,371796,166239,166239,919,Round 1,2021-05-23,Tom Raub,958,The Quarries Disc Golf ,Blue Tees,61,18,3,11:10:00,72,11,827,137,True,False,18,72,True,True,True
49943,2021,MA50,1,371796,74478,74478,867,Round 1,2021-05-23,John Sudarsky,845,The Quarries Disc Golf ,Blue Tees,61,18,1,11:20:00,73,12,817,145,True,False,18,73,True,True,True
49943,2021,MA50,1,371796,131352,131352,764,Round 1,2021-05-23,David Havens,816,The Quarries Disc Golf ,Blue Tees,61,18,1,11:10:00,79,18,761,156,True,False,18,79,True,True,True
49943,2021,MA50,2,371796,176159,176159,,Round 2,2021-05-23,Guy Norwood,,The Quarries Disc Golf ,Blue Tees,61,18,2,11:20:00,62,1,920,126,True,False,18,62,True,True,True
49943,2021,MA50,2,371796,122325,122325,854,Round 2,2021-05-23,David Mulvey,,The Quarries Disc Golf ,Blue Tees,61,18,3,11:20:00,59,-2,948,127,True,False,18,59,True,True,True
49943,2021,MA50,2,371796,75326,75326,864,Round 2,2021-05-23,Gary Vigue,,The Quarries Disc Golf ,Blue Tees,61,18,1,11:20:00,65,4,892,127,True,False,18,65,True,True,True
49943,2021,MA50,2,371796,166239,166239,919,Round 2,2021-05-23,Tom Raub,958,The Quarries Disc Golf ,Blue Tees,61,18,1,11:10:00,65,4,892,137,True,False,18,65,True,True,True
49943,2021,MA50,2,371796,158407,158407,,Round 2,2021-05-23,Brian Murphy,,The Quarries Disc Golf ,Blue Tees,61,18,4,11:20:00,73,12,817,142,True,False,18,73,True,True,True
49943,2021,MA50,2,371796,74478,74478,867,Round 2,2021-05-23,John Sudarsky,845,The Quarries Disc Golf ,Blue Tees,61,18,2,11:10:00,72,11,827,145,True,False,18,72,True,True,True
49943,2021,MA50,2,371796,131352,131352,764,Round 2,2021-05-23,David Havens,816,The Quarries Disc Golf ,Blue Tees,61,18,3,11:10:00,77,16,780,156,True,False,18,77,True,True,True
49943,2021,MJ15,1,371801,124203,124203,802,Round 1,2021-05-23,Ezra Koch,954,The Quarries Disc Golf ,White Tees,61,18,1,09:30:00,59,-2,878,121,True,False,18,59,True,True,True
49943,2021,MJ15,1,371801,174933,174933,,Round 1,2021-05-23,Kyler Moulin,,The Quarries Disc Golf ,White Tees,61,18,2,09:30:00,59,-2,878,131,True,False,18,59,True,True,True
49943,2021,MJ15,2,371801,124203,124203,802,Round 2,2021-05-23,Ezra Koch,954,The Quarries Disc Golf ,White Tees,61,18,1,08:50:00,62,1,844,121,True,False,18,62,True,True,True
49943,2021,MJ15,2,371801,174933,174933,,Round 2,2021-05-23,Kyler Moulin,,The Quarries Disc Golf ,White Tees,61,18,2,08:50:00,72,11,732,131,True,False,18,72,True,True,True
49943,2021,MP40,1,371796,96621,96621,947,Round 1,2021-05-23,Jeremy McKittrick,932,The Quarries Disc Golf ,Blue Tees,61,18,2,14:40:00,56,-5,976,115,True,False,18,56,True,True,True
49943,2021,MP40,1,371796,23565,23565,937,Round 1,2021-05-23,Shane M. Tewksbury,925,The Quarries Disc Golf ,Blue Tees,61,18,1,14:50:00,58,-3,957,118,True,False,18,58,True,True,True
49943,2021,MP40,1,371796,24381,24381,957,Round 1,2021-05-23,Chris Young,937,The Quarries Disc Golf ,Blue Tees,61,18,2,14:50:00,59,-2,948,118,True,False,18,59,True,True,True
49943,2021,MP40,1,371796,119003,119003,923,Round 1,2021-05-23,Joshua Wedel,942,The Quarries Disc Golf ,Blue Tees,61,18,3,14:40:00,59,-2,948,114,True,False,18,59,True,True,True
49943,2021,MP40,1,371796,22318,22318,941,Round 1,2021-05-23,Aaron Smartt,965,The Quarries Disc Golf ,Blue Tees,61,18,1,14:30:00,61,0,929,126,True,False,18,61,True,True,True
49943,2021,MP40,1,371796,83198,83198,926,Round 1,2021-05-23,Alan Gofberg,869,The Quarries Disc Golf ,Blue Tees,61,18,2,14:30:00,61,0,929,116,True,False,18,61,True,True,True
49943,2021,MP40,1,371796,91853,91853,893,Round 1,2021-05-23,Joseph Motika,,The Quarries Disc Golf ,Blue Tees,61,18,3,14:30:00,62,1,920,124,True,False,18,62,True,True,True
49943,2021,MP40,1,371796,27112,27112,918,Round 1,2021-05-23,David Frothingham,,The Quarries Disc Golf ,Blue Tees,61,18,4,14:40:00,63,2,911,126,True,False,18,63,True,True,True
49943,2021,MP40,1,371796,159476,159476,,Round 1,2021-05-23,James Lightholder,899,The Quarries Disc Golf ,Blue Tees,61,18,4,14:30:00,63,2,911,124,True,False,18,63,True,True,True
49943,2021,MP40,1,371796,83212,83212,883,Round 1,2021-05-23,Cory Barron,885,The Quarries Disc Golf ,Blue Tees,61,18,1,14:40:00,64,3,901,129,True,False,18,64,True,True,True
49943,2021,MP40,1,371796,94273,94273,881,Round 1,2021-05-23,Marques Pozzani,863,The Quarries Disc Golf ,Blue Tees,61,18,4,14:50:00,64,3,901,138,True,False,18,64,True,True,True
49943,2021,MP40,1,371796,66454,66454,914,Round 1,2021-05-23,Brian Betit,899,The Quarries Disc Golf ,Blue Tees,61,18,4,14:20:00,66,5,883,131,True,False,18,66,True,True,True
49943,2021,MP40,1,371796,73588,73588,878,Round 1,2021-05-23,Will Cleland,910,The Quarries Disc Golf ,Blue Tees,61,18,1,14:20:00,67,6,873,136,True,False,18,67,True,True,True
49943,2021,MP40,1,371796,15089,15089,934,Round 1,2021-05-23,Jeremy JJ Becker,887,The Quarries Disc Golf ,Blue Tees,61,18,3,14:50:00,68,7,864,132,True,False,18,68,True,True,True
49943,2021,MP40,2,371796,119003,119003,923,Round 2,2021-05-23,Joshua Wedel,942,The Quarries Disc Golf ,Blue Tees,61,18,4,15:10:00,55,-6,985,114,True,False,18,55,True,True,True
49943,2021,MP40,2,371796,96621,96621,947,Round 2,2021-05-23,Jeremy McKittrick,932,The Quarries Disc Golf ,Blue Tees,61,18,1,15:10:00,59,-2,948,115,True,False,18,59,True,True,True
49943,2021,MP40,2,371796,83198,83198,926,Round 2,2021-05-23,Alan Gofberg,869,The Quarries Disc Golf ,Blue Tees,61,18,2,15:00:00,55,-6,985,116,True,False,18,55,True,True,True
49943,2021,MP40,2,371796,24381,24381,957,Round 2,2021-05-23,Chris Young,937,The Quarries Disc Golf ,Blue Tees,61,18,3,15:10:00,59,-2,948,118,True,False,18,59,True,True,True
49943,2021,MP40,2,371796,23565,23565,937,Round 2,2021-05-23,Shane M. Tewksbury,925,The Quarries Disc Golf ,Blue Tees,61,18,2,15:10:00,60,-1,938,118,True,False,18,60,True,True,True
49943,2021,MP40,2,371796,159476,159476,,Round 2,2021-05-23,James Lightholder,899,The Quarries Disc Golf ,Blue Tees,61,18,1,14:50:00,61,0,929,124,True,False,18,61,True,True,True
49943,2021,MP40,2,371796,91853,91853,893,Round 2,2021-05-23,Joseph Motika,,The Quarries Disc Golf ,Blue Tees,61,18,3,15:00:00,62,1,920,124,True,False,18,62,True,True,True
49943,2021,MP40,2,371796,27112,27112,918,Round 2,2021-05-23,David Frothingham,,The Quarries Disc Golf ,Blue Tees,61,18,4,15:00:00,63,2,911,126,True,False,18,63,True,True,True
49943,2021,MP40,2,371796,22318,22318,941,Round 2,2021-05-23,Aaron Smartt,965,The Quarries Disc Golf ,Blue Tees,61,18,1,15:00:00,65,4,892,126,True,False,18,65,True,True,True
49943,2021,MP40,2,371796,83212,83212,883,Round 2,2021-05-23,Cory Barron,885,The Quarries Disc Golf ,Blue Tees,61,18,2,14:50:00,65,4,892,129,True,False,18,65,True,True,True
49943,2021,MP40,2,371796,66454,66454,914,Round 2,2021-05-23,Brian Betit,899,The Quarries Disc Golf ,Blue Tees,61,18,4,14:50:00,65,4,892,131,True,False,18,65,True,True,True
49943,2021,MP40,2,371796,15089,15089,934,Round 2,2021-05-23,Jeremy JJ Becker,887,The Quarries Disc Golf ,Blue Tees,61,18,4,14:40:00,64,3,901,132,True,False,18,64,True,True,True
49943,2021,MP40,2,371796,73588,73588,878,Round 2,2021-05-23,Will Cleland,910,The Quarries Disc Golf ,Blue Tees,61,18,3,14:40:00,69,8,855,136,True,False,18,69,True,True,True
49943,2021,MP40,2,371796,94273,94273,881,Round 2,2021-05-23,Marques Pozzani,863,The Quarries Disc Golf ,Blue Tees,61,18,3,14:50:00,74,13,808,138,True,False,18,74,True,True,True
49943,2021,MP50,1,371796,77623,77623,912,Round 1,2021-05-23,Cary Powell,909,The Quarries Disc Golf ,Blue Tees,61,18,2,14:20:00,54,-7,994,117,True,False,18,54,True,True,True
49943,2021,MP50,1,371796,84880,84880,910,Round 1,2021-05-23,Marcos Miller,,The Quarries Disc Golf ,Blue Tees,61,18,3,14:20:00,61,0,929,124,True,False,18,61,True,True,True
49943,2021,MP50,2,371796,77623,77623,912,Round 2,2021-05-23,Cary Powell,909,The Quarries Disc Golf ,Blue Tees,61,18,1,14:40:00,63,2,911,117,True,False,18,63,True,True,True
49943,2021,MP50,2,371796,84880,84880,910,Round 2,2021-05-23,Marcos Miller,,The Quarries Disc Golf ,Blue Tees,61,18,2,14:40:00,63,2,911,124,True,False,18,63,True,True,True
49943,2021,MPO,1,371796,86089,86089,1010,Round 1,2021-05-23,Josh DiBattista,1000,The Quarries Disc Golf ,Blue Tees,61,18,1,13:20:00,50,-11,1032,104,True,False,18,50,True,True,True
49943,2021,MPO,1,371796,81283,81283,976,Round 1,2021-05-23,Ronnie Bennett,968,The Quarries Disc Golf ,Blue Tees,61,18,2,13:30:00,54,-7,994,116,True,False,18,54,True,True,True
49943,2021,MPO,1,371796,53718,53718,940,Round 1,2021-05-23,Nicholas Ailes,,The Quarries Disc Golf ,Blue Tees,61,18,1,13:10:00,55,-6,985,116,True,False,18,55,True,True,True
49943,2021,MPO,1,371796,94450,94450,947,Round 1,2021-05-23,Brendan Rollins,958,The Quarries Disc Golf ,Blue Tees,61,18,3,13:50:00,55,-6,985,110,True,False,18,55,True,True,True
49943,2021,MPO,1,371796,103627,103627,985,Round 1,2021-05-23,Clayton Davis,,The Quarries Disc Golf ,Blue Tees,61,18,4,14:00:00,56,-5,976,109,True,False,18,56,True,True,True
49943,2021,MPO,1,371796,114674,114674,905,Round 1,2021-05-23,Jordan Lamson,,The Quarries Disc Golf ,Blue Tees,61,18,2,13:40:00,57,-4,966,121,True,False,18,57,True,True,True
49943,2021,MPO,1,371796,140874,140874,936,Round 1,2021-05-23,Hunter Martin,953,The Quarries Disc Golf ,Blue Tees,61,18,4,13:40:00,57,-4,966,116,True,False,18,57,True,True,True
49943,2021,MPO,1,371796,59129,59129,944,Round 1,2021-05-23,Kealan Dunne,986,The Quarries Disc Golf ,Blue Tees,61,18,1,13:50:00,58,-3,957,114,True,False,18,58,True,True,True
49943,2021,MPO,1,371796,83156,83156,958,Round 1,2021-05-23,Edwin Bedell,,The Quarries Disc Golf ,Blue Tees,61,18,2,13:50:00,58,-3,957,113,True,False,18,58,True,True,True
49943,2021,MPO,1,371796,107234,107234,905,Round 1,2021-05-23,Sebastian Marshall,,The Quarries Disc Golf ,Blue Tees,61,18,4,13:10:00,58,-3,957,122,True,False,18,58,True,True,True
49943,2021,MPO,1,371796,138402,138402,876,Round 1,2021-05-23,Kenneth Antonich,,The Quarries Disc Golf ,Blue Tees,61,18,4,14:10:00,58,-3,957,123,True,False,18,58,True,True,True
49943,2021,MPO,1,371796,100341,100341,927,Round 1,2021-05-23,Kevin Avery,,The Quarries Disc Golf ,Blue Tees,61,18,2,13:20:00,60,-1,938,124,True,False,18,60,True,True,True
49943,2021,MPO,1,371796,name:robbie wix,,,Round 1,2021-05-23,Robbie Wix,,The Quarries Disc Golf ,Blue Tees,61,18,3,13:10:00,60,-1,938,122,True,False,18,60,True,True,True
49943,2021,MPO,1,371796,45817,45817,980,Round 1,2021-05-23,Dylan Dunne,,The Quarries Disc Golf ,Blue Tees,61,18,1,14:00:00,61,0,929,126,True,False,18,61,True,True,True
49943,2021,MPO,1,371796,76811,76811,978,Round 1,2021-05-23,Able Virgile,,The Quarries Disc Golf ,Blue Tees,61,18,2,14:00:00,61,0,929,122,True,False,18,61,True,True,True
49943,2021,MPO,1,371796,101763,101763,883,Round 1,2021-05-23,Spencer Sutherland,917,The Quarries Disc Golf ,Blue Tees,61,18,4,13:50:00,61,0,929,128,True,False,18,61,True,True,True
49943,2021,MPO,1,371796,101829,101829,938,Round 1,2021-05-23,Joshua Storgaard,,The Quarries Disc Golf ,Blue Tees,61,18,1,13:40:00,62,1,920,125,True,False,18,62,True,True,True
49943,2021,MPO,1,371796,130922,130922,916,Round 1,2021-05-23,James Bowley,,The Quarries Disc Golf ,Blue Tees,61,18,3,13:20:00,62,1,920,120,True,False,18,62,True,True,True
49943,2021,MPO,1,371796,136903,136903,957,Round 1,2021-05-23,Alex Ferguson,957,The Quarries Disc Golf ,Blue Tees,61,18,3,13:40:00,63,2,911,126,True,False,18,63,True,True,True
49943,2021,MPO,1,371796,77274,77274,937,Round 1,2021-05-23,tom shanley,984,The Quarries Disc Golf ,Blue Tees,61,18,1,14:10:00,64,3,901,121,True,False,18,64,True,True,True
49943,2021,MPO,1,371796,108989,108989,901,Round 1,2021-05-23,Erik Osborne,,The Quarries Disc Golf ,Blue Tees,61,18,3,14:10:00,64,3,901,128,True,False,18,64,True,True,True
49943,2021,MPO,1,371796,122739,122739,925,Round 1,2021-05-23,Adam Green,977,The Quarries Disc Golf ,Blue Tees,61,18,4,13:30:00,64,3,901,120,True,False,18,64,True,True,True
49943,2021,MPO,1,371796,name:chris keller,,,Round 1,2021-05-23,Chris Keller,,The Quarries Disc Golf ,Blue Tees,61,18,4,13:20:00,64,3,901,137,True,False,18,64,True,True,True
49943,2021,MPO,1,371796,85036,85036,895,Round 1,2021-05-23,Nolan Power,,The Quarries Disc Golf ,Blue Tees,61,18,3,14:00:00,65,4,892,130,True,False,18,65,True,True,True
49943,2021,MPO,1,371796,99260,99260,893,Round 1,2021-05-23,Matthew Martell,880,The Quarries Disc Golf ,Blue Tees,61,18,2,14:10:00,65,4,892,127,True,False,18,65,True,True,True
49943,2021,MPO,1,371796,78132,78132,924,Round 1,2021-05-23,Jairus Larson,,The Quarries Disc Golf ,Blue Tees,61,18,1,13:30:00,68,7,864,131,True,False,18,68,True,True,True
49943,2021,MPO,1,371796,82340,82340,886,Round 1,2021-05-23,Justin Leonard,912,The Quarries Disc Golf ,Blue Tees,61,18,3,13:30:00,68,7,864,129,True,False,18,68,True,True,True
49943,2021,MPO,1,371796,116370,116370,919,Round 1,2021-05-23,Tyler Moriarty,,The Quarries Disc Golf ,Blue Tees,61,18,2,13:10:00,69,8,855,134,True,False,18,69,True,True,True
49943,2021,MPO,2,371796,86089,86089,1010,Round 2,2021-05-23,Josh DiBattista,1000,The Quarries Disc Golf ,Blue Tees,61,18,1,14:30:00,54,-7,994,104,True,False,18,54,True,True,True
49943,2021,MPO,2,371796,103627,103627,985,Round 2,2021-05-23,Clayton Davis,,The Quarries Disc Golf ,Blue Tees,61,18,1,14:20:00,53,-8,1004,109,True,False,18,53,True,True,True
49943,2021,MPO,2,371796,94450,94450,947,Round 2,2021-05-23,Brendan Rollins,958,The Quarries Disc Golf ,Blue Tees,61,18,4,14:30:00,55,-6,985,110,True,False,18,55,True,True,True
49943,2021,MPO,2,371796,83156,83156,958,Round 2,2021-05-23,Edwin Bedell,,The Quarries Disc Golf ,Blue Tees,61,18,1,14:10:00,55,-6,985,113,True,False,18,55,True,True,True
49943,2021,MPO,2,371796,59129,59129,944,Round 2,2021-05-23,Kealan Dunne,986,The Quarries Disc Golf ,Blue Tees,61,18,4,14:20:00,56,-5,976,114,True,False,18,56,True,True,True
49943,2021,MPO,2,371796,140874,140874,936,Round 2,2021-05-23,Hunter Martin,953,The Quarries Disc Golf ,Blue Tees,61,18,3,14:20:00,59,-2,948,116,True,False,18,59,True,True,True
49943,2021,MPO,2,371796,53718,53718,940,Round 2,2021-05-23,Nicholas Ailes,,The Quarries Disc Golf ,Blue Tees,61,18,3,14:30:00,61,0,929,116,True,False,18,61,True,True,True
49943,2021,MPO,2,371796,81283,81283,976,Round 2,2021-05-23,Ronnie Bennett,968,The Quarries Disc Golf ,Blue Tees,61,18,2,14:30:00,62,1,920,116,True,False,18,62,True,True,True
49943,2021,MPO,2,371796,122739,122739,925,Round 2,2021-05-23,Adam Green,977,The Quarries Disc Golf ,Blue Tees,61,18,2,13:40:00,56,-5,976,120,True,False,18,56,True,True,True
49943,2021,MPO,2,371796,130922,130922,916,Round 2,2021-05-23,James Bowley,,The Quarries Disc Golf ,Blue Tees,61,18,2,13:50:00,58,-3,957,120,True,False,18,58,True,True,True
49943,2021,MPO,2,371796,77274,77274,937,Round 2,2021-05-23,tom shanley,984,The Quarries Disc Golf ,Blue Tees,61,18,4,13:50:00,57,-4,966,121,True,False,18,57,True,True,True
49943,2021,MPO,2,371796,114674,114674,905,Round 2,2021-05-23,Jordan Lamson,,The Quarries Disc Golf ,Blue Tees,61,18,2,14:20:00,64,3,901,121,True,False,18,64,True,True,True
49943,2021,MPO,2,371796,76811,76811,978,Round 2,2021-05-23,Able Virgile,,The Quarries Disc Golf ,Blue Tees,61,18,3,14:00:00,61,0,929,122,True,False,18,61,True,True,True
49943,2021,MPO,2,371796,name:robbie wix,,,Round 2,2021-05-23,Robbie Wix,,The Quarries Disc Golf ,Blue Tees,61,18,1,14:00:00,62,1,920,122,True,False,18,62,True,True,True
49943,2021,MPO,2,371796,107234,107234,905,Round 2,2021-05-23,Sebastian Marshall,,The Quarries Disc Golf ,Blue Tees,61,18,2,14:10:00,64,3,901,122,True,False,18,64,True,True,True
49943,2021,MPO,2,371796,138402,138402,876,Round 2,2021-05-23,Kenneth Antonich,,The Quarries Disc Golf ,Blue Tees,61,18,3,14:10:00,65,4,892,123,True,False,18,65,True,True,True
49943,2021,MPO,2,371796,100341,100341,927,Round 2,2021-05-23,Kevin Avery,,The Quarries Disc Golf ,Blue Tees,61,18,4,14:10:00,64,3,901,124,True,False,18,64,True,True,True
49943,2021,MPO,2,371796,101829,101829,938,Round 2,2021-05-23,Joshua Storgaard,,The Quarries Disc Golf ,Blue Tees,61,18,1,13:50:00,63,2,911,125,True,False,18,63,True,True,True
49943,2021,MPO,2,371796,136903,136903,957,Round 2,2021-05-23,Alex Ferguson,957,The Quarries Disc Golf ,Blue Tees,61,18,3,13:50:00,63,2,911,126,True,False,18,63,True,True,True
49943,2021,MPO,2,371796,45817,45817,980,Round 2,2021-05-23,Dylan Dunne,,The Quarries Disc Golf ,Blue Tees,61,18,2,14:00:00,65,4,892,126,True,False,18,65,True,True,True
49943,2021,MPO,2,371796,99260,99260,893,Round 2,2021-05-23,Matthew Martell,880,The Quarries Disc Golf ,Blue Tees,61,18,1,13:30:00,62,1,920,127,True,False,18,62,True,True,True
49943,2021,MPO,2,371796,108989,108989,901,Round 2,2021-05-23,Erik Osborne,,The Quarries Disc Golf ,Blue Tees,61,18,1,13:40:00,64,3,901,128,True,False,18,64,True,True,True
49943,2021,MPO,2,371796,101763,101763,883,Round 2,2021-05-23,Spencer Sutherland,917,The Quarries Disc Golf ,Blue Tees,61,18,4,14:00:00,67,6,873,128,True,False,18,67,True,True,True
49943,2021,MPO,2,371796,82340,82340,886,Round 2,2021-05-23,Justin Leonard,912,The Quarries Disc Golf ,Blue Tees,61,18,3,13:30:00,61,0,929,129,True,False,18,61,True,True,True
49943,2021,MPO,2,371796,85036,85036,895,Round 2,2021-05-23,Nolan Power,,The Quarries Disc Golf ,Blue Tees,61,18,4,13:40:00,65,4,892,130,True,False,18,65,True,True,True
49943,2021,MPO,2,371796,78132,78132,924,Round 2,2021-05-23,Jairus Larson,,The Quarries Disc Golf ,Blue Tees,61,18,2,13:30:00,63,2,911,131,True,False,18,63,True,True,True
49943,2021,MPO,2,371796,116370,116370,919,Round 2,2021-05-23,Tyler Moriarty,,The Quarries Disc Golf ,Blue Tees,61,18,4,13:30:00,65,4,892,134,True,False,18,65,True,True,True
49943,2021,MPO,2,371796,name:chris keller,,,Round 2,2021-05-23,Chris Keller,,The Quarries Disc Golf ,Blue Tees,61,18,3,13:40:00,73,12,817,137,True,False,18,73,True,True,True
49944,2021,FA1,1,375916,name:mariz mangundayao,,,Round 1,2021-06-06,Mariz Mangundayao,,Center Chains DGC at Hope A. Davey Park,Blue Tees,54,18,4,14:20:00,55,1,882,113,True,False,18,55,True,True,True
49944,2021,FA1,1,375916,174640,174640,,Round 1,2021-06-06,Maureen McGuinness,,Center Chains DGC at Hope A. Davey Park,Blue Tees,54,18,3,14:20:00,60,6,820,122,True,False,18,60,True,True,True
49944,2021,FA1,1,375916,name:harley fjeld,,,Round 1,2021-06-06,Harley Fjeld,,Center Chains DGC at Hope A. Davey Park,Blue Tees,54,18,1,14:10:00,64,10,770,130,True,False,18,64,True,True,True
49944,2021,FA1,1,375916,165174,165174,693,Round 1,2021-06-06,Kiree LaPointe,,Center Chains DGC at Hope A. Davey Park,Blue Tees,54,18,3,14:10:00,66,12,745,133,True,False,18,66,True,True,True
49944,2021,FA1,1,375916,name:kayla neumeister,,,Round 1,2021-06-06,Kayla Neumeister,,Center Chains DGC at Hope A. Davey Park,Blue Tees,54,18,2,14:10:00,71,17,683,141,True,False,18,71,True,True,True
49944,2021,FA1,2,375916,name:mariz mangundayao,,,Round 2,2021-06-06,Mariz Mangundayao,,Center Chains DGC at Hope A. Davey Park,Blue Tees,54,18,1,12:20:00,58,4,845,113,True,False,18,58,True,True,True
49944,2021,FA1,2,375916,174640,174640,,Round 2,2021-06-06,Maureen McGuinness,,Center Chains DGC at Hope A. Davey Park,Blue Tees,54,18,2,12:20:00,62,8,795,122,True,False,18,62,True,True,True
49944,2021,FA1,2,375916,name:harley fjeld,,,Round 2,2021-06-06,Harley Fjeld,,Center Chains DGC at Hope A. Davey Park,Blue Tees,54,18,3,12:20:00,66,12,745,130,True,False,18,66,True,True,True
49944,2021,FA1,2,375916,165174,165174,693,Round 2,2021-06-06,Kiree LaPointe,,Center Chains DGC at Hope A. Davey Park,Blue Tees,54,18,4,12:20:00,67,13,733,133,True,False,18,67,True,True,True
49944,2021,FA1,2,375916,name:kayla neumeister,,,Round 2,2021-06-06,Kayla Neumeister,,Center Chains DGC at Hope A. Davey Park,Blue Tees,54,18,5,12:20:00,70,16,696,141,True,False,18,70,True,True,True
49944,2021,FA2,1,375921,157302,157302,,Round 1,2021-06-06,Jen Cotton,,Center Chains DGC at Hope A. Davey Park,White Tees,54,18,2,08:40:00,55,1,811,109,True,False,18,55,True,True,True
49944,2021,FA2,1,375921,121311,121311,749,Round 1,2021-06-06,Emily Braun,845,Center Chains DGC at Hope A. Davey Park,White Tees,54,18,1,08:20:00,59,5,753,116,True,False,18,59,True,True,True
49944,2021,FA2,1,375921,125884,125884,737,Round 1,2021-06-06,Kaidence Moore,809,Center Chains DGC at Hope A. Davey Park,White Tees,54,18,1,08:50:00,59,5,753,113,True,False,18,59,True,True,True
49944,2021,FA2,1,375921,159333,159333,671,Round 1,2021-06-06,Laura Rajnak,,Center Chains DGC at Hope A. Davey Park,White Tees,54,18,3,08:40:00,59,5,753,118,True,False,18,59,True,True,True
49944,2021,FA2,1,375921,174969,174969,,Round 1,2021-06-06,Emily Beaudin,,Center Chains DGC at Hope A. Davey Park,White Tees,54,18,3,08:20:00,60,6,739,130,True,False,18,60,True,True,True
49944,2021,FA2,1,375921,name:julia ribeiro,,,Round 1,2021-06-06,Julia Ribeiro,,Center Chains DGC at Hope A. Davey Park,White Tees,54,18,4,08:50:00,61,7,725,122,True,False,18,61,True,True,True
49944,2021,FA2,1,375921,161120,161120,678,Round 1,2021-06-06,Lela Fitzpatrick,,Center Chains DGC at Hope A. Davey Park,White Tees,54,18,2,08:50:00,62,8,710,120,True,False,18,62,True,True,True
49944,2021,FA2,1,375921,139248,139248,674,Round 1,2021-06-06,Valerie Beaudin,,Center Chains DGC at Hope A. Davey Park,White Tees,54,18,1,08:40:00,64,10,682,129,True,False,18,64,True,True,True
49944,2021,FA2,1,375921,172895,172895,505,Round 1,2021-06-06,Cara Tatro,737,Center Chains DGC at Hope A. Davey Park,White Tees,54,18,4,08:40:00,64,10,682,125,True,False,18,64,True,True,True
49944,2021,FA2,1,375921,172788,172788,622,Round 1,2021-06-06,Katie Oram,,Center Chains DGC at Hope A. Davey Park,White Tees,54,18,2,08:20:00,65,11,667,127,True,False,18,65,True,True,True
49944,2021,FA2,1,375921,name:taylor cammer,,,Round 1,2021-06-06,Taylor Cammer,,Center Chains DGC at Hope A. Davey Park,White Tees,54,18,2,08:30:00,70,16,596,134,True,False,18,70,True,True,True
49944,2021,FA2,1,375921,161647,161647,665,Round 1,2021-06-06,Michele Sargent,611,Center Chains DGC at Hope A. Davey Park,White Tees,54,18,1,08:30:00,74,20,539,142,True,False,18,74,True,True,True
49944,2021,FA2,2,375921,157302,157302,,Round 2,2021-06-06,Jen Cotton,,Center Chains DGC at Hope A. Davey Park,White Tees,54,18,1,08:40:00,54,0,825,109,True,False,18,54,True,True,True
49944,2021,FA2,2,375921,125884,125884,737,Round 2,2021-06-06,Kaidence Moore,809,Center Chains DGC at Hope A. Davey Park,White Tees,54,18,3,08:40:00,54,0,825,113,True,False,18,54,True,True,True
49944,2021,FA2,2,375921,121311,121311,749,Round 2,2021-06-06,Emily Braun,845,Center Chains DGC at Hope A. Davey Park,White Tees,54,18,2,08:40:00,57,3,782,116,True,False,18,57,True,True,True
49944,2021,FA2,2,375921,159333,159333,671,Round 2,2021-06-06,Laura Rajnak,,Center Chains DGC at Hope A. Davey Park,White Tees,54,18,4,08:40:00,59,5,753,118,True,False,18,59,True,True,True
49944,2021,FA2,2,375921,161120,161120,678,Round 2,2021-06-06,Lela Fitzpatrick,,Center Chains DGC at Hope A. Davey Park,White Tees,54,18,3,08:30:00,58,4,768,120,True,False,18,58,True,True,True
49944,2021,FA2,2,375921,name:julia ribeiro,,,Round 2,2021-06-06,Julia Ribeiro,,Center Chains DGC at Hope A. Davey Park,White Tees,54,18,2,08:30:00,61,7,725,122,True,False,18,61,True,True,True
49944,2021,FA2,2,375921,172895,172895,505,Round 2,2021-06-06,Cara Tatro,737,Center Chains DGC at Hope A. Davey Park,White Tees,54,18,2,08:20:00,61,7,725,125,True,False,18,61,True,True,True
49944,2021,FA2,2,375921,172788,172788,622,Round 2,2021-06-06,Katie Oram,,Center Chains DGC at Hope A. Davey Park,White Tees,54,18,3,08:20:00,62,8,710,127,True,False,18,62,True,True,True
49944,2021,FA2,2,375921,139248,139248,674,Round 2,2021-06-06,Valerie Beaudin,,Center Chains DGC at Hope A. Davey Park,White Tees,54,18,1,08:20:00,65,11,667,129,True,False,18,65,True,True,True
49944,2021,FA2,2,375921,174969,174969,,Round 2,2021-06-06,Emily Beaudin,,Center Chains DGC at Hope A. Davey Park,White Tees,54,18,1,08:30:00,70,16,596,130,True,False,18,70,True,True,True
49944,2021,FA2,2,375921,name:taylor cammer,,,Round 2,2021-06-06,Taylor Cammer,,Center Chains DGC at Hope A. Davey Park,White Tees,54,18,3,08:10:00,64,10,682,134,True,False,18,64,True,True,True
49944,2021,FA2,2,375921,161647,161647,665,Round 2,2021-06-06,Michele Sargent,611,Center Chains DGC at Hope A. Davey Park,White Tees,54,18,4,08:10:00,68,14,625,142,True,False,18,68,True,True,True
49944,2021,FA3,1,375921,name:jennifer macdonough,,,Round 1,2021-06-06,Jennifer MacDonough,,Center Chains DGC at Hope A. Davey Park,White Tees,54,18,4,08:30:00,67,13,639,136,True,False,18,67,True,True,True
49944,2021,FA3,2,375921,name:jennifer macdonough,,,Round 2,2021-06-06,Jennifer MacDonough,,Center Chains DGC at Hope A. Davey Park,White Tees,54,18,2,08:10:00,69,15,610,136,True,False,18,69,True,True,True
49944,2021,FPO,1,375916,96030,96030,941,Round 1,2021-06-06,Alex Benson,,Center Chains DGC at Hope A. Davey Park,Blue Tees,54,18,1,14:30:00,52,-2,919,103,True,False,18,52,True,True,True
49944,2021,FPO,1,375916,132857,132857,820,Round 1,2021-06-06,Serena Lamson,,Center Chains DGC at Hope A. Davey Park,Blue Tees,54,18,2,14:30:00,58,4,845,117,True,False,18,58,True,True,True
49944,2021,FPO,2,375916,96030,96030,941,Round 2,2021-06-06,Alex Benson,,Center Chains DGC at Hope A. Davey Park,Blue Tees,54,18,1,11:10:00,51,-3,932,103,True,False,18,51,True,True,True
49944,2021,FPO,2,375916,132857,132857,820,Round 2,2021-06-06,Serena Lamson,,Center Chains DGC at Hope A. Davey Park,Blue Tees,54,18,3,11:10:00,59,5,832,117,True,False,18,59,True,True,True
49944,2021,MA1,1,375916,101589,101589,914,Round 1,2021-06-06,Joey de Ondarza,948,Center Chains DGC at Hope A. Davey Park,Blue Tees,54,18,2,13:40:00,46,-8,994,96,True,False,18,46,True,True,True
49944,2021,MA1,1,375916,177256,177256,,Round 1,2021-06-06,Stephen Donahue,,Center Chains DGC at Hope A. Davey Park,Blue Tees,54,18,3,12:40:00,47,-7,981,93,True,False,18,47,True,True,True
49944,2021,MA1,1,375916,100885,100885,920,Round 1,2021-06-06,Jacob Moore,945,Center Chains DGC at Hope A. Davey Park,Blue Tees,54,18,2,12:30:00,49,-5,957,100,True,False,18,49,True,True,True
49944,2021,MA1,1,375916,136937,136937,891,Round 1,2021-06-06,Zach Bossier,,Center Chains DGC at Hope A. Davey Park,Blue Tees,54,18,2,13:10:00,49,-5,957,97,True,False,18,49,True,True,True
49944,2021,MA1,1,375916,157191,157191,923,Round 1,2021-06-06,Ben Riendeau,,Center Chains DGC at Hope A. Davey Park,Blue Tees,54,18,4,13:50:00,49,-5,957,104,True,False,18,49,True,True,True
49944,2021,MA1,1,375916,27512,27512,927,Round 1,2021-06-06,Jason Parker,924,Center Chains DGC at Hope A. Davey Park,Blue Tees,54,18,1,13:00:00,51,-3,932,100,True,False,18,51,True,True,True
49944,2021,MA1,1,375916,89829,89829,905,Round 1,2021-06-06,Garrett Washburn,923,Center Chains DGC at Hope A. Davey Park,Blue Tees,54,18,1,12:30:00,51,-3,932,105,True,False,18,51,True,True,True
49944,2021,MA1,1,375916,118928,118928,933,Round 1,2021-06-06,Tyler Pomichter,926,Center Chains DGC at Hope A. Davey Park,Blue Tees,54,18,1,12:40:00,51,-3,932,102,True,False,18,51,True,True,True
49944,2021,MA1,1,375916,125328,125328,880,Round 1,2021-06-06,Dana Carpenter,,Center Chains DGC at Hope A. Davey Park,Blue Tees,54,18,1,13:10:00,51,-3,932,109,True,False,18,51,True,True,True
49944,2021,MA1,1,375916,name:mike casey,,,Round 1,2021-06-06,Mike Casey,,Center Chains DGC at Hope A. Davey Park,Blue Tees,54,18,4,12:30:00,51,-3,932,103,True,False,18,51,True,True,True
49944,2021,MA1,1,375916,96355,96355,905,Round 1,2021-06-06,Louis Annino,906,Center Chains DGC at Hope A. Davey Park,Blue Tees,54,18,1,14:00:00,52,-2,919,100,True,False,18,52,True,True,True
49944,2021,MA1,1,375916,115873,115873,936,Round 1,2021-06-06,Tyler Riel,,Center Chains DGC at Hope A. Davey Park,Blue Tees,54,18,2,14:00:00,52,-2,919,105,True,False,18,52,True,True,True
49944,2021,MA1,1,375916,121362,121362,933,Round 1,2021-06-06,Jonathan Russo,951,Center Chains DGC at Hope A. Davey Park,Blue Tees,54,18,2,12:20:00,52,-2,919,100,True,False,18,52,True,True,True
49944,2021,MA1,1,375916,141901,141901,874,Round 1,2021-06-06,Quinn Ledak,,Center Chains DGC at Hope A. Davey Park,Blue Tees,54,18,2,12:50:00,52,-2,919,109,True,False,18,52,True,True,True
49944,2021,MA1,1,375916,93062,93062,876,Round 1,2021-06-06,Tom Slimm,,Center Chains DGC at Hope A. Davey Park,Blue Tees,54,18,1,13:40:00,53,-1,907,111,True,False,18,53,True,True,True
49944,2021,MA1,1,375916,136942,136942,828,Round 1,2021-06-06,Christopher Larock,,Center Chains DGC at Hope A. Davey Park,Blue Tees,54,18,4,13:20:00,53,-1,907,116,True,False,18,53,True,True,True
49944,2021,MA1,1,375916,name:cameron mack,,,Round 1,2021-06-06,Cameron Mack,,Center Chains DGC at Hope A. Davey Park,Blue Tees,54,18,3,13:30:00,53,-1,907,107,True,False,18,53,True,True,True
49944,2021,MA1,1,375916,96154,96154,865,Round 1,2021-06-06,Travis Jacques,871,Center Chains DGC at Hope A. Davey Park,Blue Tees,54,18,1,13:20:00,54,0,894,113,True,False,18,54,True,True,True
49944,2021,MA1,1,375916,138321,138321,910,Round 1,2021-06-06,Nathan Doudera,,Center Chains DGC at Hope A. Davey Park,Blue Tees,54,18,2,13:30:00,54,0,894,106,True,False,18,54,True,True,True
49944,2021,MA1,1,375916,142744,142744,879,Round 1,2021-06-06,Abel German,974,Center Chains DGC at Hope A. Davey Park,Blue Tees,54,18,3,13:50:00,54,0,894,112,True,False,18,54,True,True,True
49944,2021,MA1,1,375916,175457,175457,,Round 1,2021-06-06,Nathan Beningson,,Center Chains DGC at Hope A. Davey Park,Blue Tees,54,18,4,13:00:00,54,0,894,106,True,False,18,54,True,True,True
49944,2021,MA1,1,375916,name:jordan kaufman,,,Round 1,2021-06-06,Jordan Kaufman,,Center Chains DGC at Hope A. Davey Park,Blue Tees,54,18,4,13:40:00,54,0,894,104,True,False,18,54,True,True,True
49944,2021,MA1,1,375916,name:nolan benoit,,,Round 1,2021-06-06,Nolan Benoit,,Center Chains DGC at Hope A. Davey Park,Blue Tees,54,18,4,12:40:00,54,0,894,106,True,False,18,54,True,True,True
49944,2021,MA1,1,375916,name:dan beem,,,Round 1,2021-06-06,Dan Beem,,Center Chains DGC at Hope A. Davey Park,Blue Tees,54,18,3,13:10:00,54,0,894,108,True,False,18,54,True,True,True
49944,2021,MA1,1,375916,120536,120536,851,Round 1,2021-06-06,Andrew Palumbo,,Center Chains DGC at Hope A. Davey Park,Blue Tees,54,18,3,12:30:00,55,1,882,113,True,False,18,55,True,True,True
49944,2021,MA1,1,375916,109604,109604,900,Round 1,2021-06-06,Jeremy Hulsey,914,Center Chains DGC at Hope A. Davey Park,Blue Tees,54,18,2,13:20:00,56,2,870,106,True,False,18,56,True,True,True
49944,2021,MA1,1,375916,110707,110707,910,Round 1,2021-06-06,Jason Wilson,927,Center Chains DGC at Hope A. Davey Park,Blue Tees,54,18,2,13:00:00,56,2,870,,True,False,18,56,True,True,True
49944,2021,MA1,1,375916,132139,132139,905,Round 1,2021-06-06,Logan Foss,,Center Chains DGC at Hope A. Davey Park,Blue Tees,54,18,5,12:20:00,56,2,870,112,True,False,18,56,True,True,True
49944,2021,MA1,1,375916,158664,158664,,Round 1,2021-06-06,Michael Desisto,,Center Chains DGC at Hope A. Davey Park,Blue Tees,54,18,3,12:50:00,56,2,870,111,True,False,18,56,True,True,True
49944,2021,MA1,1,375916,177127,177127,,Round 1,2021-06-06,Sam Callison,,Center Chains DGC at Hope A. Davey Park,Blue Tees,54,18,2,12:40:00,56,2,870,113,True,False,18,56,True,True,True
49944,2021,MA1,1,375916,98280,98280,916,Round 1,2021-06-06,Nicholas Reilly,932,Center Chains DGC at Hope A. Davey Park,Blue Tees,54,18,1,13:50:00,57,3,857,110,True,False,18,57,True,True,True
49944,2021,MA1,1,375916,121418,121418,910,Round 1,2021-06-06,Brian Charash,,Center Chains DGC at Hope A. Davey Park,Blue Tees,54,18,1,12:50:00,57,3,857,116,True,False,18,57,True,True,True
49944,2021,MA1,1,375916,178064,178064,,Round 1,2021-06-06,Peter Walke,,Center Chains DGC at Hope A. Davey Park,Blue Tees,54,18,3,14:00:00,57,3,857,107,True,False,18,57,True,True,True
49944,2021,MA1,1,375916,name:evan hollar,,,Round 1,2021-06-06,Evan Hollar,,Center Chains DGC at Hope A. Davey Park,Blue Tees,54,18,4,12:50:00,57,3,857,106,True,False,18,57,True,True,True
49944,2021,MA1,1,375916,name:richard bradley,,,Round 1,2021-06-06,Richard Bradley,,Center Chains DGC at Hope A. Davey Park,Blue Tees,54,18,3,13:20:00,57,3,857,108,True,False,18,57,True,True,True
49944,2021,MA1,1,375916,name:alex guillen,,,Round 1,2021-06-06,Alex Guillen,,Center Chains DGC at Hope A. Davey Park,Blue Tees,54,18,4,13:10:00,57,3,857,113,True,False,18,57,True,True,True
49944,2021,MA1,1,375916,83636,83636,872,Round 1,2021-06-06,Mike Finn,,Center Chains DGC at Hope A. Davey Park,Blue Tees,54,18,1,12:20:00,58,4,845,114,True,False,18,58,True,True,True
49944,2021,MA1,1,375916,109527,109527,884,Round 1,2021-06-06,Mike Wenzel,901,Center Chains DGC at Hope A. Davey Park,Blue Tees,54,18,1,13:30:00,58,4,845,113,True,False,18,58,True,True,True
49944,2021,MA1,1,375916,50816,50816,863,Round 1,2021-06-06,Tristan Whitehouse,,Center Chains DGC at Hope A. Davey Park,Blue Tees,54,18,4,12:20:00,59,5,832,117,True,False,18,59,True,True,True
49944,2021,MA1,1,375916,118694,118694,857,Round 1,2021-06-06,Jordan Patterson,,Center Chains DGC at Hope A. Davey Park,Blue Tees,54,18,3,13:40:00,59,5,832,117,True,False,18,59,True,True,True
49944,2021,MA1,1,375916,132448,132448,890,Round 1,2021-06-06,Douglas Legris,,Center Chains DGC at Hope A. Davey Park,Blue Tees,54,18,2,13:50:00,62,8,795,114,True,False,18,62,True,True,True
49944,2021,MA1,2,375916,177256,177256,,Round 2,2021-06-06,Stephen Donahue,,Center Chains DGC at Hope A. Davey Park,Blue Tees,54,18,2,14:20:00,46,-8,994,93,True,False,18,46,True,True,True
49944,2021,MA1,2,375916,101589,101589,914,Round 2,2021-06-06,Joey de Ondarza,948,Center Chains DGC at Hope A. Davey Park,Blue Tees,54,18,1,14:20:00,50,-4,944,96,True,False,18,50,True,True,True
49944,2021,MA1,2,375916,136937,136937,891,Round 2,2021-06-06,Zach Bossier,,Center Chains DGC at Hope A. Davey Park,Blue Tees,54,18,4,14:20:00,48,-6,969,97,True,False,18,48,True,True,True
49944,2021,MA1,2,375916,96355,96355,905,Round 2,2021-06-06,Louis Annino,906,Center Chains DGC at Hope A. Davey Park,Blue Tees,54,18,3,14:00:00,48,-6,969,100,True,False,18,48,True,True,True
49944,2021,MA1,2,375916,121362,121362,933,Round 2,2021-06-06,Jonathan Russo,951,Center Chains DGC at Hope A. Davey Park,Blue Tees,54,18,1,13:50:00,48,-6,969,100,True,False,18,48,True,True,True
49944,2021,MA1,2,375916,27512,27512,927,Round 2,2021-06-06,Jason Parker,924,Center Chains DGC at Hope A. Davey Park,Blue Tees,54,18,2,14:10:00,49,-5,957,100,True,False,18,49,True,True,True
49944,2021,MA1,2,375916,100885,100885,920,Round 2,2021-06-06,Jacob Moore,945,Center Chains DGC at Hope A. Davey Park,Blue Tees,54,18,3,14:20:00,51,-3,932,100,True,False,18,51,True,True,True
49944,2021,MA1,2,375916,118928,118928,933,Round 2,2021-06-06,Tyler Pomichter,926,Center Chains DGC at Hope A. Davey Park,Blue Tees,54,18,4,14:10:00,51,-3,932,102,True,False,18,51,True,True,True
49944,2021,MA1,2,375916,name:mike casey,,,Round 2,2021-06-06,Mike Casey,,Center Chains DGC at Hope A. Davey Park,Blue Tees,54,18,2,14:00:00,52,-2,919,103,True,False,18,52,True,True,True
49944,2021,MA1,2,375916,name:jordan kaufman,,,Round 2,2021-06-06,Jordan Kaufman,,Center Chains DGC at Hope A. Davey Park,Blue Tees,54,18,4,13:30:00,50,-4,944,104,True,False,18,50,True,True,True
49944,2021,MA1,2,375916,157191,157191,923,Round 2,2021-06-06,Ben Riendeau,,Center Chains DGC at Hope A. Davey Park,Blue Tees,54,18,1,14:10:00,55,1,882,104,True,False,18,55,True,True,True
49944,2021,MA1,2,375916,115873,115873,936,Round 2,2021-06-06,Tyler Riel,,Center Chains DGC at Hope A. Davey Park,Blue Tees,54,18,4,14:00:00,53,-1,907,105,True,False,18,53,True,True,True
49944,2021,MA1,2,375916,89829,89829,905,Round 2,2021-06-06,Garrett Washburn,923,Center Chains DGC at Hope A. Davey Park,Blue Tees,54,18,3,14:10:00,54,0,894,105,True,False,18,54,True,True,True
49944,2021,MA1,2,375916,name:evan hollar,,,Round 2,2021-06-06,Evan Hollar,,Center Chains DGC at Hope A. Davey Park,Blue Tees,54,18,1,12:50:00,49,-5,957,106,True,False,18,49,True,True,True
49944,2021,MA1,2,375916,109604,109604,900,Round 2,2021-06-06,Jeremy Hulsey,914,Center Chains DGC at Hope A. Davey Park,Blue Tees,54,18,2,13:20:00,50,-4,944,106,True,False,18,50,True,True,True
49944,2021,MA1,2,375916,138321,138321,910,Round 2,2021-06-06,Nathan Doudera,,Center Chains DGC at Hope A. Davey Park,Blue Tees,54,18,3,13:40:00,52,-2,919,106,True,False,18,52,True,True,True
49944,2021,MA1,2,375916,175457,175457,,Round 2,2021-06-06,Nathan Beningson,,Center Chains DGC at Hope A. Davey Park,Blue Tees,54,18,1,13:30:00,52,-2,919,106,True,False,18,52,True,True,True
49944,2021,MA1,2,375916,name:nolan benoit,,,Round 2,2021-06-06,Nolan Benoit,,Center Chains DGC at Hope A. Davey Park,Blue Tees,54,18,3,13:30:00,52,-2,919,106,True,False,18,52,True,True,True
49944,2021,MA1,2,375916,178064,178064,,Round 2,2021-06-06,Peter Walke,,Center Chains DGC at Hope A. Davey Park,Blue Tees,54,18,1,13:00:00,50,-4,944,107,True,False,18,50,True,True,True
49944,2021,MA1,2,375916,name:cameron mack,,,Round 2,2021-06-06,Cameron Mack,,Center Chains DGC at Hope A. Davey Park,Blue Tees,54,18,1,13:40:00,54,0,894,107,True,False,18,54,True,True,True
49944,2021,MA1,2,375916,name:richard bradley,,,Round 2,2021-06-06,Richard Bradley,,Center Chains DGC at Hope A. Davey Park,Blue Tees,54,18,2,13:00:00,51,-3,932,108,True,False,18,51,True,True,True
49944,2021,MA1,2,375916,name:dan beem,,,Round 2,2021-06-06,Dan Beem,,Center Chains DGC at Hope A. Davey Park,Blue Tees,54,18,2,13:30:00,54,0,894,108,True,False,18,54,True,True,True
49944,2021,MA1,2,375916,141901,141901,874,Round 2,2021-06-06,Quinn Ledak,,Center Chains DGC at Hope A. Davey Park,Blue Tees,54,18,2,13:50:00,57,3,857,109,True,False,18,57,True,True,True
49944,2021,MA1,2,375916,125328,125328,880,Round 2,2021-06-06,Dana Carpenter,,Center Chains DGC at Hope A. Davey Park,Blue Tees,54,18,1,14:00:00,58,4,845,109,True,False,18,58,True,True,True
49944,2021,MA1,2,375916,98280,98280,916,Round 2,2021-06-06,Nicholas Reilly,932,Center Chains DGC at Hope A. Davey Park,Blue Tees,54,18,3,13:10:00,53,-1,907,110,True,False,18,53,True,True,True
49944,2021,MA1,2,375916,158664,158664,,Round 2,2021-06-06,Michael Desisto,,Center Chains DGC at Hope A. Davey Park,Blue Tees,54,18,1,13:10:00,55,1,882,111,True,False,18,55,True,True,True
49944,2021,MA1,2,375916,93062,93062,876,Round 2,2021-06-06,Tom Slimm,,Center Chains DGC at Hope A. Davey Park,Blue Tees,54,18,3,13:50:00,58,4,845,111,True,False,18,58,True,True,True
49944,2021,MA1,2,375916,132139,132139,905,Round 2,2021-06-06,Logan Foss,,Center Chains DGC at Hope A. Davey Park,Blue Tees,54,18,4,13:20:00,56,2,870,112,True,False,18,56,True,True,True
49944,2021,MA1,2,375916,142744,142744,879,Round 2,2021-06-06,Abel German,974,Center Chains DGC at Hope A. Davey Park,Blue Tees,54,18,4,13:40:00,58,4,845,112,True,False,18,58,True,True,True
49944,2021,MA1,2,375916,109527,109527,884,Round 2,2021-06-06,Mike Wenzel,901,Center Chains DGC at Hope A. Davey Park,Blue Tees,54,18,3,12:50:00,55,1,882,113,True,False,18,55,True,True,True
49944,2021,MA1,2,375916,name:alex guillen,,,Round 2,2021-06-06,Alex Guillen,,Center Chains DGC at Hope A. Davey Park,Blue Tees,54,18,3,13:00:00,56,2,870,113,True,False,18,56,True,True,True
49944,2021,MA1,2,375916,177127,177127,,Round 2,2021-06-06,Sam Callison,,Center Chains DGC at Hope A. Davey Park,Blue Tees,54,18,2,13:10:00,57,3,857,113,True,False,18,57,True,True,True
49944,2021,MA1,2,375916,120536,120536,851,Round 2,2021-06-06,Andrew Palumbo,,Center Chains DGC at Hope A. Davey Park,Blue Tees,54,18,1,13:20:00,58,4,845,113,True,False,18,58,True,True,True
49944,2021,MA1,2,375916,96154,96154,865,Round 2,2021-06-06,Travis Jacques,871,Center Chains DGC at Hope A. Davey Park,Blue Tees,54,18,2,13:40:00,59,5,832,113,True,False,18,59,True,True,True
49944,2021,MA1,2,375916,132448,132448,890,Round 2,2021-06-06,Douglas Legris,,Center Chains DGC at Hope A. Davey Park,Blue Tees,54,18,3,12:40:00,52,-2,919,114,True,False,18,52,True,True,True
49944,2021,MA1,2,375916,83636,83636,872,Round 2,2021-06-06,Mike Finn,,Center Chains DGC at Hope A. Davey Park,Blue Tees,54,18,2,12:50:00,56,2,870,114,True,False,18,56,True,True,True
49944,2021,MA1,2,375916,121418,121418,910,Round 2,2021-06-06,Brian Charash,,Center Chains DGC at Hope A. Davey Park,Blue Tees,54,18,4,13:10:00,59,5,832,116,True,False,18,59,True,True,True
49944,2021,MA1,2,375916,136942,136942,828,Round 2,2021-06-06,Christopher Larock,,Center Chains DGC at Hope A. Davey Park,Blue Tees,54,18,4,13:50:00,63,9,783,116,True,False,18,63,True,True,True
49944,2021,MA1,2,375916,50816,50816,863,Round 2,2021-06-06,Tristan Whitehouse,,Center Chains DGC at Hope A. Davey Park,Blue Tees,54,18,1,12:40:00,58,4,845,117,True,False,18,58,True,True,True
49944,2021,MA1,2,375916,118694,118694,857,Round 2,2021-06-06,Jordan Patterson,,Center Chains DGC at Hope A. Davey Park,Blue Tees,54,18,2,12:40:00,58,4,845,117,True,False,18,58,True,True,True
49944,2021,MA1,2,375916,110707,110707,910,Round 2,2021-06-06,Jason Wilson,927,Center Chains DGC at Hope A. Davey Park,Blue Tees,54,18,3,13:20:00,126,945,,,True,False,18,126,True,True,True
49944,2021,MA2,1,375916,165756,165756,887,Round 1,2021-06-06,Peter Walsh,,Center Chains DGC at Hope A. Davey Park,Blue Tees,54,18,4,10:00:00,50,-4,944,103,True,False,18,50,True,True,True
49944,2021,MA2,1,375916,169393,169393,914,Round 1,2021-06-06,Aidan Trombley,977,Center Chains DGC at Hope A. Davey Park,Blue Tees,54,18,3,08:00:00,50,-4,944,109,True,False,18,50,True,True,True
49944,2021,MA2,1,375916,128700,128700,837,Round 1,2021-06-06,Peter McCarthy,,Center Chains DGC at Hope A. Davey Park,Blue Tees,54,18,1,10:20:00,51,-3,932,103,True,False,18,51,True,True,True
49944,2021,MA2,1,375916,63896,63896,834,Round 1,2021-06-06,Ross King,899,Center Chains DGC at Hope A. Davey Park,Blue Tees,54,18,4,09:30:00,52,-2,919,108,True,False,18,52,True,True,True
49944,2021,MA2,1,375916,159224,159224,900,Round 1,2021-06-06,Bryce McKim,,Center Chains DGC at Hope A. Davey Park,Blue Tees,54,18,2,09:10:00,52,-2,919,111,True,False,18,52,True,True,True
49944,2021,MA2,1,375916,140039,140039,895,Round 1,2021-06-06,Ian Rooney,907,Center Chains DGC at Hope A. Davey Park,Blue Tees,54,18,2,10:20:00,53,-1,907,106,True,False,18,53,True,True,True
49944,2021,MA2,1,375916,149368,149368,,Round 1,2021-06-06,Brett Jipner,,Center Chains DGC at Hope A. Davey Park,Blue Tees,54,18,1,09:00:00,53,-1,907,109,True,False,18,53,True,True,True
49944,2021,MA2,1,375916,168047,168047,890,Round 1,2021-06-06,Jim Desisto,915,Center Chains DGC at Hope A. Davey Park,Blue Tees,54,18,4,09:50:00,53,-1,907,107,True,False,18,53,True,True,True
49944,2021,MA2,1,375916,168663,168663,909,Round 1,2021-06-06,Austin Neddo,,Center Chains DGC at Hope A. Davey Park,Blue Tees,54,18,4,10:20:00,53,-1,907,103,True,False,18,53,True,True,True
49944,2021,MA2,1,375916,148187,148187,835,Round 1,2021-06-06,Evan Miller,874,Center Chains DGC at Hope A. Davey Park,Blue Tees,54,18,1,09:20:00,54,0,894,116,True,False,18,54,True,True,True
49944,2021,MA2,1,375916,176558,176558,,Round 1,2021-06-06,Devon Brodie,,Center Chains DGC at Hope A. Davey Park,Blue Tees,54,18,2,09:00:00,54,0,894,110,True,False,18,54,True,True,True
49944,2021,MA2,1,375916,177018,177018,,Round 1,2021-06-06,Brandon Bensel,882,Center Chains DGC at Hope A. Davey Park,Blue Tees,54,18,1,08:00:00,54,0,894,114,True,False,18,54,True,True,True
49944,2021,MA2,1,375916,name:cj plante,,,Round 1,2021-06-06,CJ Plante,,Center Chains DGC at Hope A. Davey Park,Blue Tees,54,18,3,09:30:00,54,0,894,106,True,False,18,54,True,True,True
49944,2021,MA2,1,375916,109009,109009,875,Round 1,2021-06-06,José de Ondarza,870,Center Chains DGC at Hope A. Davey Park,Blue Tees,54,18,1,10:40:00,55,1,882,108,True,False,18,55,True,True,True
49944,2021,MA2,1,375916,137984,137984,853,Round 1,2021-06-06,Tristan Bryce,,Center Chains DGC at Hope A. Davey Park,Blue Tees,54,18,2,10:50:00,55,1,882,108,True,False,18,55,True,True,True
49944,2021,MA2,1,375916,138042,138042,871,Round 1,2021-06-06,Russell Freeman,925,Center Chains DGC at Hope A. Davey Park,Blue Tees,54,18,1,10:00:00,55,1,882,118,True,False,18,55,True,True,True
49944,2021,MA2,1,375916,140565,140565,876,Round 1,2021-06-06,Tor Parker,,Center Chains DGC at Hope A. Davey Park,Blue Tees,54,18,3,10:30:00,55,1,882,115,True,False,18,55,True,True,True
49944,2021,MA2,1,375916,144983,144983,867,Round 1,2021-06-06,Wilson Kondracki,936,Center Chains DGC at Hope A. Davey Park,Blue Tees,54,18,2,10:00:00,55,1,882,112,True,False,18,55,True,True,True
49944,2021,MA2,1,375916,121766,121766,906,Round 1,2021-06-06,Ethan Stansbury,922,Center Chains DGC at Hope A. Davey Park,Blue Tees,54,18,1,09:40:00,56,2,870,109,True,False,18,56,True,True,True
49944,2021,MA2,1,375916,137736,137736,817,Round 1,2021-06-06,Logan Cooke,880,Center Chains DGC at Hope A. Davey Park,Blue Tees,54,18,3,10:10:00,56,2,870,111,True,False,18,56,True,True,True
49944,2021,MA2,1,375916,151274,151274,,Round 1,2021-06-06,Nick Norwood,,Center Chains DGC at Hope A. Davey Park,Blue Tees,54,18,3,10:20:00,56,2,870,111,True,False,18,56,True,True,True
49944,2021,MA2,1,375916,169100,169100,867,Round 1,2021-06-06,Peter Huang,,Center Chains DGC at Hope A. Davey Park,Blue Tees,54,18,3,09:10:00,56,2,870,118,True,False,18,56,True,True,True
49944,2021,MA2,1,375916,173058,173058,885,Round 1,2021-06-06,Brandon Allaire,950,Center Chains DGC at Hope A. Davey Park,Blue Tees,54,18,3,09:00:00,56,2,870,108,True,False,18,56,True,True,True
49944,2021,MA2,1,375916,175266,175266,,Round 1,2021-06-06,Glen Wallace,,Center Chains DGC at Hope A. Davey Park,Blue Tees,54,18,4,10:10:00,56,2,870,109,True,False,18,56,True,True,True
49944,2021,MA2,1,375916,84935,84935,876,Round 1,2021-06-06,Droo Fisher,866,Center Chains DGC at Hope A. Davey Park,Blue Tees,54,18,1,10:50:00,57,3,857,116,True,False,18,57,True,True,True
49944,2021,MA2,1,375916,145666,145666,811,Round 1,2021-06-06,Wesley Pollock,,Center Chains DGC at Hope A. Davey Park,Blue Tees,54,18,3,10:00:00,57,3,857,118,True,False,18,57,True,True,True
49944,2021,MA2,1,375916,163523,163523,847,Round 1,2021-06-06,Landon Desroches,866,Center Chains DGC at Hope A. Davey Park,Blue Tees,54,18,2,09:20:00,57,3,857,112,True,False,18,57,True,True,True
49944,2021,MA2,1,375916,166639,166639,,Round 1,2021-06-06,Ryan Sweeney,883,Center Chains DGC at Hope A. Davey Park,Blue Tees,54,18,2,09:30:00,57,3,857,116,True,False,18,57,True,True,True
49944,2021,MA2,1,375916,26235,26235,848,Round 1,2021-06-06,Adam Silva,843,Center Chains DGC at Hope A. Davey Park,Blue Tees,54,18,1,11:00:00,58,4,845,126,True,False,18,58,True,True,True
49944,2021,MA2,1,375916,169600,169600,854,Round 1,2021-06-06,Trevor Bryce,901,Center Chains DGC at Hope A. Davey Park,Blue Tees,54,18,3,09:40:00,58,4,845,113,True,False,18,58,True,True,True
49944,2021,MA2,1,375916,175681,175681,,Round 1,2021-06-06,Chris Cerutti,,Center Chains DGC at Hope A. Davey Park,Blue Tees,54,18,5,12:10:00,58,4,845,116,True,False,18,58,True,True,True
49944,2021,MA2,1,375916,177260,177260,,Round 1,2021-06-06,Fisher Evans,,Center Chains DGC at Hope A. Davey Park,Blue Tees,54,18,3,10:40:00,58,4,845,112,True,False,18,58,True,True,True
49944,2021,MA2,1,375916,108913,108913,889,Round 1,2021-06-06,Evan Deslauriers,,Center Chains DGC at Hope A. Davey Park,Blue Tees,54,18,1,10:10:00,59,5,832,112,True,False,18,59,True,True,True
49944,2021,MA2,1,375916,138183,138183,829,Round 1,2021-06-06,Chauncey Germain,926,Center Chains DGC at Hope A. Davey Park,Blue Tees,54,18,1,09:30:00,59,5,832,112,True,False,18,59,True,True,True
49944,2021,MA2,1,375916,167411,167411,851,Round 1,2021-06-06,Brian McHugh,,Center Chains DGC at Hope A. Davey Park,Blue Tees,54,18,3,09:20:00,59,5,832,116,True,False,18,59,True,True,True
49944,2021,MA2,1,375916,174646,174646,,Round 1,2021-06-06,David Oppenheimer,,Center Chains DGC at Hope A. Davey Park,Blue Tees,54,18,2,11:00:00,59,5,832,114,True,False,18,59,True,True,True
49944,2021,MA2,1,375916,160671,160671,,Round 1,2021-06-06,Elliot Waring,,Center Chains DGC at Hope A. Davey Park,Blue Tees,54,18,2,10:40:00,60,6,820,117,True,False,18,60,True,True,True
49944,2021,MA2,1,375916,166637,166637,,Round 1,2021-06-06,Ajay Shah,825,Center Chains DGC at Hope A. Davey Park,Blue Tees,54,18,3,09:50:00,60,6,820,126,True,False,18,60,True,True,True
49944,2021,MA2,1,375916,177108,177108,,Round 1,2021-06-06,Cody Jipner,,Center Chains DGC at Hope A. Davey Park,Blue Tees,54,18,5,09:10:00,60,6,820,122,True,False,18,60,True,True,True
49944,2021,MA2,1,375916,177424,177424,,Round 1,2021-06-06,Kevin Delony,817,Center Chains DGC at Hope A. Davey Park,Blue Tees,54,18,4,08:00:00,60,6,820,111,True,False,18,60,True,True,True
49944,2021,MA2,1,375916,124203,124203,802,Round 1,2021-06-06,Ezra Koch,954,Center Chains DGC at Hope A. Davey Park,Blue Tees,54,18,2,10:30:00,61,7,807,124,True,False,18,61,True,True,True
49944,2021,MA2,1,375916,175963,175963,,Round 1,2021-06-06,Tyler DeCoste,,Center Chains DGC at Hope A. Davey Park,Blue Tees,54,18,4,09:40:00,61,7,807,122,True,False,18,61,True,True,True
49944,2021,MA2,1,375916,176078,176078,,Round 1,2021-06-06,Patrick Morrissey,,Center Chains DGC at Hope A. Davey Park,Blue Tees,54,18,3,11:00:00,61,7,807,122,True,False,18,61,True,True,True
49944,2021,MA2,1,375916,name:david b. porter,,,Round 1,2021-06-06,David B. Porter,,Center Chains DGC at Hope A. Davey Park,Blue Tees,54,18,4,10:40:00,61,7,807,123,True,False,18,61,True,True,True
49944,2021,MA2,1,375916,140272,140272,874,Round 1,2021-06-06,Seth Tilford,,Center Chains DGC at Hope A. Davey Park,Blue Tees,54,18,2,09:50:00,62,8,795,120,True,False,18,62,True,True,True
49944,2021,MA2,1,375916,166633,166633,,Round 1,2021-06-06,Joshua Martin,,Center Chains DGC at Hope A. Davey Park,Blue Tees,54,18,3,10:50:00,62,8,795,123,True,False,18,62,True,True,True
49944,2021,MA2,1,375916,120760,120760,840,Round 1,2021-06-06,Adam McAvoy,,Center Chains DGC at Hope A. Davey Park,Blue Tees,54,18,1,09:50:00,63,9,783,122,True,False,18,63,True,True,True
49944,2021,MA2,1,375916,141253,141253,746,Round 1,2021-06-06,Braden Edwards,,Center Chains DGC at Hope A. Davey Park,Blue Tees,54,18,4,11:00:00,63,9,783,126,True,False,18,63,True,True,True
49944,2021,MA2,1,375916,160223,160223,,Round 1,2021-06-06,Gabe Harwood,,Center Chains DGC at Hope A. Davey Park,Blue Tees,54,18,2,09:40:00,63,9,783,126,True,False,18,63,True,True,True
49944,2021,MA2,1,375916,106970,106970,828,Round 1,2021-06-06,Stefan Farrell,852,Center Chains DGC at Hope A. Davey Park,Blue Tees,54,18,1,10:30:00,64,10,770,127,True,False,18,64,True,True,True
49944,2021,MA2,1,375916,name:brian tomlinson,,,Round 1,2021-06-06,Brian Tomlinson,,Center Chains DGC at Hope A. Davey Park,Blue Tees,54,18,4,09:10:00,64,10,770,129,True,False,18,64,True,True,True
49944,2021,MA2,1,375916,227013,227013,,Round 1,2021-06-06,Lucas Towne,,Center Chains DGC at Hope A. Davey Park,Blue Tees,54,18,4,09:20:00,65,11,758,124,True,False,18,65,True,True,True
49944,2021,MA2,1,375916,name:adam royer,,,Round 1,2021-06-06,Adam Royer,,Center Chains DGC at Hope A. Davey Park,Blue Tees,54,18,4,09:00:00,65,11,758,116,True,False,18,65,True,True,True
49944,2021,MA2,1,375916,name:nicholas holliday,,,Round 1,2021-06-06,Nicholas Holliday,,Center Chains DGC at Hope A. Davey Park,Blue Tees,54,18,4,10:30:00,66,12,745,124,True,False,18,66,True,True,True
49944,2021,MA2,1,375916,177183,177183,,Round 1,2021-06-06,Dan Wylie,,Center Chains DGC at Hope A. Davey Park,Blue Tees,54,18,2,08:00:00,67,13,733,126,True,False,18,67,True,True,True
49944,2021,MA2,1,375916,140404,140404,,Round 1,2021-06-06,Michael Perry,,Center Chains DGC at Hope A. Davey Park,Blue Tees,54,18,1,09:10:00,68,14,721,130,True,False,18,68,True,True,True
49944,2021,MA2,2,375916,128700,128700,837,Round 2,2021-06-06,Peter McCarthy,,Center Chains DGC at Hope A. Davey Park,Blue Tees,54,18,3,11:00:00,52,-2,919,103,True,False,18,52,True,True,True
49944,2021,MA2,2,375916,168663,168663,909,Round 2,2021-06-06,Austin Neddo,,Center Chains DGC at Hope A. Davey Park,Blue Tees,54,18,1,10:40:00,50,-4,944,103,True,False,18,50,True,True,True
49944,2021,MA2,2,375916,165756,165756,887,Round 2,2021-06-06,Peter Walsh,,Center Chains DGC at Hope A. Davey Park,Blue Tees,54,18,1,11:00:00,53,-1,907,103,True,False,18,53,True,True,True
49944,2021,MA2,2,375916,name:cj plante,,,Round 2,2021-06-06,CJ Plante,,Center Chains DGC at Hope A. Davey Park,Blue Tees,54,18,1,10:30:00,52,-2,919,106,True,False,18,52,True,True,True
49944,2021,MA2,2,375916,140039,140039,895,Round 2,2021-06-06,Ian Rooney,907,Center Chains DGC at Hope A. Davey Park,Blue Tees,54,18,2,10:50:00,53,-1,907,106,True,False,18,53,True,True,True
49944,2021,MA2,2,375916,168047,168047,890,Round 2,2021-06-06,Jim Desisto,915,Center Chains DGC at Hope A. Davey Park,Blue Tees,54,18,4,10:50:00,54,0,894,107,True,False,18,54,True,True,True
49944,2021,MA2,2,375916,173058,173058,885,Round 2,2021-06-06,Brandon Allaire,950,Center Chains DGC at Hope A. Davey Park,Blue Tees,54,18,3,10:10:00,52,-2,919,108,True,False,18,52,True,True,True
49944,2021,MA2,2,375916,109009,109009,875,Round 2,2021-06-06,José de Ondarza,870,Center Chains DGC at Hope A. Davey Park,Blue Tees,54,18,2,10:30:00,53,-1,907,108,True,False,18,53,True,True,True
49944,2021,MA2,2,375916,137984,137984,853,Round 2,2021-06-06,Tristan Bryce,,Center Chains DGC at Hope A. Davey Park,Blue Tees,54,18,3,10:30:00,53,-1,907,108,True,False,18,53,True,True,True
49944,2021,MA2,2,375916,63896,63896,834,Round 2,2021-06-06,Ross King,899,Center Chains DGC at Hope A. Davey Park,Blue Tees,54,18,4,11:00:00,56,2,870,108,True,False,18,56,True,True,True
49944,2021,MA2,2,375916,121766,121766,906,Round 2,2021-06-06,Ethan Stansbury,922,Center Chains DGC at Hope A. Davey Park,Blue Tees,54,18,3,10:20:00,53,-1,907,109,True,False,18,53,True,True,True
49944,2021,MA2,2,375916,175266,175266,,Round 2,2021-06-06,Glen Wallace,,Center Chains DGC at Hope A. Davey Park,Blue Tees,54,18,4,10:10:00,53,-1,907,109,True,False,18,53,True,True,True
49944,2021,MA2,2,375916,149368,149368,,Round 2,2021-06-06,Brett Jipner,,Center Chains DGC at Hope A. Davey Park,Blue Tees,54,18,3,10:50:00,56,2,870,109,True,False,18,56,True,True,True
49944,2021,MA2,2,375916,169393,169393,914,Round 2,2021-06-06,Aidan Trombley,977,Center Chains DGC at Hope A. Davey Park,Blue Tees,54,18,2,11:00:00,59,5,832,109,True,False,18,59,True,True,True
49944,2021,MA2,2,375916,176558,176558,,Round 2,2021-06-06,Devon Brodie,,Center Chains DGC at Hope A. Davey Park,Blue Tees,54,18,3,10:40:00,56,2,870,110,True,False,18,56,True,True,True
49944,2021,MA2,2,375916,177424,177424,,Round 2,2021-06-06,Kevin Delony,817,Center Chains DGC at Hope A. Davey Park,Blue Tees,54,18,4,09:30:00,51,-3,932,111,True,False,18,51,True,True,True
49944,2021,MA2,2,375916,137736,137736,817,Round 2,2021-06-06,Logan Cooke,880,Center Chains DGC at Hope A. Davey Park,Blue Tees,54,18,4,10:20:00,55,1,882,111,True,False,18,55,True,True,True
49944,2021,MA2,2,375916,151274,151274,,Round 2,2021-06-06,Nick Norwood,,Center Chains DGC at Hope A. Davey Park,Blue Tees,54,18,1,10:10:00,55,1,882,111,True,False,18,55,True,True,True
49944,2021,MA2,2,375916,159224,159224,900,Round 2,2021-06-06,Bryce McKim,,Center Chains DGC at Hope A. Davey Park,Blue Tees,54,18,1,10:50:00,59,5,832,111,True,False,18,59,True,True,True
49944,2021,MA2,2,375916,108913,108913,889,Round 2,2021-06-06,Evan Deslauriers,,Center Chains DGC at Hope A. Davey Park,Blue Tees,54,18,1,09:40:00,53,-1,907,112,True,False,18,53,True,True,True
49944,2021,MA2,2,375916,138183,138183,829,Round 2,2021-06-06,Chauncey Germain,926,Center Chains DGC at Hope A. Davey Park,Blue Tees,54,18,2,09:40:00,53,-1,907,112,True,False,18,53,True,True,True
49944,2021,MA2,2,375916,177260,177260,,Round 2,2021-06-06,Fisher Evans,,Center Chains DGC at Hope A. Davey Park,Blue Tees,54,18,4,09:50:00,54,0,894,112,True,False,18,54,True,True,True
49944,2021,MA2,2,375916,163523,163523,847,Round 2,2021-06-06,Landon Desroches,866,Center Chains DGC at Hope A. Davey Park,Blue Tees,54,18,3,10:00:00,55,1,882,112,True,False,18,55,True,True,True
49944,2021,MA2,2,375916,144983,144983,867,Round 2,2021-06-06,Wilson Kondracki,936,Center Chains DGC at Hope A. Davey Park,Blue Tees,54,18,2,10:20:00,57,3,857,112,True,False,18,57,True,True,True
49944,2021,MA2,2,375916,169600,169600,854,Round 2,2021-06-06,Trevor Bryce,901,Center Chains DGC at Hope A. Davey Park,Blue Tees,54,18,2,09:50:00,55,1,882,113,True,False,18,55,True,True,True
49944,2021,MA2,2,375916,174646,174646,,Round 2,2021-06-06,David Oppenheimer,,Center Chains DGC at Hope A. Davey Park,Blue Tees,54,18,4,09:40:00,55,1,882,114,True,False,18,55,True,True,True
49944,2021,MA2,2,375916,177018,177018,,Round 2,2021-06-06,Brandon Bensel,882,Center Chains DGC at Hope A. Davey Park,Blue Tees,54,18,4,10:40:00,60,6,820,114,True,False,18,60,True,True,True
49944,2021,MA2,2,375916,140565,140565,876,Round 2,2021-06-06,Tor Parker,,Center Chains DGC at Hope A. Davey Park,Blue Tees,54,18,1,10:20:00,60,6,820,115,True,False,18,60,True,True,True
49944,2021,MA2,2,375916,name:adam royer,,,Round 2,2021-06-06,Adam Royer,,Center Chains DGC at Hope A. Davey Park,Blue Tees,54,18,4,09:00:00,51,-3,932,116,True,False,18,51,True,True,True
49944,2021,MA2,2,375916,167411,167411,851,Round 2,2021-06-06,Brian McHugh,,Center Chains DGC at Hope A. Davey Park,Blue Tees,54,18,3,09:40:00,57,3,857,116,True,False,18,57,True,True,True
49944,2021,MA2,2,375916,175681,175681,,Round 2,2021-06-06,Chris Cerutti,,Center Chains DGC at Hope A. Davey Park,Blue Tees,54,18,3,09:50:00,58,4,845,116,True,False,18,58,True,True,True
49944,2021,MA2,2,375916,84935,84935,876,Round 2,2021-06-06,Droo Fisher,866,Center Chains DGC at Hope A. Davey Park,Blue Tees,54,18,1,10:00:00,59,5,832,116,True,False,18,59,True,True,True
49944,2021,MA2,2,375916,166639,166639,,Round 2,2021-06-06,Ryan Sweeney,883,Center Chains DGC at Hope A. Davey Park,Blue Tees,54,18,4,10:00:00,59,5,832,116,True,False,18,59,True,True,True
49944,2021,MA2,2,375916,148187,148187,835,Round 2,2021-06-06,Evan Miller,874,Center Chains DGC at Hope A. Davey Park,Blue Tees,54,18,2,10:40:00,62,8,795,116,True,False,18,62,True,True,True
49944,2021,MA2,2,375916,160671,160671,,Round 2,2021-06-06,Elliot Waring,,Center Chains DGC at Hope A. Davey Park,Blue Tees,54,18,1,09:30:00,57,3,857,117,True,False,18,57,True,True,True
49944,2021,MA2,2,375916,145666,145666,811,Round 2,2021-06-06,Wesley Pollock,,Center Chains DGC at Hope A. Davey Park,Blue Tees,54,18,2,10:00:00,61,7,807,118,True,False,18,61,True,True,True
49944,2021,MA2,2,375916,169100,169100,867,Round 2,2021-06-06,Peter Huang,,Center Chains DGC at Hope A. Davey Park,Blue Tees,54,18,2,10:10:00,62,8,795,118,True,False,18,62,True,True,True
49944,2021,MA2,2,375916,138042,138042,871,Round 2,2021-06-06,Russell Freeman,925,Center Chains DGC at Hope A. Davey Park,Blue Tees,54,18,4,10:30:00,63,9,783,118,True,False,18,63,True,True,True
49944,2021,MA2,2,375916,140272,140272,874,Round 2,2021-06-06,Seth Tilford,,Center Chains DGC at Hope A. Davey Park,Blue Tees,54,18,1,09:10:00,58,4,845,120,True,False,18,58,True,True,True
49944,2021,MA2,2,375916,120760,120760,840,Round 2,2021-06-06,Adam McAvoy,,Center Chains DGC at Hope A. Davey Park,Blue Tees,54,18,3,09:10:00,59,5,832,122,True,False,18,59,True,True,True
49944,2021,MA2,2,375916,175963,175963,,Round 2,2021-06-06,Tyler DeCoste,,Center Chains DGC at Hope A. Davey Park,Blue Tees,54,18,2,09:20:00,61,7,807,122,True,False,18,61,True,True,True
49944,2021,MA2,2,375916,176078,176078,,Round 2,2021-06-06,Patrick Morrissey,,Center Chains DGC at Hope A. Davey Park,Blue Tees,54,18,3,09:20:00,61,7,807,122,True,False,18,61,True,True,True
49944,2021,MA2,2,375916,177108,177108,,Round 2,2021-06-06,Cody Jipner,,Center Chains DGC at Hope A. Davey Park,Blue Tees,54,18,3,09:30:00,62,8,795,122,True,False,18,62,True,True,True
49944,2021,MA2,2,375916,166633,166633,,Round 2,2021-06-06,Joshua Martin,,Center Chains DGC at Hope A. Davey Park,Blue Tees,54,18,2,09:10:00,61,7,807,123,True,False,18,61,True,True,True
49944,2021,MA2,2,375916,name:david b. porter,,,Round 2,2021-06-06,David B. Porter,,Center Chains DGC at Hope A. Davey Park,Blue Tees,54,18,4,09:20:00,62,8,795,123,True,False,18,62,True,True,True
49944,2021,MA2,2,375916,name:nicholas holliday,,,Round 2,2021-06-06,Nicholas Holliday,,Center Chains DGC at Hope A. Davey Park,Blue Tees,54,18,2,08:50:00,58,4,845,124,True,False,18,58,True,True,True
49944,2021,MA2,2,375916,227013,227013,,Round 2,2021-06-06,Lucas Towne,,Center Chains DGC at Hope A. Davey Park,Blue Tees,54,18,1,08:50:00,59,5,832,124,True,False,18,59,True,True,True
49944,2021,MA2,2,375916,124203,124203,802,Round 2,2021-06-06,Ezra Koch,954,Center Chains DGC at Hope A. Davey Park,Blue Tees,54,18,1,09:20:00,63,9,783,124,True,False,18,63,True,True,True
49944,2021,MA2,2,375916,177183,177183,,Round 2,2021-06-06,Dan Wylie,,Center Chains DGC at Hope A. Davey Park,Blue Tees,54,18,3,08:50:00,59,5,832,126,True,False,18,59,True,True,True
49944,2021,MA2,2,375916,141253,141253,746,Round 2,2021-06-06,Braden Edwards,,Center Chains DGC at Hope A. Davey Park,Blue Tees,54,18,4,09:10:00,63,9,783,126,True,False,18,63,True,True,True
49944,2021,MA2,2,375916,160223,160223,,Round 2,2021-06-06,Gabe Harwood,,Center Chains DGC at Hope A. Davey Park,Blue Tees,54,18,1,09:00:00,63,9,783,126,True,False,18,63,True,True,True
49944,2021,MA2,2,375916,166637,166637,,Round 2,2021-06-06,Ajay Shah,825,Center Chains DGC at Hope A. Davey Park,Blue Tees,54,18,2,09:30:00,66,12,745,126,True,False,18,66,True,True,True
49944,2021,MA2,2,375916,26235,26235,848,Round 2,2021-06-06,Adam Silva,843,Center Chains DGC at Hope A. Davey Park,Blue Tees,54,18,1,09:50:00,68,14,721,126,True,False,18,68,True,True,True
49944,2021,MA2,2,375916,106970,106970,828,Round 2,2021-06-06,Stefan Farrell,852,Center Chains DGC at Hope A. Davey Park,Blue Tees,54,18,2,09:00:00,63,9,783,127,True,False,18,63,True,True,True
49944,2021,MA2,2,375916,name:brian tomlinson,,,Round 2,2021-06-06,Brian Tomlinson,,Center Chains DGC at Hope A. Davey Park,Blue Tees,54,18,3,09:00:00,65,11,758,129,True,False,18,65,True,True,True
49944,2021,MA2,2,375916,140404,140404,,Round 2,2021-06-06,Michael Perry,,Center Chains DGC at Hope A. Davey Park,Blue Tees,54,18,4,08:50:00,62,8,795,130,True,False,18,62,True,True,True
49944,2021,MA3,1,375921,140732,140732,784,Round 1,2021-06-06,Matt Saltus,821,Center Chains DGC at Hope A. Davey Park,White Tees,54,18,2,08:10:00,54,0,825,108,True,False,18,54,True,True,True
49944,2021,MA3,1,375921,180438,180438,,Round 1,2021-06-06,Elian Furs,,Center Chains DGC at Hope A. Davey Park,White Tees,54,18,4,08:10:00,55,1,811,112,True,False,18,55,True,True,True
49944,2021,MA3,1,375921,133543,133543,755,Round 1,2021-06-06,Damon Menard,,Center Chains DGC at Hope A. Davey Park,White Tees,54,18,1,08:10:00,57,3,782,115,True,False,18,57,True,True,True
49944,2021,MA3,1,375921,155933,155933,,Round 1,2021-06-06,Mourning Fox,,Center Chains DGC at Hope A. Davey Park,White Tees,54,18,3,08:10:00,58,4,768,117,True,False,18,58,True,True,True
49944,2021,MA3,2,375921,140732,140732,784,Round 2,2021-06-06,Matt Saltus,821,Center Chains DGC at Hope A. Davey Park,White Tees,54,18,1,08:00:00,54,0,825,108,True,False,18,54,True,True,True
49944,2021,MA3,2,375921,180438,180438,,Round 2,2021-06-06,Elian Furs,,Center Chains DGC at Hope A. Davey Park,White Tees,54,18,2,08:00:00,57,3,782,112,True,False,18,57,True,True,True
49944,2021,MA3,2,375921,133543,133543,755,Round 2,2021-06-06,Damon Menard,,Center Chains DGC at Hope A. Davey Park,White Tees,54,18,3,08:00:00,58,4,768,115,True,False,18,58,True,True,True
49944,2021,MA3,2,375921,155933,155933,,Round 2,2021-06-06,Mourning Fox,,Center Chains DGC at Hope A. Davey Park,White Tees,54,18,4,08:00:00,59,5,753,117,True,False,18,59,True,True,True
49944,2021,MA40,1,375916,42420,42420,922,Round 1,2021-06-06,Patrick Harris,906,Center Chains DGC at Hope A. Davey Park,Blue Tees,54,18,2,11:50:00,47,-7,981,98,True,False,18,47,True,True,True
49944,2021,MA40,1,375916,101898,101898,907,Round 1,2021-06-06,Terry Lapier Jr,910,Center Chains DGC at Hope A. Davey Park,Blue Tees,54,18,1,12:00:00,52,-2,919,106,True,False,18,52,True,True,True
49944,2021,MA40,1,375916,36062,36062,899,Round 1,2021-06-06,Andrew Powell,852,Center Chains DGC at Hope A. Davey Park,Blue Tees,54,18,1,11:50:00,54,0,894,114,True,False,18,54,True,True,True
49944,2021,MA40,1,375916,161644,161644,809,Round 1,2021-06-06,Garrett Sargent,818,Center Chains DGC at Hope A. Davey Park,Blue Tees,54,18,3,12:10:00,63,9,783,125,True,False,18,63,True,True,True
49944,2021,MA40,1,375916,name:sebastian chandler,,,Round 1,2021-06-06,Sebastian Chandler,,Center Chains DGC at Hope A. Davey Park,Blue Tees,54,18,3,12:00:00,63,9,783,117,True,False,18,63,True,True,True
49944,2021,MA40,1,375916,137937,137937,796,Round 1,2021-06-06,Peter Auclair,,Center Chains DGC at Hope A. Davey Park,Blue Tees,54,18,2,12:00:00,66,12,745,131,True,False,18,66,True,True,True
49944,2021,MA40,1,375916,141046,141046,,Round 1,2021-06-06,Damion Therrien,,Center Chains DGC at Hope A. Davey Park,Blue Tees,54,18,3,11:50:00,70,16,696,131,True,False,18,70,True,True,True
49944,2021,MA40,2,375916,42420,42420,922,Round 2,2021-06-06,Patrick Harris,906,Center Chains DGC at Hope A. Davey Park,Blue Tees,54,18,1,12:10:00,51,-3,932,98,True,False,18,51,True,True,True
49944,2021,MA40,2,375916,101898,101898,907,Round 2,2021-06-06,Terry Lapier Jr,910,Center Chains DGC at Hope A. Davey Park,Blue Tees,54,18,2,12:10:00,54,0,894,106,True,False,18,54,True,True,True
49944,2021,MA40,2,375916,36062,36062,899,Round 2,2021-06-06,Andrew Powell,852,Center Chains DGC at Hope A. Davey Park,Blue Tees,54,18,3,12:10:00,60,6,820,114,True,False,18,60,True,True,True
49944,2021,MA40,2,375916,name:sebastian chandler,,,Round 2,2021-06-06,Sebastian Chandler,,Center Chains DGC at Hope A. Davey Park,Blue Tees,54,18,1,12:00:00,54,0,894,117,True,False,18,54,True,True,True
49944,2021,MA40,2,375916,161644,161644,809,Round 2,2021-06-06,Garrett Sargent,818,Center Chains DGC at Hope A. Davey Park,Blue Tees,54,18,4,12:10:00,62,8,795,125,True,False,18,62,True,True,True
49944,2021,MA40,2,375916,141046,141046,,Round 2,2021-06-06,Damion Therrien,,Center Chains DGC at Hope A. Davey Park,Blue Tees,54,18,3,12:00:00,61,7,807,131,True,False,18,61,True,True,True
49944,2021,MA40,2,375916,137937,137937,796,Round 2,2021-06-06,Peter Auclair,,Center Chains DGC at Hope A. Davey Park,Blue Tees,54,18,2,12:00:00,65,11,758,131,True,False,18,65,True,True,True
49944,2021,MA50,1,375916,91301,91301,889,Round 1,2021-06-06,Michael A. Stridsberg,898,Center Chains DGC at Hope A. Davey Park,Blue Tees,54,18,2,11:40:00,51,-3,932,105,True,False,18,51,True,True,True
49944,2021,MA50,1,375916,74478,74478,867,Round 1,2021-06-06,John Sudarsky,845,Center Chains DGC at Hope A. Davey Park,Blue Tees,54,18,1,11:10:00,52,-2,919,113,True,False,18,52,True,True,True
49944,2021,MA50,1,375916,139113,139113,844,Round 1,2021-06-06,Norman Wedge,859,Center Chains DGC at Hope A. Davey Park,Blue Tees,54,18,3,11:20:00,53,-1,907,108,True,False,18,53,True,True,True
49944,2021,MA50,1,375916,75326,75326,864,Round 1,2021-06-06,Gary Vigue,,Center Chains DGC at Hope A. Davey Park,Blue Tees,54,18,1,11:30:00,54,0,894,112,True,False,18,54,True,True,True
49944,2021,MA50,1,375916,179138,179138,,Round 1,2021-06-06,Chris Hancewicz,831,Center Chains DGC at Hope A. Davey Park,Blue Tees,54,18,4,11:30:00,54,0,894,112,True,False,18,54,True,True,True
49944,2021,MA50,1,375916,152263,152263,,Round 1,2021-06-06,Curtiss Calleo,926,Center Chains DGC at Hope A. Davey Park,Blue Tees,54,18,4,11:40:00,55,1,882,112,True,False,18,55,True,True,True
49944,2021,MA50,1,375916,166239,166239,919,Round 1,2021-06-06,Tom Raub,958,Center Chains DGC at Hope A. Davey Park,Blue Tees,54,18,4,11:20:00,55,1,882,114,True,False,18,55,True,True,True
49944,2021,MA50,1,375916,176159,176159,,Round 1,2021-06-06,Guy Norwood,,Center Chains DGC at Hope A. Davey Park,Blue Tees,54,18,3,11:30:00,57,3,857,115,True,False,18,57,True,True,True
49944,2021,MA50,1,375916,122325,122325,854,Round 1,2021-06-06,David Mulvey,,Center Chains DGC at Hope A. Davey Park,Blue Tees,54,18,2,11:10:00,58,4,845,111,True,False,18,58,True,True,True
49944,2021,MA50,1,375916,130713,130713,886,Round 1,2021-06-06,Ian Martin,902,Center Chains DGC at Hope A. Davey Park,Blue Tees,54,18,2,11:30:00,61,7,807,117,True,False,18,61,True,True,True
49944,2021,MA50,1,375916,name:mark stirewalt,,,Round 1,2021-06-06,Mark Stirewalt,,Center Chains DGC at Hope A. Davey Park,Blue Tees,54,18,3,11:10:00,62,8,795,129,True,False,18,62,True,True,True
49944,2021,MA50,1,375916,100719,100719,849,Round 1,2021-06-06,Tom Treece,,Center Chains DGC at Hope A. Davey Park,Blue Tees,54,18,1,11:20:00,63,9,783,129,True,False,18,63,True,True,True
49944,2021,MA50,1,375916,122689,122689,763,Round 1,2021-06-06,Doug Underhill,,Center Chains DGC at Hope A. Davey Park,Blue Tees,54,18,3,11:40:00,66,12,745,133,True,False,18,66,True,True,True
49944,2021,MA50,1,375916,132681,132681,812,Round 1,2021-06-06,Paul Robinson,,Center Chains DGC at Hope A. Davey Park,Blue Tees,54,18,2,11:20:00,66,12,745,130,True,False,18,66,True,True,True
49944,2021,MA50,1,375916,88570,88570,748,Round 1,2021-06-06,Michael Ray,,Center Chains DGC at Hope A. Davey Park,Blue Tees,54,18,1,11:40:00,68,14,721,136,True,False,18,68,True,True,True
49944,2021,MA50,2,375916,91301,91301,889,Round 2,2021-06-06,Michael A. Stridsberg,898,Center Chains DGC at Hope A. Davey Park,Blue Tees,54,18,1,11:50:00,54,0,894,105,True,False,18,54,True,True,True
49944,2021,MA50,2,375916,139113,139113,844,Round 2,2021-06-06,Norman Wedge,859,Center Chains DGC at Hope A. Davey Park,Blue Tees,54,18,3,11:50:00,55,1,882,108,True,False,18,55,True,True,True
49944,2021,MA50,2,375916,122325,122325,854,Round 2,2021-06-06,David Mulvey,,Center Chains DGC at Hope A. Davey Park,Blue Tees,54,18,1,11:30:00,53,-1,907,111,True,False,18,53,True,True,True
49944,2021,MA50,2,375916,152263,152263,,Round 2,2021-06-06,Curtiss Calleo,926,Center Chains DGC at Hope A. Davey Park,Blue Tees,54,18,2,11:40:00,57,3,857,112,True,False,18,57,True,True,True
49944,2021,MA50,2,375916,75326,75326,864,Round 2,2021-06-06,Gary Vigue,,Center Chains DGC at Hope A. Davey Park,Blue Tees,54,18,4,11:50:00,58,4,845,112,True,False,18,58,True,True,True
49944,2021,MA50,2,375916,179138,179138,,Round 2,2021-06-06,Chris Hancewicz,831,Center Chains DGC at Hope A. Davey Park,Blue Tees,54,18,1,11:40:00,58,4,845,112,True,False,18,58,True,True,True
49944,2021,MA50,2,375916,74478,74478,867,Round 2,2021-06-06,John Sudarsky,845,Center Chains DGC at Hope A. Davey Park,Blue Tees,54,18,2,11:50:00,61,7,807,113,True,False,18,61,True,True,True
49944,2021,MA50,2,375916,166239,166239,919,Round 2,2021-06-06,Tom Raub,958,Center Chains DGC at Hope A. Davey Park,Blue Tees,54,18,4,11:40:00,59,5,832,114,True,False,18,59,True,True,True
49944,2021,MA50,2,375916,176159,176159,,Round 2,2021-06-06,Guy Norwood,,Center Chains DGC at Hope A. Davey Park,Blue Tees,54,18,3,11:40:00,58,4,845,115,True,False,18,58,True,True,True
49944,2021,MA50,2,375916,130713,130713,886,Round 2,2021-06-06,Ian Martin,902,Center Chains DGC at Hope A. Davey Park,Blue Tees,54,18,2,11:30:00,56,2,870,117,True,False,18,56,True,True,True
49944,2021,MA50,2,375916,100719,100719,849,Round 2,2021-06-06,Tom Treece,,Center Chains DGC at Hope A. Davey Park,Blue Tees,54,18,4,11:30:00,66,12,745,129,True,False,18,66,True,True,True
49944,2021,MA50,2,375916,name:mark stirewalt,,,Round 2,2021-06-06,Mark Stirewalt,,Center Chains DGC at Hope A. Davey Park,Blue Tees,54,18,3,11:30:00,67,13,733,129,True,False,18,67,True,True,True
49944,2021,MA50,2,375916,132681,132681,812,Round 2,2021-06-06,Paul Robinson,,Center Chains DGC at Hope A. Davey Park,Blue Tees,54,18,2,11:20:00,64,10,770,130,True,False,18,64,True,True,True
49944,2021,MA50,2,375916,122689,122689,763,Round 2,2021-06-06,Doug Underhill,,Center Chains DGC at Hope A. Davey Park,Blue Tees,54,18,1,11:20:00,67,13,733,133,True,False,18,67,True,True,True
49944,2021,MA50,2,375916,88570,88570,748,Round 2,2021-06-06,Michael Ray,,Center Chains DGC at Hope A. Davey Park,Blue Tees,54,18,3,11:20:00,68,14,721,136,True,False,18,68,True,True,True
49944,2021,MJ12,1,375921,name:gavin bowley,,,Round 1,2021-06-06,Gavin Bowley,,Center Chains DGC at Hope A. Davey Park,White Tees,54,18,3,08:30:00,54,0,825,116,True,False,18,54,True,True,True
49944,2021,MJ12,2,375921,name:gavin bowley,,,Round 2,2021-06-06,Gavin Bowley,,Center Chains DGC at Hope A. Davey Park,White Tees,54,18,1,08:10:00,62,8,710,116,True,False,18,62,True,True,True
49944,2021,MP40,1,375916,24381,24381,957,Round 1,2021-06-06,Chris Young,937,Center Chains DGC at Hope A. Davey Park,Blue Tees,54,18,1,16:10:00,46,-8,994,91,True,False,18,46,True,True,True
49944,2021,MP40,1,375916,93414,93414,927,Round 1,2021-06-06,Joshua Lemieux,961,Center Chains DGC at Hope A. Davey Park,Blue Tees,54,18,1,16:00:00,47,-7,981,102,True,False,18,47,True,True,True
49944,2021,MP40,1,375916,9059,9059,975,Round 1,2021-06-06,Hank Kirwan,993,Center Chains DGC at Hope A. Davey Park,Blue Tees,54,18,2,16:00:00,48,-6,969,94,True,False,18,48,True,True,True
49944,2021,MP40,1,375916,23565,23565,937,Round 1,2021-06-06,Shane M. Tewksbury,925,Center Chains DGC at Hope A. Davey Park,Blue Tees,54,18,2,16:10:00,50,-4,944,105,True,False,18,50,True,True,True
49944,2021,MP40,1,375916,119003,119003,923,Round 1,2021-06-06,Joshua Wedel,942,Center Chains DGC at Hope A. Davey Park,Blue Tees,54,18,4,16:00:00,50,-4,944,99,True,False,18,50,True,True,True
49944,2021,MP40,1,375916,49282,49282,918,Round 1,2021-06-06,Justin DeVico,931,Center Chains DGC at Hope A. Davey Park,Blue Tees,54,18,3,16:10:00,53,-1,907,111,True,False,18,53,True,True,True
49944,2021,MP40,1,375916,73588,73588,878,Round 1,2021-06-06,Will Cleland,910,Center Chains DGC at Hope A. Davey Park,Blue Tees,54,18,1,15:50:00,53,-1,907,106,True,False,18,53,True,True,True
49944,2021,MP40,1,375916,159476,159476,,Round 1,2021-06-06,James Lightholder,899,Center Chains DGC at Hope A. Davey Park,Blue Tees,54,18,3,16:00:00,53,-1,907,105,True,False,18,53,True,True,True
49944,2021,MP40,1,375916,15089,15089,934,Round 1,2021-06-06,Jeremy JJ Becker,887,Center Chains DGC at Hope A. Davey Park,Blue Tees,54,18,4,15:50:00,54,0,894,,True,False,18,54,True,True,True
49944,2021,MP40,2,375916,24381,24381,957,Round 2,2021-06-06,Chris Young,937,Center Chains DGC at Hope A. Davey Park,Blue Tees,54,18,1,15:50:00,45,-9,1006,91,True,False,18,45,True,True,True
49944,2021,MP40,2,375916,9059,9059,975,Round 2,2021-06-06,Hank Kirwan,993,Center Chains DGC at Hope A. Davey Park,Blue Tees,54,18,3,15:50:00,46,-8,994,94,True,False,18,46,True,True,True
49944,2021,MP40,2,375916,119003,119003,923,Round 2,2021-06-06,Joshua Wedel,942,Center Chains DGC at Hope A. Davey Park,Blue Tees,54,18,1,15:40:00,49,-5,957,99,True,False,18,49,True,True,True
49944,2021,MP40,2,375916,93414,93414,927,Round 2,2021-06-06,Joshua Lemieux,961,Center Chains DGC at Hope A. Davey Park,Blue Tees,54,18,2,15:50:00,55,1,882,102,True,False,18,55,True,True,True
49944,2021,MP40,2,375916,159476,159476,,Round 2,2021-06-06,James Lightholder,899,Center Chains DGC at Hope A. Davey Park,Blue Tees,54,18,4,15:40:00,52,-2,919,105,True,False,18,52,True,True,True
49944,2021,MP40,2,375916,23565,23565,937,Round 2,2021-06-06,Shane M. Tewksbury,925,Center Chains DGC at Hope A. Davey Park,Blue Tees,54,18,4,15:50:00,55,1,882,105,True,False,18,55,True,True,True
49944,2021,MP40,2,375916,73588,73588,878,Round 2,2021-06-06,Will Cleland,910,Center Chains DGC at Hope A. Davey Park,Blue Tees,54,18,3,15:40:00,53,-1,907,106,True,False,18,53,True,True,True
49944,2021,MP40,2,375916,49282,49282,918,Round 2,2021-06-06,Justin DeVico,931,Center Chains DGC at Hope A. Davey Park,Blue Tees,54,18,2,15:40:00,58,4,845,111,True,False,18,58,True,True,True
49944,2021,MP40,2,375916,15089,15089,934,Round 2,2021-06-06,Jeremy JJ Becker,887,Center Chains DGC at Hope A. Davey Park,Blue Tees,54,18,5,15:40:00,,,,,True,True,0,,False,False,False
49944,2021,MP50,1,375916,77623,77623,912,Round 1,2021-06-06,Cary Powell,909,Center Chains DGC at Hope A. Davey Park,Blue Tees,54,18,3,15:50:00,56,2,870,110,True,False,18,56,True,True,True
49944,2021,MP50,1,375916,name:dave bouchard,,,Round 1,2021-06-06,Dave Bouchard,,Center Chains DGC at Hope A. Davey Park,Blue Tees,54,18,2,15:50:00,62,8,795,126,True,False,18,62,True,True,True
49944,2021,MP50,2,375916,77623,77623,912,Round 2,2021-06-06,Cary Powell,909,Center Chains DGC at Hope A. Davey Park,Blue Tees,54,18,2,11:10:00,54,0,894,110,True,False,18,54,True,True,True
49944,2021,MP50,2,375916,name:dave bouchard,,,Round 2,2021-06-06,Dave Bouchard,,Center Chains DGC at Hope A. Davey Park,Blue Tees,54,18,4,11:10:00,64,10,770,126,True,False,18,64,True,True,True
49944,2021,MPO,1,375916,74240,74240,929,Round 1,2021-06-06,Christopher Martin,962,Center Chains DGC at Hope A. Davey Park,Blue Tees,54,18,2,14:50:00,46,-8,994,99,True,False,18,46,True,True,True
49944,2021,MPO,1,375916,136903,136903,957,Round 1,2021-06-06,Alex Ferguson,957,Center Chains DGC at Hope A. Davey Park,Blue Tees,54,18,3,14:40:00,46,-8,994,94,True,False,0,,False,False,False
49944,2021,MPO,1,375916,94450,94450,947,Round 1,2021-06-06,Brendan Rollins,958,Center Chains DGC at Hope A. Davey Park,Blue Tees,54,18,3,14:50:00,48,-6,969,97,True,False,18,48,True,True,True
49944,2021,MPO,1,375916,116370,116370,919,Round 1,2021-06-06,Tyler Moriarty,,Center Chains DGC at Hope A. Davey Park,Blue Tees,54,18,2,15:00:00,48,-6,969,99,True,False,18,48,True,True,True
49944,2021,MPO,1,375916,140098,140098,946,Round 1,2021-06-06,Angus Barstow,980,Center Chains DGC at Hope A. Davey Park,Blue Tees,54,18,4,15:20:00,48,-6,969,96,True,False,18,48,True,True,True
49944,2021,MPO,1,375916,53718,53718,940,Round 1,2021-06-06,Nicholas Ailes,,Center Chains DGC at Hope A. Davey Park,Blue Tees,54,18,1,14:50:00,49,-5,957,96,True,False,18,49,True,True,True
49944,2021,MPO,1,375916,101763,101763,883,Round 1,2021-06-06,Spencer Sutherland,917,Center Chains DGC at Hope A. Davey Park,Blue Tees,54,18,1,15:00:00,49,-5,957,103,True,False,18,49,True,True,True
49944,2021,MPO,1,375916,103627,103627,985,Round 1,2021-06-06,Clayton Davis,,Center Chains DGC at Hope A. Davey Park,Blue Tees,54,18,1,15:10:00,49,-5,957,102,True,False,18,49,True,True,True
49944,2021,MPO,1,375916,108989,108989,901,Round 1,2021-06-06,Erik Osborne,,Center Chains DGC at Hope A. Davey Park,Blue Tees,54,18,2,15:10:00,49,-5,957,104,True,False,18,49,True,True,True
49944,2021,MPO,1,375916,107234,107234,905,Round 1,2021-06-06,Sebastian Marshall,,Center Chains DGC at Hope A. Davey Park,Blue Tees,54,18,2,15:40:00,51,-3,932,103,True,False,18,51,True,True,True
49944,2021,MPO,1,375916,140874,140874,936,Round 1,2021-06-06,Hunter Martin,953,Center Chains DGC at Hope A. Davey Park,Blue Tees,54,18,3,15:10:00,51,-3,932,98,True,False,18,51,True,True,True
49944,2021,MPO,1,375916,114674,114674,905,Round 1,2021-06-06,Jordan Lamson,,Center Chains DGC at Hope A. Davey Park,Blue Tees,54,18,2,14:40:00,51,-3,932,104,True,False,0,,False,False,False
49944,2021,MPO,1,375916,130922,130922,916,Round 1,2021-06-06,James Bowley,,Center Chains DGC at Hope A. Davey Park,Blue Tees,54,18,2,15:30:00,52,-2,919,103,True,False,18,52,True,True,True
49944,2021,MPO,1,375916,134979,134979,935,Round 1,2021-06-06,Jack Conant,,Center Chains DGC at Hope A. Davey Park,Blue Tees,54,18,3,15:30:00,52,-2,919,104,True,False,18,52,True,True,True
49944,2021,MPO,1,375916,name:chris keller,,,Round 1,2021-06-06,Chris Keller,,Center Chains DGC at Hope A. Davey Park,Blue Tees,54,18,3,15:00:00,52,-2,919,106,True,False,18,52,True,True,True
49944,2021,MPO,1,375916,122739,122739,925,Round 1,2021-06-06,Adam Green,977,Center Chains DGC at Hope A. Davey Park,Blue Tees,54,18,3,14:30:00,52,-2,919,105,True,False,0,,False,False,False
49944,2021,MPO,1,375916,138402,138402,876,Round 1,2021-06-06,Kenneth Antonich,,Center Chains DGC at Hope A. Davey Park,Blue Tees,54,18,3,15:20:00,53,-1,907,110,True,False,18,53,True,True,True
49944,2021,MPO,1,375916,85036,85036,895,Round 1,2021-06-06,Nolan Power,,Center Chains DGC at Hope A. Davey Park,Blue Tees,54,18,1,15:30:00,54,0,894,109,True,False,18,54,True,True,True
49944,2021,MPO,1,375916,100341,100341,927,Round 1,2021-06-06,Kevin Avery,,Center Chains DGC at Hope A. Davey Park,Blue Tees,54,18,2,15:20:00,54,0,894,107,True,False,18,54,True,True,True
49944,2021,MPO,1,375916,141251,141251,892,Round 1,2021-06-06,Owen Wood,939,Center Chains DGC at Hope A. Davey Park,Blue Tees,54,18,4,15:30:00,54,0,894,105,True,False,18,54,True,True,True
49944,2021,MPO,1,375916,76314,76314,930,Round 1,2021-06-06,Andrew Trayer,938,Center Chains DGC at Hope A. Davey Park,Blue Tees,54,18,1,15:40:00,55,1,882,109,True,False,18,55,True,True,True
49944,2021,MPO,1,375916,161558,161558,915,Round 1,2021-06-06,Brad Schott,994,Center Chains DGC at Hope A. Davey Park,Blue Tees,54,18,3,15:40:00,55,1,882,106,True,False,18,55,True,True,True
49944,2021,MPO,1,375916,164377,164377,922,Round 1,2021-06-06,Robert Wix,927,Center Chains DGC at Hope A. Davey Park,Blue Tees,54,18,4,15:40:00,57,3,857,103,True,False,18,57,True,True,True
49944,2021,MPO,1,375916,99260,99260,893,Round 1,2021-06-06,Matthew Martell,880,Center Chains DGC at Hope A. Davey Park,Blue Tees,54,18,1,15:20:00,58,4,845,113,True,False,18,58,True,True,True
49944,2021,MPO,1,375916,109051,109051,859,Round 1,2021-06-06,Taylor Jones,866,Center Chains DGC at Hope A. Davey Park,Blue Tees,54,18,1,14:40:00,60,6,820,116,True,False,0,,False,False,False
49944,2021,MPO,2,375916,136903,136903,957,Round 2,2021-06-06,Alex Ferguson,957,Center Chains DGC at Hope A. Davey Park,Blue Tees,54,18,2,15:30:00,48,-6,969,94,True,False,18,48,True,True,True
49944,2021,MPO,2,375916,53718,53718,940,Round 2,2021-06-06,Nicholas Ailes,,Center Chains DGC at Hope A. Davey Park,Blue Tees,54,18,2,15:20:00,47,-7,981,96,True,False,18,47,True,True,True
49944,2021,MPO,2,375916,140098,140098,946,Round 2,2021-06-06,Angus Barstow,980,Center Chains DGC at Hope A. Davey Park,Blue Tees,54,18,1,15:20:00,48,-6,969,96,True,False,18,48,True,True,True
49944,2021,MPO,2,375916,94450,94450,947,Round 2,2021-06-06,Brendan Rollins,958,Center Chains DGC at Hope A. Davey Park,Blue Tees,54,18,3,15:30:00,49,-5,957,97,True,False,18,49,True,True,True
49944,2021,MPO,2,375916,140874,140874,936,Round 2,2021-06-06,Hunter Martin,953,Center Chains DGC at Hope A. Davey Park,Blue Tees,54,18,4,15:10:00,47,-7,981,98,True,False,18,47,True,True,True
49944,2021,MPO,2,375916,116370,116370,919,Round 2,2021-06-06,Tyler Moriarty,,Center Chains DGC at Hope A. Davey Park,Blue Tees,54,18,4,15:30:00,51,-3,932,99,True,False,18,51,True,True,True
49944,2021,MPO,2,375916,74240,74240,929,Round 2,2021-06-06,Christopher Martin,962,Center Chains DGC at Hope A. Davey Park,Blue Tees,54,18,1,15:30:00,53,-1,907,99,True,False,18,53,True,True,True
49944,2021,MPO,2,375916,103627,103627,985,Round 2,2021-06-06,Clayton Davis,,Center Chains DGC at Hope A. Davey Park,Blue Tees,54,18,4,15:20:00,53,-1,907,102,True,False,18,53,True,True,True
49944,2021,MPO,2,375916,164377,164377,922,Round 2,2021-06-06,Robert Wix,927,Center Chains DGC at Hope A. Davey Park,Blue Tees,54,18,1,14:30:00,46,-8,994,103,True,False,18,46,True,True,True
49944,2021,MPO,2,375916,130922,130922,916,Round 2,2021-06-06,James Bowley,,Center Chains DGC at Hope A. Davey Park,Blue Tees,54,18,2,15:00:00,51,-3,932,103,True,False,18,51,True,True,True
49944,2021,MPO,2,375916,107234,107234,905,Round 2,2021-06-06,Sebastian Marshall,,Center Chains DGC at Hope A. Davey Park,Blue Tees,54,18,2,15:10:00,52,-2,919,103,True,False,18,52,True,True,True
49944,2021,MPO,2,375916,101763,101763,883,Round 2,2021-06-06,Spencer Sutherland,917,Center Chains DGC at Hope A. Davey Park,Blue Tees,54,18,3,15:20:00,54,0,894,103,True,False,18,54,True,True,True
49944,2021,MPO,2,375916,134979,134979,935,Round 2,2021-06-06,Jack Conant,,Center Chains DGC at Hope A. Davey Park,Blue Tees,54,18,3,15:00:00,52,-2,919,104,True,False,18,52,True,True,True
49944,2021,MPO,2,375916,114674,114674,905,Round 2,2021-06-06,Jordan Lamson,,Center Chains DGC at Hope A. Davey Park,Blue Tees,54,18,3,15:10:00,53,-1,907,104,True,False,18,53,True,True,True
49944,2021,MPO,2,375916,108989,108989,901,Round 2,2021-06-06,Erik Osborne,,Center Chains DGC at Hope A. Davey Park,Blue Tees,54,18,1,15:10:00,55,1,882,104,True,False,18,55,True,True,True
49944,2021,MPO,2,375916,141251,141251,892,Round 2,2021-06-06,Owen Wood,939,Center Chains DGC at Hope A. Davey Park,Blue Tees,54,18,1,14:40:00,51,-3,932,105,True,False,18,51,True,True,True
49944,2021,MPO,2,375916,122739,122739,925,Round 2,2021-06-06,Adam Green,977,Center Chains DGC at Hope A. Davey Park,Blue Tees,54,18,1,15:00:00,53,-1,907,105,True,False,18,53,True,True,True
49944,2021,MPO,2,375916,161558,161558,915,Round 2,2021-06-06,Brad Schott,994,Center Chains DGC at Hope A. Davey Park,Blue Tees,54,18,3,14:40:00,51,-3,932,106,True,False,18,51,True,True,True
49944,2021,MPO,2,375916,name:chris keller,,,Round 2,2021-06-06,Chris Keller,,Center Chains DGC at Hope A. Davey Park,Blue Tees,54,18,4,15:00:00,54,0,894,106,True,False,18,54,True,True,True
49944,2021,MPO,2,375916,100341,100341,927,Round 2,2021-06-06,Kevin Avery,,Center Chains DGC at Hope A. Davey Park,Blue Tees,54,18,3,14:50:00,53,-1,907,107,True,False,18,53,True,True,True
49944,2021,MPO,2,375916,76314,76314,930,Round 2,2021-06-06,Andrew Trayer,938,Center Chains DGC at Hope A. Davey Park,Blue Tees,54,18,2,14:40:00,54,0,894,109,True,False,18,54,True,True,True
49944,2021,MPO,2,375916,85036,85036,895,Round 2,2021-06-06,Nolan Power,,Center Chains DGC at Hope A. Davey Park,Blue Tees,54,18,2,14:50:00,55,1,882,109,True,False,18,55,True,True,True
49944,2021,MPO,2,375916,138402,138402,876,Round 2,2021-06-06,Kenneth Antonich,,Center Chains DGC at Hope A. Davey Park,Blue Tees,54,18,1,14:50:00,57,3,857,110,True,False,18,57,True,True,True
49944,2021,MPO,2,375916,99260,99260,893,Round 2,2021-06-06,Matthew Martell,880,Center Chains DGC at Hope A. Davey Park,Blue Tees,54,18,2,14:30:00,55,1,882,113,True,False,18,55,True,True,True
49944,2021,MPO,2,375916,109051,109051,859,Round 2,2021-06-06,Taylor Jones,866,Center Chains DGC at Hope A. Davey Park,Blue Tees,54,18,3,14:30:00,56,2,870,116,True,False,18,56,True,True,True
49945,2021,FA1,1,381126,111460,111460,866,Round 1,2021-06-20,Emily Hanson,,Smugglers Notch Disc Golf Center - Brewster Ridge,Brewster Ridge White Tees,61,18,1,12:24:00,56,-5,897,190,True,False,18,56,True,True,True
49945,2021,FA1,1,381126,174640,174640,808,Round 1,2021-06-20,Maureen McGuinness,,Smugglers Notch Disc Golf Center - Brewster Ridge,Brewster Ridge White Tees,61,18,4,12:24:00,60,-1,851,188,True,False,18,60,True,True,True
49945,2021,FA1,1,381126,132857,132857,823,Round 1,2021-06-20,Serena Lamson,,Smugglers Notch Disc Golf Center - Brewster Ridge,Brewster Ridge White Tees,61,18,3,12:24:00,61,0,839,197,True,False,18,61,True,True,True
49945,2021,FA1,1,381126,123381,123381,837,Round 1,2021-06-20,Tracy Knippel,854,Smugglers Notch Disc Golf Center - Brewster Ridge,Brewster Ridge White Tees,61,18,2,12:24:00,63,2,816,192,True,False,18,63,True,True,True
49945,2021,FA1,2,381141,111460,111460,866,Round 2,2021-06-20,Emily Hanson,,Smugglers Notch Disc Golf Center - Fox Run,Fox Run Meadows White Tees,63,18,1,12:12:00,73,10,823,190,True,False,18,73,True,True,True
49945,2021,FA1,2,381141,174640,174640,808,Round 2,2021-06-20,Maureen McGuinness,,Smugglers Notch Disc Golf Center - Fox Run,Fox Run Meadows White Tees,63,18,2,12:12:00,70,7,851,188,True,False,18,70,True,True,True
49945,2021,FA1,2,381141,123381,123381,837,Round 2,2021-06-20,Tracy Knippel,854,Smugglers Notch Disc Golf Center - Fox Run,Fox Run Meadows White Tees,63,18,4,12:12:00,70,7,851,192,True,False,18,70,True,True,True
49945,2021,FA1,2,381141,132857,132857,823,Round 2,2021-06-20,Serena Lamson,,Smugglers Notch Disc Golf Center - Fox Run,Fox Run Meadows White Tees,63,18,3,12:12:00,72,9,832,197,True,False,18,72,True,True,True
49945,2021,FA1,3,381126,174640,174640,808,Round 3,2021-06-20,Maureen McGuinness,,Smugglers Notch Disc Golf Center - Brewster Ridge,Brewster Ridge White Tees,61,18,2,09:12:00,58,-3,874,188,True,False,18,58,True,True,True
49945,2021,FA1,3,381126,111460,111460,866,Round 3,2021-06-20,Emily Hanson,,Smugglers Notch Disc Golf Center - Brewster Ridge,Brewster Ridge White Tees,61,18,1,09:12:00,61,0,839,190,True,False,18,61,True,True,True
49945,2021,FA1,3,381126,123381,123381,837,Round 3,2021-06-20,Tracy Knippel,854,Smugglers Notch Disc Golf Center - Brewster Ridge,Brewster Ridge White Tees,61,18,3,09:12:00,59,-2,863,192,True,False,18,59,True,True,True
49945,2021,FA1,3,381126,132857,132857,823,Round 3,2021-06-20,Serena Lamson,,Smugglers Notch Disc Golf Center - Brewster Ridge,Brewster Ridge White Tees,61,18,4,09:12:00,64,3,805,197,True,False,18,64,True,True,True
49945,2021,FA2,1,381126,115808,115808,713,Round 1,2021-06-20,Laura MacDonald,765,Smugglers Notch Disc Golf Center - Brewster Ridge,Brewster Ridge White Tees,61,18,1,12:36:00,62,1,828,205,True,False,18,62,True,True,True
49945,2021,FA2,1,381126,86402,86402,780,Round 1,2021-06-20,Brittany Bergquist,775,Smugglers Notch Disc Golf Center - Brewster Ridge,Brewster Ridge White Tees,61,18,1,12:48:00,66,5,781,194,True,False,18,66,True,True,True
49945,2021,FA2,1,381126,131193,131193,760,Round 1,2021-06-20,Charlotte Harding,,Smugglers Notch Disc Golf Center - Brewster Ridge,Brewster Ridge White Tees,61,18,3,12:48:00,71,10,723,196,True,False,18,71,True,True,True
49945,2021,FA2,1,381126,172788,172788,654,Round 1,2021-06-20,Katie Oram,,Smugglers Notch Disc Golf Center - Brewster Ridge,Brewster Ridge White Tees,61,18,4,12:48:00,71,10,723,217,True,False,18,71,True,True,True
49945,2021,FA2,1,381126,159333,159333,739,Round 1,2021-06-20,Laura Rajnak,,Smugglers Notch Disc Golf Center - Brewster Ridge,Brewster Ridge White Tees,61,18,2,12:36:00,72,11,712,203,True,False,18,72,True,True,True
49945,2021,FA2,1,381126,121311,121311,754,Round 1,2021-06-20,Emily Braun,845,Smugglers Notch Disc Golf Center - Brewster Ridge,Brewster Ridge White Tees,61,18,2,12:48:00,73,12,700,205,True,False,18,73,True,True,True
49945,2021,FA2,1,381126,name:jennifer amaral,,,Round 1,2021-06-20,Jennifer Amaral,,Smugglers Notch Disc Golf Center - Brewster Ridge,Brewster Ridge White Tees,61,18,4,12:36:00,73,12,700,214,True,False,18,73,True,True,True
49945,2021,FA2,1,381126,172895,172895,624,Round 1,2021-06-20,Cara Tatro,737,Smugglers Notch Disc Golf Center - Brewster Ridge,Brewster Ridge White Tees,61,18,3,12:36:00,75,14,677,227,True,False,18,75,True,True,True
49945,2021,FA2,2,381151,86402,86402,780,Round 2,2021-06-20,Brittany Bergquist,775,Smugglers Notch Disc Golf Center - Fox Run,Fox Run Meadows Red Tees,63,18,2,09:00:00,64,1,807,194,True,False,18,64,True,True,True
49945,2021,FA2,2,381151,131193,131193,760,Round 2,2021-06-20,Charlotte Harding,,Smugglers Notch Disc Golf Center - Fox Run,Fox Run Meadows Red Tees,63,18,3,09:00:00,64,1,807,196,True,False,18,64,True,True,True
49945,2021,FA2,2,381151,115808,115808,713,Round 2,2021-06-20,Laura MacDonald,765,Smugglers Notch Disc Golf Center - Fox Run,Fox Run Meadows Red Tees,63,18,1,09:00:00,74,11,692,205,True,False,18,74,True,True,True
49945,2021,FA2,2,381151,121311,121311,754,Round 2,2021-06-20,Emily Braun,845,Smugglers Notch Disc Golf Center - Fox Run,Fox Run Meadows Red Tees,63,18,2,08:48:00,65,2,795,205,True,False,18,65,True,True,True
49945,2021,FA2,2,381151,159333,159333,739,Round 2,2021-06-20,Laura Rajnak,,Smugglers Notch Disc Golf Center - Fox Run,Fox Run Meadows Red Tees,63,18,1,08:48:00,67,4,772,203,True,False,18,67,True,True,True
49945,2021,FA2,2,381151,name:jennifer amaral,,,Round 2,2021-06-20,Jennifer Amaral,,Smugglers Notch Disc Golf Center - Fox Run,Fox Run Meadows Red Tees,63,18,3,08:48:00,70,7,738,214,True,False,18,70,True,True,True
49945,2021,FA2,2,381151,172788,172788,654,Round 2,2021-06-20,Katie Oram,,Smugglers Notch Disc Golf Center - Fox Run,Fox Run Meadows Red Tees,63,18,4,09:00:00,74,11,692,217,True,False,18,74,True,True,True
49945,2021,FA2,2,381151,172895,172895,624,Round 2,2021-06-20,Cara Tatro,737,Smugglers Notch Disc Golf Center - Fox Run,Fox Run Meadows Red Tees,63,18,4,08:48:00,73,10,703,227,True,False,18,73,True,True,True
49945,2021,FA2,3,381126,86402,86402,780,Round 3,2021-06-20,Brittany Bergquist,775,Smugglers Notch Disc Golf Center - Brewster Ridge,Brewster Ridge White Tees,61,18,1,09:00:00,64,3,805,194,True,False,18,64,True,True,True
49945,2021,FA2,3,381126,131193,131193,760,Round 3,2021-06-20,Charlotte Harding,,Smugglers Notch Disc Golf Center - Brewster Ridge,Brewster Ridge White Tees,61,18,2,09:00:00,61,0,839,196,True,False,18,61,True,True,True
49945,2021,FA2,3,381126,159333,159333,739,Round 3,2021-06-20,Laura Rajnak,,Smugglers Notch Disc Golf Center - Brewster Ridge,Brewster Ridge White Tees,61,18,1,08:48:00,64,3,805,203,True,False,18,64,True,True,True
49945,2021,FA2,3,381126,121311,121311,754,Round 3,2021-06-20,Emily Braun,845,Smugglers Notch Disc Golf Center - Brewster Ridge,Brewster Ridge White Tees,61,18,4,09:00:00,67,6,770,205,True,False,18,67,True,True,True
49945,2021,FA2,3,381126,115808,115808,713,Round 3,2021-06-20,Laura MacDonald,765,Smugglers Notch Disc Golf Center - Brewster Ridge,Brewster Ridge White Tees,61,18,3,09:00:00,69,8,747,205,True,False,18,69,True,True,True
49945,2021,FA2,3,381126,name:jennifer amaral,,,Round 3,2021-06-20,Jennifer Amaral,,Smugglers Notch Disc Golf Center - Brewster Ridge,Brewster Ridge White Tees,61,18,2,08:48:00,71,10,723,214,True,False,18,71,True,True,True
49945,2021,FA2,3,381126,172788,172788,654,Round 3,2021-06-20,Katie Oram,,Smugglers Notch Disc Golf Center - Brewster Ridge,Brewster Ridge White Tees,61,18,3,08:48:00,72,11,712,217,True,False,18,72,True,True,True
49945,2021,FA2,3,381126,172895,172895,624,Round 3,2021-06-20,Cara Tatro,737,Smugglers Notch Disc Golf Center - Brewster Ridge,Brewster Ridge White Tees,61,18,4,08:48:00,79,18,630,227,True,False,18,79,True,True,True
49945,2021,FPO,1,381131,96030,96030,935,Round 1,2021-06-20,Alex Benson,,Smugglers Notch Disc Golf Center - Fox Run,Fox Run Meadows Blue Tees,63,18,3,09:00:00,71,8,930,212,True,False,18,71,True,True,True
49945,2021,FPO,1,381131,31072,31072,901,Round 1,2021-06-20,Melynda Apton,,Smugglers Notch Disc Golf Center - Fox Run,Fox Run Meadows Blue Tees,63,18,1,09:00:00,76,13,892,228,True,False,18,76,True,True,True
49945,2021,FPO,1,381131,36811,36811,866,Round 1,2021-06-20,Shannon Barker,,Smugglers Notch Disc Golf Center - Fox Run,Fox Run Meadows Blue Tees,63,18,2,09:00:00,85,22,825,249,True,False,18,85,True,True,True
49945,2021,FPO,2,381106,96030,96030,935,Round 2,2021-06-20,Alex Benson,,Smugglers Notch Disc Golf Center - Brewster Ridge,Brewster Ridge Gold Tees,61,18,1,09:36:00,69,8,925,212,True,False,18,69,True,True,True
49945,2021,FPO,2,381106,31072,31072,901,Round 2,2021-06-20,Melynda Apton,,Smugglers Notch Disc Golf Center - Brewster Ridge,Brewster Ridge Gold Tees,61,18,2,09:36:00,77,16,861,228,True,False,18,77,True,True,True
49945,2021,FPO,2,381106,36811,36811,866,Round 2,2021-06-20,Shannon Barker,,Smugglers Notch Disc Golf Center - Brewster Ridge,Brewster Ridge Gold Tees,61,18,3,09:36:00,79,18,845,249,True,False,18,79,True,True,True
49945,2021,FPO,3,381131,96030,96030,935,Round 3,2021-06-20,Alex Benson,,Smugglers Notch Disc Golf Center - Fox Run,Fox Run Meadows Blue Tees,63,18,1,08:00:00,72,9,922,212,True,False,18,72,True,True,True
49945,2021,FPO,3,381131,31072,31072,901,Round 3,2021-06-20,Melynda Apton,,Smugglers Notch Disc Golf Center - Fox Run,Fox Run Meadows Blue Tees,63,18,2,08:00:00,75,12,900,228,True,False,18,75,True,True,True
49945,2021,FPO,3,381131,36811,36811,866,Round 3,2021-06-20,Shannon Barker,,Smugglers Notch Disc Golf Center - Fox Run,Fox Run Meadows Blue Tees,63,18,3,08:00:00,85,22,825,249,True,False,18,85,True,True,True
49945,2021,MA1,1,381106,93401,93401,931,Round 1,2021-06-20,Jeffrey Russell,945,Smugglers Notch Disc Golf Center - Brewster Ridge,Brewster Ridge Gold Tees,61,18,2,13:48:00,63,2,973,202,True,False,18,63,True,True,True
49945,2021,MA1,1,381106,121362,121362,939,Round 1,2021-06-20,Jonathan Russo,951,Smugglers Notch Disc Golf Center - Brewster Ridge,Brewster Ridge Gold Tees,61,18,3,14:36:00,63,2,973,189,True,False,18,63,True,True,True
49945,2021,MA1,1,381106,76046,76046,947,Round 1,2021-06-20,Trenton Vielbig,,Smugglers Notch Disc Golf Center - Brewster Ridge,Brewster Ridge Gold Tees,61,18,1,15:24:00,64,3,965,186,True,False,18,64,True,True,True
49945,2021,MA1,1,381106,100524,100524,951,Round 1,2021-06-20,John Bilsky,,Smugglers Notch Disc Golf Center - Brewster Ridge,Brewster Ridge Gold Tees,61,18,2,15:12:00,64,3,965,191,True,False,18,64,True,True,True
49945,2021,MA1,1,381106,115873,115873,936,Round 1,2021-06-20,Tyler Riel,,Smugglers Notch Disc Golf Center - Brewster Ridge,Brewster Ridge Gold Tees,61,18,3,15:36:00,64,3,965,199,True,False,18,64,True,True,True
49945,2021,MA1,1,381106,142744,142744,894,Round 1,2021-06-20,Abel German,974,Smugglers Notch Disc Golf Center - Brewster Ridge,Brewster Ridge Gold Tees,61,18,3,14:24:00,64,3,965,203,True,False,18,64,True,True,True
49945,2021,MA1,1,381106,name:evan hollar,,,Round 1,2021-06-20,Evan Hollar,,Smugglers Notch Disc Golf Center - Brewster Ridge,Brewster Ridge Gold Tees,61,18,4,14:24:00,64,3,965,193,True,False,18,64,True,True,True
49945,2021,MA1,1,381106,117124,117124,933,Round 1,2021-06-20,Dean Squires Jr,970,Smugglers Notch Disc Golf Center - Brewster Ridge,Brewster Ridge Gold Tees,61,18,4,13:48:00,65,4,957,211,True,False,18,65,True,True,True
49945,2021,MA1,1,381106,123610,123610,939,Round 1,2021-06-20,Kevin Johnson,,Smugglers Notch Disc Golf Center - Brewster Ridge,Brewster Ridge Gold Tees,61,18,2,14:24:00,65,4,957,199,True,False,18,65,True,True,True
49945,2021,MA1,1,381106,141999,141999,937,Round 1,2021-06-20,David Koch,955,Smugglers Notch Disc Golf Center - Brewster Ridge,Brewster Ridge Gold Tees,61,18,3,14:00:00,65,4,957,204,True,False,18,65,True,True,True
49945,2021,MA1,1,381106,102239,102239,901,Round 1,2021-06-20,Benjamin De Ondarza,,Smugglers Notch Disc Golf Center - Brewster Ridge,Brewster Ridge Gold Tees,61,18,4,14:48:00,66,5,949,199,True,False,18,66,True,True,True
49945,2021,MA1,1,381106,97375,97375,934,Round 1,2021-06-20,Nicholas Olson,,Smugglers Notch Disc Golf Center - Brewster Ridge,Brewster Ridge Gold Tees,61,18,1,14:36:00,67,6,941,210,True,False,18,67,True,True,True
49945,2021,MA1,1,381106,125209,125209,904,Round 1,2021-06-20,Mason Sailer,961,Smugglers Notch Disc Golf Center - Brewster Ridge,Brewster Ridge Gold Tees,61,18,5,13:12:00,67,6,941,196,True,False,18,67,True,True,True
49945,2021,MA1,1,381106,157191,157191,932,Round 1,2021-06-20,Ben Riendeau,,Smugglers Notch Disc Golf Center - Brewster Ridge,Brewster Ridge Gold Tees,61,18,3,15:24:00,67,6,941,215,True,False,18,67,True,True,True
49945,2021,MA1,1,381106,165941,165941,903,Round 1,2021-06-20,Aidan Hopper,890,Smugglers Notch Disc Golf Center - Brewster Ridge,Brewster Ridge Gold Tees,61,18,3,13:36:00,67,6,941,202,True,False,18,67,True,True,True
49945,2021,MA1,1,381106,181326,181326,911,Round 1,2021-06-20,Braden Lynn,943,Smugglers Notch Disc Golf Center - Brewster Ridge,Brewster Ridge Gold Tees,61,18,4,14:36:00,67,6,941,204,True,False,18,67,True,True,True
49945,2021,MA1,1,381106,name:christopher keller,,,Round 1,2021-06-20,Christopher Keller,,Smugglers Notch Disc Golf Center - Brewster Ridge,Brewster Ridge Gold Tees,61,18,4,14:12:00,67,6,941,232,True,False,18,67,True,True,True
49945,2021,MA1,1,381106,name:adam haight,,,Round 1,2021-06-20,Adam Haight,,Smugglers Notch Disc Golf Center - Brewster Ridge,Brewster Ridge Gold Tees,61,18,3,13:24:00,67,6,941,217,True,False,18,67,True,True,True
49945,2021,MA1,1,381106,44452,44452,912,Round 1,2021-06-20,Zackary Jellis,,Smugglers Notch Disc Golf Center - Brewster Ridge,Brewster Ridge Gold Tees,61,18,1,14:00:00,69,8,925,225,True,False,18,69,True,True,True
49945,2021,MA1,1,381106,118928,118928,928,Round 1,2021-06-20,Tyler Pomichter,926,Smugglers Notch Disc Golf Center - Brewster Ridge,Brewster Ridge Gold Tees,61,18,2,15:36:00,69,8,925,210,True,False,18,69,True,True,True
49945,2021,MA1,1,381106,121418,121418,887,Round 1,2021-06-20,Brian Charash,,Smugglers Notch Disc Golf Center - Brewster Ridge,Brewster Ridge Gold Tees,61,18,2,15:00:00,69,8,925,213,True,False,18,69,True,True,True
49945,2021,MA1,1,381106,141251,141251,898,Round 1,2021-06-20,Owen Wood,939,Smugglers Notch Disc Golf Center - Brewster Ridge,Brewster Ridge Gold Tees,61,18,2,14:00:00,69,8,925,217,True,False,18,69,True,True,True
49945,2021,MA1,1,381106,159476,159476,917,Round 1,2021-06-20,James Lightholder,899,Smugglers Notch Disc Golf Center - Brewster Ridge,Brewster Ridge Gold Tees,61,18,3,13:48:00,69,8,925,214,True,False,18,69,True,True,True
49945,2021,MA1,1,381106,27512,27512,931,Round 1,2021-06-20,Jason Parker,924,Smugglers Notch Disc Golf Center - Brewster Ridge,Brewster Ridge Gold Tees,61,18,1,13:36:00,70,9,917,208,True,False,18,70,True,True,True
49945,2021,MA1,1,381106,42057,42057,906,Round 1,2021-06-20,Seth McQuade,,Smugglers Notch Disc Golf Center - Brewster Ridge,Brewster Ridge Gold Tees,61,18,1,14:12:00,70,9,917,206,True,False,18,70,True,True,True
49945,2021,MA1,1,381106,100885,100885,920,Round 1,2021-06-20,Jacob Moore,945,Smugglers Notch Disc Golf Center - Brewster Ridge,Brewster Ridge Gold Tees,61,18,4,13:36:00,70,9,917,214,True,False,18,70,True,True,True
49945,2021,MA1,1,381106,76756,76756,901,Round 1,2021-06-20,Shane Rookey,,Smugglers Notch Disc Golf Center - Brewster Ridge,Brewster Ridge Gold Tees,61,18,1,15:12:00,71,10,909,217,True,False,18,71,True,True,True
49945,2021,MA1,1,381106,93698,93698,925,Round 1,2021-06-20,Bryce Carson,951,Smugglers Notch Disc Golf Center - Brewster Ridge,Brewster Ridge Gold Tees,61,18,2,14:48:00,71,10,909,206,True,False,18,71,True,True,True
49945,2021,MA1,1,381106,96355,96355,909,Round 1,2021-06-20,Louis Annino,906,Smugglers Notch Disc Golf Center - Brewster Ridge,Brewster Ridge Gold Tees,61,18,1,15:36:00,71,10,909,206,True,False,18,71,True,True,True
49945,2021,MA1,1,381106,109527,109527,880,Round 1,2021-06-20,Mike Wenzel,901,Smugglers Notch Disc Golf Center - Brewster Ridge,Brewster Ridge Gold Tees,61,18,4,13:00:00,71,10,909,214,True,False,18,71,True,True,True
49945,2021,MA1,1,381106,115807,115807,908,Round 1,2021-06-20,John MacDonald,924,Smugglers Notch Disc Golf Center - Brewster Ridge,Brewster Ridge Gold Tees,61,18,2,14:12:00,71,10,909,215,True,False,18,71,True,True,True
49945,2021,MA1,1,381106,164158,164158,906,Round 1,2021-06-20,Alex Raub,,Smugglers Notch Disc Golf Center - Brewster Ridge,Brewster Ridge Gold Tees,61,18,1,13:00:00,71,10,909,210,True,False,18,71,True,True,True
49945,2021,MA1,1,381106,name:alex hardaker,,,Round 1,2021-06-20,Alex Hardaker,,Smugglers Notch Disc Golf Center - Brewster Ridge,Brewster Ridge Gold Tees,61,18,2,13:00:00,71,10,909,229,True,False,18,71,True,True,True
49945,2021,MA1,1,381106,106294,106294,908,Round 1,2021-06-20,Scott McCamp,,Smugglers Notch Disc Golf Center - Brewster Ridge,Brewster Ridge Gold Tees,61,18,3,13:00:00,72,11,901,215,True,False,18,72,True,True,True
49945,2021,MA1,1,381106,146705,146705,919,Round 1,2021-06-20,James Kenney,910,Smugglers Notch Disc Golf Center - Brewster Ridge,Brewster Ridge Gold Tees,61,18,3,14:12:00,72,11,901,223,True,False,18,72,True,True,True
49945,2021,MA1,1,381106,83637,83637,893,Round 1,2021-06-20,Matthew Alsfeld,,Smugglers Notch Disc Golf Center - Brewster Ridge,Brewster Ridge Gold Tees,61,18,1,14:48:00,73,12,893,888,True,False,18,73,True,True,True
49945,2021,MA1,1,381106,84498,84498,882,Round 1,2021-06-20,Michael Corson,,Smugglers Notch Disc Golf Center - Brewster Ridge,Brewster Ridge Gold Tees,61,18,1,15:00:00,73,12,893,227,True,False,18,73,True,True,True
49945,2021,MA1,1,381106,109749,109749,903,Round 1,2021-06-20,Taylor Douglass,,Smugglers Notch Disc Golf Center - Brewster Ridge,Brewster Ridge Gold Tees,61,18,2,14:36:00,73,12,893,218,True,False,18,73,True,True,True
49945,2021,MA1,1,381106,138544,138544,846,Round 1,2021-06-20,Chaz Sheperd,924,Smugglers Notch Disc Golf Center - Brewster Ridge,Brewster Ridge Gold Tees,61,18,3,14:48:00,73,12,893,234,True,False,18,73,True,True,True
49945,2021,MA1,1,381106,149101,149101,872,Round 1,2021-06-20,Ryan Sullivan,955,Smugglers Notch Disc Golf Center - Brewster Ridge,Brewster Ridge Gold Tees,61,18,4,15:12:00,73,12,893,224,True,False,18,73,True,True,True
49945,2021,MA1,1,381106,95956,95956,931,Round 1,2021-06-20,Tyler Mount,943,Smugglers Notch Disc Golf Center - Brewster Ridge,Brewster Ridge Gold Tees,61,18,4,15:36:00,74,13,885,210,True,False,18,74,True,True,True
49945,2021,MA1,1,381106,125328,125328,882,Round 1,2021-06-20,Dana Carpenter,,Smugglers Notch Disc Golf Center - Brewster Ridge,Brewster Ridge Gold Tees,61,18,2,13:24:00,74,13,885,209,True,False,18,74,True,True,True
49945,2021,MA1,1,381106,149015,149015,859,Round 1,2021-06-20,JJ Zarrella,864,Smugglers Notch Disc Golf Center - Brewster Ridge,Brewster Ridge Gold Tees,61,18,2,13:36:00,74,13,885,220,True,False,18,74,True,True,True
49945,2021,MA1,1,381106,174646,174646,858,Round 1,2021-06-20,David Oppenheimer,,Smugglers Notch Disc Golf Center - Brewster Ridge,Brewster Ridge Gold Tees,61,18,4,15:24:00,74,13,885,240,True,False,18,74,True,True,True
49945,2021,MA1,1,381106,name:gavin murphy,,,Round 1,2021-06-20,Gavin Murphy,,Smugglers Notch Disc Golf Center - Brewster Ridge,Brewster Ridge Gold Tees,61,18,3,15:00:00,74,13,885,223,True,False,18,74,True,True,True
49945,2021,MA1,1,381106,50816,50816,860,Round 1,2021-06-20,Tristan Whitehouse,,Smugglers Notch Disc Golf Center - Brewster Ridge,Brewster Ridge Gold Tees,61,18,1,13:48:00,76,15,869,233,True,False,18,76,True,True,True
49945,2021,MA1,1,381106,116630,116630,919,Round 1,2021-06-20,Andrew Zart,919,Smugglers Notch Disc Golf Center - Brewster Ridge,Brewster Ridge Gold Tees,61,18,2,15:24:00,76,15,869,215,True,False,18,76,True,True,True
49945,2021,MA1,1,381106,120536,120536,859,Round 1,2021-06-20,Andrew Palumbo,,Smugglers Notch Disc Golf Center - Brewster Ridge,Brewster Ridge Gold Tees,61,18,1,14:24:00,77,16,861,243,True,False,18,77,True,True,True
49945,2021,MA1,1,381106,118694,118694,861,Round 1,2021-06-20,Jordan Patterson,,Smugglers Notch Disc Golf Center - Brewster Ridge,Brewster Ridge Gold Tees,61,18,1,13:24:00,79,18,845,235,True,False,18,79,True,True,True
49945,2021,MA1,1,381106,170807,170807,893,Round 1,2021-06-20,Roger Duhaime,905,Smugglers Notch Disc Golf Center - Brewster Ridge,Brewster Ridge Gold Tees,61,18,4,13:12:00,79,18,845,222,True,False,18,79,True,True,True
49945,2021,MA1,1,381106,59549,59549,895,Round 1,2021-06-20,Joe DeCarolis,908,Smugglers Notch Disc Golf Center - Brewster Ridge,Brewster Ridge Gold Tees,61,18,4,14:00:00,81,20,829,245,True,False,18,81,True,True,True
49945,2021,MA1,1,381106,132139,132139,879,Round 1,2021-06-20,Logan Foss,,Smugglers Notch Disc Golf Center - Brewster Ridge,Brewster Ridge Gold Tees,61,18,3,15:12:00,83,22,814,219,True,False,18,83,True,True,True
49945,2021,MA1,2,381131,121362,121362,939,Round 2,2021-06-20,Jonathan Russo,951,Smugglers Notch Disc Golf Center - Fox Run,Fox Run Meadows Blue Tees,63,18,2,15:12:00,60,-3,1012,189,True,False,18,60,True,True,True
49945,2021,MA1,2,381131,76046,76046,947,Round 2,2021-06-20,Trenton Vielbig,,Smugglers Notch Disc Golf Center - Fox Run,Fox Run Meadows Blue Tees,63,18,3,15:12:00,61,-2,1005,186,True,False,18,61,True,True,True
49945,2021,MA1,2,381131,name:evan hollar,,,Round 2,2021-06-20,Evan Hollar,,Smugglers Notch Disc Golf Center - Fox Run,Fox Run Meadows Blue Tees,63,18,3,15:00:00,62,-1,997,193,True,False,18,62,True,True,True
49945,2021,MA1,2,381131,115873,115873,936,Round 2,2021-06-20,Tyler Riel,,Smugglers Notch Disc Golf Center - Fox Run,Fox Run Meadows Blue Tees,63,18,1,15:00:00,66,3,967,199,True,False,18,66,True,True,True
49945,2021,MA1,2,381131,125209,125209,904,Round 2,2021-06-20,Mason Sailer,961,Smugglers Notch Disc Golf Center - Fox Run,Fox Run Meadows Blue Tees,63,18,1,14:36:00,64,1,982,196,True,False,18,64,True,True,True
49945,2021,MA1,2,381131,100524,100524,951,Round 2,2021-06-20,John Bilsky,,Smugglers Notch Disc Golf Center - Fox Run,Fox Run Meadows Blue Tees,63,18,4,15:12:00,69,6,945,191,True,False,18,69,True,True,True
49945,2021,MA1,2,381131,102239,102239,901,Round 2,2021-06-20,Benjamin De Ondarza,,Smugglers Notch Disc Golf Center - Fox Run,Fox Run Meadows Blue Tees,63,18,3,14:48:00,68,5,952,199,True,False,18,68,True,True,True
49945,2021,MA1,2,381131,165941,165941,903,Round 2,2021-06-20,Aidan Hopper,890,Smugglers Notch Disc Golf Center - Fox Run,Fox Run Meadows Blue Tees,63,18,3,14:36:00,68,5,952,202,True,False,18,68,True,True,True
49945,2021,MA1,2,381131,123610,123610,939,Round 2,2021-06-20,Kevin Johnson,,Smugglers Notch Disc Golf Center - Fox Run,Fox Run Meadows Blue Tees,63,18,1,14:48:00,70,7,937,199,True,False,18,70,True,True,True
49945,2021,MA1,2,381131,93401,93401,931,Round 2,2021-06-20,Jeffrey Russell,945,Smugglers Notch Disc Golf Center - Fox Run,Fox Run Meadows Blue Tees,63,18,1,15:12:00,72,9,922,202,True,False,18,72,True,True,True
49945,2021,MA1,2,381131,141999,141999,937,Round 2,2021-06-20,David Koch,955,Smugglers Notch Disc Golf Center - Fox Run,Fox Run Meadows Blue Tees,63,18,2,14:48:00,71,8,930,204,True,False,18,71,True,True,True
49945,2021,MA1,2,381131,93698,93698,925,Round 2,2021-06-20,Bryce Carson,951,Smugglers Notch Disc Golf Center - Fox Run,Fox Run Meadows Blue Tees,63,18,4,14:00:00,66,3,967,206,True,False,18,66,True,True,True
49945,2021,MA1,2,381131,164158,164158,906,Round 2,2021-06-20,Alex Raub,,Smugglers Notch Disc Golf Center - Fox Run,Fox Run Meadows Blue Tees,63,18,4,13:48:00,66,3,967,210,True,False,18,66,True,True,True
49945,2021,MA1,2,381131,181326,181326,911,Round 2,2021-06-20,Braden Lynn,943,Smugglers Notch Disc Golf Center - Fox Run,Fox Run Meadows Blue Tees,63,18,4,14:36:00,70,7,937,204,True,False,18,70,True,True,True
49945,2021,MA1,2,381131,96355,96355,909,Round 2,2021-06-20,Louis Annino,906,Smugglers Notch Disc Golf Center - Fox Run,Fox Run Meadows Blue Tees,63,18,1,13:48:00,67,4,960,206,True,False,18,67,True,True,True
49945,2021,MA1,2,381131,97375,97375,934,Round 2,2021-06-20,Nicholas Olson,,Smugglers Notch Disc Golf Center - Fox Run,Fox Run Meadows Blue Tees,63,18,4,14:48:00,71,8,930,210,True,False,18,71,True,True,True
49945,2021,MA1,2,381131,142744,142744,894,Round 2,2021-06-20,Abel German,974,Smugglers Notch Disc Golf Center - Fox Run,Fox Run Meadows Blue Tees,63,18,2,15:00:00,74,11,907,203,True,False,18,74,True,True,True
49945,2021,MA1,2,381131,27512,27512,931,Round 2,2021-06-20,Jason Parker,924,Smugglers Notch Disc Golf Center - Fox Run,Fox Run Meadows Blue Tees,63,18,4,14:12:00,70,7,937,208,True,False,18,70,True,True,True
49945,2021,MA1,2,381131,42057,42057,906,Round 2,2021-06-20,Seth McQuade,,Smugglers Notch Disc Golf Center - Fox Run,Fox Run Meadows Blue Tees,63,18,1,14:00:00,70,7,937,206,True,False,18,70,True,True,True
49945,2021,MA1,2,381131,117124,117124,933,Round 2,2021-06-20,Dean Squires Jr,970,Smugglers Notch Disc Golf Center - Fox Run,Fox Run Meadows Blue Tees,63,18,4,15:00:00,75,12,900,211,True,False,18,75,True,True,True
49945,2021,MA1,2,381131,116630,116630,919,Round 2,2021-06-20,Andrew Zart,919,Smugglers Notch Disc Golf Center - Fox Run,Fox Run Meadows Blue Tees,63,18,3,13:00:00,65,2,975,215,True,False,18,65,True,True,True
49945,2021,MA1,2,381131,159476,159476,917,Round 2,2021-06-20,James Lightholder,899,Smugglers Notch Disc Golf Center - Fox Run,Fox Run Meadows Blue Tees,63,18,3,14:12:00,72,9,922,214,True,False,18,72,True,True,True
49945,2021,MA1,2,381131,157191,157191,932,Round 2,2021-06-20,Ben Riendeau,,Smugglers Notch Disc Golf Center - Fox Run,Fox Run Meadows Blue Tees,63,18,2,14:36:00,74,11,907,215,True,False,18,74,True,True,True
49945,2021,MA1,2,381131,76756,76756,901,Round 2,2021-06-20,Shane Rookey,,Smugglers Notch Disc Golf Center - Fox Run,Fox Run Meadows Blue Tees,63,18,3,14:00:00,71,8,930,217,True,False,18,71,True,True,True
49945,2021,MA1,2,381131,100885,100885,920,Round 2,2021-06-20,Jacob Moore,945,Smugglers Notch Disc Golf Center - Fox Run,Fox Run Meadows Blue Tees,63,18,2,14:00:00,72,9,922,214,True,False,18,72,True,True,True
49945,2021,MA1,2,381131,118928,118928,928,Round 2,2021-06-20,Tyler Pomichter,926,Smugglers Notch Disc Golf Center - Fox Run,Fox Run Meadows Blue Tees,63,18,4,14:24:00,73,10,915,210,True,False,18,73,True,True,True
49945,2021,MA1,2,381131,95956,95956,931,Round 2,2021-06-20,Tyler Mount,943,Smugglers Notch Disc Golf Center - Fox Run,Fox Run Meadows Blue Tees,63,18,1,13:12:00,69,6,945,210,True,False,18,69,True,True,True
49945,2021,MA1,2,381131,106294,106294,908,Round 2,2021-06-20,Scott McCamp,,Smugglers Notch Disc Golf Center - Fox Run,Fox Run Meadows Blue Tees,63,18,2,13:36:00,71,8,930,215,True,False,18,71,True,True,True
49945,2021,MA1,2,381131,115807,115807,908,Round 2,2021-06-20,John MacDonald,924,Smugglers Notch Disc Golf Center - Fox Run,Fox Run Meadows Blue Tees,63,18,3,13:48:00,72,9,922,215,True,False,18,72,True,True,True
49945,2021,MA1,2,381131,141251,141251,898,Round 2,2021-06-20,Owen Wood,939,Smugglers Notch Disc Golf Center - Fox Run,Fox Run Meadows Blue Tees,63,18,2,14:12:00,74,11,907,217,True,False,18,74,True,True,True
49945,2021,MA1,2,381131,121418,121418,887,Round 2,2021-06-20,Brian Charash,,Smugglers Notch Disc Golf Center - Fox Run,Fox Run Meadows Blue Tees,63,18,1,14:12:00,75,12,900,213,True,False,18,75,True,True,True
49945,2021,MA1,2,381131,name:adam haight,,,Round 2,2021-06-20,Adam Haight,,Smugglers Notch Disc Golf Center - Fox Run,Fox Run Meadows Blue Tees,63,18,1,14:24:00,77,14,885,217,True,False,18,77,True,True,True
49945,2021,MA1,2,381131,125328,125328,882,Round 2,2021-06-20,Dana Carpenter,,Smugglers Notch Disc Golf Center - Fox Run,Fox Run Meadows Blue Tees,63,18,2,13:12:00,71,8,930,209,True,False,18,71,True,True,True
49945,2021,MA1,2,381131,109527,109527,880,Round 2,2021-06-20,Mike Wenzel,901,Smugglers Notch Disc Golf Center - Fox Run,Fox Run Meadows Blue Tees,63,18,2,13:48:00,74,11,907,214,True,False,18,74,True,True,True
49945,2021,MA1,2,381131,149015,149015,859,Round 2,2021-06-20,JJ Zarrella,864,Smugglers Notch Disc Golf Center - Fox Run,Fox Run Meadows Blue Tees,63,18,3,13:12:00,73,10,915,220,True,False,18,73,True,True,True
49945,2021,MA1,2,381131,109749,109749,903,Round 2,2021-06-20,Taylor Douglass,,Smugglers Notch Disc Golf Center - Fox Run,Fox Run Meadows Blue Tees,63,18,2,13:24:00,74,11,907,218,True,False,18,74,True,True,True
49945,2021,MA1,2,381131,149101,149101,872,Round 2,2021-06-20,Ryan Sullivan,955,Smugglers Notch Disc Golf Center - Fox Run,Fox Run Meadows Blue Tees,63,18,4,13:24:00,75,12,900,224,True,False,18,75,True,True,True
49945,2021,MA1,2,381131,44452,44452,912,Round 2,2021-06-20,Zackary Jellis,,Smugglers Notch Disc Golf Center - Fox Run,Fox Run Meadows Blue Tees,63,18,3,14:24:00,80,17,862,225,True,False,18,80,True,True,True
49945,2021,MA1,2,381131,name:gavin murphy,,,Round 2,2021-06-20,Gavin Murphy,,Smugglers Notch Disc Golf Center - Fox Run,Fox Run Meadows Blue Tees,63,18,1,13:00:00,76,13,892,223,True,False,18,76,True,True,True
49945,2021,MA1,2,381131,170807,170807,893,Round 2,2021-06-20,Roger Duhaime,905,Smugglers Notch Disc Golf Center - Fox Run,Fox Run Meadows Blue Tees,63,18,2,12:48:00,74,11,907,222,True,False,18,74,True,True,True
49945,2021,MA1,2,381131,146705,146705,919,Round 2,2021-06-20,James Kenney,910,Smugglers Notch Disc Golf Center - Fox Run,Fox Run Meadows Blue Tees,63,18,3,13:36:00,82,19,847,223,True,False,18,82,True,True,True
49945,2021,MA1,2,381131,name:alex hardaker,,,Round 2,2021-06-20,Alex Hardaker,,Smugglers Notch Disc Golf Center - Fox Run,Fox Run Meadows Blue Tees,63,18,1,13:36:00,83,20,840,229,True,False,18,83,True,True,True
49945,2021,MA1,2,381131,132139,132139,879,Round 2,2021-06-20,Logan Foss,,Smugglers Notch Disc Golf Center - Fox Run,Fox Run Meadows Blue Tees,63,18,4,12:48:00,72,9,922,219,True,False,18,72,True,True,True
49945,2021,MA1,2,381131,83637,83637,893,Round 2,2021-06-20,Matthew Alsfeld,,Smugglers Notch Disc Golf Center - Fox Run,Fox Run Meadows Blue Tees,63,18,4,13:36:00,83,20,840,888,True,False,18,83,True,True,True
49945,2021,MA1,2,381131,138544,138544,846,Round 2,2021-06-20,Chaz Sheperd,924,Smugglers Notch Disc Golf Center - Fox Run,Fox Run Meadows Blue Tees,63,18,3,13:24:00,85,22,825,234,True,False,18,85,True,True,True
49945,2021,MA1,2,381131,118694,118694,861,Round 2,2021-06-20,Jordan Patterson,,Smugglers Notch Disc Golf Center - Fox Run,Fox Run Meadows Blue Tees,63,18,1,12:48:00,80,17,862,235,True,False,18,80,True,True,True
49945,2021,MA1,2,381131,174646,174646,858,Round 2,2021-06-20,David Oppenheimer,,Smugglers Notch Disc Golf Center - Fox Run,Fox Run Meadows Blue Tees,63,18,4,13:12:00,85,22,825,240,True,False,18,85,True,True,True
49945,2021,MA1,2,381131,84498,84498,882,Round 2,2021-06-20,Michael Corson,,Smugglers Notch Disc Golf Center - Fox Run,Fox Run Meadows Blue Tees,63,18,1,13:24:00,86,23,817,227,True,False,18,86,True,True,True
49945,2021,MA1,2,381131,name:christopher keller,,,Round 2,2021-06-20,Christopher Keller,,Smugglers Notch Disc Golf Center - Fox Run,Fox Run Meadows Blue Tees,63,18,2,14:24:00,92,29,772,232,True,False,18,92,True,True,True
49945,2021,MA1,2,381131,50816,50816,860,Round 2,2021-06-20,Tristan Whitehouse,,Smugglers Notch Disc Golf Center - Fox Run,Fox Run Meadows Blue Tees,63,18,2,13:00:00,85,22,825,233,True,False,18,85,True,True,True
49945,2021,MA1,2,381131,120536,120536,859,Round 2,2021-06-20,Andrew Palumbo,,Smugglers Notch Disc Golf Center - Fox Run,Fox Run Meadows Blue Tees,63,18,4,13:00:00,90,27,787,243,True,False,18,90,True,True,True
49945,2021,MA1,2,381131,59549,59549,895,Round 2,2021-06-20,Joe DeCarolis,908,Smugglers Notch Disc Golf Center - Fox Run,Fox Run Meadows Blue Tees,63,18,3,12:48:00,89,26,795,245,True,False,18,89,True,True,True
49945,2021,MA1,3,381106,76046,76046,947,Round 3,2021-06-20,Trenton Vielbig,,Smugglers Notch Disc Golf Center - Brewster Ridge,Brewster Ridge Gold Tees,61,18,2,15:12:00,61,0,988,186,True,False,18,61,True,True,True
49945,2021,MA1,3,381106,121362,121362,939,Round 3,2021-06-20,Jonathan Russo,951,Smugglers Notch Disc Golf Center - Brewster Ridge,Brewster Ridge Gold Tees,61,18,1,15:12:00,66,5,949,189,True,False,18,66,True,True,True
49945,2021,MA1,3,381106,100524,100524,951,Round 3,2021-06-20,John Bilsky,,Smugglers Notch Disc Golf Center - Brewster Ridge,Brewster Ridge Gold Tees,61,18,2,15:00:00,58,-3,1012,191,True,False,18,58,True,True,True
49945,2021,MA1,3,381106,name:evan hollar,,,Round 3,2021-06-20,Evan Hollar,,Smugglers Notch Disc Golf Center - Brewster Ridge,Brewster Ridge Gold Tees,61,18,3,15:12:00,67,6,941,193,True,False,18,67,True,True,True
49945,2021,MA1,3,381106,125209,125209,904,Round 3,2021-06-20,Mason Sailer,961,Smugglers Notch Disc Golf Center - Brewster Ridge,Brewster Ridge Gold Tees,61,18,1,15:00:00,65,4,957,196,True,False,18,65,True,True,True
49945,2021,MA1,3,381106,123610,123610,939,Round 3,2021-06-20,Kevin Johnson,,Smugglers Notch Disc Golf Center - Brewster Ridge,Brewster Ridge Gold Tees,61,18,1,14:48:00,64,3,965,199,True,False,18,64,True,True,True
49945,2021,MA1,3,381106,102239,102239,901,Round 3,2021-06-20,Benjamin De Ondarza,,Smugglers Notch Disc Golf Center - Brewster Ridge,Brewster Ridge Gold Tees,61,18,3,15:00:00,65,4,957,199,True,False,18,65,True,True,True
49945,2021,MA1,3,381106,115873,115873,936,Round 3,2021-06-20,Tyler Riel,,Smugglers Notch Disc Golf Center - Brewster Ridge,Brewster Ridge Gold Tees,61,18,4,15:12:00,69,8,925,199,True,False,18,69,True,True,True
49945,2021,MA1,3,381106,165941,165941,903,Round 3,2021-06-20,Aidan Hopper,890,Smugglers Notch Disc Golf Center - Brewster Ridge,Brewster Ridge Gold Tees,61,18,4,15:00:00,67,6,941,202,True,False,18,67,True,True,True
49945,2021,MA1,3,381106,93401,93401,931,Round 3,2021-06-20,Jeffrey Russell,945,Smugglers Notch Disc Golf Center - Brewster Ridge,Brewster Ridge Gold Tees,61,18,2,14:48:00,67,6,941,202,True,False,18,67,True,True,True
49945,2021,MA1,3,381106,142744,142744,894,Round 3,2021-06-20,Abel German,974,Smugglers Notch Disc Golf Center - Brewster Ridge,Brewster Ridge Gold Tees,61,18,1,14:24:00,65,4,957,203,True,False,18,65,True,True,True
49945,2021,MA1,3,381106,181326,181326,911,Round 3,2021-06-20,Braden Lynn,943,Smugglers Notch Disc Golf Center - Brewster Ridge,Brewster Ridge Gold Tees,61,18,2,14:36:00,67,6,941,204,True,False,18,67,True,True,True
49945,2021,MA1,3,381106,141999,141999,937,Round 3,2021-06-20,David Koch,955,Smugglers Notch Disc Golf Center - Brewster Ridge,Brewster Ridge Gold Tees,61,18,3,14:48:00,68,7,933,204,True,False,18,68,True,True,True
49945,2021,MA1,3,381106,42057,42057,906,Round 3,2021-06-20,Seth McQuade,,Smugglers Notch Disc Golf Center - Brewster Ridge,Brewster Ridge Gold Tees,61,18,3,14:24:00,66,5,949,206,True,False,18,66,True,True,True
49945,2021,MA1,3,381106,96355,96355,909,Round 3,2021-06-20,Louis Annino,906,Smugglers Notch Disc Golf Center - Brewster Ridge,Brewster Ridge Gold Tees,61,18,3,14:36:00,68,7,933,206,True,False,18,68,True,True,True
49945,2021,MA1,3,381106,93698,93698,925,Round 3,2021-06-20,Bryce Carson,951,Smugglers Notch Disc Golf Center - Brewster Ridge,Brewster Ridge Gold Tees,61,18,4,14:48:00,69,8,925,206,True,False,18,69,True,True,True
49945,2021,MA1,3,381106,27512,27512,931,Round 3,2021-06-20,Jason Parker,924,Smugglers Notch Disc Golf Center - Brewster Ridge,Brewster Ridge Gold Tees,61,18,2,14:24:00,68,7,933,208,True,False,18,68,True,True,True
49945,2021,MA1,3,381106,125328,125328,882,Round 3,2021-06-20,Dana Carpenter,,Smugglers Notch Disc Golf Center - Brewster Ridge,Brewster Ridge Gold Tees,61,18,1,13:36:00,64,3,965,209,True,False,18,64,True,True,True
49945,2021,MA1,3,381106,95956,95956,931,Round 3,2021-06-20,Tyler Mount,943,Smugglers Notch Disc Golf Center - Brewster Ridge,Brewster Ridge Gold Tees,61,18,3,14:00:00,67,6,941,210,True,False,18,67,True,True,True
49945,2021,MA1,3,381106,118928,118928,928,Round 3,2021-06-20,Tyler Pomichter,926,Smugglers Notch Disc Golf Center - Brewster Ridge,Brewster Ridge Gold Tees,61,18,2,14:00:00,68,7,933,210,True,False,18,68,True,True,True
49945,2021,MA1,3,381106,97375,97375,934,Round 3,2021-06-20,Nicholas Olson,,Smugglers Notch Disc Golf Center - Brewster Ridge,Brewster Ridge Gold Tees,61,18,4,14:36:00,72,11,901,210,True,False,18,72,True,True,True
49945,2021,MA1,3,381106,164158,164158,906,Round 3,2021-06-20,Alex Raub,,Smugglers Notch Disc Golf Center - Brewster Ridge,Brewster Ridge Gold Tees,61,18,1,14:36:00,73,12,893,210,True,False,18,73,True,True,True
49945,2021,MA1,3,381106,117124,117124,933,Round 3,2021-06-20,Dean Squires Jr,970,Smugglers Notch Disc Golf Center - Brewster Ridge,Brewster Ridge Gold Tees,61,18,4,14:24:00,71,10,909,211,True,False,18,71,True,True,True
49945,2021,MA1,3,381106,121418,121418,887,Round 3,2021-06-20,Brian Charash,,Smugglers Notch Disc Golf Center - Brewster Ridge,Brewster Ridge Gold Tees,61,18,3,13:48:00,69,8,925,213,True,False,18,69,True,True,True
49945,2021,MA1,3,381106,109527,109527,880,Round 3,2021-06-20,Mike Wenzel,901,Smugglers Notch Disc Golf Center - Brewster Ridge,Brewster Ridge Gold Tees,61,18,2,13:36:00,69,8,925,214,True,False,18,69,True,True,True
49945,2021,MA1,3,381106,100885,100885,920,Round 3,2021-06-20,Jacob Moore,945,Smugglers Notch Disc Golf Center - Brewster Ridge,Brewster Ridge Gold Tees,61,18,1,14:00:00,72,11,901,214,True,False,18,72,True,True,True
49945,2021,MA1,3,381106,159476,159476,917,Round 3,2021-06-20,James Lightholder,899,Smugglers Notch Disc Golf Center - Brewster Ridge,Brewster Ridge Gold Tees,61,18,2,14:12:00,73,12,893,214,True,False,18,73,True,True,True
49945,2021,MA1,3,381106,106294,106294,908,Round 3,2021-06-20,Scott McCamp,,Smugglers Notch Disc Golf Center - Brewster Ridge,Brewster Ridge Gold Tees,61,18,4,14:00:00,72,11,901,215,True,False,18,72,True,True,True
49945,2021,MA1,3,381106,115807,115807,908,Round 3,2021-06-20,John MacDonald,924,Smugglers Notch Disc Golf Center - Brewster Ridge,Brewster Ridge Gold Tees,61,18,1,13:48:00,72,11,901,215,True,False,18,72,True,True,True
49945,2021,MA1,3,381106,116630,116630,919,Round 3,2021-06-20,Andrew Zart,919,Smugglers Notch Disc Golf Center - Brewster Ridge,Brewster Ridge Gold Tees,61,18,1,14:12:00,74,13,885,215,True,False,18,74,True,True,True
49945,2021,MA1,3,381106,157191,157191,932,Round 3,2021-06-20,Ben Riendeau,,Smugglers Notch Disc Golf Center - Brewster Ridge,Brewster Ridge Gold Tees,61,18,3,14:12:00,74,13,885,215,True,False,18,74,True,True,True
49945,2021,MA1,3,381106,name:adam haight,,,Round 3,2021-06-20,Adam Haight,,Smugglers Notch Disc Golf Center - Brewster Ridge,Brewster Ridge Gold Tees,61,18,4,13:48:00,73,12,893,217,True,False,18,73,True,True,True
49945,2021,MA1,3,381106,141251,141251,898,Round 3,2021-06-20,Owen Wood,939,Smugglers Notch Disc Golf Center - Brewster Ridge,Brewster Ridge Gold Tees,61,18,2,13:48:00,74,13,885,217,True,False,18,74,True,True,True
49945,2021,MA1,3,381106,76756,76756,901,Round 3,2021-06-20,Shane Rookey,,Smugglers Notch Disc Golf Center - Brewster Ridge,Brewster Ridge Gold Tees,61,18,4,14:12:00,75,14,877,217,True,False,18,75,True,True,True
49945,2021,MA1,3,381106,109749,109749,903,Round 3,2021-06-20,Taylor Douglass,,Smugglers Notch Disc Golf Center - Brewster Ridge,Brewster Ridge Gold Tees,61,18,4,13:36:00,71,10,909,218,True,False,18,71,True,True,True
49945,2021,MA1,3,381106,132139,132139,879,Round 3,2021-06-20,Logan Foss,,Smugglers Notch Disc Golf Center - Brewster Ridge,Brewster Ridge Gold Tees,61,18,3,13:12:00,64,3,965,219,True,False,18,64,True,True,True
49945,2021,MA1,3,381106,149015,149015,859,Round 3,2021-06-20,JJ Zarrella,864,Smugglers Notch Disc Golf Center - Brewster Ridge,Brewster Ridge Gold Tees,61,18,3,13:36:00,73,12,893,220,True,False,18,73,True,True,True
49945,2021,MA1,3,381106,170807,170807,893,Round 3,2021-06-20,Roger Duhaime,905,Smugglers Notch Disc Golf Center - Brewster Ridge,Brewster Ridge Gold Tees,61,18,4,13:24:00,69,8,925,222,True,False,18,69,True,True,True
49945,2021,MA1,3,381106,146705,146705,919,Round 3,2021-06-20,James Kenney,910,Smugglers Notch Disc Golf Center - Brewster Ridge,Brewster Ridge Gold Tees,61,18,1,13:12:00,69,8,925,223,True,False,18,69,True,True,True
49945,2021,MA1,3,381106,name:gavin murphy,,,Round 3,2021-06-20,Gavin Murphy,,Smugglers Notch Disc Golf Center - Brewster Ridge,Brewster Ridge Gold Tees,61,18,3,13:24:00,73,12,893,223,True,False,18,73,True,True,True
49945,2021,MA1,3,381106,149101,149101,872,Round 3,2021-06-20,Ryan Sullivan,955,Smugglers Notch Disc Golf Center - Brewster Ridge,Brewster Ridge Gold Tees,61,18,1,13:24:00,76,15,869,224,True,False,18,76,True,True,True
49945,2021,MA1,3,381106,44452,44452,912,Round 3,2021-06-20,Zackary Jellis,,Smugglers Notch Disc Golf Center - Brewster Ridge,Brewster Ridge Gold Tees,61,18,2,13:24:00,76,15,869,225,True,False,18,76,True,True,True
49945,2021,MA1,3,381106,84498,84498,882,Round 3,2021-06-20,Michael Corson,,Smugglers Notch Disc Golf Center - Brewster Ridge,Brewster Ridge Gold Tees,61,18,4,13:00:00,68,7,933,227,True,False,18,68,True,True,True
49945,2021,MA1,3,381106,name:alex hardaker,,,Round 3,2021-06-20,Alex Hardaker,,Smugglers Notch Disc Golf Center - Brewster Ridge,Brewster Ridge Gold Tees,61,18,2,13:12:00,75,14,877,229,True,False,18,75,True,True,True
49945,2021,MA1,3,381106,name:christopher keller,,,Round 3,2021-06-20,Christopher Keller,,Smugglers Notch Disc Golf Center - Brewster Ridge,Brewster Ridge Gold Tees,61,18,1,12:48:00,73,12,893,232,True,False,18,73,True,True,True
49945,2021,MA1,3,381106,50816,50816,860,Round 3,2021-06-20,Tristan Whitehouse,,Smugglers Notch Disc Golf Center - Brewster Ridge,Brewster Ridge Gold Tees,61,18,2,12:48:00,72,11,901,233,True,False,18,72,True,True,True
49945,2021,MA1,3,381106,138544,138544,846,Round 3,2021-06-20,Chaz Sheperd,924,Smugglers Notch Disc Golf Center - Brewster Ridge,Brewster Ridge Gold Tees,61,18,1,13:00:00,76,15,869,234,True,False,18,76,True,True,True
49945,2021,MA1,3,381106,118694,118694,861,Round 3,2021-06-20,Jordan Patterson,,Smugglers Notch Disc Golf Center - Brewster Ridge,Brewster Ridge Gold Tees,61,18,2,13:00:00,76,15,869,235,True,False,18,76,True,True,True
49945,2021,MA1,3,381106,174646,174646,858,Round 3,2021-06-20,David Oppenheimer,,Smugglers Notch Disc Golf Center - Brewster Ridge,Brewster Ridge Gold Tees,61,18,3,13:00:00,81,20,829,240,True,False,18,81,True,True,True
49945,2021,MA1,3,381106,120536,120536,859,Round 3,2021-06-20,Andrew Palumbo,,Smugglers Notch Disc Golf Center - Brewster Ridge,Brewster Ridge Gold Tees,61,18,3,12:48:00,76,15,869,243,True,False,18,76,True,True,True
49945,2021,MA1,3,381106,59549,59549,895,Round 3,2021-06-20,Joe DeCarolis,908,Smugglers Notch Disc Golf Center - Brewster Ridge,Brewster Ridge Gold Tees,61,18,4,12:48:00,75,14,877,245,True,False,18,75,True,True,True
49945,2021,MA1,3,381106,83637,83637,893,Round 3,2021-06-20,Matthew Alsfeld,,Smugglers Notch Disc Golf Center - Brewster Ridge,Brewster Ridge Gold Tees,61,18,4,13:12:00,133,827,,888,True,False,18,133,True,True,True
49945,2021,MA2,1,381101,176558,176558,894,Round 1,2021-06-20,Devon Brodie,,Smugglers Notch Disc Golf Center - Brewster Ridge,Brewster Ridge Blue Tees,61,18,3,09:00:00,60,-1,942,193,True,False,18,60,True,True,True
49945,2021,MA2,1,381101,name:derrick hudson,,,Round 1,2021-06-20,Derrick Hudson,,Smugglers Notch Disc Golf Center - Brewster Ridge,Brewster Ridge Blue Tees,61,18,4,09:00:00,60,-1,942,188,True,False,18,60,True,True,True
49945,2021,MA2,1,381101,140039,140039,896,Round 1,2021-06-20,Ian Rooney,907,Smugglers Notch Disc Golf Center - Brewster Ridge,Brewster Ridge Blue Tees,61,18,1,09:48:00,61,0,933,192,True,False,18,61,True,True,True
49945,2021,MA2,1,381101,name:avery sartelle,,,Round 1,2021-06-20,Avery Sartelle,,Smugglers Notch Disc Golf Center - Brewster Ridge,Brewster Ridge Blue Tees,61,18,4,11:00:00,61,0,933,188,True,False,18,61,True,True,True
49945,2021,MA2,1,381101,159224,159224,902,Round 1,2021-06-20,Bryce McKim,,Smugglers Notch Disc Golf Center - Brewster Ridge,Brewster Ridge Blue Tees,61,18,3,11:00:00,62,1,924,194,True,False,18,62,True,True,True
49945,2021,MA2,1,381101,111643,111643,904,Round 1,2021-06-20,Finn Etter,1013,Smugglers Notch Disc Golf Center - Brewster Ridge,Brewster Ridge Blue Tees,61,18,3,09:36:00,63,2,914,187,True,False,18,63,True,True,True
49945,2021,MA2,1,381101,173058,173058,884,Round 1,2021-06-20,Brandon Allaire,950,Smugglers Notch Disc Golf Center - Brewster Ridge,Brewster Ridge Blue Tees,61,18,4,09:48:00,63,2,914,201,True,False,18,63,True,True,True
49945,2021,MA2,1,381101,63896,63896,871,Round 1,2021-06-20,Ross King,899,Smugglers Notch Disc Golf Center - Brewster Ridge,Brewster Ridge Blue Tees,61,18,1,08:48:00,64,3,905,190,True,False,18,64,True,True,True
49945,2021,MA2,1,381101,89640,89640,903,Round 1,2021-06-20,Eric Boyer,,Smugglers Notch Disc Golf Center - Brewster Ridge,Brewster Ridge Blue Tees,61,18,1,10:12:00,64,3,905,189,True,False,18,64,True,True,True
49945,2021,MA2,1,381101,121766,121766,901,Round 1,2021-06-20,Ethan Stansbury,922,Smugglers Notch Disc Golf Center - Brewster Ridge,Brewster Ridge Blue Tees,61,18,2,10:48:00,64,3,905,193,True,False,18,64,True,True,True
49945,2021,MA2,1,381101,137984,137984,872,Round 1,2021-06-20,Tristan Bryce,,Smugglers Notch Disc Golf Center - Brewster Ridge,Brewster Ridge Blue Tees,61,18,2,11:00:00,64,3,905,198,True,False,18,64,True,True,True
49945,2021,MA2,1,381101,161510,161510,841,Round 1,2021-06-20,TJ Rubin,919,Smugglers Notch Disc Golf Center - Brewster Ridge,Brewster Ridge Blue Tees,61,18,1,10:00:00,64,3,905,206,True,False,18,64,True,True,True
49945,2021,MA2,1,381101,140266,140266,870,Round 1,2021-06-20,Wyatt Brackett,,Smugglers Notch Disc Golf Center - Brewster Ridge,Brewster Ridge Blue Tees,61,18,2,10:36:00,65,4,896,196,True,False,18,65,True,True,True
49945,2021,MA2,1,381101,167158,167158,899,Round 1,2021-06-20,Connor Vaillancourt,,Smugglers Notch Disc Golf Center - Brewster Ridge,Brewster Ridge Blue Tees,61,18,3,10:24:00,65,4,896,199,True,False,18,65,True,True,True
49945,2021,MA2,1,381101,name:brett bailey,,,Round 1,2021-06-20,Brett Bailey,,Smugglers Notch Disc Golf Center - Brewster Ridge,Brewster Ridge Blue Tees,61,18,3,09:12:00,65,4,896,211,True,False,18,65,True,True,True
49945,2021,MA2,1,381101,93062,93062,862,Round 1,2021-06-20,Tom Slimm,,Smugglers Notch Disc Golf Center - Brewster Ridge,Brewster Ridge Blue Tees,61,18,2,09:24:00,66,5,887,208,True,False,18,66,True,True,True
49945,2021,MA2,1,381101,112678,112678,857,Round 1,2021-06-20,A.J. Krawczyk,928,Smugglers Notch Disc Golf Center - Brewster Ridge,Brewster Ridge Blue Tees,61,18,1,09:12:00,66,5,887,204,True,False,18,66,True,True,True
49945,2021,MA2,1,381101,165756,165756,911,Round 1,2021-06-20,Peter Walsh,,Smugglers Notch Disc Golf Center - Brewster Ridge,Brewster Ridge Blue Tees,61,18,4,10:48:00,66,5,887,197,True,False,18,66,True,True,True
49945,2021,MA2,1,381101,169100,169100,850,Round 1,2021-06-20,Peter Huang,,Smugglers Notch Disc Golf Center - Brewster Ridge,Brewster Ridge Blue Tees,61,18,2,10:12:00,66,5,887,187,True,False,18,66,True,True,True
49945,2021,MA2,1,381101,name:cj plante,,,Round 1,2021-06-20,CJ Plante,,Smugglers Notch Disc Golf Center - Brewster Ridge,Brewster Ridge Blue Tees,61,18,4,09:24:00,66,5,887,203,True,False,18,66,True,True,True
49945,2021,MA2,1,381101,175221,175221,856,Round 1,2021-06-20,Nolan Rocheleau,,Smugglers Notch Disc Golf Center - Brewster Ridge,Brewster Ridge Blue Tees,61,18,3,10:12:00,67,6,877,207,True,False,18,67,True,True,True
49945,2021,MA2,1,381101,104682,104682,886,Round 1,2021-06-20,Sean Parlon,,Smugglers Notch Disc Golf Center - Brewster Ridge,Brewster Ridge Blue Tees,61,18,1,10:48:00,68,7,868,198,True,False,18,68,True,True,True
49945,2021,MA2,1,381101,143700,143700,884,Round 1,2021-06-20,Nick Koski,,Smugglers Notch Disc Golf Center - Brewster Ridge,Brewster Ridge Blue Tees,61,18,4,10:36:00,68,7,868,194,True,False,18,68,True,True,True
49945,2021,MA2,1,381101,160671,160671,839,Round 1,2021-06-20,Elliot Waring,,Smugglers Notch Disc Golf Center - Brewster Ridge,Brewster Ridge Blue Tees,61,18,2,09:12:00,68,7,868,207,True,False,18,68,True,True,True
49945,2021,MA2,1,381101,163523,163523,866,Round 1,2021-06-20,Landon Desroches,866,Smugglers Notch Disc Golf Center - Brewster Ridge,Brewster Ridge Blue Tees,61,18,1,09:00:00,68,7,868,205,True,False,18,68,True,True,True
49945,2021,MA2,1,381101,169393,169393,901,Round 1,2021-06-20,Aidan Trombley,977,Smugglers Notch Disc Golf Center - Brewster Ridge,Brewster Ridge Blue Tees,61,18,2,10:00:00,68,7,868,198,True,False,18,68,True,True,True
49945,2021,MA2,1,381101,name:william wiltshire,,,Round 1,2021-06-20,William Wiltshire,,Smugglers Notch Disc Golf Center - Brewster Ridge,Brewster Ridge Blue Tees,61,18,2,08:48:00,68,7,868,195,True,False,18,68,True,True,True
49945,2021,MA2,1,381101,106970,106970,822,Round 1,2021-06-20,Stefan Farrell,852,Smugglers Notch Disc Golf Center - Brewster Ridge,Brewster Ridge Blue Tees,61,18,1,09:36:00,69,8,859,214,True,False,18,69,True,True,True
49945,2021,MA2,1,381101,140506,140506,876,Round 1,2021-06-20,Ian Kehoe,,Smugglers Notch Disc Golf Center - Brewster Ridge,Brewster Ridge Blue Tees,61,18,2,09:48:00,69,8,859,203,True,False,18,69,True,True,True
49945,2021,MA2,1,381101,142606,142606,843,Round 1,2021-06-20,Hudson Elledge,,Smugglers Notch Disc Golf Center - Brewster Ridge,Brewster Ridge Blue Tees,61,18,3,10:36:00,69,8,859,204,True,False,18,69,True,True,True
49945,2021,MA2,1,381101,143857,143857,898,Round 1,2021-06-20,Evan Esancy,,Smugglers Notch Disc Golf Center - Brewster Ridge,Brewster Ridge Blue Tees,61,18,3,10:48:00,69,8,859,202,True,False,18,69,True,True,True
49945,2021,MA2,1,381101,168663,168663,917,Round 1,2021-06-20,Austin Neddo,,Smugglers Notch Disc Golf Center - Brewster Ridge,Brewster Ridge Blue Tees,61,18,2,09:00:00,69,8,859,199,True,False,18,69,True,True,True
49945,2021,MA2,1,381101,169600,169600,862,Round 1,2021-06-20,Trevor Bryce,901,Smugglers Notch Disc Golf Center - Brewster Ridge,Brewster Ridge Blue Tees,61,18,3,09:48:00,69,8,859,201,True,False,18,69,True,True,True
49945,2021,MA2,1,381101,177260,177260,870,Round 1,2021-06-20,Fisher Evans,,Smugglers Notch Disc Golf Center - Brewster Ridge,Brewster Ridge Blue Tees,61,18,4,09:36:00,69,8,859,208,True,False,18,69,True,True,True
49945,2021,MA2,1,381101,177424,177424,876,Round 1,2021-06-20,Kevin Delony,817,Smugglers Notch Disc Golf Center - Brewster Ridge,Brewster Ridge Blue Tees,61,18,4,10:00:00,69,8,859,211,True,False,18,69,True,True,True
49945,2021,MA2,1,381101,26235,26235,847,Round 1,2021-06-20,Adam Silva,843,Smugglers Notch Disc Golf Center - Brewster Ridge,Brewster Ridge Blue Tees,61,18,1,11:00:00,70,9,850,213,True,False,18,70,True,True,True
49945,2021,MA2,1,381101,137736,137736,827,Round 1,2021-06-20,Logan Cooke,880,Smugglers Notch Disc Golf Center - Brewster Ridge,Brewster Ridge Blue Tees,61,18,3,08:48:00,70,9,850,212,True,False,18,70,True,True,True
49945,2021,MA2,1,381101,148187,148187,839,Round 1,2021-06-20,Evan Miller,874,Smugglers Notch Disc Golf Center - Brewster Ridge,Brewster Ridge Blue Tees,61,18,1,10:24:00,71,10,841,202,True,False,18,71,True,True,True
49945,2021,MA2,1,381101,160223,160223,783,Round 1,2021-06-20,Gabe Harwood,,Smugglers Notch Disc Golf Center - Brewster Ridge,Brewster Ridge Blue Tees,61,18,2,10:24:00,71,10,841,222,True,False,18,71,True,True,True
49945,2021,MA2,1,381101,173403,173403,794,Round 1,2021-06-20,Graeme Sutcliffe,,Smugglers Notch Disc Golf Center - Brewster Ridge,Brewster Ridge Blue Tees,61,18,4,10:24:00,71,10,841,213,True,False,18,71,True,True,True
49945,2021,MA2,1,381101,140134,140134,851,Round 1,2021-06-20,Ryan Johnson,,Smugglers Notch Disc Golf Center - Brewster Ridge,Brewster Ridge Blue Tees,61,18,3,09:24:00,72,11,831,205,True,False,18,72,True,True,True
49945,2021,MA2,1,381101,92689,92689,856,Round 1,2021-06-20,Ryan Reed,919,Smugglers Notch Disc Golf Center - Brewster Ridge,Brewster Ridge Blue Tees,61,18,1,09:24:00,75,14,804,,True,False,18,75,True,True,True
49945,2021,MA2,1,381101,name:brian tomlinson,,,Round 1,2021-06-20,Brian Tomlinson,,Smugglers Notch Disc Golf Center - Brewster Ridge,Brewster Ridge Blue Tees,61,18,4,09:12:00,77,16,785,229,True,False,18,77,True,True,True
49945,2021,MA2,1,381101,175118,175118,811,Round 1,2021-06-20,Christian Rocheleau,,Smugglers Notch Disc Golf Center - Brewster Ridge,Brewster Ridge Blue Tees,61,18,3,10:00:00,82,21,739,238,True,False,18,82,True,True,True
49945,2021,MA2,2,381141,name:avery sartelle,,,Round 2,2021-06-20,Avery Sartelle,,Smugglers Notch Disc Golf Center - Fox Run,Fox Run Meadows White Tees,63,18,4,11:12:00,62,-1,924,188,True,False,18,62,True,True,True
49945,2021,MA2,2,381141,140039,140039,896,Round 2,2021-06-20,Ian Rooney,907,Smugglers Notch Disc Golf Center - Fox Run,Fox Run Meadows White Tees,63,18,3,11:12:00,63,0,915,192,True,False,18,63,True,True,True
49945,2021,MA2,2,381141,143700,143700,884,Round 2,2021-06-20,Nick Koski,,Smugglers Notch Disc Golf Center - Fox Run,Fox Run Meadows White Tees,63,18,3,10:12:00,57,-6,971,194,True,False,18,57,True,True,True
49945,2021,MA2,2,381141,63896,63896,871,Round 2,2021-06-20,Ross King,899,Smugglers Notch Disc Golf Center - Fox Run,Fox Run Meadows White Tees,63,18,4,11:00:00,61,-2,934,190,True,False,18,61,True,True,True
49945,2021,MA2,2,381141,159224,159224,902,Round 2,2021-06-20,Bryce McKim,,Smugglers Notch Disc Golf Center - Fox Run,Fox Run Meadows White Tees,63,18,1,11:00:00,63,0,915,194,True,False,18,63,True,True,True
49945,2021,MA2,2,381141,169100,169100,850,Round 2,2021-06-20,Peter Huang,,Smugglers Notch Disc Golf Center - Fox Run,Fox Run Meadows White Tees,63,18,3,10:24:00,60,-3,943,187,True,False,18,60,True,True,True
49945,2021,MA2,2,381141,167158,167158,899,Round 2,2021-06-20,Connor Vaillancourt,,Smugglers Notch Disc Golf Center - Fox Run,Fox Run Meadows White Tees,63,18,2,10:36:00,61,-2,934,199,True,False,18,61,True,True,True
49945,2021,MA2,2,381141,89640,89640,903,Round 2,2021-06-20,Eric Boyer,,Smugglers Notch Disc Golf Center - Fox Run,Fox Run Meadows White Tees,63,18,1,10:48:00,62,-1,924,189,True,False,18,62,True,True,True
49945,2021,MA2,2,381141,111643,111643,904,Round 2,2021-06-20,Finn Etter,1013,Smugglers Notch Disc Golf Center - Fox Run,Fox Run Meadows White Tees,63,18,2,11:00:00,63,0,915,187,True,False,18,63,True,True,True
49945,2021,MA2,2,381141,176558,176558,894,Round 2,2021-06-20,Devon Brodie,,Smugglers Notch Disc Golf Center - Fox Run,Fox Run Meadows White Tees,63,18,1,11:12:00,67,4,878,193,True,False,18,67,True,True,True
49945,2021,MA2,2,381141,121766,121766,901,Round 2,2021-06-20,Ethan Stansbury,922,Smugglers Notch Disc Golf Center - Fox Run,Fox Run Meadows White Tees,63,18,2,10:48:00,65,2,897,193,True,False,18,65,True,True,True
49945,2021,MA2,2,381141,104682,104682,886,Round 2,2021-06-20,Sean Parlon,,Smugglers Notch Disc Golf Center - Fox Run,Fox Run Meadows White Tees,63,18,2,10:12:00,62,-1,924,198,True,False,18,62,True,True,True
49945,2021,MA2,2,381141,name:william wiltshire,,,Round 2,2021-06-20,William Wiltshire,,Smugglers Notch Disc Golf Center - Fox Run,Fox Run Meadows White Tees,63,18,3,10:00:00,62,-1,924,195,True,False,18,62,True,True,True
49945,2021,MA2,2,381141,name:derrick hudson,,,Round 2,2021-06-20,Derrick Hudson,,Smugglers Notch Disc Golf Center - Fox Run,Fox Run Meadows White Tees,63,18,2,11:12:00,70,7,851,188,True,False,18,70,True,True,True
49945,2021,MA2,2,381141,165756,165756,911,Round 2,2021-06-20,Peter Walsh,,Smugglers Notch Disc Golf Center - Fox Run,Fox Run Meadows White Tees,63,18,2,10:24:00,65,2,897,197,True,False,18,65,True,True,True
49945,2021,MA2,2,381141,168663,168663,917,Round 2,2021-06-20,Austin Neddo,,Smugglers Notch Disc Golf Center - Fox Run,Fox Run Meadows White Tees,63,18,4,09:48:00,63,0,915,199,True,False,18,63,True,True,True
49945,2021,MA2,2,381141,161510,161510,841,Round 2,2021-06-20,TJ Rubin,919,Smugglers Notch Disc Golf Center - Fox Run,Fox Run Meadows White Tees,63,18,4,10:48:00,68,5,869,206,True,False,18,68,True,True,True
49945,2021,MA2,2,381141,173058,173058,884,Round 2,2021-06-20,Brandon Allaire,950,Smugglers Notch Disc Golf Center - Fox Run,Fox Run Meadows White Tees,63,18,3,11:00:00,69,6,860,201,True,False,18,69,True,True,True
49945,2021,MA2,2,381141,137984,137984,872,Round 2,2021-06-20,Tristan Bryce,,Smugglers Notch Disc Golf Center - Fox Run,Fox Run Meadows White Tees,63,18,3,10:48:00,69,6,860,198,True,False,18,69,True,True,True
49945,2021,MA2,2,381141,140266,140266,870,Round 2,2021-06-20,Wyatt Brackett,,Smugglers Notch Disc Golf Center - Fox Run,Fox Run Meadows White Tees,63,18,1,10:36:00,70,7,851,196,True,False,18,70,True,True,True
49945,2021,MA2,2,381141,143857,143857,898,Round 2,2021-06-20,Evan Esancy,,Smugglers Notch Disc Golf Center - Fox Run,Fox Run Meadows White Tees,63,18,3,09:48:00,67,4,878,202,True,False,18,67,True,True,True
49945,2021,MA2,2,381141,169600,169600,862,Round 2,2021-06-20,Trevor Bryce,901,Smugglers Notch Disc Golf Center - Fox Run,Fox Run Meadows White Tees,63,18,1,09:36:00,67,4,878,201,True,False,18,67,True,True,True
49945,2021,MA2,2,381141,177424,177424,876,Round 2,2021-06-20,Kevin Delony,817,Smugglers Notch Disc Golf Center - Fox Run,Fox Run Meadows White Tees,63,18,3,09:36:00,67,4,878,211,True,False,18,67,True,True,True
49945,2021,MA2,2,381141,160671,160671,839,Round 2,2021-06-20,Elliot Waring,,Smugglers Notch Disc Golf Center - Fox Run,Fox Run Meadows White Tees,63,18,4,10:12:00,68,5,869,207,True,False,18,68,True,True,True
49945,2021,MA2,2,381141,169393,169393,901,Round 2,2021-06-20,Aidan Trombley,977,Smugglers Notch Disc Golf Center - Fox Run,Fox Run Meadows White Tees,63,18,2,10:00:00,68,5,869,198,True,False,18,68,True,True,True
49945,2021,MA2,2,381141,name:cj plante,,,Round 2,2021-06-20,CJ Plante,,Smugglers Notch Disc Golf Center - Fox Run,Fox Run Meadows White Tees,63,18,4,10:24:00,70,7,851,203,True,False,18,70,True,True,True
49945,2021,MA2,2,381141,140134,140134,851,Round 2,2021-06-20,Ryan Johnson,,Smugglers Notch Disc Golf Center - Fox Run,Fox Run Meadows White Tees,63,18,1,09:12:00,65,2,897,205,True,False,18,65,True,True,True
49945,2021,MA2,2,381141,140506,140506,876,Round 2,2021-06-20,Ian Kehoe,,Smugglers Notch Disc Golf Center - Fox Run,Fox Run Meadows White Tees,63,18,1,09:48:00,68,5,869,203,True,False,18,68,True,True,True
49945,2021,MA2,2,381141,142606,142606,843,Round 2,2021-06-20,Hudson Elledge,,Smugglers Notch Disc Golf Center - Fox Run,Fox Run Meadows White Tees,63,18,2,09:48:00,68,5,869,204,True,False,18,68,True,True,True
49945,2021,MA2,2,381141,175221,175221,856,Round 2,2021-06-20,Nolan Rocheleau,,Smugglers Notch Disc Golf Center - Fox Run,Fox Run Meadows White Tees,63,18,1,10:12:00,70,7,851,207,True,False,18,70,True,True,True
49945,2021,MA2,2,381141,112678,112678,857,Round 2,2021-06-20,A.J. Krawczyk,928,Smugglers Notch Disc Golf Center - Fox Run,Fox Run Meadows White Tees,63,18,1,10:24:00,71,8,841,204,True,False,18,71,True,True,True
49945,2021,MA2,2,381141,106970,106970,822,Round 2,2021-06-20,Stefan Farrell,852,Smugglers Notch Disc Golf Center - Fox Run,Fox Run Meadows White Tees,63,18,4,10:00:00,69,6,860,214,True,False,18,69,True,True,True
49945,2021,MA2,2,381141,148187,148187,839,Round 2,2021-06-20,Evan Miller,874,Smugglers Notch Disc Golf Center - Fox Run,Fox Run Meadows White Tees,63,18,2,09:24:00,68,5,869,202,True,False,18,68,True,True,True
49945,2021,MA2,2,381141,177260,177260,870,Round 2,2021-06-20,Fisher Evans,,Smugglers Notch Disc Golf Center - Fox Run,Fox Run Meadows White Tees,63,18,2,09:36:00,70,7,851,208,True,False,18,70,True,True,True
49945,2021,MA2,2,381141,name:brett bailey,,,Round 2,2021-06-20,Brett Bailey,,Smugglers Notch Disc Golf Center - Fox Run,Fox Run Meadows White Tees,63,18,3,10:36:00,74,11,814,211,True,False,18,74,True,True,True
49945,2021,MA2,2,381141,137736,137736,827,Round 2,2021-06-20,Logan Cooke,880,Smugglers Notch Disc Golf Center - Fox Run,Fox Run Meadows White Tees,63,18,1,09:24:00,70,7,851,212,True,False,18,70,True,True,True
49945,2021,MA2,2,381141,163523,163523,866,Round 2,2021-06-20,Landon Desroches,866,Smugglers Notch Disc Golf Center - Fox Run,Fox Run Meadows White Tees,63,18,1,10:00:00,72,9,832,205,True,False,18,72,True,True,True
49945,2021,MA2,2,381141,93062,93062,862,Round 2,2021-06-20,Tom Slimm,,Smugglers Notch Disc Golf Center - Fox Run,Fox Run Meadows White Tees,63,18,4,10:36:00,74,11,814,208,True,False,18,74,True,True,True
49945,2021,MA2,2,381141,173403,173403,794,Round 2,2021-06-20,Graeme Sutcliffe,,Smugglers Notch Disc Golf Center - Fox Run,Fox Run Meadows White Tees,63,18,4,09:24:00,70,7,851,213,True,False,18,70,True,True,True
49945,2021,MA2,2,381141,160223,160223,783,Round 2,2021-06-20,Gabe Harwood,,Smugglers Notch Disc Golf Center - Fox Run,Fox Run Meadows White Tees,63,18,3,09:24:00,73,10,823,222,True,False,18,73,True,True,True
49945,2021,MA2,2,381141,92689,92689,856,Round 2,2021-06-20,Ryan Reed,919,Smugglers Notch Disc Golf Center - Fox Run,Fox Run Meadows White Tees,63,18,2,09:12:00,70,7,851,,True,False,18,70,True,True,True
49945,2021,MA2,2,381141,26235,26235,847,Round 2,2021-06-20,Adam Silva,843,Smugglers Notch Disc Golf Center - Fox Run,Fox Run Meadows White Tees,63,18,4,09:36:00,75,12,804,213,True,False,18,75,True,True,True
49945,2021,MA2,2,381141,name:brian tomlinson,,,Round 2,2021-06-20,Brian Tomlinson,,Smugglers Notch Disc Golf Center - Fox Run,Fox Run Meadows White Tees,63,18,3,09:12:00,77,14,786,229,True,False,18,77,True,True,True
49945,2021,MA2,2,381141,175118,175118,811,Round 2,2021-06-20,Christian Rocheleau,,Smugglers Notch Disc Golf Center - Fox Run,Fox Run Meadows White Tees,63,18,4,09:12:00,75,12,804,238,True,False,18,75,True,True,True
49945,2021,MA2,3,381101,169100,169100,850,Round 3,2021-06-20,Peter Huang,,Smugglers Notch Disc Golf Center - Brewster Ridge,Brewster Ridge Blue Tees,61,18,2,11:12:00,61,0,933,187,True,False,18,61,True,True,True
49945,2021,MA2,3,381101,111643,111643,904,Round 3,2021-06-20,Finn Etter,1013,Smugglers Notch Disc Golf Center - Brewster Ridge,Brewster Ridge Blue Tees,61,18,1,11:00:00,61,0,933,187,True,False,18,61,True,True,True
49945,2021,MA2,3,381101,name:derrick hudson,,,Round 3,2021-06-20,Derrick Hudson,,Smugglers Notch Disc Golf Center - Brewster Ridge,Brewster Ridge Blue Tees,61,18,2,10:48:00,58,-3,961,188,True,False,18,58,True,True,True
49945,2021,MA2,3,381101,name:avery sartelle,,,Round 3,2021-06-20,Avery Sartelle,,Smugglers Notch Disc Golf Center - Brewster Ridge,Brewster Ridge Blue Tees,61,18,1,11:24:00,65,4,896,188,True,False,18,65,True,True,True
49945,2021,MA2,3,381101,89640,89640,903,Round 3,2021-06-20,Eric Boyer,,Smugglers Notch Disc Golf Center - Brewster Ridge,Brewster Ridge Blue Tees,61,18,4,11:12:00,63,2,914,189,True,False,18,63,True,True,True
49945,2021,MA2,3,381101,63896,63896,871,Round 3,2021-06-20,Ross King,899,Smugglers Notch Disc Golf Center - Brewster Ridge,Brewster Ridge Blue Tees,61,18,4,11:24:00,65,4,896,190,True,False,18,65,True,True,True
49945,2021,MA2,3,381101,140039,140039,896,Round 3,2021-06-20,Ian Rooney,907,Smugglers Notch Disc Golf Center - Brewster Ridge,Brewster Ridge Blue Tees,61,18,2,11:24:00,68,7,868,192,True,False,18,68,True,True,True
49945,2021,MA2,3,381101,121766,121766,901,Round 3,2021-06-20,Ethan Stansbury,922,Smugglers Notch Disc Golf Center - Brewster Ridge,Brewster Ridge Blue Tees,61,18,3,11:00:00,64,3,905,193,True,False,18,64,True,True,True
49945,2021,MA2,3,381101,176558,176558,894,Round 3,2021-06-20,Devon Brodie,,Smugglers Notch Disc Golf Center - Brewster Ridge,Brewster Ridge Blue Tees,61,18,2,11:00:00,66,5,887,193,True,False,18,66,True,True,True
49945,2021,MA2,3,381101,143700,143700,884,Round 3,2021-06-20,Nick Koski,,Smugglers Notch Disc Golf Center - Brewster Ridge,Brewster Ridge Blue Tees,61,18,3,11:24:00,69,8,859,194,True,False,18,69,True,True,True
49945,2021,MA2,3,381101,159224,159224,902,Round 3,2021-06-20,Bryce McKim,,Smugglers Notch Disc Golf Center - Brewster Ridge,Brewster Ridge Blue Tees,61,18,1,11:12:00,69,8,859,194,True,False,18,69,True,True,True
49945,2021,MA2,3,381101,name:william wiltshire,,,Round 3,2021-06-20,William Wiltshire,,Smugglers Notch Disc Golf Center - Brewster Ridge,Brewster Ridge Blue Tees,61,18,1,10:48:00,65,4,896,195,True,False,18,65,True,True,True
49945,2021,MA2,3,381101,140266,140266,870,Round 3,2021-06-20,Wyatt Brackett,,Smugglers Notch Disc Golf Center - Brewster Ridge,Brewster Ridge Blue Tees,61,18,4,10:36:00,61,0,933,196,True,False,18,61,True,True,True
49945,2021,MA2,3,381101,165756,165756,911,Round 3,2021-06-20,Peter Walsh,,Smugglers Notch Disc Golf Center - Brewster Ridge,Brewster Ridge Blue Tees,61,18,3,10:48:00,66,5,887,197,True,False,18,66,True,True,True
49945,2021,MA2,3,381101,169393,169393,901,Round 3,2021-06-20,Aidan Trombley,977,Smugglers Notch Disc Golf Center - Brewster Ridge,Brewster Ridge Blue Tees,61,18,1,10:12:00,62,1,924,198,True,False,18,62,True,True,True
49945,2021,MA2,3,381101,137984,137984,872,Round 3,2021-06-20,Tristan Bryce,,Smugglers Notch Disc Golf Center - Brewster Ridge,Brewster Ridge Blue Tees,61,18,3,10:36:00,65,4,896,198,True,False,18,65,True,True,True
49945,2021,MA2,3,381101,104682,104682,886,Round 3,2021-06-20,Sean Parlon,,Smugglers Notch Disc Golf Center - Brewster Ridge,Brewster Ridge Blue Tees,61,18,4,11:00:00,68,7,868,198,True,False,18,68,True,True,True
49945,2021,MA2,3,381101,168663,168663,917,Round 3,2021-06-20,Austin Neddo,,Smugglers Notch Disc Golf Center - Brewster Ridge,Brewster Ridge Blue Tees,61,18,4,10:48:00,67,6,877,199,True,False,18,67,True,True,True
49945,2021,MA2,3,381101,167158,167158,899,Round 3,2021-06-20,Connor Vaillancourt,,Smugglers Notch Disc Golf Center - Brewster Ridge,Brewster Ridge Blue Tees,61,18,3,11:12:00,73,12,822,199,True,False,18,73,True,True,True
49945,2021,MA2,3,381101,169600,169600,862,Round 3,2021-06-20,Trevor Bryce,901,Smugglers Notch Disc Golf Center - Brewster Ridge,Brewster Ridge Blue Tees,61,18,2,10:24:00,65,4,896,201,True,False,18,65,True,True,True
49945,2021,MA2,3,381101,173058,173058,884,Round 3,2021-06-20,Brandon Allaire,950,Smugglers Notch Disc Golf Center - Brewster Ridge,Brewster Ridge Blue Tees,61,18,2,10:36:00,69,8,859,201,True,False,18,69,True,True,True
49945,2021,MA2,3,381101,148187,148187,839,Round 3,2021-06-20,Evan Miller,874,Smugglers Notch Disc Golf Center - Brewster Ridge,Brewster Ridge Blue Tees,61,18,1,09:48:00,63,2,914,202,True,False,18,63,True,True,True
49945,2021,MA2,3,381101,143857,143857,898,Round 3,2021-06-20,Evan Esancy,,Smugglers Notch Disc Golf Center - Brewster Ridge,Brewster Ridge Blue Tees,61,18,1,10:24:00,66,5,887,202,True,False,18,66,True,True,True
49945,2021,MA2,3,381101,140506,140506,876,Round 3,2021-06-20,Ian Kehoe,,Smugglers Notch Disc Golf Center - Brewster Ridge,Brewster Ridge Blue Tees,61,18,4,10:12:00,66,5,887,203,True,False,18,66,True,True,True
49945,2021,MA2,3,381101,name:cj plante,,,Round 3,2021-06-20,CJ Plante,,Smugglers Notch Disc Golf Center - Brewster Ridge,Brewster Ridge Blue Tees,61,18,2,10:12:00,67,6,877,203,True,False,18,67,True,True,True
49945,2021,MA2,3,381101,142606,142606,843,Round 3,2021-06-20,Hudson Elledge,,Smugglers Notch Disc Golf Center - Brewster Ridge,Brewster Ridge Blue Tees,61,18,1,10:00:00,67,6,877,204,True,False,18,67,True,True,True
49945,2021,MA2,3,381101,112678,112678,857,Round 3,2021-06-20,A.J. Krawczyk,928,Smugglers Notch Disc Golf Center - Brewster Ridge,Brewster Ridge Blue Tees,61,18,3,10:00:00,67,6,877,204,True,False,18,67,True,True,True
49945,2021,MA2,3,381101,163523,163523,866,Round 3,2021-06-20,Landon Desroches,866,Smugglers Notch Disc Golf Center - Brewster Ridge,Brewster Ridge Blue Tees,61,18,1,09:36:00,65,4,896,205,True,False,18,65,True,True,True
49945,2021,MA2,3,381101,140134,140134,851,Round 3,2021-06-20,Ryan Johnson,,Smugglers Notch Disc Golf Center - Brewster Ridge,Brewster Ridge Blue Tees,61,18,3,10:12:00,68,7,868,205,True,False,18,68,True,True,True
49945,2021,MA2,3,381101,161510,161510,841,Round 3,2021-06-20,TJ Rubin,919,Smugglers Notch Disc Golf Center - Brewster Ridge,Brewster Ridge Blue Tees,61,18,1,10:36:00,74,13,813,206,True,False,18,74,True,True,True
49945,2021,MA2,3,381101,175221,175221,856,Round 3,2021-06-20,Nolan Rocheleau,,Smugglers Notch Disc Golf Center - Brewster Ridge,Brewster Ridge Blue Tees,61,18,2,10:00:00,70,9,850,207,True,False,18,70,True,True,True
49945,2021,MA2,3,381101,160671,160671,839,Round 3,2021-06-20,Elliot Waring,,Smugglers Notch Disc Golf Center - Brewster Ridge,Brewster Ridge Blue Tees,61,18,4,10:24:00,71,10,841,207,True,False,18,71,True,True,True
49945,2021,MA2,3,381101,93062,93062,862,Round 3,2021-06-20,Tom Slimm,,Smugglers Notch Disc Golf Center - Brewster Ridge,Brewster Ridge Blue Tees,61,18,2,09:36:00,68,7,868,208,True,False,18,68,True,True,True
49945,2021,MA2,3,381101,177260,177260,870,Round 3,2021-06-20,Fisher Evans,,Smugglers Notch Disc Golf Center - Brewster Ridge,Brewster Ridge Blue Tees,61,18,2,09:48:00,69,8,859,208,True,False,18,69,True,True,True
49945,2021,MA2,3,381101,name:brett bailey,,,Round 3,2021-06-20,Brett Bailey,,Smugglers Notch Disc Golf Center - Brewster Ridge,Brewster Ridge Blue Tees,61,18,3,09:48:00,72,11,831,211,True,False,18,72,True,True,True
49945,2021,MA2,3,381101,177424,177424,876,Round 3,2021-06-20,Kevin Delony,817,Smugglers Notch Disc Golf Center - Brewster Ridge,Brewster Ridge Blue Tees,61,18,3,10:24:00,75,14,804,211,True,False,18,75,True,True,True
49945,2021,MA2,3,381101,137736,137736,827,Round 3,2021-06-20,Logan Cooke,880,Smugglers Notch Disc Golf Center - Brewster Ridge,Brewster Ridge Blue Tees,61,18,4,09:48:00,72,11,831,212,True,False,18,72,True,True,True
49945,2021,MA2,3,381101,26235,26235,847,Round 3,2021-06-20,Adam Silva,843,Smugglers Notch Disc Golf Center - Brewster Ridge,Brewster Ridge Blue Tees,61,18,2,09:24:00,68,7,868,213,True,False,18,68,True,True,True
49945,2021,MA2,3,381101,173403,173403,794,Round 3,2021-06-20,Graeme Sutcliffe,,Smugglers Notch Disc Golf Center - Brewster Ridge,Brewster Ridge Blue Tees,61,18,3,09:36:00,72,11,831,213,True,False,18,72,True,True,True
49945,2021,MA2,3,381101,106970,106970,822,Round 3,2021-06-20,Stefan Farrell,852,Smugglers Notch Disc Golf Center - Brewster Ridge,Brewster Ridge Blue Tees,61,18,4,10:00:00,76,15,794,214,True,False,18,76,True,True,True
49945,2021,MA2,3,381101,160223,160223,783,Round 3,2021-06-20,Gabe Harwood,,Smugglers Notch Disc Golf Center - Brewster Ridge,Brewster Ridge Blue Tees,61,18,4,09:36:00,78,17,776,222,True,False,18,78,True,True,True
49945,2021,MA2,3,381101,name:brian tomlinson,,,Round 3,2021-06-20,Brian Tomlinson,,Smugglers Notch Disc Golf Center - Brewster Ridge,Brewster Ridge Blue Tees,61,18,3,09:24:00,75,14,804,229,True,False,18,75,True,True,True
49945,2021,MA2,3,381101,175118,175118,811,Round 3,2021-06-20,Christian Rocheleau,,Smugglers Notch Disc Golf Center - Brewster Ridge,Brewster Ridge Blue Tees,61,18,4,09:24:00,81,20,748,238,True,False,18,81,True,True,True
49945,2021,MA2,3,381101,92689,92689,856,Round 3,2021-06-20,Ryan Reed,919,Smugglers Notch Disc Golf Center - Brewster Ridge,Brewster Ridge Blue Tees,61,18,1,09:24:00,62,938,,,True,False,18,62,True,True,True
49945,2021,MA3,1,381126,135048,135048,,Round 1,2021-06-20,Justin Wilkinson,,Smugglers Notch Disc Golf Center - Brewster Ridge,Brewster Ridge White Tees,61,18,3,08:36:00,52,-9,944,165,True,False,18,52,True,True,True
49945,2021,MA3,1,381126,109009,109009,879,Round 1,2021-06-20,José de Ondarza,870,Smugglers Notch Disc Golf Center - Brewster Ridge,Brewster Ridge White Tees,61,18,1,08:36:00,54,-7,921,171,True,False,18,54,True,True,True
49945,2021,MA3,1,381126,166637,166637,797,Round 1,2021-06-20,Ajay Shah,825,Smugglers Notch Disc Golf Center - Brewster Ridge,Brewster Ridge White Tees,61,18,4,08:24:00,59,-2,863,182,True,False,18,59,True,True,True
49945,2021,MA3,1,381126,121111,121111,812,Round 1,2021-06-20,Derek Chambers,868,Smugglers Notch Disc Golf Center - Brewster Ridge,Brewster Ridge White Tees,61,18,1,08:12:00,61,0,839,188,True,False,18,61,True,True,True
49945,2021,MA3,1,381126,149368,149368,881,Round 1,2021-06-20,Brett Jipner,,Smugglers Notch Disc Golf Center - Brewster Ridge,Brewster Ridge White Tees,61,18,4,08:36:00,62,1,828,173,True,False,18,62,True,True,True
49945,2021,MA3,1,381126,140404,140404,787,Round 1,2021-06-20,Michael Perry,,Smugglers Notch Disc Golf Center - Brewster Ridge,Brewster Ridge White Tees,61,18,1,08:24:00,64,3,805,186,True,False,18,64,True,True,True
49945,2021,MA3,1,381126,140732,140732,819,Round 1,2021-06-20,Matt Saltus,821,Smugglers Notch Disc Golf Center - Brewster Ridge,Brewster Ridge White Tees,61,18,2,08:24:00,64,3,805,192,True,False,18,64,True,True,True
49945,2021,MA3,1,381126,166633,166633,820,Round 1,2021-06-20,Joshua Martin,,Smugglers Notch Disc Golf Center - Brewster Ridge,Brewster Ridge White Tees,61,18,3,08:12:00,66,5,781,190,True,False,18,66,True,True,True
49945,2021,MA3,1,381126,155933,155933,797,Round 1,2021-06-20,Mourning Fox,,Smugglers Notch Disc Golf Center - Brewster Ridge,Brewster Ridge White Tees,61,18,3,08:24:00,69,8,747,194,True,False,18,69,True,True,True
49945,2021,MA3,1,381126,141253,141253,759,Round 1,2021-06-20,Braden Edwards,,Smugglers Notch Disc Golf Center - Brewster Ridge,Brewster Ridge White Tees,61,18,2,08:12:00,70,9,735,202,True,False,18,70,True,True,True
49945,2021,MA3,1,381126,133543,133543,783,Round 1,2021-06-20,Damon Menard,,Smugglers Notch Disc Golf Center - Brewster Ridge,Brewster Ridge White Tees,61,18,2,08:36:00,73,12,700,197,True,False,18,73,True,True,True
49945,2021,MA3,1,381126,179687,179687,,Round 1,2021-06-20,Joseph Tomlinson,,Smugglers Notch Disc Golf Center - Brewster Ridge,Brewster Ridge White Tees,61,18,4,08:12:00,74,13,689,223,True,False,18,74,True,True,True
49945,2021,MA3,2,381151,135048,135048,,Round 2,2021-06-20,Justin Wilkinson,,Smugglers Notch Disc Golf Center - Fox Run,Fox Run Meadows Red Tees,63,18,1,08:36:00,55,-8,911,165,True,False,18,55,True,True,True
49945,2021,MA3,2,381151,109009,109009,879,Round 2,2021-06-20,José de Ondarza,870,Smugglers Notch Disc Golf Center - Fox Run,Fox Run Meadows Red Tees,63,18,2,08:36:00,60,-3,853,171,True,False,18,60,True,True,True
49945,2021,MA3,2,381151,149368,149368,881,Round 2,2021-06-20,Brett Jipner,,Smugglers Notch Disc Golf Center - Fox Run,Fox Run Meadows Red Tees,63,18,1,08:24:00,57,-6,888,173,True,False,18,57,True,True,True
49945,2021,MA3,2,381151,166637,166637,797,Round 2,2021-06-20,Ajay Shah,825,Smugglers Notch Disc Golf Center - Fox Run,Fox Run Meadows Red Tees,63,18,3,08:36:00,63,0,818,182,True,False,18,63,True,True,True
49945,2021,MA3,2,381151,121111,121111,812,Round 2,2021-06-20,Derek Chambers,868,Smugglers Notch Disc Golf Center - Fox Run,Fox Run Meadows Red Tees,63,18,4,08:36:00,63,0,818,188,True,False,18,63,True,True,True
49945,2021,MA3,2,381151,140404,140404,787,Round 2,2021-06-20,Michael Perry,,Smugglers Notch Disc Golf Center - Fox Run,Fox Run Meadows Red Tees,63,18,2,08:24:00,62,-1,830,186,True,False,18,62,True,True,True
49945,2021,MA3,2,381151,166633,166633,820,Round 2,2021-06-20,Joshua Martin,,Smugglers Notch Disc Golf Center - Fox Run,Fox Run Meadows Red Tees,63,18,4,08:24:00,62,-1,830,190,True,False,18,62,True,True,True
49945,2021,MA3,2,381151,140732,140732,819,Round 2,2021-06-20,Matt Saltus,821,Smugglers Notch Disc Golf Center - Fox Run,Fox Run Meadows Red Tees,63,18,3,08:24:00,64,1,807,192,True,False,18,64,True,True,True
49945,2021,MA3,2,381151,155933,155933,797,Round 2,2021-06-20,Mourning Fox,,Smugglers Notch Disc Golf Center - Fox Run,Fox Run Meadows Red Tees,63,18,1,08:12:00,62,-1,830,194,True,False,18,62,True,True,True
49945,2021,MA3,2,381151,141253,141253,759,Round 2,2021-06-20,Braden Edwards,,Smugglers Notch Disc Golf Center - Fox Run,Fox Run Meadows Red Tees,63,18,2,08:12:00,62,-1,830,202,True,False,18,62,True,True,True
49945,2021,MA3,2,381151,133543,133543,783,Round 2,2021-06-20,Damon Menard,,Smugglers Notch Disc Golf Center - Fox Run,Fox Run Meadows Red Tees,63,18,3,08:12:00,62,-1,830,197,True,False,18,62,True,True,True
49945,2021,MA3,2,381151,179687,179687,,Round 2,2021-06-20,Joseph Tomlinson,,Smugglers Notch Disc Golf Center - Fox Run,Fox Run Meadows Red Tees,63,18,4,08:12:00,73,10,703,223,True,False,18,73,True,True,True
49945,2021,MA3,3,381126,135048,135048,,Round 3,2021-06-20,Justin Wilkinson,,Smugglers Notch Disc Golf Center - Brewster Ridge,Brewster Ridge White Tees,61,18,1,08:36:00,58,-3,874,165,True,False,18,58,True,True,True
49945,2021,MA3,3,381126,109009,109009,879,Round 3,2021-06-20,José de Ondarza,870,Smugglers Notch Disc Golf Center - Brewster Ridge,Brewster Ridge White Tees,61,18,2,08:36:00,57,-4,886,171,True,False,18,57,True,True,True
49945,2021,MA3,3,381126,149368,149368,881,Round 3,2021-06-20,Brett Jipner,,Smugglers Notch Disc Golf Center - Brewster Ridge,Brewster Ridge White Tees,61,18,3,08:36:00,54,-7,921,173,True,False,18,54,True,True,True
49945,2021,MA3,3,381126,166637,166637,797,Round 3,2021-06-20,Ajay Shah,825,Smugglers Notch Disc Golf Center - Brewster Ridge,Brewster Ridge White Tees,61,18,4,08:36:00,60,-1,851,182,True,False,18,60,True,True,True
49945,2021,MA3,3,381126,140404,140404,787,Round 3,2021-06-20,Michael Perry,,Smugglers Notch Disc Golf Center - Brewster Ridge,Brewster Ridge White Tees,61,18,2,08:24:00,60,-1,851,186,True,False,18,60,True,True,True
49945,2021,MA3,3,381126,121111,121111,812,Round 3,2021-06-20,Derek Chambers,868,Smugglers Notch Disc Golf Center - Brewster Ridge,Brewster Ridge White Tees,61,18,1,08:24:00,64,3,805,188,True,False,18,64,True,True,True
49945,2021,MA3,3,381126,166633,166633,820,Round 3,2021-06-20,Joshua Martin,,Smugglers Notch Disc Golf Center - Brewster Ridge,Brewster Ridge White Tees,61,18,3,08:24:00,62,1,828,190,True,False,18,62,True,True,True
49945,2021,MA3,3,381126,140732,140732,819,Round 3,2021-06-20,Matt Saltus,821,Smugglers Notch Disc Golf Center - Brewster Ridge,Brewster Ridge White Tees,61,18,4,08:24:00,64,3,805,192,True,False,18,64,True,True,True
49945,2021,MA3,3,381126,155933,155933,797,Round 3,2021-06-20,Mourning Fox,,Smugglers Notch Disc Golf Center - Brewster Ridge,Brewster Ridge White Tees,61,18,1,08:12:00,63,2,816,194,True,False,18,63,True,True,True
49945,2021,MA3,3,381126,133543,133543,783,Round 3,2021-06-20,Damon Menard,,Smugglers Notch Disc Golf Center - Brewster Ridge,Brewster Ridge White Tees,61,18,3,08:12:00,62,1,828,197,True,False,18,62,True,True,True
49945,2021,MA3,3,381126,141253,141253,759,Round 3,2021-06-20,Braden Edwards,,Smugglers Notch Disc Golf Center - Brewster Ridge,Brewster Ridge White Tees,61,18,2,08:12:00,70,9,735,202,True,False,18,70,True,True,True
49945,2021,MA3,3,381126,179687,179687,,Round 3,2021-06-20,Joseph Tomlinson,,Smugglers Notch Disc Golf Center - Brewster Ridge,Brewster Ridge White Tees,61,18,4,08:12:00,76,15,665,223,True,False,18,76,True,True,True
49945,2021,MA40,1,381101,170433,170433,941,Round 1,2021-06-20,Matthew Albee,924,Smugglers Notch Disc Golf Center - Brewster Ridge,Brewster Ridge Blue Tees,61,18,3,12:00:00,60,-1,942,189,True,False,18,60,True,True,True
49945,2021,MA40,1,381101,97356,97356,898,Round 1,2021-06-20,Jason Guild,934,Smugglers Notch Disc Golf Center - Brewster Ridge,Brewster Ridge Blue Tees,61,18,2,12:12:00,63,2,914,197,True,False,18,63,True,True,True
49945,2021,MA40,1,381101,36062,36062,894,Round 1,2021-06-20,Andrew Powell,852,Smugglers Notch Disc Golf Center - Brewster Ridge,Brewster Ridge Blue Tees,61,18,1,12:00:00,65,4,896,207,True,False,18,65,True,True,True
49945,2021,MA40,1,381101,98116,98116,772,Round 1,2021-06-20,Luke Poquette,871,Smugglers Notch Disc Golf Center - Brewster Ridge,Brewster Ridge Blue Tees,61,18,3,12:12:00,65,4,896,208,True,False,18,65,True,True,True
49945,2021,MA40,1,381101,149045,149045,880,Round 1,2021-06-20,Derek Mattuchio,,Smugglers Notch Disc Golf Center - Brewster Ridge,Brewster Ridge Blue Tees,61,18,2,12:00:00,65,4,896,218,True,False,18,65,True,True,True
49945,2021,MA40,1,381101,42420,42420,926,Round 1,2021-06-20,Patrick Harris,906,Smugglers Notch Disc Golf Center - Brewster Ridge,Brewster Ridge Blue Tees,61,18,1,12:12:00,66,5,887,206,True,False,18,66,True,True,True
49945,2021,MA40,1,381101,153421,153421,878,Round 1,2021-06-20,Bill Sailer,929,Smugglers Notch Disc Golf Center - Brewster Ridge,Brewster Ridge Blue Tees,61,18,4,12:12:00,66,5,887,204,True,False,18,66,True,True,True
49945,2021,MA40,2,381131,170433,170433,941,Round 2,2021-06-20,Matthew Albee,924,Smugglers Notch Disc Golf Center - Fox Run,Fox Run Meadows Blue Tees,63,18,1,12:36:00,69,6,945,189,True,False,18,69,True,True,True
49945,2021,MA40,2,381131,97356,97356,898,Round 2,2021-06-20,Jason Guild,934,Smugglers Notch Disc Golf Center - Fox Run,Fox Run Meadows Blue Tees,63,18,2,12:36:00,70,7,937,197,True,False,18,70,True,True,True
49945,2021,MA40,2,381131,153421,153421,878,Round 2,2021-06-20,Bill Sailer,929,Smugglers Notch Disc Golf Center - Fox Run,Fox Run Meadows Blue Tees,63,18,3,12:24:00,73,10,915,204,True,False,18,73,True,True,True
49945,2021,MA40,2,381131,36062,36062,894,Round 2,2021-06-20,Andrew Powell,852,Smugglers Notch Disc Golf Center - Fox Run,Fox Run Meadows Blue Tees,63,18,3,12:36:00,78,15,877,207,True,False,18,78,True,True,True
49945,2021,MA40,2,381131,98116,98116,772,Round 2,2021-06-20,Luke Poquette,871,Smugglers Notch Disc Golf Center - Fox Run,Fox Run Meadows Blue Tees,63,18,4,12:36:00,78,15,877,208,True,False,18,78,True,True,True
49945,2021,MA40,2,381131,42420,42420,926,Round 2,2021-06-20,Patrick Harris,906,Smugglers Notch Disc Golf Center - Fox Run,Fox Run Meadows Blue Tees,63,18,2,12:24:00,78,15,877,206,True,False,18,78,True,True,True
49945,2021,MA40,2,381131,149045,149045,880,Round 2,2021-06-20,Derek Mattuchio,,Smugglers Notch Disc Golf Center - Fox Run,Fox Run Meadows Blue Tees,63,18,1,12:24:00,86,23,817,218,True,False,18,86,True,True,True
49945,2021,MA40,3,381101,170433,170433,941,Round 3,2021-06-20,Matthew Albee,924,Smugglers Notch Disc Golf Center - Brewster Ridge,Brewster Ridge Blue Tees,61,18,1,12:36:00,60,-1,942,189,True,False,18,60,True,True,True
49945,2021,MA40,3,381101,97356,97356,898,Round 3,2021-06-20,Jason Guild,934,Smugglers Notch Disc Golf Center - Brewster Ridge,Brewster Ridge Blue Tees,61,18,2,12:36:00,64,3,905,197,True,False,18,64,True,True,True
49945,2021,MA40,3,381101,153421,153421,878,Round 3,2021-06-20,Bill Sailer,929,Smugglers Notch Disc Golf Center - Brewster Ridge,Brewster Ridge Blue Tees,61,18,3,12:36:00,65,4,896,204,True,False,18,65,True,True,True
49945,2021,MA40,3,381101,42420,42420,926,Round 3,2021-06-20,Patrick Harris,906,Smugglers Notch Disc Golf Center - Brewster Ridge,Brewster Ridge Blue Tees,61,18,2,12:24:00,62,1,924,206,True,False,18,62,True,True,True
49945,2021,MA40,3,381101,36062,36062,894,Round 3,2021-06-20,Andrew Powell,852,Smugglers Notch Disc Golf Center - Brewster Ridge,Brewster Ridge Blue Tees,61,18,4,12:36:00,64,3,905,207,True,False,18,64,True,True,True
49945,2021,MA40,3,381101,98116,98116,772,Round 3,2021-06-20,Luke Poquette,871,Smugglers Notch Disc Golf Center - Brewster Ridge,Brewster Ridge Blue Tees,61,18,1,12:24:00,65,4,896,208,True,False,18,65,True,True,True
49945,2021,MA40,3,381101,149045,149045,880,Round 3,2021-06-20,Derek Mattuchio,,Smugglers Notch Disc Golf Center - Brewster Ridge,Brewster Ridge Blue Tees,61,18,3,12:24:00,67,6,877,218,True,False,18,67,True,True,True
49945,2021,MA50,1,381101,130713,130713,878,Round 1,2021-06-20,Ian Martin,902,Smugglers Notch Disc Golf Center - Brewster Ridge,Brewster Ridge Blue Tees,61,18,2,11:24:00,61,0,933,200,True,False,18,61,True,True,True
49945,2021,MA50,1,381101,166239,166239,879,Round 1,2021-06-20,Tom Raub,958,Smugglers Notch Disc Golf Center - Brewster Ridge,Brewster Ridge Blue Tees,61,18,4,11:36:00,62,1,924,187,True,False,18,62,True,True,True
49945,2021,MA50,1,381101,74288,74288,897,Round 1,2021-06-20,Gregg Guillily,889,Smugglers Notch Disc Golf Center - Brewster Ridge,Brewster Ridge Blue Tees,61,18,1,11:48:00,63,2,914,186,True,False,18,63,True,True,True
49945,2021,MA50,1,381101,91301,91301,895,Round 1,2021-06-20,Michael A. Stridsberg,898,Smugglers Notch Disc Golf Center - Brewster Ridge,Brewster Ridge Blue Tees,61,18,4,11:48:00,64,3,905,197,True,False,18,64,True,True,True
49945,2021,MA50,1,381101,62850,62850,876,Round 1,2021-06-20,George Brown,864,Smugglers Notch Disc Golf Center - Brewster Ridge,Brewster Ridge Blue Tees,61,18,1,11:12:00,65,4,896,210,True,False,18,65,True,True,True
49945,2021,MA50,1,381101,88247,88247,875,Round 1,2021-06-20,Tyler Bowden,884,Smugglers Notch Disc Golf Center - Brewster Ridge,Brewster Ridge Blue Tees,61,18,2,11:48:00,65,4,896,198,True,False,18,65,True,True,True
49945,2021,MA50,1,381101,74478,74478,859,Round 1,2021-06-20,John Sudarsky,845,Smugglers Notch Disc Golf Center - Brewster Ridge,Brewster Ridge Blue Tees,61,18,2,11:12:00,66,5,887,207,True,False,18,66,True,True,True
49945,2021,MA50,1,381101,157577,157577,836,Round 1,2021-06-20,Ian Butman,901,Smugglers Notch Disc Golf Center - Brewster Ridge,Brewster Ridge Blue Tees,61,18,2,11:36:00,66,5,887,203,True,False,18,66,True,True,True
49945,2021,MA50,1,381101,139113,139113,857,Round 1,2021-06-20,Norman Wedge,859,Smugglers Notch Disc Golf Center - Brewster Ridge,Brewster Ridge Blue Tees,61,18,3,11:24:00,69,8,859,209,True,False,18,69,True,True,True
49945,2021,MA50,1,381101,158407,158407,836,Round 1,2021-06-20,Brian Murphy,,Smugglers Notch Disc Golf Center - Brewster Ridge,Brewster Ridge Blue Tees,61,18,3,11:36:00,71,10,841,220,True,False,18,71,True,True,True
49945,2021,MA50,1,381101,122325,122325,864,Round 1,2021-06-20,David Mulvey,,Smugglers Notch Disc Golf Center - Brewster Ridge,Brewster Ridge Blue Tees,61,18,1,11:24:00,73,12,822,211,True,False,18,73,True,True,True
49945,2021,MA50,1,381101,122689,122689,767,Round 1,2021-06-20,Doug Underhill,,Smugglers Notch Disc Golf Center - Brewster Ridge,Brewster Ridge Blue Tees,61,18,1,11:36:00,76,15,794,235,True,False,18,76,True,True,True
49945,2021,MA50,1,381101,name:pete rausch,,,Round 1,2021-06-20,Pete Rausch,,Smugglers Notch Disc Golf Center - Brewster Ridge,Brewster Ridge Blue Tees,61,18,4,11:24:00,79,18,767,,True,False,18,79,True,True,True
49945,2021,MA50,1,381101,131352,131352,767,Round 1,2021-06-20,David Havens,816,Smugglers Notch Disc Golf Center - Brewster Ridge,Brewster Ridge Blue Tees,61,18,3,11:12:00,82,21,739,231,True,False,18,82,True,True,True
49945,2021,MA50,1,381101,88570,88570,742,Round 1,2021-06-20,Michael Ray,,Smugglers Notch Disc Golf Center - Brewster Ridge,Brewster Ridge Blue Tees,61,18,3,11:48:00,83,22,730,242,True,False,18,83,True,True,True
49945,2021,MA50,2,381141,74288,74288,897,Round 2,2021-06-20,Gregg Guillily,889,Smugglers Notch Disc Golf Center - Fox Run,Fox Run Meadows White Tees,63,18,3,12:00:00,59,-4,952,186,True,False,18,59,True,True,True
49945,2021,MA50,2,381141,166239,166239,879,Round 2,2021-06-20,Tom Raub,958,Smugglers Notch Disc Golf Center - Fox Run,Fox Run Meadows White Tees,63,18,2,12:00:00,64,1,906,187,True,False,18,64,True,True,True
49945,2021,MA50,2,381141,88247,88247,875,Round 2,2021-06-20,Tyler Bowden,884,Smugglers Notch Disc Golf Center - Fox Run,Fox Run Meadows White Tees,63,18,2,11:48:00,64,1,906,198,True,False,18,64,True,True,True
49945,2021,MA50,2,381141,91301,91301,895,Round 2,2021-06-20,Michael A. Stridsberg,898,Smugglers Notch Disc Golf Center - Fox Run,Fox Run Meadows White Tees,63,18,4,12:00:00,69,6,860,197,True,False,18,69,True,True,True
49945,2021,MA50,2,381141,130713,130713,878,Round 2,2021-06-20,Ian Martin,902,Smugglers Notch Disc Golf Center - Fox Run,Fox Run Meadows White Tees,63,18,1,12:00:00,73,10,823,200,True,False,18,73,True,True,True
49945,2021,MA50,2,381141,157577,157577,836,Round 2,2021-06-20,Ian Butman,901,Smugglers Notch Disc Golf Center - Fox Run,Fox Run Meadows White Tees,63,18,4,11:48:00,70,7,851,203,True,False,18,70,True,True,True
49945,2021,MA50,2,381141,62850,62850,876,Round 2,2021-06-20,George Brown,864,Smugglers Notch Disc Golf Center - Fox Run,Fox Run Meadows White Tees,63,18,1,11:48:00,71,8,841,210,True,False,18,71,True,True,True
49945,2021,MA50,2,381141,74478,74478,859,Round 2,2021-06-20,John Sudarsky,845,Smugglers Notch Disc Golf Center - Fox Run,Fox Run Meadows White Tees,63,18,3,11:48:00,71,8,841,207,True,False,18,71,True,True,True
49945,2021,MA50,2,381141,122325,122325,864,Round 2,2021-06-20,David Mulvey,,Smugglers Notch Disc Golf Center - Fox Run,Fox Run Meadows White Tees,63,18,3,11:36:00,68,5,869,211,True,False,18,68,True,True,True
49945,2021,MA50,2,381141,158407,158407,836,Round 2,2021-06-20,Brian Murphy,,Smugglers Notch Disc Golf Center - Fox Run,Fox Run Meadows White Tees,63,18,2,11:36:00,70,7,851,220,True,False,18,70,True,True,True
49945,2021,MA50,2,381141,139113,139113,857,Round 2,2021-06-20,Norman Wedge,859,Smugglers Notch Disc Golf Center - Fox Run,Fox Run Meadows White Tees,63,18,1,11:36:00,73,10,823,209,True,False,18,73,True,True,True
49945,2021,MA50,2,381141,122689,122689,767,Round 2,2021-06-20,Doug Underhill,,Smugglers Notch Disc Golf Center - Fox Run,Fox Run Meadows White Tees,63,18,4,11:36:00,79,16,768,235,True,False,18,79,True,True,True
49945,2021,MA50,2,381141,131352,131352,767,Round 2,2021-06-20,David Havens,816,Smugglers Notch Disc Golf Center - Fox Run,Fox Run Meadows White Tees,63,18,2,11:24:00,77,14,786,231,True,False,18,77,True,True,True
49945,2021,MA50,2,381141,name:pete rausch,,,Round 2,2021-06-20,Pete Rausch,,Smugglers Notch Disc Golf Center - Fox Run,Fox Run Meadows White Tees,63,18,1,11:24:00,82,19,740,,True,False,18,82,True,True,True
49945,2021,MA50,2,381141,88570,88570,742,Round 2,2021-06-20,Michael Ray,,Smugglers Notch Disc Golf Center - Fox Run,Fox Run Meadows White Tees,63,18,3,11:24:00,79,16,768,242,True,False,18,79,True,True,True
49945,2021,MA50,3,381101,74288,74288,897,Round 3,2021-06-20,Gregg Guillily,889,Smugglers Notch Disc Golf Center - Brewster Ridge,Brewster Ridge Blue Tees,61,18,1,12:12:00,64,3,905,186,True,False,18,64,True,True,True
49945,2021,MA50,3,381101,166239,166239,879,Round 3,2021-06-20,Tom Raub,958,Smugglers Notch Disc Golf Center - Brewster Ridge,Brewster Ridge Blue Tees,61,18,2,12:12:00,61,0,933,187,True,False,18,61,True,True,True
49945,2021,MA50,3,381101,91301,91301,895,Round 3,2021-06-20,Michael A. Stridsberg,898,Smugglers Notch Disc Golf Center - Brewster Ridge,Brewster Ridge Blue Tees,61,18,4,12:12:00,64,3,905,197,True,False,18,64,True,True,True
49945,2021,MA50,3,381101,88247,88247,875,Round 3,2021-06-20,Tyler Bowden,884,Smugglers Notch Disc Golf Center - Brewster Ridge,Brewster Ridge Blue Tees,61,18,3,12:12:00,69,8,859,198,True,False,18,69,True,True,True
49945,2021,MA50,3,381101,130713,130713,878,Round 3,2021-06-20,Ian Martin,902,Smugglers Notch Disc Golf Center - Brewster Ridge,Brewster Ridge Blue Tees,61,18,1,12:00:00,66,5,887,200,True,False,18,66,True,True,True
49945,2021,MA50,3,381101,157577,157577,836,Round 3,2021-06-20,Ian Butman,901,Smugglers Notch Disc Golf Center - Brewster Ridge,Brewster Ridge Blue Tees,61,18,2,12:00:00,67,6,877,203,True,False,18,67,True,True,True
49945,2021,MA50,3,381101,74478,74478,859,Round 3,2021-06-20,John Sudarsky,845,Smugglers Notch Disc Golf Center - Brewster Ridge,Brewster Ridge Blue Tees,61,18,4,12:00:00,70,9,850,207,True,False,18,70,True,True,True
49945,2021,MA50,3,381101,139113,139113,857,Round 3,2021-06-20,Norman Wedge,859,Smugglers Notch Disc Golf Center - Brewster Ridge,Brewster Ridge Blue Tees,61,18,2,11:48:00,67,6,877,209,True,False,18,67,True,True,True
49945,2021,MA50,3,381101,62850,62850,876,Round 3,2021-06-20,George Brown,864,Smugglers Notch Disc Golf Center - Brewster Ridge,Brewster Ridge Blue Tees,61,18,3,12:00:00,74,13,813,210,True,False,18,74,True,True,True
49945,2021,MA50,3,381101,122325,122325,864,Round 3,2021-06-20,David Mulvey,,Smugglers Notch Disc Golf Center - Brewster Ridge,Brewster Ridge Blue Tees,61,18,5,12:00:00,70,9,850,211,True,False,18,70,True,True,True
49945,2021,MA50,3,381101,158407,158407,836,Round 3,2021-06-20,Brian Murphy,,Smugglers Notch Disc Golf Center - Brewster Ridge,Brewster Ridge Blue Tees,61,18,1,11:48:00,79,18,767,220,True,False,18,79,True,True,True
49945,2021,MA50,3,381101,131352,131352,767,Round 3,2021-06-20,David Havens,816,Smugglers Notch Disc Golf Center - Brewster Ridge,Brewster Ridge Blue Tees,61,18,4,11:48:00,72,11,831,231,True,False,18,72,True,True,True
49945,2021,MA50,3,381101,122689,122689,767,Round 3,2021-06-20,Doug Underhill,,Smugglers Notch Disc Golf Center - Brewster Ridge,Brewster Ridge Blue Tees,61,18,3,11:48:00,80,19,757,235,True,False,18,80,True,True,True
49945,2021,MA50,3,381101,88570,88570,742,Round 3,2021-06-20,Michael Ray,,Smugglers Notch Disc Golf Center - Brewster Ridge,Brewster Ridge Blue Tees,61,18,5,11:48:00,80,19,757,242,True,False,18,80,True,True,True
49945,2021,MA50,3,381101,name:pete rausch,,,Round 3,2021-06-20,Pete Rausch,,Smugglers Notch Disc Golf Center - Brewster Ridge,Brewster Ridge Blue Tees,61,18,,,,,,,True,True,0,,False,False,False
49945,2021,MJ15,1,381126,87063,87063,840,Round 1,2021-06-20,John Marcus,,Smugglers Notch Disc Golf Center - Brewster Ridge,Brewster Ridge White Tees,61,18,1,08:00:00,57,-4,886,170,True,False,18,57,True,True,True
49945,2021,MJ15,1,381126,180438,180438,831,Round 1,2021-06-20,Elian Furs,,Smugglers Notch Disc Golf Center - Brewster Ridge,Brewster Ridge White Tees,61,18,3,08:00:00,60,-1,851,188,True,False,18,60,True,True,True
49945,2021,MJ15,1,381126,name:mark thompson,,,Round 1,2021-06-20,Mark Thompson,,Smugglers Notch Disc Golf Center - Brewster Ridge,Brewster Ridge White Tees,61,18,2,08:00:00,70,9,735,231,True,False,18,70,True,True,True
49945,2021,MJ15,2,381151,87063,87063,840,Round 2,2021-06-20,John Marcus,,Smugglers Notch Disc Golf Center - Fox Run,Fox Run Meadows Red Tees,63,18,1,08:00:00,58,-5,876,170,True,False,18,58,True,True,True
49945,2021,MJ15,2,381151,180438,180438,831,Round 2,2021-06-20,Elian Furs,,Smugglers Notch Disc Golf Center - Fox Run,Fox Run Meadows Red Tees,63,18,2,08:00:00,63,0,818,188,True,False,18,63,True,True,True
49945,2021,MJ15,2,381151,name:mark thompson,,,Round 2,2021-06-20,Mark Thompson,,Smugglers Notch Disc Golf Center - Fox Run,Fox Run Meadows Red Tees,63,18,3,08:00:00,81,18,611,231,True,False,18,81,True,True,True
49945,2021,MJ15,3,381126,87063,87063,840,Round 3,2021-06-20,John Marcus,,Smugglers Notch Disc Golf Center - Brewster Ridge,Brewster Ridge White Tees,61,18,1,08:00:00,55,-6,909,170,True,False,18,55,True,True,True
49945,2021,MJ15,3,381126,180438,180438,831,Round 3,2021-06-20,Elian Furs,,Smugglers Notch Disc Golf Center - Brewster Ridge,Brewster Ridge White Tees,61,18,2,08:00:00,65,4,793,188,True,False,18,65,True,True,True
49945,2021,MJ15,3,381126,name:mark thompson,,,Round 3,2021-06-20,Mark Thompson,,Smugglers Notch Disc Golf Center - Brewster Ridge,Brewster Ridge White Tees,61,18,3,08:00:00,80,19,619,231,True,False,18,80,True,True,True
49945,2021,MP40,1,381146,35956,35956,977,Round 1,2021-06-20,Das Loomis,968,Smugglers Notch Disc Golf Center - Fox Run,Fox Run Meadows Gold Tees,63,18,1,09:48:00,65,2,992,200,True,False,18,65,True,True,True
49945,2021,MP40,1,381146,74759,74759,976,Round 1,2021-06-20,Joseph Kulp,957,Smugglers Notch Disc Golf Center - Fox Run,Fox Run Meadows Gold Tees,63,18,2,09:24:00,66,3,985,193,True,False,18,66,True,True,True
49945,2021,MP40,1,381146,54607,54607,950,Round 1,2021-06-20,Bob Kulchuk,953,Smugglers Notch Disc Golf Center - Fox Run,Fox Run Meadows Gold Tees,63,18,3,10:00:00,68,5,972,208,True,False,18,68,True,True,True
49945,2021,MP40,1,381146,99260,99260,891,Round 1,2021-06-20,Matthew Martell,880,Smugglers Notch Disc Golf Center - Fox Run,Fox Run Meadows Gold Tees,63,18,3,09:24:00,68,5,972,211,True,False,18,68,True,True,True
49945,2021,MP40,1,381146,24381,24381,959,Round 1,2021-06-20,Chris Young,937,Smugglers Notch Disc Golf Center - Fox Run,Fox Run Meadows Gold Tees,63,18,2,10:24:00,69,6,965,210,True,False,18,69,True,True,True
49945,2021,MP40,1,381146,17036,17036,968,Round 1,2021-06-20,Scott Walsh,943,Smugglers Notch Disc Golf Center - Fox Run,Fox Run Meadows Gold Tees,63,18,2,10:00:00,70,7,958,198,True,False,18,70,True,True,True
49945,2021,MP40,1,381146,79006,79006,946,Round 1,2021-06-20,Kenneth Bovill,,Smugglers Notch Disc Golf Center - Fox Run,Fox Run Meadows Gold Tees,63,18,2,10:12:00,71,8,951,208,True,False,18,71,True,True,True
49945,2021,MP40,1,381146,22318,22318,937,Round 1,2021-06-20,Aaron Smartt,965,Smugglers Notch Disc Golf Center - Fox Run,Fox Run Meadows Gold Tees,63,18,1,10:12:00,72,9,944,212,True,False,18,72,True,True,True
49945,2021,MP40,1,381146,63390,63390,992,Round 1,2021-06-20,Jim Bailey,986,Smugglers Notch Disc Golf Center - Fox Run,Fox Run Meadows Gold Tees,63,18,3,09:12:00,72,9,944,210,True,False,18,72,True,True,True
49945,2021,MP40,1,381146,name:joshua lemieux,,,Round 1,2021-06-20,Joshua Lemieux,,Smugglers Notch Disc Golf Center - Fox Run,Fox Run Meadows Gold Tees,63,18,4,09:48:00,72,9,944,213,True,False,18,72,True,True,True
49945,2021,MP40,1,381146,87562,87562,959,Round 1,2021-06-20,Joe Mercieri,951,Smugglers Notch Disc Golf Center - Fox Run,Fox Run Meadows Gold Tees,63,18,4,10:00:00,73,10,937,213,True,False,18,73,True,True,True
49945,2021,MP40,1,381146,3087,3087,977,Round 1,2021-06-20,Bobby Jones,959,Smugglers Notch Disc Golf Center - Fox Run,Fox Run Meadows Gold Tees,63,18,1,10:00:00,74,11,930,212,True,False,18,74,True,True,True
49945,2021,MP40,1,381146,105063,105063,926,Round 1,2021-06-20,Ben Maxwell,,Smugglers Notch Disc Golf Center - Fox Run,Fox Run Meadows Gold Tees,63,18,2,09:36:00,74,11,930,228,True,False,18,74,True,True,True
49945,2021,MP40,1,381146,48544,48544,922,Round 1,2021-06-20,Stephen Ansay,,Smugglers Notch Disc Golf Center - Fox Run,Fox Run Meadows Gold Tees,63,18,3,09:36:00,75,12,923,217,True,False,18,75,True,True,True
49945,2021,MP40,1,381146,96621,96621,951,Round 1,2021-06-20,Jeremy McKittrick,932,Smugglers Notch Disc Golf Center - Fox Run,Fox Run Meadows Gold Tees,63,18,1,09:24:00,75,12,923,222,True,False,18,75,True,True,True
49945,2021,MP40,1,381146,49282,49282,904,Round 1,2021-06-20,Justin DeVico,931,Smugglers Notch Disc Golf Center - Fox Run,Fox Run Meadows Gold Tees,63,18,3,10:24:00,76,13,916,233,True,False,18,76,True,True,True
49945,2021,MP40,1,381146,23565,23565,931,Round 1,2021-06-20,Shane M. Tewksbury,925,Smugglers Notch Disc Golf Center - Fox Run,Fox Run Meadows Gold Tees,63,18,1,10:24:00,77,14,909,226,True,False,18,77,True,True,True
49945,2021,MP40,1,381146,119003,119003,932,Round 1,2021-06-20,Joshua Wedel,942,Smugglers Notch Disc Golf Center - Fox Run,Fox Run Meadows Gold Tees,63,18,4,14:12:00,77,14,909,216,True,False,18,77,True,True,True
49945,2021,MP40,1,381146,27112,27112,915,Round 1,2021-06-20,David Frothingham,,Smugglers Notch Disc Golf Center - Fox Run,Fox Run Meadows Gold Tees,63,18,2,09:12:00,78,15,902,230,True,False,18,78,True,True,True
49945,2021,MP40,1,381146,83198,83198,934,Round 1,2021-06-20,Alan Gofberg,869,Smugglers Notch Disc Golf Center - Fox Run,Fox Run Meadows Gold Tees,63,18,2,09:48:00,80,17,888,232,True,False,18,80,True,True,True
49945,2021,MP40,1,381146,name:brian fritze,,,Round 1,2021-06-20,Brian Fritze,,Smugglers Notch Disc Golf Center - Fox Run,Fox Run Meadows Gold Tees,63,18,3,09:48:00,80,17,888,228,True,False,18,80,True,True,True
49945,2021,MP40,1,381146,83212,83212,882,Round 1,2021-06-20,Cory Barron,885,Smugglers Notch Disc Golf Center - Fox Run,Fox Run Meadows Gold Tees,63,18,4,10:12:00,84,21,860,243,True,False,18,84,True,True,True
49945,2021,MP40,1,381146,96490,96490,920,Round 1,2021-06-20,Ervin Brown,875,Smugglers Notch Disc Golf Center - Fox Run,Fox Run Meadows Gold Tees,63,18,3,10:12:00,84,21,860,,True,False,18,84,True,True,True
49945,2021,MP40,1,381146,68657,68657,903,Round 1,2021-06-20,Ryan Metivier,,Smugglers Notch Disc Golf Center - Fox Run,Fox Run Meadows Gold Tees,63,18,1,09:36:00,89,26,825,254,True,False,18,89,True,True,True
49945,2021,MP40,1,381146,73588,73588,880,Round 1,2021-06-20,Will Cleland,910,Smugglers Notch Disc Golf Center - Fox Run,Fox Run Meadows Gold Tees,63,18,1,09:12:00,90,27,818,252,True,False,18,90,True,True,True
49945,2021,MP40,2,381106,74759,74759,976,Round 2,2021-06-20,Joseph Kulp,957,Smugglers Notch Disc Golf Center - Brewster Ridge,Brewster Ridge Gold Tees,61,18,2,09:24:00,61,0,988,193,True,False,18,61,True,True,True
49945,2021,MP40,2,381106,54607,54607,950,Round 2,2021-06-20,Bob Kulchuk,953,Smugglers Notch Disc Golf Center - Brewster Ridge,Brewster Ridge Gold Tees,61,18,3,09:24:00,61,0,988,208,True,False,18,61,True,True,True
49945,2021,MP40,2,381106,35956,35956,977,Round 2,2021-06-20,Das Loomis,968,Smugglers Notch Disc Golf Center - Brewster Ridge,Brewster Ridge Gold Tees,61,18,1,09:24:00,66,5,949,200,True,False,18,66,True,True,True
49945,2021,MP40,2,381106,17036,17036,968,Round 2,2021-06-20,Scott Walsh,943,Smugglers Notch Disc Golf Center - Brewster Ridge,Brewster Ridge Gold Tees,61,18,2,09:12:00,62,1,981,198,True,False,18,62,True,True,True
49945,2021,MP40,2,381106,79006,79006,946,Round 2,2021-06-20,Kenneth Bovill,,Smugglers Notch Disc Golf Center - Brewster Ridge,Brewster Ridge Gold Tees,61,18,3,09:12:00,62,1,981,208,True,False,18,62,True,True,True
49945,2021,MP40,2,381106,24381,24381,959,Round 2,2021-06-20,Chris Young,937,Smugglers Notch Disc Golf Center - Brewster Ridge,Brewster Ridge Gold Tees,61,18,1,09:12:00,67,6,941,210,True,False,18,67,True,True,True
49945,2021,MP40,2,381106,99260,99260,891,Round 2,2021-06-20,Matthew Martell,880,Smugglers Notch Disc Golf Center - Brewster Ridge,Brewster Ridge Gold Tees,61,18,4,09:24:00,69,8,925,211,True,False,18,69,True,True,True
49945,2021,MP40,2,381106,63390,63390,992,Round 2,2021-06-20,Jim Bailey,986,Smugglers Notch Disc Golf Center - Brewster Ridge,Brewster Ridge Gold Tees,61,18,1,09:00:00,66,5,949,210,True,False,18,66,True,True,True
49945,2021,MP40,2,381106,22318,22318,937,Round 2,2021-06-20,Aaron Smartt,965,Smugglers Notch Disc Golf Center - Brewster Ridge,Brewster Ridge Gold Tees,61,18,4,09:12:00,69,8,925,212,True,False,18,69,True,True,True
49945,2021,MP40,2,381106,87562,87562,959,Round 2,2021-06-20,Joe Mercieri,951,Smugglers Notch Disc Golf Center - Brewster Ridge,Brewster Ridge Gold Tees,61,18,3,09:00:00,69,8,925,213,True,False,18,69,True,True,True
49945,2021,MP40,2,381106,105063,105063,926,Round 2,2021-06-20,Ben Maxwell,,Smugglers Notch Disc Golf Center - Brewster Ridge,Brewster Ridge Gold Tees,61,18,1,08:48:00,69,8,925,228,True,False,18,69,True,True,True
49945,2021,MP40,2,381106,23565,23565,931,Round 2,2021-06-20,Shane M. Tewksbury,925,Smugglers Notch Disc Golf Center - Brewster Ridge,Brewster Ridge Gold Tees,61,18,1,08:36:00,67,6,941,226,True,False,18,67,True,True,True
49945,2021,MP40,2,381106,3087,3087,977,Round 2,2021-06-20,Bobby Jones,959,Smugglers Notch Disc Golf Center - Brewster Ridge,Brewster Ridge Gold Tees,61,18,4,09:00:00,70,9,917,212,True,False,18,70,True,True,True
49945,2021,MP40,2,381106,119003,119003,932,Round 2,2021-06-20,Joshua Wedel,942,Smugglers Notch Disc Golf Center - Brewster Ridge,Brewster Ridge Gold Tees,61,18,2,08:36:00,69,8,925,216,True,False,18,69,True,True,True
49945,2021,MP40,2,381106,name:joshua lemieux,,,Round 2,2021-06-20,Joshua Lemieux,,Smugglers Notch Disc Golf Center - Brewster Ridge,Brewster Ridge Gold Tees,61,18,2,09:00:00,74,13,885,213,True,False,18,74,True,True,True
49945,2021,MP40,2,381106,48544,48544,922,Round 2,2021-06-20,Stephen Ansay,,Smugglers Notch Disc Golf Center - Brewster Ridge,Brewster Ridge Gold Tees,61,18,2,08:48:00,72,11,901,217,True,False,18,72,True,True,True
49945,2021,MP40,2,381106,96621,96621,951,Round 2,2021-06-20,Jeremy McKittrick,932,Smugglers Notch Disc Golf Center - Brewster Ridge,Brewster Ridge Gold Tees,61,18,3,08:48:00,72,11,901,222,True,False,18,72,True,True,True
49945,2021,MP40,2,381106,49282,49282,904,Round 2,2021-06-20,Justin DeVico,931,Smugglers Notch Disc Golf Center - Brewster Ridge,Brewster Ridge Gold Tees,61,18,4,08:48:00,72,11,901,233,True,False,18,72,True,True,True
49945,2021,MP40,2,381106,27112,27112,915,Round 2,2021-06-20,David Frothingham,,Smugglers Notch Disc Golf Center - Brewster Ridge,Brewster Ridge Gold Tees,61,18,3,08:36:00,72,11,901,230,True,False,18,72,True,True,True
49945,2021,MP40,2,381106,name:brian fritze,,,Round 2,2021-06-20,Brian Fritze,,Smugglers Notch Disc Golf Center - Brewster Ridge,Brewster Ridge Gold Tees,61,18,2,08:24:00,72,11,901,228,True,False,18,72,True,True,True
49945,2021,MP40,2,381106,83198,83198,934,Round 2,2021-06-20,Alan Gofberg,869,Smugglers Notch Disc Golf Center - Brewster Ridge,Brewster Ridge Gold Tees,61,18,1,08:24:00,74,13,885,232,True,False,18,74,True,True,True
49945,2021,MP40,2,381106,96490,96490,920,Round 2,2021-06-20,Ervin Brown,875,Smugglers Notch Disc Golf Center - Brewster Ridge,Brewster Ridge Gold Tees,61,18,1,08:12:00,72,11,901,,True,False,18,72,True,True,True
49945,2021,MP40,2,381106,83212,83212,882,Round 2,2021-06-20,Cory Barron,885,Smugglers Notch Disc Golf Center - Brewster Ridge,Brewster Ridge Gold Tees,61,18,3,08:24:00,74,13,885,243,True,False,18,74,True,True,True
49945,2021,MP40,2,381106,73588,73588,880,Round 2,2021-06-20,Will Cleland,910,Smugglers Notch Disc Golf Center - Brewster Ridge,Brewster Ridge Gold Tees,61,18,3,08:12:00,73,12,893,252,True,False,18,73,True,True,True
49945,2021,MP40,2,381106,68657,68657,903,Round 2,2021-06-20,Ryan Metivier,,Smugglers Notch Disc Golf Center - Brewster Ridge,Brewster Ridge Gold Tees,61,18,2,08:12:00,76,15,869,254,True,False,18,76,True,True,True
49945,2021,MP40,3,381146,74759,74759,976,Round 3,2021-06-20,Joseph Kulp,957,Smugglers Notch Disc Golf Center - Fox Run,Fox Run Meadows Gold Tees,63,18,1,09:36:00,66,3,985,193,True,False,18,66,True,True,True
49945,2021,MP40,3,381146,17036,17036,968,Round 3,2021-06-20,Scott Walsh,943,Smugglers Notch Disc Golf Center - Fox Run,Fox Run Meadows Gold Tees,63,18,4,09:36:00,66,3,985,198,True,False,18,66,True,True,True
49945,2021,MP40,3,381146,35956,35956,977,Round 3,2021-06-20,Das Loomis,968,Smugglers Notch Disc Golf Center - Fox Run,Fox Run Meadows Gold Tees,63,18,3,09:36:00,69,6,965,200,True,False,18,69,True,True,True
49945,2021,MP40,3,381146,79006,79006,946,Round 3,2021-06-20,Kenneth Bovill,,Smugglers Notch Disc Golf Center - Fox Run,Fox Run Meadows Gold Tees,63,18,1,09:24:00,75,12,923,208,True,False,18,75,True,True,True
49945,2021,MP40,3,381146,54607,54607,950,Round 3,2021-06-20,Bob Kulchuk,953,Smugglers Notch Disc Golf Center - Fox Run,Fox Run Meadows Gold Tees,63,18,2,09:36:00,79,16,895,208,True,False,18,79,True,True,True
49945,2021,MP40,3,381146,63390,63390,992,Round 3,2021-06-20,Jim Bailey,986,Smugglers Notch Disc Golf Center - Fox Run,Fox Run Meadows Gold Tees,63,18,4,09:24:00,72,9,944,210,True,False,18,72,True,True,True
49945,2021,MP40,3,381146,24381,24381,959,Round 3,2021-06-20,Chris Young,937,Smugglers Notch Disc Golf Center - Fox Run,Fox Run Meadows Gold Tees,63,18,2,09:24:00,74,11,930,210,True,False,18,74,True,True,True
49945,2021,MP40,3,381146,99260,99260,891,Round 3,2021-06-20,Matthew Martell,880,Smugglers Notch Disc Golf Center - Fox Run,Fox Run Meadows Gold Tees,63,18,3,09:24:00,74,11,930,211,True,False,18,74,True,True,True
49945,2021,MP40,3,381146,3087,3087,977,Round 3,2021-06-20,Bobby Jones,959,Smugglers Notch Disc Golf Center - Fox Run,Fox Run Meadows Gold Tees,63,18,1,09:00:00,68,5,972,212,True,False,18,68,True,True,True
49945,2021,MP40,3,381146,22318,22318,937,Round 3,2021-06-20,Aaron Smartt,965,Smugglers Notch Disc Golf Center - Fox Run,Fox Run Meadows Gold Tees,63,18,1,09:12:00,71,8,951,212,True,False,18,71,True,True,True
49945,2021,MP40,3,381146,name:joshua lemieux,,,Round 3,2021-06-20,Joshua Lemieux,,Smugglers Notch Disc Golf Center - Fox Run,Fox Run Meadows Gold Tees,63,18,3,09:00:00,67,4,978,213,True,False,18,67,True,True,True
49945,2021,MP40,3,381146,87562,87562,959,Round 3,2021-06-20,Joe Mercieri,951,Smugglers Notch Disc Golf Center - Fox Run,Fox Run Meadows Gold Tees,63,18,2,09:12:00,71,8,951,213,True,False,18,71,True,True,True
49945,2021,MP40,3,381146,119003,119003,932,Round 3,2021-06-20,Joshua Wedel,942,Smugglers Notch Disc Golf Center - Fox Run,Fox Run Meadows Gold Tees,63,18,2,09:00:00,70,7,958,216,True,False,18,70,True,True,True
49945,2021,MP40,3,381146,48544,48544,922,Round 3,2021-06-20,Stephen Ansay,,Smugglers Notch Disc Golf Center - Fox Run,Fox Run Meadows Gold Tees,63,18,4,09:00:00,70,7,958,217,True,False,18,70,True,True,True
49945,2021,MP40,3,381146,96621,96621,951,Round 3,2021-06-20,Jeremy McKittrick,932,Smugglers Notch Disc Golf Center - Fox Run,Fox Run Meadows Gold Tees,63,18,1,08:48:00,75,12,923,222,True,False,18,75,True,True,True
49945,2021,MP40,3,381146,23565,23565,931,Round 3,2021-06-20,Shane M. Tewksbury,925,Smugglers Notch Disc Golf Center - Fox Run,Fox Run Meadows Gold Tees,63,18,4,09:12:00,82,19,874,226,True,False,18,82,True,True,True
49945,2021,MP40,3,381146,name:brian fritze,,,Round 3,2021-06-20,Brian Fritze,,Smugglers Notch Disc Golf Center - Fox Run,Fox Run Meadows Gold Tees,63,18,4,08:48:00,76,13,916,228,True,False,18,76,True,True,True
49945,2021,MP40,3,381146,105063,105063,926,Round 3,2021-06-20,Ben Maxwell,,Smugglers Notch Disc Golf Center - Fox Run,Fox Run Meadows Gold Tees,63,18,3,09:12:00,85,22,853,228,True,False,18,85,True,True,True
49945,2021,MP40,3,381146,27112,27112,915,Round 3,2021-06-20,David Frothingham,,Smugglers Notch Disc Golf Center - Fox Run,Fox Run Meadows Gold Tees,63,18,3,08:48:00,80,17,888,230,True,False,18,80,True,True,True
49945,2021,MP40,3,381146,83198,83198,934,Round 3,2021-06-20,Alan Gofberg,869,Smugglers Notch Disc Golf Center - Fox Run,Fox Run Meadows Gold Tees,63,18,1,08:36:00,78,15,902,232,True,False,18,78,True,True,True
49945,2021,MP40,3,381146,49282,49282,904,Round 3,2021-06-20,Justin DeVico,931,Smugglers Notch Disc Golf Center - Fox Run,Fox Run Meadows Gold Tees,63,18,2,08:48:00,85,22,853,233,True,False,18,85,True,True,True
49945,2021,MP40,3,381146,83212,83212,882,Round 3,2021-06-20,Cory Barron,885,Smugglers Notch Disc Golf Center - Fox Run,Fox Run Meadows Gold Tees,63,18,2,08:36:00,85,22,853,243,True,False,18,85,True,True,True
49945,2021,MP40,3,381146,73588,73588,880,Round 3,2021-06-20,Will Cleland,910,Smugglers Notch Disc Golf Center - Fox Run,Fox Run Meadows Gold Tees,63,18,3,08:36:00,89,26,825,252,True,False,18,89,True,True,True
49945,2021,MP40,3,381146,68657,68657,903,Round 3,2021-06-20,Ryan Metivier,,Smugglers Notch Disc Golf Center - Fox Run,Fox Run Meadows Gold Tees,63,18,4,08:36:00,89,26,825,254,True,False,18,89,True,True,True
49945,2021,MP40,3,381146,96490,96490,920,Round 3,2021-06-20,Ervin Brown,875,Smugglers Notch Disc Golf Center - Fox Run,Fox Run Meadows Gold Tees,63,18,2,08:36:00,,,,,True,True,0,,False,False,False
49945,2021,MP50,1,381131,77623,77623,912,Round 1,2021-06-20,Cary Powell,909,Smugglers Notch Disc Golf Center - Fox Run,Fox Run Meadows Blue Tees,63,18,4,08:48:00,69,6,945,212,True,False,18,69,True,True,True
49945,2021,MP50,1,381131,5378,5378,902,Round 1,2021-06-20,John Marcus,907,Smugglers Notch Disc Golf Center - Fox Run,Fox Run Meadows Blue Tees,63,18,2,08:48:00,73,10,915,225,True,False,18,73,True,True,True
49945,2021,MP50,1,381131,2439,2439,956,Round 1,2021-06-20,Daniel Marcus,954,Smugglers Notch Disc Golf Center - Fox Run,Fox Run Meadows Blue Tees,63,18,1,08:48:00,74,11,907,209,True,False,18,74,True,True,True
49945,2021,MP50,1,381131,36810,36810,929,Round 1,2021-06-20,Brett Barker,,Smugglers Notch Disc Golf Center - Fox Run,Fox Run Meadows Blue Tees,63,18,3,08:48:00,75,12,900,212,True,False,18,75,True,True,True
49945,2021,MP50,2,381106,2439,2439,956,Round 2,2021-06-20,Daniel Marcus,954,Smugglers Notch Disc Golf Center - Brewster Ridge,Brewster Ridge Gold Tees,61,18,3,08:00:00,68,7,933,209,True,False,18,68,True,True,True
49945,2021,MP50,2,381106,77623,77623,912,Round 2,2021-06-20,Cary Powell,909,Smugglers Notch Disc Golf Center - Brewster Ridge,Brewster Ridge Gold Tees,61,18,1,08:00:00,74,13,885,212,True,False,18,74,True,True,True
49945,2021,MP50,2,381106,36810,36810,929,Round 2,2021-06-20,Brett Barker,,Smugglers Notch Disc Golf Center - Brewster Ridge,Brewster Ridge Gold Tees,61,18,4,08:00:00,69,8,925,212,True,False,18,69,True,True,True
49945,2021,MP50,2,381106,5378,5378,902,Round 2,2021-06-20,John Marcus,907,Smugglers Notch Disc Golf Center - Brewster Ridge,Brewster Ridge Gold Tees,61,18,2,08:00:00,77,16,861,225,True,False,18,77,True,True,True
49945,2021,MP50,3,381131,2439,2439,956,Round 3,2021-06-20,Daniel Marcus,954,Smugglers Notch Disc Golf Center - Fox Run,Fox Run Meadows Blue Tees,63,18,1,08:12:00,67,4,960,209,True,False,18,67,True,True,True
49945,2021,MP50,3,381131,36810,36810,929,Round 3,2021-06-20,Brett Barker,,Smugglers Notch Disc Golf Center - Fox Run,Fox Run Meadows Blue Tees,63,18,3,08:12:00,68,5,952,212,True,False,18,68,True,True,True
49945,2021,MP50,3,381131,77623,77623,912,Round 3,2021-06-20,Cary Powell,909,Smugglers Notch Disc Golf Center - Fox Run,Fox Run Meadows Blue Tees,63,18,2,08:12:00,69,6,945,212,True,False,18,69,True,True,True
49945,2021,MP50,3,381131,5378,5378,902,Round 3,2021-06-20,John Marcus,907,Smugglers Notch Disc Golf Center - Fox Run,Fox Run Meadows Blue Tees,63,18,4,08:12:00,75,12,900,225,True,False,18,75,True,True,True
49945,2021,MPO,1,381146,86089,86089,1007,Round 1,2021-06-20,Josh DiBattista,1000,Smugglers Notch Disc Golf Center - Fox Run,Fox Run Meadows Gold Tees,63,18,3,14:00:00,59,-4,1034,177,True,False,18,59,True,True,True
49945,2021,MPO,1,381146,94450,94450,961,Round 1,2021-06-20,Brendan Rollins,958,Smugglers Notch Disc Golf Center - Fox Run,Fox Run Meadows Gold Tees,63,18,2,13:48:00,60,-3,1027,190,True,False,18,60,True,True,True
49945,2021,MPO,1,381146,122655,122655,983,Round 1,2021-06-20,Dylan Capaccioli,1025,Smugglers Notch Disc Golf Center - Fox Run,Fox Run Meadows Gold Tees,63,18,2,11:12:00,60,-3,1027,191,True,False,18,60,True,True,True
49945,2021,MPO,1,381146,143853,143853,971,Round 1,2021-06-20,Elijah Rider Brandt,1012,Smugglers Notch Disc Golf Center - Fox Run,Fox Run Meadows Gold Tees,63,18,3,11:12:00,61,-2,1020,194,True,False,18,61,True,True,True
49945,2021,MPO,1,381146,76811,76811,973,Round 1,2021-06-20,Able Virgile,,Smugglers Notch Disc Golf Center - Fox Run,Fox Run Meadows Gold Tees,63,18,3,13:24:00,62,-1,1013,199,True,False,18,62,True,True,True
49945,2021,MPO,1,381146,104020,104020,978,Round 1,2021-06-20,Vaughn Hultgren,936,Smugglers Notch Disc Golf Center - Fox Run,Fox Run Meadows Gold Tees,63,18,3,10:48:00,62,-1,1013,211,True,False,18,62,True,True,True
49945,2021,MPO,1,381146,144011,144011,956,Round 1,2021-06-20,Kamil Skwarek,,Smugglers Notch Disc Golf Center - Fox Run,Fox Run Meadows Gold Tees,63,18,4,11:00:00,62,-1,1013,195,True,False,18,62,True,True,True
49945,2021,MPO,1,381146,103402,103402,970,Round 1,2021-06-20,Alex Vigeant,972,Smugglers Notch Disc Golf Center - Fox Run,Fox Run Meadows Gold Tees,63,18,3,13:00:00,63,0,1006,191,True,False,18,63,True,True,True
49945,2021,MPO,1,381146,31710,31710,973,Round 1,2021-06-20,Matt Odenwelder,,Smugglers Notch Disc Golf Center - Fox Run,Fox Run Meadows Gold Tees,63,18,1,11:48:00,64,1,999,189,True,False,18,64,True,True,True
49945,2021,MPO,1,381146,60666,60666,985,Round 1,2021-06-20,Christian Olsen,967,Smugglers Notch Disc Golf Center - Fox Run,Fox Run Meadows Gold Tees,63,18,2,12:48:00,64,1,999,185,True,False,18,64,True,True,True
49945,2021,MPO,1,381146,80359,80359,968,Round 1,2021-06-20,Cody White,985,Smugglers Notch Disc Golf Center - Fox Run,Fox Run Meadows Gold Tees,63,18,2,12:24:00,64,1,999,190,True,False,18,64,True,True,True
49945,2021,MPO,1,381146,81174,81174,986,Round 1,2021-06-20,Carson Reber,975,Smugglers Notch Disc Golf Center - Fox Run,Fox Run Meadows Gold Tees,63,18,1,11:00:00,64,1,999,197,True,False,18,64,True,True,True
49945,2021,MPO,1,381146,56602,56602,959,Round 1,2021-06-20,John Buonsanto,968,Smugglers Notch Disc Golf Center - Fox Run,Fox Run Meadows Gold Tees,63,18,1,13:24:00,65,2,992,187,True,False,18,65,True,True,True
49945,2021,MPO,1,381146,75861,75861,971,Round 1,2021-06-20,Charlie Veysey,978,Smugglers Notch Disc Golf Center - Fox Run,Fox Run Meadows Gold Tees,63,18,2,13:12:00,65,2,992,191,True,False,18,65,True,True,True
49945,2021,MPO,1,381146,129083,129083,969,Round 1,2021-06-20,Riley Douglas,953,Smugglers Notch Disc Golf Center - Fox Run,Fox Run Meadows Gold Tees,63,18,4,12:36:00,65,2,992,188,True,False,18,65,True,True,True
49945,2021,MPO,1,381146,129332,129332,978,Round 1,2021-06-20,David Fleck,1008,Smugglers Notch Disc Golf Center - Fox Run,Fox Run Meadows Gold Tees,63,18,2,11:36:00,65,2,992,190,True,False,18,65,True,True,True
49945,2021,MPO,1,381146,70741,70741,993,Round 1,2021-06-20,Mark Chapalonis,,Smugglers Notch Disc Golf Center - Fox Run,Fox Run Meadows Gold Tees,63,18,3,13:36:00,66,3,985,187,True,False,18,66,True,True,True
49945,2021,MPO,1,381146,75027,75027,982,Round 1,2021-06-20,Raivis Markons-Craig,965,Smugglers Notch Disc Golf Center - Fox Run,Fox Run Meadows Gold Tees,63,18,1,12:36:00,66,3,985,198,True,False,18,66,True,True,True
49945,2021,MPO,1,381146,83995,83995,929,Round 1,2021-06-20,Jeffrey Yetter,,Smugglers Notch Disc Golf Center - Fox Run,Fox Run Meadows Gold Tees,63,18,3,12:48:00,66,3,985,209,True,False,18,66,True,True,True
49945,2021,MPO,1,381146,103627,103627,979,Round 1,2021-06-20,Clayton Davis,,Smugglers Notch Disc Golf Center - Fox Run,Fox Run Meadows Gold Tees,63,18,4,13:36:00,66,3,985,197,True,False,18,66,True,True,True
49945,2021,MPO,1,381146,35588,35588,970,Round 1,2021-06-20,Coleman E. Marcus,982,Smugglers Notch Disc Golf Center - Fox Run,Fox Run Meadows Gold Tees,63,18,1,11:24:00,67,4,978,199,True,False,18,67,True,True,True
49945,2021,MPO,1,381146,55953,55953,974,Round 1,2021-06-20,Finlay Buchanan-Jacobs,971,Smugglers Notch Disc Golf Center - Fox Run,Fox Run Meadows Gold Tees,63,18,2,14:00:00,67,4,978,200,True,False,18,67,True,True,True
49945,2021,MPO,1,381146,68908,68908,983,Round 1,2021-06-20,Jaimen Hume,980,Smugglers Notch Disc Golf Center - Fox Run,Fox Run Meadows Gold Tees,63,18,2,13:36:00,67,4,978,195,True,False,18,67,True,True,True
49945,2021,MPO,1,381146,74240,74240,934,Round 1,2021-06-20,Christopher Martin,962,Smugglers Notch Disc Golf Center - Fox Run,Fox Run Meadows Gold Tees,63,18,1,10:48:00,67,4,978,206,True,False,18,67,True,True,True
49945,2021,MPO,1,381146,76314,76314,922,Round 1,2021-06-20,Andrew Trayer,938,Smugglers Notch Disc Golf Center - Fox Run,Fox Run Meadows Gold Tees,63,18,2,12:36:00,67,4,978,214,True,False,18,67,True,True,True
49945,2021,MPO,1,381146,111424,111424,944,Round 1,2021-06-20,Dylan Spangenberg,962,Smugglers Notch Disc Golf Center - Fox Run,Fox Run Meadows Gold Tees,63,18,4,11:48:00,67,4,978,206,True,False,18,67,True,True,True
49945,2021,MPO,1,381146,49211,49211,933,Round 1,2021-06-20,Joe Bishop,930,Smugglers Notch Disc Golf Center - Fox Run,Fox Run Meadows Gold Tees,63,18,1,14:00:00,68,5,972,198,True,False,18,68,True,True,True
49945,2021,MPO,1,381146,81283,81283,975,Round 1,2021-06-20,Ronnie Bennett,968,Smugglers Notch Disc Golf Center - Fox Run,Fox Run Meadows Gold Tees,63,18,1,13:00:00,68,5,972,206,True,False,18,68,True,True,True
49945,2021,MPO,1,381146,84923,84923,959,Round 1,2021-06-20,Ryan Begley,976,Smugglers Notch Disc Golf Center - Fox Run,Fox Run Meadows Gold Tees,63,18,3,11:48:00,68,5,972,200,True,False,18,68,True,True,True
49945,2021,MPO,1,381146,88230,88230,927,Round 1,2021-06-20,Matthew Burnette,957,Smugglers Notch Disc Golf Center - Fox Run,Fox Run Meadows Gold Tees,63,18,4,12:24:00,68,5,972,208,True,False,18,68,True,True,True
49945,2021,MPO,1,381146,92435,92435,940,Round 1,2021-06-20,David Mahoney,983,Smugglers Notch Disc Golf Center - Fox Run,Fox Run Meadows Gold Tees,63,18,3,12:12:00,68,5,972,218,True,False,18,68,True,True,True
49945,2021,MPO,1,381146,120368,120368,935,Round 1,2021-06-20,Joseph Wegman,982,Smugglers Notch Disc Golf Center - Fox Run,Fox Run Meadows Gold Tees,63,18,3,13:48:00,68,5,972,203,True,False,18,68,True,True,True
49945,2021,MPO,1,381146,98364,98364,950,Round 1,2021-06-20,Keith Sykes,985,Smugglers Notch Disc Golf Center - Fox Run,Fox Run Meadows Gold Tees,63,18,2,12:00:00,69,6,965,195,True,False,18,69,True,True,True
49945,2021,MPO,1,381146,102250,102250,897,Round 1,2021-06-20,Zackary Parik,,Smugglers Notch Disc Golf Center - Fox Run,Fox Run Meadows Gold Tees,63,18,2,14:12:00,69,6,965,215,True,False,18,69,True,True,True
49945,2021,MPO,1,381146,28100,28100,977,Round 1,2021-06-20,Andrew Tabaczynski,,Smugglers Notch Disc Golf Center - Fox Run,Fox Run Meadows Gold Tees,63,18,2,14:24:00,70,7,958,211,True,False,18,70,True,True,True
49945,2021,MPO,1,381146,65365,65365,932,Round 1,2021-06-20,Adam Harris,933,Smugglers Notch Disc Golf Center - Fox Run,Fox Run Meadows Gold Tees,63,18,1,10:36:00,70,7,958,216,True,False,18,70,True,True,True
49945,2021,MPO,1,381146,65941,65941,941,Round 1,2021-06-20,Adam Abruzzi,950,Smugglers Notch Disc Golf Center - Fox Run,Fox Run Meadows Gold Tees,63,18,1,12:24:00,70,7,958,,True,False,18,70,True,True,True
49945,2021,MPO,1,381146,73624,73624,947,Round 1,2021-06-20,Tony DiMonte,963,Smugglers Notch Disc Golf Center - Fox Run,Fox Run Meadows Gold Tees,63,18,2,10:36:00,70,7,958,202,True,False,18,70,True,True,True
49945,2021,MPO,1,381146,81941,81941,918,Round 1,2021-06-20,Jordan Wagner,,Smugglers Notch Disc Golf Center - Fox Run,Fox Run Meadows Gold Tees,63,18,2,11:48:00,70,7,958,225,True,False,18,70,True,True,True
49945,2021,MPO,1,381146,94517,94517,959,Round 1,2021-06-20,Anthony Webb,973,Smugglers Notch Disc Golf Center - Fox Run,Fox Run Meadows Gold Tees,63,18,2,11:00:00,70,7,958,205,True,False,18,70,True,True,True
49945,2021,MPO,1,381146,101763,101763,901,Round 1,2021-06-20,Spencer Sutherland,917,Smugglers Notch Disc Golf Center - Fox Run,Fox Run Meadows Gold Tees,63,18,1,11:36:00,70,7,958,206,True,False,18,70,True,True,True
49945,2021,MPO,1,381146,109176,109176,967,Round 1,2021-06-20,Rory Duffy,,Smugglers Notch Disc Golf Center - Fox Run,Fox Run Meadows Gold Tees,63,18,3,14:12:00,70,7,958,200,True,False,18,70,True,True,True
49945,2021,MPO,1,381146,name:thomas cole,,,Round 1,2021-06-20,Thomas Cole,,Smugglers Notch Disc Golf Center - Fox Run,Fox Run Meadows Gold Tees,63,18,4,10:48:00,70,7,958,213,True,False,18,70,True,True,True
49945,2021,MPO,1,381146,90675,90675,970,Round 1,2021-06-20,Nathan Grimes,,Smugglers Notch Disc Golf Center - Fox Run,Fox Run Meadows Gold Tees,63,18,1,13:48:00,71,8,951,208,True,False,18,71,True,True,True
49945,2021,MPO,1,381146,91979,91979,976,Round 1,2021-06-20,Ryan Rhodes,,Smugglers Notch Disc Golf Center - Fox Run,Fox Run Meadows Gold Tees,63,18,2,12:12:00,71,8,951,196,True,False,18,71,True,True,True
49945,2021,MPO,1,381146,108989,108989,905,Round 1,2021-06-20,Erik Osborne,,Smugglers Notch Disc Golf Center - Fox Run,Fox Run Meadows Gold Tees,63,18,4,12:48:00,71,8,951,206,True,False,18,71,True,True,True
49945,2021,MPO,1,381146,130874,130874,920,Round 1,2021-06-20,Chris Rydel,942,Smugglers Notch Disc Golf Center - Fox Run,Fox Run Meadows Gold Tees,63,18,3,11:36:00,71,8,951,213,True,False,18,71,True,True,True
49945,2021,MPO,1,381146,109102,109102,932,Round 1,2021-06-20,Matthew Eldredge,958,Smugglers Notch Disc Golf Center - Fox Run,Fox Run Meadows Gold Tees,63,18,1,14:24:00,72,9,944,212,True,False,18,72,True,True,True
49945,2021,MPO,1,381146,110649,110649,966,Round 1,2021-06-20,Taylor English,,Smugglers Notch Disc Golf Center - Fox Run,Fox Run Meadows Gold Tees,63,18,3,11:00:00,72,9,944,200,True,False,18,72,True,True,True
49945,2021,MPO,1,381146,95343,95343,959,Round 1,2021-06-20,Dylan Adjutant,962,Smugglers Notch Disc Golf Center - Fox Run,Fox Run Meadows Gold Tees,63,18,2,10:48:00,73,10,937,207,True,False,18,73,True,True,True
49945,2021,MPO,1,381146,102895,102895,940,Round 1,2021-06-20,Quinten Scott,,Smugglers Notch Disc Golf Center - Fox Run,Fox Run Meadows Gold Tees,63,18,3,12:00:00,73,10,937,211,True,False,18,73,True,True,True
49945,2021,MPO,1,381146,114674,114674,911,Round 1,2021-06-20,Jordan Lamson,,Smugglers Notch Disc Golf Center - Fox Run,Fox Run Meadows Gold Tees,63,18,2,11:24:00,73,10,937,222,True,False,18,73,True,True,True
49945,2021,MPO,1,381146,134979,134979,939,Round 1,2021-06-20,Jack Conant,,Smugglers Notch Disc Golf Center - Fox Run,Fox Run Meadows Gold Tees,63,18,3,11:24:00,73,10,937,204,True,False,18,73,True,True,True
49945,2021,MPO,1,381146,59129,59129,961,Round 1,2021-06-20,Kealan Dunne,986,Smugglers Notch Disc Golf Center - Fox Run,Fox Run Meadows Gold Tees,63,18,1,13:12:00,74,11,930,204,True,False,18,74,True,True,True
49945,2021,MPO,1,381146,69968,69968,971,Round 1,2021-06-20,Samuel Streeter,977,Smugglers Notch Disc Golf Center - Fox Run,Fox Run Meadows Gold Tees,63,18,2,13:24:00,74,11,930,205,True,False,18,74,True,True,True
49945,2021,MPO,1,381146,82889,82889,972,Round 1,2021-06-20,Billy Crane,,Smugglers Notch Disc Golf Center - Fox Run,Fox Run Meadows Gold Tees,63,18,1,11:12:00,74,11,930,214,True,False,18,74,True,True,True
49945,2021,MPO,1,381146,101829,101829,933,Round 1,2021-06-20,Joshua Storgaard,,Smugglers Notch Disc Golf Center - Fox Run,Fox Run Meadows Gold Tees,63,18,2,13:00:00,74,11,930,228,True,False,18,74,True,True,True
49945,2021,MPO,1,381146,173017,173017,928,Round 1,2021-06-20,Zachary Taylor,,Smugglers Notch Disc Golf Center - Fox Run,Fox Run Meadows Gold Tees,63,18,4,11:12:00,74,11,930,213,True,False,18,74,True,True,True
49945,2021,MPO,1,381146,53718,53718,944,Round 1,2021-06-20,Nicholas Ailes,,Smugglers Notch Disc Golf Center - Fox Run,Fox Run Meadows Gold Tees,63,18,1,12:12:00,75,12,923,205,True,False,18,75,True,True,True
49945,2021,MPO,1,381146,82340,82340,901,Round 1,2021-06-20,Justin Leonard,912,Smugglers Notch Disc Golf Center - Fox Run,Fox Run Meadows Gold Tees,63,18,3,10:36:00,75,12,923,229,True,False,18,75,True,True,True
49945,2021,MPO,1,381146,136903,136903,953,Round 1,2021-06-20,Alex Ferguson,957,Smugglers Notch Disc Golf Center - Fox Run,Fox Run Meadows Gold Tees,63,18,4,11:36:00,76,13,916,217,True,False,18,76,True,True,True
49945,2021,MPO,1,381146,34159,34159,973,Round 1,2021-06-20,Sandy Redd,954,Smugglers Notch Disc Golf Center - Fox Run,Fox Run Meadows Gold Tees,63,18,3,14:24:00,77,14,909,214,True,False,18,77,True,True,True
49945,2021,MPO,1,381146,49220,49220,945,Round 1,2021-06-20,Nick Walker,,Smugglers Notch Disc Golf Center - Fox Run,Fox Run Meadows Gold Tees,63,18,1,13:36:00,77,14,909,211,True,False,18,77,True,True,True
49945,2021,MPO,1,381146,name:peter blais,,,Round 1,2021-06-20,Peter Blais,,Smugglers Notch Disc Golf Center - Fox Run,Fox Run Meadows Gold Tees,63,18,4,13:24:00,77,14,909,230,True,False,18,77,True,True,True
49945,2021,MPO,1,381146,name:isaacson kipp,,,Round 1,2021-06-20,Isaacson Kipp,,Smugglers Notch Disc Golf Center - Fox Run,Fox Run Meadows Gold Tees,63,18,4,13:12:00,78,15,902,215,True,False,18,78,True,True,True
49945,2021,MPO,1,381146,86590,86590,900,Round 1,2021-06-20,Michael Santos,944,Smugglers Notch Disc Golf Center - Fox Run,Fox Run Meadows Gold Tees,63,18,3,12:36:00,79,16,895,,True,False,18,79,True,True,True
49945,2021,MPO,1,381146,161558,161558,923,Round 1,2021-06-20,Brad Schott,994,Smugglers Notch Disc Golf Center - Fox Run,Fox Run Meadows Gold Tees,63,18,4,14:24:00,80,17,888,222,True,False,18,80,True,True,True
49945,2021,MPO,1,381146,42604,42604,918,Round 1,2021-06-20,Alan MacLean,,Smugglers Notch Disc Golf Center - Fox Run,Fox Run Meadows Gold Tees,63,18,1,12:48:00,81,18,881,227,True,False,18,81,True,True,True
49945,2021,MPO,1,381146,76761,76761,977,Round 1,2021-06-20,Jason Koczeniak,923,Smugglers Notch Disc Golf Center - Fox Run,Fox Run Meadows Gold Tees,63,18,4,10:36:00,82,19,874,223,True,False,18,82,True,True,True
49945,2021,MPO,1,381146,87694,87694,910,Round 1,2021-06-20,Jack Brosius,,Smugglers Notch Disc Golf Center - Fox Run,Fox Run Meadows Gold Tees,63,18,1,12:00:00,82,19,874,226,True,False,18,82,True,True,True
49945,2021,MPO,1,381146,83156,83156,962,Round 1,2021-06-20,Edwin Bedell,,Smugglers Notch Disc Golf Center - Fox Run,Fox Run Meadows Gold Tees,63,18,3,13:12:00,83,20,867,218,True,False,18,83,True,True,True
49945,2021,MPO,1,381146,100341,100341,921,Round 1,2021-06-20,Kevin Avery,,Smugglers Notch Disc Golf Center - Fox Run,Fox Run Meadows Gold Tees,63,18,4,12:12:00,83,20,867,227,True,False,18,83,True,True,True
49945,2021,MPO,1,381146,140874,140874,952,Round 1,2021-06-20,Hunter Martin,953,Smugglers Notch Disc Golf Center - Fox Run,Fox Run Meadows Gold Tees,63,18,4,12:00:00,83,20,867,223,True,False,18,83,True,True,True
49945,2021,MPO,1,381146,85036,85036,896,Round 1,2021-06-20,Nolan Power,,Smugglers Notch Disc Golf Center - Fox Run,Fox Run Meadows Gold Tees,63,18,1,14:12:00,84,21,860,236,True,False,18,84,True,True,True
49945,2021,MPO,1,381146,107234,107234,908,Round 1,2021-06-20,Sebastian Marshall,,Smugglers Notch Disc Golf Center - Fox Run,Fox Run Meadows Gold Tees,63,18,3,12:24:00,88,25,832,250,True,False,18,88,True,True,True
49945,2021,MPO,2,381106,86089,86089,1007,Round 2,2021-06-20,Josh DiBattista,1000,Smugglers Notch Disc Golf Center - Brewster Ridge,Brewster Ridge Gold Tees,61,18,1,13:24:00,59,-2,1004,177,True,False,18,59,True,True,True
49945,2021,MPO,2,381106,60666,60666,985,Round 2,2021-06-20,Christian Olsen,967,Smugglers Notch Disc Golf Center - Brewster Ridge,Brewster Ridge Gold Tees,61,18,2,13:00:00,58,-3,1012,185,True,False,18,58,True,True,True
49945,2021,MPO,2,381106,70741,70741,993,Round 2,2021-06-20,Mark Chapalonis,,Smugglers Notch Disc Golf Center - Brewster Ridge,Brewster Ridge Gold Tees,61,18,1,12:36:00,57,-4,1020,187,True,False,18,57,True,True,True
49945,2021,MPO,2,381106,56602,56602,959,Round 2,2021-06-20,John Buonsanto,968,Smugglers Notch Disc Golf Center - Brewster Ridge,Brewster Ridge Gold Tees,61,18,1,12:48:00,59,-2,1004,187,True,False,18,59,True,True,True
49945,2021,MPO,2,381106,129332,129332,978,Round 2,2021-06-20,David Fleck,1008,Smugglers Notch Disc Golf Center - Brewster Ridge,Brewster Ridge Gold Tees,61,18,4,12:48:00,59,-2,1004,190,True,False,18,59,True,True,True
49945,2021,MPO,2,381106,31710,31710,973,Round 2,2021-06-20,Matt Odenwelder,,Smugglers Notch Disc Golf Center - Brewster Ridge,Brewster Ridge Gold Tees,61,18,1,13:00:00,61,0,988,189,True,False,18,61,True,True,True
49945,2021,MPO,2,381106,80359,80359,968,Round 2,2021-06-20,Cody White,985,Smugglers Notch Disc Golf Center - Brewster Ridge,Brewster Ridge Gold Tees,61,18,3,13:00:00,61,0,988,190,True,False,18,61,True,True,True
49945,2021,MPO,2,381106,94450,94450,961,Round 2,2021-06-20,Brendan Rollins,958,Smugglers Notch Disc Golf Center - Brewster Ridge,Brewster Ridge Gold Tees,61,18,2,13:24:00,65,4,957,190,True,False,18,65,True,True,True
49945,2021,MPO,2,381106,122655,122655,983,Round 2,2021-06-20,Dylan Capaccioli,1025,Smugglers Notch Disc Golf Center - Brewster Ridge,Brewster Ridge Gold Tees,61,18,3,13:24:00,65,4,957,191,True,False,18,65,True,True,True
49945,2021,MPO,2,381106,129083,129083,969,Round 2,2021-06-20,Riley Douglas,953,Smugglers Notch Disc Golf Center - Brewster Ridge,Brewster Ridge Gold Tees,61,18,3,12:48:00,61,0,988,188,True,False,18,61,True,True,True
49945,2021,MPO,2,381106,75861,75861,971,Round 2,2021-06-20,Charlie Veysey,978,Smugglers Notch Disc Golf Center - Brewster Ridge,Brewster Ridge Gold Tees,61,18,2,12:48:00,62,1,981,191,True,False,18,62,True,True,True
49945,2021,MPO,2,381106,103402,103402,970,Round 2,2021-06-20,Alex Vigeant,972,Smugglers Notch Disc Golf Center - Brewster Ridge,Brewster Ridge Gold Tees,61,18,4,13:12:00,64,3,965,191,True,False,18,64,True,True,True
49945,2021,MPO,2,381106,143853,143853,971,Round 2,2021-06-20,Elijah Rider Brandt,1012,Smugglers Notch Disc Golf Center - Brewster Ridge,Brewster Ridge Gold Tees,61,18,4,13:24:00,66,5,949,194,True,False,18,66,True,True,True
49945,2021,MPO,2,381106,49211,49211,933,Round 2,2021-06-20,Joe Bishop,930,Smugglers Notch Disc Golf Center - Brewster Ridge,Brewster Ridge Gold Tees,61,18,3,12:12:00,60,-1,996,198,True,False,18,60,True,True,True
49945,2021,MPO,2,381106,68908,68908,983,Round 2,2021-06-20,Jaimen Hume,980,Smugglers Notch Disc Golf Center - Brewster Ridge,Brewster Ridge Gold Tees,61,18,3,12:24:00,61,0,988,195,True,False,18,61,True,True,True
49945,2021,MPO,2,381106,91979,91979,976,Round 2,2021-06-20,Ryan Rhodes,,Smugglers Notch Disc Golf Center - Brewster Ridge,Brewster Ridge Gold Tees,61,18,1,11:12:00,58,-3,1012,196,True,False,18,58,True,True,True
49945,2021,MPO,2,381106,81174,81174,986,Round 2,2021-06-20,Carson Reber,975,Smugglers Notch Disc Golf Center - Brewster Ridge,Brewster Ridge Gold Tees,61,18,4,13:00:00,65,4,957,197,True,False,18,65,True,True,True
49945,2021,MPO,2,381106,76811,76811,973,Round 2,2021-06-20,Able Virgile,,Smugglers Notch Disc Golf Center - Brewster Ridge,Brewster Ridge Gold Tees,61,18,1,13:12:00,67,6,941,199,True,False,18,67,True,True,True
49945,2021,MPO,2,381106,98364,98364,950,Round 2,2021-06-20,Keith Sykes,985,Smugglers Notch Disc Golf Center - Brewster Ridge,Brewster Ridge Gold Tees,61,18,1,11:48:00,61,0,988,195,True,False,18,61,True,True,True
49945,2021,MPO,2,381106,75027,75027,982,Round 2,2021-06-20,Raivis Markons-Craig,965,Smugglers Notch Disc Golf Center - Brewster Ridge,Brewster Ridge Gold Tees,61,18,2,12:36:00,64,3,965,198,True,False,18,64,True,True,True
49945,2021,MPO,2,381106,109176,109176,967,Round 2,2021-06-20,Rory Duffy,,Smugglers Notch Disc Golf Center - Brewster Ridge,Brewster Ridge Gold Tees,61,18,2,11:24:00,61,0,988,200,True,False,18,61,True,True,True
49945,2021,MPO,2,381106,84923,84923,959,Round 2,2021-06-20,Ryan Begley,976,Smugglers Notch Disc Golf Center - Brewster Ridge,Brewster Ridge Gold Tees,61,18,1,12:00:00,63,2,973,200,True,False,18,63,True,True,True
49945,2021,MPO,2,381106,55953,55953,974,Round 2,2021-06-20,Finlay Buchanan-Jacobs,971,Smugglers Notch Disc Golf Center - Brewster Ridge,Brewster Ridge Gold Tees,61,18,2,12:24:00,64,3,965,200,True,False,18,64,True,True,True
49945,2021,MPO,2,381106,103627,103627,979,Round 2,2021-06-20,Clayton Davis,,Smugglers Notch Disc Golf Center - Brewster Ridge,Brewster Ridge Gold Tees,61,18,4,12:36:00,65,4,957,197,True,False,18,65,True,True,True
49945,2021,MPO,2,381106,144011,144011,956,Round 2,2021-06-20,Kamil Skwarek,,Smugglers Notch Disc Golf Center - Brewster Ridge,Brewster Ridge Gold Tees,61,18,3,13:12:00,69,8,925,195,True,False,18,69,True,True,True
49945,2021,MPO,2,381106,110649,110649,966,Round 2,2021-06-20,Taylor English,,Smugglers Notch Disc Golf Center - Brewster Ridge,Brewster Ridge Gold Tees,61,18,1,11:00:00,61,0,988,200,True,False,18,61,True,True,True
49945,2021,MPO,2,381106,101763,101763,901,Round 2,2021-06-20,Spencer Sutherland,917,Smugglers Notch Disc Golf Center - Brewster Ridge,Brewster Ridge Gold Tees,61,18,1,11:24:00,63,2,973,206,True,False,18,63,True,True,True
49945,2021,MPO,2,381106,81283,81283,975,Round 2,2021-06-20,Ronnie Bennett,968,Smugglers Notch Disc Golf Center - Brewster Ridge,Brewster Ridge Gold Tees,61,18,4,12:12:00,65,4,957,206,True,False,18,65,True,True,True
49945,2021,MPO,2,381106,120368,120368,935,Round 2,2021-06-20,Joseph Wegman,982,Smugglers Notch Disc Golf Center - Brewster Ridge,Brewster Ridge Gold Tees,61,18,4,12:00:00,66,5,949,203,True,False,18,66,True,True,True
49945,2021,MPO,2,381106,104020,104020,978,Round 2,2021-06-20,Vaughn Hultgren,936,Smugglers Notch Disc Golf Center - Brewster Ridge,Brewster Ridge Gold Tees,61,18,2,13:12:00,72,11,901,211,True,False,18,72,True,True,True
49945,2021,MPO,2,381106,59129,59129,961,Round 2,2021-06-20,Kealan Dunne,986,Smugglers Notch Disc Golf Center - Brewster Ridge,Brewster Ridge Gold Tees,61,18,2,10:48:00,61,0,988,204,True,False,18,61,True,True,True
49945,2021,MPO,2,381106,95343,95343,959,Round 2,2021-06-20,Dylan Adjutant,962,Smugglers Notch Disc Golf Center - Brewster Ridge,Brewster Ridge Gold Tees,61,18,2,11:00:00,63,2,973,207,True,False,18,63,True,True,True
49945,2021,MPO,2,381106,73624,73624,947,Round 2,2021-06-20,Tony DiMonte,963,Smugglers Notch Disc Golf Center - Brewster Ridge,Brewster Ridge Gold Tees,61,18,2,11:36:00,66,5,949,202,True,False,18,66,True,True,True
49945,2021,MPO,2,381106,35588,35588,970,Round 2,2021-06-20,Coleman E. Marcus,982,Smugglers Notch Disc Golf Center - Brewster Ridge,Brewster Ridge Gold Tees,61,18,1,12:24:00,69,8,925,199,True,False,18,69,True,True,True
49945,2021,MPO,2,381106,74240,74240,934,Round 2,2021-06-20,Christopher Martin,962,Smugglers Notch Disc Golf Center - Brewster Ridge,Brewster Ridge Gold Tees,61,18,4,12:24:00,69,8,925,206,True,False,18,69,True,True,True
49945,2021,MPO,2,381106,69968,69968,971,Round 2,2021-06-20,Samuel Streeter,977,Smugglers Notch Disc Golf Center - Brewster Ridge,Brewster Ridge Gold Tees,61,18,3,10:48:00,63,2,973,205,True,False,18,63,True,True,True
49945,2021,MPO,2,381106,109102,109102,932,Round 2,2021-06-20,Matthew Eldredge,958,Smugglers Notch Disc Golf Center - Brewster Ridge,Brewster Ridge Gold Tees,61,18,4,11:12:00,65,4,957,212,True,False,18,65,True,True,True
49945,2021,MPO,2,381106,65365,65365,932,Round 2,2021-06-20,Adam Harris,933,Smugglers Notch Disc Golf Center - Brewster Ridge,Brewster Ridge Gold Tees,61,18,4,11:48:00,68,7,933,216,True,False,18,68,True,True,True
49945,2021,MPO,2,381106,88230,88230,927,Round 2,2021-06-20,Matthew Burnette,957,Smugglers Notch Disc Golf Center - Brewster Ridge,Brewster Ridge Gold Tees,61,18,2,12:00:00,70,9,917,208,True,False,18,70,True,True,True
49945,2021,MPO,2,381106,111424,111424,944,Round 2,2021-06-20,Dylan Spangenberg,962,Smugglers Notch Disc Golf Center - Brewster Ridge,Brewster Ridge Gold Tees,61,18,2,12:12:00,71,10,909,206,True,False,18,71,True,True,True
49945,2021,MPO,2,381106,83995,83995,929,Round 2,2021-06-20,Jeffrey Yetter,,Smugglers Notch Disc Golf Center - Brewster Ridge,Brewster Ridge Gold Tees,61,18,3,12:36:00,72,11,901,209,True,False,18,72,True,True,True
49945,2021,MPO,2,381106,101829,101829,933,Round 2,2021-06-20,Joshua Storgaard,,Smugglers Notch Disc Golf Center - Brewster Ridge,Brewster Ridge Gold Tees,61,18,1,10:36:00,65,4,957,228,True,False,18,65,True,True,True
49945,2021,MPO,2,381106,102895,102895,940,Round 2,2021-06-20,Quinten Scott,,Smugglers Notch Disc Golf Center - Brewster Ridge,Brewster Ridge Gold Tees,61,18,3,11:00:00,66,5,949,211,True,False,18,66,True,True,True
49945,2021,MPO,2,381106,94517,94517,959,Round 2,2021-06-20,Anthony Webb,973,Smugglers Notch Disc Golf Center - Brewster Ridge,Brewster Ridge Gold Tees,61,18,4,11:36:00,69,8,925,205,True,False,18,69,True,True,True
49945,2021,MPO,2,381106,name:thomas cole,,,Round 2,2021-06-20,Thomas Cole,,Smugglers Notch Disc Golf Center - Brewster Ridge,Brewster Ridge Gold Tees,61,18,3,11:24:00,69,8,925,213,True,False,18,69,True,True,True
49945,2021,MPO,2,381106,76314,76314,922,Round 2,2021-06-20,Andrew Trayer,938,Smugglers Notch Disc Golf Center - Brewster Ridge,Brewster Ridge Gold Tees,61,18,1,12:12:00,72,11,901,214,True,False,18,72,True,True,True
49945,2021,MPO,2,381106,53718,53718,944,Round 2,2021-06-20,Nicholas Ailes,,Smugglers Notch Disc Golf Center - Brewster Ridge,Brewster Ridge Gold Tees,61,18,3,10:36:00,65,4,957,205,True,False,18,65,True,True,True
49945,2021,MPO,2,381106,82889,82889,972,Round 2,2021-06-20,Billy Crane,,Smugglers Notch Disc Golf Center - Brewster Ridge,Brewster Ridge Gold Tees,61,18,4,10:48:00,66,5,949,214,True,False,18,66,True,True,True
49945,2021,MPO,2,381106,114674,114674,911,Round 2,2021-06-20,Jordan Lamson,,Smugglers Notch Disc Golf Center - Brewster Ridge,Brewster Ridge Gold Tees,61,18,4,11:00:00,67,6,941,222,True,False,18,67,True,True,True
49945,2021,MPO,2,381106,134979,134979,939,Round 2,2021-06-20,Jack Conant,,Smugglers Notch Disc Golf Center - Brewster Ridge,Brewster Ridge Gold Tees,61,18,1,10:48:00,67,6,941,204,True,False,18,67,True,True,True
49945,2021,MPO,2,381106,90675,90675,970,Round 2,2021-06-20,Nathan Grimes,,Smugglers Notch Disc Golf Center - Brewster Ridge,Brewster Ridge Gold Tees,61,18,4,11:24:00,69,8,925,208,True,False,18,69,True,True,True
49945,2021,MPO,2,381106,173017,173017,928,Round 2,2021-06-20,Zachary Taylor,,Smugglers Notch Disc Golf Center - Brewster Ridge,Brewster Ridge Gold Tees,61,18,2,10:36:00,67,6,941,213,True,False,18,67,True,True,True
49945,2021,MPO,2,381106,108989,108989,905,Round 2,2021-06-20,Erik Osborne,,Smugglers Notch Disc Golf Center - Brewster Ridge,Brewster Ridge Gold Tees,61,18,2,11:12:00,70,9,917,206,True,False,18,70,True,True,True
49945,2021,MPO,2,381106,49220,49220,945,Round 2,2021-06-20,Nick Walker,,Smugglers Notch Disc Golf Center - Brewster Ridge,Brewster Ridge Gold Tees,61,18,3,10:24:00,65,4,957,211,True,False,18,65,True,True,True
49945,2021,MPO,2,381106,28100,28100,977,Round 2,2021-06-20,Andrew Tabaczynski,,Smugglers Notch Disc Golf Center - Brewster Ridge,Brewster Ridge Gold Tees,61,18,3,11:48:00,72,11,901,211,True,False,18,72,True,True,True
49945,2021,MPO,2,381106,65941,65941,941,Round 2,2021-06-20,Adam Abruzzi,950,Smugglers Notch Disc Golf Center - Brewster Ridge,Brewster Ridge Gold Tees,61,18,1,11:36:00,72,11,901,,True,False,18,72,True,True,True
49945,2021,MPO,2,381106,81941,81941,918,Round 2,2021-06-20,Jordan Wagner,,Smugglers Notch Disc Golf Center - Brewster Ridge,Brewster Ridge Gold Tees,61,18,3,11:36:00,72,11,901,225,True,False,18,72,True,True,True
49945,2021,MPO,2,381106,92435,92435,940,Round 2,2021-06-20,David Mahoney,983,Smugglers Notch Disc Golf Center - Brewster Ridge,Brewster Ridge Gold Tees,61,18,3,12:00:00,74,13,885,218,True,False,18,74,True,True,True
49945,2021,MPO,2,381106,34159,34159,973,Round 2,2021-06-20,Sandy Redd,954,Smugglers Notch Disc Golf Center - Brewster Ridge,Brewster Ridge Gold Tees,61,18,2,10:24:00,66,5,949,214,True,False,18,66,True,True,True
49945,2021,MPO,2,381106,130874,130874,920,Round 2,2021-06-20,Chris Rydel,942,Smugglers Notch Disc Golf Center - Brewster Ridge,Brewster Ridge Gold Tees,61,18,3,11:12:00,72,11,901,213,True,False,18,72,True,True,True
49945,2021,MPO,2,381106,name:isaacson kipp,,,Round 2,2021-06-20,Isaacson Kipp,,Smugglers Notch Disc Golf Center - Brewster Ridge,Brewster Ridge Gold Tees,61,18,1,10:12:00,66,5,949,215,True,False,18,66,True,True,True
49945,2021,MPO,2,381106,136903,136903,953,Round 2,2021-06-20,Alex Ferguson,957,Smugglers Notch Disc Golf Center - Brewster Ridge,Brewster Ridge Gold Tees,61,18,1,10:24:00,68,7,933,217,True,False,18,68,True,True,True
49945,2021,MPO,2,381106,102250,102250,897,Round 2,2021-06-20,Zackary Parik,,Smugglers Notch Disc Golf Center - Brewster Ridge,Brewster Ridge Gold Tees,61,18,2,11:48:00,76,15,869,215,True,False,18,76,True,True,True
49945,2021,MPO,2,381106,83156,83156,962,Round 2,2021-06-20,Edwin Bedell,,Smugglers Notch Disc Golf Center - Brewster Ridge,Brewster Ridge Gold Tees,61,18,3,10:00:00,63,2,973,218,True,False,18,63,True,True,True
49945,2021,MPO,2,381106,161558,161558,923,Round 2,2021-06-20,Brad Schott,994,Smugglers Notch Disc Golf Center - Brewster Ridge,Brewster Ridge Gold Tees,61,18,3,10:12:00,66,5,949,222,True,False,18,66,True,True,True
49945,2021,MPO,2,381106,82340,82340,901,Round 2,2021-06-20,Justin Leonard,912,Smugglers Notch Disc Golf Center - Brewster Ridge,Brewster Ridge Gold Tees,61,18,4,10:36:00,72,11,901,229,True,False,18,72,True,True,True
49945,2021,MPO,2,381106,76761,76761,977,Round 2,2021-06-20,Jason Koczeniak,923,Smugglers Notch Disc Golf Center - Brewster Ridge,Brewster Ridge Gold Tees,61,18,1,10:00:00,66,5,949,223,True,False,18,66,True,True,True
49945,2021,MPO,2,381106,name:peter blais,,,Round 2,2021-06-20,Peter Blais,,Smugglers Notch Disc Golf Center - Brewster Ridge,Brewster Ridge Gold Tees,61,18,4,10:24:00,72,11,901,230,True,False,18,72,True,True,True
49945,2021,MPO,2,381106,87694,87694,910,Round 2,2021-06-20,Jack Brosius,,Smugglers Notch Disc Golf Center - Brewster Ridge,Brewster Ridge Gold Tees,61,18,2,10:00:00,68,7,933,226,True,False,18,68,True,True,True
49945,2021,MPO,2,381106,100341,100341,921,Round 2,2021-06-20,Kevin Avery,,Smugglers Notch Disc Golf Center - Brewster Ridge,Brewster Ridge Gold Tees,61,18,4,10:00:00,69,8,925,227,True,False,18,69,True,True,True
49945,2021,MPO,2,381106,42604,42604,918,Round 2,2021-06-20,Alan MacLean,,Smugglers Notch Disc Golf Center - Brewster Ridge,Brewster Ridge Gold Tees,61,18,4,10:12:00,72,11,901,227,True,False,18,72,True,True,True
49945,2021,MPO,2,381106,86590,86590,900,Round 2,2021-06-20,Michael Santos,944,Smugglers Notch Disc Golf Center - Brewster Ridge,Brewster Ridge Gold Tees,61,18,2,10:12:00,74,13,885,,True,False,18,74,True,True,True
49945,2021,MPO,2,381106,140874,140874,952,Round 2,2021-06-20,Hunter Martin,953,Smugglers Notch Disc Golf Center - Brewster Ridge,Brewster Ridge Gold Tees,61,18,1,09:48:00,73,12,893,223,True,False,18,73,True,True,True
49945,2021,MPO,2,381106,85036,85036,896,Round 2,2021-06-20,Nolan Power,,Smugglers Notch Disc Golf Center - Brewster Ridge,Brewster Ridge Gold Tees,61,18,2,09:48:00,75,14,877,236,True,False,18,75,True,True,True
49945,2021,MPO,2,381106,107234,107234,908,Round 2,2021-06-20,Sebastian Marshall,,Smugglers Notch Disc Golf Center - Brewster Ridge,Brewster Ridge Gold Tees,61,18,3,09:48:00,74,13,885,250,True,False,18,74,True,True,True
49945,2021,MPO,3,381146,86089,86089,1007,Round 3,2021-06-20,Josh DiBattista,1000,Smugglers Notch Disc Golf Center - Fox Run,Fox Run Meadows Gold Tees,63,18,1,13:24:00,59,-4,1034,177,True,False,18,59,True,True,True
49945,2021,MPO,3,381146,60666,60666,985,Round 3,2021-06-20,Christian Olsen,967,Smugglers Notch Disc Golf Center - Fox Run,Fox Run Meadows Gold Tees,63,18,2,13:24:00,63,0,1006,185,True,False,18,63,True,True,True
49945,2021,MPO,3,381146,56602,56602,959,Round 3,2021-06-20,John Buonsanto,968,Smugglers Notch Disc Golf Center - Fox Run,Fox Run Meadows Gold Tees,63,18,4,13:24:00,63,0,1006,187,True,False,18,63,True,True,True
49945,2021,MPO,3,381146,70741,70741,993,Round 3,2021-06-20,Mark Chapalonis,,Smugglers Notch Disc Golf Center - Fox Run,Fox Run Meadows Gold Tees,63,18,3,13:24:00,64,1,999,187,True,False,18,64,True,True,True
49945,2021,MPO,3,381146,129083,129083,969,Round 3,2021-06-20,Riley Douglas,953,Smugglers Notch Disc Golf Center - Fox Run,Fox Run Meadows Gold Tees,63,18,2,13:00:00,62,-1,1013,188,True,False,18,62,True,True,True
49945,2021,MPO,3,381146,31710,31710,973,Round 3,2021-06-20,Matt Odenwelder,,Smugglers Notch Disc Golf Center - Fox Run,Fox Run Meadows Gold Tees,63,18,2,13:12:00,64,1,999,189,True,False,18,64,True,True,True
49945,2021,MPO,3,381146,80359,80359,968,Round 3,2021-06-20,Cody White,985,Smugglers Notch Disc Golf Center - Fox Run,Fox Run Meadows Gold Tees,63,18,3,13:12:00,65,2,992,190,True,False,18,65,True,True,True
49945,2021,MPO,3,381146,94450,94450,961,Round 3,2021-06-20,Brendan Rollins,958,Smugglers Notch Disc Golf Center - Fox Run,Fox Run Meadows Gold Tees,63,18,4,13:12:00,65,2,992,190,True,False,18,65,True,True,True
49945,2021,MPO,3,381146,129332,129332,978,Round 3,2021-06-20,David Fleck,1008,Smugglers Notch Disc Golf Center - Fox Run,Fox Run Meadows Gold Tees,63,18,1,13:12:00,66,3,985,190,True,False,18,66,True,True,True
49945,2021,MPO,3,381146,75861,75861,971,Round 3,2021-06-20,Charlie Veysey,978,Smugglers Notch Disc Golf Center - Fox Run,Fox Run Meadows Gold Tees,63,18,3,13:00:00,64,1,999,191,True,False,18,64,True,True,True
49945,2021,MPO,3,381146,103402,103402,970,Round 3,2021-06-20,Alex Vigeant,972,Smugglers Notch Disc Golf Center - Fox Run,Fox Run Meadows Gold Tees,63,18,4,13:00:00,64,1,999,191,True,False,18,64,True,True,True
49945,2021,MPO,3,381146,122655,122655,983,Round 3,2021-06-20,Dylan Capaccioli,1025,Smugglers Notch Disc Golf Center - Fox Run,Fox Run Meadows Gold Tees,63,18,1,13:00:00,66,3,985,191,True,False,18,66,True,True,True
49945,2021,MPO,3,381146,143853,143853,971,Round 3,2021-06-20,Elijah Rider Brandt,1012,Smugglers Notch Disc Golf Center - Fox Run,Fox Run Meadows Gold Tees,63,18,1,12:48:00,67,4,978,194,True,False,18,67,True,True,True
49945,2021,MPO,3,381146,144011,144011,956,Round 3,2021-06-20,Kamil Skwarek,,Smugglers Notch Disc Golf Center - Fox Run,Fox Run Meadows Gold Tees,63,18,1,12:12:00,64,1,999,195,True,False,18,64,True,True,True
49945,2021,MPO,3,381146,98364,98364,950,Round 3,2021-06-20,Keith Sykes,985,Smugglers Notch Disc Golf Center - Fox Run,Fox Run Meadows Gold Tees,63,18,3,12:36:00,65,2,992,195,True,False,18,65,True,True,True
49945,2021,MPO,3,381146,68908,68908,983,Round 3,2021-06-20,Jaimen Hume,980,Smugglers Notch Disc Golf Center - Fox Run,Fox Run Meadows Gold Tees,63,18,3,12:48:00,67,4,978,195,True,False,18,67,True,True,True
49945,2021,MPO,3,381146,91979,91979,976,Round 3,2021-06-20,Ryan Rhodes,,Smugglers Notch Disc Golf Center - Fox Run,Fox Run Meadows Gold Tees,63,18,4,12:48:00,67,4,978,196,True,False,18,67,True,True,True
49945,2021,MPO,3,381146,103627,103627,979,Round 3,2021-06-20,Clayton Davis,,Smugglers Notch Disc Golf Center - Fox Run,Fox Run Meadows Gold Tees,63,18,4,12:24:00,66,3,985,197,True,False,18,66,True,True,True
49945,2021,MPO,3,381146,81174,81174,986,Round 3,2021-06-20,Carson Reber,975,Smugglers Notch Disc Golf Center - Fox Run,Fox Run Meadows Gold Tees,63,18,1,12:36:00,68,5,972,197,True,False,18,68,True,True,True
49945,2021,MPO,3,381146,75027,75027,982,Round 3,2021-06-20,Raivis Markons-Craig,965,Smugglers Notch Disc Golf Center - Fox Run,Fox Run Meadows Gold Tees,63,18,4,12:36:00,68,5,972,198,True,False,18,68,True,True,True
49945,2021,MPO,3,381146,49211,49211,933,Round 3,2021-06-20,Joe Bishop,930,Smugglers Notch Disc Golf Center - Fox Run,Fox Run Meadows Gold Tees,63,18,2,12:48:00,70,7,958,198,True,False,18,70,True,True,True
49945,2021,MPO,3,381146,35588,35588,970,Round 3,2021-06-20,Coleman E. Marcus,982,Smugglers Notch Disc Golf Center - Fox Run,Fox Run Meadows Gold Tees,63,18,2,11:48:00,63,0,1006,199,True,False,18,63,True,True,True
49945,2021,MPO,3,381146,76811,76811,973,Round 3,2021-06-20,Able Virgile,,Smugglers Notch Disc Golf Center - Fox Run,Fox Run Meadows Gold Tees,63,18,2,12:36:00,70,7,958,199,True,False,18,70,True,True,True
49945,2021,MPO,3,381146,110649,110649,966,Round 3,2021-06-20,Taylor English,,Smugglers Notch Disc Golf Center - Fox Run,Fox Run Meadows Gold Tees,63,18,2,12:12:00,67,4,978,200,True,False,18,67,True,True,True
49945,2021,MPO,3,381146,109176,109176,967,Round 3,2021-06-20,Rory Duffy,,Smugglers Notch Disc Golf Center - Fox Run,Fox Run Meadows Gold Tees,63,18,1,12:24:00,69,6,965,200,True,False,18,69,True,True,True
49945,2021,MPO,3,381146,84923,84923,959,Round 3,2021-06-20,Ryan Begley,976,Smugglers Notch Disc Golf Center - Fox Run,Fox Run Meadows Gold Tees,63,18,2,12:24:00,69,6,965,200,True,False,18,69,True,True,True
49945,2021,MPO,3,381146,55953,55953,974,Round 3,2021-06-20,Finlay Buchanan-Jacobs,971,Smugglers Notch Disc Golf Center - Fox Run,Fox Run Meadows Gold Tees,63,18,3,12:24:00,69,6,965,200,True,False,18,69,True,True,True
49945,2021,MPO,3,381146,73624,73624,947,Round 3,2021-06-20,Tony DiMonte,963,Smugglers Notch Disc Golf Center - Fox Run,Fox Run Meadows Gold Tees,63,18,1,11:48:00,66,3,985,202,True,False,18,66,True,True,True
49945,2021,MPO,3,381146,120368,120368,935,Round 3,2021-06-20,Joseph Wegman,982,Smugglers Notch Disc Golf Center - Fox Run,Fox Run Meadows Gold Tees,63,18,1,12:00:00,69,6,965,203,True,False,18,69,True,True,True
49945,2021,MPO,3,381146,134979,134979,939,Round 3,2021-06-20,Jack Conant,,Smugglers Notch Disc Golf Center - Fox Run,Fox Run Meadows Gold Tees,63,18,2,11:00:00,64,1,999,204,True,False,18,64,True,True,True
49945,2021,MPO,3,381146,59129,59129,961,Round 3,2021-06-20,Kealan Dunne,986,Smugglers Notch Disc Golf Center - Fox Run,Fox Run Meadows Gold Tees,63,18,3,12:00:00,69,6,965,204,True,False,18,69,True,True,True
49945,2021,MPO,3,381146,53718,53718,944,Round 3,2021-06-20,Nicholas Ailes,,Smugglers Notch Disc Golf Center - Fox Run,Fox Run Meadows Gold Tees,63,18,3,11:12:00,65,2,992,205,True,False,18,65,True,True,True
49945,2021,MPO,3,381146,94517,94517,959,Round 3,2021-06-20,Anthony Webb,973,Smugglers Notch Disc Golf Center - Fox Run,Fox Run Meadows Gold Tees,63,18,4,11:24:00,66,3,985,205,True,False,18,66,True,True,True
49945,2021,MPO,3,381146,69968,69968,971,Round 3,2021-06-20,Samuel Streeter,977,Smugglers Notch Disc Golf Center - Fox Run,Fox Run Meadows Gold Tees,63,18,4,11:48:00,68,5,972,205,True,False,18,68,True,True,True
49945,2021,MPO,3,381146,108989,108989,905,Round 3,2021-06-20,Erik Osborne,,Smugglers Notch Disc Golf Center - Fox Run,Fox Run Meadows Gold Tees,63,18,1,10:48:00,65,2,992,206,True,False,18,65,True,True,True
49945,2021,MPO,3,381146,111424,111424,944,Round 3,2021-06-20,Dylan Spangenberg,962,Smugglers Notch Disc Golf Center - Fox Run,Fox Run Meadows Gold Tees,63,18,4,11:36:00,68,5,972,206,True,False,18,68,True,True,True
49945,2021,MPO,3,381146,74240,74240,934,Round 3,2021-06-20,Christopher Martin,962,Smugglers Notch Disc Golf Center - Fox Run,Fox Run Meadows Gold Tees,63,18,3,11:48:00,70,7,958,206,True,False,18,70,True,True,True
49945,2021,MPO,3,381146,101763,101763,901,Round 3,2021-06-20,Spencer Sutherland,917,Smugglers Notch Disc Golf Center - Fox Run,Fox Run Meadows Gold Tees,63,18,3,12:12:00,73,10,937,206,True,False,18,73,True,True,True
49945,2021,MPO,3,381146,81283,81283,975,Round 3,2021-06-20,Ronnie Bennett,968,Smugglers Notch Disc Golf Center - Fox Run,Fox Run Meadows Gold Tees,63,18,4,12:12:00,73,10,937,206,True,False,18,73,True,True,True
49945,2021,MPO,3,381146,95343,95343,959,Round 3,2021-06-20,Dylan Adjutant,962,Smugglers Notch Disc Golf Center - Fox Run,Fox Run Meadows Gold Tees,63,18,4,12:00:00,71,8,951,207,True,False,18,71,True,True,True
49945,2021,MPO,3,381146,90675,90675,970,Round 3,2021-06-20,Nathan Grimes,,Smugglers Notch Disc Golf Center - Fox Run,Fox Run Meadows Gold Tees,63,18,3,11:00:00,68,5,972,208,True,False,18,68,True,True,True
49945,2021,MPO,3,381146,88230,88230,927,Round 3,2021-06-20,Matthew Burnette,957,Smugglers Notch Disc Golf Center - Fox Run,Fox Run Meadows Gold Tees,63,18,3,11:36:00,70,7,958,208,True,False,18,70,True,True,True
49945,2021,MPO,3,381146,83995,83995,929,Round 3,2021-06-20,Jeffrey Yetter,,Smugglers Notch Disc Golf Center - Fox Run,Fox Run Meadows Gold Tees,63,18,1,11:24:00,71,8,951,209,True,False,18,71,True,True,True
49945,2021,MPO,3,381146,49220,49220,945,Round 3,2021-06-20,Nick Walker,,Smugglers Notch Disc Golf Center - Fox Run,Fox Run Meadows Gold Tees,63,18,2,10:48:00,69,6,965,211,True,False,18,69,True,True,True
49945,2021,MPO,3,381146,28100,28100,977,Round 3,2021-06-20,Andrew Tabaczynski,,Smugglers Notch Disc Golf Center - Fox Run,Fox Run Meadows Gold Tees,63,18,3,10:48:00,69,6,965,211,True,False,18,69,True,True,True
49945,2021,MPO,3,381146,102895,102895,940,Round 3,2021-06-20,Quinten Scott,,Smugglers Notch Disc Golf Center - Fox Run,Fox Run Meadows Gold Tees,63,18,3,11:24:00,72,9,944,211,True,False,18,72,True,True,True
49945,2021,MPO,3,381146,104020,104020,978,Round 3,2021-06-20,Vaughn Hultgren,936,Smugglers Notch Disc Golf Center - Fox Run,Fox Run Meadows Gold Tees,63,18,2,12:00:00,77,14,909,211,True,False,18,77,True,True,True
49945,2021,MPO,3,381146,109102,109102,932,Round 3,2021-06-20,Matthew Eldredge,958,Smugglers Notch Disc Golf Center - Fox Run,Fox Run Meadows Gold Tees,63,18,1,11:36:00,75,12,923,212,True,False,18,75,True,True,True
49945,2021,MPO,3,381146,130874,130874,920,Round 3,2021-06-20,Chris Rydel,942,Smugglers Notch Disc Golf Center - Fox Run,Fox Run Meadows Gold Tees,63,18,4,10:36:00,70,7,958,213,True,False,18,70,True,True,True
49945,2021,MPO,3,381146,173017,173017,928,Round 3,2021-06-20,Zachary Taylor,,Smugglers Notch Disc Golf Center - Fox Run,Fox Run Meadows Gold Tees,63,18,4,11:00:00,72,9,944,213,True,False,18,72,True,True,True
49945,2021,MPO,3,381146,name:thomas cole,,,Round 3,2021-06-20,Thomas Cole,,Smugglers Notch Disc Golf Center - Fox Run,Fox Run Meadows Gold Tees,63,18,1,11:12:00,74,11,930,213,True,False,18,74,True,True,True
49945,2021,MPO,3,381146,34159,34159,973,Round 3,2021-06-20,Sandy Redd,954,Smugglers Notch Disc Golf Center - Fox Run,Fox Run Meadows Gold Tees,63,18,3,10:36:00,71,8,951,214,True,False,18,71,True,True,True
49945,2021,MPO,3,381146,82889,82889,972,Round 3,2021-06-20,Billy Crane,,Smugglers Notch Disc Golf Center - Fox Run,Fox Run Meadows Gold Tees,63,18,4,11:12:00,74,11,930,214,True,False,18,74,True,True,True
49945,2021,MPO,3,381146,76314,76314,922,Round 3,2021-06-20,Andrew Trayer,938,Smugglers Notch Disc Golf Center - Fox Run,Fox Run Meadows Gold Tees,63,18,2,11:12:00,75,12,923,214,True,False,18,75,True,True,True
49945,2021,MPO,3,381146,102250,102250,897,Round 3,2021-06-20,Zackary Parik,,Smugglers Notch Disc Golf Center - Fox Run,Fox Run Meadows Gold Tees,63,18,3,10:24:00,70,7,958,215,True,False,18,70,True,True,True
49945,2021,MPO,3,381146,name:isaacson kipp,,,Round 3,2021-06-20,Isaacson Kipp,,Smugglers Notch Disc Golf Center - Fox Run,Fox Run Meadows Gold Tees,63,18,1,10:24:00,71,8,951,215,True,False,18,71,True,True,True
49945,2021,MPO,3,381146,65365,65365,932,Round 3,2021-06-20,Adam Harris,933,Smugglers Notch Disc Golf Center - Fox Run,Fox Run Meadows Gold Tees,63,18,2,11:36:00,78,15,902,216,True,False,18,78,True,True,True
49945,2021,MPO,3,381146,136903,136903,953,Round 3,2021-06-20,Alex Ferguson,957,Smugglers Notch Disc Golf Center - Fox Run,Fox Run Meadows Gold Tees,63,18,2,10:24:00,73,10,937,217,True,False,18,73,True,True,True
49945,2021,MPO,3,381146,83156,83156,962,Round 3,2021-06-20,Edwin Bedell,,Smugglers Notch Disc Golf Center - Fox Run,Fox Run Meadows Gold Tees,63,18,4,10:24:00,72,9,944,218,True,False,18,72,True,True,True
49945,2021,MPO,3,381146,92435,92435,940,Round 3,2021-06-20,David Mahoney,983,Smugglers Notch Disc Golf Center - Fox Run,Fox Run Meadows Gold Tees,63,18,2,10:36:00,76,13,916,218,True,False,18,76,True,True,True
49945,2021,MPO,3,381146,161558,161558,923,Round 3,2021-06-20,Brad Schott,994,Smugglers Notch Disc Golf Center - Fox Run,Fox Run Meadows Gold Tees,63,18,1,10:12:00,76,13,916,222,True,False,18,76,True,True,True
49945,2021,MPO,3,381146,114674,114674,911,Round 3,2021-06-20,Jordan Lamson,,Smugglers Notch Disc Golf Center - Fox Run,Fox Run Meadows Gold Tees,63,18,1,11:00:00,82,19,874,222,True,False,18,82,True,True,True
49945,2021,MPO,3,381146,140874,140874,952,Round 3,2021-06-20,Hunter Martin,953,Smugglers Notch Disc Golf Center - Fox Run,Fox Run Meadows Gold Tees,63,18,1,09:48:00,67,4,978,223,True,False,18,67,True,True,True
49945,2021,MPO,3,381146,76761,76761,977,Round 3,2021-06-20,Jason Koczeniak,923,Smugglers Notch Disc Golf Center - Fox Run,Fox Run Meadows Gold Tees,63,18,3,10:12:00,75,12,923,223,True,False,18,75,True,True,True
49945,2021,MPO,3,381146,81941,81941,918,Round 3,2021-06-20,Jordan Wagner,,Smugglers Notch Disc Golf Center - Fox Run,Fox Run Meadows Gold Tees,63,18,1,10:36:00,83,20,867,225,True,False,18,83,True,True,True
49945,2021,MPO,3,381146,87694,87694,910,Round 3,2021-06-20,Jack Brosius,,Smugglers Notch Disc Golf Center - Fox Run,Fox Run Meadows Gold Tees,63,18,1,10:00:00,76,13,916,226,True,False,18,76,True,True,True
49945,2021,MPO,3,381146,42604,42604,918,Round 3,2021-06-20,Alan MacLean,,Smugglers Notch Disc Golf Center - Fox Run,Fox Run Meadows Gold Tees,63,18,3,10:00:00,74,11,930,227,True,False,18,74,True,True,True
49945,2021,MPO,3,381146,100341,100341,921,Round 3,2021-06-20,Kevin Avery,,Smugglers Notch Disc Golf Center - Fox Run,Fox Run Meadows Gold Tees,63,18,2,10:00:00,75,12,923,227,True,False,18,75,True,True,True
49945,2021,MPO,3,381146,101829,101829,933,Round 3,2021-06-20,Joshua Storgaard,,Smugglers Notch Disc Golf Center - Fox Run,Fox Run Meadows Gold Tees,63,18,2,11:24:00,89,26,825,228,True,False,18,89,True,True,True
49945,2021,MPO,3,381146,82340,82340,901,Round 3,2021-06-20,Justin Leonard,912,Smugglers Notch Disc Golf Center - Fox Run,Fox Run Meadows Gold Tees,63,18,2,10:12:00,82,19,874,229,True,False,18,82,True,True,True
49945,2021,MPO,3,381146,name:peter blais,,,Round 3,2021-06-20,Peter Blais,,Smugglers Notch Disc Golf Center - Fox Run,Fox Run Meadows Gold Tees,63,18,4,10:12:00,81,18,881,230,True,False,18,81,True,True,True
49945,2021,MPO,3,381146,85036,85036,896,Round 3,2021-06-20,Nolan Power,,Smugglers Notch Disc Golf Center - Fox Run,Fox Run Meadows Gold Tees,63,18,2,09:48:00,77,14,909,236,True,False,18,77,True,True,True
49945,2021,MPO,3,381146,107234,107234,908,Round 3,2021-06-20,Sebastian Marshall,,Smugglers Notch Disc Golf Center - Fox Run,Fox Run Meadows Gold Tees,63,18,3,09:48:00,88,25,832,250,True,False,18,88,True,True,True
49945,2021,MPO,3,381146,65941,65941,941,Round 3,2021-06-20,Adam Abruzzi,950,Smugglers Notch Disc Golf Center - Fox Run,Fox Run Meadows Gold Tees,63,18,4,10:48:00,105,936,,,True,False,18,105,True,True,True
49945,2021,MPO,3,381146,86590,86590,900,Round 3,2021-06-20,Michael Santos,944,Smugglers Notch Disc Golf Center - Fox Run,Fox Run Meadows Gold Tees,63,18,4,10:00:00,135,936,,,True,False,18,135,True,True,True
49951,2021,FA1,1,387656,165174,165174,710,Round 1,2021-07-04,Kiree LaPointe,,White River Disc Golf Course,Default Layout,54,18,1,11:10:00,61,7,779,122,True,False,18,61,True,True,True
49951,2021,FA1,1,387656,name:savannah hull,,,Round 1,2021-07-04,Savannah Hull,,White River Disc Golf Course,Default Layout,54,18,3,11:10:00,63,9,753,124,True,False,18,63,True,True,True
49951,2021,FA1,1,387656,name:meagan grivois,,,Round 1,2021-07-04,Meagan Grivois,,White River Disc Golf Course,Default Layout,54,18,2,11:10:00,67,13,701,133,True,False,18,67,True,True,True
49951,2021,FA1,2,387656,165174,165174,710,Round 2,2021-07-04,Kiree LaPointe,,White River Disc Golf Course,Default Layout,54,18,1,11:05:00,61,7,779,122,True,False,18,61,True,True,True
49951,2021,FA1,2,387656,name:savannah hull,,,Round 2,2021-07-04,Savannah Hull,,White River Disc Golf Course,Default Layout,54,18,2,11:05:00,61,7,779,124,True,False,18,61,True,True,True
49951,2021,FA1,2,387656,name:meagan grivois,,,Round 2,2021-07-04,Meagan Grivois,,White River Disc Golf Course,Default Layout,54,18,3,11:05:00,66,12,714,133,True,False,18,66,True,True,True
49951,2021,FA2,1,387656,172895,172895,624,Round 1,2021-07-04,Cara Tatro,737,White River Disc Golf Course,Default Layout,54,18,2,09:20:00,70,16,661,137,True,False,18,70,True,True,True
49951,2021,FA2,1,387656,172788,172788,654,Round 1,2021-07-04,Katie Oram,,White River Disc Golf Course,Default Layout,54,18,1,09:20:00,75,21,596,151,True,False,18,75,True,True,True
49951,2021,FA2,1,387656,name:kristen n howell,,,Round 1,2021-07-04,Kristen N Howell,,White River Disc Golf Course,Default Layout,54,18,3,09:20:00,78,24,557,155,True,False,18,78,True,True,True
49951,2021,FA2,2,387656,172895,172895,624,Round 2,2021-07-04,Cara Tatro,737,White River Disc Golf Course,Default Layout,54,18,1,09:15:00,67,13,701,137,True,False,18,67,True,True,True
49951,2021,FA2,2,387656,172788,172788,654,Round 2,2021-07-04,Katie Oram,,White River Disc Golf Course,Default Layout,54,18,2,09:15:00,76,22,583,151,True,False,18,76,True,True,True
49951,2021,FA2,2,387656,name:kristen n howell,,,Round 2,2021-07-04,Kristen N Howell,,White River Disc Golf Course,Default Layout,54,18,3,09:15:00,77,23,570,155,True,False,18,77,True,True,True
49951,2021,FA3,1,387656,208280,208280,,Round 1,2021-07-04,Jill Brooker,,White River Disc Golf Course,Default Layout,54,18,2,09:00:00,76,22,583,149,True,False,18,76,True,True,True
49951,2021,FA3,1,387656,name:jennifer macdonough,,,Round 1,2021-07-04,Jennifer MacDonough,,White River Disc Golf Course,Default Layout,54,18,3,09:00:00,77,23,570,149,True,False,18,77,True,True,True
49951,2021,FA3,1,387656,175840,175840,,Round 1,2021-07-04,Deana Irving,,White River Disc Golf Course,Default Layout,54,18,1,09:00:00,80,26,530,151,True,False,18,80,True,True,True
49951,2021,FA3,2,387656,208280,208280,,Round 2,2021-07-04,Jill Brooker,,White River Disc Golf Course,Default Layout,54,18,1,08:55:00,73,19,622,149,True,False,18,73,True,True,True
49951,2021,FA3,2,387656,name:jennifer macdonough,,,Round 2,2021-07-04,Jennifer MacDonough,,White River Disc Golf Course,Default Layout,54,18,2,08:55:00,72,18,635,149,True,False,18,72,True,True,True
49951,2021,FA3,2,387656,175840,175840,,Round 2,2021-07-04,Deana Irving,,White River Disc Golf Course,Default Layout,54,18,3,08:55:00,71,17,648,151,True,False,18,71,True,True,True
49951,2021,FJ15,1,387656,name:ceili irving,,,Round 1,2021-07-04,Ceili Irving,,White River Disc Golf Course,Default Layout,54,18,4,08:50:00,87,33,439,169,True,False,18,87,True,True,True
49951,2021,FJ15,2,387656,name:ceili irving,,,Round 2,2021-07-04,Ceili Irving,,White River Disc Golf Course,Default Layout,54,18,4,08:45:00,82,28,504,169,True,False,18,82,True,True,True
49951,2021,FPO,1,387656,132857,132857,823,Round 1,2021-07-04,Serena Lamson,,White River Disc Golf Course,Default Layout,54,18,3,12:40:00,54,0,871,112,True,False,18,54,True,True,True
49951,2021,FPO,1,387656,102277,102277,859,Round 1,2021-07-04,Casey Mount,,White River Disc Golf Course,Default Layout,54,18,1,12:40:00,55,1,858,110,True,False,18,55,True,True,True
49951,2021,FPO,1,387656,122613,122613,758,Round 1,2021-07-04,Kelly Heslin,889,White River Disc Golf Course,Default Layout,54,18,2,12:40:00,56,2,845,116,True,False,18,56,True,True,True
49951,2021,FPO,2,387656,102277,102277,859,Round 2,2021-07-04,Casey Mount,,White River Disc Golf Course,Default Layout,54,18,2,12:45:00,55,1,858,110,True,False,18,55,True,True,True
49951,2021,FPO,2,387656,132857,132857,823,Round 2,2021-07-04,Serena Lamson,,White River Disc Golf Course,Default Layout,54,18,1,12:45:00,58,4,819,112,True,False,18,58,True,True,True
49951,2021,FPO,2,387656,122613,122613,758,Round 2,2021-07-04,Kelly Heslin,889,White River Disc Golf Course,Default Layout,54,18,3,12:45:00,60,6,792,116,True,False,18,60,True,True,True
49951,2021,MA1,1,387656,110707,110707,908,Round 1,2021-07-04,Jason Wilson,927,White River Disc Golf Course,Default Layout,54,18,2,11:50:00,47,-7,963,96,True,False,18,47,True,True,True
49951,2021,MA1,1,387656,125328,125328,882,Round 1,2021-07-04,Dana Carpenter,,White River Disc Golf Course,Default Layout,54,18,4,12:00:00,48,-6,950,96,True,False,18,48,True,True,True
49951,2021,MA1,1,387656,131201,131201,905,Round 1,2021-07-04,Tyler LaPerle,973,White River Disc Golf Course,Default Layout,54,18,1,11:40:00,49,-5,937,95,True,False,18,49,True,True,True
49951,2021,MA1,1,387656,136937,136937,898,Round 1,2021-07-04,Zach Bossier,,White River Disc Golf Course,Default Layout,54,18,2,11:30:00,49,-5,937,98,True,False,18,49,True,True,True
49951,2021,MA1,1,387656,150023,150023,,Round 1,2021-07-04,Elijah Davis,,White River Disc Golf Course,Default Layout,54,18,3,11:50:00,50,-4,923,106,True,False,18,50,True,True,True
49951,2021,MA1,1,387656,96355,96355,909,Round 1,2021-07-04,Louis Annino,906,White River Disc Golf Course,Default Layout,54,18,1,11:20:00,51,-3,910,105,True,False,18,51,True,True,True
49951,2021,MA1,1,387656,118694,118694,861,Round 1,2021-07-04,Jordan Patterson,,White River Disc Golf Course,Default Layout,54,18,1,12:00:00,51,-3,910,103,True,False,18,51,True,True,True
49951,2021,MA1,1,387656,118928,118928,928,Round 1,2021-07-04,Tyler Pomichter,926,White River Disc Golf Course,Default Layout,54,18,2,12:00:00,52,-2,897,108,True,False,18,52,True,True,True
49951,2021,MA1,1,387656,157191,157191,932,Round 1,2021-07-04,Ben Riendeau,,White River Disc Golf Course,Default Layout,54,18,4,11:50:00,52,-2,897,,True,False,18,52,True,True,True
49951,2021,MA1,1,387656,169825,169825,861,Round 1,2021-07-04,Gregory Tatro,,White River Disc Golf Course,Default Layout,54,18,4,11:40:00,52,-2,897,109,True,False,18,52,True,True,True
49951,2021,MA1,1,387656,89829,89829,909,Round 1,2021-07-04,Garrett Washburn,923,White River Disc Golf Course,Default Layout,54,18,1,11:30:00,53,-1,884,104,True,False,18,53,True,True,True
49951,2021,MA1,1,387656,100885,100885,920,Round 1,2021-07-04,Jacob Moore,945,White River Disc Golf Course,Default Layout,54,18,2,11:20:00,53,-1,884,107,True,False,18,53,True,True,True
49951,2021,MA1,1,387656,175583,175583,888,Round 1,2021-07-04,Rob Salter,948,White River Disc Golf Course,Default Layout,54,18,4,11:30:00,54,0,871,105,True,False,18,54,True,True,True
49951,2021,MA1,1,387656,164118,164118,878,Round 1,2021-07-04,Fred Longchamp,945,White River Disc Golf Course,Default Layout,54,18,2,11:40:00,55,1,858,108,True,False,18,55,True,True,True
49951,2021,MA1,1,387656,40564,40564,897,Round 1,2021-07-04,Jonathan Grazer,,White River Disc Golf Course,Default Layout,54,18,1,11:50:00,56,2,845,106,True,False,18,56,True,True,True
49951,2021,MA1,1,387656,146710,146710,879,Round 1,2021-07-04,Nicholas Laurendeau,,White River Disc Golf Course,Default Layout,54,18,3,12:00:00,56,2,845,112,True,False,18,56,True,True,True
49951,2021,MA1,1,387656,136942,136942,830,Round 1,2021-07-04,Christopher Larock,,White River Disc Golf Course,Default Layout,54,18,3,11:30:00,58,4,819,119,True,False,18,58,True,True,True
49951,2021,MA1,1,387656,164158,164158,906,Round 1,2021-07-04,Alex Raub,,White River Disc Golf Course,Default Layout,54,18,3,11:40:00,59,5,806,113,True,False,18,59,True,True,True
49951,2021,MA1,1,387656,name:nicholas garvey,,,Round 1,2021-07-04,Nicholas Garvey,,White River Disc Golf Course,Default Layout,54,18,3,11:20:00,60,6,792,116,True,False,18,60,True,True,True
49951,2021,MA1,2,387656,131201,131201,905,Round 2,2021-07-04,Tyler LaPerle,973,White River Disc Golf Course,Default Layout,54,18,3,11:55:00,46,-8,976,95,True,False,18,46,True,True,True
49951,2021,MA1,2,387656,125328,125328,882,Round 2,2021-07-04,Dana Carpenter,,White River Disc Golf Course,Default Layout,54,18,2,11:55:00,48,-6,950,96,True,False,18,48,True,True,True
49951,2021,MA1,2,387656,110707,110707,908,Round 2,2021-07-04,Jason Wilson,927,White River Disc Golf Course,Default Layout,54,18,1,11:55:00,49,-5,937,96,True,False,18,49,True,True,True
49951,2021,MA1,2,387656,136937,136937,898,Round 2,2021-07-04,Zach Bossier,,White River Disc Golf Course,Default Layout,54,18,4,11:55:00,49,-5,937,98,True,False,18,49,True,True,True
49951,2021,MA1,2,387656,118694,118694,861,Round 2,2021-07-04,Jordan Patterson,,White River Disc Golf Course,Default Layout,54,18,3,11:45:00,52,-2,897,103,True,False,18,52,True,True,True
49951,2021,MA1,2,387656,89829,89829,909,Round 2,2021-07-04,Garrett Washburn,923,White River Disc Golf Course,Default Layout,54,18,3,11:35:00,51,-3,910,104,True,False,18,51,True,True,True
49951,2021,MA1,2,387656,175583,175583,888,Round 2,2021-07-04,Rob Salter,948,White River Disc Golf Course,Default Layout,54,18,1,11:25:00,51,-3,910,105,True,False,18,51,True,True,True
49951,2021,MA1,2,387656,96355,96355,909,Round 2,2021-07-04,Louis Annino,906,White River Disc Golf Course,Default Layout,54,18,2,11:45:00,54,0,871,105,True,False,18,54,True,True,True
49951,2021,MA1,2,387656,40564,40564,897,Round 2,2021-07-04,Jonathan Grazer,,White River Disc Golf Course,Default Layout,54,18,3,11:25:00,50,-4,923,106,True,False,18,50,True,True,True
49951,2021,MA1,2,387656,150023,150023,,Round 2,2021-07-04,Elijah Davis,,White River Disc Golf Course,Default Layout,54,18,1,11:45:00,56,2,845,106,True,False,18,56,True,True,True
49951,2021,MA1,2,387656,100885,100885,920,Round 2,2021-07-04,Jacob Moore,945,White River Disc Golf Course,Default Layout,54,18,4,11:35:00,54,0,871,107,True,False,18,54,True,True,True
49951,2021,MA1,2,387656,164118,164118,878,Round 2,2021-07-04,Fred Longchamp,945,White River Disc Golf Course,Default Layout,54,18,2,11:25:00,53,-1,884,108,True,False,18,53,True,True,True
49951,2021,MA1,2,387656,118928,118928,928,Round 2,2021-07-04,Tyler Pomichter,926,White River Disc Golf Course,Default Layout,54,18,4,11:45:00,56,2,845,108,True,False,18,56,True,True,True
49951,2021,MA1,2,387656,169825,169825,861,Round 2,2021-07-04,Gregory Tatro,,White River Disc Golf Course,Default Layout,54,18,2,11:35:00,57,3,832,109,True,False,18,57,True,True,True
49951,2021,MA1,2,387656,146710,146710,879,Round 2,2021-07-04,Nicholas Laurendeau,,White River Disc Golf Course,Default Layout,54,18,4,11:25:00,56,2,845,112,True,False,18,56,True,True,True
49951,2021,MA1,2,387656,164158,164158,906,Round 2,2021-07-04,Alex Raub,,White River Disc Golf Course,Default Layout,54,18,2,11:15:00,54,0,871,113,True,False,18,54,True,True,True
49951,2021,MA1,2,387656,name:nicholas garvey,,,Round 2,2021-07-04,Nicholas Garvey,,White River Disc Golf Course,Default Layout,54,18,3,11:15:00,56,2,845,116,True,False,18,56,True,True,True
49951,2021,MA1,2,387656,136942,136942,830,Round 2,2021-07-04,Christopher Larock,,White River Disc Golf Course,Default Layout,54,18,1,11:15:00,61,7,779,119,True,False,18,61,True,True,True
49951,2021,MA1,2,387656,157191,157191,932,Round 2,2021-07-04,Ben Riendeau,,White River Disc Golf Course,Default Layout,54,18,1,11:35:00,126,945,,,True,False,18,126,True,True,True
49951,2021,MA2,1,387656,63896,63896,871,Round 1,2021-07-04,Ross King,899,White River Disc Golf Course,Default Layout,54,18,1,09:30:00,49,-5,937,97,True,False,18,49,True,True,True
49951,2021,MA2,1,387656,164219,164219,909,Round 1,2021-07-04,Derek Doszkocs,,White River Disc Golf Course,Default Layout,54,18,3,09:40:00,50,-4,923,103,True,False,18,50,True,True,True
49951,2021,MA2,1,387656,173058,173058,884,Round 1,2021-07-04,Brandon Allaire,950,White River Disc Golf Course,Default Layout,54,18,4,10:10:00,50,-4,923,109,True,False,18,50,True,True,True
49951,2021,MA2,1,387656,140272,140272,865,Round 1,2021-07-04,Seth Tilford,,White River Disc Golf Course,Default Layout,54,18,1,10:30:00,51,-3,910,100,True,False,18,51,True,True,True
49951,2021,MA2,1,387656,168663,168663,917,Round 1,2021-07-04,Austin Neddo,,White River Disc Golf Course,Default Layout,54,18,2,10:00:00,51,-3,910,96,True,False,18,51,True,True,True
49951,2021,MA2,1,387656,138042,138042,857,Round 1,2021-07-04,Russell Freeman,925,White River Disc Golf Course,Default Layout,54,18,1,09:40:00,53,-1,884,110,True,False,18,53,True,True,True
49951,2021,MA2,1,387656,140565,140565,869,Round 1,2021-07-04,Tor Parker,,White River Disc Golf Course,Default Layout,54,18,1,10:10:00,53,-1,884,105,True,False,18,53,True,True,True
49951,2021,MA2,1,387656,166637,166637,797,Round 1,2021-07-04,Ajay Shah,825,White River Disc Golf Course,Default Layout,54,18,3,10:30:00,53,-1,884,106,True,False,18,53,True,True,True
49951,2021,MA2,1,387656,171544,171544,,Round 1,2021-07-04,Dave Irving,935,White River Disc Golf Course,Default Layout,54,18,3,10:00:00,53,-1,884,105,True,False,18,53,True,True,True
49951,2021,MA2,1,387656,159224,159224,902,Round 1,2021-07-04,Bryce McKim,,White River Disc Golf Course,Default Layout,54,18,3,10:20:00,54,0,871,106,True,False,18,54,True,True,True
49951,2021,MA2,1,387656,169393,169393,901,Round 1,2021-07-04,Aidan Trombley,977,White River Disc Golf Course,Default Layout,54,18,3,10:10:00,56,2,845,111,True,False,18,56,True,True,True
49951,2021,MA2,1,387656,128700,128700,855,Round 1,2021-07-04,Peter McCarthy,,White River Disc Golf Course,Default Layout,54,18,1,10:20:00,57,3,832,114,True,False,18,57,True,True,True
49951,2021,MA2,1,387656,165756,165756,911,Round 1,2021-07-04,Peter Walsh,,White River Disc Golf Course,Default Layout,54,18,2,10:10:00,57,3,832,109,True,False,18,57,True,True,True
49951,2021,MA2,1,387656,140134,140134,851,Round 1,2021-07-04,Ryan Johnson,,White River Disc Golf Course,Default Layout,54,18,2,09:40:00,58,4,819,110,True,False,18,58,True,True,True
49951,2021,MA2,1,387656,140404,140404,787,Round 1,2021-07-04,Michael Perry,,White River Disc Golf Course,Default Layout,54,18,2,09:50:00,58,4,819,117,True,False,18,58,True,True,True
49951,2021,MA2,1,387656,183186,183186,,Round 1,2021-07-04,Zachary LaPerle,,White River Disc Golf Course,Default Layout,54,18,4,10:20:00,59,5,806,116,True,False,18,59,True,True,True
49951,2021,MA2,1,387656,166639,166639,862,Round 1,2021-07-04,Ryan Sweeney,883,White River Disc Golf Course,Default Layout,54,18,1,10:00:00,60,6,792,119,True,False,18,60,True,True,True
49951,2021,MA2,1,387656,name:jack mcchesney,,,Round 1,2021-07-04,Jack McChesney,,White River Disc Golf Course,Default Layout,54,18,4,10:00:00,60,6,792,126,True,False,18,60,True,True,True
49951,2021,MA2,1,387656,name:aaron nietz,,,Round 1,2021-07-04,Aaron Nietz,,White River Disc Golf Course,Default Layout,54,18,4,10:30:00,61,7,779,114,True,False,18,61,True,True,True
49951,2021,MA2,1,387656,106970,106970,822,Round 1,2021-07-04,Stefan Farrell,852,White River Disc Golf Course,Default Layout,54,18,1,09:50:00,62,8,766,120,True,False,18,62,True,True,True
49951,2021,MA2,1,387656,142606,142606,843,Round 1,2021-07-04,Hudson Elledge,,White River Disc Golf Course,Default Layout,54,18,2,10:20:00,63,9,753,123,True,False,18,63,True,True,True
49951,2021,MA2,1,387656,name:jon kaplan,,,Round 1,2021-07-04,Jon Kaplan,,White River Disc Golf Course,Default Layout,54,18,3,09:30:00,63,9,753,128,True,False,18,63,True,True,True
49951,2021,MA2,1,387656,159285,159285,,Round 1,2021-07-04,Todd Lewis,,White River Disc Golf Course,Default Layout,54,18,2,10:30:00,64,10,740,129,True,False,18,64,True,True,True
49951,2021,MA2,1,387656,name:taylor lozier,,,Round 1,2021-07-04,Taylor Lozier,,White River Disc Golf Course,Default Layout,54,18,3,09:50:00,65,11,727,124,True,False,18,65,True,True,True
49951,2021,MA2,1,387656,175681,175681,845,Round 1,2021-07-04,Chris Cerutti,,White River Disc Golf Course,Default Layout,54,18,2,09:30:00,77,23,570,137,True,False,18,77,True,True,True
49951,2021,MA2,2,387656,168663,168663,917,Round 2,2021-07-04,Austin Neddo,,White River Disc Golf Course,Default Layout,54,18,1,10:15:00,45,-9,989,96,True,False,18,45,True,True,True
49951,2021,MA2,2,387656,63896,63896,871,Round 2,2021-07-04,Ross King,899,White River Disc Golf Course,Default Layout,54,18,1,10:25:00,48,-6,950,97,True,False,18,48,True,True,True
49951,2021,MA2,2,387656,140272,140272,865,Round 2,2021-07-04,Seth Tilford,,White River Disc Golf Course,Default Layout,54,18,4,10:25:00,49,-5,937,100,True,False,18,49,True,True,True
49951,2021,MA2,2,387656,164219,164219,909,Round 2,2021-07-04,Derek Doszkocs,,White River Disc Golf Course,Default Layout,54,18,2,10:25:00,53,-1,884,103,True,False,18,53,True,True,True
49951,2021,MA2,2,387656,140565,140565,869,Round 2,2021-07-04,Tor Parker,,White River Disc Golf Course,Default Layout,54,18,3,10:15:00,52,-2,897,105,True,False,18,52,True,True,True
49951,2021,MA2,2,387656,171544,171544,,Round 2,2021-07-04,Dave Irving,935,White River Disc Golf Course,Default Layout,54,18,1,10:05:00,52,-2,897,105,True,False,18,52,True,True,True
49951,2021,MA2,2,387656,159224,159224,902,Round 2,2021-07-04,Bryce McKim,,White River Disc Golf Course,Default Layout,54,18,2,10:05:00,52,-2,897,106,True,False,18,52,True,True,True
49951,2021,MA2,2,387656,166637,166637,797,Round 2,2021-07-04,Ajay Shah,825,White River Disc Golf Course,Default Layout,54,18,4,10:15:00,53,-1,884,106,True,False,18,53,True,True,True
49951,2021,MA2,2,387656,165756,165756,911,Round 2,2021-07-04,Peter Walsh,,White River Disc Golf Course,Default Layout,54,18,1,09:55:00,52,-2,897,109,True,False,18,52,True,True,True
49951,2021,MA2,2,387656,173058,173058,884,Round 2,2021-07-04,Brandon Allaire,950,White River Disc Golf Course,Default Layout,54,18,3,10:25:00,59,5,806,109,True,False,18,59,True,True,True
49951,2021,MA2,2,387656,140134,140134,851,Round 2,2021-07-04,Ryan Johnson,,White River Disc Golf Course,Default Layout,54,18,2,09:55:00,52,-2,897,110,True,False,18,52,True,True,True
49951,2021,MA2,2,387656,138042,138042,857,Round 2,2021-07-04,Russell Freeman,925,White River Disc Golf Course,Default Layout,54,18,2,10:15:00,57,3,832,110,True,False,18,57,True,True,True
49951,2021,MA2,2,387656,169393,169393,901,Round 2,2021-07-04,Aidan Trombley,977,White River Disc Golf Course,Default Layout,54,18,3,10:05:00,55,1,858,111,True,False,18,55,True,True,True
49951,2021,MA2,2,387656,name:aaron nietz,,,Round 2,2021-07-04,Aaron Nietz,,White River Disc Golf Course,Default Layout,54,18,3,09:45:00,53,-1,884,114,True,False,18,53,True,True,True
49951,2021,MA2,2,387656,128700,128700,855,Round 2,2021-07-04,Peter McCarthy,,White River Disc Golf Course,Default Layout,54,18,4,10:05:00,57,3,832,114,True,False,18,57,True,True,True
49951,2021,MA2,2,387656,183186,183186,,Round 2,2021-07-04,Zachary LaPerle,,White River Disc Golf Course,Default Layout,54,18,4,09:55:00,57,3,832,116,True,False,18,57,True,True,True
49951,2021,MA2,2,387656,140404,140404,787,Round 2,2021-07-04,Michael Perry,,White River Disc Golf Course,Default Layout,54,18,3,09:55:00,59,5,806,117,True,False,18,59,True,True,True
49951,2021,MA2,2,387656,166639,166639,862,Round 2,2021-07-04,Ryan Sweeney,883,White River Disc Golf Course,Default Layout,54,18,1,09:45:00,59,5,806,119,True,False,18,59,True,True,True
49951,2021,MA2,2,387656,106970,106970,822,Round 2,2021-07-04,Stefan Farrell,852,White River Disc Golf Course,Default Layout,54,18,1,09:35:00,58,4,819,120,True,False,18,58,True,True,True
49951,2021,MA2,2,387656,142606,142606,843,Round 2,2021-07-04,Hudson Elledge,,White River Disc Golf Course,Default Layout,54,18,2,09:35:00,60,6,792,123,True,False,18,60,True,True,True
49951,2021,MA2,2,387656,name:taylor lozier,,,Round 2,2021-07-04,Taylor Lozier,,White River Disc Golf Course,Default Layout,54,18,2,09:25:00,59,5,806,124,True,False,18,59,True,True,True
49951,2021,MA2,2,387656,name:jack mcchesney,,,Round 2,2021-07-04,Jack McChesney,,White River Disc Golf Course,Default Layout,54,18,2,09:45:00,66,12,714,126,True,False,18,66,True,True,True
49951,2021,MA2,2,387656,name:jon kaplan,,,Round 2,2021-07-04,Jon Kaplan,,White River Disc Golf Course,Default Layout,54,18,3,09:35:00,65,11,727,128,True,False,18,65,True,True,True
49951,2021,MA2,2,387656,159285,159285,,Round 2,2021-07-04,Todd Lewis,,White River Disc Golf Course,Default Layout,54,18,1,09:25:00,65,11,727,129,True,False,18,65,True,True,True
49951,2021,MA2,2,387656,175681,175681,845,Round 2,2021-07-04,Chris Cerutti,,White River Disc Golf Course,Default Layout,54,18,3,09:25:00,60,6,792,137,True,False,18,60,True,True,True
49951,2021,MA3,1,387656,name:brandon kendall,,,Round 1,2021-07-04,Brandon Kendall,,White River Disc Golf Course,Default Layout,54,18,2,09:10:00,52,-2,897,109,True,False,18,52,True,True,True
49951,2021,MA3,1,387656,149948,149948,787,Round 1,2021-07-04,Cameron Tarbox,,White River Disc Golf Course,Default Layout,54,18,1,09:10:00,59,5,806,121,True,False,18,59,True,True,True
49951,2021,MA3,1,387656,name:natasha troop,,,Round 1,2021-07-04,Natasha Troop,,White River Disc Golf Course,Default Layout,54,18,3,09:10:00,72,18,635,139,True,False,18,72,True,True,True
49951,2021,MA3,2,387656,name:brandon kendall,,,Round 2,2021-07-04,Brandon Kendall,,White River Disc Golf Course,Default Layout,54,18,1,09:05:00,57,3,832,109,True,False,18,57,True,True,True
49951,2021,MA3,2,387656,149948,149948,787,Round 2,2021-07-04,Cameron Tarbox,,White River Disc Golf Course,Default Layout,54,18,2,09:05:00,62,8,766,121,True,False,18,62,True,True,True
49951,2021,MA3,2,387656,name:natasha troop,,,Round 2,2021-07-04,Natasha Troop,,White River Disc Golf Course,Default Layout,54,18,3,09:05:00,67,13,701,139,True,False,18,67,True,True,True
49951,2021,MA40,1,387656,42420,42420,926,Round 1,2021-07-04,Patrick Harris,906,White River Disc Golf Course,Default Layout,54,18,2,11:00:00,50,-4,923,101,True,False,18,50,True,True,True
49951,2021,MA40,1,387656,36062,36062,894,Round 1,2021-07-04,Andrew Powell,852,White River Disc Golf Course,Default Layout,54,18,1,11:00:00,56,2,845,108,True,False,18,56,True,True,True
49951,2021,MA40,1,387656,name:eric hoffman,,,Round 1,2021-07-04,Eric Hoffman,,White River Disc Golf Course,Default Layout,54,18,4,11:00:00,61,7,779,121,True,False,18,61,True,True,True
49951,2021,MA40,1,387656,137937,137937,774,Round 1,2021-07-04,Peter Auclair,,White River Disc Golf Course,Default Layout,54,18,3,11:00:00,64,10,740,126,True,False,18,64,True,True,True
49951,2021,MA40,2,387656,42420,42420,926,Round 2,2021-07-04,Patrick Harris,906,White River Disc Golf Course,Default Layout,54,18,1,10:55:00,51,-3,910,101,True,False,18,51,True,True,True
49951,2021,MA40,2,387656,36062,36062,894,Round 2,2021-07-04,Andrew Powell,852,White River Disc Golf Course,Default Layout,54,18,2,10:55:00,52,-2,897,108,True,False,18,52,True,True,True
49951,2021,MA40,2,387656,name:eric hoffman,,,Round 2,2021-07-04,Eric Hoffman,,White River Disc Golf Course,Default Layout,54,18,3,10:55:00,60,6,792,121,True,False,18,60,True,True,True
49951,2021,MA40,2,387656,137937,137937,774,Round 2,2021-07-04,Peter Auclair,,White River Disc Golf Course,Default Layout,54,18,4,10:55:00,62,8,766,126,True,False,18,62,True,True,True
49951,2021,MA50,1,387656,91301,91301,895,Round 1,2021-07-04,Michael A. Stridsberg,898,White River Disc Golf Course,Default Layout,54,18,2,10:50:00,52,-2,897,105,True,False,18,52,True,True,True
49951,2021,MA50,1,387656,75326,75326,877,Round 1,2021-07-04,Gary Vigue,,White River Disc Golf Course,Default Layout,54,18,1,10:50:00,53,-1,884,106,True,False,18,53,True,True,True
49951,2021,MA50,1,387656,166239,166239,879,Round 1,2021-07-04,Tom Raub,958,White River Disc Golf Course,Default Layout,54,18,3,10:40:00,53,-1,884,105,True,False,18,53,True,True,True
49951,2021,MA50,1,387656,122325,122325,864,Round 1,2021-07-04,David Mulvey,,White River Disc Golf Course,Default Layout,54,18,2,10:40:00,56,2,845,112,True,False,18,56,True,True,True
49951,2021,MA50,1,387656,139113,139113,857,Round 1,2021-07-04,Norman Wedge,859,White River Disc Golf Course,Default Layout,54,18,4,10:50:00,57,3,832,115,True,False,18,57,True,True,True
49951,2021,MA50,1,387656,169468,169468,,Round 1,2021-07-04,Kevin Brooker,,White River Disc Golf Course,Default Layout,54,18,4,10:40:00,57,3,832,112,True,False,18,57,True,True,True
49951,2021,MA50,1,387656,132681,132681,800,Round 1,2021-07-04,Paul Robinson,,White River Disc Golf Course,Default Layout,54,18,3,10:50:00,63,9,753,127,True,False,18,63,True,True,True
49951,2021,MA50,1,387656,1740,1740,766,Round 1,2021-07-04,Jeff Reeves,,White River Disc Golf Course,Default Layout,54,18,1,10:40:00,70,16,661,128,True,False,18,70,True,True,True
49951,2021,MA50,2,387656,166239,166239,879,Round 2,2021-07-04,Tom Raub,958,White River Disc Golf Course,Default Layout,54,18,3,10:45:00,52,-2,897,105,True,False,18,52,True,True,True
49951,2021,MA50,2,387656,91301,91301,895,Round 2,2021-07-04,Michael A. Stridsberg,898,White River Disc Golf Course,Default Layout,54,18,1,10:45:00,53,-1,884,105,True,False,18,53,True,True,True
49951,2021,MA50,2,387656,75326,75326,877,Round 2,2021-07-04,Gary Vigue,,White River Disc Golf Course,Default Layout,54,18,2,10:45:00,53,-1,884,106,True,False,18,53,True,True,True
49951,2021,MA50,2,387656,169468,169468,,Round 2,2021-07-04,Kevin Brooker,,White River Disc Golf Course,Default Layout,54,18,2,10:35:00,55,1,858,112,True,False,18,55,True,True,True
49951,2021,MA50,2,387656,122325,122325,864,Round 2,2021-07-04,David Mulvey,,White River Disc Golf Course,Default Layout,54,18,4,10:45:00,56,2,845,112,True,False,18,56,True,True,True
49951,2021,MA50,2,387656,139113,139113,857,Round 2,2021-07-04,Norman Wedge,859,White River Disc Golf Course,Default Layout,54,18,1,10:35:00,58,4,819,115,True,False,18,58,True,True,True
49951,2021,MA50,2,387656,132681,132681,800,Round 2,2021-07-04,Paul Robinson,,White River Disc Golf Course,Default Layout,54,18,3,10:35:00,64,10,740,127,True,False,18,64,True,True,True
49951,2021,MA50,2,387656,1740,1740,766,Round 2,2021-07-04,Jeff Reeves,,White River Disc Golf Course,Default Layout,54,18,4,10:35:00,58,4,819,128,True,False,18,58,True,True,True
49951,2021,MJ12,1,387656,175839,175839,,Round 1,2021-07-04,Wilder Irving,875,White River Disc Golf Course,Default Layout,54,18,5,08:50:00,70,16,661,151,True,False,18,70,True,True,True
49951,2021,MJ12,2,387656,175839,175839,,Round 2,2021-07-04,Wilder Irving,875,White River Disc Golf Course,Default Layout,54,18,5,08:45:00,81,27,517,151,True,False,18,81,True,True,True
49951,2021,MP50,1,387656,74478,74478,859,Round 1,2021-07-04,John Sudarsky,845,White River Disc Golf Course,Default Layout,54,18,1,12:30:00,51,-3,910,105,True,False,18,51,True,True,True
49951,2021,MP50,1,387656,84880,84880,912,Round 1,2021-07-04,Marcos Miller,,White River Disc Golf Course,Default Layout,54,18,3,12:30:00,51,-3,910,101,True,False,18,51,True,True,True
49951,2021,MP50,1,387656,77623,77623,912,Round 1,2021-07-04,Cary Powell,909,White River Disc Golf Course,Default Layout,54,18,2,12:30:00,52,-2,897,103,True,False,18,52,True,True,True
49951,2021,MP50,1,387656,123563,123563,861,Round 1,2021-07-04,Peter Flaherty,741,White River Disc Golf Course,Default Layout,54,18,4,12:30:00,59,5,806,113,True,False,18,59,True,True,True
49951,2021,MP50,2,387656,84880,84880,912,Round 2,2021-07-04,Marcos Miller,,White River Disc Golf Course,Default Layout,54,18,2,12:15:00,50,-4,923,101,True,False,18,50,True,True,True
49951,2021,MP50,2,387656,77623,77623,912,Round 2,2021-07-04,Cary Powell,909,White River Disc Golf Course,Default Layout,54,18,3,12:15:00,51,-3,910,103,True,False,18,51,True,True,True
49951,2021,MP50,2,387656,74478,74478,859,Round 2,2021-07-04,John Sudarsky,845,White River Disc Golf Course,Default Layout,54,18,1,12:15:00,54,0,871,105,True,False,18,54,True,True,True
49951,2021,MP50,2,387656,123563,123563,861,Round 2,2021-07-04,Peter Flaherty,741,White River Disc Golf Course,Default Layout,54,18,4,12:15:00,54,0,871,113,True,False,18,54,True,True,True
49951,2021,MPO,1,387656,24381,24381,959,Round 1,2021-07-04,Chris Young,937,White River Disc Golf Course,Default Layout,54,18,1,13:20:00,43,-11,1015,91,True,False,18,43,True,True,True
49951,2021,MPO,1,387656,53718,53718,944,Round 1,2021-07-04,Nicholas Ailes,,White River Disc Golf Course,Default Layout,54,18,1,12:50:00,45,-9,989,93,True,False,18,45,True,True,True
49951,2021,MPO,1,387656,82340,82340,901,Round 1,2021-07-04,Justin Leonard,912,White River Disc Golf Course,Default Layout,54,18,3,13:00:00,46,-8,976,96,True,False,18,46,True,True,True
49951,2021,MPO,1,387656,96621,96621,951,Round 1,2021-07-04,Jeremy McKittrick,932,White River Disc Golf Course,Default Layout,54,18,3,12:50:00,46,-8,976,91,True,False,18,46,True,True,True
49951,2021,MPO,1,387656,122739,122739,925,Round 1,2021-07-04,Adam Green,977,White River Disc Golf Course,Default Layout,54,18,4,12:50:00,48,-6,950,93,True,False,18,48,True,True,True
49951,2021,MPO,1,387656,103627,103627,979,Round 1,2021-07-04,Clayton Davis,,White River Disc Golf Course,Default Layout,54,18,4,13:20:00,50,-4,923,96,True,False,18,50,True,True,True
49951,2021,MPO,1,387656,109051,109051,855,Round 1,2021-07-04,Taylor Jones,866,White River Disc Golf Course,Default Layout,54,18,4,13:10:00,50,-4,923,101,True,False,18,50,True,True,True
49951,2021,MPO,1,387656,161558,161558,923,Round 1,2021-07-04,Brad Schott,994,White River Disc Golf Course,Default Layout,54,18,4,13:00:00,50,-4,923,98,True,False,18,50,True,True,True
49951,2021,MPO,1,387656,85036,85036,896,Round 1,2021-07-04,Nolan Power,,White River Disc Golf Course,Default Layout,54,18,1,13:10:00,51,-3,910,101,True,False,18,51,True,True,True
49951,2021,MPO,1,387656,114674,114674,911,Round 1,2021-07-04,Jordan Lamson,,White River Disc Golf Course,Default Layout,54,18,2,13:00:00,51,-3,910,101,True,False,18,51,True,True,True
49951,2021,MPO,1,387656,125586,125586,938,Round 1,2021-07-04,Matthew Avery,,White River Disc Golf Course,Default Layout,54,18,3,13:20:00,51,-3,910,96,True,False,18,51,True,True,True
49951,2021,MPO,1,387656,101763,101763,901,Round 1,2021-07-04,Spencer Sutherland,917,White River Disc Golf Course,Default Layout,54,18,2,13:10:00,54,0,871,109,True,False,18,54,True,True,True
49951,2021,MPO,1,387656,107234,107234,908,Round 1,2021-07-04,Sebastian Marshall,,White River Disc Golf Course,Default Layout,54,18,1,13:00:00,56,2,845,111,True,False,18,56,True,True,True
49951,2021,MPO,1,387656,73588,73588,880,Round 1,2021-07-04,Will Cleland,910,White River Disc Golf Course,Default Layout,54,18,2,12:50:00,57,3,832,107,True,False,18,57,True,True,True
49951,2021,MPO,1,387656,141251,141251,898,Round 1,2021-07-04,Owen Wood,939,White River Disc Golf Course,Default Layout,54,18,3,13:10:00,57,3,832,112,True,False,18,57,True,True,True
49951,2021,MPO,1,387656,83212,83212,882,Round 1,2021-07-04,Cory Barron,885,White River Disc Golf Course,Default Layout,54,18,2,13:20:00,58,4,819,110,True,False,18,58,True,True,True
49951,2021,MPO,2,387656,96621,96621,951,Round 2,2021-07-04,Jeremy McKittrick,932,White River Disc Golf Course,Default Layout,54,18,4,13:35:00,45,-9,989,91,True,False,18,45,True,True,True
49951,2021,MPO,2,387656,24381,24381,959,Round 2,2021-07-04,Chris Young,937,White River Disc Golf Course,Default Layout,54,18,1,13:35:00,48,-6,950,91,True,False,18,48,True,True,True
49951,2021,MPO,2,387656,122739,122739,925,Round 2,2021-07-04,Adam Green,977,White River Disc Golf Course,Default Layout,54,18,1,13:25:00,45,-9,989,93,True,False,18,45,True,True,True
49951,2021,MPO,2,387656,53718,53718,944,Round 2,2021-07-04,Nicholas Ailes,,White River Disc Golf Course,Default Layout,54,18,2,13:35:00,48,-6,950,93,True,False,18,48,True,True,True
49951,2021,MPO,2,387656,125586,125586,938,Round 2,2021-07-04,Matthew Avery,,White River Disc Golf Course,Default Layout,54,18,3,13:15:00,45,-9,989,96,True,False,18,45,True,True,True
49951,2021,MPO,2,387656,103627,103627,979,Round 2,2021-07-04,Clayton Davis,,White River Disc Golf Course,Default Layout,54,18,2,13:25:00,46,-8,976,96,True,False,18,46,True,True,True
49951,2021,MPO,2,387656,82340,82340,901,Round 2,2021-07-04,Justin Leonard,912,White River Disc Golf Course,Default Layout,54,18,3,13:35:00,50,-4,923,96,True,False,18,50,True,True,True
49951,2021,MPO,2,387656,161558,161558,923,Round 2,2021-07-04,Brad Schott,994,White River Disc Golf Course,Default Layout,54,18,4,13:25:00,48,-6,950,98,True,False,18,48,True,True,True
49951,2021,MPO,2,387656,85036,85036,896,Round 2,2021-07-04,Nolan Power,,White River Disc Golf Course,Default Layout,54,18,1,13:15:00,50,-4,923,101,True,False,18,50,True,True,True
49951,2021,MPO,2,387656,114674,114674,911,Round 2,2021-07-04,Jordan Lamson,,White River Disc Golf Course,Default Layout,54,18,2,13:15:00,50,-4,923,101,True,False,18,50,True,True,True
49951,2021,MPO,2,387656,109051,109051,855,Round 2,2021-07-04,Taylor Jones,866,White River Disc Golf Course,Default Layout,54,18,3,13:25:00,51,-3,910,101,True,False,18,51,True,True,True
49951,2021,MPO,2,387656,73588,73588,880,Round 2,2021-07-04,Will Cleland,910,White River Disc Golf Course,Default Layout,54,18,2,13:05:00,50,-4,923,107,True,False,18,50,True,True,True
49951,2021,MPO,2,387656,101763,101763,901,Round 2,2021-07-04,Spencer Sutherland,917,White River Disc Golf Course,Default Layout,54,18,4,13:15:00,55,1,858,109,True,False,18,55,True,True,True
49951,2021,MPO,2,387656,83212,83212,882,Round 2,2021-07-04,Cory Barron,885,White River Disc Golf Course,Default Layout,54,18,4,13:05:00,52,-2,897,110,True,False,18,52,True,True,True
49951,2021,MPO,2,387656,107234,107234,908,Round 2,2021-07-04,Sebastian Marshall,,White River Disc Golf Course,Default Layout,54,18,1,13:05:00,55,1,858,111,True,False,18,55,True,True,True
49951,2021,MPO,2,387656,141251,141251,898,Round 2,2021-07-04,Owen Wood,939,White River Disc Golf Course,Default Layout,54,18,3,13:05:00,55,1,858,112,True,False,18,55,True,True,True
49952,2021,FA1,1,392236,157302,157302,851,Round 1,2021-07-18,Jen Cotton,,Black Falls Disc Golf Course,Silver tee-Silver basket,54,18,3,10:30:00,51,-3,885,165,True,False,18,51,True,True,True
49952,2021,FA1,1,392236,132857,132857,830,Round 1,2021-07-18,Serena Lamson,,Black Falls Disc Golf Course,Silver tee-Silver basket,54,18,4,10:30:00,56,2,816,164,True,False,18,56,True,True,True
49952,2021,FA1,1,392236,122613,122613,774,Round 1,2021-07-18,Kelly Heslin,889,Black Falls Disc Golf Course,Silver tee-Silver basket,54,18,2,10:30:00,60,6,761,183,True,False,18,60,True,True,True
49952,2021,FA1,1,392236,165174,165174,728,Round 1,2021-07-18,Kiree LaPointe,,Black Falls Disc Golf Course,Silver tee-Silver basket,54,18,1,10:30:00,61,7,747,182,True,False,18,61,True,True,True
49952,2021,FA1,2,392286,157302,157302,851,Round 2,2021-07-18,Jen Cotton,,Cold Hollow Disc Golf Course,Short Layout,58,18,1,09:30:00,56,-2,858,165,True,False,18,56,True,True,True
49952,2021,FA1,2,392286,132857,132857,830,Round 2,2021-07-18,Serena Lamson,,Cold Hollow Disc Golf Course,Short Layout,58,18,2,09:30:00,56,-2,858,164,True,False,18,56,True,True,True
49952,2021,FA1,2,392286,165174,165174,728,Round 2,2021-07-18,Kiree LaPointe,,Cold Hollow Disc Golf Course,Short Layout,58,18,4,09:30:00,57,-1,845,182,True,False,18,57,True,True,True
49952,2021,FA1,2,392286,122613,122613,774,Round 2,2021-07-18,Kelly Heslin,889,Cold Hollow Disc Golf Course,Short Layout,58,18,3,09:30:00,62,4,781,183,True,False,18,62,True,True,True
49952,2021,FA1,3,392236,132857,132857,830,Round 3,2021-07-18,Serena Lamson,,Black Falls Disc Golf Course,Silver tee-Silver basket,54,18,2,10:20:00,52,-2,871,164,True,False,18,52,True,True,True
49952,2021,FA1,3,392236,157302,157302,851,Round 3,2021-07-18,Jen Cotton,,Black Falls Disc Golf Course,Silver tee-Silver basket,54,18,1,10:20:00,58,4,788,165,True,False,18,58,True,True,True
49952,2021,FA1,3,392236,165174,165174,728,Round 3,2021-07-18,Kiree LaPointe,,Black Falls Disc Golf Course,Silver tee-Silver basket,54,18,3,10:20:00,64,10,706,182,True,False,18,64,True,True,True
49952,2021,FA1,3,392236,122613,122613,774,Round 3,2021-07-18,Kelly Heslin,889,Black Falls Disc Golf Course,Silver tee-Silver basket,54,18,4,10:20:00,61,7,747,183,True,False,18,61,True,True,True
49952,2021,FA2,1,392236,94272,94272,744,Round 1,2021-07-18,Gabrielle Pozzani,818,Black Falls Disc Golf Course,Silver tee-Silver basket,54,18,3,09:00:00,58,4,788,188,True,False,18,58,True,True,True
49952,2021,FA2,1,392236,name:jill betts,,,Round 1,2021-07-18,Jill Betts,,Black Falls Disc Golf Course,Silver tee-Silver basket,54,18,2,09:10:00,64,10,706,187,True,False,18,64,True,True,True
49952,2021,FA2,1,392236,name:sarah silva,,,Round 1,2021-07-18,Sarah Silva,,Black Falls Disc Golf Course,Silver tee-Silver basket,54,18,3,09:10:00,64,10,706,187,True,False,18,64,True,True,True
49952,2021,FA2,1,392236,172895,172895,697,Round 1,2021-07-18,Cara Tatro,737,Black Falls Disc Golf Course,Silver tee-Silver basket,54,18,2,09:00:00,66,12,678,195,True,False,18,66,True,True,True
49952,2021,FA2,1,392236,161647,161647,633,Round 1,2021-07-18,Michele Sargent,611,Black Falls Disc Golf Course,Silver tee-Silver basket,54,18,1,09:00:00,67,13,664,203,True,False,18,67,True,True,True
49952,2021,FA2,1,392236,name:tara jones,,,Round 1,2021-07-18,Tara Jones,,Black Falls Disc Golf Course,Silver tee-Silver basket,54,18,1,09:10:00,73,19,581,228,True,False,18,73,True,True,True
49952,2021,FA2,2,392286,94272,94272,744,Round 2,2021-07-18,Gabrielle Pozzani,818,Cold Hollow Disc Golf Course,Short Layout,58,18,1,09:20:00,66,8,730,188,True,False,18,66,True,True,True
49952,2021,FA2,2,392286,name:jill betts,,,Round 2,2021-07-18,Jill Betts,,Cold Hollow Disc Golf Course,Short Layout,58,18,2,09:20:00,62,4,781,187,True,False,18,62,True,True,True
49952,2021,FA2,2,392286,name:sarah silva,,,Round 2,2021-07-18,Sarah Silva,,Cold Hollow Disc Golf Course,Short Layout,58,18,3,09:20:00,65,7,743,187,True,False,18,65,True,True,True
49952,2021,FA2,2,392286,172895,172895,697,Round 2,2021-07-18,Cara Tatro,737,Cold Hollow Disc Golf Course,Short Layout,58,18,4,09:20:00,65,7,743,195,True,False,18,65,True,True,True
49952,2021,FA2,2,392286,161647,161647,633,Round 2,2021-07-18,Michele Sargent,611,Cold Hollow Disc Golf Course,Short Layout,58,18,1,09:10:00,71,13,666,203,True,False,18,71,True,True,True
49952,2021,FA2,2,392286,name:tara jones,,,Round 2,2021-07-18,Tara Jones,,Cold Hollow Disc Golf Course,Short Layout,58,18,3,09:10:00,76,18,602,228,True,False,18,76,True,True,True
49952,2021,FA2,3,392236,name:jill betts,,,Round 3,2021-07-18,Jill Betts,,Black Falls Disc Golf Course,Silver tee-Silver basket,54,18,2,09:20:00,61,7,747,187,True,False,18,61,True,True,True
49952,2021,FA2,3,392236,name:sarah silva,,,Round 3,2021-07-18,Sarah Silva,,Black Falls Disc Golf Course,Silver tee-Silver basket,54,18,3,09:20:00,58,4,788,187,True,False,18,58,True,True,True
49952,2021,FA2,3,392236,94272,94272,744,Round 3,2021-07-18,Gabrielle Pozzani,818,Black Falls Disc Golf Course,Silver tee-Silver basket,54,18,1,09:20:00,64,10,706,188,True,False,18,64,True,True,True
49952,2021,FA2,3,392236,172895,172895,697,Round 3,2021-07-18,Cara Tatro,737,Black Falls Disc Golf Course,Silver tee-Silver basket,54,18,4,09:20:00,64,10,706,195,True,False,18,64,True,True,True
49952,2021,FA2,3,392236,161647,161647,633,Round 3,2021-07-18,Michele Sargent,611,Black Falls Disc Golf Course,Silver tee-Silver basket,54,18,2,09:10:00,65,11,692,203,True,False,18,65,True,True,True
49952,2021,FA2,3,392236,name:tara jones,,,Round 3,2021-07-18,Tara Jones,,Black Falls Disc Golf Course,Silver tee-Silver basket,54,18,3,09:10:00,79,25,498,228,True,False,18,79,True,True,True
49952,2021,MA1,1,392226,89829,89829,907,Round 1,2021-07-18,Garrett Washburn,923,Black Falls Disc Golf Course,Gold tee-Gold basket,58,18,4,11:30:00,57,-1,970,182,True,False,18,57,True,True,True
49952,2021,MA1,1,392226,121362,121362,948,Round 1,2021-07-18,Jonathan Russo,951,Black Falls Disc Golf Course,Gold tee-Gold basket,58,18,4,11:40:00,58,0,961,176,True,False,18,58,True,True,True
49952,2021,MA1,1,392226,121418,121418,898,Round 1,2021-07-18,Brian Charash,,Black Falls Disc Golf Course,Gold tee-Gold basket,58,18,2,11:30:00,59,1,952,180,True,False,18,59,True,True,True
49952,2021,MA1,1,392226,96355,96355,914,Round 1,2021-07-18,Louis Annino,906,Black Falls Disc Golf Course,Gold tee-Gold basket,58,18,1,11:40:00,60,2,942,188,True,False,18,60,True,True,True
49952,2021,MA1,1,392226,118928,118928,921,Round 1,2021-07-18,Tyler Pomichter,926,Black Falls Disc Golf Course,Gold tee-Gold basket,58,18,3,11:30:00,61,3,933,172,True,False,18,61,True,True,True
49952,2021,MA1,1,392226,100885,100885,916,Round 1,2021-07-18,Jacob Moore,945,Black Falls Disc Golf Course,Gold tee-Gold basket,58,18,1,11:30:00,63,5,915,179,True,False,18,63,True,True,True
49952,2021,MA1,1,392226,125328,125328,897,Round 1,2021-07-18,Dana Carpenter,,Black Falls Disc Golf Course,Gold tee-Gold basket,58,18,2,11:20:00,63,5,915,170,True,False,18,63,True,True,True
49952,2021,MA1,1,392226,136937,136937,906,Round 1,2021-07-18,Zach Bossier,,Black Falls Disc Golf Course,Gold tee-Gold basket,58,18,4,11:10:00,63,5,915,186,True,False,18,63,True,True,True
49952,2021,MA1,1,392226,109604,109604,906,Round 1,2021-07-18,Jeremy Hulsey,914,Black Falls Disc Golf Course,Gold tee-Gold basket,58,18,3,11:40:00,65,7,896,190,True,False,18,65,True,True,True
49952,2021,MA1,1,392226,110707,110707,908,Round 1,2021-07-18,Jason Wilson,927,Black Falls Disc Golf Course,Gold tee-Gold basket,58,18,1,11:20:00,65,7,896,189,True,False,18,65,True,True,True
49952,2021,MA1,1,392226,name:conor giard,,,Round 1,2021-07-18,Conor Giard,,Black Falls Disc Golf Course,Gold tee-Gold basket,58,18,2,11:10:00,66,8,887,199,True,False,18,66,True,True,True
49952,2021,MA1,1,392226,50816,50816,861,Round 1,2021-07-18,Tristan Whitehouse,,Black Falls Disc Golf Course,Gold tee-Gold basket,58,18,1,10:20:00,67,9,878,,True,False,18,67,True,True,True
49952,2021,MA1,1,392226,98280,98280,913,Round 1,2021-07-18,Nicholas Reilly,932,Black Falls Disc Golf Course,Gold tee-Gold basket,58,18,2,11:40:00,67,9,878,183,True,False,18,67,True,True,True
49952,2021,MA1,1,392226,131201,131201,920,Round 1,2021-07-18,Tyler LaPerle,973,Black Falls Disc Golf Course,Gold tee-Gold basket,58,18,3,11:10:00,67,9,878,188,True,False,18,67,True,True,True
49952,2021,MA1,1,392226,164158,164158,908,Round 1,2021-07-18,Alex Raub,,Black Falls Disc Golf Course,Gold tee-Gold basket,58,18,4,11:20:00,67,9,878,191,True,False,18,67,True,True,True
49952,2021,MA1,1,392226,137408,137408,792,Round 1,2021-07-18,Aaron Gingras,,Black Falls Disc Golf Course,Gold tee-Gold basket,58,18,3,10:20:00,68,10,868,206,True,False,18,68,True,True,True
49952,2021,MA1,1,392226,138544,138544,856,Round 1,2021-07-18,Chaz Sheperd,924,Black Falls Disc Golf Course,Gold tee-Gold basket,58,18,3,11:20:00,68,10,868,198,True,False,18,68,True,True,True
49952,2021,MA1,1,392226,185963,185963,,Round 1,2021-07-18,Ross Dunham,,Black Falls Disc Golf Course,Gold tee-Gold basket,58,18,4,10:20:00,69,11,859,190,True,False,18,69,True,True,True
49952,2021,MA1,1,392226,169825,169825,863,Round 1,2021-07-18,Gregory Tatro,,Black Falls Disc Golf Course,Gold tee-Gold basket,58,18,2,10:20:00,70,12,850,204,True,False,18,70,True,True,True
49952,2021,MA1,1,392226,42057,42057,912,Round 1,2021-07-18,Seth McQuade,,Black Falls Disc Golf Course,Gold tee-Gold basket,58,18,1,11:10:00,73,15,822,192,True,False,18,73,True,True,True
49952,2021,MA1,2,392276,118928,118928,921,Round 2,2021-07-18,Tyler Pomichter,926,Cold Hollow Disc Golf Course,Long Layout,58,18,1,11:30:00,51,-7,981,172,True,False,18,51,True,True,True
49952,2021,MA1,2,392276,125328,125328,897,Round 2,2021-07-18,Dana Carpenter,,Cold Hollow Disc Golf Course,Long Layout,58,18,3,11:30:00,52,-6,971,170,True,False,18,52,True,True,True
49952,2021,MA1,2,392276,121362,121362,948,Round 2,2021-07-18,Jonathan Russo,951,Cold Hollow Disc Golf Course,Long Layout,58,18,2,11:40:00,57,-1,918,176,True,False,18,57,True,True,True
49952,2021,MA1,2,392276,121418,121418,898,Round 2,2021-07-18,Brian Charash,,Cold Hollow Disc Golf Course,Long Layout,58,18,3,11:40:00,58,0,907,180,True,False,18,58,True,True,True
49952,2021,MA1,2,392276,89829,89829,907,Round 2,2021-07-18,Garrett Washburn,923,Cold Hollow Disc Golf Course,Long Layout,58,18,1,11:40:00,60,2,886,182,True,False,18,60,True,True,True
49952,2021,MA1,2,392276,100885,100885,916,Round 2,2021-07-18,Jacob Moore,945,Cold Hollow Disc Golf Course,Long Layout,58,18,2,11:30:00,55,-3,939,179,True,False,18,55,True,True,True
49952,2021,MA1,2,392276,131201,131201,920,Round 2,2021-07-18,Tyler LaPerle,973,Cold Hollow Disc Golf Course,Long Layout,58,18,2,11:10:00,55,-3,939,188,True,False,18,55,True,True,True
49952,2021,MA1,2,392276,136937,136937,906,Round 2,2021-07-18,Zach Bossier,,Cold Hollow Disc Golf Course,Long Layout,58,18,4,11:30:00,59,1,897,186,True,False,18,59,True,True,True
49952,2021,MA1,2,392276,96355,96355,914,Round 2,2021-07-18,Louis Annino,906,Cold Hollow Disc Golf Course,Long Layout,58,18,4,11:40:00,62,4,865,188,True,False,18,62,True,True,True
49952,2021,MA1,2,392276,98280,98280,913,Round 2,2021-07-18,Nicholas Reilly,932,Cold Hollow Disc Golf Course,Long Layout,58,18,1,11:10:00,56,-2,928,183,True,False,18,56,True,True,True
49952,2021,MA1,2,392276,110707,110707,908,Round 2,2021-07-18,Jason Wilson,927,Cold Hollow Disc Golf Course,Long Layout,58,18,2,11:20:00,58,0,907,189,True,False,18,58,True,True,True
49952,2021,MA1,2,392276,138544,138544,856,Round 2,2021-07-18,Chaz Sheperd,924,Cold Hollow Disc Golf Course,Long Layout,58,18,1,11:00:00,58,0,907,198,True,False,18,58,True,True,True
49952,2021,MA1,2,392276,164158,164158,908,Round 2,2021-07-18,Alex Raub,,Cold Hollow Disc Golf Course,Long Layout,58,18,3,11:10:00,59,1,897,191,True,False,18,59,True,True,True
49952,2021,MA1,2,392276,109604,109604,906,Round 2,2021-07-18,Jeremy Hulsey,914,Cold Hollow Disc Golf Course,Long Layout,58,18,1,11:20:00,61,3,875,190,True,False,18,61,True,True,True
49952,2021,MA1,2,392276,185963,185963,,Round 2,2021-07-18,Ross Dunham,,Cold Hollow Disc Golf Course,Long Layout,58,18,2,11:00:00,59,1,897,190,True,False,18,59,True,True,True
49952,2021,MA1,2,392276,name:conor giard,,,Round 2,2021-07-18,Conor Giard,,Cold Hollow Disc Golf Course,Long Layout,58,18,3,11:20:00,62,4,865,199,True,False,18,62,True,True,True
49952,2021,MA1,2,392276,137408,137408,792,Round 2,2021-07-18,Aaron Gingras,,Cold Hollow Disc Golf Course,Long Layout,58,18,4,11:10:00,62,4,865,206,True,False,18,62,True,True,True
49952,2021,MA1,2,392276,42057,42057,912,Round 2,2021-07-18,Seth McQuade,,Cold Hollow Disc Golf Course,Long Layout,58,18,4,11:00:00,58,0,907,192,True,False,18,58,True,True,True
49952,2021,MA1,2,392276,50816,50816,861,Round 2,2021-07-18,Tristan Whitehouse,,Cold Hollow Disc Golf Course,Long Layout,58,18,4,11:20:00,65,7,833,,True,False,18,65,True,True,True
49952,2021,MA1,2,392276,169825,169825,863,Round 2,2021-07-18,Gregory Tatro,,Cold Hollow Disc Golf Course,Long Layout,58,18,3,11:00:00,66,8,823,204,True,False,18,66,True,True,True
49952,2021,MA1,3,392226,125328,125328,897,Round 3,2021-07-18,Dana Carpenter,,Black Falls Disc Golf Course,Gold tee-Gold basket,58,18,2,11:30:00,55,-3,989,170,True,False,18,55,True,True,True
49952,2021,MA1,3,392226,118928,118928,921,Round 3,2021-07-18,Tyler Pomichter,926,Black Falls Disc Golf Course,Gold tee-Gold basket,58,18,1,11:30:00,60,2,942,172,True,False,18,60,True,True,True
49952,2021,MA1,3,392226,121362,121362,948,Round 3,2021-07-18,Jonathan Russo,951,Black Falls Disc Golf Course,Gold tee-Gold basket,58,18,3,11:30:00,61,3,933,176,True,False,18,61,True,True,True
49952,2021,MA1,3,392226,100885,100885,916,Round 3,2021-07-18,Jacob Moore,945,Black Falls Disc Golf Course,Gold tee-Gold basket,58,18,2,11:20:00,61,3,933,179,True,False,18,61,True,True,True
49952,2021,MA1,3,392226,121418,121418,898,Round 3,2021-07-18,Brian Charash,,Black Falls Disc Golf Course,Gold tee-Gold basket,58,18,4,11:30:00,63,5,915,180,True,False,18,63,True,True,True
49952,2021,MA1,3,392226,89829,89829,907,Round 3,2021-07-18,Garrett Washburn,923,Black Falls Disc Golf Course,Gold tee-Gold basket,58,18,1,11:20:00,65,7,896,182,True,False,18,65,True,True,True
49952,2021,MA1,3,392226,98280,98280,913,Round 3,2021-07-18,Nicholas Reilly,932,Black Falls Disc Golf Course,Gold tee-Gold basket,58,18,2,11:10:00,60,2,942,183,True,False,18,60,True,True,True
49952,2021,MA1,3,392226,136937,136937,906,Round 3,2021-07-18,Zach Bossier,,Black Falls Disc Golf Course,Gold tee-Gold basket,58,18,4,11:20:00,64,6,905,186,True,False,18,64,True,True,True
49952,2021,MA1,3,392226,131201,131201,920,Round 3,2021-07-18,Tyler LaPerle,973,Black Falls Disc Golf Course,Gold tee-Gold basket,58,18,3,11:20:00,66,8,887,188,True,False,18,66,True,True,True
49952,2021,MA1,3,392226,96355,96355,914,Round 3,2021-07-18,Louis Annino,906,Black Falls Disc Golf Course,Gold tee-Gold basket,58,18,1,11:10:00,66,8,887,188,True,False,18,66,True,True,True
49952,2021,MA1,3,392226,110707,110707,908,Round 3,2021-07-18,Jason Wilson,927,Black Falls Disc Golf Course,Gold tee-Gold basket,58,18,3,11:10:00,66,8,887,189,True,False,18,66,True,True,True
49952,2021,MA1,3,392226,185963,185963,,Round 3,2021-07-18,Ross Dunham,,Black Falls Disc Golf Course,Gold tee-Gold basket,58,18,3,11:00:00,62,4,924,190,True,False,18,62,True,True,True
49952,2021,MA1,3,392226,109604,109604,906,Round 3,2021-07-18,Jeremy Hulsey,914,Black Falls Disc Golf Course,Gold tee-Gold basket,58,18,2,11:00:00,64,6,905,190,True,False,18,64,True,True,True
49952,2021,MA1,3,392226,164158,164158,908,Round 3,2021-07-18,Alex Raub,,Black Falls Disc Golf Course,Gold tee-Gold basket,58,18,1,11:00:00,65,7,896,191,True,False,18,65,True,True,True
49952,2021,MA1,3,392226,42057,42057,912,Round 3,2021-07-18,Seth McQuade,,Black Falls Disc Golf Course,Gold tee-Gold basket,58,18,2,10:50:00,61,3,933,192,True,False,18,61,True,True,True
49952,2021,MA1,3,392226,138544,138544,856,Round 3,2021-07-18,Chaz Sheperd,924,Black Falls Disc Golf Course,Gold tee-Gold basket,58,18,4,11:10:00,72,14,831,198,True,False,18,72,True,True,True
49952,2021,MA1,3,392226,name:conor giard,,,Round 3,2021-07-18,Conor Giard,,Black Falls Disc Golf Course,Gold tee-Gold basket,58,18,4,11:00:00,71,13,841,199,True,False,18,71,True,True,True
49952,2021,MA1,3,392226,169825,169825,863,Round 3,2021-07-18,Gregory Tatro,,Black Falls Disc Golf Course,Gold tee-Gold basket,58,18,3,10:50:00,68,10,868,204,True,False,18,68,True,True,True
49952,2021,MA1,3,392226,137408,137408,792,Round 3,2021-07-18,Aaron Gingras,,Black Falls Disc Golf Course,Gold tee-Gold basket,58,18,1,10:50:00,76,18,794,206,True,False,18,76,True,True,True
49952,2021,MA1,3,392226,50816,50816,861,Round 3,2021-07-18,Tristan Whitehouse,,Black Falls Disc Golf Course,Gold tee-Gold basket,58,18,3,10:50:00,,,,,True,True,0,,False,False,False
49952,2021,MA2,1,392236,128700,128700,858,Round 1,2021-07-18,Peter McCarthy,,Black Falls Disc Golf Course,Silver tee-Silver basket,54,18,1,10:00:00,47,-7,941,164,True,False,18,47,True,True,True
49952,2021,MA2,1,392236,109527,109527,886,Round 1,2021-07-18,Mike Wenzel,901,Black Falls Disc Golf Course,Silver tee-Silver basket,54,18,2,09:30:00,48,-6,927,148,True,False,18,48,True,True,True
49952,2021,MA2,1,392236,63896,63896,907,Round 1,2021-07-18,Ross King,899,Black Falls Disc Golf Course,Silver tee-Silver basket,54,18,1,09:40:00,49,-5,913,161,True,False,18,49,True,True,True
49952,2021,MA2,1,392236,175221,175221,859,Round 1,2021-07-18,Nolan Rocheleau,,Black Falls Disc Golf Course,Silver tee-Silver basket,54,18,3,09:40:00,49,-5,913,163,True,False,18,49,True,True,True
49952,2021,MA2,1,392236,84935,84935,869,Round 1,2021-07-18,Droo Fisher,866,Black Falls Disc Golf Course,Silver tee-Silver basket,54,18,1,10:10:00,50,-4,899,158,True,False,18,50,True,True,True
49952,2021,MA2,1,392236,169600,169600,869,Round 1,2021-07-18,Trevor Bryce,901,Black Falls Disc Golf Course,Silver tee-Silver basket,54,18,1,09:50:00,50,-4,899,163,True,False,18,50,True,True,True
49952,2021,MA2,1,392236,93062,93062,862,Round 1,2021-07-18,Tom Slimm,,Black Falls Disc Golf Course,Silver tee-Silver basket,54,18,1,09:30:00,51,-3,885,163,True,False,18,51,True,True,True
49952,2021,MA2,1,392236,137984,137984,876,Round 1,2021-07-18,Tristan Bryce,,Black Falls Disc Golf Course,Silver tee-Silver basket,54,18,2,10:00:00,51,-3,885,169,True,False,18,51,True,True,True
49952,2021,MA2,1,392236,173058,173058,893,Round 1,2021-07-18,Brandon Allaire,950,Black Falls Disc Golf Course,Silver tee-Silver basket,54,18,2,09:50:00,51,-3,885,155,True,False,18,51,True,True,True
49952,2021,MA2,1,392236,176558,176558,898,Round 1,2021-07-18,Devon Brodie,,Black Falls Disc Golf Course,Silver tee-Silver basket,54,18,3,09:50:00,51,-3,885,159,True,False,18,51,True,True,True
49952,2021,MA2,1,392236,138042,138042,858,Round 1,2021-07-18,Russell Freeman,925,Black Falls Disc Golf Course,Silver tee-Silver basket,54,18,3,10:10:00,52,-2,871,155,True,False,18,52,True,True,True
49952,2021,MA2,1,392236,name:dan rico,,,Round 1,2021-07-18,Dan Rico,,Black Falls Disc Golf Course,Silver tee-Silver basket,54,18,3,09:20:00,52,-2,871,173,True,False,18,52,True,True,True
49952,2021,MA2,1,392236,140134,140134,860,Round 1,2021-07-18,Ryan Johnson,,Black Falls Disc Golf Course,Silver tee-Silver basket,54,18,3,10:00:00,53,-1,858,165,True,False,18,53,True,True,True
49952,2021,MA2,1,392236,246266,246266,,Round 1,2021-07-18,Matthew Hayes,,Black Falls Disc Golf Course,Silver tee-Silver basket,54,18,2,09:20:00,53,-1,858,162,True,False,18,53,True,True,True
49952,2021,MA2,1,392236,163523,163523,862,Round 1,2021-07-18,Landon Desroches,866,Black Falls Disc Golf Course,Silver tee-Silver basket,54,18,3,09:30:00,54,0,844,176,True,False,18,54,True,True,True
49952,2021,MA2,1,392236,106970,106970,821,Round 1,2021-07-18,Stefan Farrell,852,Black Falls Disc Golf Course,Silver tee-Silver basket,54,18,2,10:10:00,55,1,830,178,True,False,18,55,True,True,True
49952,2021,MA2,1,392236,169393,169393,880,Round 1,2021-07-18,Aidan Trombley,977,Black Falls Disc Golf Course,Silver tee-Silver basket,54,18,4,10:10:00,56,2,816,169,True,False,18,56,True,True,True
49952,2021,MA2,1,392236,175118,175118,783,Round 1,2021-07-18,Christian Rocheleau,,Black Falls Disc Golf Course,Silver tee-Silver basket,54,18,1,09:20:00,56,2,816,176,True,False,18,56,True,True,True
49952,2021,MA2,1,392236,142606,142606,830,Round 1,2021-07-18,Hudson Elledge,,Black Falls Disc Golf Course,Silver tee-Silver basket,54,18,4,10:00:00,57,3,802,181,True,False,18,57,True,True,True
49952,2021,MA2,1,392236,141253,141253,760,Round 1,2021-07-18,Braden Edwards,,Black Falls Disc Golf Course,Silver tee-Silver basket,54,18,2,09:40:00,59,5,775,180,True,False,18,59,True,True,True
49952,2021,MA2,2,392276,109527,109527,886,Round 2,2021-07-18,Mike Wenzel,901,Cold Hollow Disc Golf Course,Long Layout,58,18,2,10:20:00,54,-4,949,148,True,False,18,54,True,True,True
49952,2021,MA2,2,392276,173058,173058,893,Round 2,2021-07-18,Brandon Allaire,950,Cold Hollow Disc Golf Course,Long Layout,58,18,1,10:00:00,56,-2,928,155,True,False,18,56,True,True,True
49952,2021,MA2,2,392276,175221,175221,859,Round 2,2021-07-18,Nolan Rocheleau,,Cold Hollow Disc Golf Course,Long Layout,58,18,4,10:20:00,59,1,897,163,True,False,18,59,True,True,True
49952,2021,MA2,2,392276,84935,84935,869,Round 2,2021-07-18,Droo Fisher,866,Cold Hollow Disc Golf Course,Long Layout,58,18,1,10:10:00,60,2,886,158,True,False,18,60,True,True,True
49952,2021,MA2,2,392276,63896,63896,907,Round 2,2021-07-18,Ross King,899,Cold Hollow Disc Golf Course,Long Layout,58,18,3,10:20:00,61,3,875,161,True,False,18,61,True,True,True
49952,2021,MA2,2,392276,128700,128700,858,Round 2,2021-07-18,Peter McCarthy,,Cold Hollow Disc Golf Course,Long Layout,58,18,1,10:20:00,63,5,854,164,True,False,18,63,True,True,True
49952,2021,MA2,2,392276,138042,138042,858,Round 2,2021-07-18,Russell Freeman,925,Cold Hollow Disc Golf Course,Long Layout,58,18,3,10:00:00,59,1,897,155,True,False,18,59,True,True,True
49952,2021,MA2,2,392276,93062,93062,862,Round 2,2021-07-18,Tom Slimm,,Cold Hollow Disc Golf Course,Long Layout,58,18,3,10:10:00,60,2,886,163,True,False,18,60,True,True,True
49952,2021,MA2,2,392276,169600,169600,869,Round 2,2021-07-18,Trevor Bryce,901,Cold Hollow Disc Golf Course,Long Layout,58,18,2,10:10:00,61,3,875,163,True,False,18,61,True,True,True
49952,2021,MA2,2,392276,176558,176558,898,Round 2,2021-07-18,Devon Brodie,,Cold Hollow Disc Golf Course,Long Layout,58,18,2,10:00:00,62,4,865,159,True,False,18,62,True,True,True
49952,2021,MA2,2,392276,140134,140134,860,Round 2,2021-07-18,Ryan Johnson,,Cold Hollow Disc Golf Course,Long Layout,58,18,1,09:50:00,62,4,865,165,True,False,18,62,True,True,True
49952,2021,MA2,2,392276,246266,246266,,Round 2,2021-07-18,Matthew Hayes,,Cold Hollow Disc Golf Course,Long Layout,58,18,2,09:50:00,62,4,865,162,True,False,18,62,True,True,True
49952,2021,MA2,2,392276,163523,163523,862,Round 2,2021-07-18,Landon Desroches,866,Cold Hollow Disc Golf Course,Long Layout,58,18,3,09:50:00,63,5,854,176,True,False,18,63,True,True,True
49952,2021,MA2,2,392276,137984,137984,876,Round 2,2021-07-18,Tristan Bryce,,Cold Hollow Disc Golf Course,Long Layout,58,18,4,10:10:00,67,9,812,169,True,False,18,67,True,True,True
49952,2021,MA2,2,392276,169393,169393,880,Round 2,2021-07-18,Aidan Trombley,977,Cold Hollow Disc Golf Course,Long Layout,58,18,1,09:40:00,63,5,854,169,True,False,18,63,True,True,True
49952,2021,MA2,2,392276,name:dan rico,,,Round 2,2021-07-18,Dan Rico,,Cold Hollow Disc Golf Course,Long Layout,58,18,4,10:00:00,67,9,812,173,True,False,18,67,True,True,True
49952,2021,MA2,2,392276,175118,175118,783,Round 2,2021-07-18,Christian Rocheleau,,Cold Hollow Disc Golf Course,Long Layout,58,18,2,09:40:00,66,8,823,176,True,False,18,66,True,True,True
49952,2021,MA2,2,392276,142606,142606,830,Round 2,2021-07-18,Hudson Elledge,,Cold Hollow Disc Golf Course,Long Layout,58,18,3,09:40:00,66,8,823,181,True,False,18,66,True,True,True
49952,2021,MA2,2,392276,106970,106970,821,Round 2,2021-07-18,Stefan Farrell,852,Cold Hollow Disc Golf Course,Long Layout,58,18,4,09:50:00,69,11,791,178,True,False,18,69,True,True,True
49952,2021,MA2,2,392276,141253,141253,760,Round 2,2021-07-18,Braden Edwards,,Cold Hollow Disc Golf Course,Long Layout,58,18,4,09:40:00,67,9,812,180,True,False,18,67,True,True,True
49952,2021,MA2,3,392236,109527,109527,886,Round 3,2021-07-18,Mike Wenzel,901,Black Falls Disc Golf Course,Silver tee-Silver basket,54,18,1,10:10:00,46,-8,954,148,True,False,18,46,True,True,True
49952,2021,MA2,3,392236,138042,138042,858,Round 3,2021-07-18,Russell Freeman,925,Black Falls Disc Golf Course,Silver tee-Silver basket,54,18,3,10:00:00,44,-10,982,155,True,False,18,44,True,True,True
49952,2021,MA2,3,392236,173058,173058,893,Round 3,2021-07-18,Brandon Allaire,950,Black Falls Disc Golf Course,Silver tee-Silver basket,54,18,2,10:10:00,48,-6,927,155,True,False,18,48,True,True,True
49952,2021,MA2,3,392236,84935,84935,869,Round 3,2021-07-18,Droo Fisher,866,Black Falls Disc Golf Course,Silver tee-Silver basket,54,18,4,10:10:00,48,-6,927,158,True,False,18,48,True,True,True
49952,2021,MA2,3,392236,176558,176558,898,Round 3,2021-07-18,Devon Brodie,,Black Falls Disc Golf Course,Silver tee-Silver basket,54,18,2,09:50:00,46,-8,954,159,True,False,18,46,True,True,True
49952,2021,MA2,3,392236,63896,63896,907,Round 3,2021-07-18,Ross King,899,Black Falls Disc Golf Course,Silver tee-Silver basket,54,18,1,10:00:00,51,-3,885,161,True,False,18,51,True,True,True
49952,2021,MA2,3,392236,246266,246266,,Round 3,2021-07-18,Matthew Hayes,,Black Falls Disc Golf Course,Silver tee-Silver basket,54,18,4,09:50:00,47,-7,941,162,True,False,18,47,True,True,True
49952,2021,MA2,3,392236,93062,93062,862,Round 3,2021-07-18,Tom Slimm,,Black Falls Disc Golf Course,Silver tee-Silver basket,54,18,4,10:00:00,52,-2,871,163,True,False,18,52,True,True,True
49952,2021,MA2,3,392236,169600,169600,869,Round 3,2021-07-18,Trevor Bryce,901,Black Falls Disc Golf Course,Silver tee-Silver basket,54,18,1,09:50:00,52,-2,871,163,True,False,18,52,True,True,True
49952,2021,MA2,3,392236,175221,175221,859,Round 3,2021-07-18,Nolan Rocheleau,,Black Falls Disc Golf Course,Silver tee-Silver basket,54,18,3,10:10:00,55,1,830,163,True,False,18,55,True,True,True
49952,2021,MA2,3,392236,128700,128700,858,Round 3,2021-07-18,Peter McCarthy,,Black Falls Disc Golf Course,Silver tee-Silver basket,54,18,2,10:00:00,54,0,844,164,True,False,18,54,True,True,True
49952,2021,MA2,3,392236,140134,140134,860,Round 3,2021-07-18,Ryan Johnson,,Black Falls Disc Golf Course,Silver tee-Silver basket,54,18,3,09:50:00,50,-4,899,165,True,False,18,50,True,True,True
49952,2021,MA2,3,392236,169393,169393,880,Round 3,2021-07-18,Aidan Trombley,977,Black Falls Disc Golf Course,Silver tee-Silver basket,54,18,3,09:40:00,50,-4,899,169,True,False,18,50,True,True,True
49952,2021,MA2,3,392236,137984,137984,876,Round 3,2021-07-18,Tristan Bryce,,Black Falls Disc Golf Course,Silver tee-Silver basket,54,18,2,09:40:00,51,-3,885,169,True,False,18,51,True,True,True
49952,2021,MA2,3,392236,name:dan rico,,,Round 3,2021-07-18,Dan Rico,,Black Falls Disc Golf Course,Silver tee-Silver basket,54,18,4,09:40:00,54,0,844,173,True,False,18,54,True,True,True
49952,2021,MA2,3,392236,175118,175118,783,Round 3,2021-07-18,Christian Rocheleau,,Black Falls Disc Golf Course,Silver tee-Silver basket,54,18,1,09:30:00,54,0,844,176,True,False,18,54,True,True,True
49952,2021,MA2,3,392236,163523,163523,862,Round 3,2021-07-18,Landon Desroches,866,Black Falls Disc Golf Course,Silver tee-Silver basket,54,18,1,09:40:00,59,5,775,176,True,False,18,59,True,True,True
49952,2021,MA2,3,392236,106970,106970,821,Round 3,2021-07-18,Stefan Farrell,852,Black Falls Disc Golf Course,Silver tee-Silver basket,54,18,3,09:30:00,54,0,844,178,True,False,18,54,True,True,True
49952,2021,MA2,3,392236,141253,141253,760,Round 3,2021-07-18,Braden Edwards,,Black Falls Disc Golf Course,Silver tee-Silver basket,54,18,4,09:30:00,54,0,844,180,True,False,18,54,True,True,True
49952,2021,MA2,3,392236,142606,142606,830,Round 3,2021-07-18,Hudson Elledge,,Black Falls Disc Golf Course,Silver tee-Silver basket,54,18,2,09:30:00,58,4,788,181,True,False,18,58,True,True,True
49952,2021,MA3,1,392236,140732,140732,819,Round 1,2021-07-18,Matt Saltus,821,Black Falls Disc Golf Course,Silver tee-Silver basket,54,18,1,08:40:00,54,0,844,166,True,False,18,54,True,True,True
49952,2021,MA3,1,392236,145666,145666,845,Round 1,2021-07-18,Wesley Pollock,,Black Falls Disc Golf Course,Silver tee-Silver basket,54,18,2,08:40:00,55,1,830,169,True,False,18,55,True,True,True
49952,2021,MA3,1,392236,name:brian tomlinson,,,Round 1,2021-07-18,Brian Tomlinson,,Black Falls Disc Golf Course,Silver tee-Silver basket,54,18,5,08:40:00,57,3,802,178,True,False,18,57,True,True,True
49952,2021,MA3,1,392236,163515,163515,847,Round 1,2021-07-18,Matthew Caldwell,,Black Falls Disc Golf Course,Silver tee-Silver basket,54,18,4,08:40:00,58,4,788,171,True,False,18,58,True,True,True
49952,2021,MA3,1,392236,155933,155933,798,Round 1,2021-07-18,Mourning Fox,,Black Falls Disc Golf Course,Silver tee-Silver basket,54,18,3,08:40:00,65,11,692,189,True,False,18,65,True,True,True
49952,2021,MA3,2,392286,140732,140732,819,Round 2,2021-07-18,Matt Saltus,821,Cold Hollow Disc Golf Course,Short Layout,58,18,1,08:50:00,56,-2,858,166,True,False,18,56,True,True,True
49952,2021,MA3,2,392286,145666,145666,845,Round 2,2021-07-18,Wesley Pollock,,Cold Hollow Disc Golf Course,Short Layout,58,18,2,08:50:00,56,-2,858,169,True,False,18,56,True,True,True
49952,2021,MA3,2,392286,name:brian tomlinson,,,Round 2,2021-07-18,Brian Tomlinson,,Cold Hollow Disc Golf Course,Short Layout,58,18,3,08:50:00,57,-1,845,178,True,False,18,57,True,True,True
49952,2021,MA3,2,392286,163515,163515,847,Round 2,2021-07-18,Matthew Caldwell,,Cold Hollow Disc Golf Course,Short Layout,58,18,4,08:50:00,58,0,832,171,True,False,18,58,True,True,True
49952,2021,MA3,2,392286,155933,155933,798,Round 2,2021-07-18,Mourning Fox,,Cold Hollow Disc Golf Course,Short Layout,58,18,5,08:50:00,67,9,717,189,True,False,18,67,True,True,True
49952,2021,MA3,3,392236,140732,140732,819,Round 3,2021-07-18,Matt Saltus,821,Black Falls Disc Golf Course,Silver tee-Silver basket,54,18,1,08:40:00,56,2,816,166,True,False,18,56,True,True,True
49952,2021,MA3,3,392236,145666,145666,845,Round 3,2021-07-18,Wesley Pollock,,Black Falls Disc Golf Course,Silver tee-Silver basket,54,18,2,08:40:00,58,4,788,169,True,False,18,58,True,True,True
49952,2021,MA3,3,392236,163515,163515,847,Round 3,2021-07-18,Matthew Caldwell,,Black Falls Disc Golf Course,Silver tee-Silver basket,54,18,4,08:40:00,55,1,830,171,True,False,18,55,True,True,True
49952,2021,MA3,3,392236,name:brian tomlinson,,,Round 3,2021-07-18,Brian Tomlinson,,Black Falls Disc Golf Course,Silver tee-Silver basket,54,18,3,08:40:00,64,10,706,178,True,False,18,64,True,True,True
49952,2021,MA3,3,392236,155933,155933,798,Round 3,2021-07-18,Mourning Fox,,Black Falls Disc Golf Course,Silver tee-Silver basket,54,18,5,08:40:00,57,3,802,189,True,False,18,57,True,True,True
49952,2021,MA40,1,392226,36062,36062,890,Round 1,2021-07-18,Andrew Powell,852,Black Falls Disc Golf Course,Gold tee-Gold basket,58,18,3,11:00:00,64,6,905,184,True,False,18,64,True,True,True
49952,2021,MA40,1,392226,137937,137937,772,Round 1,2021-07-18,Peter Auclair,,Black Falls Disc Golf Course,Gold tee-Gold basket,58,18,1,11:00:00,81,23,748,231,True,False,18,81,True,True,True
49952,2021,MA40,1,392226,161644,161644,796,Round 1,2021-07-18,Garrett Sargent,818,Black Falls Disc Golf Course,Gold tee-Gold basket,58,18,2,11:00:00,85,27,711,229,True,False,18,85,True,True,True
49952,2021,MA40,2,392276,36062,36062,890,Round 2,2021-07-18,Andrew Powell,852,Cold Hollow Disc Golf Course,Long Layout,58,18,1,10:50:00,57,-1,918,184,True,False,18,57,True,True,True
49952,2021,MA40,2,392276,137937,137937,772,Round 2,2021-07-18,Peter Auclair,,Cold Hollow Disc Golf Course,Long Layout,58,18,2,10:50:00,68,10,801,231,True,False,18,68,True,True,True
49952,2021,MA40,2,392276,161644,161644,796,Round 2,2021-07-18,Garrett Sargent,818,Cold Hollow Disc Golf Course,Long Layout,58,18,3,10:50:00,68,10,801,229,True,False,18,68,True,True,True
49952,2021,MA40,3,392226,36062,36062,890,Round 3,2021-07-18,Andrew Powell,852,Black Falls Disc Golf Course,Gold tee-Gold basket,58,18,1,11:50:00,63,5,915,184,True,False,18,63,True,True,True
49952,2021,MA40,3,392226,161644,161644,796,Round 3,2021-07-18,Garrett Sargent,818,Black Falls Disc Golf Course,Gold tee-Gold basket,58,18,3,11:50:00,76,18,794,229,True,False,18,76,True,True,True
49952,2021,MA40,3,392226,137937,137937,772,Round 3,2021-07-18,Peter Auclair,,Black Falls Disc Golf Course,Gold tee-Gold basket,58,18,2,11:50:00,82,24,739,231,True,False,18,82,True,True,True
49952,2021,MA50,1,392236,74288,74288,911,Round 1,2021-07-18,Gregg Guillily,889,Black Falls Disc Golf Course,Silver tee-Silver basket,54,18,3,10:40:00,48,-6,927,160,True,False,18,48,True,True,True
49952,2021,MA50,1,392236,91301,91301,894,Round 1,2021-07-18,Michael A. Stridsberg,898,Black Falls Disc Golf Course,Silver tee-Silver basket,54,18,2,10:40:00,49,-5,913,165,True,False,18,49,True,True,True
49952,2021,MA50,1,392236,166239,166239,901,Round 1,2021-07-18,Tom Raub,958,Black Falls Disc Golf Course,Silver tee-Silver basket,54,18,5,10:40:00,50,-4,899,157,True,False,18,50,True,True,True
49952,2021,MA50,1,392236,122689,122689,770,Round 1,2021-07-18,Doug Underhill,,Black Falls Disc Golf Course,Silver tee-Silver basket,54,18,1,10:40:00,53,-1,858,182,True,False,18,53,True,True,True
49952,2021,MA50,1,392236,131352,131352,771,Round 1,2021-07-18,David Havens,816,Black Falls Disc Golf Course,Silver tee-Silver basket,54,18,4,10:40:00,59,5,775,184,True,False,18,59,True,True,True
49952,2021,MA50,2,392276,166239,166239,901,Round 2,2021-07-18,Tom Raub,958,Cold Hollow Disc Golf Course,Long Layout,58,18,3,10:30:00,58,0,907,157,True,False,18,58,True,True,True
49952,2021,MA50,2,392276,74288,74288,911,Round 2,2021-07-18,Gregg Guillily,889,Cold Hollow Disc Golf Course,Long Layout,58,18,1,10:30:00,62,4,865,160,True,False,18,62,True,True,True
49952,2021,MA50,2,392276,91301,91301,894,Round 2,2021-07-18,Michael A. Stridsberg,898,Cold Hollow Disc Golf Course,Long Layout,58,18,2,10:30:00,67,9,812,165,True,False,18,67,True,True,True
49952,2021,MA50,2,392276,122689,122689,770,Round 2,2021-07-18,Doug Underhill,,Cold Hollow Disc Golf Course,Long Layout,58,18,4,10:30:00,67,9,812,182,True,False,18,67,True,True,True
49952,2021,MA50,2,392276,131352,131352,771,Round 2,2021-07-18,David Havens,816,Cold Hollow Disc Golf Course,Long Layout,58,18,5,10:30:00,73,15,749,184,True,False,18,73,True,True,True
49952,2021,MA50,3,392236,166239,166239,901,Round 3,2021-07-18,Tom Raub,958,Black Falls Disc Golf Course,Silver tee-Silver basket,54,18,1,10:30:00,49,-5,913,157,True,False,18,49,True,True,True
49952,2021,MA50,3,392236,74288,74288,911,Round 3,2021-07-18,Gregg Guillily,889,Black Falls Disc Golf Course,Silver tee-Silver basket,54,18,2,10:30:00,50,-4,899,160,True,False,18,50,True,True,True
49952,2021,MA50,3,392236,91301,91301,894,Round 3,2021-07-18,Michael A. Stridsberg,898,Black Falls Disc Golf Course,Silver tee-Silver basket,54,18,3,10:30:00,49,-5,913,165,True,False,18,49,True,True,True
49952,2021,MA50,3,392236,122689,122689,770,Round 3,2021-07-18,Doug Underhill,,Black Falls Disc Golf Course,Silver tee-Silver basket,54,18,4,10:30:00,62,8,733,182,True,False,18,62,True,True,True
49952,2021,MA50,3,392236,131352,131352,771,Round 3,2021-07-18,David Havens,816,Black Falls Disc Golf Course,Silver tee-Silver basket,54,18,5,10:30:00,52,-2,871,184,True,False,18,52,True,True,True
49952,2021,MJ12,1,392236,name:ethan silva,,,Round 1,2021-07-18,Ethan Silva,,Black Falls Disc Golf Course,Silver tee-Silver basket,54,18,4,09:50:00,67,13,664,205,True,False,18,67,True,True,True
49952,2021,MJ12,2,392286,name:ethan silva,,,Round 2,2021-07-18,Ethan Silva,,Cold Hollow Disc Golf Course,Short Layout,58,18,2,09:10:00,68,10,704,205,True,False,18,68,True,True,True
49952,2021,MJ12,3,392236,name:ethan silva,,,Round 3,2021-07-18,Ethan Silva,,Black Falls Disc Golf Course,Silver tee-Silver basket,54,18,1,09:10:00,70,16,623,205,True,False,18,70,True,True,True
49952,2021,MP40,1,392226,63390,63390,976,Round 1,2021-07-18,Jim Bailey,986,Black Falls Disc Golf Course,Gold tee-Gold basket,58,18,1,13:10:00,56,-2,979,167,True,False,18,56,True,True,True
49952,2021,MP40,1,392226,24381,24381,962,Round 1,2021-07-18,Chris Young,937,Black Falls Disc Golf Course,Gold tee-Gold basket,58,18,1,13:30:00,57,-1,970,176,True,False,18,57,True,True,True
49952,2021,MP40,1,392226,22318,22318,942,Round 1,2021-07-18,Aaron Smartt,965,Black Falls Disc Golf Course,Gold tee-Gold basket,58,18,1,13:00:00,58,0,961,173,True,False,18,58,True,True,True
49952,2021,MP40,1,392226,64654,64654,913,Round 1,2021-07-18,Matthew Zabawa,,Black Falls Disc Golf Course,Gold tee-Gold basket,58,18,2,13:10:00,60,2,942,184,True,False,18,60,True,True,True
49952,2021,MP40,1,392226,119003,119003,932,Round 1,2021-07-18,Joshua Wedel,942,Black Falls Disc Golf Course,Gold tee-Gold basket,58,18,2,13:20:00,60,2,942,171,True,False,18,60,True,True,True
49952,2021,MP40,1,392226,15089,15089,919,Round 1,2021-07-18,Jeremy JJ Becker,887,Black Falls Disc Golf Course,Gold tee-Gold basket,58,18,4,13:30:00,61,3,933,192,True,False,18,61,True,True,True
49952,2021,MP40,1,392226,23565,23565,927,Round 1,2021-07-18,Shane M. Tewksbury,925,Black Falls Disc Golf Course,Gold tee-Gold basket,58,18,3,13:30:00,61,3,933,188,True,False,18,61,True,True,True
49952,2021,MP40,1,392226,94273,94273,879,Round 1,2021-07-18,Marques Pozzani,863,Black Falls Disc Golf Course,Gold tee-Gold basket,58,18,2,13:30:00,62,4,924,188,True,False,18,62,True,True,True
49952,2021,MP40,1,392226,36646,36646,911,Round 1,2021-07-18,Matthew Heenan,909,Black Falls Disc Golf Course,Gold tee-Gold basket,58,18,3,13:10:00,65,7,896,192,True,False,18,65,True,True,True
49952,2021,MP40,1,392226,97356,97356,919,Round 1,2021-07-18,Jason Guild,934,Black Falls Disc Golf Course,Gold tee-Gold basket,58,18,4,13:10:00,65,7,896,187,True,False,18,65,True,True,True
49952,2021,MP40,1,392226,159476,159476,919,Round 1,2021-07-18,James Lightholder,899,Black Falls Disc Golf Course,Gold tee-Gold basket,58,18,3,13:20:00,66,8,887,194,True,False,18,66,True,True,True
49952,2021,MP40,1,392226,120721,120721,893,Round 1,2021-07-18,Kurtis Rogers,903,Black Falls Disc Golf Course,Gold tee-Gold basket,58,18,4,13:20:00,67,9,878,191,True,False,18,67,True,True,True
49952,2021,MP40,1,392226,99260,99260,896,Round 1,2021-07-18,Matthew Martell,880,Black Falls Disc Golf Course,Gold tee-Gold basket,58,18,3,13:00:00,69,11,859,207,True,False,18,69,True,True,True
49952,2021,MP40,1,392226,73588,73588,875,Round 1,2021-07-18,Will Cleland,910,Black Falls Disc Golf Course,Gold tee-Gold basket,58,18,1,13:20:00,74,16,813,200,True,False,18,74,True,True,True
49952,2021,MP40,1,392226,185094,185094,,Round 1,2021-07-18,Jared Locke,,Black Falls Disc Golf Course,Gold tee-Gold basket,58,18,2,13:00:00,77,19,785,211,True,False,18,77,True,True,True
49952,2021,MP40,2,392276,63390,63390,976,Round 2,2021-07-18,Jim Bailey,986,Cold Hollow Disc Golf Course,Long Layout,58,18,1,12:30:00,52,-6,971,167,True,False,18,52,True,True,True
49952,2021,MP40,2,392276,119003,119003,932,Round 2,2021-07-18,Joshua Wedel,942,Cold Hollow Disc Golf Course,Long Layout,58,18,1,12:20:00,53,-5,960,171,True,False,18,53,True,True,True
49952,2021,MP40,2,392276,22318,22318,942,Round 2,2021-07-18,Aaron Smartt,965,Cold Hollow Disc Golf Course,Long Layout,58,18,3,12:30:00,57,-1,918,173,True,False,18,57,True,True,True
49952,2021,MP40,2,392276,24381,24381,962,Round 2,2021-07-18,Chris Young,937,Cold Hollow Disc Golf Course,Long Layout,58,18,2,12:30:00,58,0,907,176,True,False,18,58,True,True,True
49952,2021,MP40,2,392276,15089,15089,919,Round 2,2021-07-18,Jeremy JJ Becker,887,Cold Hollow Disc Golf Course,Long Layout,58,18,2,12:20:00,56,-2,928,192,True,False,18,56,True,True,True
49952,2021,MP40,2,392276,64654,64654,913,Round 2,2021-07-18,Matthew Zabawa,,Cold Hollow Disc Golf Course,Long Layout,58,18,4,12:30:00,57,-1,918,184,True,False,18,57,True,True,True
49952,2021,MP40,2,392276,94273,94273,879,Round 2,2021-07-18,Marques Pozzani,863,Cold Hollow Disc Golf Course,Long Layout,58,18,4,12:20:00,58,0,907,188,True,False,18,58,True,True,True
49952,2021,MP40,2,392276,23565,23565,927,Round 2,2021-07-18,Shane M. Tewksbury,925,Cold Hollow Disc Golf Course,Long Layout,58,18,3,12:20:00,61,3,875,188,True,False,18,61,True,True,True
49952,2021,MP40,2,392276,36646,36646,911,Round 2,2021-07-18,Matthew Heenan,909,Cold Hollow Disc Golf Course,Long Layout,58,18,1,12:10:00,58,0,907,192,True,False,18,58,True,True,True
49952,2021,MP40,2,392276,120721,120721,893,Round 2,2021-07-18,Kurtis Rogers,903,Cold Hollow Disc Golf Course,Long Layout,58,18,4,12:10:00,59,1,897,191,True,False,18,59,True,True,True
49952,2021,MP40,2,392276,159476,159476,919,Round 2,2021-07-18,James Lightholder,899,Cold Hollow Disc Golf Course,Long Layout,58,18,3,12:10:00,60,2,886,194,True,False,18,60,True,True,True
49952,2021,MP40,2,392276,97356,97356,919,Round 2,2021-07-18,Jason Guild,934,Cold Hollow Disc Golf Course,Long Layout,58,18,2,12:10:00,61,3,875,187,True,False,18,61,True,True,True
49952,2021,MP40,2,392276,73588,73588,875,Round 2,2021-07-18,Will Cleland,910,Cold Hollow Disc Golf Course,Long Layout,58,18,2,12:00:00,61,3,875,200,True,False,18,61,True,True,True
49952,2021,MP40,2,392276,99260,99260,896,Round 2,2021-07-18,Matthew Martell,880,Cold Hollow Disc Golf Course,Long Layout,58,18,1,12:00:00,66,8,823,207,True,False,18,66,True,True,True
49952,2021,MP40,2,392276,185094,185094,,Round 2,2021-07-18,Jared Locke,,Cold Hollow Disc Golf Course,Long Layout,58,18,3,12:00:00,63,5,854,211,True,False,18,63,True,True,True
49952,2021,MP40,3,392226,63390,63390,976,Round 3,2021-07-18,Jim Bailey,986,Black Falls Disc Golf Course,Gold tee-Gold basket,58,18,1,13:40:00,59,1,952,167,True,False,18,59,True,True,True
49952,2021,MP40,3,392226,119003,119003,932,Round 3,2021-07-18,Joshua Wedel,942,Black Falls Disc Golf Course,Gold tee-Gold basket,58,18,2,13:40:00,58,0,961,171,True,False,18,58,True,True,True
49952,2021,MP40,3,392226,22318,22318,942,Round 3,2021-07-18,Aaron Smartt,965,Black Falls Disc Golf Course,Gold tee-Gold basket,58,18,3,13:40:00,58,0,961,173,True,False,18,58,True,True,True
49952,2021,MP40,3,392226,24381,24381,962,Round 3,2021-07-18,Chris Young,937,Black Falls Disc Golf Course,Gold tee-Gold basket,58,18,4,13:40:00,61,3,933,176,True,False,18,61,True,True,True
49952,2021,MP40,3,392226,64654,64654,913,Round 3,2021-07-18,Matthew Zabawa,,Black Falls Disc Golf Course,Gold tee-Gold basket,58,18,2,13:30:00,67,9,878,184,True,False,18,67,True,True,True
49952,2021,MP40,3,392226,97356,97356,919,Round 3,2021-07-18,Jason Guild,934,Black Falls Disc Golf Course,Gold tee-Gold basket,58,18,4,13:20:00,61,3,933,187,True,False,18,61,True,True,True
49952,2021,MP40,3,392226,23565,23565,927,Round 3,2021-07-18,Shane M. Tewksbury,925,Black Falls Disc Golf Course,Gold tee-Gold basket,58,18,4,13:30:00,66,8,887,188,True,False,18,66,True,True,True
49952,2021,MP40,3,392226,94273,94273,879,Round 3,2021-07-18,Marques Pozzani,863,Black Falls Disc Golf Course,Gold tee-Gold basket,58,18,3,13:30:00,68,10,868,188,True,False,18,68,True,True,True
49952,2021,MP40,3,392226,120721,120721,893,Round 3,2021-07-18,Kurtis Rogers,903,Black Falls Disc Golf Course,Gold tee-Gold basket,58,18,2,13:20:00,65,7,896,191,True,False,18,65,True,True,True
49952,2021,MP40,3,392226,36646,36646,911,Round 3,2021-07-18,Matthew Heenan,909,Black Falls Disc Golf Course,Gold tee-Gold basket,58,18,1,13:20:00,69,11,859,192,True,False,18,69,True,True,True
49952,2021,MP40,3,392226,15089,15089,919,Round 3,2021-07-18,Jeremy JJ Becker,887,Black Falls Disc Golf Course,Gold tee-Gold basket,58,18,1,13:30:00,75,17,804,192,True,False,18,75,True,True,True
49952,2021,MP40,3,392226,159476,159476,919,Round 3,2021-07-18,James Lightholder,899,Black Falls Disc Golf Course,Gold tee-Gold basket,58,18,3,13:20:00,68,10,868,194,True,False,18,68,True,True,True
49952,2021,MP40,3,392226,73588,73588,875,Round 3,2021-07-18,Will Cleland,910,Black Falls Disc Golf Course,Gold tee-Gold basket,58,18,1,13:10:00,65,7,896,200,True,False,18,65,True,True,True
49952,2021,MP40,3,392226,99260,99260,896,Round 3,2021-07-18,Matthew Martell,880,Black Falls Disc Golf Course,Gold tee-Gold basket,58,18,2,13:10:00,72,14,831,207,True,False,18,72,True,True,True
49952,2021,MP40,3,392226,185094,185094,,Round 3,2021-07-18,Jared Locke,,Black Falls Disc Golf Course,Gold tee-Gold basket,58,18,3,13:10:00,71,13,841,211,True,False,18,71,True,True,True
49952,2021,MP50,1,392226,84880,84880,914,Round 1,2021-07-18,Marcos Miller,,Black Falls Disc Golf Course,Gold tee-Gold basket,58,18,3,12:00:00,60,2,942,178,True,False,18,60,True,True,True
49952,2021,MP50,1,392226,77623,77623,914,Round 1,2021-07-18,Cary Powell,909,Black Falls Disc Golf Course,Gold tee-Gold basket,58,18,1,12:00:00,62,4,924,185,True,False,18,62,True,True,True
49952,2021,MP50,1,392226,81150,81150,906,Round 1,2021-07-18,Steven Valkenberg,,Black Falls Disc Golf Course,Gold tee-Gold basket,58,18,2,12:00:00,70,12,850,188,True,False,18,70,True,True,True
49952,2021,MP50,2,392276,84880,84880,914,Round 2,2021-07-18,Marcos Miller,,Cold Hollow Disc Golf Course,Long Layout,58,18,1,11:50:00,57,-1,918,178,True,False,18,57,True,True,True
49952,2021,MP50,2,392276,77623,77623,914,Round 2,2021-07-18,Cary Powell,909,Cold Hollow Disc Golf Course,Long Layout,58,18,2,11:50:00,59,1,897,185,True,False,18,59,True,True,True
49952,2021,MP50,2,392276,81150,81150,906,Round 2,2021-07-18,Steven Valkenberg,,Cold Hollow Disc Golf Course,Long Layout,58,18,3,11:50:00,56,-2,928,188,True,False,18,56,True,True,True
49952,2021,MP50,3,392226,84880,84880,914,Round 3,2021-07-18,Marcos Miller,,Black Falls Disc Golf Course,Gold tee-Gold basket,58,18,1,12:00:00,61,3,933,178,True,False,18,61,True,True,True
49952,2021,MP50,3,392226,77623,77623,914,Round 3,2021-07-18,Cary Powell,909,Black Falls Disc Golf Course,Gold tee-Gold basket,58,18,2,12:00:00,64,6,905,185,True,False,18,64,True,True,True
49952,2021,MP50,3,392226,81150,81150,906,Round 3,2021-07-18,Steven Valkenberg,,Black Falls Disc Golf Course,Gold tee-Gold basket,58,18,3,12:00:00,62,4,924,188,True,False,18,62,True,True,True
49952,2021,MPO,1,392226,136903,136903,952,Round 1,2021-07-18,Alex Ferguson,957,Black Falls Disc Golf Course,Gold tee-Gold basket,58,18,3,12:30:00,54,-4,998,169,True,False,18,54,True,True,True
49952,2021,MPO,1,392226,140874,140874,933,Round 1,2021-07-18,Hunter Martin,953,Black Falls Disc Golf Course,Gold tee-Gold basket,58,18,3,12:20:00,54,-4,998,169,True,False,18,54,True,True,True
49952,2021,MPO,1,392226,74240,74240,940,Round 1,2021-07-18,Christopher Martin,962,Black Falls Disc Golf Course,Gold tee-Gold basket,58,18,1,12:20:00,55,-3,989,170,True,False,18,55,True,True,True
49952,2021,MPO,1,392226,106285,106285,959,Round 1,2021-07-18,Max Nash-Howe,944,Black Falls Disc Golf Course,Gold tee-Gold basket,58,18,1,12:30:00,55,-3,989,161,True,False,18,55,True,True,True
49952,2021,MPO,1,392226,103627,103627,976,Round 1,2021-07-18,Clayton Davis,,Black Falls Disc Golf Course,Gold tee-Gold basket,58,18,2,12:20:00,56,-2,979,164,True,False,18,56,True,True,True
49952,2021,MPO,1,392226,31562,31562,947,Round 1,2021-07-18,Jonathan Betts,948,Black Falls Disc Golf Course,Gold tee-Gold basket,58,18,1,12:50:00,59,1,952,172,True,False,18,59,True,True,True
49952,2021,MPO,1,392226,53718,53718,947,Round 1,2021-07-18,Nicholas Ailes,,Black Falls Disc Golf Course,Gold tee-Gold basket,58,18,1,12:10:00,59,1,952,176,True,False,18,59,True,True,True
49952,2021,MPO,1,392226,130922,130922,922,Round 1,2021-07-18,James Bowley,,Black Falls Disc Golf Course,Gold tee-Gold basket,58,18,4,12:20:00,59,1,952,176,True,False,18,59,True,True,True
49952,2021,MPO,1,392226,85036,85036,900,Round 1,2021-07-18,Nolan Power,,Black Falls Disc Golf Course,Gold tee-Gold basket,58,18,1,12:40:00,60,2,942,186,True,False,18,60,True,True,True
49952,2021,MPO,1,392226,109051,109051,863,Round 1,2021-07-18,Taylor Jones,866,Black Falls Disc Golf Course,Gold tee-Gold basket,58,18,4,12:40:00,60,2,942,189,True,False,18,60,True,True,True
49952,2021,MPO,1,392226,116370,116370,915,Round 1,2021-07-18,Tyler Moriarty,,Black Falls Disc Golf Course,Gold tee-Gold basket,58,18,2,12:30:00,60,2,942,178,True,False,18,60,True,True,True
49952,2021,MPO,1,392226,85980,85980,920,Round 1,2021-07-18,Corey Clark,,Black Falls Disc Golf Course,Gold tee-Gold basket,58,18,3,12:50:00,63,5,915,182,True,False,18,63,True,True,True
49952,2021,MPO,1,392226,47930,47930,943,Round 1,2021-07-18,Nicholas Economos,988,Black Falls Disc Golf Course,Gold tee-Gold basket,58,18,4,12:30:00,64,6,905,173,True,False,18,64,True,True,True
49952,2021,MPO,1,392226,134979,134979,947,Round 1,2021-07-18,Jack Conant,,Black Falls Disc Golf Course,Gold tee-Gold basket,58,18,3,12:40:00,64,6,905,,True,False,18,64,True,True,True
49952,2021,MPO,1,392226,141251,141251,892,Round 1,2021-07-18,Owen Wood,939,Black Falls Disc Golf Course,Gold tee-Gold basket,58,18,2,12:10:00,65,7,896,192,True,False,18,65,True,True,True
49952,2021,MPO,1,392226,76314,76314,925,Round 1,2021-07-18,Andrew Trayer,938,Black Falls Disc Golf Course,Gold tee-Gold basket,58,18,2,12:50:00,66,8,887,888,True,False,18,66,True,True,True
49952,2021,MPO,1,392226,107234,107234,886,Round 1,2021-07-18,Sebastian Marshall,,Black Falls Disc Golf Course,Gold tee-Gold basket,58,18,2,12:40:00,66,8,887,188,True,False,18,66,True,True,True
49952,2021,MPO,1,392226,114674,114674,912,Round 1,2021-07-18,Jordan Lamson,,Black Falls Disc Golf Course,Gold tee-Gold basket,58,18,4,12:50:00,67,9,878,183,True,False,18,67,True,True,True
49952,2021,MPO,1,392226,138402,138402,883,Round 1,2021-07-18,Kenneth Antonich,,Black Falls Disc Golf Course,Gold tee-Gold basket,58,18,3,12:10:00,69,11,859,191,True,False,18,69,True,True,True
49952,2021,MPO,2,392276,103627,103627,976,Round 2,2021-07-18,Clayton Davis,,Cold Hollow Disc Golf Course,Long Layout,58,18,1,13:10:00,48,-10,1013,164,True,False,18,48,True,True,True
49952,2021,MPO,2,392276,106285,106285,959,Round 2,2021-07-18,Max Nash-Howe,944,Cold Hollow Disc Golf Course,Long Layout,58,18,4,13:20:00,50,-8,992,161,True,False,18,50,True,True,True
49952,2021,MPO,2,392276,74240,74240,940,Round 2,2021-07-18,Christopher Martin,962,Cold Hollow Disc Golf Course,Long Layout,58,18,3,13:20:00,51,-7,981,170,True,False,18,51,True,True,True
49952,2021,MPO,2,392276,136903,136903,952,Round 2,2021-07-18,Alex Ferguson,957,Cold Hollow Disc Golf Course,Long Layout,58,18,1,13:20:00,56,-2,928,169,True,False,18,56,True,True,True
49952,2021,MPO,2,392276,53718,53718,947,Round 2,2021-07-18,Nicholas Ailes,,Cold Hollow Disc Golf Course,Long Layout,58,18,3,13:10:00,52,-6,971,176,True,False,18,52,True,True,True
49952,2021,MPO,2,392276,140874,140874,933,Round 2,2021-07-18,Hunter Martin,953,Cold Hollow Disc Golf Course,Long Layout,58,18,2,13:20:00,57,-1,918,169,True,False,18,57,True,True,True
49952,2021,MPO,2,392276,130922,130922,922,Round 2,2021-07-18,James Bowley,,Cold Hollow Disc Golf Course,Long Layout,58,18,4,13:10:00,53,-5,960,176,True,False,18,53,True,True,True
49952,2021,MPO,2,392276,116370,116370,915,Round 2,2021-07-18,Tyler Moriarty,,Cold Hollow Disc Golf Course,Long Layout,58,18,3,13:00:00,54,-4,949,178,True,False,18,54,True,True,True
49952,2021,MPO,2,392276,31562,31562,947,Round 2,2021-07-18,Jonathan Betts,948,Cold Hollow Disc Golf Course,Long Layout,58,18,2,13:10:00,56,-2,928,172,True,False,18,56,True,True,True
49952,2021,MPO,2,392276,47930,47930,943,Round 2,2021-07-18,Nicholas Economos,988,Cold Hollow Disc Golf Course,Long Layout,58,18,5,12:50:00,54,-4,949,173,True,False,18,54,True,True,True
49952,2021,MPO,2,392276,107234,107234,886,Round 2,2021-07-18,Sebastian Marshall,,Cold Hollow Disc Golf Course,Long Layout,58,18,1,12:40:00,53,-5,960,188,True,False,18,53,True,True,True
49952,2021,MPO,2,392276,85036,85036,900,Round 2,2021-07-18,Nolan Power,,Cold Hollow Disc Golf Course,Long Layout,58,18,1,13:00:00,59,1,897,186,True,False,18,59,True,True,True
49952,2021,MPO,2,392276,114674,114674,912,Round 2,2021-07-18,Jordan Lamson,,Cold Hollow Disc Golf Course,Long Layout,58,18,2,12:40:00,53,-5,960,183,True,False,18,53,True,True,True
49952,2021,MPO,2,392276,85980,85980,920,Round 2,2021-07-18,Corey Clark,,Cold Hollow Disc Golf Course,Long Layout,58,18,4,13:00:00,58,0,907,182,True,False,18,58,True,True,True
49952,2021,MPO,2,392276,109051,109051,863,Round 2,2021-07-18,Taylor Jones,866,Cold Hollow Disc Golf Course,Long Layout,58,18,2,13:00:00,62,4,865,189,True,False,18,62,True,True,True
49952,2021,MPO,2,392276,141251,141251,892,Round 2,2021-07-18,Owen Wood,939,Cold Hollow Disc Golf Course,Long Layout,58,18,5,12:50:00,62,4,865,192,True,False,18,62,True,True,True
49952,2021,MPO,2,392276,138402,138402,883,Round 2,2021-07-18,Kenneth Antonich,,Cold Hollow Disc Golf Course,Long Layout,58,18,3,12:40:00,61,3,875,191,True,False,18,61,True,True,True
49952,2021,MPO,2,392276,76314,76314,925,Round 2,2021-07-18,Andrew Trayer,938,Cold Hollow Disc Golf Course,Long Layout,58,18,4,12:50:00,888,830,,888,True,False,0,,False,False,False
49952,2021,MPO,2,392276,134979,134979,947,Round 2,2021-07-18,Jack Conant,,Cold Hollow Disc Golf Course,Long Layout,58,18,2,12:50:00,,,,,True,True,0,,False,False,False
49952,2021,MPO,3,392226,106285,106285,959,Round 3,2021-07-18,Max Nash-Howe,944,Black Falls Disc Golf Course,Gold tee-Gold basket,58,18,2,12:50:00,56,-2,979,161,True,False,18,56,True,True,True
49952,2021,MPO,3,392226,103627,103627,976,Round 3,2021-07-18,Clayton Davis,,Black Falls Disc Golf Course,Gold tee-Gold basket,58,18,1,12:50:00,60,2,942,164,True,False,18,60,True,True,True
49952,2021,MPO,3,392226,140874,140874,933,Round 3,2021-07-18,Hunter Martin,953,Black Falls Disc Golf Course,Gold tee-Gold basket,58,18,2,12:40:00,58,0,961,169,True,False,18,58,True,True,True
49952,2021,MPO,3,392226,136903,136903,952,Round 3,2021-07-18,Alex Ferguson,957,Black Falls Disc Golf Course,Gold tee-Gold basket,58,18,4,12:50:00,59,1,952,169,True,False,18,59,True,True,True
49952,2021,MPO,3,392226,74240,74240,940,Round 3,2021-07-18,Christopher Martin,962,Black Falls Disc Golf Course,Gold tee-Gold basket,58,18,3,12:50:00,64,6,905,170,True,False,18,64,True,True,True
49952,2021,MPO,3,392226,31562,31562,947,Round 3,2021-07-18,Jonathan Betts,948,Black Falls Disc Golf Course,Gold tee-Gold basket,58,18,1,12:30:00,57,-1,970,172,True,False,18,57,True,True,True
49952,2021,MPO,3,392226,47930,47930,943,Round 3,2021-07-18,Nicholas Economos,988,Black Falls Disc Golf Course,Gold tee-Gold basket,58,18,2,12:30:00,55,-3,989,173,True,False,18,55,True,True,True
49952,2021,MPO,3,392226,130922,130922,922,Round 3,2021-07-18,James Bowley,,Black Falls Disc Golf Course,Gold tee-Gold basket,58,18,3,12:40:00,64,6,905,176,True,False,18,64,True,True,True
49952,2021,MPO,3,392226,53718,53718,947,Round 3,2021-07-18,Nicholas Ailes,,Black Falls Disc Golf Course,Gold tee-Gold basket,58,18,1,12:40:00,65,7,896,176,True,False,18,65,True,True,True
49952,2021,MPO,3,392226,116370,116370,915,Round 3,2021-07-18,Tyler Moriarty,,Black Falls Disc Golf Course,Gold tee-Gold basket,58,18,4,12:40:00,64,6,905,178,True,False,18,64,True,True,True
49952,2021,MPO,3,392226,85980,85980,920,Round 3,2021-07-18,Corey Clark,,Black Falls Disc Golf Course,Gold tee-Gold basket,58,18,3,12:20:00,61,3,933,182,True,False,18,61,True,True,True
49952,2021,MPO,3,392226,114674,114674,912,Round 3,2021-07-18,Jordan Lamson,,Black Falls Disc Golf Course,Gold tee-Gold basket,58,18,2,12:20:00,63,5,915,183,True,False,18,63,True,True,True
49952,2021,MPO,3,392226,85036,85036,900,Round 3,2021-07-18,Nolan Power,,Black Falls Disc Golf Course,Gold tee-Gold basket,58,18,1,12:20:00,67,9,878,186,True,False,18,67,True,True,True
49952,2021,MPO,3,392226,107234,107234,886,Round 3,2021-07-18,Sebastian Marshall,,Black Falls Disc Golf Course,Gold tee-Gold basket,58,18,3,12:30:00,69,11,859,188,True,False,18,69,True,True,True
49952,2021,MPO,3,392226,109051,109051,863,Round 3,2021-07-18,Taylor Jones,866,Black Falls Disc Golf Course,Gold tee-Gold basket,58,18,1,12:10:00,67,9,878,189,True,False,18,67,True,True,True
49952,2021,MPO,3,392226,138402,138402,883,Round 3,2021-07-18,Kenneth Antonich,,Black Falls Disc Golf Course,Gold tee-Gold basket,58,18,3,12:10:00,61,3,933,191,True,False,18,61,True,True,True
49952,2021,MPO,3,392226,141251,141251,892,Round 3,2021-07-18,Owen Wood,939,Black Falls Disc Golf Course,Gold tee-Gold basket,58,18,2,12:10:00,65,7,896,192,True,False,18,65,True,True,True
49952,2021,MPO,3,392226,76314,76314,925,Round 3,2021-07-18,Andrew Trayer,938,Black Falls Disc Golf Course,Gold tee-Gold basket,58,18,,,0,0,,888,True,False,0,,False,False,False
49952,2021,MPO,3,392226,134979,134979,947,Round 3,2021-07-18,Jack Conant,,Black Falls Disc Golf Course,Gold tee-Gold basket,58,18,,,0,0,,,True,False,0,,False,False,False
49953,2021,FA1,1,399156,115003,115003,803,Round 1,2021-08-01,Nicki Powers,818,Magic Mountain National Disc Golf Course,Magic Mountain Short Tees,58,18,1,09:28:00,61,3,776,114,True,False,18,61,True,True,True
49953,2021,FA1,1,399156,165174,165174,728,Round 1,2021-08-01,Kiree LaPointe,,Magic Mountain National Disc Golf Course,Magic Mountain Short Tees,58,18,2,09:28:00,64,6,737,125,True,False,18,64,True,True,True
49953,2021,FA1,2,399156,115003,115003,803,Round 2,2021-08-01,Nicki Powers,818,Magic Mountain National Disc Golf Course,Magic Mountain Short Tees,58,18,1,09:18:00,53,-5,882,114,True,False,18,53,True,True,True
49953,2021,FA1,2,399156,165174,165174,728,Round 2,2021-08-01,Kiree LaPointe,,Magic Mountain National Disc Golf Course,Magic Mountain Short Tees,58,18,2,09:18:00,61,3,776,125,True,False,18,61,True,True,True
49953,2021,FA2,1,399156,165233,165233,808,Round 1,2021-08-01,Jess MacDonald,884,Magic Mountain National Disc Golf Course,Magic Mountain Short Tees,58,18,2,09:16:00,54,-4,869,111,True,False,18,54,True,True,True
49953,2021,FA2,1,399156,170015,170015,,Round 1,2021-08-01,Alyssa Nichols,828,Magic Mountain National Disc Golf Course,Magic Mountain Short Tees,58,18,3,09:16:00,59,1,803,120,True,False,18,59,True,True,True
49953,2021,FA2,1,399156,106586,106586,728,Round 1,2021-08-01,Marianne Tousignant,,Magic Mountain National Disc Golf Course,Magic Mountain Short Tees,58,18,1,09:16:00,60,2,790,120,True,False,18,60,True,True,True
49953,2021,FA2,1,399156,161120,161120,711,Round 1,2021-08-01,Lela Fitzpatrick,,Magic Mountain National Disc Golf Course,Magic Mountain Short Tees,58,18,4,09:16:00,61,3,776,120,True,False,18,61,True,True,True
49953,2021,FA2,2,399156,165233,165233,808,Round 2,2021-08-01,Jess MacDonald,884,Magic Mountain National Disc Golf Course,Magic Mountain Short Tees,58,18,1,09:06:00,57,-1,829,111,True,False,18,57,True,True,True
49953,2021,FA2,2,399156,161120,161120,711,Round 2,2021-08-01,Lela Fitzpatrick,,Magic Mountain National Disc Golf Course,Magic Mountain Short Tees,58,18,4,09:06:00,59,1,803,120,True,False,18,59,True,True,True
49953,2021,FA2,2,399156,106586,106586,728,Round 2,2021-08-01,Marianne Tousignant,,Magic Mountain National Disc Golf Course,Magic Mountain Short Tees,58,18,3,09:06:00,60,2,790,120,True,False,18,60,True,True,True
49953,2021,FA2,2,399156,170015,170015,,Round 2,2021-08-01,Alyssa Nichols,828,Magic Mountain National Disc Golf Course,Magic Mountain Short Tees,58,18,2,09:06:00,61,3,776,120,True,False,18,61,True,True,True
49953,2021,FJ12,1,399156,182943,182943,,Round 1,2021-08-01,Lucy Relyea,689,Magic Mountain National Disc Golf Course,Magic Mountain Short Tees,58,18,3,08:52:00,88,30,421,177,True,False,18,88,True,True,True
49953,2021,FJ12,2,399156,182943,182943,,Round 2,2021-08-01,Lucy Relyea,689,Magic Mountain National Disc Golf Course,Magic Mountain Short Tees,58,18,4,09:18:00,89,31,408,177,True,False,18,89,True,True,True
49953,2021,FPO,1,398966,122613,122613,774,Round 1,2021-08-01,Kelly Heslin,889,Magic Mountain National Disc Golf Course,Magic Mountain Long Tees,58,18,3,12:52:00,68,10,824,139,True,False,18,68,True,True,True
49953,2021,FPO,1,398966,132857,132857,830,Round 1,2021-08-01,Serena Lamson,,Magic Mountain National Disc Golf Course,Magic Mountain Long Tees,58,18,4,12:52:00,69,11,814,134,True,False,18,69,True,True,True
49953,2021,FPO,1,398966,102277,102277,866,Round 1,2021-08-01,Casey Mount,,Magic Mountain National Disc Golf Course,Magic Mountain Long Tees,58,18,2,12:52:00,70,12,804,133,True,False,18,70,True,True,True
49953,2021,FPO,1,398966,69552,69552,793,Round 1,2021-08-01,Christy Betit,807,Magic Mountain National Disc Golf Course,Magic Mountain Long Tees,58,18,1,12:52:00,75,17,754,145,True,False,18,75,True,True,True
49953,2021,FPO,2,398966,102277,102277,866,Round 2,2021-08-01,Casey Mount,,Magic Mountain National Disc Golf Course,Magic Mountain Long Tees,58,18,3,13:06:00,63,5,874,133,True,False,18,63,True,True,True
49953,2021,FPO,2,398966,132857,132857,830,Round 2,2021-08-01,Serena Lamson,,Magic Mountain National Disc Golf Course,Magic Mountain Long Tees,58,18,2,13:06:00,65,7,854,134,True,False,18,65,True,True,True
49953,2021,FPO,2,398966,122613,122613,774,Round 2,2021-08-01,Kelly Heslin,889,Magic Mountain National Disc Golf Course,Magic Mountain Long Tees,58,18,1,13:06:00,71,13,794,139,True,False,18,71,True,True,True
49953,2021,FPO,2,398966,69552,69552,793,Round 2,2021-08-01,Christy Betit,807,Magic Mountain National Disc Golf Course,Magic Mountain Long Tees,58,18,4,13:06:00,70,12,804,145,True,False,18,70,True,True,True
49953,2021,MA1,1,398966,95956,95956,932,Round 1,2021-08-01,Tyler Mount,943,Magic Mountain National Disc Golf Course,Magic Mountain Long Tees,58,18,2,11:42:00,53,-5,974,110,True,False,18,53,True,True,True
49953,2021,MA1,1,398966,name:dylan clark,,,Round 1,2021-08-01,Dylan Clark,,Magic Mountain National Disc Golf Course,Magic Mountain Long Tees,58,18,4,11:52:00,54,-4,964,111,True,False,18,54,True,True,True
49953,2021,MA1,1,398966,75520,75520,908,Round 1,2021-08-01,Frank Nick,935,Magic Mountain National Disc Golf Course,Magic Mountain Long Tees,58,18,2,10:52:00,55,-3,954,110,True,False,18,55,True,True,True
49953,2021,MA1,1,398966,76046,76046,968,Round 1,2021-08-01,Trenton Vielbig,,Magic Mountain National Disc Golf Course,Magic Mountain Long Tees,58,18,1,11:22:00,55,-3,954,108,True,False,18,55,True,True,True
49953,2021,MA1,1,398966,125209,125209,916,Round 1,2021-08-01,Mason Sailer,961,Magic Mountain National Disc Golf Course,Magic Mountain Long Tees,58,18,2,11:32:00,55,-3,954,111,True,False,18,55,True,True,True
49953,2021,MA1,1,398966,164158,164158,908,Round 1,2021-08-01,Alex Raub,,Magic Mountain National Disc Golf Course,Magic Mountain Long Tees,58,18,4,11:22:00,55,-3,954,114,True,False,18,55,True,True,True
49953,2021,MA1,1,398966,100885,100885,916,Round 1,2021-08-01,Jacob Moore,945,Magic Mountain National Disc Golf Course,Magic Mountain Long Tees,58,18,1,11:32:00,56,-2,944,113,True,False,18,56,True,True,True
49953,2021,MA1,1,398966,177185,177185,954,Round 1,2021-08-01,Logan Edwards,942,Magic Mountain National Disc Golf Course,Magic Mountain Long Tees,58,18,4,11:12:00,56,-2,944,107,True,False,18,56,True,True,True
49953,2021,MA1,1,398966,87948,87948,865,Round 1,2021-08-01,Ryan Gibeau,,Magic Mountain National Disc Golf Course,Magic Mountain Long Tees,58,18,1,11:42:00,57,-1,934,115,True,False,18,57,True,True,True
49953,2021,MA1,1,398966,125328,125328,897,Round 1,2021-08-01,Dana Carpenter,,Magic Mountain National Disc Golf Course,Magic Mountain Long Tees,58,18,2,11:22:00,57,-1,934,116,True,False,18,57,True,True,True
49953,2021,MA1,1,398966,172250,172250,945,Round 1,2021-08-01,Jon Chaloux,,Magic Mountain National Disc Golf Course,Magic Mountain Long Tees,58,18,3,11:52:00,57,-1,934,117,True,False,18,57,True,True,True
49953,2021,MA1,1,398966,89829,89829,907,Round 1,2021-08-01,Garrett Washburn,923,Magic Mountain National Disc Golf Course,Magic Mountain Long Tees,58,18,2,11:12:00,58,0,924,117,True,False,18,58,True,True,True
49953,2021,MA1,1,398966,118928,118928,921,Round 1,2021-08-01,Tyler Pomichter,926,Magic Mountain National Disc Golf Course,Magic Mountain Long Tees,58,18,1,10:52:00,58,0,924,113,True,False,18,58,True,True,True
49953,2021,MA1,1,398966,146226,146226,880,Round 1,2021-08-01,Jason Cagney,927,Magic Mountain National Disc Golf Course,Magic Mountain Long Tees,58,18,3,11:22:00,58,0,924,116,True,False,18,58,True,True,True
49953,2021,MA1,1,398966,147788,147788,930,Round 1,2021-08-01,Dan Cornellier,939,Magic Mountain National Disc Golf Course,Magic Mountain Long Tees,58,18,3,11:12:00,58,0,924,116,True,False,18,58,True,True,True
49953,2021,MA1,1,398966,96355,96355,914,Round 1,2021-08-01,Louis Annino,906,Magic Mountain National Disc Golf Course,Magic Mountain Long Tees,58,18,1,11:52:00,59,1,914,122,True,False,18,59,True,True,True
49953,2021,MA1,1,398966,110289,110289,905,Round 1,2021-08-01,Frank Wruk,945,Magic Mountain National Disc Golf Course,Magic Mountain Long Tees,58,18,3,11:32:00,59,1,914,116,True,False,18,59,True,True,True
49953,2021,MA1,1,398966,110707,110707,908,Round 1,2021-08-01,Jason Wilson,927,Magic Mountain National Disc Golf Course,Magic Mountain Long Tees,58,18,1,11:12:00,60,2,904,124,True,False,18,60,True,True,True
49953,2021,MA1,1,398966,123968,123968,817,Round 1,2021-08-01,James Hurley,,Magic Mountain National Disc Golf Course,Magic Mountain Long Tees,58,18,3,11:02:00,60,4,884,124,True,False,18,60,True,True,True
49953,2021,MA1,1,398966,name:jeremy tedeschi,,,Round 1,2021-08-01,Jeremy Tedeschi,,Magic Mountain National Disc Golf Course,Magic Mountain Long Tees,58,18,4,11:32:00,62,4,884,118,True,False,18,62,True,True,True
49953,2021,MA1,1,398966,96154,96154,866,Round 1,2021-08-01,Travis Jacques,871,Magic Mountain National Disc Golf Course,Magic Mountain Long Tees,58,18,3,11:42:00,63,5,874,128,True,False,18,63,True,True,True
49953,2021,MA1,1,398966,141230,141230,514,Round 1,2021-08-01,Matt Cote,,Magic Mountain National Disc Golf Course,Magic Mountain Long Tees,58,18,2,11:52:00,63,5,874,128,True,False,18,63,True,True,True
49953,2021,MA1,1,398966,106294,106294,908,Round 1,2021-08-01,Scott McCamp,,Magic Mountain National Disc Golf Course,Magic Mountain Long Tees,58,18,3,10:52:00,64,6,864,125,True,False,18,64,True,True,True
49953,2021,MA1,1,398966,183514,183514,,Round 1,2021-08-01,Adam Ruddock,,Magic Mountain National Disc Golf Course,Magic Mountain Long Tees,58,18,4,10:52:00,64,6,864,127,True,False,18,64,True,True,True
49953,2021,MA1,1,398966,name:joseph pecor,,,Round 1,2021-08-01,Joseph Pecor,,Magic Mountain National Disc Golf Course,Magic Mountain Long Tees,58,18,4,11:02:00,62,6,864,,True,False,18,62,True,True,True
49953,2021,MA1,1,398966,name:joshua dickinson,,,Round 1,2021-08-01,Joshua Dickinson,,Magic Mountain National Disc Golf Course,Magic Mountain Long Tees,58,18,1,11:02:00,64,8,844,127,True,False,18,64,True,True,True
49953,2021,MA1,1,398966,name:peter florucci,,,Round 1,2021-08-01,Peter Florucci,,Magic Mountain National Disc Golf Course,Magic Mountain Long Tees,58,18,2,11:02:00,64,8,844,130,True,False,18,64,True,True,True
49953,2021,MA1,1,398966,name:corey paul,,,Round 1,2021-08-01,Corey Paul,,Magic Mountain National Disc Golf Course,Magic Mountain Long Tees,58,18,4,11:42:00,68,10,824,127,True,False,18,68,True,True,True
49953,2021,MA1,2,398966,177185,177185,954,Round 2,2021-08-01,Logan Edwards,942,Magic Mountain National Disc Golf Course,Magic Mountain Long Tees,58,18,4,11:42:00,51,-7,994,107,True,False,18,51,True,True,True
49953,2021,MA1,2,398966,76046,76046,968,Round 2,2021-08-01,Trenton Vielbig,,Magic Mountain National Disc Golf Course,Magic Mountain Long Tees,58,18,4,11:54:00,53,-5,974,108,True,False,18,53,True,True,True
49953,2021,MA1,2,398966,75520,75520,908,Round 2,2021-08-01,Frank Nick,935,Magic Mountain National Disc Golf Course,Magic Mountain Long Tees,58,18,3,11:54:00,55,-3,954,110,True,False,18,55,True,True,True
49953,2021,MA1,2,398966,95956,95956,932,Round 2,2021-08-01,Tyler Mount,943,Magic Mountain National Disc Golf Course,Magic Mountain Long Tees,58,18,1,11:54:00,57,-1,934,110,True,False,18,57,True,True,True
49953,2021,MA1,2,398966,125209,125209,916,Round 2,2021-08-01,Mason Sailer,961,Magic Mountain National Disc Golf Course,Magic Mountain Long Tees,58,18,1,11:42:00,56,-2,944,111,True,False,18,56,True,True,True
49953,2021,MA1,2,398966,name:dylan clark,,,Round 2,2021-08-01,Dylan Clark,,Magic Mountain National Disc Golf Course,Magic Mountain Long Tees,58,18,2,11:54:00,57,-1,934,111,True,False,18,57,True,True,True
49953,2021,MA1,2,398966,118928,118928,921,Round 2,2021-08-01,Tyler Pomichter,926,Magic Mountain National Disc Golf Course,Magic Mountain Long Tees,58,18,1,11:18:00,55,-3,954,113,True,False,18,55,True,True,True
49953,2021,MA1,2,398966,100885,100885,916,Round 2,2021-08-01,Jacob Moore,945,Magic Mountain National Disc Golf Course,Magic Mountain Long Tees,58,18,3,11:42:00,57,-1,934,113,True,False,18,57,True,True,True
49953,2021,MA1,2,398966,164158,164158,908,Round 2,2021-08-01,Alex Raub,,Magic Mountain National Disc Golf Course,Magic Mountain Long Tees,58,18,2,11:42:00,59,1,914,114,True,False,18,59,True,True,True
49953,2021,MA1,2,398966,87948,87948,865,Round 2,2021-08-01,Ryan Gibeau,,Magic Mountain National Disc Golf Course,Magic Mountain Long Tees,58,18,1,11:30:00,58,0,924,115,True,False,18,58,True,True,True
49953,2021,MA1,2,398966,110289,110289,905,Round 2,2021-08-01,Frank Wruk,945,Magic Mountain National Disc Golf Course,Magic Mountain Long Tees,58,18,1,11:06:00,57,-1,934,116,True,False,18,57,True,True,True
49953,2021,MA1,2,398966,146226,146226,880,Round 2,2021-08-01,Jason Cagney,927,Magic Mountain National Disc Golf Course,Magic Mountain Long Tees,58,18,2,11:18:00,58,0,924,116,True,False,18,58,True,True,True
49953,2021,MA1,2,398966,147788,147788,930,Round 2,2021-08-01,Dan Cornellier,939,Magic Mountain National Disc Golf Course,Magic Mountain Long Tees,58,18,3,11:18:00,58,0,924,116,True,False,18,58,True,True,True
49953,2021,MA1,2,398966,125328,125328,897,Round 2,2021-08-01,Dana Carpenter,,Magic Mountain National Disc Golf Course,Magic Mountain Long Tees,58,18,2,11:30:00,59,1,914,116,True,False,18,59,True,True,True
49953,2021,MA1,2,398966,89829,89829,907,Round 2,2021-08-01,Garrett Washburn,923,Magic Mountain National Disc Golf Course,Magic Mountain Long Tees,58,18,4,11:30:00,59,1,914,117,True,False,18,59,True,True,True
49953,2021,MA1,2,398966,172250,172250,945,Round 2,2021-08-01,Jon Chaloux,,Magic Mountain National Disc Golf Course,Magic Mountain Long Tees,58,18,3,11:30:00,60,2,904,117,True,False,18,60,True,True,True
49953,2021,MA1,2,398966,name:jeremy tedeschi,,,Round 2,2021-08-01,Jeremy Tedeschi,,Magic Mountain National Disc Golf Course,Magic Mountain Long Tees,58,18,4,11:06:00,56,-2,944,118,True,False,18,56,True,True,True
49953,2021,MA1,2,398966,96355,96355,914,Round 2,2021-08-01,Louis Annino,906,Magic Mountain National Disc Golf Course,Magic Mountain Long Tees,58,18,4,11:18:00,63,5,874,122,True,False,18,63,True,True,True
49953,2021,MA1,2,398966,123968,123968,817,Round 2,2021-08-01,James Hurley,,Magic Mountain National Disc Golf Course,Magic Mountain Long Tees,58,18,3,11:06:00,62,4,884,124,True,False,18,62,True,True,True
49953,2021,MA1,2,398966,110707,110707,908,Round 2,2021-08-01,Jason Wilson,927,Magic Mountain National Disc Golf Course,Magic Mountain Long Tees,58,18,2,11:06:00,64,6,864,124,True,False,18,64,True,True,True
49953,2021,MA1,2,398966,106294,106294,908,Round 2,2021-08-01,Scott McCamp,,Magic Mountain National Disc Golf Course,Magic Mountain Long Tees,58,18,3,10:54:00,61,3,894,125,True,False,18,61,True,True,True
49953,2021,MA1,2,398966,name:corey paul,,,Round 2,2021-08-01,Corey Paul,,Magic Mountain National Disc Golf Course,Magic Mountain Long Tees,58,18,4,10:42:00,59,1,914,127,True,False,18,59,True,True,True
49953,2021,MA1,2,398966,name:joshua dickinson,,,Round 2,2021-08-01,Joshua Dickinson,,Magic Mountain National Disc Golf Course,Magic Mountain Long Tees,58,18,2,10:42:00,61,3,894,127,True,False,18,61,True,True,True
49953,2021,MA1,2,398966,183514,183514,,Round 2,2021-08-01,Adam Ruddock,,Magic Mountain National Disc Golf Course,Magic Mountain Long Tees,58,18,1,10:42:00,63,5,874,127,True,False,18,63,True,True,True
49953,2021,MA1,2,398966,96154,96154,866,Round 2,2021-08-01,Travis Jacques,871,Magic Mountain National Disc Golf Course,Magic Mountain Long Tees,58,18,1,10:54:00,65,7,854,128,True,False,18,65,True,True,True
49953,2021,MA1,2,398966,141230,141230,514,Round 2,2021-08-01,Matt Cote,,Magic Mountain National Disc Golf Course,Magic Mountain Long Tees,58,18,2,10:54:00,65,7,854,128,True,False,18,65,True,True,True
49953,2021,MA1,2,398966,name:peter florucci,,,Round 2,2021-08-01,Peter Florucci,,Magic Mountain National Disc Golf Course,Magic Mountain Long Tees,58,18,3,10:42:00,64,6,864,130,True,False,18,64,True,True,True
49953,2021,MA1,2,398966,name:joseph pecor,,,Round 2,2021-08-01,Joseph Pecor,,Magic Mountain National Disc Golf Course,Magic Mountain Long Tees,58,18,4,10:54:00,130,941,,,True,False,18,130,True,True,True
49953,2021,MA2,1,398966,171887,171887,860,Round 1,2021-08-01,Esai Laferriere,919,Magic Mountain National Disc Golf Course,Magic Mountain Long Tees,58,18,3,10:42:00,58,0,924,116,True,False,18,58,True,True,True
49953,2021,MA2,1,398966,63896,63896,907,Round 1,2021-08-01,Ross King,899,Magic Mountain National Disc Golf Course,Magic Mountain Long Tees,58,18,1,10:12:00,60,2,904,123,True,False,18,60,True,True,True
49953,2021,MA2,1,398966,146288,146288,883,Round 1,2021-08-01,Tom Travison,928,Magic Mountain National Disc Golf Course,Magic Mountain Long Tees,58,18,5,09:52:00,60,2,904,115,True,False,18,60,True,True,True
49953,2021,MA2,1,398966,169393,169393,880,Round 1,2021-08-01,Aidan Trombley,977,Magic Mountain National Disc Golf Course,Magic Mountain Long Tees,58,18,1,10:22:00,60,2,904,123,True,False,18,60,True,True,True
49953,2021,MA2,1,398966,name:gabriel voisin,,,Round 1,2021-08-01,Gabriel Voisin,,Magic Mountain National Disc Golf Course,Magic Mountain Long Tees,58,18,4,10:32:00,60,2,904,122,True,False,18,60,True,True,True
49953,2021,MA2,1,398966,140506,140506,874,Round 1,2021-08-01,Ian Kehoe,,Magic Mountain National Disc Golf Course,Magic Mountain Long Tees,58,18,4,09:52:00,61,3,894,121,True,False,18,61,True,True,True
49953,2021,MA2,1,398966,106970,106970,821,Round 1,2021-08-01,Stefan Farrell,852,Magic Mountain National Disc Golf Course,Magic Mountain Long Tees,58,18,1,10:42:00,62,4,884,130,True,False,18,62,True,True,True
49953,2021,MA2,1,398966,135048,135048,910,Round 1,2021-08-01,Justin Wilkinson,,Magic Mountain National Disc Golf Course,Magic Mountain Long Tees,58,18,4,10:42:00,63,5,874,119,True,False,18,63,True,True,True
49953,2021,MA2,1,398966,144983,144983,868,Round 1,2021-08-01,Wilson Kondracki,936,Magic Mountain National Disc Golf Course,Magic Mountain Long Tees,58,18,1,10:32:00,63,5,874,122,True,False,18,63,True,True,True
49953,2021,MA2,1,398966,148187,148187,858,Round 1,2021-08-01,Evan Miller,874,Magic Mountain National Disc Golf Course,Magic Mountain Long Tees,58,18,2,10:02:00,63,5,874,125,True,False,18,63,True,True,True
49953,2021,MA2,1,398966,173058,173058,893,Round 1,2021-08-01,Brandon Allaire,950,Magic Mountain National Disc Golf Course,Magic Mountain Long Tees,58,18,4,10:12:00,63,5,874,123,True,False,18,63,True,True,True
49953,2021,MA2,1,398966,186348,186348,,Round 1,2021-08-01,Brian Conrad,,Magic Mountain National Disc Golf Course,Magic Mountain Long Tees,58,18,4,10:22:00,63,5,874,125,True,False,18,63,True,True,True
49953,2021,MA2,1,398966,112678,112678,864,Round 1,2021-08-01,A.J. Krawczyk,928,Magic Mountain National Disc Golf Course,Magic Mountain Long Tees,58,18,1,10:02:00,65,7,854,128,True,False,18,65,True,True,True
49953,2021,MA2,1,398966,161510,161510,855,Round 1,2021-08-01,TJ Rubin,919,Magic Mountain National Disc Golf Course,Magic Mountain Long Tees,58,18,3,10:32:00,65,7,854,129,True,False,18,65,True,True,True
49953,2021,MA2,1,398966,177018,177018,858,Round 1,2021-08-01,Brandon Bensel,882,Magic Mountain National Disc Golf Course,Magic Mountain Long Tees,58,18,2,10:22:00,65,7,854,133,True,False,18,65,True,True,True
49953,2021,MA2,1,398966,123143,123143,854,Round 1,2021-08-01,Zack Mazzone,897,Magic Mountain National Disc Golf Course,Magic Mountain Long Tees,58,18,2,10:42:00,66,8,844,135,True,False,18,66,True,True,True
49953,2021,MA2,1,398966,140565,140565,871,Round 1,2021-08-01,Tor Parker,,Magic Mountain National Disc Golf Course,Magic Mountain Long Tees,58,18,3,10:12:00,66,8,844,130,True,False,18,66,True,True,True
49953,2021,MA2,1,398966,171527,171527,,Round 1,2021-08-01,Joseph Dutcher,,Magic Mountain National Disc Golf Course,Magic Mountain Long Tees,58,18,3,10:02:00,66,8,844,133,True,False,18,66,True,True,True
49953,2021,MA2,1,398966,name:joseph mccormack,,,Round 1,2021-08-01,Joseph McCormack,,Magic Mountain National Disc Golf Course,Magic Mountain Long Tees,58,18,5,10:02:00,66,8,844,131,True,False,18,66,True,True,True
49953,2021,MA2,1,398966,140272,140272,873,Round 1,2021-08-01,Seth Tilford,,Magic Mountain National Disc Golf Course,Magic Mountain Long Tees,58,18,2,10:12:00,67,9,834,131,True,False,18,67,True,True,True
49953,2021,MA2,1,398966,148808,148808,868,Round 1,2021-08-01,Greg Hart,,Magic Mountain National Disc Golf Course,Magic Mountain Long Tees,58,18,2,10:32:00,67,9,834,126,True,False,18,67,True,True,True
49953,2021,MA2,1,398966,178752,178752,,Round 1,2021-08-01,Thomas Ruddock,,Magic Mountain National Disc Golf Course,Magic Mountain Long Tees,58,18,3,10:22:00,72,14,784,,True,False,18,72,True,True,True
49953,2021,MA2,2,398966,146288,146288,883,Round 2,2021-08-01,Tom Travison,928,Magic Mountain National Disc Golf Course,Magic Mountain Long Tees,58,18,3,10:30:00,55,-3,954,115,True,False,18,55,True,True,True
49953,2021,MA2,2,398966,171887,171887,860,Round 2,2021-08-01,Esai Laferriere,919,Magic Mountain National Disc Golf Course,Magic Mountain Long Tees,58,18,1,10:30:00,58,0,924,116,True,False,18,58,True,True,True
49953,2021,MA2,2,398966,135048,135048,910,Round 2,2021-08-01,Justin Wilkinson,,Magic Mountain National Disc Golf Course,Magic Mountain Long Tees,58,18,4,10:06:00,56,-2,944,119,True,False,18,56,True,True,True
49953,2021,MA2,2,398966,140506,140506,874,Round 2,2021-08-01,Ian Kehoe,,Magic Mountain National Disc Golf Course,Magic Mountain Long Tees,58,18,2,10:18:00,60,2,904,121,True,False,18,60,True,True,True
49953,2021,MA2,2,398966,144983,144983,868,Round 2,2021-08-01,Wilson Kondracki,936,Magic Mountain National Disc Golf Course,Magic Mountain Long Tees,58,18,4,10:18:00,59,1,914,122,True,False,18,59,True,True,True
49953,2021,MA2,2,398966,name:gabriel voisin,,,Round 2,2021-08-01,Gabriel Voisin,,Magic Mountain National Disc Golf Course,Magic Mountain Long Tees,58,18,1,10:18:00,62,4,884,122,True,False,18,62,True,True,True
49953,2021,MA2,2,398966,173058,173058,893,Round 2,2021-08-01,Brandon Allaire,950,Magic Mountain National Disc Golf Course,Magic Mountain Long Tees,58,18,2,10:06:00,60,2,904,123,True,False,18,60,True,True,True
49953,2021,MA2,2,398966,63896,63896,907,Round 2,2021-08-01,Ross King,899,Magic Mountain National Disc Golf Course,Magic Mountain Long Tees,58,18,2,10:30:00,63,5,874,123,True,False,18,63,True,True,True
49953,2021,MA2,2,398966,169393,169393,880,Round 2,2021-08-01,Aidan Trombley,977,Magic Mountain National Disc Golf Course,Magic Mountain Long Tees,58,18,4,10:30:00,63,5,874,123,True,False,18,63,True,True,True
49953,2021,MA2,2,398966,148187,148187,858,Round 2,2021-08-01,Evan Miller,874,Magic Mountain National Disc Golf Course,Magic Mountain Long Tees,58,18,1,10:06:00,62,4,884,125,True,False,18,62,True,True,True
49953,2021,MA2,2,398966,186348,186348,,Round 2,2021-08-01,Brian Conrad,,Magic Mountain National Disc Golf Course,Magic Mountain Long Tees,58,18,3,10:06:00,62,4,884,125,True,False,18,62,True,True,True
49953,2021,MA2,2,398966,148808,148808,868,Round 2,2021-08-01,Greg Hart,,Magic Mountain National Disc Golf Course,Magic Mountain Long Tees,58,18,5,09:42:00,59,1,914,126,True,False,18,59,True,True,True
49953,2021,MA2,2,398966,112678,112678,864,Round 2,2021-08-01,A.J. Krawczyk,928,Magic Mountain National Disc Golf Course,Magic Mountain Long Tees,58,18,1,09:54:00,63,5,874,128,True,False,18,63,True,True,True
49953,2021,MA2,2,398966,161510,161510,855,Round 2,2021-08-01,TJ Rubin,919,Magic Mountain National Disc Golf Course,Magic Mountain Long Tees,58,18,2,09:54:00,64,6,864,129,True,False,18,64,True,True,True
49953,2021,MA2,2,398966,140565,140565,871,Round 2,2021-08-01,Tor Parker,,Magic Mountain National Disc Golf Course,Magic Mountain Long Tees,58,18,1,09:42:00,64,6,864,130,True,False,18,64,True,True,True
49953,2021,MA2,2,398966,106970,106970,821,Round 2,2021-08-01,Stefan Farrell,852,Magic Mountain National Disc Golf Course,Magic Mountain Long Tees,58,18,3,10:18:00,68,10,824,130,True,False,18,68,True,True,True
49953,2021,MA2,2,398966,140272,140272,873,Round 2,2021-08-01,Seth Tilford,,Magic Mountain National Disc Golf Course,Magic Mountain Long Tees,58,18,4,09:42:00,64,6,864,131,True,False,18,64,True,True,True
49953,2021,MA2,2,398966,name:joseph mccormack,,,Round 2,2021-08-01,Joseph McCormack,,Magic Mountain National Disc Golf Course,Magic Mountain Long Tees,58,18,3,09:42:00,65,7,854,131,True,False,18,65,True,True,True
49953,2021,MA2,2,398966,171527,171527,,Round 2,2021-08-01,Joseph Dutcher,,Magic Mountain National Disc Golf Course,Magic Mountain Long Tees,58,18,2,09:42:00,67,9,834,133,True,False,18,67,True,True,True
49953,2021,MA2,2,398966,177018,177018,858,Round 2,2021-08-01,Brandon Bensel,882,Magic Mountain National Disc Golf Course,Magic Mountain Long Tees,58,18,3,09:54:00,68,10,824,133,True,False,18,68,True,True,True
49953,2021,MA2,2,398966,123143,123143,854,Round 2,2021-08-01,Zack Mazzone,897,Magic Mountain National Disc Golf Course,Magic Mountain Long Tees,58,18,4,09:54:00,69,11,814,135,True,False,18,69,True,True,True
49953,2021,MA2,2,398966,178752,178752,,Round 2,2021-08-01,Thomas Ruddock,,Magic Mountain National Disc Golf Course,Magic Mountain Long Tees,58,18,,,,,,,True,True,0,,False,False,False
49953,2021,MA3,1,399156,name:spencer mclean,,,Round 1,2021-08-01,Spencer McLean,,Magic Mountain National Disc Golf Course,Magic Mountain Short Tees,58,18,4,08:52:00,48,-10,948,100,True,False,18,48,True,True,True
49953,2021,MA3,1,399156,166639,166639,841,Round 1,2021-08-01,Ryan Sweeney,883,Magic Mountain National Disc Golf Course,Magic Mountain Short Tees,58,18,4,08:40:00,53,-5,882,104,True,False,18,53,True,True,True
49953,2021,MA3,1,399156,name:austin crawford,,,Round 1,2021-08-01,Austin Crawford,,Magic Mountain National Disc Golf Course,Magic Mountain Short Tees,58,18,2,08:40:00,53,-5,882,105,True,False,18,53,True,True,True
49953,2021,MA3,1,399156,166633,166633,817,Round 1,2021-08-01,Joshua Martin,,Magic Mountain National Disc Golf Course,Magic Mountain Short Tees,58,18,3,09:28:00,55,-3,855,107,True,False,18,55,True,True,True
49953,2021,MA3,1,399156,177108,177108,808,Round 1,2021-08-01,Cody Jipner,,Magic Mountain National Disc Golf Course,Magic Mountain Short Tees,58,18,1,08:40:00,55,-3,855,112,True,False,18,55,True,True,True
49953,2021,MA3,1,399156,140404,140404,817,Round 1,2021-08-01,Michael Perry,,Magic Mountain National Disc Golf Course,Magic Mountain Short Tees,58,18,1,09:04:00,56,-2,842,109,True,False,18,56,True,True,True
49953,2021,MA3,1,399156,149368,149368,889,Round 1,2021-08-01,Brett Jipner,,Magic Mountain National Disc Golf Course,Magic Mountain Short Tees,58,18,4,09:28:00,57,-1,829,109,True,False,18,57,True,True,True
49953,2021,MA3,1,399156,141253,141253,760,Round 1,2021-08-01,Braden Edwards,,Magic Mountain National Disc Golf Course,Magic Mountain Short Tees,58,18,3,08:40:00,58,0,816,,True,False,18,58,True,True,True
49953,2021,MA3,1,399156,145666,145666,845,Round 1,2021-08-01,Wesley Pollock,,Magic Mountain National Disc Golf Course,Magic Mountain Short Tees,58,18,3,09:04:00,58,0,816,115,True,False,18,58,True,True,True
49953,2021,MA3,1,399156,name:gregory lefko,,,Round 1,2021-08-01,Gregory Lefko,,Magic Mountain National Disc Golf Course,Magic Mountain Short Tees,58,18,2,09:04:00,60,2,790,116,True,False,18,60,True,True,True
49953,2021,MA3,1,399156,185652,185652,,Round 1,2021-08-01,Doug Facciponti,,Magic Mountain National Disc Golf Course,Magic Mountain Short Tees,58,18,1,08:52:00,64,6,737,133,True,False,18,64,True,True,True
49953,2021,MA3,2,399156,name:spencer mclean,,,Round 2,2021-08-01,Spencer McLean,,Magic Mountain National Disc Golf Course,Magic Mountain Short Tees,58,18,1,08:54:00,52,-6,895,100,True,False,18,52,True,True,True
49953,2021,MA3,2,399156,166639,166639,841,Round 2,2021-08-01,Ryan Sweeney,883,Magic Mountain National Disc Golf Course,Magic Mountain Short Tees,58,18,2,08:54:00,51,-7,908,104,True,False,18,51,True,True,True
49953,2021,MA3,2,399156,name:austin crawford,,,Round 2,2021-08-01,Austin Crawford,,Magic Mountain National Disc Golf Course,Magic Mountain Short Tees,58,18,3,08:54:00,52,-6,895,105,True,False,18,52,True,True,True
49953,2021,MA3,2,399156,166633,166633,817,Round 2,2021-08-01,Joshua Martin,,Magic Mountain National Disc Golf Course,Magic Mountain Short Tees,58,18,4,08:54:00,52,-6,895,107,True,False,18,52,True,True,True
49953,2021,MA3,2,399156,149368,149368,889,Round 2,2021-08-01,Brett Jipner,,Magic Mountain National Disc Golf Course,Magic Mountain Short Tees,58,18,3,08:42:00,52,-6,895,109,True,False,18,52,True,True,True
49953,2021,MA3,2,399156,140404,140404,817,Round 2,2021-08-01,Michael Perry,,Magic Mountain National Disc Golf Course,Magic Mountain Short Tees,58,18,2,08:42:00,53,-5,882,109,True,False,18,53,True,True,True
49953,2021,MA3,2,399156,177108,177108,808,Round 2,2021-08-01,Cody Jipner,,Magic Mountain National Disc Golf Course,Magic Mountain Short Tees,58,18,1,08:42:00,57,-1,829,112,True,False,18,57,True,True,True
49953,2021,MA3,2,399156,145666,145666,845,Round 2,2021-08-01,Wesley Pollock,,Magic Mountain National Disc Golf Course,Magic Mountain Short Tees,58,18,1,08:30:00,57,-1,829,115,True,False,18,57,True,True,True
49953,2021,MA3,2,399156,name:gregory lefko,,,Round 2,2021-08-01,Gregory Lefko,,Magic Mountain National Disc Golf Course,Magic Mountain Short Tees,58,18,2,08:30:00,56,-2,842,116,True,False,18,56,True,True,True
49953,2021,MA3,2,399156,185652,185652,,Round 2,2021-08-01,Doug Facciponti,,Magic Mountain National Disc Golf Course,Magic Mountain Short Tees,58,18,3,08:30:00,69,11,671,133,True,False,18,69,True,True,True
49953,2021,MA3,2,399156,141253,141253,760,Round 2,2021-08-01,Braden Edwards,,Magic Mountain National Disc Golf Course,Magic Mountain Short Tees,58,18,4,08:42:00,130,941,,,True,False,18,130,True,True,True
49953,2021,MA40,1,398966,42420,42420,921,Round 1,2021-08-01,Patrick Harris,906,Magic Mountain National Disc Golf Course,Magic Mountain Long Tees,58,18,1,12:02:00,56,-2,944,119,True,False,18,56,True,True,True
49953,2021,MA40,1,398966,120692,120692,880,Round 1,2021-08-01,Corey Johnson,911,Magic Mountain National Disc Golf Course,Magic Mountain Long Tees,58,18,2,12:02:00,60,2,904,118,True,False,18,60,True,True,True
49953,2021,MA40,1,398966,169004,169004,849,Round 1,2021-08-01,Kevin Relyea,883,Magic Mountain National Disc Golf Course,Magic Mountain Long Tees,58,18,3,12:12:00,62,4,884,122,True,False,18,62,True,True,True
49953,2021,MA40,1,398966,59318,59318,870,Round 1,2021-08-01,Seth Hermanson,900,Magic Mountain National Disc Golf Course,Magic Mountain Long Tees,58,18,2,12:12:00,64,6,864,128,True,False,18,64,True,True,True
49953,2021,MA40,1,398966,36062,36062,890,Round 1,2021-08-01,Andrew Powell,852,Magic Mountain National Disc Golf Course,Magic Mountain Long Tees,58,18,1,12:12:00,65,7,854,122,True,False,18,65,True,True,True
49953,2021,MA40,1,398966,name:derrick b andrade,,,Round 1,2021-08-01,Derrick B Andrade,,Magic Mountain National Disc Golf Course,Magic Mountain Long Tees,58,18,3,12:02:00,69,11,814,135,True,False,18,69,True,True,True
49953,2021,MA40,2,398966,120692,120692,880,Round 2,2021-08-01,Corey Johnson,911,Magic Mountain National Disc Golf Course,Magic Mountain Long Tees,58,18,2,12:18:00,58,0,924,118,True,False,18,58,True,True,True
49953,2021,MA40,2,398966,42420,42420,921,Round 2,2021-08-01,Patrick Harris,906,Magic Mountain National Disc Golf Course,Magic Mountain Long Tees,58,18,1,12:18:00,63,5,874,119,True,False,18,63,True,True,True
49953,2021,MA40,2,398966,36062,36062,890,Round 2,2021-08-01,Andrew Powell,852,Magic Mountain National Disc Golf Course,Magic Mountain Long Tees,58,18,2,12:06:00,57,-1,934,122,True,False,18,57,True,True,True
49953,2021,MA40,2,398966,169004,169004,849,Round 2,2021-08-01,Kevin Relyea,883,Magic Mountain National Disc Golf Course,Magic Mountain Long Tees,58,18,3,12:18:00,60,2,904,122,True,False,18,60,True,True,True
49953,2021,MA40,2,398966,59318,59318,870,Round 2,2021-08-01,Seth Hermanson,900,Magic Mountain National Disc Golf Course,Magic Mountain Long Tees,58,18,1,12:06:00,64,6,864,128,True,False,18,64,True,True,True
49953,2021,MA40,2,398966,name:derrick b andrade,,,Round 2,2021-08-01,Derrick B Andrade,,Magic Mountain National Disc Golf Course,Magic Mountain Long Tees,58,18,3,12:06:00,66,8,844,135,True,False,18,66,True,True,True
49953,2021,MA50,1,398966,166239,166239,901,Round 1,2021-08-01,Tom Raub,958,Magic Mountain National Disc Golf Course,Magic Mountain Long Tees,58,18,2,12:32:00,58,0,924,117,True,False,18,58,True,True,True
49953,2021,MA50,1,398966,167816,167816,900,Round 1,2021-08-01,Scott McLean,898,Magic Mountain National Disc Golf Course,Magic Mountain Long Tees,58,18,3,12:22:00,60,2,904,123,True,False,18,60,True,True,True
49953,2021,MA50,1,398966,88247,88247,878,Round 1,2021-08-01,Tyler Bowden,884,Magic Mountain National Disc Golf Course,Magic Mountain Long Tees,58,18,1,12:32:00,63,5,874,129,True,False,18,63,True,True,True
49953,2021,MA50,1,398966,122325,122325,861,Round 1,2021-08-01,David Mulvey,,Magic Mountain National Disc Golf Course,Magic Mountain Long Tees,58,18,4,12:42:00,63,5,874,123,True,False,18,63,True,True,True
49953,2021,MA50,1,398966,183240,183240,,Round 1,2021-08-01,John Sheehy,,Magic Mountain National Disc Golf Course,Magic Mountain Long Tees,58,18,2,12:42:00,63,5,874,124,True,False,18,63,True,True,True
49953,2021,MA50,1,398966,91301,91301,894,Round 1,2021-08-01,Michael A. Stridsberg,898,Magic Mountain National Disc Golf Course,Magic Mountain Long Tees,58,18,1,12:42:00,64,6,864,123,True,False,18,64,True,True,True
49953,2021,MA50,1,398966,125535,125535,875,Round 1,2021-08-01,Joe Tota,846,Magic Mountain National Disc Golf Course,Magic Mountain Long Tees,58,18,2,12:22:00,66,8,844,137,True,False,18,66,True,True,True
49953,2021,MA50,1,398966,name:kendall perkins,,,Round 1,2021-08-01,Kendall Perkins,,Magic Mountain National Disc Golf Course,Magic Mountain Long Tees,58,18,3,12:32:00,72,14,784,143,True,False,18,72,True,True,True
49953,2021,MA50,1,398966,1740,1740,789,Round 1,2021-08-01,Jeff Reeves,,Magic Mountain National Disc Golf Course,Magic Mountain Long Tees,58,18,1,12:22:00,74,16,764,147,True,False,18,74,True,True,True
49953,2021,MA50,1,398966,132681,132681,790,Round 1,2021-08-01,Paul Robinson,,Magic Mountain National Disc Golf Course,Magic Mountain Long Tees,58,18,4,12:32:00,78,20,724,148,True,False,18,78,True,True,True
49953,2021,MA50,1,398966,name:john sargent,,,Round 1,2021-08-01,John Sargent,,Magic Mountain National Disc Golf Course,Magic Mountain Long Tees,58,18,3,12:42:00,79,21,714,160,True,False,18,79,True,True,True
49953,2021,MA50,2,398966,166239,166239,901,Round 2,2021-08-01,Tom Raub,958,Magic Mountain National Disc Golf Course,Magic Mountain Long Tees,58,18,1,12:54:00,59,1,914,117,True,False,18,59,True,True,True
49953,2021,MA50,2,398966,91301,91301,894,Round 2,2021-08-01,Michael A. Stridsberg,898,Magic Mountain National Disc Golf Course,Magic Mountain Long Tees,58,18,2,12:42:00,59,1,914,123,True,False,18,59,True,True,True
49953,2021,MA50,2,398966,122325,122325,861,Round 2,2021-08-01,David Mulvey,,Magic Mountain National Disc Golf Course,Magic Mountain Long Tees,58,18,4,12:54:00,60,2,904,123,True,False,18,60,True,True,True
49953,2021,MA50,2,398966,167816,167816,900,Round 2,2021-08-01,Scott McLean,898,Magic Mountain National Disc Golf Course,Magic Mountain Long Tees,58,18,2,12:54:00,63,5,874,123,True,False,18,63,True,True,True
49953,2021,MA50,2,398966,183240,183240,,Round 2,2021-08-01,John Sheehy,,Magic Mountain National Disc Golf Course,Magic Mountain Long Tees,58,18,1,12:42:00,61,3,894,124,True,False,18,61,True,True,True
49953,2021,MA50,2,398966,88247,88247,878,Round 2,2021-08-01,Tyler Bowden,884,Magic Mountain National Disc Golf Course,Magic Mountain Long Tees,58,18,3,12:54:00,66,8,844,129,True,False,18,66,True,True,True
49953,2021,MA50,2,398966,125535,125535,875,Round 2,2021-08-01,Joe Tota,846,Magic Mountain National Disc Golf Course,Magic Mountain Long Tees,58,18,3,12:42:00,71,13,794,137,True,False,18,71,True,True,True
49953,2021,MA50,2,398966,name:kendall perkins,,,Round 2,2021-08-01,Kendall Perkins,,Magic Mountain National Disc Golf Course,Magic Mountain Long Tees,58,18,4,12:42:00,71,13,794,143,True,False,18,71,True,True,True
49953,2021,MA50,2,398966,1740,1740,789,Round 2,2021-08-01,Jeff Reeves,,Magic Mountain National Disc Golf Course,Magic Mountain Long Tees,58,18,1,12:30:00,73,15,774,147,True,False,18,73,True,True,True
49953,2021,MA50,2,398966,132681,132681,790,Round 2,2021-08-01,Paul Robinson,,Magic Mountain National Disc Golf Course,Magic Mountain Long Tees,58,18,2,12:30:00,70,12,804,148,True,False,18,70,True,True,True
49953,2021,MA50,2,398966,name:john sargent,,,Round 2,2021-08-01,John Sargent,,Magic Mountain National Disc Golf Course,Magic Mountain Long Tees,58,18,3,12:30:00,81,23,694,160,True,False,18,81,True,True,True
49953,2021,MJ12,1,399156,182942,182942,,Round 1,2021-08-01,Henry Relyea,691,Magic Mountain National Disc Golf Course,Magic Mountain Short Tees,58,18,2,08:52:00,71,13,645,145,True,False,18,71,True,True,True
49953,2021,MJ12,2,399156,182942,182942,,Round 2,2021-08-01,Henry Relyea,691,Magic Mountain National Disc Golf Course,Magic Mountain Short Tees,58,18,3,09:18:00,74,16,605,145,True,False,18,74,True,True,True
49953,2021,MP40,1,398966,100369,100369,926,Round 1,2021-08-01,Chris Buckle,878,Magic Mountain National Disc Golf Course,Magic Mountain Long Tees,58,18,3,14:32:00,54,-4,964,110,True,False,18,54,True,True,True
49953,2021,MP40,1,398966,27112,27112,905,Round 1,2021-08-01,David Frothingham,,Magic Mountain National Disc Golf Course,Magic Mountain Long Tees,58,18,4,14:22:00,57,-1,934,118,True,False,18,57,True,True,True
49953,2021,MP40,1,398966,83212,83212,880,Round 1,2021-08-01,Cory Barron,885,Magic Mountain National Disc Golf Course,Magic Mountain Long Tees,58,18,4,14:32:00,57,-1,934,119,True,False,18,57,True,True,True
49953,2021,MP40,1,398966,15089,15089,919,Round 1,2021-08-01,Jeremy JJ Becker,887,Magic Mountain National Disc Golf Course,Magic Mountain Long Tees,58,18,2,14:32:00,60,2,904,122,True,False,18,60,True,True,True
49953,2021,MP40,1,398966,24381,24381,962,Round 1,2021-08-01,Chris Young,937,Magic Mountain National Disc Golf Course,Magic Mountain Long Tees,58,18,1,14:32:00,60,2,904,113,True,False,18,60,True,True,True
49953,2021,MP40,1,398966,159476,159476,919,Round 1,2021-08-01,James Lightholder,899,Magic Mountain National Disc Golf Course,Magic Mountain Long Tees,58,18,1,14:12:00,60,2,904,119,True,False,18,60,True,True,True
49953,2021,MP40,1,398966,73588,73588,875,Round 1,2021-08-01,Will Cleland,910,Magic Mountain National Disc Golf Course,Magic Mountain Long Tees,58,18,1,14:22:00,61,3,894,124,True,False,18,61,True,True,True
49953,2021,MP40,1,398966,66454,66454,909,Round 1,2021-08-01,Brian Betit,899,Magic Mountain National Disc Golf Course,Magic Mountain Long Tees,58,18,3,14:12:00,63,5,874,124,True,False,18,63,True,True,True
49953,2021,MP40,1,398966,name:jared pfeiffer,,,Round 1,2021-08-01,Jared Pfeiffer,,Magic Mountain National Disc Golf Course,Magic Mountain Long Tees,58,18,2,14:12:00,77,19,734,149,True,False,18,77,True,True,True
49953,2021,MP40,2,398966,100369,100369,926,Round 2,2021-08-01,Chris Buckle,878,Magic Mountain National Disc Golf Course,Magic Mountain Long Tees,58,18,1,15:06:00,56,-2,944,110,True,False,18,56,True,True,True
49953,2021,MP40,2,398966,24381,24381,962,Round 2,2021-08-01,Chris Young,937,Magic Mountain National Disc Golf Course,Magic Mountain Long Tees,58,18,1,14:54:00,53,-5,974,113,True,False,18,53,True,True,True
49953,2021,MP40,2,398966,27112,27112,905,Round 2,2021-08-01,David Frothingham,,Magic Mountain National Disc Golf Course,Magic Mountain Long Tees,58,18,2,15:06:00,61,3,894,118,True,False,18,61,True,True,True
49953,2021,MP40,2,398966,159476,159476,919,Round 2,2021-08-01,James Lightholder,899,Magic Mountain National Disc Golf Course,Magic Mountain Long Tees,58,18,2,14:54:00,59,1,914,119,True,False,18,59,True,True,True
49953,2021,MP40,2,398966,83212,83212,880,Round 2,2021-08-01,Cory Barron,885,Magic Mountain National Disc Golf Course,Magic Mountain Long Tees,58,18,3,15:06:00,62,4,884,119,True,False,18,62,True,True,True
49953,2021,MP40,2,398966,15089,15089,919,Round 2,2021-08-01,Jeremy JJ Becker,887,Magic Mountain National Disc Golf Course,Magic Mountain Long Tees,58,18,4,15:06:00,62,4,884,122,True,False,18,62,True,True,True
49953,2021,MP40,2,398966,66454,66454,909,Round 2,2021-08-01,Brian Betit,899,Magic Mountain National Disc Golf Course,Magic Mountain Long Tees,58,18,4,14:54:00,61,3,894,124,True,False,18,61,True,True,True
49953,2021,MP40,2,398966,73588,73588,875,Round 2,2021-08-01,Will Cleland,910,Magic Mountain National Disc Golf Course,Magic Mountain Long Tees,58,18,3,14:54:00,63,5,874,124,True,False,18,63,True,True,True
49953,2021,MP40,2,398966,name:jared pfeiffer,,,Round 2,2021-08-01,Jared Pfeiffer,,Magic Mountain National Disc Golf Course,Magic Mountain Long Tees,58,18,3,14:42:00,72,14,784,149,True,False,18,72,True,True,True
49953,2021,MP50,1,398966,84880,84880,914,Round 1,2021-08-01,Marcos Miller,,Magic Mountain National Disc Golf Course,Magic Mountain Long Tees,58,18,2,14:22:00,57,-1,934,119,True,False,18,57,True,True,True
49953,2021,MP50,1,398966,77623,77623,914,Round 1,2021-08-01,Cary Powell,909,Magic Mountain National Disc Golf Course,Magic Mountain Long Tees,58,18,3,14:22:00,62,4,884,121,True,False,18,62,True,True,True
49953,2021,MP50,2,398966,84880,84880,914,Round 2,2021-08-01,Marcos Miller,,Magic Mountain National Disc Golf Course,Magic Mountain Long Tees,58,18,1,14:42:00,62,4,884,119,True,False,18,62,True,True,True
49953,2021,MP50,2,398966,77623,77623,914,Round 2,2021-08-01,Cary Powell,909,Magic Mountain National Disc Golf Course,Magic Mountain Long Tees,58,18,2,14:42:00,59,1,914,121,True,False,18,59,True,True,True
49953,2021,MPO,1,398966,81283,81283,962,Round 1,2021-08-01,Ronnie Bennett,968,Magic Mountain National Disc Golf Course,Magic Mountain Long Tees,58,18,2,14:02:00,50,-8,1004,104,True,False,18,50,True,True,True
49953,2021,MPO,1,398966,94450,94450,969,Round 1,2021-08-01,Brendan Rollins,958,Magic Mountain National Disc Golf Course,Magic Mountain Long Tees,58,18,4,13:32:00,50,-8,1004,104,True,False,18,50,True,True,True
49953,2021,MPO,1,398966,48392,48392,974,Round 1,2021-08-01,Jason Elsner,967,Magic Mountain National Disc Golf Course,Magic Mountain Long Tees,58,18,1,13:52:00,51,-7,994,103,True,False,18,51,True,True,True
49953,2021,MPO,1,398966,82940,82940,951,Round 1,2021-08-01,Zachary Podhorzer,955,Magic Mountain National Disc Golf Course,Magic Mountain Long Tees,58,18,1,13:42:00,51,-7,994,107,True,False,18,51,True,True,True
49953,2021,MPO,1,398966,75861,75861,971,Round 1,2021-08-01,Charlie Veysey,978,Magic Mountain National Disc Golf Course,Magic Mountain Long Tees,58,18,2,13:32:00,52,-6,984,102,True,False,18,52,True,True,True
49953,2021,MPO,1,398966,85970,85970,952,Round 1,2021-08-01,Ben Drogue,966,Magic Mountain National Disc Golf Course,Magic Mountain Long Tees,58,18,3,13:32:00,53,-5,974,110,True,False,18,53,True,True,True
49953,2021,MPO,1,398966,48765,48765,977,Round 1,2021-08-01,Jeff Fleury,,Magic Mountain National Disc Golf Course,Magic Mountain Long Tees,58,18,2,13:52:00,54,-4,964,107,True,False,18,54,True,True,True
49953,2021,MPO,1,398966,59601,59601,959,Round 1,2021-08-01,Steven Tousignant,949,Magic Mountain National Disc Golf Course,Magic Mountain Long Tees,58,18,2,13:12:00,54,-4,964,107,True,False,18,54,True,True,True
49953,2021,MPO,1,398966,93877,93877,956,Round 1,2021-08-01,Matthew Storgaard,,Magic Mountain National Disc Golf Course,Magic Mountain Long Tees,58,18,2,13:42:00,54,-4,964,103,True,False,18,54,True,True,True
49953,2021,MPO,1,398966,140874,140874,933,Round 1,2021-08-01,Hunter Martin,953,Magic Mountain National Disc Golf Course,Magic Mountain Long Tees,58,18,3,13:02:00,54,-4,964,107,True,False,18,54,True,True,True
49953,2021,MPO,1,398966,74430,74430,950,Round 1,2021-08-01,Mike Phaneuf,,Magic Mountain National Disc Golf Course,Magic Mountain Long Tees,58,18,1,14:02:00,56,-2,944,111,True,False,18,56,True,True,True
49953,2021,MPO,1,398966,101829,101829,937,Round 1,2021-08-01,Joshua Storgaard,,Magic Mountain National Disc Golf Course,Magic Mountain Long Tees,58,18,1,13:32:00,56,-2,944,118,True,False,18,56,True,True,True
49953,2021,MPO,1,398966,107234,107234,886,Round 1,2021-08-01,Sebastian Marshall,,Magic Mountain National Disc Golf Course,Magic Mountain Long Tees,58,18,3,13:22:00,56,-2,944,118,True,False,18,56,True,True,True
49953,2021,MPO,1,398966,143853,143853,971,Round 1,2021-08-01,Elijah Rider Brandt,1012,Magic Mountain National Disc Golf Course,Magic Mountain Long Tees,58,18,4,13:52:00,56,-2,944,111,True,False,18,56,True,True,True
49953,2021,MPO,1,398966,161558,161558,922,Round 1,2021-08-01,Brad Schott,994,Magic Mountain National Disc Golf Course,Magic Mountain Long Tees,58,18,2,13:02:00,56,-2,944,119,True,False,18,56,True,True,True
49953,2021,MPO,1,398966,51158,51158,946,Round 1,2021-08-01,Sam Klotman,938,Magic Mountain National Disc Golf Course,Magic Mountain Long Tees,58,18,1,13:22:00,57,-1,934,112,True,False,18,57,True,True,True
49953,2021,MPO,1,398966,53718,53718,947,Round 1,2021-08-01,Nicholas Ailes,,Magic Mountain National Disc Golf Course,Magic Mountain Long Tees,58,18,1,13:12:00,57,-1,934,112,True,False,18,57,True,True,True
49953,2021,MPO,1,398966,103627,103627,976,Round 1,2021-08-01,Clayton Davis,,Magic Mountain National Disc Golf Course,Magic Mountain Long Tees,58,18,3,13:42:00,57,-1,934,110,True,False,18,57,True,True,True
49953,2021,MPO,1,398966,85036,85036,900,Round 1,2021-08-01,Nolan Power,,Magic Mountain National Disc Golf Course,Magic Mountain Long Tees,58,18,3,13:12:00,58,0,924,118,True,False,18,58,True,True,True
49953,2021,MPO,1,398966,113196,113196,911,Round 1,2021-08-01,Chris Manning,,Magic Mountain National Disc Golf Course,Magic Mountain Long Tees,58,18,1,13:02:00,58,0,924,118,True,False,18,58,True,True,True
49953,2021,MPO,1,398966,127052,127052,814,Round 1,2021-08-01,Benjamin Michaud,,Magic Mountain National Disc Golf Course,Magic Mountain Long Tees,58,18,4,14:02:00,58,0,924,119,True,False,18,58,True,True,True
49953,2021,MPO,1,398966,114674,114674,912,Round 1,2021-08-01,Jordan Lamson,,Magic Mountain National Disc Golf Course,Magic Mountain Long Tees,58,18,4,13:42:00,61,3,894,,True,False,18,61,True,True,True
49953,2021,MPO,1,398966,82340,82340,922,Round 1,2021-08-01,Justin Leonard,912,Magic Mountain National Disc Golf Course,Magic Mountain Long Tees,58,18,3,14:02:00,62,4,884,118,True,False,18,62,True,True,True
49953,2021,MPO,1,398966,83198,83198,924,Round 1,2021-08-01,Alan Gofberg,869,Magic Mountain National Disc Golf Course,Magic Mountain Long Tees,58,18,3,13:52:00,64,6,864,122,True,False,18,64,True,True,True
49953,2021,MPO,1,398966,57779,57779,917,Round 1,2021-08-01,Adam Stearns,898,Magic Mountain National Disc Golf Course,Magic Mountain Long Tees,58,18,2,13:22:00,66,8,844,126,True,False,18,66,True,True,True
49953,2021,MPO,2,398966,75861,75861,971,Round 2,2021-08-01,Charlie Veysey,978,Magic Mountain National Disc Golf Course,Magic Mountain Long Tees,58,18,1,14:18:00,50,-8,1004,102,True,False,18,50,True,True,True
49953,2021,MPO,2,398966,93877,93877,956,Round 2,2021-08-01,Matthew Storgaard,,Magic Mountain National Disc Golf Course,Magic Mountain Long Tees,58,18,4,14:18:00,49,-9,1014,103,True,False,18,49,True,True,True
49953,2021,MPO,2,398966,48392,48392,974,Round 2,2021-08-01,Jason Elsner,967,Magic Mountain National Disc Golf Course,Magic Mountain Long Tees,58,18,3,14:30:00,52,-6,984,103,True,False,18,52,True,True,True
49953,2021,MPO,2,398966,81283,81283,962,Round 2,2021-08-01,Ronnie Bennett,968,Magic Mountain National Disc Golf Course,Magic Mountain Long Tees,58,18,1,14:30:00,54,-4,964,104,True,False,18,54,True,True,True
49953,2021,MPO,2,398966,94450,94450,969,Round 2,2021-08-01,Brendan Rollins,958,Magic Mountain National Disc Golf Course,Magic Mountain Long Tees,58,18,2,14:30:00,54,-4,964,104,True,False,18,54,True,True,True
49953,2021,MPO,2,398966,48765,48765,977,Round 2,2021-08-01,Jeff Fleury,,Magic Mountain National Disc Golf Course,Magic Mountain Long Tees,58,18,1,14:06:00,53,-5,974,107,True,False,18,53,True,True,True
49953,2021,MPO,2,398966,59601,59601,959,Round 2,2021-08-01,Steven Tousignant,949,Magic Mountain National Disc Golf Course,Magic Mountain Long Tees,58,18,3,14:18:00,53,-5,974,107,True,False,18,53,True,True,True
49953,2021,MPO,2,398966,140874,140874,933,Round 2,2021-08-01,Hunter Martin,953,Magic Mountain National Disc Golf Course,Magic Mountain Long Tees,58,18,2,14:06:00,53,-5,974,107,True,False,18,53,True,True,True
49953,2021,MPO,2,398966,82940,82940,951,Round 2,2021-08-01,Zachary Podhorzer,955,Magic Mountain National Disc Golf Course,Magic Mountain Long Tees,58,18,4,14:30:00,56,-2,944,107,True,False,18,56,True,True,True
49953,2021,MPO,2,398966,103627,103627,976,Round 2,2021-08-01,Clayton Davis,,Magic Mountain National Disc Golf Course,Magic Mountain Long Tees,58,18,1,13:42:00,53,-5,974,110,True,False,18,53,True,True,True
49953,2021,MPO,2,398966,85970,85970,952,Round 2,2021-08-01,Ben Drogue,966,Magic Mountain National Disc Golf Course,Magic Mountain Long Tees,58,18,2,14:18:00,57,-1,934,110,True,False,18,57,True,True,True
49953,2021,MPO,2,398966,74430,74430,950,Round 2,2021-08-01,Mike Phaneuf,,Magic Mountain National Disc Golf Course,Magic Mountain Long Tees,58,18,3,14:06:00,55,-3,954,111,True,False,18,55,True,True,True
49953,2021,MPO,2,398966,143853,143853,971,Round 2,2021-08-01,Elijah Rider Brandt,1012,Magic Mountain National Disc Golf Course,Magic Mountain Long Tees,58,18,4,13:30:00,55,-3,954,111,True,False,18,55,True,True,True
49953,2021,MPO,2,398966,51158,51158,946,Round 2,2021-08-01,Sam Klotman,938,Magic Mountain National Disc Golf Course,Magic Mountain Long Tees,58,18,3,13:54:00,55,-3,954,112,True,False,18,55,True,True,True
49953,2021,MPO,2,398966,53718,53718,947,Round 2,2021-08-01,Nicholas Ailes,,Magic Mountain National Disc Golf Course,Magic Mountain Long Tees,58,18,4,13:54:00,55,-3,954,112,True,False,18,55,True,True,True
49953,2021,MPO,2,398966,82340,82340,922,Round 2,2021-08-01,Justin Leonard,912,Magic Mountain National Disc Golf Course,Magic Mountain Long Tees,58,18,1,13:18:00,56,-2,944,118,True,False,18,56,True,True,True
49953,2021,MPO,2,398966,85036,85036,900,Round 2,2021-08-01,Nolan Power,,Magic Mountain National Disc Golf Course,Magic Mountain Long Tees,58,18,2,13:42:00,60,2,904,118,True,False,18,60,True,True,True
49953,2021,MPO,2,398966,113196,113196,911,Round 2,2021-08-01,Chris Manning,,Magic Mountain National Disc Golf Course,Magic Mountain Long Tees,58,18,3,13:42:00,60,2,904,118,True,False,18,60,True,True,True
49953,2021,MPO,2,398966,101829,101829,937,Round 2,2021-08-01,Joshua Storgaard,,Magic Mountain National Disc Golf Course,Magic Mountain Long Tees,58,18,4,14:06:00,62,4,884,118,True,False,18,62,True,True,True
49953,2021,MPO,2,398966,107234,107234,886,Round 2,2021-08-01,Sebastian Marshall,,Magic Mountain National Disc Golf Course,Magic Mountain Long Tees,58,18,1,13:54:00,62,4,884,118,True,False,18,62,True,True,True
49953,2021,MPO,2,398966,127052,127052,814,Round 2,2021-08-01,Benjamin Michaud,,Magic Mountain National Disc Golf Course,Magic Mountain Long Tees,58,18,4,13:30:00,61,3,894,119,True,False,18,61,True,True,True
49953,2021,MPO,2,398966,161558,161558,922,Round 2,2021-08-01,Brad Schott,994,Magic Mountain National Disc Golf Course,Magic Mountain Long Tees,58,18,2,13:54:00,63,5,874,119,True,False,18,63,True,True,True
49953,2021,MPO,2,398966,83198,83198,924,Round 2,2021-08-01,Alan Gofberg,869,Magic Mountain National Disc Golf Course,Magic Mountain Long Tees,58,18,2,13:18:00,58,0,924,122,True,False,18,58,True,True,True
49953,2021,MPO,2,398966,57779,57779,917,Round 2,2021-08-01,Adam Stearns,898,Magic Mountain National Disc Golf Course,Magic Mountain Long Tees,58,18,3,13:18:00,60,2,904,126,True,False,18,60,True,True,True
49953,2021,MPO,2,398966,114674,114674,912,Round 2,2021-08-01,Jordan Lamson,,Magic Mountain National Disc Golf Course,Magic Mountain Long Tees,58,18,3,13:30:00,,,,,True,True,0,,False,False,False
49954,2021,FA1,1,403481,165174,165174,750,Round 1,2021-08-15,Kiree LaPointe,,North Calais Disc Golf Course,White Tees,65,18,2,10:15:00,73,8,786,144,True,False,0,,False,False,False
49954,2021,FA1,1,403481,174640,174640,815,Round 1,2021-08-15,Maureen McGuinness,,North Calais Disc Golf Course,White Tees,65,18,3,10:15:00,75,10,766,142,True,False,0,,False,False,False
49954,2021,FA1,1,403481,94272,94272,747,Round 1,2021-08-15,Gabrielle Pozzani,818,North Calais Disc Golf Course,White Tees,65,18,1,10:15:00,77,12,747,155,True,False,0,,False,False,False
49954,2021,FA1,1,403481,name:meagan grivois,,,Round 1,2021-08-15,Meagan Grivois,,North Calais Disc Golf Course,White Tees,65,18,4,10:15:00,82,17,698,,True,False,0,,False,False,False
49954,2021,FA1,2,403481,174640,174640,815,Round 2,2021-08-15,Maureen McGuinness,,North Calais Disc Golf Course,White Tees,65,18,2,10:00:00,67,2,845,142,True,False,0,,False,False,False
49954,2021,FA1,2,403481,165174,165174,750,Round 2,2021-08-15,Kiree LaPointe,,North Calais Disc Golf Course,White Tees,65,18,1,10:00:00,71,6,806,144,True,False,0,,False,False,False
49954,2021,FA1,2,403481,94272,94272,747,Round 2,2021-08-15,Gabrielle Pozzani,818,North Calais Disc Golf Course,White Tees,65,18,3,10:00:00,78,13,737,155,True,False,0,,False,False,False
49954,2021,FA1,2,403481,name:meagan grivois,,,Round 2,2021-08-15,Meagan Grivois,,North Calais Disc Golf Course,White Tees,65,18,4,10:00:00,,,,,True,True,0,,False,False,False
49954,2021,FPO,1,403476,122613,122613,813,Round 1,2021-08-15,Kelly Heslin,889,North Calais Disc Golf Course,Blue Tees,65,18,2,12:45:00,77,12,847,162,True,False,0,,False,False,False
49954,2021,FPO,1,403476,132857,132857,837,Round 1,2021-08-15,Serena Lamson,,North Calais Disc Golf Course,Blue Tees,65,18,3,12:45:00,78,13,839,154,True,False,0,,False,False,False
49954,2021,FPO,1,403476,69552,69552,791,Round 1,2021-08-15,Christy Betit,807,North Calais Disc Golf Course,Blue Tees,65,18,1,12:45:00,90,25,740,,True,False,0,,False,False,False
49954,2021,FPO,2,403476,132857,132857,837,Round 2,2021-08-15,Serena Lamson,,North Calais Disc Golf Course,Blue Tees,65,18,2,12:45:00,76,11,855,154,True,False,0,,False,False,False
49954,2021,FPO,2,403476,122613,122613,813,Round 2,2021-08-15,Kelly Heslin,889,North Calais Disc Golf Course,Blue Tees,65,18,1,12:45:00,85,20,781,162,True,False,0,,False,False,False
49954,2021,FPO,2,403476,69552,69552,791,Round 2,2021-08-15,Christy Betit,807,North Calais Disc Golf Course,Blue Tees,65,18,,,,,,,True,True,0,,False,False,False
49954,2021,MA1,1,403476,157191,157191,927,Round 1,2021-08-15,Ben Riendeau,,North Calais Disc Golf Course,Blue Tees,65,18,3,12:00:00,60,-5,987,126,True,False,0,,False,False,False
49954,2021,MA1,1,403476,95956,95956,934,Round 1,2021-08-15,Tyler Mount,943,North Calais Disc Golf Course,Blue Tees,65,18,1,12:00:00,63,-2,962,128,True,False,0,,False,False,False
49954,2021,MA1,1,403476,125328,125328,909,Round 1,2021-08-15,Dana Carpenter,,North Calais Disc Golf Course,Blue Tees,65,18,2,11:45:00,64,-1,954,133,True,False,0,,False,False,False
49954,2021,MA1,1,403476,100885,100885,916,Round 1,2021-08-15,Jacob Moore,945,North Calais Disc Golf Course,Blue Tees,65,18,2,11:15:00,65,0,946,133,True,False,0,,False,False,False
49954,2021,MA1,1,403476,89829,89829,911,Round 1,2021-08-15,Garrett Washburn,923,North Calais Disc Golf Course,Blue Tees,65,18,1,11:30:00,66,1,937,134,True,False,0,,False,False,False
49954,2021,MA1,1,403476,96355,96355,908,Round 1,2021-08-15,Louis Annino,906,North Calais Disc Golf Course,Blue Tees,65,18,1,11:15:00,67,2,929,132,True,False,0,,False,False,False
49954,2021,MA1,1,403476,164158,164158,914,Round 1,2021-08-15,Alex Raub,,North Calais Disc Golf Course,Blue Tees,65,18,4,12:00:00,68,3,921,135,True,False,0,,False,False,False
49954,2021,MA1,1,403476,27512,27512,940,Round 1,2021-08-15,Jason Parker,924,North Calais Disc Golf Course,Blue Tees,65,18,1,11:45:00,69,4,913,137,True,False,0,,False,False,False
49954,2021,MA1,1,403476,175457,175457,898,Round 1,2021-08-15,Nathan Beningson,,North Calais Disc Golf Course,Blue Tees,65,18,4,11:45:00,69,4,913,140,True,False,0,,False,False,False
49954,2021,MA1,1,403476,131201,131201,907,Round 1,2021-08-15,Tyler LaPerle,973,North Calais Disc Golf Course,Blue Tees,65,18,2,12:00:00,71,6,896,142,True,False,0,,False,False,False
49954,2021,MA1,1,403476,146710,146710,871,Round 1,2021-08-15,Nicholas Laurendeau,,North Calais Disc Golf Course,Blue Tees,65,18,3,11:30:00,72,7,888,148,True,False,0,,False,False,False
49954,2021,MA1,1,403476,120536,120536,856,Round 1,2021-08-15,Andrew Palumbo,,North Calais Disc Golf Course,Blue Tees,65,18,2,11:30:00,73,8,880,151,True,False,0,,False,False,False
49954,2021,MA1,1,403476,118928,118928,931,Round 1,2021-08-15,Tyler Pomichter,926,North Calais Disc Golf Course,Blue Tees,65,18,3,11:15:00,74,9,872,148,True,False,0,,False,False,False
49954,2021,MA1,1,403476,138321,138321,908,Round 1,2021-08-15,Nathan Doudera,,North Calais Disc Golf Course,Blue Tees,65,18,4,11:15:00,75,10,863,145,True,False,0,,False,False,False
49954,2021,MA1,1,403476,136937,136937,903,Round 1,2021-08-15,Zach Bossier,,North Calais Disc Golf Course,Blue Tees,65,18,3,11:45:00,77,12,847,149,True,False,0,,False,False,False
49954,2021,MA1,2,403476,157191,157191,927,Round 2,2021-08-15,Ben Riendeau,,North Calais Disc Golf Course,Blue Tees,65,18,1,11:00:00,66,1,937,126,True,False,0,,False,False,False
49954,2021,MA1,2,403476,95956,95956,934,Round 2,2021-08-15,Tyler Mount,943,North Calais Disc Golf Course,Blue Tees,65,18,2,11:00:00,65,0,946,128,True,False,0,,False,False,False
49954,2021,MA1,2,403476,96355,96355,908,Round 2,2021-08-15,Louis Annino,906,North Calais Disc Golf Course,Blue Tees,65,18,2,10:45:00,65,0,946,132,True,False,0,,False,False,False
49954,2021,MA1,2,403476,100885,100885,916,Round 2,2021-08-15,Jacob Moore,945,North Calais Disc Golf Course,Blue Tees,65,18,4,11:00:00,68,3,921,133,True,False,0,,False,False,False
49954,2021,MA1,2,403476,125328,125328,909,Round 2,2021-08-15,Dana Carpenter,,North Calais Disc Golf Course,Blue Tees,65,18,3,11:00:00,69,4,913,133,True,False,0,,False,False,False
49954,2021,MA1,2,403476,89829,89829,911,Round 2,2021-08-15,Garrett Washburn,923,North Calais Disc Golf Course,Blue Tees,65,18,1,10:45:00,68,3,921,134,True,False,0,,False,False,False
49954,2021,MA1,2,403476,164158,164158,914,Round 2,2021-08-15,Alex Raub,,North Calais Disc Golf Course,Blue Tees,65,18,3,10:45:00,67,2,929,135,True,False,0,,False,False,False
49954,2021,MA1,2,403476,27512,27512,940,Round 2,2021-08-15,Jason Parker,924,North Calais Disc Golf Course,Blue Tees,65,18,4,10:45:00,68,3,921,137,True,False,0,,False,False,False
49954,2021,MA1,2,403476,175457,175457,898,Round 2,2021-08-15,Nathan Beningson,,North Calais Disc Golf Course,Blue Tees,65,18,1,10:30:00,71,6,896,140,True,False,0,,False,False,False
49954,2021,MA1,2,403476,131201,131201,907,Round 2,2021-08-15,Tyler LaPerle,973,North Calais Disc Golf Course,Blue Tees,65,18,2,10:30:00,71,6,896,142,True,False,0,,False,False,False
49954,2021,MA1,2,403476,138321,138321,908,Round 2,2021-08-15,Nathan Doudera,,North Calais Disc Golf Course,Blue Tees,65,18,2,10:15:00,70,5,904,145,True,False,0,,False,False,False
49954,2021,MA1,2,403476,118928,118928,931,Round 2,2021-08-15,Tyler Pomichter,926,North Calais Disc Golf Course,Blue Tees,65,18,1,10:15:00,74,9,872,148,True,False,0,,False,False,False
49954,2021,MA1,2,403476,146710,146710,871,Round 2,2021-08-15,Nicholas Laurendeau,,North Calais Disc Golf Course,Blue Tees,65,18,3,10:30:00,76,11,855,148,True,False,0,,False,False,False
49954,2021,MA1,2,403476,136937,136937,903,Round 2,2021-08-15,Zach Bossier,,North Calais Disc Golf Course,Blue Tees,65,18,3,10:15:00,72,7,888,149,True,False,0,,False,False,False
49954,2021,MA1,2,403476,120536,120536,856,Round 2,2021-08-15,Andrew Palumbo,,North Calais Disc Golf Course,Blue Tees,65,18,4,10:30:00,78,13,839,151,True,False,0,,False,False,False
49954,2021,MA2,1,403481,168663,168663,909,Round 1,2021-08-15,Austin Neddo,,North Calais Disc Golf Course,White Tees,65,18,2,09:00:00,58,-7,933,119,True,False,0,,False,False,False
49954,2021,MA2,1,403481,112678,112678,872,Round 1,2021-08-15,A.J. Krawczyk,928,North Calais Disc Golf Course,White Tees,65,18,1,09:30:00,58,-7,933,126,True,False,0,,False,False,False
49954,2021,MA2,1,403481,173058,173058,907,Round 1,2021-08-15,Brandon Allaire,950,North Calais Disc Golf Course,White Tees,65,18,4,09:30:00,60,-5,913,118,True,False,0,,False,False,False
49954,2021,MA2,1,403481,63896,63896,892,Round 1,2021-08-15,Ross King,899,North Calais Disc Golf Course,White Tees,65,18,1,10:00:00,60,-5,913,118,True,False,0,,False,False,False
49954,2021,MA2,1,403481,138042,138042,876,Round 1,2021-08-15,Russell Freeman,925,North Calais Disc Golf Course,White Tees,65,18,2,09:45:00,61,-4,904,122,True,False,0,,False,False,False
49954,2021,MA2,1,403481,name:liam quinlan,,,Round 1,2021-08-15,Liam Quinlan,,North Calais Disc Golf Course,White Tees,65,18,3,09:30:00,62,-3,894,128,True,False,0,,False,False,False
49954,2021,MA2,1,403481,169393,169393,886,Round 1,2021-08-15,Aidan Trombley,977,North Calais Disc Golf Course,White Tees,65,18,3,09:45:00,63,-2,884,125,True,False,0,,False,False,False
49954,2021,MA2,1,403481,84935,84935,872,Round 1,2021-08-15,Droo Fisher,866,North Calais Disc Golf Course,White Tees,65,18,1,09:00:00,64,-1,874,127,True,False,0,,False,False,False
49954,2021,MA2,1,403481,120760,120760,839,Round 1,2021-08-15,Adam McAvoy,,North Calais Disc Golf Course,White Tees,65,18,3,10:00:00,64,-1,874,134,True,False,0,,False,False,False
49954,2021,MA2,1,403481,name:conor giard,,,Round 1,2021-08-15,Conor Giard,,North Calais Disc Golf Course,White Tees,65,18,2,09:15:00,65,0,864,133,True,False,0,,False,False,False
49954,2021,MA2,1,403481,106970,106970,823,Round 1,2021-08-15,Stefan Farrell,852,North Calais Disc Golf Course,White Tees,65,18,2,10:00:00,65,0,864,131,True,False,0,,False,False,False
49954,2021,MA2,1,403481,174646,174646,859,Round 1,2021-08-15,David Oppenheimer,,North Calais Disc Golf Course,White Tees,65,18,4,09:45:00,68,3,835,138,True,False,0,,False,False,False
49954,2021,MA2,1,403481,137736,137736,835,Round 1,2021-08-15,Logan Cooke,880,North Calais Disc Golf Course,White Tees,65,18,1,09:45:00,70,5,815,136,True,False,0,,False,False,False
49954,2021,MA2,1,403481,181431,181431,,Round 1,2021-08-15,Sam Winn,,North Calais Disc Golf Course,White Tees,65,18,1,09:15:00,71,6,806,150,True,False,0,,False,False,False
49954,2021,MA2,1,403481,name:dan rico,,,Round 1,2021-08-15,Dan Rico,,North Calais Disc Golf Course,White Tees,65,18,3,09:00:00,74,9,776,142,True,False,0,,False,False,False
49954,2021,MA2,1,403481,184435,184435,,Round 1,2021-08-15,Ian Seime,,North Calais Disc Golf Course,White Tees,65,18,4,10:00:00,75,10,766,150,True,False,0,,False,False,False
49954,2021,MA2,1,403481,175681,175681,829,Round 1,2021-08-15,Chris Cerutti,,North Calais Disc Golf Course,White Tees,65,18,2,09:30:00,82,17,698,157,True,False,0,,False,False,False
49954,2021,MA2,2,403481,63896,63896,892,Round 2,2021-08-15,Ross King,899,North Calais Disc Golf Course,White Tees,65,18,3,09:45:00,58,-7,933,118,True,False,0,,False,False,False
49954,2021,MA2,2,403481,173058,173058,907,Round 2,2021-08-15,Brandon Allaire,950,North Calais Disc Golf Course,White Tees,65,18,4,09:45:00,58,-7,933,118,True,False,0,,False,False,False
49954,2021,MA2,2,403481,168663,168663,909,Round 2,2021-08-15,Austin Neddo,,North Calais Disc Golf Course,White Tees,65,18,2,09:45:00,61,-4,904,119,True,False,0,,False,False,False
49954,2021,MA2,2,403481,138042,138042,876,Round 2,2021-08-15,Russell Freeman,925,North Calais Disc Golf Course,White Tees,65,18,1,09:30:00,61,-4,904,122,True,False,0,,False,False,False
49954,2021,MA2,2,403481,169393,169393,886,Round 2,2021-08-15,Aidan Trombley,977,North Calais Disc Golf Course,White Tees,65,18,3,09:30:00,62,-3,894,125,True,False,0,,False,False,False
49954,2021,MA2,2,403481,112678,112678,872,Round 2,2021-08-15,A.J. Krawczyk,928,North Calais Disc Golf Course,White Tees,65,18,1,09:45:00,68,3,835,126,True,False,0,,False,False,False
49954,2021,MA2,2,403481,84935,84935,872,Round 2,2021-08-15,Droo Fisher,866,North Calais Disc Golf Course,White Tees,65,18,4,09:30:00,63,-2,884,127,True,False,0,,False,False,False
49954,2021,MA2,2,403481,name:liam quinlan,,,Round 2,2021-08-15,Liam Quinlan,,North Calais Disc Golf Course,White Tees,65,18,2,09:30:00,66,1,855,128,True,False,0,,False,False,False
49954,2021,MA2,2,403481,106970,106970,823,Round 2,2021-08-15,Stefan Farrell,852,North Calais Disc Golf Course,White Tees,65,18,2,09:15:00,66,1,855,131,True,False,0,,False,False,False
49954,2021,MA2,2,403481,name:conor giard,,,Round 2,2021-08-15,Conor Giard,,North Calais Disc Golf Course,White Tees,65,18,3,09:15:00,68,3,835,133,True,False,0,,False,False,False
49954,2021,MA2,2,403481,120760,120760,839,Round 2,2021-08-15,Adam McAvoy,,North Calais Disc Golf Course,White Tees,65,18,1,09:15:00,70,5,815,134,True,False,0,,False,False,False
49954,2021,MA2,2,403481,137736,137736,835,Round 2,2021-08-15,Logan Cooke,880,North Calais Disc Golf Course,White Tees,65,18,2,09:00:00,66,1,855,136,True,False,0,,False,False,False
49954,2021,MA2,2,403481,174646,174646,859,Round 2,2021-08-15,David Oppenheimer,,North Calais Disc Golf Course,White Tees,65,18,1,09:00:00,70,5,815,138,True,False,0,,False,False,False
49954,2021,MA2,2,403481,name:dan rico,,,Round 2,2021-08-15,Dan Rico,,North Calais Disc Golf Course,White Tees,65,18,1,08:45:00,68,3,835,142,True,False,0,,False,False,False
49954,2021,MA2,2,403481,184435,184435,,Round 2,2021-08-15,Ian Seime,,North Calais Disc Golf Course,White Tees,65,18,2,08:45:00,75,10,766,150,True,False,0,,False,False,False
49954,2021,MA2,2,403481,181431,181431,,Round 2,2021-08-15,Sam Winn,,North Calais Disc Golf Course,White Tees,65,18,3,09:00:00,79,14,727,150,True,False,0,,False,False,False
49954,2021,MA2,2,403481,175681,175681,829,Round 2,2021-08-15,Chris Cerutti,,North Calais Disc Golf Course,White Tees,65,18,3,08:45:00,75,10,766,157,True,False,0,,False,False,False
49954,2021,MA3,1,403481,145666,145666,833,Round 1,2021-08-15,Wesley Pollock,,North Calais Disc Golf Course,White Tees,65,18,1,08:45:00,65,0,864,135,True,False,0,,False,False,False
49954,2021,MA3,1,403481,187845,187845,,Round 1,2021-08-15,Shane Seals,962,North Calais Disc Golf Course,White Tees,65,18,3,09:15:00,65,0,864,127,True,False,0,,False,False,False
49954,2021,MA3,1,403481,149368,149368,878,Round 1,2021-08-15,Brett Jipner,,North Calais Disc Golf Course,White Tees,65,18,2,08:45:00,67,2,845,133,True,False,0,,False,False,False
49954,2021,MA3,1,403481,140732,140732,830,Round 1,2021-08-15,Matt Saltus,821,North Calais Disc Golf Course,White Tees,65,18,4,09:15:00,68,3,835,137,True,False,0,,False,False,False
49954,2021,MA3,1,403481,155933,155933,780,Round 1,2021-08-15,Mourning Fox,,North Calais Disc Golf Course,White Tees,65,18,3,08:45:00,72,7,796,143,True,False,0,,False,False,False
49954,2021,MA3,2,403481,187845,187845,,Round 2,2021-08-15,Shane Seals,962,North Calais Disc Golf Course,White Tees,65,18,2,08:30:00,62,-3,894,127,True,False,0,,False,False,False
49954,2021,MA3,2,403481,149368,149368,878,Round 2,2021-08-15,Brett Jipner,,North Calais Disc Golf Course,White Tees,65,18,3,08:30:00,66,1,855,133,True,False,0,,False,False,False
49954,2021,MA3,2,403481,145666,145666,833,Round 2,2021-08-15,Wesley Pollock,,North Calais Disc Golf Course,White Tees,65,18,1,08:30:00,70,5,815,135,True,False,0,,False,False,False
49954,2021,MA3,2,403481,140732,140732,830,Round 2,2021-08-15,Matt Saltus,821,North Calais Disc Golf Course,White Tees,65,18,4,08:30:00,69,4,825,137,True,False,0,,False,False,False
49954,2021,MA3,2,403481,155933,155933,780,Round 2,2021-08-15,Mourning Fox,,North Calais Disc Golf Course,White Tees,65,18,5,08:30:00,71,6,806,143,True,False,0,,False,False,False
49954,2021,MA40,1,403476,178064,178064,896,Round 1,2021-08-15,Peter Walke,,North Calais Disc Golf Course,Blue Tees,65,18,4,13:00:00,30,3,921,141,True,False,7,30,False,True,False
49954,2021,MA40,1,403476,46513,46513,896,Round 1,2021-08-15,Troy Dietrich,890,North Calais Disc Golf Course,Blue Tees,65,18,2,13:00:00,29,5,904,141,True,False,7,29,False,True,False
49954,2021,MA40,1,403476,97356,97356,911,Round 1,2021-08-15,Jason Guild,934,North Calais Disc Golf Course,Blue Tees,65,18,3,13:00:00,29,7,888,135,True,False,7,29,False,True,False
49954,2021,MA40,1,403476,36062,36062,900,Round 1,2021-08-15,Andrew Powell,852,North Calais Disc Golf Course,Blue Tees,65,18,1,13:00:00,30,8,880,152,True,False,7,30,False,True,False
49954,2021,MA40,2,403476,97356,97356,911,Round 2,2021-08-15,Jason Guild,934,North Calais Disc Golf Course,Blue Tees,65,18,3,12:00:00,63,-2,962,135,True,False,0,,False,False,False
49954,2021,MA40,2,403476,46513,46513,896,Round 2,2021-08-15,Troy Dietrich,890,North Calais Disc Golf Course,Blue Tees,65,18,2,12:00:00,71,6,896,141,True,False,0,,False,False,False
49954,2021,MA40,2,403476,178064,178064,896,Round 2,2021-08-15,Peter Walke,,North Calais Disc Golf Course,Blue Tees,65,18,1,12:00:00,73,8,880,141,True,False,0,,False,False,False
49954,2021,MA40,2,403476,36062,36062,900,Round 2,2021-08-15,Andrew Powell,852,North Calais Disc Golf Course,Blue Tees,65,18,4,12:00:00,79,14,831,152,True,False,0,,False,False,False
49954,2021,MA50,1,403476,154887,154887,890,Round 1,2021-08-15,Brian Hunter,941,North Calais Disc Golf Course,Blue Tees,65,18,2,11:00:00,64,-1,954,130,True,False,0,,False,False,False
49954,2021,MA50,1,403476,166239,166239,896,Round 1,2021-08-15,Tom Raub,958,North Calais Disc Golf Course,Blue Tees,65,18,2,10:30:00,69,4,913,131,True,False,0,,False,False,False
49954,2021,MA50,1,403476,88247,88247,882,Round 1,2021-08-15,Tyler Bowden,884,North Calais Disc Golf Course,Blue Tees,65,18,1,11:00:00,69,4,913,143,True,False,0,,False,False,False
49954,2021,MA50,1,403476,59700,59700,856,Round 1,2021-08-15,Erik Lindgren,879,North Calais Disc Golf Course,Blue Tees,65,18,1,10:45:00,70,5,904,144,True,False,0,,False,False,False
49954,2021,MA50,1,403476,91301,91301,896,Round 1,2021-08-15,Michael A. Stridsberg,898,North Calais Disc Golf Course,Blue Tees,65,18,3,10:45:00,71,6,896,142,True,False,0,,False,False,False
49954,2021,MA50,1,403476,74478,74478,866,Round 1,2021-08-15,John Sudarsky,845,North Calais Disc Golf Course,Blue Tees,65,18,2,10:45:00,74,9,872,147,True,False,0,,False,False,False
49954,2021,MA50,1,403476,name:todd sternbach,,,Round 1,2021-08-15,Todd Sternbach,,North Calais Disc Golf Course,Blue Tees,65,18,3,11:00:00,79,14,831,159,True,False,0,,False,False,False
49954,2021,MA50,1,403476,name:david beningson,,,Round 1,2021-08-15,David Beningson,,North Calais Disc Golf Course,Blue Tees,65,18,3,10:30:00,86,21,773,172,True,False,0,,False,False,False
49954,2021,MA50,1,403476,131352,131352,775,Round 1,2021-08-15,David Havens,816,North Calais Disc Golf Course,Blue Tees,65,18,1,10:30:00,90,25,740,177,True,False,0,,False,False,False
49954,2021,MA50,2,403476,154887,154887,890,Round 2,2021-08-15,Brian Hunter,941,North Calais Disc Golf Course,Blue Tees,65,18,1,11:45:00,66,1,937,130,True,False,0,,False,False,False
49954,2021,MA50,2,403476,166239,166239,896,Round 2,2021-08-15,Tom Raub,958,North Calais Disc Golf Course,Blue Tees,65,18,3,11:45:00,62,-3,970,131,True,False,0,,False,False,False
49954,2021,MA50,2,403476,91301,91301,896,Round 2,2021-08-15,Michael A. Stridsberg,898,North Calais Disc Golf Course,Blue Tees,65,18,2,11:30:00,71,6,896,142,True,False,0,,False,False,False
49954,2021,MA50,2,403476,88247,88247,882,Round 2,2021-08-15,Tyler Bowden,884,North Calais Disc Golf Course,Blue Tees,65,18,2,11:45:00,74,9,872,143,True,False,0,,False,False,False
49954,2021,MA50,2,403476,59700,59700,856,Round 2,2021-08-15,Erik Lindgren,879,North Calais Disc Golf Course,Blue Tees,65,18,1,11:30:00,74,9,872,144,True,False,0,,False,False,False
49954,2021,MA50,2,403476,74478,74478,866,Round 2,2021-08-15,John Sudarsky,845,North Calais Disc Golf Course,Blue Tees,65,18,3,11:30:00,73,8,880,147,True,False,0,,False,False,False
49954,2021,MA50,2,403476,name:todd sternbach,,,Round 2,2021-08-15,Todd Sternbach,,North Calais Disc Golf Course,Blue Tees,65,18,1,11:15:00,80,15,822,159,True,False,0,,False,False,False
49954,2021,MA50,2,403476,name:david beningson,,,Round 2,2021-08-15,David Beningson,,North Calais Disc Golf Course,Blue Tees,65,18,2,11:15:00,86,21,773,172,True,False,0,,False,False,False
49954,2021,MA50,2,403476,131352,131352,775,Round 2,2021-08-15,David Havens,816,North Calais Disc Golf Course,Blue Tees,65,18,3,11:15:00,87,22,765,177,True,False,0,,False,False,False
49954,2021,MJ15,1,403481,124203,124203,829,Round 1,2021-08-15,Ezra Koch,954,North Calais Disc Golf Course,White Tees,65,18,1,08:30:00,64,-1,874,134,True,False,0,,False,False,False
49954,2021,MJ15,1,403481,180438,180438,825,Round 1,2021-08-15,Elian Furs,,North Calais Disc Golf Course,White Tees,65,18,2,08:30:00,76,11,756,150,True,False,0,,False,False,False
49954,2021,MJ15,1,403481,name:mark thompson,,,Round 1,2021-08-15,Mark Thompson,,North Calais Disc Golf Course,White Tees,65,18,3,08:30:00,81,16,707,178,True,False,0,,False,False,False
49954,2021,MJ15,2,403481,124203,124203,829,Round 2,2021-08-15,Ezra Koch,954,North Calais Disc Golf Course,White Tees,65,18,1,08:15:00,70,5,815,134,True,False,0,,False,False,False
49954,2021,MJ15,2,403481,180438,180438,825,Round 2,2021-08-15,Elian Furs,,North Calais Disc Golf Course,White Tees,65,18,2,08:15:00,74,9,776,150,True,False,0,,False,False,False
49954,2021,MJ15,2,403481,name:mark thompson,,,Round 2,2021-08-15,Mark Thompson,,North Calais Disc Golf Course,White Tees,65,18,3,08:15:00,97,32,550,178,True,False,0,,False,False,False
49954,2021,MP40,1,403471,63390,63390,974,Round 1,2021-08-15,Jim Bailey,986,North Calais Disc Golf Course,Gold Tees,65,18,4,15:30:00,61,-4,1019,129,True,False,0,,False,False,False
49954,2021,MP40,1,403471,48455,48455,968,Round 1,2021-08-15,Frank Strauss Jr,919,North Calais Disc Golf Course,Gold Tees,65,18,1,14:45:00,65,0,991,132,True,False,0,,False,False,False
49954,2021,MP40,1,403471,24381,24381,958,Round 1,2021-08-15,Chris Young,937,North Calais Disc Golf Course,Gold Tees,65,18,1,15:30:00,66,1,984,139,True,False,0,,False,False,False
49954,2021,MP40,1,403471,100369,100369,929,Round 1,2021-08-15,Chris Buckle,878,North Calais Disc Golf Course,Gold Tees,65,18,2,15:15:00,71,6,949,145,True,False,0,,False,False,False
49954,2021,MP40,1,403471,27112,27112,907,Round 1,2021-08-15,David Frothingham,,North Calais Disc Golf Course,Gold Tees,65,18,4,15:15:00,72,7,942,147,True,False,0,,False,False,False
49954,2021,MP40,1,403471,23565,23565,916,Round 1,2021-08-15,Shane M. Tewksbury,925,North Calais Disc Golf Course,Gold Tees,65,18,2,15:30:00,72,7,942,145,True,False,0,,False,False,False
49954,2021,MP40,1,403471,119003,119003,934,Round 1,2021-08-15,Joshua Wedel,942,North Calais Disc Golf Course,Gold Tees,65,18,4,15:00:00,73,8,935,153,True,False,0,,False,False,False
49954,2021,MP40,1,403471,164570,164570,,Round 1,2021-08-15,David Carter,,North Calais Disc Golf Course,Gold Tees,65,18,3,15:00:00,74,9,928,149,True,False,0,,False,False,False
49954,2021,MP40,1,403471,66454,66454,911,Round 1,2021-08-15,Brian Betit,899,North Calais Disc Golf Course,Gold Tees,65,18,3,14:45:00,76,11,914,152,True,False,0,,False,False,False
49954,2021,MP40,1,403471,96621,96621,950,Round 1,2021-08-15,Jeremy McKittrick,932,North Calais Disc Golf Course,Gold Tees,65,18,4,14:45:00,76,11,914,141,True,False,0,,False,False,False
49954,2021,MP40,1,403471,94273,94273,886,Round 1,2021-08-15,Marques Pozzani,863,North Calais Disc Golf Course,Gold Tees,65,18,2,15:00:00,79,14,893,160,True,False,0,,False,False,False
49954,2021,MP40,1,403471,159476,159476,907,Round 1,2021-08-15,James Lightholder,899,North Calais Disc Golf Course,Gold Tees,65,18,1,15:15:00,79,14,893,152,True,False,0,,False,False,False
49954,2021,MP40,1,403471,83212,83212,887,Round 1,2021-08-15,Cory Barron,885,North Calais Disc Golf Course,Gold Tees,65,18,3,15:30:00,79,14,893,151,True,False,0,,False,False,False
49954,2021,MP40,1,403471,64654,64654,915,Round 1,2021-08-15,Matthew Zabawa,,North Calais Disc Golf Course,Gold Tees,65,18,2,14:45:00,81,16,879,163,True,False,0,,False,False,False
49954,2021,MP40,1,403471,125921,125921,893,Round 1,2021-08-15,Christopher Conk,905,North Calais Disc Golf Course,Gold Tees,65,18,3,15:15:00,86,21,844,,True,False,0,,False,False,False
49954,2021,MP40,1,403471,73588,73588,876,Round 1,2021-08-15,Will Cleland,910,North Calais Disc Golf Course,Gold Tees,65,18,1,15:00:00,90,25,816,168,True,False,0,,False,False,False
49954,2021,MP40,2,403471,63390,63390,974,Round 2,2021-08-15,Jim Bailey,986,North Calais Disc Golf Course,Gold Tees,65,18,1,15:15:00,68,3,970,129,True,False,0,,False,False,False
49954,2021,MP40,2,403471,48455,48455,968,Round 2,2021-08-15,Frank Strauss Jr,919,North Calais Disc Golf Course,Gold Tees,65,18,2,15:15:00,67,2,977,132,True,False,0,,False,False,False
49954,2021,MP40,2,403471,24381,24381,958,Round 2,2021-08-15,Chris Young,937,North Calais Disc Golf Course,Gold Tees,65,18,3,15:15:00,73,8,935,139,True,False,0,,False,False,False
49954,2021,MP40,2,403471,96621,96621,950,Round 2,2021-08-15,Jeremy McKittrick,932,North Calais Disc Golf Course,Gold Tees,65,18,2,14:45:00,65,0,991,141,True,False,0,,False,False,False
49954,2021,MP40,2,403471,23565,23565,916,Round 2,2021-08-15,Shane M. Tewksbury,925,North Calais Disc Golf Course,Gold Tees,65,18,1,15:00:00,73,8,935,145,True,False,0,,False,False,False
49954,2021,MP40,2,403471,100369,100369,929,Round 2,2021-08-15,Chris Buckle,878,North Calais Disc Golf Course,Gold Tees,65,18,4,15:15:00,74,9,928,145,True,False,0,,False,False,False
49954,2021,MP40,2,403471,27112,27112,907,Round 2,2021-08-15,David Frothingham,,North Calais Disc Golf Course,Gold Tees,65,18,2,15:00:00,75,10,921,147,True,False,0,,False,False,False
49954,2021,MP40,2,403471,164570,164570,,Round 2,2021-08-15,David Carter,,North Calais Disc Golf Course,Gold Tees,65,18,4,15:00:00,75,10,921,149,True,False,0,,False,False,False
49954,2021,MP40,2,403471,83212,83212,887,Round 2,2021-08-15,Cory Barron,885,North Calais Disc Golf Course,Gold Tees,65,18,3,14:45:00,72,7,942,151,True,False,0,,False,False,False
49954,2021,MP40,2,403471,159476,159476,907,Round 2,2021-08-15,James Lightholder,899,North Calais Disc Golf Course,Gold Tees,65,18,1,14:30:00,73,8,935,152,True,False,0,,False,False,False
49954,2021,MP40,2,403471,66454,66454,911,Round 2,2021-08-15,Brian Betit,899,North Calais Disc Golf Course,Gold Tees,65,18,1,14:45:00,76,11,914,152,True,False,0,,False,False,False
49954,2021,MP40,2,403471,119003,119003,934,Round 2,2021-08-15,Joshua Wedel,942,North Calais Disc Golf Course,Gold Tees,65,18,3,15:00:00,80,15,886,153,True,False,0,,False,False,False
49954,2021,MP40,2,403471,94273,94273,886,Round 2,2021-08-15,Marques Pozzani,863,North Calais Disc Golf Course,Gold Tees,65,18,4,14:45:00,81,16,879,160,True,False,0,,False,False,False
49954,2021,MP40,2,403471,64654,64654,915,Round 2,2021-08-15,Matthew Zabawa,,North Calais Disc Golf Course,Gold Tees,65,18,2,14:30:00,82,17,872,163,True,False,0,,False,False,False
49954,2021,MP40,2,403471,73588,73588,876,Round 2,2021-08-15,Will Cleland,910,North Calais Disc Golf Course,Gold Tees,65,18,4,14:30:00,78,13,900,168,True,False,0,,False,False,False
49954,2021,MP40,2,403471,125921,125921,893,Round 2,2021-08-15,Christopher Conk,905,North Calais Disc Golf Course,Gold Tees,65,18,3,14:30:00,,,,,True,True,0,,False,False,False
49954,2021,MP50,1,403476,82791,82791,948,Round 1,2021-08-15,Greg Bianco,930,North Calais Disc Golf Course,Blue Tees,65,18,3,12:30:00,65,0,946,132,True,False,0,,False,False,False
49954,2021,MP50,1,403476,42074,42074,935,Round 1,2021-08-15,Ken Gary,913,North Calais Disc Golf Course,Blue Tees,65,18,1,12:30:00,68,3,921,136,True,False,0,,False,False,False
49954,2021,MP50,1,403476,name:daniel desch,,,Round 1,2021-08-15,Daniel Desch,,North Calais Disc Golf Course,Blue Tees,65,18,4,12:30:00,71,6,896,133,True,False,0,,False,False,False
49954,2021,MP50,1,403476,77623,77623,910,Round 1,2021-08-15,Cary Powell,909,North Calais Disc Golf Course,Blue Tees,65,18,2,12:30:00,72,7,888,141,True,False,0,,False,False,False
49954,2021,MP50,2,403476,82791,82791,948,Round 2,2021-08-15,Greg Bianco,930,North Calais Disc Golf Course,Blue Tees,65,18,1,12:15:00,67,2,929,132,True,False,0,,False,False,False
49954,2021,MP50,2,403476,name:daniel desch,,,Round 2,2021-08-15,Daniel Desch,,North Calais Disc Golf Course,Blue Tees,65,18,3,12:15:00,62,-3,970,133,True,False,0,,False,False,False
49954,2021,MP50,2,403476,42074,42074,935,Round 2,2021-08-15,Ken Gary,913,North Calais Disc Golf Course,Blue Tees,65,18,2,12:15:00,68,3,921,136,True,False,0,,False,False,False
49954,2021,MP50,2,403476,77623,77623,910,Round 2,2021-08-15,Cary Powell,909,North Calais Disc Golf Course,Blue Tees,65,18,4,12:15:00,69,4,913,141,True,False,0,,False,False,False
49954,2021,MP60,1,403476,name:dan griffith,,,Round 1,2021-08-15,Dan Griffith,,North Calais Disc Golf Course,Blue Tees,65,18,4,12:15:00,68,3,921,142,True,False,0,,False,False,False
49954,2021,MP60,1,403476,11846,11846,880,Round 1,2021-08-15,Sean Franchi,,North Calais Disc Golf Course,Blue Tees,65,18,3,12:15:00,76,11,855,153,True,False,0,,False,False,False
49954,2021,MP60,1,403476,121407,121407,853,Round 1,2021-08-15,Christopher Baker,,North Calais Disc Golf Course,Blue Tees,65,18,2,12:15:00,76,11,855,157,True,False,0,,False,False,False
49954,2021,MP60,1,403476,1889,1889,873,Round 1,2021-08-15,Roy Doar,,North Calais Disc Golf Course,Blue Tees,65,18,1,12:15:00,79,14,831,888,True,False,0,,False,False,False
49954,2021,MP60,2,403476,name:dan griffith,,,Round 2,2021-08-15,Dan Griffith,,North Calais Disc Golf Course,Blue Tees,65,18,1,12:30:00,74,9,872,142,True,False,0,,False,False,False
49954,2021,MP60,2,403476,11846,11846,880,Round 2,2021-08-15,Sean Franchi,,North Calais Disc Golf Course,Blue Tees,65,18,3,12:30:00,77,12,847,153,True,False,0,,False,False,False
49954,2021,MP60,2,403476,121407,121407,853,Round 2,2021-08-15,Christopher Baker,,North Calais Disc Golf Course,Blue Tees,65,18,2,12:30:00,81,16,814,157,True,False,0,,False,False,False
49954,2021,MP60,2,403476,1889,1889,873,Round 2,2021-08-15,Roy Doar,,North Calais Disc Golf Course,Blue Tees,65,18,4,12:30:00,888,823,,888,True,False,0,,False,False,False
49954,2021,MPO,1,403471,103627,103627,973,Round 1,2021-08-15,Clayton Davis,,North Calais Disc Golf Course,Gold Tees,65,18,2,13:30:00,65,0,991,132,True,False,0,,False,False,False
49954,2021,MPO,1,403471,136903,136903,962,Round 1,2021-08-15,Alex Ferguson,957,North Calais Disc Golf Course,Gold Tees,65,18,4,14:00:00,66,1,984,142,True,False,0,,False,False,False
49954,2021,MPO,1,403471,93877,93877,963,Round 1,2021-08-15,Matthew Storgaard,,North Calais Disc Golf Course,Gold Tees,65,18,1,13:15:00,68,3,970,135,True,False,0,,False,False,False
49954,2021,MPO,1,403471,124607,124607,971,Round 1,2021-08-15,Gillis MacDougall,1007,North Calais Disc Golf Course,Gold Tees,65,18,3,14:00:00,68,3,970,134,True,False,0,,False,False,False
49954,2021,MPO,1,403471,82940,82940,954,Round 1,2021-08-15,Zachary Podhorzer,955,North Calais Disc Golf Course,Gold Tees,65,18,1,14:00:00,69,4,963,136,True,False,0,,False,False,False
49954,2021,MPO,1,403471,77274,77274,941,Round 1,2021-08-15,tom shanley,984,North Calais Disc Golf Course,Gold Tees,65,18,1,13:45:00,70,5,956,139,True,False,0,,False,False,False
49954,2021,MPO,1,403471,101829,101829,935,Round 1,2021-08-15,Joshua Storgaard,,North Calais Disc Golf Course,Gold Tees,65,18,2,14:30:00,70,5,956,140,True,False,0,,False,False,False
49954,2021,MPO,1,403471,94450,94450,970,Round 1,2021-08-15,Brendan Rollins,958,North Calais Disc Golf Course,Gold Tees,65,18,3,13:45:00,71,6,949,142,True,False,0,,False,False,False
49954,2021,MPO,1,403471,140874,140874,950,Round 1,2021-08-15,Hunter Martin,953,North Calais Disc Golf Course,Gold Tees,65,18,4,13:30:00,73,8,935,140,True,False,0,,False,False,False
49954,2021,MPO,1,403471,125586,125586,936,Round 1,2021-08-15,Matthew Avery,,North Calais Disc Golf Course,Gold Tees,65,18,4,14:30:00,73,8,935,151,True,False,0,,False,False,False
49954,2021,MPO,1,403471,161558,161558,925,Round 1,2021-08-15,Brad Schott,994,North Calais Disc Golf Course,Gold Tees,65,18,3,13:15:00,74,9,928,140,True,False,0,,False,False,False
49954,2021,MPO,1,403471,85036,85036,903,Round 1,2021-08-15,Nolan Power,,North Calais Disc Golf Course,Gold Tees,65,18,2,14:15:00,74,9,928,144,True,False,0,,False,False,False
49954,2021,MPO,1,403471,109051,109051,885,Round 1,2021-08-15,Taylor Jones,866,North Calais Disc Golf Course,Gold Tees,65,18,2,13:15:00,75,10,921,155,True,False,0,,False,False,False
49954,2021,MPO,1,403471,100341,100341,922,Round 1,2021-08-15,Kevin Avery,,North Calais Disc Golf Course,Gold Tees,65,18,3,14:15:00,75,10,921,155,True,False,0,,False,False,False
49954,2021,MPO,1,403471,53718,53718,946,Round 1,2021-08-15,Nicholas Ailes,,North Calais Disc Golf Course,Gold Tees,65,18,1,14:30:00,75,10,921,145,True,False,0,,False,False,False
49954,2021,MPO,1,403471,116370,116370,916,Round 1,2021-08-15,Tyler Moriarty,,North Calais Disc Golf Course,Gold Tees,65,18,3,14:30:00,75,10,921,147,True,False,0,,False,False,False
49954,2021,MPO,1,403471,85980,85980,916,Round 1,2021-08-15,Corey Clark,,North Calais Disc Golf Course,Gold Tees,65,18,2,13:45:00,76,11,914,150,True,False,0,,False,False,False
49954,2021,MPO,1,403471,83198,83198,917,Round 1,2021-08-15,Alan Gofberg,869,North Calais Disc Golf Course,Gold Tees,65,18,2,14:00:00,76,11,914,154,True,False,0,,False,False,False
49954,2021,MPO,1,403471,101763,101763,901,Round 1,2021-08-15,Spencer Sutherland,917,North Calais Disc Golf Course,Gold Tees,65,18,1,13:30:00,77,12,907,145,True,False,0,,False,False,False
49954,2021,MPO,1,403471,74240,74240,947,Round 1,2021-08-15,Christopher Martin,962,North Calais Disc Golf Course,Gold Tees,65,18,1,14:15:00,78,13,900,145,True,False,0,,False,False,False
49954,2021,MPO,1,403471,130922,130922,928,Round 1,2021-08-15,James Bowley,,North Calais Disc Golf Course,Gold Tees,65,18,4,13:45:00,80,15,886,161,True,False,0,,False,False,False
49954,2021,MPO,1,403471,114674,114674,911,Round 1,2021-08-15,Jordan Lamson,,North Calais Disc Golf Course,Gold Tees,65,18,3,13:30:00,82,17,872,150,True,False,0,,False,False,False
49954,2021,MPO,1,403471,165756,165756,903,Round 1,2021-08-15,Peter Walsh,,North Calais Disc Golf Course,Gold Tees,65,18,4,14:15:00,82,17,872,160,True,False,0,,False,False,False
49954,2021,MPO,2,403471,103627,103627,973,Round 2,2021-08-15,Clayton Davis,,North Calais Disc Golf Course,Gold Tees,65,18,1,14:15:00,67,2,977,132,True,False,0,,False,False,False
49954,2021,MPO,2,403471,124607,124607,971,Round 2,2021-08-15,Gillis MacDougall,1007,North Calais Disc Golf Course,Gold Tees,65,18,4,14:15:00,66,1,984,134,True,False,0,,False,False,False
49954,2021,MPO,2,403471,93877,93877,963,Round 2,2021-08-15,Matthew Storgaard,,North Calais Disc Golf Course,Gold Tees,65,18,3,14:15:00,67,2,977,135,True,False,0,,False,False,False
49954,2021,MPO,2,403471,82940,82940,954,Round 2,2021-08-15,Zachary Podhorzer,955,North Calais Disc Golf Course,Gold Tees,65,18,1,14:00:00,67,2,977,136,True,False,0,,False,False,False
49954,2021,MPO,2,403471,77274,77274,941,Round 2,2021-08-15,tom shanley,984,North Calais Disc Golf Course,Gold Tees,65,18,2,14:00:00,69,4,963,139,True,False,0,,False,False,False
49954,2021,MPO,2,403471,161558,161558,925,Round 2,2021-08-15,Brad Schott,994,North Calais Disc Golf Course,Gold Tees,65,18,4,13:45:00,66,1,984,140,True,False,0,,False,False,False
49954,2021,MPO,2,403471,140874,140874,950,Round 2,2021-08-15,Hunter Martin,953,North Calais Disc Golf Course,Gold Tees,65,18,2,13:45:00,67,2,977,140,True,False,0,,False,False,False
49954,2021,MPO,2,403471,101829,101829,935,Round 2,2021-08-15,Joshua Storgaard,,North Calais Disc Golf Course,Gold Tees,65,18,3,14:00:00,70,5,956,140,True,False,0,,False,False,False
49954,2021,MPO,2,403471,94450,94450,970,Round 2,2021-08-15,Brendan Rollins,958,North Calais Disc Golf Course,Gold Tees,65,18,4,14:00:00,71,6,949,142,True,False,0,,False,False,False
49954,2021,MPO,2,403471,136903,136903,962,Round 2,2021-08-15,Alex Ferguson,957,North Calais Disc Golf Course,Gold Tees,65,18,2,14:15:00,76,11,914,142,True,False,0,,False,False,False
49954,2021,MPO,2,403471,85036,85036,903,Round 2,2021-08-15,Nolan Power,,North Calais Disc Golf Course,Gold Tees,65,18,3,13:45:00,70,5,956,144,True,False,0,,False,False,False
49954,2021,MPO,2,403471,74240,74240,947,Round 2,2021-08-15,Christopher Martin,962,North Calais Disc Golf Course,Gold Tees,65,18,4,13:15:00,67,2,977,145,True,False,0,,False,False,False
49954,2021,MPO,2,403471,101763,101763,901,Round 2,2021-08-15,Spencer Sutherland,917,North Calais Disc Golf Course,Gold Tees,65,18,3,13:15:00,68,3,970,145,True,False,0,,False,False,False
49954,2021,MPO,2,403471,53718,53718,946,Round 2,2021-08-15,Nicholas Ailes,,North Calais Disc Golf Course,Gold Tees,65,18,1,13:30:00,70,5,956,145,True,False,0,,False,False,False
49954,2021,MPO,2,403471,116370,116370,916,Round 2,2021-08-15,Tyler Moriarty,,North Calais Disc Golf Course,Gold Tees,65,18,4,13:30:00,72,7,942,147,True,False,0,,False,False,False
49954,2021,MPO,2,403471,114674,114674,911,Round 2,2021-08-15,Jordan Lamson,,North Calais Disc Golf Course,Gold Tees,65,18,2,12:45:00,68,3,970,150,True,False,0,,False,False,False
49954,2021,MPO,2,403471,85980,85980,916,Round 2,2021-08-15,Corey Clark,,North Calais Disc Golf Course,Gold Tees,65,18,2,13:15:00,74,9,928,150,True,False,0,,False,False,False
49954,2021,MPO,2,403471,125586,125586,936,Round 2,2021-08-15,Matthew Avery,,North Calais Disc Golf Course,Gold Tees,65,18,1,13:45:00,78,13,900,151,True,False,0,,False,False,False
49954,2021,MPO,2,403471,83198,83198,917,Round 2,2021-08-15,Alan Gofberg,869,North Calais Disc Golf Course,Gold Tees,65,18,1,13:15:00,78,13,900,154,True,False,0,,False,False,False
49954,2021,MPO,2,403471,100341,100341,922,Round 2,2021-08-15,Kevin Avery,,North Calais Disc Golf Course,Gold Tees,65,18,2,13:30:00,80,15,886,155,True,False,0,,False,False,False
49954,2021,MPO,2,403471,109051,109051,885,Round 2,2021-08-15,Taylor Jones,866,North Calais Disc Golf Course,Gold Tees,65,18,3,13:30:00,80,15,886,155,True,False,0,,False,False,False
49954,2021,MPO,2,403471,165756,165756,903,Round 2,2021-08-15,Peter Walsh,,North Calais Disc Golf Course,Gold Tees,65,18,3,12:45:00,78,13,900,160,True,False,0,,False,False,False
49954,2021,MPO,2,403471,130922,130922,928,Round 2,2021-08-15,James Bowley,,North Calais Disc Golf Course,Gold Tees,65,18,1,12:45:00,81,16,879,161,True,False,0,,False,False,False
49955,2021,FA1,1,410271,165174,165174,750,Round 1,2021-08-29,Kiree LaPointe,,Base Camp Outfitters Disc Golf,Default Layout,56,18,5,11:45:00,69,13,820,144,True,False,18,69,True,True,True
49955,2021,FA1,2,410271,165174,165174,750,Round 2,2021-08-29,Kiree LaPointe,,Base Camp Outfitters Disc Golf,Default Layout,56,18,5,11:30:00,75,19,760,144,True,False,18,75,True,True,True
49955,2021,FPO,1,410271,88964,88964,860,Round 1,2021-08-29,Tamara Coburn,863,Base Camp Outfitters Disc Golf,Default Layout,56,18,2,13:00:00,66,10,849,134,True,False,18,66,True,True,True
49955,2021,FPO,1,410271,122613,122613,813,Round 1,2021-08-29,Kelly Heslin,889,Base Camp Outfitters Disc Golf,Default Layout,56,18,3,13:00:00,68,12,830,136,True,False,18,68,True,True,True
49955,2021,FPO,1,410271,132857,132857,837,Round 1,2021-08-29,Serena Lamson,,Base Camp Outfitters Disc Golf,Default Layout,56,18,4,13:00:00,68,12,830,135,True,False,18,68,True,True,True
49955,2021,FPO,1,410271,69552,69552,791,Round 1,2021-08-29,Christy Betit,807,Base Camp Outfitters Disc Golf,Default Layout,56,18,1,13:00:00,76,20,750,152,True,False,18,76,True,True,True
49955,2021,FPO,2,410271,88964,88964,860,Round 2,2021-08-29,Tamara Coburn,863,Base Camp Outfitters Disc Golf,Default Layout,56,18,1,13:00:00,68,12,830,134,True,False,18,68,True,True,True
49955,2021,FPO,2,410271,132857,132857,837,Round 2,2021-08-29,Serena Lamson,,Base Camp Outfitters Disc Golf,Default Layout,56,18,3,13:00:00,67,11,839,135,True,False,18,67,True,True,True
49955,2021,FPO,2,410271,122613,122613,813,Round 2,2021-08-29,Kelly Heslin,889,Base Camp Outfitters Disc Golf,Default Layout,56,18,2,13:00:00,68,12,830,136,True,False,18,68,True,True,True
49955,2021,FPO,2,410271,69552,69552,791,Round 2,2021-08-29,Christy Betit,807,Base Camp Outfitters Disc Golf,Default Layout,56,18,4,13:00:00,76,20,750,152,True,False,18,76,True,True,True
49955,2021,MA1,1,410271,96355,96355,908,Round 1,2021-08-29,Louis Annino,906,Base Camp Outfitters Disc Golf,Default Layout,56,18,3,11:30:00,56,0,948,113,True,False,18,56,True,True,True
49955,2021,MA1,1,410271,118928,118928,931,Round 1,2021-08-29,Tyler Pomichter,926,Base Camp Outfitters Disc Golf,Default Layout,56,18,2,11:45:00,58,2,929,114,True,False,18,58,True,True,True
49955,2021,MA1,1,410271,164158,164158,914,Round 1,2021-08-29,Alex Raub,,Base Camp Outfitters Disc Golf,Default Layout,56,18,4,11:30:00,58,2,929,114,True,False,18,58,True,True,True
49955,2021,MA1,1,410271,89829,89829,911,Round 1,2021-08-29,Garrett Washburn,923,Base Camp Outfitters Disc Golf,Default Layout,56,18,2,11:30:00,59,3,919,114,True,False,18,59,True,True,True
49955,2021,MA1,1,410271,100885,100885,916,Round 1,2021-08-29,Jacob Moore,945,Base Camp Outfitters Disc Golf,Default Layout,56,18,1,11:45:00,59,3,919,121,True,False,18,59,True,True,True
49955,2021,MA1,1,410271,111643,111643,915,Round 1,2021-08-29,Finn Etter,1013,Base Camp Outfitters Disc Golf,Default Layout,56,18,1,11:30:00,60,4,909,127,True,False,18,60,True,True,True
49955,2021,MA1,1,410271,125328,125328,909,Round 1,2021-08-29,Dana Carpenter,,Base Camp Outfitters Disc Golf,Default Layout,56,18,5,11:30:00,61,5,899,124,True,False,18,61,True,True,True
49955,2021,MA1,1,410271,88965,88965,919,Round 1,2021-08-29,Dan Coburn,,Base Camp Outfitters Disc Golf,Default Layout,56,18,4,11:45:00,66,10,849,126,True,False,18,66,True,True,True
49955,2021,MA1,1,410271,136937,136937,903,Round 1,2021-08-29,Zach Bossier,,Base Camp Outfitters Disc Golf,Default Layout,56,18,3,11:45:00,66,10,849,130,True,False,18,66,True,True,True
49955,2021,MA1,2,410271,96355,96355,908,Round 2,2021-08-29,Louis Annino,906,Base Camp Outfitters Disc Golf,Default Layout,56,18,1,11:45:00,57,1,938,113,True,False,18,57,True,True,True
49955,2021,MA1,2,410271,89829,89829,911,Round 2,2021-08-29,Garrett Washburn,923,Base Camp Outfitters Disc Golf,Default Layout,56,18,4,11:45:00,55,-1,958,114,True,False,18,55,True,True,True
49955,2021,MA1,2,410271,118928,118928,931,Round 2,2021-08-29,Tyler Pomichter,926,Base Camp Outfitters Disc Golf,Default Layout,56,18,2,11:45:00,56,0,948,114,True,False,18,56,True,True,True
49955,2021,MA1,2,410271,164158,164158,914,Round 2,2021-08-29,Alex Raub,,Base Camp Outfitters Disc Golf,Default Layout,56,18,3,11:45:00,56,0,948,114,True,False,18,56,True,True,True
49955,2021,MA1,2,410271,100885,100885,916,Round 2,2021-08-29,Jacob Moore,945,Base Camp Outfitters Disc Golf,Default Layout,56,18,5,11:45:00,62,6,889,121,True,False,18,62,True,True,True
49955,2021,MA1,2,410271,125328,125328,909,Round 2,2021-08-29,Dana Carpenter,,Base Camp Outfitters Disc Golf,Default Layout,56,18,2,11:30:00,63,7,879,124,True,False,18,63,True,True,True
49955,2021,MA1,2,410271,88965,88965,919,Round 2,2021-08-29,Dan Coburn,,Base Camp Outfitters Disc Golf,Default Layout,56,18,3,11:30:00,60,4,909,126,True,False,18,60,True,True,True
49955,2021,MA1,2,410271,111643,111643,915,Round 2,2021-08-29,Finn Etter,1013,Base Camp Outfitters Disc Golf,Default Layout,56,18,1,11:30:00,67,11,839,127,True,False,18,67,True,True,True
49955,2021,MA1,2,410271,136937,136937,903,Round 2,2021-08-29,Zach Bossier,,Base Camp Outfitters Disc Golf,Default Layout,56,18,4,11:30:00,64,8,869,130,True,False,18,64,True,True,True
49955,2021,MA2,1,410271,166633,166633,847,Round 1,2021-08-29,Joshua Martin,,Base Camp Outfitters Disc Golf,Default Layout,56,18,3,10:30:00,56,0,948,121,True,False,18,56,True,True,True
49955,2021,MA2,1,410271,148187,148187,864,Round 1,2021-08-29,Evan Miller,874,Base Camp Outfitters Disc Golf,Default Layout,56,18,2,10:15:00,60,4,909,118,True,False,18,60,True,True,True
49955,2021,MA2,1,410271,166636,166636,858,Round 1,2021-08-29,Warren Bombardier,888,Base Camp Outfitters Disc Golf,Default Layout,56,18,3,10:45:00,60,4,909,121,True,False,18,60,True,True,True
49955,2021,MA2,1,410271,173058,173058,907,Round 1,2021-08-29,Brandon Allaire,950,Base Camp Outfitters Disc Golf,Default Layout,56,18,3,10:15:00,60,4,909,118,True,False,18,60,True,True,True
49955,2021,MA2,1,410271,63896,63896,892,Round 1,2021-08-29,Ross King,899,Base Camp Outfitters Disc Golf,Default Layout,56,18,1,10:15:00,61,5,899,121,True,False,18,61,True,True,True
49955,2021,MA2,1,410271,166639,166639,855,Round 1,2021-08-29,Ryan Sweeney,883,Base Camp Outfitters Disc Golf,Default Layout,56,18,3,10:00:00,62,6,889,133,True,False,18,62,True,True,True
49955,2021,MA2,1,410271,name:joseph pecor,,,Round 1,2021-08-29,Joseph Pecor,,Base Camp Outfitters Disc Golf,Default Layout,56,18,4,10:15:00,62,6,889,127,True,False,18,62,True,True,True
49955,2021,MA2,1,410271,161510,161510,855,Round 1,2021-08-29,TJ Rubin,919,Base Camp Outfitters Disc Golf,Default Layout,56,18,2,10:00:00,63,7,879,125,True,False,18,63,True,True,True
49955,2021,MA2,1,410271,26235,26235,842,Round 1,2021-08-29,Adam Silva,843,Base Camp Outfitters Disc Golf,Default Layout,56,18,1,10:30:00,65,9,859,126,True,False,18,65,True,True,True
49955,2021,MA2,1,410271,139688,139688,820,Round 1,2021-08-29,Colton McLean,,Base Camp Outfitters Disc Golf,Default Layout,56,18,1,10:00:00,66,10,849,130,True,False,18,66,True,True,True
49955,2021,MA2,1,410271,175681,175681,829,Round 1,2021-08-29,Chris Cerutti,,Base Camp Outfitters Disc Golf,Default Layout,56,18,2,10:30:00,67,11,839,133,True,False,18,67,True,True,True
49955,2021,MA2,1,410271,name:hunter berry,,,Round 1,2021-08-29,Hunter Berry,,Base Camp Outfitters Disc Golf,Default Layout,56,18,4,10:45:00,67,11,839,137,True,False,18,67,True,True,True
49955,2021,MA2,1,410271,106970,106970,823,Round 1,2021-08-29,Stefan Farrell,852,Base Camp Outfitters Disc Golf,Default Layout,56,18,1,10:45:00,68,12,830,130,True,False,18,68,True,True,True
49955,2021,MA2,1,410271,137736,137736,835,Round 1,2021-08-29,Logan Cooke,880,Base Camp Outfitters Disc Golf,Default Layout,56,18,2,10:45:00,69,13,820,136,True,False,18,69,True,True,True
49955,2021,MA2,1,410271,name:russell m boyles,,,Round 1,2021-08-29,Russell M Boyles,,Base Camp Outfitters Disc Golf,Default Layout,56,18,4,10:00:00,84,28,671,167,True,False,18,84,True,True,True
49955,2021,MA2,2,410271,148187,148187,864,Round 2,2021-08-29,Evan Miller,874,Base Camp Outfitters Disc Golf,Default Layout,56,18,2,10:45:00,58,2,929,118,True,False,18,58,True,True,True
49955,2021,MA2,2,410271,173058,173058,907,Round 2,2021-08-29,Brandon Allaire,950,Base Camp Outfitters Disc Golf,Default Layout,56,18,4,10:45:00,58,2,929,118,True,False,18,58,True,True,True
49955,2021,MA2,2,410271,63896,63896,892,Round 2,2021-08-29,Ross King,899,Base Camp Outfitters Disc Golf,Default Layout,56,18,1,10:30:00,60,4,909,121,True,False,18,60,True,True,True
49955,2021,MA2,2,410271,166636,166636,858,Round 2,2021-08-29,Warren Bombardier,888,Base Camp Outfitters Disc Golf,Default Layout,56,18,3,10:45:00,61,5,899,121,True,False,18,61,True,True,True
49955,2021,MA2,2,410271,166633,166633,847,Round 2,2021-08-29,Joshua Martin,,Base Camp Outfitters Disc Golf,Default Layout,56,18,1,10:45:00,65,9,859,121,True,False,18,65,True,True,True
49955,2021,MA2,2,410271,161510,161510,855,Round 2,2021-08-29,TJ Rubin,919,Base Camp Outfitters Disc Golf,Default Layout,56,18,4,10:30:00,62,6,889,125,True,False,18,62,True,True,True
49955,2021,MA2,2,410271,26235,26235,842,Round 2,2021-08-29,Adam Silva,843,Base Camp Outfitters Disc Golf,Default Layout,56,18,1,10:15:00,61,5,899,126,True,False,18,61,True,True,True
49955,2021,MA2,2,410271,name:joseph pecor,,,Round 2,2021-08-29,Joseph Pecor,,Base Camp Outfitters Disc Golf,Default Layout,56,18,3,10:30:00,65,9,859,127,True,False,18,65,True,True,True
49955,2021,MA2,2,410271,106970,106970,823,Round 2,2021-08-29,Stefan Farrell,852,Base Camp Outfitters Disc Golf,Default Layout,56,18,1,10:00:00,62,6,889,130,True,False,18,62,True,True,True
49955,2021,MA2,2,410271,139688,139688,820,Round 2,2021-08-29,Colton McLean,,Base Camp Outfitters Disc Golf,Default Layout,56,18,2,10:15:00,64,8,869,130,True,False,18,64,True,True,True
49955,2021,MA2,2,410271,175681,175681,829,Round 2,2021-08-29,Chris Cerutti,,Base Camp Outfitters Disc Golf,Default Layout,56,18,3,10:15:00,66,10,849,133,True,False,18,66,True,True,True
49955,2021,MA2,2,410271,166639,166639,855,Round 2,2021-08-29,Ryan Sweeney,883,Base Camp Outfitters Disc Golf,Default Layout,56,18,2,10:30:00,71,15,800,133,True,False,18,71,True,True,True
49955,2021,MA2,2,410271,137736,137736,835,Round 2,2021-08-29,Logan Cooke,880,Base Camp Outfitters Disc Golf,Default Layout,56,18,2,10:00:00,67,11,839,136,True,False,18,67,True,True,True
49955,2021,MA2,2,410271,name:hunter berry,,,Round 2,2021-08-29,Hunter Berry,,Base Camp Outfitters Disc Golf,Default Layout,56,18,4,10:15:00,70,14,810,137,True,False,18,70,True,True,True
49955,2021,MA2,2,410271,name:russell m boyles,,,Round 2,2021-08-29,Russell M Boyles,,Base Camp Outfitters Disc Golf,Default Layout,56,18,3,10:00:00,83,27,681,167,True,False,18,83,True,True,True
49955,2021,MA40,1,410271,42420,42420,918,Round 1,2021-08-29,Patrick Harris,906,Base Camp Outfitters Disc Golf,Default Layout,56,18,2,11:00:00,57,1,938,116,True,False,18,57,True,True,True
49955,2021,MA40,1,410271,36062,36062,900,Round 1,2021-08-29,Andrew Powell,852,Base Camp Outfitters Disc Golf,Default Layout,56,18,1,11:00:00,61,5,899,123,True,False,18,61,True,True,True
49955,2021,MA40,1,410271,name:eric kuntz,,,Round 1,2021-08-29,Eric Kuntz,,Base Camp Outfitters Disc Golf,Default Layout,56,18,4,11:00:00,64,8,869,130,True,False,18,64,True,True,True
49955,2021,MA40,1,410271,215620,215620,,Round 1,2021-08-29,Ty Paulding,806,Base Camp Outfitters Disc Golf,Default Layout,56,18,5,11:00:00,66,10,849,129,True,False,18,66,True,True,True
49955,2021,MA40,1,410271,name:mike miller,,,Round 1,2021-08-29,Mike Miller,,Base Camp Outfitters Disc Golf,Default Layout,56,18,3,11:00:00,68,12,830,134,True,False,18,68,True,True,True
49955,2021,MA40,2,410271,42420,42420,918,Round 2,2021-08-29,Patrick Harris,906,Base Camp Outfitters Disc Golf,Default Layout,56,18,1,11:15:00,59,3,919,116,True,False,18,59,True,True,True
49955,2021,MA40,2,410271,36062,36062,900,Round 2,2021-08-29,Andrew Powell,852,Base Camp Outfitters Disc Golf,Default Layout,56,18,2,11:15:00,62,6,889,123,True,False,18,62,True,True,True
49955,2021,MA40,2,410271,215620,215620,,Round 2,2021-08-29,Ty Paulding,806,Base Camp Outfitters Disc Golf,Default Layout,56,18,4,11:15:00,63,7,879,129,True,False,18,63,True,True,True
49955,2021,MA40,2,410271,name:eric kuntz,,,Round 2,2021-08-29,Eric Kuntz,,Base Camp Outfitters Disc Golf,Default Layout,56,18,3,11:15:00,66,10,849,130,True,False,18,66,True,True,True
49955,2021,MA40,2,410271,name:mike miller,,,Round 2,2021-08-29,Mike Miller,,Base Camp Outfitters Disc Golf,Default Layout,56,18,5,11:15:00,66,10,849,134,True,False,18,66,True,True,True
49955,2021,MA50,1,410271,166239,166239,896,Round 1,2021-08-29,Tom Raub,958,Base Camp Outfitters Disc Golf,Default Layout,56,18,5,11:15:00,60,4,909,119,True,False,18,60,True,True,True
49955,2021,MA50,1,410271,91301,91301,896,Round 1,2021-08-29,Michael A. Stridsberg,898,Base Camp Outfitters Disc Golf,Default Layout,56,18,4,11:15:00,62,6,889,123,True,False,18,62,True,True,True
49955,2021,MA50,1,410271,74478,74478,866,Round 1,2021-08-29,John Sudarsky,845,Base Camp Outfitters Disc Golf,Default Layout,56,18,2,11:15:00,63,7,879,126,True,False,18,63,True,True,True
49955,2021,MA50,1,410271,1740,1740,782,Round 1,2021-08-29,Jeff Reeves,,Base Camp Outfitters Disc Golf,Default Layout,56,18,1,11:15:00,82,26,691,153,True,False,18,82,True,True,True
49955,2021,MA50,1,410271,88570,88570,745,Round 1,2021-08-29,Michael Ray,,Base Camp Outfitters Disc Golf,Default Layout,56,18,3,11:15:00,82,26,691,158,True,False,18,82,True,True,True
49955,2021,MA50,2,410271,166239,166239,896,Round 2,2021-08-29,Tom Raub,958,Base Camp Outfitters Disc Golf,Default Layout,56,18,1,11:00:00,59,3,919,119,True,False,18,59,True,True,True
49955,2021,MA50,2,410271,91301,91301,896,Round 2,2021-08-29,Michael A. Stridsberg,898,Base Camp Outfitters Disc Golf,Default Layout,56,18,2,11:00:00,61,5,899,123,True,False,18,61,True,True,True
49955,2021,MA50,2,410271,74478,74478,866,Round 2,2021-08-29,John Sudarsky,845,Base Camp Outfitters Disc Golf,Default Layout,56,18,3,11:00:00,63,7,879,126,True,False,18,63,True,True,True
49955,2021,MA50,2,410271,1740,1740,782,Round 2,2021-08-29,Jeff Reeves,,Base Camp Outfitters Disc Golf,Default Layout,56,18,4,11:00:00,71,15,800,153,True,False,18,71,True,True,True
49955,2021,MA50,2,410271,88570,88570,745,Round 2,2021-08-29,Michael Ray,,Base Camp Outfitters Disc Golf,Default Layout,56,18,5,11:00:00,76,20,750,158,True,False,18,76,True,True,True
49955,2021,MP40,1,410271,79006,79006,949,Round 1,2021-08-29,Kenneth Bovill,,Base Camp Outfitters Disc Golf,Default Layout,56,18,4,13:30:00,57,1,938,116,True,False,18,57,True,True,True
49955,2021,MP40,1,410271,83212,83212,887,Round 1,2021-08-29,Cory Barron,885,Base Camp Outfitters Disc Golf,Default Layout,56,18,2,13:15:00,58,2,929,114,True,False,18,58,True,True,True
49955,2021,MP40,1,410271,24381,24381,958,Round 1,2021-08-29,Chris Young,937,Base Camp Outfitters Disc Golf,Default Layout,56,18,4,13:15:00,60,4,909,115,True,False,18,60,True,True,True
49955,2021,MP40,1,410271,23565,23565,916,Round 1,2021-08-29,Shane M. Tewksbury,925,Base Camp Outfitters Disc Golf,Default Layout,56,18,1,13:15:00,61,5,899,119,True,False,18,61,True,True,True
49955,2021,MP40,1,410271,66454,66454,911,Round 1,2021-08-29,Brian Betit,899,Base Camp Outfitters Disc Golf,Default Layout,56,18,5,13:30:00,63,7,879,118,True,False,18,63,True,True,True
49955,2021,MP40,1,410271,73588,73588,876,Round 1,2021-08-29,Will Cleland,910,Base Camp Outfitters Disc Golf,Default Layout,56,18,3,13:30:00,66,10,849,124,True,False,18,66,True,True,True
49955,2021,MP40,1,410271,15089,15089,914,Round 1,2021-08-29,Jeremy JJ Becker,887,Base Camp Outfitters Disc Golf,Default Layout,56,18,3,13:15:00,69,13,820,127,True,False,18,69,True,True,True
49955,2021,MP40,2,410271,83212,83212,887,Round 2,2021-08-29,Cory Barron,885,Base Camp Outfitters Disc Golf,Default Layout,56,18,2,13:30:00,56,0,948,114,True,False,18,56,True,True,True
49955,2021,MP40,2,410271,24381,24381,958,Round 2,2021-08-29,Chris Young,937,Base Camp Outfitters Disc Golf,Default Layout,56,18,3,13:30:00,55,-1,958,115,True,False,18,55,True,True,True
49955,2021,MP40,2,410271,79006,79006,949,Round 2,2021-08-29,Kenneth Bovill,,Base Camp Outfitters Disc Golf,Default Layout,56,18,1,13:30:00,59,3,919,116,True,False,18,59,True,True,True
49955,2021,MP40,2,410271,66454,66454,911,Round 2,2021-08-29,Brian Betit,899,Base Camp Outfitters Disc Golf,Default Layout,56,18,1,13:15:00,55,-1,958,118,True,False,18,55,True,True,True
49955,2021,MP40,2,410271,23565,23565,916,Round 2,2021-08-29,Shane M. Tewksbury,925,Base Camp Outfitters Disc Golf,Default Layout,56,18,4,13:30:00,58,2,929,119,True,False,18,58,True,True,True
49955,2021,MP40,2,410271,73588,73588,876,Round 2,2021-08-29,Will Cleland,910,Base Camp Outfitters Disc Golf,Default Layout,56,18,3,13:15:00,58,2,929,124,True,False,18,58,True,True,True
49955,2021,MP40,2,410271,15089,15089,914,Round 2,2021-08-29,Jeremy JJ Becker,887,Base Camp Outfitters Disc Golf,Default Layout,56,18,5,13:15:00,58,2,929,127,True,False,18,58,True,True,True
49955,2021,MP50,1,410271,77623,77623,910,Round 1,2021-08-29,Cary Powell,909,Base Camp Outfitters Disc Golf,Default Layout,56,18,1,13:30:00,63,7,879,124,True,False,18,63,True,True,True
49955,2021,MP50,1,410271,84880,84880,914,Round 1,2021-08-29,Marcos Miller,,Base Camp Outfitters Disc Golf,Default Layout,56,18,2,13:30:00,66,10,849,124,True,False,18,66,True,True,True
49955,2021,MP50,2,410271,84880,84880,914,Round 2,2021-08-29,Marcos Miller,,Base Camp Outfitters Disc Golf,Default Layout,56,18,4,13:15:00,58,2,929,124,True,False,18,58,True,True,True
49955,2021,MP50,2,410271,77623,77623,910,Round 2,2021-08-29,Cary Powell,909,Base Camp Outfitters Disc Golf,Default Layout,56,18,2,13:15:00,61,5,899,124,True,False,18,61,True,True,True
49955,2021,MPO,1,410271,122739,122739,937,Round 1,2021-08-29,Adam Green,977,Base Camp Outfitters Disc Golf,Default Layout,56,18,4,12:30:00,52,-4,988,105,True,False,18,52,True,True,True
49955,2021,MPO,1,410271,94450,94450,970,Round 1,2021-08-29,Brendan Rollins,958,Base Camp Outfitters Disc Golf,Default Layout,56,18,1,12:30:00,54,-2,968,107,True,False,18,54,True,True,True
49955,2021,MPO,1,410271,85036,85036,903,Round 1,2021-08-29,Nolan Power,,Base Camp Outfitters Disc Golf,Default Layout,56,18,2,12:15:00,55,-1,958,110,True,False,18,55,True,True,True
49955,2021,MPO,1,410271,140874,140874,950,Round 1,2021-08-29,Hunter Martin,953,Base Camp Outfitters Disc Golf,Default Layout,56,18,3,12:30:00,55,-1,958,108,True,False,18,55,True,True,True
49955,2021,MPO,1,410271,140098,140098,948,Round 1,2021-08-29,Angus Barstow,980,Base Camp Outfitters Disc Golf,Default Layout,56,18,1,12:45:00,57,1,938,106,True,False,18,57,True,True,True
49955,2021,MPO,1,410271,114674,114674,911,Round 1,2021-08-29,Jordan Lamson,,Base Camp Outfitters Disc Golf,Default Layout,56,18,2,12:30:00,58,2,929,119,True,False,18,58,True,True,True
49955,2021,MPO,1,410271,164377,164377,921,Round 1,2021-08-29,Robert Wix,927,Base Camp Outfitters Disc Golf,Default Layout,56,18,4,12:15:00,58,2,929,119,True,False,18,58,True,True,True
49955,2021,MPO,1,410271,69888,69888,936,Round 1,2021-08-29,Evan Shper,971,Base Camp Outfitters Disc Golf,Default Layout,56,18,3,12:45:00,59,3,919,114,True,False,18,59,True,True,True
49955,2021,MPO,1,410271,53718,53718,946,Round 1,2021-08-29,Nicholas Ailes,,Base Camp Outfitters Disc Golf,Default Layout,56,18,1,12:15:00,61,5,899,,True,False,18,61,True,True,True
49955,2021,MPO,1,410271,125586,125586,936,Round 1,2021-08-29,Matthew Avery,,Base Camp Outfitters Disc Golf,Default Layout,56,18,4,12:45:00,63,7,879,119,True,False,18,63,True,True,True
49955,2021,MPO,1,410271,101829,101829,935,Round 1,2021-08-29,Joshua Storgaard,,Base Camp Outfitters Disc Golf,Default Layout,56,18,2,12:45:00,66,10,849,118,True,False,18,66,True,True,True
49955,2021,MPO,1,410271,161558,161558,925,Round 1,2021-08-29,Brad Schott,994,Base Camp Outfitters Disc Golf,Default Layout,56,18,3,12:15:00,67,11,839,123,True,False,18,67,True,True,True
49955,2021,MPO,2,410271,122739,122739,937,Round 2,2021-08-29,Adam Green,977,Base Camp Outfitters Disc Golf,Default Layout,56,18,1,12:45:00,53,-3,978,105,True,False,18,53,True,True,True
49955,2021,MPO,2,410271,140098,140098,948,Round 2,2021-08-29,Angus Barstow,980,Base Camp Outfitters Disc Golf,Default Layout,56,18,1,12:30:00,49,-7,1018,106,True,False,18,49,True,True,True
49955,2021,MPO,2,410271,94450,94450,970,Round 2,2021-08-29,Brendan Rollins,958,Base Camp Outfitters Disc Golf,Default Layout,56,18,2,12:45:00,53,-3,978,107,True,False,18,53,True,True,True
49955,2021,MPO,2,410271,140874,140874,950,Round 2,2021-08-29,Hunter Martin,953,Base Camp Outfitters Disc Golf,Default Layout,56,18,4,12:45:00,53,-3,978,108,True,False,18,53,True,True,True
49955,2021,MPO,2,410271,85036,85036,903,Round 2,2021-08-29,Nolan Power,,Base Camp Outfitters Disc Golf,Default Layout,56,18,3,12:45:00,55,-1,958,110,True,False,18,55,True,True,True
49955,2021,MPO,2,410271,69888,69888,936,Round 2,2021-08-29,Evan Shper,971,Base Camp Outfitters Disc Golf,Default Layout,56,18,4,12:30:00,55,-1,958,114,True,False,18,55,True,True,True
49955,2021,MPO,2,410271,101829,101829,935,Round 2,2021-08-29,Joshua Storgaard,,Base Camp Outfitters Disc Golf,Default Layout,56,18,2,12:15:00,52,-4,988,118,True,False,18,52,True,True,True
49955,2021,MPO,2,410271,125586,125586,936,Round 2,2021-08-29,Matthew Avery,,Base Camp Outfitters Disc Golf,Default Layout,56,18,1,12:15:00,56,0,948,119,True,False,18,56,True,True,True
49955,2021,MPO,2,410271,114674,114674,911,Round 2,2021-08-29,Jordan Lamson,,Base Camp Outfitters Disc Golf,Default Layout,56,18,2,12:30:00,61,5,899,119,True,False,18,61,True,True,True
49955,2021,MPO,2,410271,164377,164377,921,Round 2,2021-08-29,Robert Wix,927,Base Camp Outfitters Disc Golf,Default Layout,56,18,3,12:30:00,61,5,899,119,True,False,18,61,True,True,True
49955,2021,MPO,2,410271,161558,161558,925,Round 2,2021-08-29,Brad Schott,994,Base Camp Outfitters Disc Golf,Default Layout,56,18,3,12:15:00,56,0,948,123,True,False,18,56,True,True,True
49955,2021,MPO,2,410271,53718,53718,946,Round 2,2021-08-29,Nicholas Ailes,,Base Camp Outfitters Disc Golf,Default Layout,56,18,1,12:15:00,,,,,True,True,0,,False,False,False
49956,2021,FA1,1,417381,157302,157302,848,Round 1,2021-09-19,Jen Cotton,,Vista Beast Disc Golf Course,Long Layout,59,18,3,12:15:00,71,12,826,139,True,False,18,71,True,True,True
49956,2021,FA1,1,417381,174640,174640,816,Round 1,2021-09-19,Maureen McGuinness,,Vista Beast Disc Golf Course,Long Layout,59,18,1,12:15:00,76,17,778,152,True,False,18,76,True,True,True
49956,2021,FA1,1,417381,165174,165174,762,Round 1,2021-09-19,Kiree LaPointe,,Vista Beast Disc Golf Course,Long Layout,59,18,2,12:15:00,78,19,759,158,True,False,18,78,True,True,True
49956,2021,FA1,2,417381,157302,157302,848,Round 2,2021-09-19,Jen Cotton,,Vista Beast Disc Golf Course,Long Layout,59,18,1,12:15:00,68,9,854,139,True,False,18,68,True,True,True
49956,2021,FA1,2,417381,174640,174640,816,Round 2,2021-09-19,Maureen McGuinness,,Vista Beast Disc Golf Course,Long Layout,59,18,2,12:15:00,76,17,778,152,True,False,18,76,True,True,True
49956,2021,FA1,2,417381,165174,165174,762,Round 2,2021-09-19,Kiree LaPointe,,Vista Beast Disc Golf Course,Long Layout,59,18,3,12:15:00,80,21,740,158,True,False,18,80,True,True,True
49956,2021,FA2,1,417381,159333,159333,747,Round 1,2021-09-19,Laura Rajnak,,Vista Beast Disc Golf Course,Long Layout,59,18,1,09:00:00,76,17,778,157,True,False,18,76,True,True,True
49956,2021,FA2,1,417381,161647,161647,666,Round 1,2021-09-19,Michele Sargent,611,Vista Beast Disc Golf Course,Long Layout,59,18,2,09:00:00,86,27,683,190,True,False,18,86,True,True,True
49956,2021,FA2,1,417381,172895,172895,669,Round 1,2021-09-19,Cara Tatro,737,Vista Beast Disc Golf Course,Long Layout,59,18,3,09:00:00,86,27,683,172,True,False,18,86,True,True,True
49956,2021,FA2,1,417381,name:kristen howell,,,Round 1,2021-09-19,Kristen Howell,,Vista Beast Disc Golf Course,Long Layout,59,18,4,09:00:00,90,31,645,194,True,False,18,90,True,True,True
49956,2021,FA2,2,417381,159333,159333,747,Round 2,2021-09-19,Laura Rajnak,,Vista Beast Disc Golf Course,Long Layout,59,18,1,09:00:00,81,22,731,157,True,False,18,81,True,True,True
49956,2021,FA2,2,417381,172895,172895,669,Round 2,2021-09-19,Cara Tatro,737,Vista Beast Disc Golf Course,Long Layout,59,18,3,09:00:00,86,27,683,172,True,False,18,86,True,True,True
49956,2021,FA2,2,417381,161647,161647,666,Round 2,2021-09-19,Michele Sargent,611,Vista Beast Disc Golf Course,Long Layout,59,18,2,09:00:00,104,45,513,190,True,False,18,104,True,True,True
49956,2021,FA2,2,417381,name:kristen howell,,,Round 2,2021-09-19,Kristen Howell,,Vista Beast Disc Golf Course,Long Layout,59,18,4,09:00:00,104,45,513,194,True,False,18,104,True,True,True
49956,2021,FPO,1,417381,96030,96030,935,Round 1,2021-09-19,Alex Benson,,Vista Beast Disc Golf Course,Long Layout,59,18,3,13:15:00,58,-1,949,117,True,False,18,58,True,True,True
49956,2021,FPO,1,417381,122613,122613,814,Round 1,2021-09-19,Kelly Heslin,889,Vista Beast Disc Golf Course,Long Layout,59,18,1,13:15:00,67,8,864,136,True,False,18,67,True,True,True
49956,2021,FPO,1,417381,132857,132857,839,Round 1,2021-09-19,Serena Lamson,,Vista Beast Disc Golf Course,Long Layout,59,18,2,13:15:00,75,16,788,152,True,False,18,75,True,True,True
49956,2021,FPO,2,417381,96030,96030,935,Round 2,2021-09-19,Alex Benson,,Vista Beast Disc Golf Course,Long Layout,59,18,1,12:45:00,59,0,940,117,True,False,18,59,True,True,True
49956,2021,FPO,2,417381,122613,122613,814,Round 2,2021-09-19,Kelly Heslin,889,Vista Beast Disc Golf Course,Long Layout,59,18,2,12:45:00,69,10,845,136,True,False,18,69,True,True,True
49956,2021,FPO,2,417381,132857,132857,839,Round 2,2021-09-19,Serena Lamson,,Vista Beast Disc Golf Course,Long Layout,59,18,3,12:45:00,77,18,769,152,True,False,18,77,True,True,True
49956,2021,MA1,1,417381,98280,98280,922,Round 1,2021-09-19,Nicholas Reilly,932,Vista Beast Disc Golf Course,Long Layout,59,18,2,11:00:00,55,-4,978,118,True,False,18,55,True,True,True
49956,2021,MA1,1,417381,100885,100885,918,Round 1,2021-09-19,Jacob Moore,945,Vista Beast Disc Golf Course,Long Layout,59,18,2,11:15:00,57,-2,959,112,True,False,18,57,True,True,True
49956,2021,MA1,1,417381,109086,109086,901,Round 1,2021-09-19,Aaron Schlossberg,947,Vista Beast Disc Golf Course,Long Layout,59,18,1,11:30:00,57,-2,959,114,True,False,18,57,True,True,True
49956,2021,MA1,1,417381,125328,125328,912,Round 1,2021-09-19,Dana Carpenter,,Vista Beast Disc Golf Course,Long Layout,59,18,4,11:15:00,58,-1,949,119,True,False,18,58,True,True,True
49956,2021,MA1,1,417381,118928,118928,930,Round 1,2021-09-19,Tyler Pomichter,926,Vista Beast Disc Golf Course,Long Layout,59,18,4,11:00:00,59,0,940,120,True,False,18,59,True,True,True
49956,2021,MA1,1,417381,110707,110707,905,Round 1,2021-09-19,Jason Wilson,927,Vista Beast Disc Golf Course,Long Layout,59,18,3,11:15:00,61,2,921,124,True,False,18,61,True,True,True
49956,2021,MA1,1,417381,142744,142744,933,Round 1,2021-09-19,Abel German,974,Vista Beast Disc Golf Course,Long Layout,59,18,4,11:30:00,61,2,921,124,True,False,18,61,True,True,True
49956,2021,MA1,1,417381,121362,121362,952,Round 1,2021-09-19,Jonathan Russo,951,Vista Beast Disc Golf Course,Long Layout,59,18,1,11:15:00,62,3,911,122,True,False,18,62,True,True,True
49956,2021,MA1,1,417381,name:alex hardaker,,,Round 1,2021-09-19,Alex Hardaker,,Vista Beast Disc Golf Course,Long Layout,59,18,3,11:00:00,63,4,902,127,True,False,18,63,True,True,True
49956,2021,MA1,1,417381,96355,96355,915,Round 1,2021-09-19,Louis Annino,906,Vista Beast Disc Golf Course,Long Layout,59,18,1,11:00:00,64,5,892,123,True,False,18,64,True,True,True
49956,2021,MA1,1,417381,163760,163760,885,Round 1,2021-09-19,Timothy Artinian,936,Vista Beast Disc Golf Course,Long Layout,59,18,3,11:30:00,66,7,873,131,True,False,18,66,True,True,True
49956,2021,MA1,1,417381,164158,164158,918,Round 1,2021-09-19,Alex Raub,,Vista Beast Disc Golf Course,Long Layout,59,18,5,11:30:00,66,7,873,132,True,False,18,66,True,True,True
49956,2021,MA1,1,417381,name:benjamin lacaillade,,,Round 1,2021-09-19,Benjamin Lacaillade,,Vista Beast Disc Golf Course,Long Layout,59,18,2,11:30:00,72,13,816,140,True,False,18,72,True,True,True
49956,2021,MA1,2,417381,100885,100885,918,Round 2,2021-09-19,Jacob Moore,945,Vista Beast Disc Golf Course,Long Layout,59,18,2,11:30:00,55,-4,978,112,True,False,18,55,True,True,True
49956,2021,MA1,2,417381,109086,109086,901,Round 2,2021-09-19,Aaron Schlossberg,947,Vista Beast Disc Golf Course,Long Layout,59,18,3,11:30:00,57,-2,959,114,True,False,18,57,True,True,True
49956,2021,MA1,2,417381,98280,98280,922,Round 2,2021-09-19,Nicholas Reilly,932,Vista Beast Disc Golf Course,Long Layout,59,18,1,11:30:00,63,4,902,118,True,False,18,63,True,True,True
49956,2021,MA1,2,417381,125328,125328,912,Round 2,2021-09-19,Dana Carpenter,,Vista Beast Disc Golf Course,Long Layout,59,18,4,11:30:00,61,2,921,119,True,False,18,61,True,True,True
49956,2021,MA1,2,417381,118928,118928,930,Round 2,2021-09-19,Tyler Pomichter,926,Vista Beast Disc Golf Course,Long Layout,59,18,1,11:15:00,61,2,921,120,True,False,18,61,True,True,True
49956,2021,MA1,2,417381,121362,121362,952,Round 2,2021-09-19,Jonathan Russo,951,Vista Beast Disc Golf Course,Long Layout,59,18,4,11:15:00,60,1,930,122,True,False,18,60,True,True,True
49956,2021,MA1,2,417381,96355,96355,915,Round 2,2021-09-19,Louis Annino,906,Vista Beast Disc Golf Course,Long Layout,59,18,2,10:45:00,59,0,940,123,True,False,18,59,True,True,True
49956,2021,MA1,2,417381,110707,110707,905,Round 2,2021-09-19,Jason Wilson,927,Vista Beast Disc Golf Course,Long Layout,59,18,2,11:15:00,63,4,902,124,True,False,18,63,True,True,True
49956,2021,MA1,2,417381,142744,142744,933,Round 2,2021-09-19,Abel German,974,Vista Beast Disc Golf Course,Long Layout,59,18,3,11:15:00,63,4,902,124,True,False,18,63,True,True,True
49956,2021,MA1,2,417381,name:alex hardaker,,,Round 2,2021-09-19,Alex Hardaker,,Vista Beast Disc Golf Course,Long Layout,59,18,1,10:45:00,64,5,892,127,True,False,18,64,True,True,True
49956,2021,MA1,2,417381,163760,163760,885,Round 2,2021-09-19,Timothy Artinian,936,Vista Beast Disc Golf Course,Long Layout,59,18,3,10:45:00,65,6,883,131,True,False,18,65,True,True,True
49956,2021,MA1,2,417381,164158,164158,918,Round 2,2021-09-19,Alex Raub,,Vista Beast Disc Golf Course,Long Layout,59,18,4,10:45:00,66,7,873,132,True,False,18,66,True,True,True
49956,2021,MA1,2,417381,name:benjamin lacaillade,,,Round 2,2021-09-19,Benjamin Lacaillade,,Vista Beast Disc Golf Course,Long Layout,59,18,5,10:45:00,68,9,854,140,True,False,18,68,True,True,True
49956,2021,MA2,1,417381,63896,63896,903,Round 1,2021-09-19,Ross King,899,Vista Beast Disc Golf Course,Long Layout,59,18,2,10:15:00,57,-2,959,122,True,False,18,57,True,True,True
49956,2021,MA2,1,417381,159224,159224,899,Round 1,2021-09-19,Bryce McKim,,Vista Beast Disc Golf Course,Long Layout,59,18,1,09:45:00,57,-2,959,119,True,False,18,57,True,True,True
49956,2021,MA2,1,417381,168663,168663,906,Round 1,2021-09-19,Austin Neddo,,Vista Beast Disc Golf Course,Long Layout,59,18,3,10:00:00,60,1,930,118,True,False,18,60,True,True,True
49956,2021,MA2,1,417381,169393,169393,886,Round 1,2021-09-19,Aidan Trombley,977,Vista Beast Disc Golf Course,Long Layout,59,18,3,09:45:00,61,2,921,118,True,False,18,61,True,True,True
49956,2021,MA2,1,417381,174646,174646,851,Round 1,2021-09-19,David Oppenheimer,,Vista Beast Disc Golf Course,Long Layout,59,18,4,10:15:00,62,3,911,127,True,False,18,62,True,True,True
49956,2021,MA2,1,417381,161675,161675,881,Round 1,2021-09-19,Ben Toussaint,,Vista Beast Disc Golf Course,Long Layout,59,18,1,10:00:00,63,4,902,126,True,False,18,63,True,True,True
49956,2021,MA2,1,417381,173058,173058,907,Round 1,2021-09-19,Brandon Allaire,950,Vista Beast Disc Golf Course,Long Layout,59,18,4,10:00:00,63,4,902,130,True,False,18,63,True,True,True
49956,2021,MA2,1,417381,176558,176558,904,Round 1,2021-09-19,Devon Brodie,,Vista Beast Disc Golf Course,Long Layout,59,18,3,09:30:00,63,4,902,131,True,False,18,63,True,True,True
49956,2021,MA2,1,417381,160671,160671,870,Round 1,2021-09-19,Elliot Waring,,Vista Beast Disc Golf Course,Long Layout,59,18,2,09:45:00,64,5,892,128,True,False,18,64,True,True,True
49956,2021,MA2,1,417381,163523,163523,851,Round 1,2021-09-19,Landon Desroches,866,Vista Beast Disc Golf Course,Long Layout,59,18,2,10:00:00,64,5,892,131,True,False,18,64,True,True,True
49956,2021,MA2,1,417381,140565,140565,873,Round 1,2021-09-19,Tor Parker,,Vista Beast Disc Golf Course,Long Layout,59,18,2,10:30:00,65,6,883,127,True,False,18,65,True,True,True
49956,2021,MA2,1,417381,148187,148187,874,Round 1,2021-09-19,Evan Miller,874,Vista Beast Disc Golf Course,Long Layout,59,18,3,10:30:00,65,6,883,138,True,False,18,65,True,True,True
49956,2021,MA2,1,417381,187845,187845,872,Round 1,2021-09-19,Shane Seals,962,Vista Beast Disc Golf Course,Long Layout,59,18,4,10:30:00,65,6,883,130,True,False,18,65,True,True,True
49956,2021,MA2,1,417381,137984,137984,870,Round 1,2021-09-19,Tristan Bryce,,Vista Beast Disc Golf Course,Long Layout,59,18,3,10:15:00,66,7,873,129,True,False,18,66,True,True,True
49956,2021,MA2,1,417381,143700,143700,882,Round 1,2021-09-19,Nick Koski,,Vista Beast Disc Golf Course,Long Layout,59,18,1,09:30:00,67,8,864,129,True,False,18,67,True,True,True
49956,2021,MA2,1,417381,177018,177018,849,Round 1,2021-09-19,Brandon Bensel,882,Vista Beast Disc Golf Course,Long Layout,59,18,4,09:45:00,67,8,864,128,True,False,18,67,True,True,True
49956,2021,MA2,1,417381,93062,93062,864,Round 1,2021-09-19,Tom Slimm,,Vista Beast Disc Golf Course,Long Layout,59,18,1,10:15:00,70,11,835,132,True,False,18,70,True,True,True
49956,2021,MA2,1,417381,145666,145666,836,Round 1,2021-09-19,Wesley Pollock,,Vista Beast Disc Golf Course,Long Layout,59,18,2,09:30:00,70,11,835,140,True,False,18,70,True,True,True
49956,2021,MA2,1,417381,127513,127513,702,Round 1,2021-09-19,Travis Johnson,,Vista Beast Disc Golf Course,Long Layout,59,18,1,10:30:00,81,22,731,164,True,False,18,81,True,True,True
49956,2021,MA2,2,417381,168663,168663,906,Round 2,2021-09-19,Austin Neddo,,Vista Beast Disc Golf Course,Long Layout,59,18,3,10:30:00,58,-1,949,118,True,False,18,58,True,True,True
49956,2021,MA2,2,417381,169393,169393,886,Round 2,2021-09-19,Aidan Trombley,977,Vista Beast Disc Golf Course,Long Layout,59,18,4,10:30:00,57,-2,959,118,True,False,18,57,True,True,True
49956,2021,MA2,2,417381,159224,159224,899,Round 2,2021-09-19,Bryce McKim,,Vista Beast Disc Golf Course,Long Layout,59,18,2,10:30:00,62,3,911,119,True,False,18,62,True,True,True
49956,2021,MA2,2,417381,63896,63896,903,Round 2,2021-09-19,Ross King,899,Vista Beast Disc Golf Course,Long Layout,59,18,1,10:30:00,65,6,883,122,True,False,18,65,True,True,True
49956,2021,MA2,2,417381,161675,161675,881,Round 2,2021-09-19,Ben Toussaint,,Vista Beast Disc Golf Course,Long Layout,59,18,2,10:15:00,63,4,902,126,True,False,18,63,True,True,True
49956,2021,MA2,2,417381,140565,140565,873,Round 2,2021-09-19,Tor Parker,,Vista Beast Disc Golf Course,Long Layout,59,18,3,10:00:00,62,3,911,127,True,False,18,62,True,True,True
49956,2021,MA2,2,417381,174646,174646,851,Round 2,2021-09-19,David Oppenheimer,,Vista Beast Disc Golf Course,Long Layout,59,18,1,10:15:00,65,6,883,127,True,False,18,65,True,True,True
49956,2021,MA2,2,417381,177018,177018,849,Round 2,2021-09-19,Brandon Bensel,882,Vista Beast Disc Golf Course,Long Layout,59,18,4,09:45:00,61,2,921,128,True,False,18,61,True,True,True
49956,2021,MA2,2,417381,160671,160671,870,Round 2,2021-09-19,Elliot Waring,,Vista Beast Disc Golf Course,Long Layout,59,18,1,10:00:00,64,5,892,128,True,False,18,64,True,True,True
49956,2021,MA2,2,417381,143700,143700,882,Round 2,2021-09-19,Nick Koski,,Vista Beast Disc Golf Course,Long Layout,59,18,3,09:45:00,62,3,911,129,True,False,18,62,True,True,True
49956,2021,MA2,2,417381,137984,137984,870,Round 2,2021-09-19,Tristan Bryce,,Vista Beast Disc Golf Course,Long Layout,59,18,2,09:45:00,63,4,902,129,True,False,18,63,True,True,True
49956,2021,MA2,2,417381,187845,187845,872,Round 2,2021-09-19,Shane Seals,962,Vista Beast Disc Golf Course,Long Layout,59,18,1,09:45:00,65,6,883,130,True,False,18,65,True,True,True
49956,2021,MA2,2,417381,173058,173058,907,Round 2,2021-09-19,Brandon Allaire,950,Vista Beast Disc Golf Course,Long Layout,59,18,3,10:15:00,67,8,864,130,True,False,18,67,True,True,True
49956,2021,MA2,2,417381,163523,163523,851,Round 2,2021-09-19,Landon Desroches,866,Vista Beast Disc Golf Course,Long Layout,59,18,2,10:00:00,67,8,864,131,True,False,18,67,True,True,True
49956,2021,MA2,2,417381,176558,176558,904,Round 2,2021-09-19,Devon Brodie,,Vista Beast Disc Golf Course,Long Layout,59,18,4,10:15:00,68,9,854,131,True,False,18,68,True,True,True
49956,2021,MA2,2,417381,93062,93062,864,Round 2,2021-09-19,Tom Slimm,,Vista Beast Disc Golf Course,Long Layout,59,18,1,09:30:00,62,3,911,132,True,False,18,62,True,True,True
49956,2021,MA2,2,417381,148187,148187,874,Round 2,2021-09-19,Evan Miller,874,Vista Beast Disc Golf Course,Long Layout,59,18,4,10:00:00,73,14,807,138,True,False,18,73,True,True,True
49956,2021,MA2,2,417381,145666,145666,836,Round 2,2021-09-19,Wesley Pollock,,Vista Beast Disc Golf Course,Long Layout,59,18,2,09:30:00,70,11,835,140,True,False,18,70,True,True,True
49956,2021,MA2,2,417381,127513,127513,702,Round 2,2021-09-19,Travis Johnson,,Vista Beast Disc Golf Course,Long Layout,59,18,3,09:30:00,83,24,712,164,True,False,18,83,True,True,True
49956,2021,MA40,1,417381,42420,42420,922,Round 1,2021-09-19,Patrick Harris,906,Vista Beast Disc Golf Course,Long Layout,59,18,2,12:00:00,61,2,921,119,True,False,18,61,True,True,True
49956,2021,MA40,1,417381,36062,36062,895,Round 1,2021-09-19,Andrew Powell,852,Vista Beast Disc Golf Course,Long Layout,59,18,1,12:00:00,66,7,873,129,True,False,18,66,True,True,True
49956,2021,MA40,1,417381,161644,161644,797,Round 1,2021-09-19,Garrett Sargent,818,Vista Beast Disc Golf Course,Long Layout,59,18,3,12:00:00,75,16,788,146,True,False,18,75,True,True,True
49956,2021,MA40,2,417381,42420,42420,922,Round 2,2021-09-19,Patrick Harris,906,Vista Beast Disc Golf Course,Long Layout,59,18,1,11:45:00,58,-1,949,119,True,False,18,58,True,True,True
49956,2021,MA40,2,417381,36062,36062,895,Round 2,2021-09-19,Andrew Powell,852,Vista Beast Disc Golf Course,Long Layout,59,18,2,11:45:00,63,4,902,129,True,False,18,63,True,True,True
49956,2021,MA40,2,417381,161644,161644,797,Round 2,2021-09-19,Garrett Sargent,818,Vista Beast Disc Golf Course,Long Layout,59,18,3,11:45:00,71,12,826,146,True,False,18,71,True,True,True
49956,2021,MA50,1,417381,91301,91301,894,Round 1,2021-09-19,Michael A. Stridsberg,898,Vista Beast Disc Golf Course,Long Layout,59,18,1,12:30:00,60,1,930,124,True,False,18,60,True,True,True
49956,2021,MA50,1,417381,166239,166239,903,Round 1,2021-09-19,Tom Raub,958,Vista Beast Disc Golf Course,Long Layout,59,18,3,12:30:00,61,2,921,122,True,False,18,61,True,True,True
49956,2021,MA50,1,417381,74478,74478,875,Round 1,2021-09-19,John Sudarsky,845,Vista Beast Disc Golf Course,Long Layout,59,18,4,12:30:00,67,8,864,135,True,False,18,67,True,True,True
49956,2021,MA50,1,417381,179138,179138,831,Round 1,2021-09-19,Chris Hancewicz,831,Vista Beast Disc Golf Course,Long Layout,59,18,2,12:30:00,72,13,816,140,True,False,18,72,True,True,True
49956,2021,MA50,2,417381,166239,166239,903,Round 2,2021-09-19,Tom Raub,958,Vista Beast Disc Golf Course,Long Layout,59,18,2,12:00:00,61,2,921,122,True,False,18,61,True,True,True
49956,2021,MA50,2,417381,91301,91301,894,Round 2,2021-09-19,Michael A. Stridsberg,898,Vista Beast Disc Golf Course,Long Layout,59,18,1,12:00:00,64,5,892,124,True,False,18,64,True,True,True
49956,2021,MA50,2,417381,74478,74478,875,Round 2,2021-09-19,John Sudarsky,845,Vista Beast Disc Golf Course,Long Layout,59,18,3,12:00:00,68,9,854,135,True,False,18,68,True,True,True
49956,2021,MA50,2,417381,179138,179138,831,Round 2,2021-09-19,Chris Hancewicz,831,Vista Beast Disc Golf Course,Long Layout,59,18,4,12:00:00,68,9,854,140,True,False,18,68,True,True,True
49956,2021,MP40,1,417381,159476,159476,908,Round 1,2021-09-19,James Lightholder,899,Vista Beast Disc Golf Course,Long Layout,59,18,3,13:00:00,67,8,864,129,True,False,18,67,True,True,True
49956,2021,MP40,2,417381,159476,159476,908,Round 2,2021-09-19,James Lightholder,899,Vista Beast Disc Golf Course,Long Layout,59,18,3,12:30:00,62,3,911,129,True,False,18,62,True,True,True
49956,2021,MP50,1,417381,77623,77623,907,Round 1,2021-09-19,Cary Powell,909,Vista Beast Disc Golf Course,Long Layout,59,18,1,13:00:00,64,5,892,127,True,False,18,64,True,True,True
49956,2021,MP50,1,417381,84880,84880,917,Round 1,2021-09-19,Marcos Miller,,Vista Beast Disc Golf Course,Long Layout,59,18,2,13:00:00,67,8,864,130,True,False,18,67,True,True,True
49956,2021,MP50,2,417381,77623,77623,907,Round 2,2021-09-19,Cary Powell,909,Vista Beast Disc Golf Course,Long Layout,59,18,1,12:30:00,63,4,902,127,True,False,18,63,True,True,True
49956,2021,MP50,2,417381,84880,84880,917,Round 2,2021-09-19,Marcos Miller,,Vista Beast Disc Golf Course,Long Layout,59,18,2,12:30:00,63,4,902,130,True,False,18,63,True,True,True
49956,2021,MPO,1,417381,122739,122739,944,Round 1,2021-09-19,Adam Green,977,Vista Beast Disc Golf Course,Long Layout,59,18,2,13:45:00,51,-8,1016,106,True,False,18,51,True,True,True
49956,2021,MPO,1,417381,45817,45817,956,Round 1,2021-09-19,Dylan Dunne,,Vista Beast Disc Golf Course,Long Layout,59,18,1,13:45:00,56,-3,968,115,True,False,18,56,True,True,True
49956,2021,MPO,1,417381,53718,53718,944,Round 1,2021-09-19,Nicholas Ailes,,Vista Beast Disc Golf Course,Long Layout,59,18,1,13:30:00,57,-2,959,110,True,False,18,57,True,True,True
49956,2021,MPO,1,417381,81523,81523,964,Round 1,2021-09-19,Zack Leffler,,Vista Beast Disc Golf Course,Long Layout,59,18,1,14:15:00,58,-1,949,119,True,False,18,58,True,True,True
49956,2021,MPO,1,417381,24381,24381,954,Round 1,2021-09-19,Chris Young,937,Vista Beast Disc Golf Course,Long Layout,59,18,2,14:15:00,59,0,940,116,True,False,18,59,True,True,True
49956,2021,MPO,1,417381,161558,161558,931,Round 1,2021-09-19,Brad Schott,994,Vista Beast Disc Golf Course,Long Layout,59,18,3,13:45:00,59,0,940,116,True,False,18,59,True,True,True
49956,2021,MPO,1,417381,114674,114674,912,Round 1,2021-09-19,Jordan Lamson,,Vista Beast Disc Golf Course,Long Layout,59,18,4,14:00:00,62,3,911,131,True,False,18,62,True,True,True
49956,2021,MPO,1,417381,140874,140874,951,Round 1,2021-09-19,Hunter Martin,953,Vista Beast Disc Golf Course,Long Layout,59,18,4,14:15:00,62,3,911,123,True,False,18,62,True,True,True
49956,2021,MPO,1,417381,157191,157191,933,Round 1,2021-09-19,Ben Riendeau,,Vista Beast Disc Golf Course,Long Layout,59,18,3,14:00:00,62,3,911,117,True,False,18,62,True,True,True
49956,2021,MPO,1,417381,108989,108989,911,Round 1,2021-09-19,Erik Osborne,,Vista Beast Disc Golf Course,Long Layout,59,18,3,14:15:00,63,4,902,129,True,False,18,63,True,True,True
49956,2021,MPO,1,417381,164377,164377,919,Round 1,2021-09-19,Robert Wix,927,Vista Beast Disc Golf Course,Long Layout,59,18,2,14:00:00,64,5,892,123,True,False,18,64,True,True,True
49956,2021,MPO,1,417381,85036,85036,916,Round 1,2021-09-19,Nolan Power,,Vista Beast Disc Golf Course,Long Layout,59,18,2,13:30:00,66,7,873,124,True,False,18,66,True,True,True
49956,2021,MPO,1,417381,101763,101763,897,Round 1,2021-09-19,Spencer Sutherland,917,Vista Beast Disc Golf Course,Long Layout,59,18,3,13:30:00,66,7,873,127,True,False,18,66,True,True,True
49956,2021,MPO,1,417381,73588,73588,876,Round 1,2021-09-19,Will Cleland,910,Vista Beast Disc Golf Course,Long Layout,59,18,1,14:00:00,69,10,845,138,True,False,18,69,True,True,True
49956,2021,MPO,2,417381,122739,122739,944,Round 2,2021-09-19,Adam Green,977,Vista Beast Disc Golf Course,Long Layout,59,18,1,14:00:00,55,-4,978,106,True,False,18,55,True,True,True
49956,2021,MPO,2,417381,53718,53718,944,Round 2,2021-09-19,Nicholas Ailes,,Vista Beast Disc Golf Course,Long Layout,59,18,3,14:00:00,53,-6,997,110,True,False,18,53,True,True,True
49956,2021,MPO,2,417381,45817,45817,956,Round 2,2021-09-19,Dylan Dunne,,Vista Beast Disc Golf Course,Long Layout,59,18,2,14:00:00,59,0,940,115,True,False,18,59,True,True,True
49956,2021,MPO,2,417381,24381,24381,954,Round 2,2021-09-19,Chris Young,937,Vista Beast Disc Golf Course,Long Layout,59,18,1,13:45:00,57,-2,959,116,True,False,18,57,True,True,True
49956,2021,MPO,2,417381,161558,161558,931,Round 2,2021-09-19,Brad Schott,994,Vista Beast Disc Golf Course,Long Layout,59,18,2,13:45:00,57,-2,959,116,True,False,18,57,True,True,True
49956,2021,MPO,2,417381,157191,157191,933,Round 2,2021-09-19,Ben Riendeau,,Vista Beast Disc Golf Course,Long Layout,59,18,1,13:30:00,55,-4,978,117,True,False,18,55,True,True,True
49956,2021,MPO,2,417381,81523,81523,964,Round 2,2021-09-19,Zack Leffler,,Vista Beast Disc Golf Course,Long Layout,59,18,4,14:00:00,61,2,921,119,True,False,18,61,True,True,True
49956,2021,MPO,2,417381,164377,164377,919,Round 2,2021-09-19,Robert Wix,927,Vista Beast Disc Golf Course,Long Layout,59,18,3,13:30:00,59,0,940,123,True,False,18,59,True,True,True
49956,2021,MPO,2,417381,140874,140874,951,Round 2,2021-09-19,Hunter Martin,953,Vista Beast Disc Golf Course,Long Layout,59,18,4,13:45:00,61,2,921,123,True,False,18,61,True,True,True
49956,2021,MPO,2,417381,85036,85036,916,Round 2,2021-09-19,Nolan Power,,Vista Beast Disc Golf Course,Long Layout,59,18,1,13:15:00,58,-1,949,124,True,False,18,58,True,True,True
49956,2021,MPO,2,417381,101763,101763,897,Round 2,2021-09-19,Spencer Sutherland,917,Vista Beast Disc Golf Course,Long Layout,59,18,2,13:15:00,61,2,921,127,True,False,18,61,True,True,True
49956,2021,MPO,2,417381,108989,108989,911,Round 2,2021-09-19,Erik Osborne,,Vista Beast Disc Golf Course,Long Layout,59,18,2,13:30:00,66,7,873,129,True,False,18,66,True,True,True
49956,2021,MPO,2,417381,114674,114674,912,Round 2,2021-09-19,Jordan Lamson,,Vista Beast Disc Golf Course,Long Layout,59,18,3,13:45:00,69,10,845,131,True,False,18,69,True,True,True
49956,2021,MPO,2,417381,73588,73588,876,Round 2,2021-09-19,Will Cleland,910,Vista Beast Disc Golf Course,Long Layout,59,18,3,13:15:00,69,10,845,138,True,False,18,69,True,True,True
49957,2021,FA1,1,421301,165174,165174,762,Round 1,2021-10-03,Kiree LaPointe,,Living Memorial Park,Blue Tees - Full Course,59,18,3,12:00:00,81,22,692,155,True,False,18,81,True,True,True
49957,2021,FA1,2,421301,165174,165174,762,Round 2,2021-10-03,Kiree LaPointe,,Living Memorial Park,Blue Tees - Full Course,59,18,3,11:30:00,74,15,762,155,True,False,18,74,True,True,True
49957,2021,FA2,1,421296,name:teah ranney,,,Round 1,2021-10-03,Teah Ranney,,Living Memorial Park,White tees,59,18,3,10:00:00,117,58,216,234,True,False,18,117,True,True,True
49957,2021,FA2,2,421296,name:teah ranney,,,Round 2,2021-10-03,Teah Ranney,,Living Memorial Park,White tees,59,18,5,09:00:00,117,58,216,234,True,False,18,117,True,True,True
49957,2021,FPO,1,421301,122613,122613,814,Round 1,2021-10-03,Kelly Heslin,889,Living Memorial Park,Blue Tees - Full Course,59,18,4,13:00:00,71,12,792,131,True,False,18,71,True,True,True
49957,2021,FPO,2,421301,122613,122613,814,Round 2,2021-10-03,Kelly Heslin,889,Living Memorial Park,Blue Tees - Full Course,59,18,4,12:15:00,60,1,902,131,True,False,18,60,True,True,True
49957,2021,MA1,1,421301,91216,91216,953,Round 1,2021-10-03,Chris Spear,932,Living Memorial Park,Blue Tees - Full Course,59,18,2,11:30:00,51,-8,993,110,True,False,18,51,True,True,True
49957,2021,MA1,1,421301,159683,159683,918,Round 1,2021-10-03,Robin Stewart DeMartino,,Living Memorial Park,Blue Tees - Full Course,59,18,1,11:45:00,52,-7,983,108,True,False,18,52,True,True,True
49957,2021,MA1,1,421301,164158,164158,918,Round 1,2021-10-03,Alex Raub,,Living Memorial Park,Blue Tees - Full Course,59,18,2,12:15:00,55,-4,953,113,True,False,18,55,True,True,True
49957,2021,MA1,1,421301,118928,118928,930,Round 1,2021-10-03,Tyler Pomichter,926,Living Memorial Park,Blue Tees - Full Course,59,18,3,12:15:00,57,-2,932,114,True,False,18,57,True,True,True
49957,2021,MA1,1,421301,100885,100885,918,Round 1,2021-10-03,Jacob Moore,945,Living Memorial Park,Blue Tees - Full Course,59,18,1,12:15:00,58,-1,922,114,True,False,18,58,True,True,True
49957,2021,MA1,1,421301,147547,147547,905,Round 1,2021-10-03,David Wicker,,Living Memorial Park,Blue Tees - Full Course,59,18,3,11:30:00,59,0,912,120,True,False,18,59,True,True,True
49957,2021,MA1,1,421301,149818,149818,921,Round 1,2021-10-03,Eric Cummings,893,Living Memorial Park,Blue Tees - Full Course,59,18,2,11:45:00,59,0,912,120,True,False,18,59,True,True,True
49957,2021,MA1,1,421301,110289,110289,909,Round 1,2021-10-03,Frank Wruk,945,Living Memorial Park,Blue Tees - Full Course,59,18,3,11:45:00,60,1,902,119,True,False,18,60,True,True,True
49957,2021,MA1,1,421301,125328,125328,912,Round 1,2021-10-03,Dana Carpenter,,Living Memorial Park,Blue Tees - Full Course,59,18,4,12:15:00,62,3,882,117,True,False,18,62,True,True,True
49957,2021,MA1,1,421301,120536,120536,856,Round 1,2021-10-03,Andrew Palumbo,,Living Memorial Park,Blue Tees - Full Course,59,18,1,11:30:00,63,4,872,125,True,False,18,63,True,True,True
49957,2021,MA1,2,421301,159683,159683,918,Round 2,2021-10-03,Robin Stewart DeMartino,,Living Memorial Park,Blue Tees - Full Course,59,18,2,11:15:00,56,-3,943,108,True,False,18,56,True,True,True
49957,2021,MA1,2,421301,91216,91216,953,Round 2,2021-10-03,Chris Spear,932,Living Memorial Park,Blue Tees - Full Course,59,18,1,11:15:00,59,0,912,110,True,False,18,59,True,True,True
49957,2021,MA1,2,421301,164158,164158,918,Round 2,2021-10-03,Alex Raub,,Living Memorial Park,Blue Tees - Full Course,59,18,3,11:15:00,58,-1,922,113,True,False,18,58,True,True,True
49957,2021,MA1,2,421301,100885,100885,918,Round 2,2021-10-03,Jacob Moore,945,Living Memorial Park,Blue Tees - Full Course,59,18,1,11:00:00,56,-3,943,114,True,False,18,56,True,True,True
49957,2021,MA1,2,421301,118928,118928,930,Round 2,2021-10-03,Tyler Pomichter,926,Living Memorial Park,Blue Tees - Full Course,59,18,4,11:15:00,57,-2,932,114,True,False,18,57,True,True,True
49957,2021,MA1,2,421301,125328,125328,912,Round 2,2021-10-03,Dana Carpenter,,Living Memorial Park,Blue Tees - Full Course,59,18,2,10:45:00,55,-4,953,117,True,False,18,55,True,True,True
49957,2021,MA1,2,421301,110289,110289,909,Round 2,2021-10-03,Frank Wruk,945,Living Memorial Park,Blue Tees - Full Course,59,18,1,10:45:00,59,0,912,119,True,False,18,59,True,True,True
49957,2021,MA1,2,421301,147547,147547,905,Round 2,2021-10-03,David Wicker,,Living Memorial Park,Blue Tees - Full Course,59,18,2,11:00:00,61,2,892,120,True,False,18,61,True,True,True
49957,2021,MA1,2,421301,149818,149818,921,Round 2,2021-10-03,Eric Cummings,893,Living Memorial Park,Blue Tees - Full Course,59,18,3,11:00:00,61,2,892,120,True,False,18,61,True,True,True
49957,2021,MA1,2,421301,120536,120536,856,Round 2,2021-10-03,Andrew Palumbo,,Living Memorial Park,Blue Tees - Full Course,59,18,3,10:45:00,62,3,882,125,True,False,18,62,True,True,True
49957,2021,MA2,1,421301,145453,145453,905,Round 1,2021-10-03,Marshall Cherry,933,Living Memorial Park,Blue Tees - Full Course,59,18,4,11:00:00,54,-5,963,111,True,False,18,54,True,True,True
49957,2021,MA2,1,421301,159224,159224,899,Round 1,2021-10-03,Bryce McKim,,Living Memorial Park,Blue Tees - Full Course,59,18,3,11:00:00,59,0,912,123,True,False,18,59,True,True,True
49957,2021,MA2,1,421301,129859,129859,873,Round 1,2021-10-03,Seth Marcil,944,Living Memorial Park,Blue Tees - Full Course,59,18,1,10:15:00,60,1,902,115,True,False,18,60,True,True,True
49957,2021,MA2,1,421301,144924,144924,903,Round 1,2021-10-03,Jason Joseph,,Living Memorial Park,Blue Tees - Full Course,59,18,4,10:30:00,60,1,902,119,True,False,18,60,True,True,True
49957,2021,MA2,1,421301,163523,163523,851,Round 1,2021-10-03,Landon Desroches,866,Living Memorial Park,Blue Tees - Full Course,59,18,1,10:30:00,60,1,902,125,True,False,18,60,True,True,True
49957,2021,MA2,1,421301,173058,173058,907,Round 1,2021-10-03,Brandon Allaire,950,Living Memorial Park,Blue Tees - Full Course,59,18,4,10:45:00,60,1,902,121,True,False,18,60,True,True,True
49957,2021,MA2,1,421301,184197,184197,903,Round 1,2021-10-03,Sam Lord,962,Living Memorial Park,Blue Tees - Full Course,59,18,3,10:15:00,60,1,902,125,True,False,18,60,True,True,True
49957,2021,MA2,1,421301,123143,123143,845,Round 1,2021-10-03,Zack Mazzone,897,Living Memorial Park,Blue Tees - Full Course,59,18,3,10:30:00,62,3,882,130,True,False,18,62,True,True,True
49957,2021,MA2,1,421301,137984,137984,870,Round 1,2021-10-03,Tristan Bryce,,Living Memorial Park,Blue Tees - Full Course,59,18,2,10:45:00,62,3,882,124,True,False,18,62,True,True,True
49957,2021,MA2,1,421301,169393,169393,886,Round 1,2021-10-03,Aidan Trombley,977,Living Memorial Park,Blue Tees - Full Course,59,18,3,10:45:00,63,4,872,121,True,False,18,63,True,True,True
49957,2021,MA2,1,421301,169600,169600,874,Round 1,2021-10-03,Trevor Bryce,901,Living Memorial Park,Blue Tees - Full Course,59,18,1,11:00:00,64,5,862,125,True,False,18,64,True,True,True
49957,2021,MA2,1,421301,73588,73588,876,Round 1,2021-10-03,Will Cleland,910,Living Memorial Park,Blue Tees - Full Course,59,18,4,10:15:00,66,7,842,126,True,False,18,66,True,True,True
49957,2021,MA2,1,421301,148187,148187,874,Round 1,2021-10-03,Evan Miller,874,Living Memorial Park,Blue Tees - Full Course,59,18,2,10:15:00,66,7,842,126,True,False,18,66,True,True,True
49957,2021,MA2,1,421301,144983,144983,877,Round 1,2021-10-03,Wilson Kondracki,936,Living Memorial Park,Blue Tees - Full Course,59,18,5,11:00:00,67,8,832,124,True,False,18,67,True,True,True
49957,2021,MA2,1,421301,106970,106970,833,Round 1,2021-10-03,Stefan Farrell,852,Living Memorial Park,Blue Tees - Full Course,59,18,1,10:45:00,69,10,812,132,True,False,18,69,True,True,True
49957,2021,MA2,1,421301,191585,191585,,Round 1,2021-10-03,Zech Wicker,,Living Memorial Park,Blue Tees - Full Course,59,18,2,11:00:00,70,11,802,140,True,False,18,70,True,True,True
49957,2021,MA2,1,421301,178118,178118,839,Round 1,2021-10-03,Jerry Shumskiy,921,Living Memorial Park,Blue Tees - Full Course,59,18,2,10:30:00,71,12,792,142,True,False,18,71,True,True,True
49957,2021,MA2,2,421301,145453,145453,905,Round 2,2021-10-03,Marshall Cherry,933,Living Memorial Park,Blue Tees - Full Course,59,18,1,10:30:00,57,-2,932,111,True,False,18,57,True,True,True
49957,2021,MA2,2,421301,129859,129859,873,Round 2,2021-10-03,Seth Marcil,944,Living Memorial Park,Blue Tees - Full Course,59,18,3,10:30:00,55,-4,953,115,True,False,18,55,True,True,True
49957,2021,MA2,2,421301,144924,144924,903,Round 2,2021-10-03,Jason Joseph,,Living Memorial Park,Blue Tees - Full Course,59,18,4,10:30:00,59,0,912,119,True,False,18,59,True,True,True
49957,2021,MA2,2,421301,169393,169393,886,Round 2,2021-10-03,Aidan Trombley,977,Living Memorial Park,Blue Tees - Full Course,59,18,2,10:00:00,58,-1,922,121,True,False,18,58,True,True,True
49957,2021,MA2,2,421301,173058,173058,907,Round 2,2021-10-03,Brandon Allaire,950,Living Memorial Park,Blue Tees - Full Course,59,18,2,10:15:00,61,2,892,121,True,False,18,61,True,True,True
49957,2021,MA2,2,421301,159224,159224,899,Round 2,2021-10-03,Bryce McKim,,Living Memorial Park,Blue Tees - Full Course,59,18,2,10:30:00,64,5,862,123,True,False,18,64,True,True,True
49957,2021,MA2,2,421301,144983,144983,877,Round 2,2021-10-03,Wilson Kondracki,936,Living Memorial Park,Blue Tees - Full Course,59,18,2,09:30:00,57,-2,932,124,True,False,18,57,True,True,True
49957,2021,MA2,2,421301,137984,137984,870,Round 2,2021-10-03,Tristan Bryce,,Living Memorial Park,Blue Tees - Full Course,59,18,1,10:00:00,62,3,882,124,True,False,18,62,True,True,True
49957,2021,MA2,2,421301,169600,169600,874,Round 2,2021-10-03,Trevor Bryce,901,Living Memorial Park,Blue Tees - Full Course,59,18,3,10:00:00,61,2,892,125,True,False,18,61,True,True,True
49957,2021,MA2,2,421301,163523,163523,851,Round 2,2021-10-03,Landon Desroches,866,Living Memorial Park,Blue Tees - Full Course,59,18,1,10:15:00,65,6,852,125,True,False,18,65,True,True,True
49957,2021,MA2,2,421301,184197,184197,903,Round 2,2021-10-03,Sam Lord,962,Living Memorial Park,Blue Tees - Full Course,59,18,3,10:15:00,65,6,852,125,True,False,18,65,True,True,True
49957,2021,MA2,2,421301,73588,73588,876,Round 2,2021-10-03,Will Cleland,910,Living Memorial Park,Blue Tees - Full Course,59,18,4,10:00:00,60,1,902,126,True,False,18,60,True,True,True
49957,2021,MA2,2,421301,148187,148187,874,Round 2,2021-10-03,Evan Miller,874,Living Memorial Park,Blue Tees - Full Course,59,18,1,09:30:00,60,1,902,126,True,False,18,60,True,True,True
49957,2021,MA2,2,421301,123143,123143,845,Round 2,2021-10-03,Zack Mazzone,897,Living Memorial Park,Blue Tees - Full Course,59,18,4,10:15:00,68,9,822,130,True,False,18,68,True,True,True
49957,2021,MA2,2,421301,106970,106970,833,Round 2,2021-10-03,Stefan Farrell,852,Living Memorial Park,Blue Tees - Full Course,59,18,3,09:30:00,63,4,872,132,True,False,18,63,True,True,True
49957,2021,MA2,2,421301,191585,191585,,Round 2,2021-10-03,Zech Wicker,,Living Memorial Park,Blue Tees - Full Course,59,18,4,09:30:00,70,11,802,140,True,False,18,70,True,True,True
49957,2021,MA2,2,421301,178118,178118,839,Round 2,2021-10-03,Jerry Shumskiy,921,Living Memorial Park,Blue Tees - Full Course,59,18,5,09:30:00,71,12,792,142,True,False,18,71,True,True,True
49957,2021,MA3,1,421296,183266,183266,819,Round 1,2021-10-03,Matt Cowan,914,Living Memorial Park,White tees,59,18,1,10:00:00,60,1,861,115,True,False,18,60,True,True,True
49957,2021,MA3,1,421296,165655,165655,848,Round 1,2021-10-03,Ryan Senecal,,Living Memorial Park,White tees,59,18,3,09:45:00,66,7,793,125,True,False,18,66,True,True,True
49957,2021,MA3,1,421296,149368,149368,874,Round 1,2021-10-03,Brett Jipner,,Living Memorial Park,White tees,59,18,1,09:45:00,67,8,782,,True,False,18,67,True,True,True
49957,2021,MA3,1,421296,190403,190403,,Round 1,2021-10-03,Noah Loi,838,Living Memorial Park,White tees,59,18,2,10:00:00,67,8,782,132,True,False,18,67,True,True,True
49957,2021,MA3,1,421296,name:david lafoe,,,Round 1,2021-10-03,David Lafoe,,Living Memorial Park,White tees,59,18,2,09:45:00,72,13,725,137,True,False,18,72,True,True,True
49957,2021,MA3,2,421296,183266,183266,819,Round 2,2021-10-03,Matt Cowan,914,Living Memorial Park,White tees,59,18,1,09:00:00,55,-4,918,115,True,False,18,55,True,True,True
49957,2021,MA3,2,421296,165655,165655,848,Round 2,2021-10-03,Ryan Senecal,,Living Memorial Park,White tees,59,18,2,09:00:00,59,0,872,125,True,False,18,59,True,True,True
49957,2021,MA3,2,421296,190403,190403,,Round 2,2021-10-03,Noah Loi,838,Living Memorial Park,White tees,59,18,3,09:00:00,65,6,804,132,True,False,18,65,True,True,True
49957,2021,MA3,2,421296,name:david lafoe,,,Round 2,2021-10-03,David Lafoe,,Living Memorial Park,White tees,59,18,4,09:00:00,65,6,804,137,True,False,18,65,True,True,True
49957,2021,MA3,2,421296,149368,149368,874,Round 2,2021-10-03,Brett Jipner,,Living Memorial Park,White tees,59,18,,,,,,,True,True,0,,False,False,False
49957,2021,MA40,1,421301,42420,42420,922,Round 1,2021-10-03,Patrick Harris,906,Living Memorial Park,Blue Tees - Full Course,59,18,2,12:30:00,56,-3,943,116,True,False,18,56,True,True,True
49957,2021,MA40,1,421301,name:nicholas russell,,,Round 1,2021-10-03,Nicholas Russell,,Living Memorial Park,Blue Tees - Full Course,59,18,3,12:30:00,56,-3,943,122,True,False,18,56,True,True,True
49957,2021,MA40,1,421301,167000,167000,947,Round 1,2021-10-03,Robert Szpila,931,Living Memorial Park,Blue Tees - Full Course,59,18,4,12:30:00,61,2,892,117,True,False,18,61,True,True,True
49957,2021,MA40,1,421301,36062,36062,895,Round 1,2021-10-03,Andrew Powell,852,Living Memorial Park,Blue Tees - Full Course,59,18,1,12:30:00,63,4,872,128,True,False,18,63,True,True,True
49957,2021,MA40,2,421301,42420,42420,922,Round 2,2021-10-03,Patrick Harris,906,Living Memorial Park,Blue Tees - Full Course,59,18,1,12:00:00,60,1,902,116,True,False,18,60,True,True,True
49957,2021,MA40,2,421301,167000,167000,947,Round 2,2021-10-03,Robert Szpila,931,Living Memorial Park,Blue Tees - Full Course,59,18,3,12:00:00,56,-3,943,117,True,False,18,56,True,True,True
49957,2021,MA40,2,421301,name:nicholas russell,,,Round 2,2021-10-03,Nicholas Russell,,Living Memorial Park,Blue Tees - Full Course,59,18,2,12:00:00,66,7,842,122,True,False,18,66,True,True,True
49957,2021,MA40,2,421301,36062,36062,895,Round 2,2021-10-03,Andrew Powell,852,Living Memorial Park,Blue Tees - Full Course,59,18,4,12:00:00,65,6,852,128,True,False,18,65,True,True,True
49957,2021,MA50,1,421301,166239,166239,903,Round 1,2021-10-03,Tom Raub,958,Living Memorial Park,Blue Tees - Full Course,59,18,2,12:00:00,61,2,892,118,True,False,18,61,True,True,True
49957,2021,MA50,1,421301,91301,91301,894,Round 1,2021-10-03,Michael A. Stridsberg,898,Living Memorial Park,Blue Tees - Full Course,59,18,3,12:45:00,62,3,882,124,True,False,18,62,True,True,True
49957,2021,MA50,1,421301,130713,130713,876,Round 1,2021-10-03,Ian Martin,902,Living Memorial Park,Blue Tees - Full Course,59,18,2,12:45:00,63,4,872,127,True,False,18,63,True,True,True
49957,2021,MA50,1,421301,122325,122325,866,Round 1,2021-10-03,David Mulvey,,Living Memorial Park,Blue Tees - Full Course,59,18,1,12:45:00,66,7,842,130,True,False,18,66,True,True,True
49957,2021,MA50,1,421301,name:mace wicker,,,Round 1,2021-10-03,Mace Wicker,,Living Memorial Park,Blue Tees - Full Course,59,18,4,12:45:00,70,11,802,142,True,False,18,70,True,True,True
49957,2021,MA50,1,421301,132681,132681,787,Round 1,2021-10-03,Paul Robinson,,Living Memorial Park,Blue Tees - Full Course,59,18,1,12:00:00,74,15,762,139,True,False,18,74,True,True,True
49957,2021,MA50,2,421301,166239,166239,903,Round 2,2021-10-03,Tom Raub,958,Living Memorial Park,Blue Tees - Full Course,59,18,1,11:45:00,57,-2,932,118,True,False,18,57,True,True,True
49957,2021,MA50,2,421301,91301,91301,894,Round 2,2021-10-03,Michael A. Stridsberg,898,Living Memorial Park,Blue Tees - Full Course,59,18,2,11:45:00,62,3,882,124,True,False,18,62,True,True,True
49957,2021,MA50,2,421301,130713,130713,876,Round 2,2021-10-03,Ian Martin,902,Living Memorial Park,Blue Tees - Full Course,59,18,3,11:45:00,64,5,862,127,True,False,18,64,True,True,True
49957,2021,MA50,2,421301,122325,122325,866,Round 2,2021-10-03,David Mulvey,,Living Memorial Park,Blue Tees - Full Course,59,18,4,11:45:00,64,5,862,130,True,False,18,64,True,True,True
49957,2021,MA50,2,421301,132681,132681,787,Round 2,2021-10-03,Paul Robinson,,Living Memorial Park,Blue Tees - Full Course,59,18,2,11:30:00,65,6,852,139,True,False,18,65,True,True,True
49957,2021,MA50,2,421301,name:mace wicker,,,Round 2,2021-10-03,Mace Wicker,,Living Memorial Park,Blue Tees - Full Course,59,18,1,11:30:00,72,13,782,142,True,False,18,72,True,True,True
49957,2021,MP40,1,421301,120378,120378,933,Round 1,2021-10-03,Drew McDowell,952,Living Memorial Park,Blue Tees - Full Course,59,18,2,14:00:00,54,-5,963,107,True,False,18,54,True,True,True
49957,2021,MP40,1,421301,121886,121886,933,Round 1,2021-10-03,Lucas Germano,,Living Memorial Park,Blue Tees - Full Course,59,18,4,14:00:00,57,-2,932,112,True,False,18,57,True,True,True
49957,2021,MP40,1,421301,24381,24381,954,Round 1,2021-10-03,Chris Young,937,Living Memorial Park,Blue Tees - Full Course,59,18,3,14:00:00,58,-1,922,115,True,False,18,58,True,True,True
49957,2021,MP40,1,421301,83212,83212,899,Round 1,2021-10-03,Cory Barron,885,Living Memorial Park,Blue Tees - Full Course,59,18,1,14:00:00,59,0,912,119,True,False,18,59,True,True,True
49957,2021,MP40,2,421301,120378,120378,933,Round 2,2021-10-03,Drew McDowell,952,Living Memorial Park,Blue Tees - Full Course,59,18,1,13:15:00,53,-6,973,107,True,False,18,53,True,True,True
49957,2021,MP40,2,421301,121886,121886,933,Round 2,2021-10-03,Lucas Germano,,Living Memorial Park,Blue Tees - Full Course,59,18,2,13:15:00,55,-4,953,112,True,False,18,55,True,True,True
49957,2021,MP40,2,421301,24381,24381,954,Round 2,2021-10-03,Chris Young,937,Living Memorial Park,Blue Tees - Full Course,59,18,3,13:15:00,57,-2,932,115,True,False,18,57,True,True,True
49957,2021,MP40,2,421301,83212,83212,899,Round 2,2021-10-03,Cory Barron,885,Living Memorial Park,Blue Tees - Full Course,59,18,4,13:15:00,60,1,902,119,True,False,18,60,True,True,True
49957,2021,MP50,1,421301,77623,77623,907,Round 1,2021-10-03,Cary Powell,909,Living Memorial Park,Blue Tees - Full Course,59,18,1,13:00:00,58,-1,922,116,True,False,18,58,True,True,True
49957,2021,MP50,1,421301,148818,148818,898,Round 1,2021-10-03,Jim Olson,900,Living Memorial Park,Blue Tees - Full Course,59,18,3,13:00:00,58,-1,922,115,True,False,18,58,True,True,True
49957,2021,MP50,1,421301,84880,84880,917,Round 1,2021-10-03,Marcos Miller,,Living Memorial Park,Blue Tees - Full Course,59,18,2,13:00:00,60,1,902,118,True,False,18,60,True,True,True
49957,2021,MP50,2,421301,148818,148818,898,Round 2,2021-10-03,Jim Olson,900,Living Memorial Park,Blue Tees - Full Course,59,18,2,12:15:00,57,-2,932,115,True,False,18,57,True,True,True
49957,2021,MP50,2,421301,77623,77623,907,Round 2,2021-10-03,Cary Powell,909,Living Memorial Park,Blue Tees - Full Course,59,18,1,12:15:00,58,-1,922,116,True,False,18,58,True,True,True
49957,2021,MP50,2,421301,84880,84880,917,Round 2,2021-10-03,Marcos Miller,,Living Memorial Park,Blue Tees - Full Course,59,18,3,12:15:00,58,-1,922,118,True,False,18,58,True,True,True
49957,2021,MPO,1,421301,81283,81283,969,Round 1,2021-10-03,Ronnie Bennett,968,Living Memorial Park,Blue Tees - Full Course,59,18,1,13:30:00,50,-9,1003,105,True,False,18,50,True,True,True
49957,2021,MPO,1,421301,61635,61635,976,Round 1,2021-10-03,Jerry Showman,1010,Living Memorial Park,Blue Tees - Full Course,59,18,1,13:15:00,51,-8,993,107,True,False,18,51,True,True,True
49957,2021,MPO,1,421301,94450,94450,968,Round 1,2021-10-03,Brendan Rollins,958,Living Memorial Park,Blue Tees - Full Course,59,18,3,13:15:00,52,-7,983,109,True,False,18,52,True,True,True
49957,2021,MPO,1,421301,35161,35161,981,Round 1,2021-10-03,Patrick Grizzard,,Living Memorial Park,Blue Tees - Full Course,59,18,2,13:30:00,53,-6,973,109,True,False,18,53,True,True,True
49957,2021,MPO,1,421301,103627,103627,972,Round 1,2021-10-03,Clayton Davis,,Living Memorial Park,Blue Tees - Full Course,59,18,1,13:45:00,53,-6,973,106,True,False,18,53,True,True,True
49957,2021,MPO,1,421301,85036,85036,916,Round 1,2021-10-03,Nolan Power,,Living Memorial Park,Blue Tees - Full Course,59,18,3,13:30:00,57,-2,932,113,True,False,18,57,True,True,True
49957,2021,MPO,1,421301,140098,140098,954,Round 1,2021-10-03,Angus Barstow,980,Living Memorial Park,Blue Tees - Full Course,59,18,3,13:45:00,57,-2,932,110,True,False,18,57,True,True,True
49957,2021,MPO,1,421301,172309,172309,972,Round 1,2021-10-03,Hayden Anastasio,,Living Memorial Park,Blue Tees - Full Course,59,18,2,13:15:00,57,-2,932,107,True,False,18,57,True,True,True
49957,2021,MPO,1,421301,100341,100341,921,Round 1,2021-10-03,Kevin Avery,,Living Memorial Park,Blue Tees - Full Course,59,18,4,13:30:00,59,0,912,119,True,False,18,59,True,True,True
49957,2021,MPO,1,421301,176037,176037,912,Round 1,2021-10-03,David Flight,,Living Memorial Park,Blue Tees - Full Course,59,18,4,13:15:00,60,1,902,119,True,False,18,60,True,True,True
49957,2021,MPO,1,421301,125586,125586,924,Round 1,2021-10-03,Matthew Avery,,Living Memorial Park,Blue Tees - Full Course,59,18,2,13:45:00,64,5,862,115,True,False,18,64,True,True,True
49957,2021,MPO,1,421301,140874,140874,951,Round 1,2021-10-03,Hunter Martin,953,Living Memorial Park,Blue Tees - Full Course,59,18,4,13:45:00,65,6,852,120,True,False,18,65,True,True,True
49957,2021,MPO,2,421301,81283,81283,969,Round 2,2021-10-03,Ronnie Bennett,968,Living Memorial Park,Blue Tees - Full Course,59,18,1,13:00:00,55,-4,953,105,True,False,18,55,True,True,True
49957,2021,MPO,2,421301,103627,103627,972,Round 2,2021-10-03,Clayton Davis,,Living Memorial Park,Blue Tees - Full Course,59,18,1,12:45:00,53,-6,973,106,True,False,18,53,True,True,True
49957,2021,MPO,2,421301,172309,172309,972,Round 2,2021-10-03,Hayden Anastasio,,Living Memorial Park,Blue Tees - Full Course,59,18,4,12:45:00,50,-9,1003,107,True,False,18,50,True,True,True
49957,2021,MPO,2,421301,61635,61635,976,Round 2,2021-10-03,Jerry Showman,1010,Living Memorial Park,Blue Tees - Full Course,59,18,2,13:00:00,56,-3,943,107,True,False,18,56,True,True,True
49957,2021,MPO,2,421301,35161,35161,981,Round 2,2021-10-03,Patrick Grizzard,,Living Memorial Park,Blue Tees - Full Course,59,18,4,13:00:00,56,-3,943,109,True,False,18,56,True,True,True
49957,2021,MPO,2,421301,94450,94450,968,Round 2,2021-10-03,Brendan Rollins,958,Living Memorial Park,Blue Tees - Full Course,59,18,3,13:00:00,57,-2,932,109,True,False,18,57,True,True,True
49957,2021,MPO,2,421301,140098,140098,954,Round 2,2021-10-03,Angus Barstow,980,Living Memorial Park,Blue Tees - Full Course,59,18,3,12:45:00,53,-6,973,110,True,False,18,53,True,True,True
49957,2021,MPO,2,421301,85036,85036,916,Round 2,2021-10-03,Nolan Power,,Living Memorial Park,Blue Tees - Full Course,59,18,2,12:45:00,56,-3,943,113,True,False,18,56,True,True,True
49957,2021,MPO,2,421301,125586,125586,924,Round 2,2021-10-03,Matthew Avery,,Living Memorial Park,Blue Tees - Full Course,59,18,3,12:30:00,51,-8,993,115,True,False,18,51,True,True,True
49957,2021,MPO,2,421301,176037,176037,912,Round 2,2021-10-03,David Flight,,Living Memorial Park,Blue Tees - Full Course,59,18,2,12:30:00,59,0,912,119,True,False,18,59,True,True,True
49957,2021,MPO,2,421301,100341,100341,921,Round 2,2021-10-03,Kevin Avery,,Living Memorial Park,Blue Tees - Full Course,59,18,1,12:30:00,60,1,902,119,True,False,18,60,True,True,True
49957,2021,MPO,2,421301,140874,140874,951,Round 2,2021-10-03,Hunter Martin,953,Living Memorial Park,Blue Tees - Full Course,59,18,4,12:30:00,55,-4,953,120,True,False,18,55,True,True,True
49958,2021,FA1,1,425731,174640,174640,821,Round 1,2021-10-17,Maureen McGuinness,,Smugglers Notch Disc Golf Center - Fox Run,Fox Run Meadows White Tees,63,18,4,12:00:00,84,21,769,153,True,False,18,84,True,True,True
49958,2021,FA1,1,425731,165174,165174,757,Round 1,2021-10-17,Kiree LaPointe,,Smugglers Notch Disc Golf Center - Fox Run,Fox Run Meadows White Tees,63,18,3,12:00:00,100,37,633,183,True,False,18,100,True,True,True
49958,2021,FA1,2,425711,174640,174640,821,Round 2,2021-10-17,Maureen McGuinness,,Smugglers Notch Disc Golf Center - Brewster Ridge,Brewster Ridge Blue Tees,61,18,3,09:15:00,69,8,865,153,True,False,18,69,True,True,True
49958,2021,FA1,2,425711,165174,165174,757,Round 2,2021-10-17,Kiree LaPointe,,Smugglers Notch Disc Golf Center - Brewster Ridge,Brewster Ridge Blue Tees,61,18,4,09:15:00,83,22,737,183,True,False,18,83,True,True,True
49958,2021,FA2,1,425736,125884,125884,770,Round 1,2021-10-17,Kaidence Moore,809,Smugglers Notch Disc Golf Center - Fox Run,Fox Run Meadows Red Tees,63,18,1,09:00:00,70,7,812,135,True,False,18,70,True,True,True
49958,2021,FA2,1,425736,name:julia ribeiro,,,Round 1,2021-10-17,Julia Ribeiro,,Smugglers Notch Disc Golf Center - Fox Run,Fox Run Meadows Red Tees,63,18,5,09:00:00,73,10,782,139,True,False,18,73,True,True,True
49958,2021,FA2,1,425736,192992,192992,,Round 1,2021-10-17,Christy Fisher,705,Smugglers Notch Disc Golf Center - Fox Run,Fox Run Meadows Red Tees,63,18,4,09:00:00,74,11,772,147,True,False,18,74,True,True,True
49958,2021,FA2,1,425736,172895,172895,672,Round 1,2021-10-17,Cara Tatro,737,Smugglers Notch Disc Golf Center - Fox Run,Fox Run Meadows Red Tees,63,18,3,09:00:00,75,12,762,145,True,False,18,75,True,True,True
49958,2021,FA2,1,425736,159333,159333,745,Round 1,2021-10-17,Laura Rajnak,,Smugglers Notch Disc Golf Center - Fox Run,Fox Run Meadows Red Tees,63,18,2,09:00:00,79,16,723,146,True,False,18,79,True,True,True
49958,2021,FA2,2,425716,125884,125884,770,Round 2,2021-10-17,Kaidence Moore,809,Smugglers Notch Disc Golf Center - Brewster Ridge,Brewster Ridge White Tees,61,18,1,09:00:00,65,4,789,135,True,False,18,65,True,True,True
49958,2021,FA2,2,425716,name:julia ribeiro,,,Round 2,2021-10-17,Julia Ribeiro,,Smugglers Notch Disc Golf Center - Brewster Ridge,Brewster Ridge White Tees,61,18,2,09:00:00,66,5,777,139,True,False,18,66,True,True,True
49958,2021,FA2,2,425716,172895,172895,672,Round 2,2021-10-17,Cara Tatro,737,Smugglers Notch Disc Golf Center - Brewster Ridge,Brewster Ridge White Tees,61,18,4,09:00:00,70,9,731,145,True,False,18,70,True,True,True
49958,2021,FA2,2,425716,159333,159333,745,Round 2,2021-10-17,Laura Rajnak,,Smugglers Notch Disc Golf Center - Brewster Ridge,Brewster Ridge White Tees,61,18,5,09:00:00,67,6,766,146,True,False,18,67,True,True,True
49958,2021,FA2,2,425716,192992,192992,,Round 2,2021-10-17,Christy Fisher,705,Smugglers Notch Disc Golf Center - Brewster Ridge,Brewster Ridge White Tees,61,18,3,09:00:00,73,12,695,147,True,False,18,73,True,True,True
49958,2021,FA3,1,425736,134457,134457,715,Round 1,2021-10-17,Malori Bennett,,Smugglers Notch Disc Golf Center - Fox Run,Fox Run Meadows Red Tees,63,18,3,08:45:00,80,17,713,147,True,False,18,80,True,True,True
49958,2021,FA3,1,425736,name:jennifer macdonough,,,Round 1,2021-10-17,Jennifer MacDonough,,Smugglers Notch Disc Golf Center - Fox Run,Fox Run Meadows Red Tees,63,18,2,08:45:00,80,17,713,164,True,False,18,80,True,True,True
49958,2021,FA3,1,425736,name:jill brooker,,,Round 1,2021-10-17,Jill Brooker,,Smugglers Notch Disc Golf Center - Fox Run,Fox Run Meadows Red Tees,63,18,1,08:45:00,81,18,703,149,True,False,18,81,True,True,True
49958,2021,FA3,2,425716,134457,134457,715,Round 2,2021-10-17,Malori Bennett,,Smugglers Notch Disc Golf Center - Brewster Ridge,Brewster Ridge White Tees,61,18,1,08:15:00,67,6,766,147,True,False,18,67,True,True,True
49958,2021,FA3,2,425716,name:jill brooker,,,Round 2,2021-10-17,Jill Brooker,,Smugglers Notch Disc Golf Center - Brewster Ridge,Brewster Ridge White Tees,61,18,3,08:15:00,68,7,754,149,True,False,18,68,True,True,True
49958,2021,FA3,2,425716,name:jennifer macdonough,,,Round 2,2021-10-17,Jennifer MacDonough,,Smugglers Notch Disc Golf Center - Brewster Ridge,Brewster Ridge White Tees,61,18,2,08:15:00,84,23,567,164,True,False,18,84,True,True,True
49958,2021,FPO,1,425706,96030,96030,934,Round 1,2021-10-17,Alex Benson,,Smugglers Notch Disc Golf Center - Brewster Ridge,Brewster Ridge Gold Tees,61,18,1,10:45:00,65,4,967,137,True,False,18,65,True,True,True
49958,2021,FPO,1,425706,122613,122613,828,Round 1,2021-10-17,Kelly Heslin,889,Smugglers Notch Disc Golf Center - Brewster Ridge,Brewster Ridge Gold Tees,61,18,2,10:45:00,79,18,860,170,True,False,18,79,True,True,True
49958,2021,FPO,1,425706,132857,132857,831,Round 1,2021-10-17,Serena Lamson,,Smugglers Notch Disc Golf Center - Brewster Ridge,Brewster Ridge Gold Tees,61,18,3,10:45:00,85,24,814,,True,False,18,85,True,True,True
49958,2021,FPO,2,425726,96030,96030,934,Round 2,2021-10-17,Alex Benson,,Smugglers Notch Disc Golf Center - Fox Run,Fox Run Meadows Blue Tees,63,18,1,10:15:00,72,9,945,137,True,False,18,72,True,True,True
49958,2021,FPO,2,425726,122613,122613,828,Round 2,2021-10-17,Kelly Heslin,889,Smugglers Notch Disc Golf Center - Fox Run,Fox Run Meadows Blue Tees,63,18,4,10:15:00,91,28,813,170,True,False,18,91,True,True,True
49958,2021,FPO,2,425726,132857,132857,831,Round 2,2021-10-17,Serena Lamson,,Smugglers Notch Disc Golf Center - Fox Run,Fox Run Meadows Blue Tees,63,18,,,,,,,True,True,0,,False,False,False
49958,2021,MA1,1,425706,164158,164158,908,Round 1,2021-10-17,Alex Raub,,Smugglers Notch Disc Golf Center - Brewster Ridge,Brewster Ridge Gold Tees,61,18,4,08:45:00,63,2,983,134,True,False,18,63,True,True,True
49958,2021,MA1,1,425706,181326,181326,919,Round 1,2021-10-17,Braden Lynn,943,Smugglers Notch Disc Golf Center - Brewster Ridge,Brewster Ridge Gold Tees,61,18,3,09:15:00,63,2,983,143,True,False,18,63,True,True,True
49958,2021,MA1,1,425706,100885,100885,926,Round 1,2021-10-17,Jacob Moore,945,Smugglers Notch Disc Golf Center - Brewster Ridge,Brewster Ridge Gold Tees,61,18,1,10:00:00,65,4,967,139,True,False,18,65,True,True,True
49958,2021,MA1,1,425706,121362,121362,946,Round 1,2021-10-17,Jonathan Russo,951,Smugglers Notch Disc Golf Center - Brewster Ridge,Brewster Ridge Gold Tees,61,18,2,09:00:00,65,4,967,139,True,False,18,65,True,True,True
49958,2021,MA1,1,425706,109086,109086,943,Round 1,2021-10-17,Aaron Schlossberg,947,Smugglers Notch Disc Golf Center - Brewster Ridge,Brewster Ridge Gold Tees,61,18,2,08:30:00,66,5,960,132,True,False,18,66,True,True,True
49958,2021,MA1,1,425706,147788,147788,911,Round 1,2021-10-17,Dan Cornellier,939,Smugglers Notch Disc Golf Center - Brewster Ridge,Brewster Ridge Gold Tees,61,18,4,09:45:00,66,5,960,142,True,False,18,66,True,True,True
49958,2021,MA1,1,425706,112514,112514,904,Round 1,2021-10-17,Andrew Barker,,Smugglers Notch Disc Golf Center - Brewster Ridge,Brewster Ridge Gold Tees,61,18,2,09:45:00,68,7,944,142,True,False,18,68,True,True,True
49958,2021,MA1,1,425706,138239,138239,916,Round 1,2021-10-17,Seamus Carey,,Smugglers Notch Disc Golf Center - Brewster Ridge,Brewster Ridge Gold Tees,61,18,3,09:30:00,68,7,944,137,True,False,18,68,True,True,True
49958,2021,MA1,1,425706,96355,96355,921,Round 1,2021-10-17,Louis Annino,906,Smugglers Notch Disc Golf Center - Brewster Ridge,Brewster Ridge Gold Tees,61,18,3,08:45:00,71,10,921,141,True,False,18,71,True,True,True
49958,2021,MA1,1,425706,98280,98280,928,Round 1,2021-10-17,Nicholas Reilly,932,Smugglers Notch Disc Golf Center - Brewster Ridge,Brewster Ridge Gold Tees,61,18,1,08:30:00,71,10,921,144,True,False,18,71,True,True,True
49958,2021,MA1,1,425706,109604,109604,905,Round 1,2021-10-17,Jeremy Hulsey,914,Smugglers Notch Disc Golf Center - Brewster Ridge,Brewster Ridge Gold Tees,61,18,1,09:30:00,71,10,921,150,True,False,18,71,True,True,True
49958,2021,MA1,1,425706,125328,125328,917,Round 1,2021-10-17,Dana Carpenter,,Smugglers Notch Disc Golf Center - Brewster Ridge,Brewster Ridge Gold Tees,61,18,2,09:30:00,71,10,921,151,True,False,18,71,True,True,True
49958,2021,MA1,1,425706,138321,138321,910,Round 1,2021-10-17,Nathan Doudera,,Smugglers Notch Disc Golf Center - Brewster Ridge,Brewster Ridge Gold Tees,61,18,4,09:00:00,71,10,921,146,True,False,18,71,True,True,True
49958,2021,MA1,1,425706,189489,189489,951,Round 1,2021-10-17,Joshua Niss,937,Smugglers Notch Disc Golf Center - Brewster Ridge,Brewster Ridge Gold Tees,61,18,3,10:00:00,71,10,921,140,True,False,18,71,True,True,True
49958,2021,MA1,1,425706,192828,192828,,Round 1,2021-10-17,Kyle Sauerbrunn,926,Smugglers Notch Disc Golf Center - Brewster Ridge,Brewster Ridge Gold Tees,61,18,3,08:15:00,71,10,921,155,True,False,18,71,True,True,True
49958,2021,MA1,1,425706,102239,102239,909,Round 1,2021-10-17,Benjamin De Ondarza,,Smugglers Notch Disc Golf Center - Brewster Ridge,Brewster Ridge Gold Tees,61,18,1,09:45:00,72,11,914,143,True,False,18,72,True,True,True
49958,2021,MA1,1,425706,131201,131201,901,Round 1,2021-10-17,Tyler LaPerle,973,Smugglers Notch Disc Golf Center - Brewster Ridge,Brewster Ridge Gold Tees,61,18,2,10:00:00,72,11,914,140,True,False,18,72,True,True,True
49958,2021,MA1,1,425706,163760,163760,894,Round 1,2021-10-17,Timothy Artinian,936,Smugglers Notch Disc Golf Center - Brewster Ridge,Brewster Ridge Gold Tees,61,18,4,09:30:00,72,11,914,145,True,False,18,72,True,True,True
49958,2021,MA1,1,425706,118928,118928,926,Round 1,2021-10-17,Tyler Pomichter,926,Smugglers Notch Disc Golf Center - Brewster Ridge,Brewster Ridge Gold Tees,61,18,3,09:45:00,73,12,906,141,True,False,18,73,True,True,True
49958,2021,MA1,1,425706,142744,142744,934,Round 1,2021-10-17,Abel German,974,Smugglers Notch Disc Golf Center - Brewster Ridge,Brewster Ridge Gold Tees,61,18,4,09:15:00,73,12,906,136,True,False,18,73,True,True,True
49958,2021,MA1,1,425706,175457,175457,900,Round 1,2021-10-17,Nathan Beningson,,Smugglers Notch Disc Golf Center - Brewster Ridge,Brewster Ridge Gold Tees,61,18,3,09:00:00,73,12,906,155,True,False,18,73,True,True,True
49958,2021,MA1,1,425706,50816,50816,867,Round 1,2021-10-17,Tristan Whitehouse,,Smugglers Notch Disc Golf Center - Brewster Ridge,Brewster Ridge Gold Tees,61,18,1,09:00:00,74,13,898,153,True,False,18,74,True,True,True
49958,2021,MA1,1,425706,110707,110707,905,Round 1,2021-10-17,Jason Wilson,927,Smugglers Notch Disc Golf Center - Brewster Ridge,Brewster Ridge Gold Tees,61,18,2,08:45:00,74,13,898,152,True,False,18,74,True,True,True
49958,2021,MA1,1,425706,187845,187845,876,Round 1,2021-10-17,Shane Seals,962,Smugglers Notch Disc Golf Center - Brewster Ridge,Brewster Ridge Gold Tees,61,18,2,08:15:00,74,13,898,143,True,False,18,74,True,True,True
49958,2021,MA1,1,425706,130873,130873,931,Round 1,2021-10-17,Taylor Hillsgrove,,Smugglers Notch Disc Golf Center - Brewster Ridge,Brewster Ridge Gold Tees,61,18,2,09:15:00,76,15,883,150,True,False,18,76,True,True,True
49958,2021,MA1,1,425706,96154,96154,867,Round 1,2021-10-17,Travis Jacques,871,Smugglers Notch Disc Golf Center - Brewster Ridge,Brewster Ridge Gold Tees,61,18,1,08:45:00,77,16,875,160,True,False,18,77,True,True,True
49958,2021,MA1,1,425706,106294,106294,907,Round 1,2021-10-17,Scott McCamp,,Smugglers Notch Disc Golf Center - Brewster Ridge,Brewster Ridge Gold Tees,61,18,1,08:15:00,77,16,875,157,True,False,18,77,True,True,True
49958,2021,MA1,1,425706,119637,119637,917,Round 1,2021-10-17,Trevor Kenealy,905,Smugglers Notch Disc Golf Center - Brewster Ridge,Brewster Ridge Gold Tees,61,18,1,09:15:00,78,17,868,155,True,False,18,78,True,True,True
49958,2021,MA1,1,425706,141251,141251,886,Round 1,2021-10-17,Owen Wood,939,Smugglers Notch Disc Golf Center - Brewster Ridge,Brewster Ridge Gold Tees,61,18,3,08:30:00,78,17,868,161,True,False,18,78,True,True,True
49958,2021,MA1,1,425706,name:drew wallace,,,Round 1,2021-10-17,Drew Wallace,,Smugglers Notch Disc Golf Center - Brewster Ridge,Brewster Ridge Gold Tees,61,18,4,10:00:00,80,19,852,155,True,False,18,80,True,True,True
49958,2021,MA1,2,425726,109086,109086,943,Round 2,2021-10-17,Aaron Schlossberg,947,Smugglers Notch Disc Golf Center - Fox Run,Fox Run Meadows Blue Tees,63,18,1,09:30:00,66,3,987,132,True,False,18,66,True,True,True
49958,2021,MA1,2,425726,164158,164158,908,Round 2,2021-10-17,Alex Raub,,Smugglers Notch Disc Golf Center - Fox Run,Fox Run Meadows Blue Tees,63,18,1,09:45:00,71,8,952,134,True,False,18,71,True,True,True
49958,2021,MA1,2,425726,142744,142744,934,Round 2,2021-10-17,Abel German,974,Smugglers Notch Disc Golf Center - Fox Run,Fox Run Meadows Blue Tees,63,18,4,08:45:00,63,0,1008,136,True,False,18,63,True,True,True
49958,2021,MA1,2,425726,138239,138239,916,Round 2,2021-10-17,Seamus Carey,,Smugglers Notch Disc Golf Center - Fox Run,Fox Run Meadows Blue Tees,63,18,4,09:30:00,69,6,966,137,True,False,18,69,True,True,True
49958,2021,MA1,2,425726,100885,100885,926,Round 2,2021-10-17,Jacob Moore,945,Smugglers Notch Disc Golf Center - Fox Run,Fox Run Meadows Blue Tees,63,18,3,09:45:00,74,11,931,139,True,False,18,74,True,True,True
49958,2021,MA1,2,425726,121362,121362,946,Round 2,2021-10-17,Jonathan Russo,951,Smugglers Notch Disc Golf Center - Fox Run,Fox Run Meadows Blue Tees,63,18,4,09:45:00,74,11,931,139,True,False,18,74,True,True,True
49958,2021,MA1,2,425726,131201,131201,901,Round 2,2021-10-17,Tyler LaPerle,973,Smugglers Notch Disc Golf Center - Fox Run,Fox Run Meadows Blue Tees,63,18,1,08:45:00,68,5,973,140,True,False,18,68,True,True,True
49958,2021,MA1,2,425726,189489,189489,951,Round 2,2021-10-17,Joshua Niss,937,Smugglers Notch Disc Golf Center - Fox Run,Fox Run Meadows Blue Tees,63,18,2,09:00:00,69,6,966,140,True,False,18,69,True,True,True
49958,2021,MA1,2,425726,118928,118928,926,Round 2,2021-10-17,Tyler Pomichter,926,Smugglers Notch Disc Golf Center - Fox Run,Fox Run Meadows Blue Tees,63,18,3,08:45:00,68,5,973,141,True,False,18,68,True,True,True
49958,2021,MA1,2,425726,96355,96355,921,Round 2,2021-10-17,Louis Annino,906,Smugglers Notch Disc Golf Center - Fox Run,Fox Run Meadows Blue Tees,63,18,1,09:15:00,70,7,959,141,True,False,18,70,True,True,True
49958,2021,MA1,2,425726,112514,112514,904,Round 2,2021-10-17,Andrew Barker,,Smugglers Notch Disc Golf Center - Fox Run,Fox Run Meadows Blue Tees,63,18,3,09:30:00,74,11,931,142,True,False,18,74,True,True,True
49958,2021,MA1,2,425726,147788,147788,911,Round 2,2021-10-17,Dan Cornellier,939,Smugglers Notch Disc Golf Center - Fox Run,Fox Run Meadows Blue Tees,63,18,2,09:30:00,76,13,917,142,True,False,18,76,True,True,True
49958,2021,MA1,2,425726,187845,187845,876,Round 2,2021-10-17,Shane Seals,962,Smugglers Notch Disc Golf Center - Fox Run,Fox Run Meadows Blue Tees,63,18,4,08:30:00,69,6,966,143,True,False,18,69,True,True,True
49958,2021,MA1,2,425726,102239,102239,909,Round 2,2021-10-17,Benjamin De Ondarza,,Smugglers Notch Disc Golf Center - Fox Run,Fox Run Meadows Blue Tees,63,18,4,09:00:00,71,8,952,143,True,False,18,71,True,True,True
49958,2021,MA1,2,425726,181326,181326,919,Round 2,2021-10-17,Braden Lynn,943,Smugglers Notch Disc Golf Center - Fox Run,Fox Run Meadows Blue Tees,63,18,2,09:45:00,80,17,890,143,True,False,18,80,True,True,True
49958,2021,MA1,2,425726,98280,98280,928,Round 2,2021-10-17,Nicholas Reilly,932,Smugglers Notch Disc Golf Center - Fox Run,Fox Run Meadows Blue Tees,63,18,2,09:15:00,73,10,938,144,True,False,18,73,True,True,True
49958,2021,MA1,2,425726,163760,163760,894,Round 2,2021-10-17,Timothy Artinian,936,Smugglers Notch Disc Golf Center - Fox Run,Fox Run Meadows Blue Tees,63,18,2,08:45:00,73,10,938,145,True,False,18,73,True,True,True
49958,2021,MA1,2,425726,138321,138321,910,Round 2,2021-10-17,Nathan Doudera,,Smugglers Notch Disc Golf Center - Fox Run,Fox Run Meadows Blue Tees,63,18,1,09:00:00,75,12,924,146,True,False,18,75,True,True,True
49958,2021,MA1,2,425726,130873,130873,931,Round 2,2021-10-17,Taylor Hillsgrove,,Smugglers Notch Disc Golf Center - Fox Run,Fox Run Meadows Blue Tees,63,18,1,08:15:00,74,11,931,150,True,False,18,74,True,True,True
49958,2021,MA1,2,425726,109604,109604,905,Round 2,2021-10-17,Jeremy Hulsey,914,Smugglers Notch Disc Golf Center - Fox Run,Fox Run Meadows Blue Tees,63,18,3,09:15:00,79,16,897,150,True,False,18,79,True,True,True
49958,2021,MA1,2,425726,125328,125328,917,Round 2,2021-10-17,Dana Carpenter,,Smugglers Notch Disc Golf Center - Fox Run,Fox Run Meadows Blue Tees,63,18,4,09:15:00,80,17,890,151,True,False,18,80,True,True,True
49958,2021,MA1,2,425726,110707,110707,905,Round 2,2021-10-17,Jason Wilson,927,Smugglers Notch Disc Golf Center - Fox Run,Fox Run Meadows Blue Tees,63,18,3,08:30:00,78,15,903,152,True,False,18,78,True,True,True
49958,2021,MA1,2,425726,50816,50816,867,Round 2,2021-10-17,Tristan Whitehouse,,Smugglers Notch Disc Golf Center - Fox Run,Fox Run Meadows Blue Tees,63,18,2,08:30:00,79,16,897,153,True,False,18,79,True,True,True
49958,2021,MA1,2,425726,name:drew wallace,,,Round 2,2021-10-17,Drew Wallace,,Smugglers Notch Disc Golf Center - Fox Run,Fox Run Meadows Blue Tees,63,18,3,08:00:00,75,12,924,155,True,False,18,75,True,True,True
49958,2021,MA1,2,425726,119637,119637,917,Round 2,2021-10-17,Trevor Kenealy,905,Smugglers Notch Disc Golf Center - Fox Run,Fox Run Meadows Blue Tees,63,18,1,08:00:00,77,14,910,155,True,False,18,77,True,True,True
49958,2021,MA1,2,425726,175457,175457,900,Round 2,2021-10-17,Nathan Beningson,,Smugglers Notch Disc Golf Center - Fox Run,Fox Run Meadows Blue Tees,63,18,1,08:30:00,82,19,876,155,True,False,18,82,True,True,True
49958,2021,MA1,2,425726,192828,192828,,Round 2,2021-10-17,Kyle Sauerbrunn,926,Smugglers Notch Disc Golf Center - Fox Run,Fox Run Meadows Blue Tees,63,18,3,09:00:00,84,21,862,155,True,False,18,84,True,True,True
49958,2021,MA1,2,425726,106294,106294,907,Round 2,2021-10-17,Scott McCamp,,Smugglers Notch Disc Golf Center - Fox Run,Fox Run Meadows Blue Tees,63,18,3,08:15:00,80,17,890,157,True,False,18,80,True,True,True
49958,2021,MA1,2,425726,96154,96154,867,Round 2,2021-10-17,Travis Jacques,871,Smugglers Notch Disc Golf Center - Fox Run,Fox Run Meadows Blue Tees,63,18,2,08:15:00,83,20,869,160,True,False,18,83,True,True,True
49958,2021,MA1,2,425726,141251,141251,886,Round 2,2021-10-17,Owen Wood,939,Smugglers Notch Disc Golf Center - Fox Run,Fox Run Meadows Blue Tees,63,18,2,08:00:00,83,20,869,161,True,False,18,83,True,True,True
49958,2021,MA2,1,425731,173058,173058,906,Round 1,2021-10-17,Brandon Allaire,950,Smugglers Notch Disc Golf Center - Fox Run,Fox Run Meadows White Tees,63,18,4,11:15:00,61,-2,965,121,True,False,18,61,True,True,True
49958,2021,MA2,1,425731,174031,174031,916,Round 1,2021-10-17,Ian MacDonald,909,Smugglers Notch Disc Golf Center - Fox Run,Fox Run Meadows White Tees,63,18,1,11:15:00,62,-1,957,130,True,False,18,62,True,True,True
49958,2021,MA2,1,425731,name:derrick hudson,,,Round 1,2021-10-17,Derrick Hudson,,Smugglers Notch Disc Golf Center - Fox Run,Fox Run Meadows White Tees,63,18,4,11:45:00,63,0,948,122,True,False,18,63,True,True,True
49958,2021,MA2,1,425731,138042,138042,880,Round 1,2021-10-17,Russell Freeman,925,Smugglers Notch Disc Golf Center - Fox Run,Fox Run Meadows White Tees,63,18,2,11:45:00,64,1,940,130,True,False,18,64,True,True,True
49958,2021,MA2,1,425731,63896,63896,904,Round 1,2021-10-17,Ross King,899,Smugglers Notch Disc Golf Center - Fox Run,Fox Run Meadows White Tees,63,18,1,09:45:00,65,2,931,134,True,False,18,65,True,True,True
49958,2021,MA2,1,425731,name:ryan mills,,,Round 1,2021-10-17,Ryan Mills,,Smugglers Notch Disc Golf Center - Fox Run,Fox Run Meadows White Tees,63,18,3,11:15:00,65,2,931,135,True,False,18,65,True,True,True
49958,2021,MA2,1,425731,name:michael briggs,,,Round 1,2021-10-17,Michael Briggs,,Smugglers Notch Disc Golf Center - Fox Run,Fox Run Meadows White Tees,63,18,4,10:00:00,65,2,931,126,True,False,18,65,True,True,True
49958,2021,MA2,1,425731,148187,148187,863,Round 1,2021-10-17,Evan Miller,874,Smugglers Notch Disc Golf Center - Fox Run,Fox Run Meadows White Tees,63,18,2,12:00:00,66,3,923,128,True,False,18,66,True,True,True
49958,2021,MA2,1,425731,169600,169600,873,Round 1,2021-10-17,Trevor Bryce,901,Smugglers Notch Disc Golf Center - Fox Run,Fox Run Meadows White Tees,63,18,3,11:45:00,66,3,923,139,True,False,18,66,True,True,True
49958,2021,MA2,1,425731,name:jack pelham,,,Round 1,2021-10-17,Jack Pelham,,Smugglers Notch Disc Golf Center - Fox Run,Fox Run Meadows White Tees,63,18,4,10:30:00,66,3,923,132,True,False,18,66,True,True,True
49958,2021,MA2,1,425731,109527,109527,901,Round 1,2021-10-17,Mike Wenzel,901,Smugglers Notch Disc Golf Center - Fox Run,Fox Run Meadows White Tees,63,18,2,11:00:00,67,4,914,128,True,False,18,67,True,True,True
49958,2021,MA2,1,425731,140565,140565,873,Round 1,2021-10-17,Tor Parker,,Smugglers Notch Disc Golf Center - Fox Run,Fox Run Meadows White Tees,63,18,3,11:30:00,67,4,914,139,True,False,18,67,True,True,True
49958,2021,MA2,1,425731,159224,159224,904,Round 1,2021-10-17,Bryce McKim,,Smugglers Notch Disc Golf Center - Fox Run,Fox Run Meadows White Tees,63,18,1,10:00:00,67,4,914,137,True,False,18,67,True,True,True
49958,2021,MA2,1,425731,84935,84935,883,Round 1,2021-10-17,Droo Fisher,866,Smugglers Notch Disc Golf Center - Fox Run,Fox Run Meadows White Tees,63,18,1,10:45:00,69,6,897,140,True,False,18,69,True,True,True
49958,2021,MA2,1,425731,109009,109009,886,Round 1,2021-10-17,José de Ondarza,870,Smugglers Notch Disc Golf Center - Fox Run,Fox Run Meadows White Tees,63,18,1,11:45:00,69,6,897,139,True,False,18,69,True,True,True
49958,2021,MA2,1,425731,137736,137736,845,Round 1,2021-10-17,Logan Cooke,880,Smugglers Notch Disc Golf Center - Fox Run,Fox Run Meadows White Tees,63,18,4,09:45:00,69,6,897,137,True,False,18,69,True,True,True
49958,2021,MA2,1,425731,168663,168663,920,Round 1,2021-10-17,Austin Neddo,,Smugglers Notch Disc Golf Center - Fox Run,Fox Run Meadows White Tees,63,18,3,11:00:00,69,6,897,128,True,False,18,69,True,True,True
49958,2021,MA2,1,425731,140039,140039,905,Round 1,2021-10-17,Ian Rooney,907,Smugglers Notch Disc Golf Center - Fox Run,Fox Run Meadows White Tees,63,18,2,11:30:00,71,8,880,136,True,False,18,71,True,True,True
49958,2021,MA2,1,425731,171544,171544,864,Round 1,2021-10-17,Dave Irving,935,Smugglers Notch Disc Golf Center - Fox Run,Fox Run Meadows White Tees,63,18,2,10:30:00,71,8,880,140,True,False,18,71,True,True,True
49958,2021,MA2,1,425731,106970,106970,835,Round 1,2021-10-17,Stefan Farrell,852,Smugglers Notch Disc Golf Center - Fox Run,Fox Run Meadows White Tees,63,18,1,11:00:00,72,9,872,141,True,False,18,72,True,True,True
49958,2021,MA2,1,425731,143700,143700,879,Round 1,2021-10-17,Nick Koski,,Smugglers Notch Disc Golf Center - Fox Run,Fox Run Meadows White Tees,63,18,1,12:00:00,68,9,872,144,True,False,18,68,True,True,True
49958,2021,MA2,1,425731,161675,161675,884,Round 1,2021-10-17,Ben Toussaint,,Smugglers Notch Disc Golf Center - Fox Run,Fox Run Meadows White Tees,63,18,2,10:00:00,72,9,872,130,True,False,18,72,True,True,True
49958,2021,MA2,1,425731,26235,26235,863,Round 1,2021-10-17,Adam Silva,843,Smugglers Notch Disc Golf Center - Fox Run,Fox Run Meadows White Tees,63,18,1,11:30:00,73,10,863,159,True,False,18,73,True,True,True
49958,2021,MA2,1,425731,177645,177645,,Round 1,2021-10-17,Eric Corredera,,Smugglers Notch Disc Golf Center - Fox Run,Fox Run Meadows White Tees,63,18,3,10:00:00,73,10,863,140,True,False,18,73,True,True,True
49958,2021,MA2,1,425731,name:travis kinne,,,Round 1,2021-10-17,Travis Kinne,,Smugglers Notch Disc Golf Center - Fox Run,Fox Run Meadows White Tees,63,18,3,10:45:00,73,10,863,142,True,False,18,73,True,True,True
49958,2021,MA2,1,425731,174646,174646,860,Round 1,2021-10-17,David Oppenheimer,,Smugglers Notch Disc Golf Center - Fox Run,Fox Run Meadows White Tees,63,18,3,10:30:00,74,11,854,141,True,False,18,74,True,True,True
49958,2021,MA2,1,425731,177018,177018,863,Round 1,2021-10-17,Brandon Bensel,882,Smugglers Notch Disc Golf Center - Fox Run,Fox Run Meadows White Tees,63,18,4,10:15:00,74,11,854,145,True,False,18,74,True,True,True
49958,2021,MA2,1,425731,163523,163523,861,Round 1,2021-10-17,Landon Desroches,866,Smugglers Notch Disc Golf Center - Fox Run,Fox Run Meadows White Tees,63,18,2,10:15:00,75,12,846,145,True,False,18,75,True,True,True
49958,2021,MA2,1,425731,176558,176558,895,Round 1,2021-10-17,Devon Brodie,,Smugglers Notch Disc Golf Center - Fox Run,Fox Run Meadows White Tees,63,18,2,09:45:00,75,12,846,144,True,False,18,75,True,True,True
49958,2021,MA2,1,425731,name:brandon kendall,,,Round 1,2021-10-17,Brandon Kendall,,Smugglers Notch Disc Golf Center - Fox Run,Fox Run Meadows White Tees,63,18,4,11:30:00,75,12,846,151,True,False,18,75,True,True,True
49958,2021,MA2,1,425731,169825,169825,859,Round 1,2021-10-17,Gregory Tatro,,Smugglers Notch Disc Golf Center - Fox Run,Fox Run Meadows White Tees,63,18,4,11:00:00,76,13,837,149,True,False,18,76,True,True,True
49958,2021,MA2,1,425731,137984,137984,882,Round 1,2021-10-17,Tristan Bryce,,Smugglers Notch Disc Golf Center - Fox Run,Fox Run Meadows White Tees,63,18,2,11:15:00,77,14,829,144,True,False,18,77,True,True,True
49958,2021,MA2,1,425731,165245,165245,,Round 1,2021-10-17,David Roos,,Smugglers Notch Disc Golf Center - Fox Run,Fox Run Meadows White Tees,63,18,3,10:15:00,77,14,829,153,True,False,18,77,True,True,True
49958,2021,MA2,1,425731,93062,93062,863,Round 1,2021-10-17,Tom Slimm,,Smugglers Notch Disc Golf Center - Fox Run,Fox Run Meadows White Tees,63,18,1,10:15:00,79,16,812,147,True,False,18,79,True,True,True
49958,2021,MA2,1,425731,246266,246266,,Round 1,2021-10-17,Matthew Hayes,,Smugglers Notch Disc Golf Center - Fox Run,Fox Run Meadows White Tees,63,18,3,09:45:00,79,16,812,147,True,False,18,79,True,True,True
49958,2021,MA2,1,425731,86273,86273,798,Round 1,2021-10-17,Phillip Eriksen,,Smugglers Notch Disc Golf Center - Fox Run,Fox Run Meadows White Tees,63,18,1,10:30:00,81,18,795,153,True,False,18,81,True,True,True
49958,2021,MA2,1,425731,169393,169393,893,Round 1,2021-10-17,Aidan Trombley,977,Smugglers Notch Disc Golf Center - Fox Run,Fox Run Meadows White Tees,63,18,2,10:45:00,81,18,795,145,True,False,18,81,True,True,True
49958,2021,MA2,1,425731,name:james sullivan,,,Round 1,2021-10-17,James Sullivan,,Smugglers Notch Disc Golf Center - Fox Run,Fox Run Meadows White Tees,63,18,4,10:45:00,83,20,778,162,True,False,18,83,True,True,True
49958,2021,MA2,2,425711,173058,173058,906,Round 2,2021-10-17,Brandon Allaire,950,Smugglers Notch Disc Golf Center - Brewster Ridge,Brewster Ridge Blue Tees,61,18,1,11:30:00,60,-1,947,121,True,False,18,60,True,True,True
49958,2021,MA2,2,425711,name:derrick hudson,,,Round 2,2021-10-17,Derrick Hudson,,Smugglers Notch Disc Golf Center - Brewster Ridge,Brewster Ridge Blue Tees,61,18,3,11:30:00,59,-2,956,122,True,False,18,59,True,True,True
49958,2021,MA2,2,425711,name:michael briggs,,,Round 2,2021-10-17,Michael Briggs,,Smugglers Notch Disc Golf Center - Brewster Ridge,Brewster Ridge Blue Tees,61,18,2,11:15:00,61,0,938,126,True,False,18,61,True,True,True
49958,2021,MA2,2,425711,168663,168663,920,Round 2,2021-10-17,Austin Neddo,,Smugglers Notch Disc Golf Center - Brewster Ridge,Brewster Ridge Blue Tees,61,18,1,10:30:00,59,-2,956,128,True,False,18,59,True,True,True
49958,2021,MA2,2,425711,109527,109527,901,Round 2,2021-10-17,Mike Wenzel,901,Smugglers Notch Disc Golf Center - Brewster Ridge,Brewster Ridge Blue Tees,61,18,3,11:00:00,61,0,938,128,True,False,18,61,True,True,True
49958,2021,MA2,2,425711,148187,148187,863,Round 2,2021-10-17,Evan Miller,874,Smugglers Notch Disc Golf Center - Brewster Ridge,Brewster Ridge Blue Tees,61,18,4,11:15:00,62,1,929,128,True,False,18,62,True,True,True
49958,2021,MA2,2,425711,161675,161675,884,Round 2,2021-10-17,Ben Toussaint,,Smugglers Notch Disc Golf Center - Brewster Ridge,Brewster Ridge Blue Tees,61,18,2,10:15:00,58,-3,965,130,True,False,18,58,True,True,True
49958,2021,MA2,2,425711,138042,138042,880,Round 2,2021-10-17,Russell Freeman,925,Smugglers Notch Disc Golf Center - Brewster Ridge,Brewster Ridge Blue Tees,61,18,4,11:30:00,66,5,892,130,True,False,18,66,True,True,True
49958,2021,MA2,2,425711,174031,174031,916,Round 2,2021-10-17,Ian MacDonald,909,Smugglers Notch Disc Golf Center - Brewster Ridge,Brewster Ridge Blue Tees,61,18,2,11:30:00,68,7,874,130,True,False,18,68,True,True,True
49958,2021,MA2,2,425711,name:jack pelham,,,Round 2,2021-10-17,Jack Pelham,,Smugglers Notch Disc Golf Center - Brewster Ridge,Brewster Ridge Blue Tees,61,18,2,11:00:00,66,5,892,132,True,False,18,66,True,True,True
49958,2021,MA2,2,425711,63896,63896,904,Round 2,2021-10-17,Ross King,899,Smugglers Notch Disc Golf Center - Brewster Ridge,Brewster Ridge Blue Tees,61,18,1,11:15:00,69,8,865,134,True,False,18,69,True,True,True
49958,2021,MA2,2,425711,name:ryan mills,,,Round 2,2021-10-17,Ryan Mills,,Smugglers Notch Disc Golf Center - Brewster Ridge,Brewster Ridge Blue Tees,61,18,3,11:15:00,70,9,856,135,True,False,18,70,True,True,True
49958,2021,MA2,2,425711,140039,140039,905,Round 2,2021-10-17,Ian Rooney,907,Smugglers Notch Disc Golf Center - Brewster Ridge,Brewster Ridge Blue Tees,61,18,2,10:30:00,65,4,901,136,True,False,18,65,True,True,True
49958,2021,MA2,2,425711,137736,137736,845,Round 2,2021-10-17,Logan Cooke,880,Smugglers Notch Disc Golf Center - Brewster Ridge,Brewster Ridge Blue Tees,61,18,4,10:45:00,68,7,874,137,True,False,18,68,True,True,True
49958,2021,MA2,2,425711,159224,159224,904,Round 2,2021-10-17,Bryce McKim,,Smugglers Notch Disc Golf Center - Brewster Ridge,Brewster Ridge Blue Tees,61,18,1,10:45:00,70,9,856,137,True,False,18,70,True,True,True
49958,2021,MA2,2,425711,109009,109009,886,Round 2,2021-10-17,José de Ondarza,870,Smugglers Notch Disc Golf Center - Brewster Ridge,Brewster Ridge Blue Tees,61,18,3,10:45:00,70,9,856,139,True,False,18,70,True,True,True
49958,2021,MA2,2,425711,140565,140565,873,Round 2,2021-10-17,Tor Parker,,Smugglers Notch Disc Golf Center - Brewster Ridge,Brewster Ridge Blue Tees,61,18,4,11:00:00,72,11,837,139,True,False,18,72,True,True,True
49958,2021,MA2,2,425711,169600,169600,873,Round 2,2021-10-17,Trevor Bryce,901,Smugglers Notch Disc Golf Center - Brewster Ridge,Brewster Ridge Blue Tees,61,18,1,11:00:00,73,12,828,139,True,False,18,73,True,True,True
49958,2021,MA2,2,425711,177645,177645,,Round 2,2021-10-17,Eric Corredera,,Smugglers Notch Disc Golf Center - Brewster Ridge,Brewster Ridge Blue Tees,61,18,4,10:15:00,67,6,883,140,True,False,18,67,True,True,True
49958,2021,MA2,2,425711,171544,171544,864,Round 2,2021-10-17,Dave Irving,935,Smugglers Notch Disc Golf Center - Brewster Ridge,Brewster Ridge Blue Tees,61,18,3,10:30:00,69,8,865,140,True,False,18,69,True,True,True
49958,2021,MA2,2,425711,84935,84935,883,Round 2,2021-10-17,Droo Fisher,866,Smugglers Notch Disc Golf Center - Brewster Ridge,Brewster Ridge Blue Tees,61,18,2,10:45:00,71,10,846,140,True,False,18,71,True,True,True
49958,2021,MA2,2,425711,174646,174646,860,Round 2,2021-10-17,David Oppenheimer,,Smugglers Notch Disc Golf Center - Brewster Ridge,Brewster Ridge Blue Tees,61,18,2,10:00:00,67,6,883,141,True,False,18,67,True,True,True
49958,2021,MA2,2,425711,106970,106970,835,Round 2,2021-10-17,Stefan Farrell,852,Smugglers Notch Disc Golf Center - Brewster Ridge,Brewster Ridge Blue Tees,61,18,4,10:30:00,69,8,865,141,True,False,18,69,True,True,True
49958,2021,MA2,2,425711,name:travis kinne,,,Round 2,2021-10-17,Travis Kinne,,Smugglers Notch Disc Golf Center - Brewster Ridge,Brewster Ridge Blue Tees,61,18,1,10:00:00,69,8,865,142,True,False,18,69,True,True,True
49958,2021,MA2,2,425711,137984,137984,882,Round 2,2021-10-17,Tristan Bryce,,Smugglers Notch Disc Golf Center - Brewster Ridge,Brewster Ridge Blue Tees,61,18,4,09:45:00,67,6,883,144,True,False,18,67,True,True,True
49958,2021,MA2,2,425711,176558,176558,895,Round 2,2021-10-17,Devon Brodie,,Smugglers Notch Disc Golf Center - Brewster Ridge,Brewster Ridge Blue Tees,61,18,1,09:45:00,69,8,865,144,True,False,18,69,True,True,True
49958,2021,MA2,2,425711,143700,143700,879,Round 2,2021-10-17,Nick Koski,,Smugglers Notch Disc Golf Center - Brewster Ridge,Brewster Ridge Blue Tees,61,18,1,10:15:00,72,11,837,144,True,False,18,72,True,True,True
49958,2021,MA2,2,425711,169393,169393,893,Round 2,2021-10-17,Aidan Trombley,977,Smugglers Notch Disc Golf Center - Brewster Ridge,Brewster Ridge Blue Tees,61,18,1,09:15:00,64,3,910,145,True,False,18,64,True,True,True
49958,2021,MA2,2,425711,163523,163523,861,Round 2,2021-10-17,Landon Desroches,866,Smugglers Notch Disc Golf Center - Brewster Ridge,Brewster Ridge Blue Tees,61,18,4,10:00:00,70,9,856,145,True,False,18,70,True,True,True
49958,2021,MA2,2,425711,177018,177018,863,Round 2,2021-10-17,Brandon Bensel,882,Smugglers Notch Disc Golf Center - Brewster Ridge,Brewster Ridge Blue Tees,61,18,3,10:00:00,71,10,846,145,True,False,18,71,True,True,True
49958,2021,MA2,2,425711,93062,93062,863,Round 2,2021-10-17,Tom Slimm,,Smugglers Notch Disc Golf Center - Brewster Ridge,Brewster Ridge Blue Tees,61,18,2,09:30:00,68,7,874,147,True,False,18,68,True,True,True
49958,2021,MA2,2,425711,246266,246266,,Round 2,2021-10-17,Matthew Hayes,,Smugglers Notch Disc Golf Center - Brewster Ridge,Brewster Ridge Blue Tees,61,18,3,09:30:00,68,7,874,147,True,False,18,68,True,True,True
49958,2021,MA2,2,425711,169825,169825,859,Round 2,2021-10-17,Gregory Tatro,,Smugglers Notch Disc Golf Center - Brewster Ridge,Brewster Ridge Blue Tees,61,18,3,09:45:00,73,12,828,149,True,False,18,73,True,True,True
49958,2021,MA2,2,425711,name:brandon kendall,,,Round 2,2021-10-17,Brandon Kendall,,Smugglers Notch Disc Golf Center - Brewster Ridge,Brewster Ridge Blue Tees,61,18,2,09:45:00,76,15,801,151,True,False,18,76,True,True,True
49958,2021,MA2,2,425711,86273,86273,798,Round 2,2021-10-17,Phillip Eriksen,,Smugglers Notch Disc Golf Center - Brewster Ridge,Brewster Ridge Blue Tees,61,18,4,09:30:00,72,11,837,153,True,False,18,72,True,True,True
49958,2021,MA2,2,425711,165245,165245,,Round 2,2021-10-17,David Roos,,Smugglers Notch Disc Golf Center - Brewster Ridge,Brewster Ridge Blue Tees,61,18,1,09:30:00,76,15,801,153,True,False,18,76,True,True,True
49958,2021,MA2,2,425711,26235,26235,863,Round 2,2021-10-17,Adam Silva,843,Smugglers Notch Disc Golf Center - Brewster Ridge,Brewster Ridge Blue Tees,61,18,3,10:15:00,86,25,709,159,True,False,18,86,True,True,True
49958,2021,MA2,2,425711,name:james sullivan,,,Round 2,2021-10-17,James Sullivan,,Smugglers Notch Disc Golf Center - Brewster Ridge,Brewster Ridge Blue Tees,61,18,2,09:15:00,79,18,773,162,True,False,18,79,True,True,True
49958,2021,MA3,1,425736,149368,149368,856,Round 1,2021-10-17,Brett Jipner,,Smugglers Notch Disc Golf Center - Fox Run,Fox Run Meadows Red Tees,63,18,4,08:15:00,57,-6,940,113,True,False,18,57,True,True,True
49958,2021,MA3,1,425736,145666,145666,831,Round 1,2021-10-17,Wesley Pollock,,Smugglers Notch Disc Golf Center - Fox Run,Fox Run Meadows Red Tees,63,18,2,08:30:00,61,-2,901,119,True,False,18,61,True,True,True
49958,2021,MA3,1,425736,133543,133543,833,Round 1,2021-10-17,Damon Menard,,Smugglers Notch Disc Golf Center - Fox Run,Fox Run Meadows Red Tees,63,18,1,08:15:00,66,3,851,135,True,False,18,66,True,True,True
49958,2021,MA3,1,425736,166633,166633,859,Round 1,2021-10-17,Joshua Martin,,Smugglers Notch Disc Golf Center - Fox Run,Fox Run Meadows Red Tees,63,18,3,08:15:00,67,4,841,125,True,False,18,67,True,True,True
49958,2021,MA3,1,425736,166636,166636,873,Round 1,2021-10-17,Warren Bombardier,888,Smugglers Notch Disc Golf Center - Fox Run,Fox Run Meadows Red Tees,63,18,4,08:30:00,67,4,841,131,True,False,18,67,True,True,True
49958,2021,MA3,1,425736,166639,166639,851,Round 1,2021-10-17,Ryan Sweeney,883,Smugglers Notch Disc Golf Center - Fox Run,Fox Run Meadows Red Tees,63,18,3,08:30:00,69,6,822,131,True,False,18,69,True,True,True
49958,2021,MA3,1,425736,140404,140404,832,Round 1,2021-10-17,Michael Perry,,Smugglers Notch Disc Golf Center - Fox Run,Fox Run Meadows Red Tees,63,18,1,08:30:00,70,7,812,127,True,False,18,70,True,True,True
49958,2021,MA3,1,425736,141253,141253,779,Round 1,2021-10-17,Braden Edwards,,Smugglers Notch Disc Golf Center - Fox Run,Fox Run Meadows Red Tees,63,18,2,08:15:00,71,8,802,,True,False,18,71,True,True,True
49958,2021,MA3,2,425716,149368,149368,856,Round 2,2021-10-17,Brett Jipner,,Smugglers Notch Disc Golf Center - Brewster Ridge,Brewster Ridge White Tees,61,18,1,08:45:00,56,-5,894,113,True,False,18,56,True,True,True
49958,2021,MA3,2,425716,145666,145666,831,Round 2,2021-10-17,Wesley Pollock,,Smugglers Notch Disc Golf Center - Brewster Ridge,Brewster Ridge White Tees,61,18,2,08:45:00,58,-3,871,119,True,False,18,58,True,True,True
49958,2021,MA3,2,425716,166633,166633,859,Round 2,2021-10-17,Joshua Martin,,Smugglers Notch Disc Golf Center - Brewster Ridge,Brewster Ridge White Tees,61,18,4,08:45:00,58,-3,871,125,True,False,18,58,True,True,True
49958,2021,MA3,2,425716,140404,140404,832,Round 2,2021-10-17,Michael Perry,,Smugglers Notch Disc Golf Center - Brewster Ridge,Brewster Ridge White Tees,61,18,3,08:30:00,57,-4,883,127,True,False,18,57,True,True,True
49958,2021,MA3,2,425716,166639,166639,851,Round 2,2021-10-17,Ryan Sweeney,883,Smugglers Notch Disc Golf Center - Brewster Ridge,Brewster Ridge White Tees,61,18,2,08:30:00,62,1,824,131,True,False,18,62,True,True,True
49958,2021,MA3,2,425716,166636,166636,873,Round 2,2021-10-17,Warren Bombardier,888,Smugglers Notch Disc Golf Center - Brewster Ridge,Brewster Ridge White Tees,61,18,1,08:30:00,64,3,801,131,True,False,18,64,True,True,True
49958,2021,MA3,2,425716,133543,133543,833,Round 2,2021-10-17,Damon Menard,,Smugglers Notch Disc Golf Center - Brewster Ridge,Brewster Ridge White Tees,61,18,3,08:45:00,69,8,742,135,True,False,18,69,True,True,True
49958,2021,MA3,2,425716,141253,141253,779,Round 2,2021-10-17,Braden Edwards,,Smugglers Notch Disc Golf Center - Brewster Ridge,Brewster Ridge White Tees,61,18,4,08:30:00,133,938,,,True,False,18,133,True,True,True
49958,2021,MA40,1,425711,178064,178064,897,Round 1,2021-10-17,Peter Walke,,Smugglers Notch Disc Golf Center - Brewster Ridge,Brewster Ridge Blue Tees,61,18,4,08:00:00,59,-2,956,137,True,False,18,59,True,True,True
49958,2021,MA40,1,425711,42420,42420,919,Round 1,2021-10-17,Patrick Harris,906,Smugglers Notch Disc Golf Center - Brewster Ridge,Brewster Ridge Blue Tees,61,18,3,08:00:00,63,2,920,143,True,False,18,63,True,True,True
49958,2021,MA40,1,425711,18836,18836,917,Round 1,2021-10-17,Paul Andrew Webster,,Smugglers Notch Disc Golf Center - Brewster Ridge,Brewster Ridge Blue Tees,61,18,1,08:00:00,64,3,910,134,True,False,18,64,True,True,True
49958,2021,MA40,1,425711,36062,36062,891,Round 1,2021-10-17,Andrew Powell,852,Smugglers Notch Disc Golf Center - Brewster Ridge,Brewster Ridge Blue Tees,61,18,2,08:00:00,65,4,901,,True,False,18,65,True,True,True
49958,2021,MA40,2,425726,18836,18836,917,Round 2,2021-10-17,Paul Andrew Webster,,Smugglers Notch Disc Golf Center - Fox Run,Fox Run Meadows Blue Tees,63,18,3,10:00:00,70,7,959,134,True,False,18,70,True,True,True
49958,2021,MA40,2,425726,178064,178064,897,Round 2,2021-10-17,Peter Walke,,Smugglers Notch Disc Golf Center - Fox Run,Fox Run Meadows Blue Tees,63,18,1,10:00:00,78,15,903,137,True,False,18,78,True,True,True
49958,2021,MA40,2,425726,42420,42420,919,Round 2,2021-10-17,Patrick Harris,906,Smugglers Notch Disc Golf Center - Fox Run,Fox Run Meadows Blue Tees,63,18,2,10:00:00,80,17,890,143,True,False,18,80,True,True,True
49958,2021,MA40,2,425726,36062,36062,891,Round 2,2021-10-17,Andrew Powell,852,Smugglers Notch Disc Golf Center - Fox Run,Fox Run Meadows Blue Tees,63,18,4,10:00:00,116,936,,,True,False,18,116,True,True,True
49958,2021,MA50,1,425726,192570,192570,,Round 1,2021-10-17,Jim Biancolo,,Smugglers Notch Disc Golf Center - Fox Run,Fox Run Meadows Blue Tees,63,18,3,12:15:00,78,15,903,151,True,False,18,78,True,True,True
49958,2021,MA50,1,425726,166239,166239,907,Round 1,2021-10-17,Tom Raub,958,Smugglers Notch Disc Golf Center - Fox Run,Fox Run Meadows Blue Tees,63,18,4,12:15:00,81,18,883,148,True,False,18,81,True,True,True
49958,2021,MA50,1,425726,101176,101176,886,Round 1,2021-10-17,Eric Jenkins,908,Smugglers Notch Disc Golf Center - Fox Run,Fox Run Meadows Blue Tees,63,18,2,12:15:00,85,22,855,154,True,False,18,85,True,True,True
49958,2021,MA50,1,425726,74478,74478,867,Round 1,2021-10-17,John Sudarsky,845,Smugglers Notch Disc Golf Center - Fox Run,Fox Run Meadows Blue Tees,63,18,5,12:45:00,90,27,820,156,True,False,18,90,True,True,True
49958,2021,MA50,1,425726,91301,91301,898,Round 1,2021-10-17,Michael A. Stridsberg,898,Smugglers Notch Disc Golf Center - Fox Run,Fox Run Meadows Blue Tees,63,18,1,12:15:00,92,29,806,156,True,False,18,92,True,True,True
49958,2021,MA50,1,425726,139113,139113,856,Round 1,2021-10-17,Norman Wedge,859,Smugglers Notch Disc Golf Center - Fox Run,Fox Run Meadows Blue Tees,63,18,5,12:15:00,93,30,799,158,True,False,18,93,True,True,True
49958,2021,MA50,1,425726,169468,169468,843,Round 1,2021-10-17,Kevin Brooker,,Smugglers Notch Disc Golf Center - Fox Run,Fox Run Meadows Blue Tees,63,18,3,12:45:00,94,31,792,164,True,False,18,94,True,True,True
49958,2021,MA50,1,425726,122325,122325,863,Round 1,2021-10-17,David Mulvey,,Smugglers Notch Disc Golf Center - Fox Run,Fox Run Meadows Blue Tees,63,18,4,12:45:00,100,37,751,171,True,False,18,100,True,True,True
49958,2021,MA50,1,425726,132681,132681,787,Round 1,2021-10-17,Paul Robinson,,Smugglers Notch Disc Golf Center - Fox Run,Fox Run Meadows Blue Tees,63,18,2,12:45:00,102,39,737,178,True,False,18,102,True,True,True
49958,2021,MA50,1,425726,88570,88570,751,Round 1,2021-10-17,Michael Ray,,Smugglers Notch Disc Golf Center - Fox Run,Fox Run Meadows Blue Tees,63,18,1,12:45:00,105,42,716,186,True,False,18,105,True,True,True
49958,2021,MA50,2,425711,166239,166239,907,Round 2,2021-10-17,Tom Raub,958,Smugglers Notch Disc Golf Center - Brewster Ridge,Brewster Ridge Blue Tees,61,18,2,12:15:00,67,6,883,148,True,False,18,67,True,True,True
49958,2021,MA50,2,425711,192570,192570,,Round 2,2021-10-17,Jim Biancolo,,Smugglers Notch Disc Golf Center - Brewster Ridge,Brewster Ridge Blue Tees,61,18,1,12:15:00,73,12,828,151,True,False,18,73,True,True,True
49958,2021,MA50,2,425711,101176,101176,886,Round 2,2021-10-17,Eric Jenkins,908,Smugglers Notch Disc Golf Center - Brewster Ridge,Brewster Ridge Blue Tees,61,18,3,12:15:00,69,8,865,154,True,False,18,69,True,True,True
49958,2021,MA50,2,425711,91301,91301,898,Round 2,2021-10-17,Michael A. Stridsberg,898,Smugglers Notch Disc Golf Center - Brewster Ridge,Brewster Ridge Blue Tees,61,18,1,12:00:00,64,3,910,156,True,False,18,64,True,True,True
49958,2021,MA50,2,425711,74478,74478,867,Round 2,2021-10-17,John Sudarsky,845,Smugglers Notch Disc Golf Center - Brewster Ridge,Brewster Ridge Blue Tees,61,18,4,12:15:00,66,5,892,156,True,False,18,66,True,True,True
49958,2021,MA50,2,425711,139113,139113,856,Round 2,2021-10-17,Norman Wedge,859,Smugglers Notch Disc Golf Center - Brewster Ridge,Brewster Ridge Blue Tees,61,18,2,12:00:00,65,4,901,158,True,False,18,65,True,True,True
49958,2021,MA50,2,425711,169468,169468,843,Round 2,2021-10-17,Kevin Brooker,,Smugglers Notch Disc Golf Center - Brewster Ridge,Brewster Ridge Blue Tees,61,18,3,12:00:00,70,9,856,164,True,False,18,70,True,True,True
49958,2021,MA50,2,425711,122325,122325,863,Round 2,2021-10-17,David Mulvey,,Smugglers Notch Disc Golf Center - Brewster Ridge,Brewster Ridge Blue Tees,61,18,1,11:45:00,71,10,846,171,True,False,18,71,True,True,True
49958,2021,MA50,2,425711,132681,132681,787,Round 2,2021-10-17,Paul Robinson,,Smugglers Notch Disc Golf Center - Brewster Ridge,Brewster Ridge Blue Tees,61,18,2,11:45:00,76,15,801,178,True,False,18,76,True,True,True
49958,2021,MA50,2,425711,88570,88570,751,Round 2,2021-10-17,Michael Ray,,Smugglers Notch Disc Golf Center - Brewster Ridge,Brewster Ridge Blue Tees,61,18,3,11:45:00,81,20,755,186,True,False,18,81,True,True,True
49958,2021,MJ18,1,425736,180438,180438,808,Round 1,2021-10-17,Elian Furs,,Smugglers Notch Disc Golf Center - Fox Run,Fox Run Meadows Red Tees,63,18,4,08:00:00,64,1,871,124,True,False,18,64,True,True,True
49958,2021,MJ18,1,425736,175839,175839,664,Round 1,2021-10-17,Wilder Irving,875,Smugglers Notch Disc Golf Center - Fox Run,Fox Run Meadows Red Tees,63,18,3,08:00:00,67,4,841,136,True,False,18,67,True,True,True
49958,2021,MJ18,1,425736,142221,142221,,Round 1,2021-10-17,Hayden Cheever,,Smugglers Notch Disc Golf Center - Fox Run,Fox Run Meadows Red Tees,63,18,2,08:00:00,68,5,831,130,True,False,18,68,True,True,True
49958,2021,MJ18,1,425736,124203,124203,833,Round 1,2021-10-17,Ezra Koch,954,Smugglers Notch Disc Golf Center - Fox Run,Fox Run Meadows Red Tees,63,18,1,08:00:00,72,9,792,133,True,False,18,72,True,True,True
49958,2021,MJ18,2,425716,180438,180438,808,Round 2,2021-10-17,Elian Furs,,Smugglers Notch Disc Golf Center - Brewster Ridge,Brewster Ridge White Tees,61,18,1,08:00:00,60,-1,847,124,True,False,18,60,True,True,True
49958,2021,MJ18,2,425716,142221,142221,,Round 2,2021-10-17,Hayden Cheever,,Smugglers Notch Disc Golf Center - Brewster Ridge,Brewster Ridge White Tees,61,18,3,08:00:00,62,1,824,130,True,False,18,62,True,True,True
49958,2021,MJ18,2,425716,124203,124203,833,Round 2,2021-10-17,Ezra Koch,954,Smugglers Notch Disc Golf Center - Brewster Ridge,Brewster Ridge White Tees,61,18,4,08:00:00,61,0,836,133,True,False,18,61,True,True,True
49958,2021,MJ18,2,425716,175839,175839,664,Round 2,2021-10-17,Wilder Irving,875,Smugglers Notch Disc Golf Center - Brewster Ridge,Brewster Ridge White Tees,61,18,2,08:00:00,69,8,742,136,True,False,18,69,True,True,True
49958,2021,MP40,1,425706,119003,119003,935,Round 1,2021-10-17,Joshua Wedel,942,Smugglers Notch Disc Golf Center - Brewster Ridge,Brewster Ridge Gold Tees,61,18,2,12:30:00,64,3,975,130,True,False,18,64,True,True,True
49958,2021,MP40,1,425706,120378,120378,945,Round 1,2021-10-17,Drew McDowell,952,Smugglers Notch Disc Golf Center - Brewster Ridge,Brewster Ridge Gold Tees,61,18,2,12:15:00,64,3,975,141,True,False,18,64,True,True,True
49958,2021,MP40,1,425706,22318,22318,952,Round 1,2021-10-17,Aaron Smartt,965,Smugglers Notch Disc Golf Center - Brewster Ridge,Brewster Ridge Gold Tees,61,18,1,12:15:00,66,5,960,131,True,False,18,66,True,True,True
49958,2021,MP40,1,425706,63390,63390,974,Round 1,2021-10-17,Jim Bailey,986,Smugglers Notch Disc Golf Center - Brewster Ridge,Brewster Ridge Gold Tees,61,18,2,12:45:00,67,6,952,136,True,False,18,67,True,True,True
49958,2021,MP40,1,425706,27112,27112,915,Round 1,2021-10-17,David Frothingham,,Smugglers Notch Disc Golf Center - Brewster Ridge,Brewster Ridge Gold Tees,61,18,4,12:45:00,68,7,944,165,True,False,18,68,True,True,True
49958,2021,MP40,1,425706,24381,24381,952,Round 1,2021-10-17,Chris Young,937,Smugglers Notch Disc Golf Center - Brewster Ridge,Brewster Ridge Gold Tees,61,18,2,13:00:00,69,8,937,140,True,False,18,69,True,True,True
49958,2021,MP40,1,425706,79006,79006,943,Round 1,2021-10-17,Kenneth Bovill,,Smugglers Notch Disc Golf Center - Brewster Ridge,Brewster Ridge Gold Tees,61,18,4,12:15:00,72,11,914,139,True,False,18,72,True,True,True
49958,2021,MP40,1,425706,68657,68657,901,Round 1,2021-10-17,Ryan Metivier,,Smugglers Notch Disc Golf Center - Brewster Ridge,Brewster Ridge Gold Tees,61,18,3,12:45:00,75,14,891,153,True,False,18,75,True,True,True
49958,2021,MP40,1,425706,121886,121886,929,Round 1,2021-10-17,Lucas Germano,,Smugglers Notch Disc Golf Center - Brewster Ridge,Brewster Ridge Gold Tees,61,18,3,12:15:00,75,14,891,157,True,False,18,75,True,True,True
49958,2021,MP40,1,425706,23565,23565,923,Round 1,2021-10-17,Shane M. Tewksbury,925,Smugglers Notch Disc Golf Center - Brewster Ridge,Brewster Ridge Gold Tees,61,18,3,13:00:00,76,15,883,161,True,False,18,76,True,True,True
49958,2021,MP40,1,425706,22780,22780,918,Round 1,2021-10-17,Peter Hess,902,Smugglers Notch Disc Golf Center - Brewster Ridge,Brewster Ridge Gold Tees,61,18,1,12:45:00,77,16,875,162,True,False,18,77,True,True,True
49958,2021,MP40,1,425706,93414,93414,926,Round 1,2021-10-17,Joshua Lemieux,961,Smugglers Notch Disc Golf Center - Brewster Ridge,Brewster Ridge Gold Tees,61,18,3,12:30:00,77,16,875,149,True,False,18,77,True,True,True
49958,2021,MP40,1,425706,83212,83212,904,Round 1,2021-10-17,Cory Barron,885,Smugglers Notch Disc Golf Center - Brewster Ridge,Brewster Ridge Gold Tees,61,18,4,13:00:00,78,17,868,159,True,False,18,78,True,True,True
49958,2021,MP40,1,425706,94273,94273,888,Round 1,2021-10-17,Marques Pozzani,863,Smugglers Notch Disc Golf Center - Brewster Ridge,Brewster Ridge Gold Tees,61,18,4,12:30:00,78,17,868,168,True,False,18,78,True,True,True
49958,2021,MP40,1,425706,15089,15089,902,Round 1,2021-10-17,Jeremy JJ Becker,887,Smugglers Notch Disc Golf Center - Brewster Ridge,Brewster Ridge Gold Tees,61,18,1,13:00:00,81,20,845,162,True,False,18,81,True,True,True
49958,2021,MP40,1,425706,73588,73588,871,Round 1,2021-10-17,Will Cleland,910,Smugglers Notch Disc Golf Center - Brewster Ridge,Brewster Ridge Gold Tees,61,18,1,12:30:00,81,20,845,183,True,False,18,81,True,True,True
49958,2021,MP40,2,425721,119003,119003,935,Round 2,2021-10-17,Joshua Wedel,942,Smugglers Notch Disc Golf Center - Fox Run,Fox Run Meadows Gold Tees,63,18,1,12:45:00,66,3,996,130,True,False,18,66,True,True,True
49958,2021,MP40,2,425721,22318,22318,952,Round 2,2021-10-17,Aaron Smartt,965,Smugglers Notch Disc Golf Center - Fox Run,Fox Run Meadows Gold Tees,63,18,3,12:45:00,65,2,1003,131,True,False,18,65,True,True,True
49958,2021,MP40,2,425721,63390,63390,974,Round 2,2021-10-17,Jim Bailey,986,Smugglers Notch Disc Golf Center - Fox Run,Fox Run Meadows Gold Tees,63,18,4,12:45:00,69,6,976,136,True,False,18,69,True,True,True
49958,2021,MP40,2,425721,79006,79006,943,Round 2,2021-10-17,Kenneth Bovill,,Smugglers Notch Disc Golf Center - Fox Run,Fox Run Meadows Gold Tees,63,18,3,12:30:00,67,4,989,139,True,False,18,67,True,True,True
49958,2021,MP40,2,425721,24381,24381,952,Round 2,2021-10-17,Chris Young,937,Smugglers Notch Disc Golf Center - Fox Run,Fox Run Meadows Gold Tees,63,18,2,12:30:00,71,8,963,140,True,False,18,71,True,True,True
49958,2021,MP40,2,425721,120378,120378,945,Round 2,2021-10-17,Drew McDowell,952,Smugglers Notch Disc Golf Center - Fox Run,Fox Run Meadows Gold Tees,63,18,2,12:45:00,77,14,923,141,True,False,18,77,True,True,True
49958,2021,MP40,2,425721,93414,93414,926,Round 2,2021-10-17,Joshua Lemieux,961,Smugglers Notch Disc Golf Center - Fox Run,Fox Run Meadows Gold Tees,63,18,4,12:15:00,72,9,956,149,True,False,18,72,True,True,True
49958,2021,MP40,2,425721,68657,68657,901,Round 2,2021-10-17,Ryan Metivier,,Smugglers Notch Disc Golf Center - Fox Run,Fox Run Meadows Gold Tees,63,18,4,12:30:00,78,15,916,153,True,False,18,78,True,True,True
49958,2021,MP40,2,425721,121886,121886,929,Round 2,2021-10-17,Lucas Germano,,Smugglers Notch Disc Golf Center - Fox Run,Fox Run Meadows Gold Tees,63,18,1,12:15:00,82,19,889,157,True,False,18,82,True,True,True
49958,2021,MP40,2,425721,83212,83212,904,Round 2,2021-10-17,Cory Barron,885,Smugglers Notch Disc Golf Center - Fox Run,Fox Run Meadows Gold Tees,63,18,1,12:00:00,81,18,896,159,True,False,18,81,True,True,True
49958,2021,MP40,2,425721,23565,23565,923,Round 2,2021-10-17,Shane M. Tewksbury,925,Smugglers Notch Disc Golf Center - Fox Run,Fox Run Meadows Gold Tees,63,18,2,12:15:00,85,22,870,161,True,False,18,85,True,True,True
49958,2021,MP40,2,425721,15089,15089,902,Round 2,2021-10-17,Jeremy JJ Becker,887,Smugglers Notch Disc Golf Center - Fox Run,Fox Run Meadows Gold Tees,63,18,3,12:00:00,81,18,896,162,True,False,18,81,True,True,True
49958,2021,MP40,2,425721,22780,22780,918,Round 2,2021-10-17,Peter Hess,902,Smugglers Notch Disc Golf Center - Fox Run,Fox Run Meadows Gold Tees,63,18,3,12:15:00,85,22,870,162,True,False,18,85,True,True,True
49958,2021,MP40,2,425721,27112,27112,915,Round 2,2021-10-17,David Frothingham,,Smugglers Notch Disc Golf Center - Fox Run,Fox Run Meadows Gold Tees,63,18,1,12:30:00,97,34,790,165,True,False,18,97,True,True,True
49958,2021,MP40,2,425721,94273,94273,888,Round 2,2021-10-17,Marques Pozzani,863,Smugglers Notch Disc Golf Center - Fox Run,Fox Run Meadows Gold Tees,63,18,2,12:00:00,90,27,836,168,True,False,18,90,True,True,True
49958,2021,MP40,2,425721,73588,73588,871,Round 2,2021-10-17,Will Cleland,910,Smugglers Notch Disc Golf Center - Fox Run,Fox Run Meadows Gold Tees,63,18,4,12:00:00,102,39,756,183,True,False,18,102,True,True,True
49958,2021,MP50,1,425706,77623,77623,910,Round 1,2021-10-17,Cary Powell,909,Smugglers Notch Disc Golf Center - Brewster Ridge,Brewster Ridge Gold Tees,61,18,1,10:30:00,68,7,944,147,True,False,18,68,True,True,True
49958,2021,MP50,1,425706,148818,148818,899,Round 1,2021-10-17,Jim Olson,900,Smugglers Notch Disc Golf Center - Brewster Ridge,Brewster Ridge Gold Tees,61,18,3,10:30:00,74,13,898,155,True,False,18,74,True,True,True
49958,2021,MP50,1,425706,130713,130713,876,Round 1,2021-10-17,Ian Martin,902,Smugglers Notch Disc Golf Center - Brewster Ridge,Brewster Ridge Gold Tees,61,18,2,10:30:00,81,20,845,166,True,False,18,81,True,True,True
49958,2021,MP50,2,425726,77623,77623,910,Round 2,2021-10-17,Cary Powell,909,Smugglers Notch Disc Golf Center - Fox Run,Fox Run Meadows Blue Tees,63,18,2,10:15:00,79,16,897,147,True,False,18,79,True,True,True
49958,2021,MP50,2,425726,148818,148818,899,Round 2,2021-10-17,Jim Olson,900,Smugglers Notch Disc Golf Center - Fox Run,Fox Run Meadows Blue Tees,63,18,3,10:15:00,81,18,883,155,True,False,18,81,True,True,True
49958,2021,MP50,2,425726,130713,130713,876,Round 2,2021-10-17,Ian Martin,902,Smugglers Notch Disc Golf Center - Fox Run,Fox Run Meadows Blue Tees,63,18,5,10:15:00,85,22,855,166,True,False,18,85,True,True,True
49958,2021,MPO,1,425706,103627,103627,972,Round 1,2021-10-17,Clayton Davis,,Smugglers Notch Disc Golf Center - Brewster Ridge,Brewster Ridge Gold Tees,61,18,1,11:45:00,60,-1,1006,131,True,False,18,60,True,True,True
49958,2021,MPO,1,425706,140098,140098,962,Round 1,2021-10-17,Angus Barstow,980,Smugglers Notch Disc Golf Center - Brewster Ridge,Brewster Ridge Gold Tees,61,18,2,11:30:00,60,-1,1006,131,True,False,18,60,True,True,True
49958,2021,MPO,1,425706,45817,45817,950,Round 1,2021-10-17,Dylan Dunne,,Smugglers Notch Disc Golf Center - Brewster Ridge,Brewster Ridge Gold Tees,61,18,1,12:00:00,63,2,983,123,True,False,18,63,True,True,True
49958,2021,MPO,1,425706,140874,140874,950,Round 1,2021-10-17,Hunter Martin,953,Smugglers Notch Disc Golf Center - Brewster Ridge,Brewster Ridge Gold Tees,61,18,4,11:45:00,63,2,983,130,True,False,18,63,True,True,True
49958,2021,MPO,1,425706,136903,136903,957,Round 1,2021-10-17,Alex Ferguson,957,Smugglers Notch Disc Golf Center - Brewster Ridge,Brewster Ridge Gold Tees,61,18,2,11:15:00,65,4,967,132,True,False,18,65,True,True,True
49958,2021,MPO,1,425706,75861,75861,979,Round 1,2021-10-17,Charlie Veysey,978,Smugglers Notch Disc Golf Center - Brewster Ridge,Brewster Ridge Gold Tees,61,18,3,11:45:00,66,5,960,130,True,False,18,66,True,True,True
49958,2021,MPO,1,425706,94450,94450,966,Round 1,2021-10-17,Brendan Rollins,958,Smugglers Notch Disc Golf Center - Brewster Ridge,Brewster Ridge Gold Tees,61,18,3,11:00:00,66,5,960,133,True,False,18,66,True,True,True
49958,2021,MPO,1,425706,53718,53718,946,Round 1,2021-10-17,Nicholas Ailes,,Smugglers Notch Disc Golf Center - Brewster Ridge,Brewster Ridge Gold Tees,61,18,2,12:00:00,67,6,952,888,True,False,18,67,True,True,True
49958,2021,MPO,1,425706,161558,161558,935,Round 1,2021-10-17,Brad Schott,994,Smugglers Notch Disc Golf Center - Brewster Ridge,Brewster Ridge Gold Tees,61,18,3,11:30:00,67,6,952,,True,False,18,67,True,True,True
49958,2021,MPO,1,425706,114674,114674,908,Round 1,2021-10-17,Jordan Lamson,,Smugglers Notch Disc Golf Center - Brewster Ridge,Brewster Ridge Gold Tees,61,18,2,11:45:00,68,7,944,143,True,False,18,68,True,True,True
49958,2021,MPO,1,425706,81283,81283,970,Round 1,2021-10-17,Ronnie Bennett,968,Smugglers Notch Disc Golf Center - Brewster Ridge,Brewster Ridge Gold Tees,61,18,3,11:15:00,69,8,937,137,True,False,18,69,True,True,True
49958,2021,MPO,1,425706,101763,101763,899,Round 1,2021-10-17,Spencer Sutherland,917,Smugglers Notch Disc Golf Center - Brewster Ridge,Brewster Ridge Gold Tees,61,18,3,12:00:00,69,8,937,145,True,False,18,69,True,True,True
49958,2021,MPO,1,425706,43527,43527,974,Round 1,2021-10-17,Kyle Sawtelle,939,Smugglers Notch Disc Golf Center - Brewster Ridge,Brewster Ridge Gold Tees,61,18,1,11:00:00,70,9,929,158,True,False,18,70,True,True,True
49958,2021,MPO,1,425706,74240,74240,946,Round 1,2021-10-17,Christopher Martin,962,Smugglers Notch Disc Golf Center - Brewster Ridge,Brewster Ridge Gold Tees,61,18,1,11:30:00,72,11,914,144,True,False,18,72,True,True,True
49958,2021,MPO,1,425706,108989,108989,908,Round 1,2021-10-17,Erik Osborne,,Smugglers Notch Disc Golf Center - Brewster Ridge,Brewster Ridge Gold Tees,61,18,1,11:15:00,72,11,914,157,True,False,18,72,True,True,True
49958,2021,MPO,1,425706,125586,125586,925,Round 1,2021-10-17,Matthew Avery,,Smugglers Notch Disc Golf Center - Brewster Ridge,Brewster Ridge Gold Tees,61,18,4,11:30:00,73,12,906,150,True,False,18,73,True,True,True
49958,2021,MPO,1,425706,134979,134979,960,Round 1,2021-10-17,Jack Conant,,Smugglers Notch Disc Golf Center - Brewster Ridge,Brewster Ridge Gold Tees,61,18,4,12:00:00,74,13,898,150,True,False,18,74,True,True,True
49958,2021,MPO,1,425706,85036,85036,917,Round 1,2021-10-17,Nolan Power,,Smugglers Notch Disc Golf Center - Brewster Ridge,Brewster Ridge Gold Tees,61,18,2,11:00:00,77,16,875,156,True,False,18,77,True,True,True
49958,2021,MPO,2,425721,45817,45817,950,Round 2,2021-10-17,Dylan Dunne,,Smugglers Notch Disc Golf Center - Fox Run,Fox Run Meadows Gold Tees,63,18,3,11:45:00,60,-3,1036,123,True,False,18,60,True,True,True
49958,2021,MPO,2,425721,75861,75861,979,Round 2,2021-10-17,Charlie Veysey,978,Smugglers Notch Disc Golf Center - Fox Run,Fox Run Meadows Gold Tees,63,18,2,11:30:00,64,1,1009,130,True,False,18,64,True,True,True
49958,2021,MPO,2,425721,140874,140874,950,Round 2,2021-10-17,Hunter Martin,953,Smugglers Notch Disc Golf Center - Fox Run,Fox Run Meadows Gold Tees,63,18,4,11:45:00,67,4,989,130,True,False,18,67,True,True,True
49958,2021,MPO,2,425721,103627,103627,972,Round 2,2021-10-17,Clayton Davis,,Smugglers Notch Disc Golf Center - Fox Run,Fox Run Meadows Gold Tees,63,18,1,11:45:00,71,8,963,131,True,False,18,71,True,True,True
49958,2021,MPO,2,425721,140098,140098,962,Round 2,2021-10-17,Angus Barstow,980,Smugglers Notch Disc Golf Center - Fox Run,Fox Run Meadows Gold Tees,63,18,2,11:45:00,71,8,963,131,True,False,18,71,True,True,True
49958,2021,MPO,2,425721,136903,136903,957,Round 2,2021-10-17,Alex Ferguson,957,Smugglers Notch Disc Golf Center - Fox Run,Fox Run Meadows Gold Tees,63,18,1,11:30:00,67,4,989,132,True,False,18,67,True,True,True
49958,2021,MPO,2,425721,94450,94450,966,Round 2,2021-10-17,Brendan Rollins,958,Smugglers Notch Disc Golf Center - Fox Run,Fox Run Meadows Gold Tees,63,18,3,11:30:00,67,4,989,133,True,False,18,67,True,True,True
49958,2021,MPO,2,425721,81283,81283,970,Round 2,2021-10-17,Ronnie Bennett,968,Smugglers Notch Disc Golf Center - Fox Run,Fox Run Meadows Gold Tees,63,18,2,11:15:00,68,5,983,137,True,False,18,68,True,True,True
49958,2021,MPO,2,425721,114674,114674,908,Round 2,2021-10-17,Jordan Lamson,,Smugglers Notch Disc Golf Center - Fox Run,Fox Run Meadows Gold Tees,63,18,1,11:15:00,75,12,936,143,True,False,18,75,True,True,True
49958,2021,MPO,2,425721,74240,74240,946,Round 2,2021-10-17,Christopher Martin,962,Smugglers Notch Disc Golf Center - Fox Run,Fox Run Meadows Gold Tees,63,18,2,11:00:00,72,9,956,144,True,False,18,72,True,True,True
49958,2021,MPO,2,425721,101763,101763,899,Round 2,2021-10-17,Spencer Sutherland,917,Smugglers Notch Disc Golf Center - Fox Run,Fox Run Meadows Gold Tees,63,18,3,11:15:00,76,13,929,145,True,False,18,76,True,True,True
49958,2021,MPO,2,425721,134979,134979,960,Round 2,2021-10-17,Jack Conant,,Smugglers Notch Disc Golf Center - Fox Run,Fox Run Meadows Gold Tees,63,18,2,10:45:00,76,13,929,150,True,False,18,76,True,True,True
49958,2021,MPO,2,425721,125586,125586,925,Round 2,2021-10-17,Matthew Avery,,Smugglers Notch Disc Golf Center - Fox Run,Fox Run Meadows Gold Tees,63,18,1,10:45:00,77,14,923,150,True,False,18,77,True,True,True
49958,2021,MPO,2,425721,85036,85036,917,Round 2,2021-10-17,Nolan Power,,Smugglers Notch Disc Golf Center - Fox Run,Fox Run Meadows Gold Tees,63,18,3,10:45:00,79,16,909,156,True,False,18,79,True,True,True
49958,2021,MPO,2,425721,108989,108989,908,Round 2,2021-10-17,Erik Osborne,,Smugglers Notch Disc Golf Center - Fox Run,Fox Run Meadows Gold Tees,63,18,3,11:00:00,85,22,870,157,True,False,18,85,True,True,True
49958,2021,MPO,2,425721,43527,43527,974,Round 2,2021-10-17,Kyle Sawtelle,939,Smugglers Notch Disc Golf Center - Fox Run,Fox Run Meadows Gold Tees,63,18,1,11:00:00,88,25,850,158,True,False,18,88,True,True,True
49958,2021,MPO,2,425721,53718,53718,946,Round 2,2021-10-17,Nicholas Ailes,,Smugglers Notch Disc Golf Center - Fox Run,Fox Run Meadows Gold Tees,63,18,4,11:30:00,72,825,,888,True,False,18,72,True,True,True
49958,2021,MPO,2,425721,161558,161558,935,Round 2,2021-10-17,Brad Schott,994,Smugglers Notch Disc Golf Center - Fox Run,Fox Run Meadows Gold Tees,63,18,1,11:15:00,,,,,True,True,0,,False,False,False
