event_id,year,division,round,layout_id,player_key,pdga_number,event_rating,round_label,round_date,player_name,current_rating,course_name,layout_name,layout_par,n_holes,card_number,tee_time,round_score,round_to_par,round_rating,grand_total,raw_completed,unfinished_999,holes_scored,hole_score_sum,all_holes_scored,hole_sum_matches,usable
67158,2023,FA2,1,611818,134457,134457,772,Round 1,2023-04-30,Malori Bennett,,Willow Park,Red Tees,57,18,2,08:40:00,66,9,791,126,True,False,18,66,True,True,True
67158,2023,FA2,1,611818,150234,150234,710,Round 1,2023-04-30,Erica Randall,,Willow Park,Red Tees,57,18,3,08:40:00,66,9,791,128,True,False,18,66,True,True,True
67158,2023,FA2,1,611818,name:christelle nicol,,,Round 1,2023-04-30,Christelle Nicol,,Willow Park,Red Tees,57,18,4,08:40:00,85,28,575,174,True,False,18,85,True,True,True
67158,2023,FA2,2,611818,134457,134457,772,Round 2,2023-04-30,Malori Bennett,,Willow Park,Red Tees,57,18,1,08:40:00,60,3,859,126,True,False,18,60,True,True,True
67158,2023,FA2,2,611818,150234,150234,710,Round 2,2023-04-30,Erica Randall,,Willow Park,Red Tees,57,18,2,08:40:00,62,5,836,128,True,False,18,62,True,True,True
67158,2023,FA2,2,611818,name:christelle nicol,,,Round 2,2023-04-30,Christelle Nicol,,Willow Park,Red Tees,57,18,3,08:40:00,89,32,529,174,True,False,18,89,True,True,True
67158,2023,FA40,1,614943,69552,69552,807,Round 1,2023-04-30,Christy Betit,807,Willow Park,Blue Tees,57,18,1,11:30:00,73,16,774,141,True,False,18,73,True,True,True
67158,2023,FA40,1,614943,146748,146748,723,Round 1,2023-04-30,Billie Riley,,Willow Park,Blue Tees,57,18,2,11:30:00,80,23,704,157,True,False,18,80,True,True,True
67158,2023,FA40,2,614943,69552,69552,807,Round 2,2023-04-30,Christy Betit,807,Willow Park,Blue Tees,57,18,2,11:10:00,68,11,824,141,True,False,18,68,True,True,True
67158,2023,FA40,2,614943,146748,146748,723,Round 2,2023-04-30,Billie Riley,,Willow Park,Blue Tees,57,18,4,11:10:00,77,20,734,157,True,False,18,77,True,True,True
67158,2023,FJ12,1,611818,123310,123310,265,Round 1,2023-04-30,Cascade Reif Matoney,610,Willow Park,Red Tees,57,18,1,08:40:00,106,49,336,210,True,False,18,106,True,True,True
67158,2023,FJ12,2,611818,123310,123310,265,Round 2,2023-04-30,Cascade Reif Matoney,610,Willow Park,Red Tees,57,18,4,08:40:00,104,47,359,210,True,False,18,104,True,True,True
67158,2023,FPO,1,614943,122613,122613,855,Round 1,2023-04-30,Kelly Heslin,889,Willow Park,Blue Tees,57,18,1,13:10:00,68,11,824,131,True,False,18,68,True,True,True
67158,2023,FPO,2,614943,122613,122613,855,Round 2,2023-04-30,Kelly Heslin,889,Willow Park,Blue Tees,57,18,3,13:10:00,63,6,874,131,True,False,18,63,True,True,True
67158,2023,MA1,1,614943,122461,122461,931,Round 1,2023-04-30,Trevor Dakers,,Willow Park,Blue Tees,57,18,1,12:20:00,52,-5,984,110,True,False,18,52,True,True,True
67158,2023,MA1,1,614943,110707,110707,922,Round 1,2023-04-30,Jason Wilson,927,Willow Park,Blue Tees,57,18,1,12:40:00,54,-3,964,112,True,False,18,54,True,True,True
67158,2023,MA1,1,614943,79565,79565,904,Round 1,2023-04-30,Christopher Reid,,Willow Park,Blue Tees,57,18,1,13:00:00,55,-2,954,113,True,False,18,55,True,True,True
67158,2023,MA1,1,614943,146710,146710,912,Round 1,2023-04-30,Nicholas Laurendeau,,Willow Park,Blue Tees,57,18,1,12:00:00,55,-2,954,112,True,False,18,55,True,True,True
67158,2023,MA1,1,614943,106751,106751,930,Round 1,2023-04-30,Jeffrey Abbott,952,Willow Park,Blue Tees,57,18,3,11:50:00,56,-1,944,110,True,False,18,56,True,True,True
67158,2023,MA1,1,614943,127467,127467,928,Round 1,2023-04-30,James Manchester,944,Willow Park,Blue Tees,57,18,1,12:30:00,56,-1,944,113,True,False,18,56,True,True,True
67158,2023,MA1,1,614943,144983,144983,904,Round 1,2023-04-30,Wilson Kondracki,936,Willow Park,Blue Tees,57,18,2,12:40:00,56,-1,944,112,True,False,18,56,True,True,True
67158,2023,MA1,1,614943,188818,188818,938,Round 1,2023-04-30,Russ Causley,,Willow Park,Blue Tees,57,18,4,12:20:00,56,-1,944,888,True,False,18,56,True,True,True
67158,2023,MA1,1,614943,205492,205492,905,Round 1,2023-04-30,Hayden Laster,942,Willow Park,Blue Tees,57,18,4,12:40:00,56,-1,944,111,True,False,18,56,True,True,True
67158,2023,MA1,1,614943,252399,252399,,Round 1,2023-04-30,Caleb Caldwell,940,Willow Park,Blue Tees,57,18,4,13:00:00,57,0,934,114,True,False,18,57,True,True,True
67158,2023,MA1,1,614943,168715,168715,909,Round 1,2023-04-30,John Kirby,939,Willow Park,Blue Tees,57,18,2,11:40:00,58,1,924,114,True,False,18,58,True,True,True
67158,2023,MA1,1,614943,192838,192838,888,Round 1,2023-04-30,Ryan Jeskie,,Willow Park,Blue Tees,57,18,3,12:50:00,58,1,924,115,True,False,18,58,True,True,True
67158,2023,MA1,1,614943,82340,82340,914,Round 1,2023-04-30,Justin Leonard,912,Willow Park,Blue Tees,57,18,1,11:50:00,59,2,914,116,True,False,18,59,True,True,True
67158,2023,MA1,1,614943,131201,131201,928,Round 1,2023-04-30,Tyler LaPerle,973,Willow Park,Blue Tees,57,18,2,12:20:00,59,2,914,117,True,False,18,59,True,True,True
67158,2023,MA1,1,614943,147547,147547,915,Round 1,2023-04-30,David Wicker,,Willow Park,Blue Tees,57,18,3,12:10:00,59,2,914,121,True,False,18,59,True,True,True
67158,2023,MA1,1,614943,158783,158783,907,Round 1,2023-04-30,Joseph Humes,906,Willow Park,Blue Tees,57,18,3,12:40:00,59,2,914,121,True,False,18,59,True,True,True
67158,2023,MA1,1,614943,195531,195531,871,Round 1,2023-04-30,Devon Mendicino,920,Willow Park,Blue Tees,57,18,3,11:40:00,59,2,914,118,True,False,18,59,True,True,True
67158,2023,MA1,1,614943,89829,89829,923,Round 1,2023-04-30,Garrett Washburn,923,Willow Park,Blue Tees,57,18,2,11:50:00,60,3,904,117,True,False,18,60,True,True,True
67158,2023,MA1,1,614943,173058,173058,924,Round 1,2023-04-30,Brandon Allaire,950,Willow Park,Blue Tees,57,18,4,12:10:00,60,3,904,117,True,False,18,60,True,True,True
67158,2023,MA1,1,614943,129859,129859,913,Round 1,2023-04-30,Seth Marcil,944,Willow Park,Blue Tees,57,18,2,13:00:00,62,5,884,118,True,False,18,62,True,True,True
67158,2023,MA1,1,614943,127893,127893,866,Round 1,2023-04-30,Kort Furman,850,Willow Park,Blue Tees,57,18,1,11:40:00,63,6,874,122,True,False,18,63,True,True,True
67158,2023,MA1,1,614943,138183,138183,877,Round 1,2023-04-30,Chauncey Germain,926,Willow Park,Blue Tees,57,18,3,12:20:00,63,6,874,118,True,False,18,63,True,True,True
67158,2023,MA1,1,614943,96154,96154,858,Round 1,2023-04-30,Travis Jacques,871,Willow Park,Blue Tees,57,18,2,12:50:00,64,7,864,128,True,False,18,64,True,True,True
67158,2023,MA1,1,614943,118932,118932,890,Round 1,2023-04-30,Brew Reed,,Willow Park,Blue Tees,57,18,1,12:10:00,64,7,864,128,True,False,18,64,True,True,True
67158,2023,MA1,1,614943,217674,217674,866,Round 1,2023-04-30,Robert Gerstman,,Willow Park,Blue Tees,57,18,2,12:30:00,64,7,864,888,True,False,18,64,True,True,True
67158,2023,MA1,1,614943,222597,222597,866,Round 1,2023-04-30,Jack McCarthy,,Willow Park,Blue Tees,57,18,4,11:50:00,64,7,864,124,True,False,18,64,True,True,True
67158,2023,MA1,1,614943,240494,240494,,Round 1,2023-04-30,Derrek Eckhardt,919,Willow Park,Blue Tees,57,18,4,12:00:00,64,7,864,118,True,False,18,64,True,True,True
67158,2023,MA1,1,614943,242902,242902,,Round 1,2023-04-30,Christopher Rullan,,Willow Park,Blue Tees,57,18,4,12:50:00,64,7,864,123,True,False,18,64,True,True,True
67158,2023,MA1,1,614943,145052,145052,916,Round 1,2023-04-30,Jordan Mundell,919,Willow Park,Blue Tees,57,18,2,12:10:00,65,8,854,888,True,False,18,65,True,True,True
67158,2023,MA1,1,614943,223480,223480,836,Round 1,2023-04-30,Marc Kirkpatrick,879,Willow Park,Blue Tees,57,18,3,12:30:00,65,8,854,132,True,False,18,65,True,True,True
67158,2023,MA1,1,614943,95666,95666,896,Round 1,2023-04-30,Ryan Gariboldi,,Willow Park,Blue Tees,57,18,1,12:50:00,67,10,834,136,True,False,18,67,True,True,True
67158,2023,MA1,1,614943,162806,162806,891,Round 1,2023-04-30,Ethan Springer,886,Willow Park,Blue Tees,57,18,2,12:00:00,67,10,834,130,True,False,18,67,True,True,True
67158,2023,MA1,1,614943,191747,191747,900,Round 1,2023-04-30,Austin Swartout,917,Willow Park,Blue Tees,57,18,3,12:00:00,68,11,824,,True,False,18,68,True,True,True
67158,2023,MA1,1,614943,name:nick garvey,,,Round 1,2023-04-30,Nick Garvey,,Willow Park,Blue Tees,57,18,4,12:30:00,68,11,824,129,True,False,18,68,True,True,True
67158,2023,MA1,1,614943,name:justin mizell,,,Round 1,2023-04-30,Justin Mizell,,Willow Park,Blue Tees,57,18,4,11:40:00,70,13,804,144,True,False,18,70,True,True,True
67158,2023,MA1,1,614943,183864,183864,864,Round 1,2023-04-30,Jacob Clay,,Willow Park,Blue Tees,57,18,3,13:00:00,71,14,794,129,True,False,18,71,True,True,True
67158,2023,MA1,2,614943,106751,106751,930,Round 2,2023-04-30,Jeffrey Abbott,952,Willow Park,Blue Tees,57,18,1,12:50:00,54,-3,964,110,True,False,18,54,True,True,True
67158,2023,MA1,2,614943,122461,122461,931,Round 2,2023-04-30,Trevor Dakers,,Willow Park,Blue Tees,57,18,1,13:00:00,58,1,924,110,True,False,18,58,True,True,True
67158,2023,MA1,2,614943,205492,205492,905,Round 2,2023-04-30,Hayden Laster,942,Willow Park,Blue Tees,57,18,1,12:40:00,55,-2,954,111,True,False,18,55,True,True,True
67158,2023,MA1,2,614943,144983,144983,904,Round 2,2023-04-30,Wilson Kondracki,936,Willow Park,Blue Tees,57,18,3,12:50:00,56,-1,944,112,True,False,18,56,True,True,True
67158,2023,MA1,2,614943,146710,146710,912,Round 2,2023-04-30,Nicholas Laurendeau,,Willow Park,Blue Tees,57,18,4,13:00:00,57,0,934,112,True,False,18,57,True,True,True
67158,2023,MA1,2,614943,110707,110707,922,Round 2,2023-04-30,Jason Wilson,927,Willow Park,Blue Tees,57,18,2,13:00:00,58,1,924,112,True,False,18,58,True,True,True
67158,2023,MA1,2,614943,127467,127467,928,Round 2,2023-04-30,James Manchester,944,Willow Park,Blue Tees,57,18,2,12:50:00,57,0,934,113,True,False,18,57,True,True,True
67158,2023,MA1,2,614943,79565,79565,904,Round 2,2023-04-30,Christopher Reid,,Willow Park,Blue Tees,57,18,3,13:00:00,58,1,924,113,True,False,18,58,True,True,True
67158,2023,MA1,2,614943,168715,168715,909,Round 2,2023-04-30,John Kirby,939,Willow Park,Blue Tees,57,18,3,12:40:00,56,-1,944,114,True,False,18,56,True,True,True
67158,2023,MA1,2,614943,252399,252399,,Round 2,2023-04-30,Caleb Caldwell,940,Willow Park,Blue Tees,57,18,2,12:40:00,57,0,934,114,True,False,18,57,True,True,True
67158,2023,MA1,2,614943,192838,192838,888,Round 2,2023-04-30,Ryan Jeskie,,Willow Park,Blue Tees,57,18,4,12:40:00,57,0,934,115,True,False,18,57,True,True,True
67158,2023,MA1,2,614943,82340,82340,914,Round 2,2023-04-30,Justin Leonard,912,Willow Park,Blue Tees,57,18,1,12:30:00,57,0,934,116,True,False,18,57,True,True,True
67158,2023,MA1,2,614943,89829,89829,923,Round 2,2023-04-30,Garrett Washburn,923,Willow Park,Blue Tees,57,18,2,12:20:00,57,0,934,117,True,False,18,57,True,True,True
67158,2023,MA1,2,614943,173058,173058,924,Round 2,2023-04-30,Brandon Allaire,950,Willow Park,Blue Tees,57,18,3,12:20:00,57,0,934,117,True,False,18,57,True,True,True
67158,2023,MA1,2,614943,131201,131201,928,Round 2,2023-04-30,Tyler LaPerle,973,Willow Park,Blue Tees,57,18,2,12:30:00,58,1,924,117,True,False,18,58,True,True,True
67158,2023,MA1,2,614943,240494,240494,,Round 2,2023-04-30,Derrek Eckhardt,919,Willow Park,Blue Tees,57,18,2,12:00:00,54,-3,964,118,True,False,18,54,True,True,True
67158,2023,MA1,2,614943,138183,138183,877,Round 2,2023-04-30,Chauncey Germain,926,Willow Park,Blue Tees,57,18,2,12:10:00,55,-2,954,118,True,False,18,55,True,True,True
67158,2023,MA1,2,614943,129859,129859,913,Round 2,2023-04-30,Seth Marcil,944,Willow Park,Blue Tees,57,18,4,12:20:00,56,-1,944,118,True,False,18,56,True,True,True
67158,2023,MA1,2,614943,195531,195531,871,Round 2,2023-04-30,Devon Mendicino,920,Willow Park,Blue Tees,57,18,1,12:20:00,59,2,914,118,True,False,18,59,True,True,True
67158,2023,MA1,2,614943,147547,147547,915,Round 2,2023-04-30,David Wicker,,Willow Park,Blue Tees,57,18,3,12:30:00,62,5,884,121,True,False,18,62,True,True,True
67158,2023,MA1,2,614943,158783,158783,907,Round 2,2023-04-30,Joseph Humes,906,Willow Park,Blue Tees,57,18,4,12:30:00,62,5,884,121,True,False,18,62,True,True,True
67158,2023,MA1,2,614943,127893,127893,866,Round 2,2023-04-30,Kort Furman,850,Willow Park,Blue Tees,57,18,1,12:10:00,59,2,914,122,True,False,18,59,True,True,True
67158,2023,MA1,2,614943,242902,242902,,Round 2,2023-04-30,Christopher Rullan,,Willow Park,Blue Tees,57,18,3,12:00:00,59,2,914,123,True,False,18,59,True,True,True
67158,2023,MA1,2,614943,222597,222597,866,Round 2,2023-04-30,Jack McCarthy,,Willow Park,Blue Tees,57,18,1,12:00:00,60,3,904,124,True,False,18,60,True,True,True
67158,2023,MA1,2,614943,96154,96154,858,Round 2,2023-04-30,Travis Jacques,871,Willow Park,Blue Tees,57,18,3,12:10:00,64,7,864,128,True,False,18,64,True,True,True
67158,2023,MA1,2,614943,118932,118932,890,Round 2,2023-04-30,Brew Reed,,Willow Park,Blue Tees,57,18,4,12:10:00,64,7,864,128,True,False,18,64,True,True,True
67158,2023,MA1,2,614943,183864,183864,864,Round 2,2023-04-30,Jacob Clay,,Willow Park,Blue Tees,57,18,3,11:40:00,58,1,924,129,True,False,18,58,True,True,True
67158,2023,MA1,2,614943,name:nick garvey,,,Round 2,2023-04-30,Nick Garvey,,Willow Park,Blue Tees,57,18,1,11:40:00,61,4,894,129,True,False,18,61,True,True,True
67158,2023,MA1,2,614943,162806,162806,891,Round 2,2023-04-30,Ethan Springer,886,Willow Park,Blue Tees,57,18,3,11:50:00,63,6,874,130,True,False,18,63,True,True,True
67158,2023,MA1,2,614943,223480,223480,836,Round 2,2023-04-30,Marc Kirkpatrick,879,Willow Park,Blue Tees,57,18,1,11:50:00,67,10,834,132,True,False,18,67,True,True,True
67158,2023,MA1,2,614943,95666,95666,896,Round 2,2023-04-30,Ryan Gariboldi,,Willow Park,Blue Tees,57,18,2,11:50:00,69,12,814,136,True,False,18,69,True,True,True
67158,2023,MA1,2,614943,name:justin mizell,,,Round 2,2023-04-30,Justin Mizell,,Willow Park,Blue Tees,57,18,2,11:40:00,74,17,764,144,True,False,18,74,True,True,True
67158,2023,MA1,2,614943,188818,188818,938,Round 2,2023-04-30,Russ Causley,,Willow Park,Blue Tees,57,18,4,12:50:00,888,831,,888,True,False,0,,False,False,False
67158,2023,MA1,2,614943,217674,217674,866,Round 2,2023-04-30,Robert Gerstman,,Willow Park,Blue Tees,57,18,1,12:00:00,888,831,,888,True,False,0,,False,False,False
67158,2023,MA1,2,614943,145052,145052,916,Round 2,2023-04-30,Jordan Mundell,919,Willow Park,Blue Tees,57,18,1,11:50:00,888,831,,888,True,False,0,,False,False,False
67158,2023,MA1,2,614943,191747,191747,900,Round 2,2023-04-30,Austin Swartout,917,Willow Park,Blue Tees,57,18,1,11:40:00,,,,,True,True,0,,False,False,False
67158,2023,MA2,1,614943,164891,164891,916,Round 1,2023-04-30,Joseph Melillo,918,Willow Park,Blue Tees,57,18,3,08:50:00,51,-6,994,104,True,False,18,51,True,True,True
67158,2023,MA2,1,614943,212441,212441,899,Round 1,2023-04-30,Bobby Hallum,962,Willow Park,Blue Tees,57,18,1,08:50:00,59,2,914,115,True,False,18,59,True,True,True
67158,2023,MA2,1,614943,176844,176844,902,Round 1,2023-04-30,Michael Murray,,Willow Park,Blue Tees,57,18,1,09:00:00,60,3,904,122,True,False,18,60,True,True,True
67158,2023,MA2,1,614943,228825,228825,880,Round 1,2023-04-30,Carter Thorne-Kaunelis,964,Willow Park,Blue Tees,57,18,4,09:50:00,60,3,904,119,True,False,18,60,True,True,True
67158,2023,MA2,1,614943,112821,112821,892,Round 1,2023-04-30,Ross O'Toole,917,Willow Park,Blue Tees,57,18,2,09:10:00,61,4,894,121,True,False,18,61,True,True,True
67158,2023,MA2,1,614943,165655,165655,844,Round 1,2023-04-30,Ryan Senecal,,Willow Park,Blue Tees,57,18,2,09:30:00,61,4,894,121,True,False,18,61,True,True,True
67158,2023,MA2,1,614943,109604,109604,902,Round 1,2023-04-30,Jeremy Hulsey,914,Willow Park,Blue Tees,57,18,1,09:10:00,62,5,884,122,True,False,18,62,True,True,True
67158,2023,MA2,1,614943,161895,161895,879,Round 1,2023-04-30,Nicholas Bohmer,,Willow Park,Blue Tees,57,18,2,09:40:00,62,5,884,124,True,False,18,62,True,True,True
67158,2023,MA2,1,614943,199954,199954,909,Round 1,2023-04-30,Trenten Reed,863,Willow Park,Blue Tees,57,18,4,09:20:00,62,5,884,134,True,False,18,62,True,True,True
67158,2023,MA2,1,614943,202214,202214,864,Round 1,2023-04-30,Daniel Alderman,906,Willow Park,Blue Tees,57,18,2,09:00:00,63,6,874,127,True,False,18,63,True,True,True
67158,2023,MA2,1,614943,213224,213224,859,Round 1,2023-04-30,Justin Griswold,914,Willow Park,Blue Tees,57,18,2,08:50:00,63,6,874,125,True,False,18,63,True,True,True
67158,2023,MA2,1,614943,113247,113247,878,Round 1,2023-04-30,Matthew Knauf,883,Willow Park,Blue Tees,57,18,1,09:20:00,64,7,864,130,True,False,18,64,True,True,True
67158,2023,MA2,1,614943,127782,127782,881,Round 1,2023-04-30,Ryan Phillips,875,Willow Park,Blue Tees,57,18,1,09:30:00,65,8,854,124,True,False,18,65,True,True,True
67158,2023,MA2,1,614943,163691,163691,866,Round 1,2023-04-30,Tim Callahan,867,Willow Park,Blue Tees,57,18,4,09:40:00,65,8,854,,True,False,18,65,True,True,True
67158,2023,MA2,1,614943,137984,137984,882,Round 1,2023-04-30,Tristan Bryce,,Willow Park,Blue Tees,57,18,1,09:50:00,66,9,844,132,True,False,18,66,True,True,True
67158,2023,MA2,1,614943,137736,137736,860,Round 1,2023-04-30,Logan Cooke,880,Willow Park,Blue Tees,57,18,2,09:20:00,68,11,824,134,True,False,18,68,True,True,True
67158,2023,MA2,1,614943,144570,144570,806,Round 1,2023-04-30,Alcide Bullett,,Willow Park,Blue Tees,57,18,1,09:40:00,68,11,824,137,True,False,18,68,True,True,True
67158,2023,MA2,1,614943,169600,169600,853,Round 1,2023-04-30,Trevor Bryce,901,Willow Park,Blue Tees,57,18,3,09:30:00,68,11,824,134,True,False,18,68,True,True,True
67158,2023,MA2,1,614943,163638,163638,869,Round 1,2023-04-30,Kevin Jolin,888,Willow Park,Blue Tees,57,18,3,09:40:00,69,12,814,131,True,False,18,69,True,True,True
67158,2023,MA2,1,614943,181208,181208,802,Round 1,2023-04-30,James Gratton,,Willow Park,Blue Tees,57,18,3,09:20:00,70,13,804,140,True,False,18,70,True,True,True
67158,2023,MA2,1,614943,163523,163523,876,Round 1,2023-04-30,Landon Desroches,866,Willow Park,Blue Tees,57,18,2,09:50:00,71,14,794,142,True,False,18,71,True,True,True
67158,2023,MA2,1,614943,63896,63896,892,Round 1,2023-04-30,Ross King,899,Willow Park,Blue Tees,57,18,3,09:10:00,72,15,784,132,True,False,18,72,True,True,True
67158,2023,MA2,1,614943,166639,166639,861,Round 1,2023-04-30,Ryan Sweeney,883,Willow Park,Blue Tees,57,18,3,09:50:00,73,16,774,141,True,False,18,73,True,True,True
67158,2023,MA2,1,614943,name:alec nicol,,,Round 1,2023-04-30,Alec Nicol,,Willow Park,Blue Tees,57,18,4,09:30:00,74,17,764,137,True,False,18,74,True,True,True
67158,2023,MA2,1,614943,214396,214396,,Round 1,2023-04-30,Ryan Lanahan,935,Willow Park,Blue Tees,57,18,3,09:00:00,76,19,744,142,True,False,18,76,True,True,True
67158,2023,MA2,2,614943,164891,164891,916,Round 2,2023-04-30,Joseph Melillo,918,Willow Park,Blue Tees,57,18,1,10:00:00,53,-4,974,104,True,False,18,53,True,True,True
67158,2023,MA2,2,614943,212441,212441,899,Round 2,2023-04-30,Bobby Hallum,962,Willow Park,Blue Tees,57,18,2,10:00:00,56,-1,944,115,True,False,18,56,True,True,True
67158,2023,MA2,2,614943,228825,228825,880,Round 2,2023-04-30,Carter Thorne-Kaunelis,964,Willow Park,Blue Tees,57,18,4,10:00:00,59,2,914,119,True,False,18,59,True,True,True
67158,2023,MA2,2,614943,112821,112821,892,Round 2,2023-04-30,Ross O'Toole,917,Willow Park,Blue Tees,57,18,1,09:50:00,60,3,904,121,True,False,18,60,True,True,True
67158,2023,MA2,2,614943,165655,165655,844,Round 2,2023-04-30,Ryan Senecal,,Willow Park,Blue Tees,57,18,2,09:50:00,60,3,904,121,True,False,18,60,True,True,True
67158,2023,MA2,2,614943,109604,109604,902,Round 2,2023-04-30,Jeremy Hulsey,914,Willow Park,Blue Tees,57,18,3,09:50:00,60,3,904,122,True,False,18,60,True,True,True
67158,2023,MA2,2,614943,176844,176844,902,Round 2,2023-04-30,Michael Murray,,Willow Park,Blue Tees,57,18,3,10:00:00,62,5,884,122,True,False,18,62,True,True,True
67158,2023,MA2,2,614943,127782,127782,881,Round 2,2023-04-30,Ryan Phillips,875,Willow Park,Blue Tees,57,18,1,09:30:00,59,2,914,124,True,False,18,59,True,True,True
67158,2023,MA2,2,614943,161895,161895,879,Round 2,2023-04-30,Nicholas Bohmer,,Willow Park,Blue Tees,57,18,4,09:50:00,62,5,884,124,True,False,18,62,True,True,True
67158,2023,MA2,2,614943,213224,213224,859,Round 2,2023-04-30,Justin Griswold,914,Willow Park,Blue Tees,57,18,3,09:40:00,62,5,884,125,True,False,18,62,True,True,True
67158,2023,MA2,2,614943,202214,202214,864,Round 2,2023-04-30,Daniel Alderman,906,Willow Park,Blue Tees,57,18,2,09:40:00,64,7,864,127,True,False,18,64,True,True,True
67158,2023,MA2,2,614943,113247,113247,878,Round 2,2023-04-30,Matthew Knauf,883,Willow Park,Blue Tees,57,18,4,09:40:00,66,9,844,130,True,False,18,66,True,True,True
67158,2023,MA2,2,614943,163638,163638,869,Round 2,2023-04-30,Kevin Jolin,888,Willow Park,Blue Tees,57,18,3,09:20:00,62,5,884,131,True,False,18,62,True,True,True
67158,2023,MA2,2,614943,63896,63896,892,Round 2,2023-04-30,Ross King,899,Willow Park,Blue Tees,57,18,3,09:10:00,60,3,904,132,True,False,18,60,True,True,True
67158,2023,MA2,2,614943,137984,137984,882,Round 2,2023-04-30,Tristan Bryce,,Willow Park,Blue Tees,57,18,3,09:30:00,66,9,844,132,True,False,18,66,True,True,True
67158,2023,MA2,2,614943,137736,137736,860,Round 2,2023-04-30,Logan Cooke,880,Willow Park,Blue Tees,57,18,4,09:30:00,66,9,844,134,True,False,18,66,True,True,True
67158,2023,MA2,2,614943,169600,169600,853,Round 2,2023-04-30,Trevor Bryce,901,Willow Park,Blue Tees,57,18,2,09:20:00,66,9,844,134,True,False,18,66,True,True,True
67158,2023,MA2,2,614943,199954,199954,909,Round 2,2023-04-30,Trenten Reed,863,Willow Park,Blue Tees,57,18,1,09:40:00,72,15,784,134,True,False,18,72,True,True,True
67158,2023,MA2,2,614943,name:alec nicol,,,Round 2,2023-04-30,Alec Nicol,,Willow Park,Blue Tees,57,18,2,09:00:00,63,6,874,137,True,False,18,63,True,True,True
67158,2023,MA2,2,614943,144570,144570,806,Round 2,2023-04-30,Alcide Bullett,,Willow Park,Blue Tees,57,18,1,09:20:00,69,12,814,137,True,False,18,69,True,True,True
67158,2023,MA2,2,614943,181208,181208,802,Round 2,2023-04-30,James Gratton,,Willow Park,Blue Tees,57,18,1,09:10:00,70,13,804,140,True,False,18,70,True,True,True
67158,2023,MA2,2,614943,166639,166639,861,Round 2,2023-04-30,Ryan Sweeney,883,Willow Park,Blue Tees,57,18,1,09:00:00,68,11,824,141,True,False,18,68,True,True,True
67158,2023,MA2,2,614943,214396,214396,,Round 2,2023-04-30,Ryan Lanahan,935,Willow Park,Blue Tees,57,18,3,09:00:00,66,9,844,142,True,False,18,66,True,True,True
67158,2023,MA2,2,614943,163523,163523,876,Round 2,2023-04-30,Landon Desroches,866,Willow Park,Blue Tees,57,18,2,09:10:00,71,14,794,142,True,False,18,71,True,True,True
67158,2023,MA2,2,614943,163691,163691,866,Round 2,2023-04-30,Tim Callahan,867,Willow Park,Blue Tees,57,18,2,09:30:00,129,942,,,True,False,18,129,True,True,True
67158,2023,MA3,1,611818,93691,93691,852,Round 1,2023-04-30,Dakota O'Brien,,Willow Park,Red Tees,57,18,1,08:20:00,57,0,893,115,True,False,18,57,True,True,True
67158,2023,MA3,1,611818,166633,166633,875,Round 1,2023-04-30,Joshua Martin,,Willow Park,Red Tees,57,18,1,08:30:00,59,2,870,118,True,False,18,59,True,True,True
67158,2023,MA3,1,611818,name:ethan jeskie,,,Round 1,2023-04-30,Ethan Jeskie,,Willow Park,Red Tees,57,18,3,08:20:00,61,4,848,124,True,False,18,61,True,True,True
67158,2023,MA3,1,611818,166637,166637,841,Round 1,2023-04-30,Ajay Shah,825,Willow Park,Red Tees,57,18,3,08:30:00,62,5,836,119,True,False,18,62,True,True,True
67158,2023,MA3,1,611818,194601,194601,,Round 1,2023-04-30,Joshua Goodrich,810,Willow Park,Red Tees,57,18,2,08:20:00,64,7,814,130,True,False,18,64,True,True,True
67158,2023,MA3,1,611818,239719,239719,,Round 1,2023-04-30,Thane Griswold,820,Willow Park,Red Tees,57,18,2,08:00:00,66,9,791,131,True,False,18,66,True,True,True
67158,2023,MA3,1,611818,name:nate potter,,,Round 1,2023-04-30,Nate Potter,,Willow Park,Red Tees,57,18,3,08:00:00,66,9,791,126,True,False,18,66,True,True,True
67158,2023,MA3,1,611818,213791,213791,791,Round 1,2023-04-30,Adam Sefchick,811,Willow Park,Red Tees,57,18,1,08:00:00,67,10,779,124,True,False,18,67,True,True,True
67158,2023,MA3,1,611818,166636,166636,866,Round 1,2023-04-30,Warren Bombardier,888,Willow Park,Red Tees,57,18,2,08:30:00,68,11,768,127,True,False,18,68,True,True,True
67158,2023,MA3,1,611818,211434,211434,754,Round 1,2023-04-30,Thomas Bousquet,798,Willow Park,Red Tees,57,18,2,08:10:00,70,13,745,127,True,False,18,70,True,True,True
67158,2023,MA3,1,611818,219709,219709,714,Round 1,2023-04-30,Zackary Sefchick,793,Willow Park,Red Tees,57,18,4,08:30:00,71,14,734,133,True,False,18,71,True,True,True
67158,2023,MA3,1,611818,230912,230912,837,Round 1,2023-04-30,Taylor Struthers,,Willow Park,Red Tees,57,18,3,08:10:00,71,14,734,132,True,False,18,71,True,True,True
67158,2023,MA3,1,611818,148187,148187,873,Round 1,2023-04-30,Evan Miller,874,Willow Park,Red Tees,57,18,1,08:10:00,74,17,700,137,True,False,18,74,True,True,True
67158,2023,MA3,2,611818,93691,93691,852,Round 2,2023-04-30,Dakota O'Brien,,Willow Park,Red Tees,57,18,1,08:30:00,58,1,882,115,True,False,18,58,True,True,True
67158,2023,MA3,2,611818,166633,166633,875,Round 2,2023-04-30,Joshua Martin,,Willow Park,Red Tees,57,18,2,08:30:00,59,2,870,118,True,False,18,59,True,True,True
67158,2023,MA3,2,611818,166637,166637,841,Round 2,2023-04-30,Ajay Shah,825,Willow Park,Red Tees,57,18,4,08:30:00,57,0,893,119,True,False,18,57,True,True,True
67158,2023,MA3,2,611818,213791,213791,791,Round 2,2023-04-30,Adam Sefchick,811,Willow Park,Red Tees,57,18,1,08:10:00,57,0,893,124,True,False,18,57,True,True,True
67158,2023,MA3,2,611818,name:ethan jeskie,,,Round 2,2023-04-30,Ethan Jeskie,,Willow Park,Red Tees,57,18,3,08:30:00,63,6,825,124,True,False,18,63,True,True,True
67158,2023,MA3,2,611818,name:nate potter,,,Round 2,2023-04-30,Nate Potter,,Willow Park,Red Tees,57,18,3,08:20:00,60,3,859,126,True,False,18,60,True,True,True
67158,2023,MA3,2,611818,211434,211434,754,Round 2,2023-04-30,Thomas Bousquet,798,Willow Park,Red Tees,57,18,3,08:10:00,57,0,893,127,True,False,18,57,True,True,True
67158,2023,MA3,2,611818,166636,166636,866,Round 2,2023-04-30,Warren Bombardier,888,Willow Park,Red Tees,57,18,2,08:10:00,59,2,870,127,True,False,18,59,True,True,True
67158,2023,MA3,2,611818,194601,194601,,Round 2,2023-04-30,Joshua Goodrich,810,Willow Park,Red Tees,57,18,1,08:20:00,66,9,791,130,True,False,18,66,True,True,True
67158,2023,MA3,2,611818,239719,239719,,Round 2,2023-04-30,Thane Griswold,820,Willow Park,Red Tees,57,18,2,08:20:00,65,8,802,131,True,False,18,65,True,True,True
67158,2023,MA3,2,611818,230912,230912,837,Round 2,2023-04-30,Taylor Struthers,,Willow Park,Red Tees,57,18,2,08:00:00,61,4,848,132,True,False,18,61,True,True,True
67158,2023,MA3,2,611818,219709,219709,714,Round 2,2023-04-30,Zackary Sefchick,793,Willow Park,Red Tees,57,18,1,08:00:00,62,5,836,133,True,False,18,62,True,True,True
67158,2023,MA3,2,611818,148187,148187,873,Round 2,2023-04-30,Evan Miller,874,Willow Park,Red Tees,57,18,3,08:00:00,63,6,825,137,True,False,18,63,True,True,True
67158,2023,MA40,1,614943,91094,91094,895,Round 1,2023-04-30,Travis Winkleman,,Willow Park,Blue Tees,57,18,2,11:20:00,61,4,894,118,True,False,18,61,True,True,True
67158,2023,MA40,1,614943,180670,180670,896,Round 1,2023-04-30,Craig Fulcher,917,Willow Park,Blue Tees,57,18,4,11:30:00,63,6,874,126,True,False,18,63,True,True,True
67158,2023,MA40,1,614943,66454,66454,908,Round 1,2023-04-30,Brian Betit,899,Willow Park,Blue Tees,57,18,3,11:20:00,64,7,864,128,True,False,18,64,True,True,True
67158,2023,MA40,1,614943,84213,84213,870,Round 1,2023-04-30,Daniel Arellano,807,Willow Park,Blue Tees,57,18,2,11:10:00,65,8,854,126,True,False,18,65,True,True,True
67158,2023,MA40,1,614943,94571,94571,898,Round 1,2023-04-30,Aaron Knickerbocker,931,Willow Park,Blue Tees,57,18,1,11:20:00,65,8,854,121,True,False,18,65,True,True,True
67158,2023,MA40,1,614943,226424,226424,875,Round 1,2023-04-30,Eric Potter,890,Willow Park,Blue Tees,57,18,3,11:30:00,66,9,844,127,True,False,18,66,True,True,True
67158,2023,MA40,1,614943,73588,73588,872,Round 1,2023-04-30,Will Cleland,910,Willow Park,Blue Tees,57,18,1,11:10:00,67,10,834,138,True,False,18,67,True,True,True
67158,2023,MA40,1,614943,221629,221629,826,Round 1,2023-04-30,Justin Morgan,858,Willow Park,Blue Tees,57,18,3,11:10:00,67,10,834,134,True,False,18,67,True,True,True
67158,2023,MA40,2,614943,91094,91094,895,Round 2,2023-04-30,Travis Winkleman,,Willow Park,Blue Tees,57,18,1,11:00:00,57,0,934,118,True,False,18,57,True,True,True
67158,2023,MA40,2,614943,94571,94571,898,Round 2,2023-04-30,Aaron Knickerbocker,931,Willow Park,Blue Tees,57,18,1,10:50:00,56,-1,944,121,True,False,18,56,True,True,True
67158,2023,MA40,2,614943,84213,84213,870,Round 2,2023-04-30,Daniel Arellano,807,Willow Park,Blue Tees,57,18,4,11:00:00,61,4,894,126,True,False,18,61,True,True,True
67158,2023,MA40,2,614943,180670,180670,896,Round 2,2023-04-30,Craig Fulcher,917,Willow Park,Blue Tees,57,18,2,11:00:00,63,6,874,126,True,False,18,63,True,True,True
67158,2023,MA40,2,614943,226424,226424,875,Round 2,2023-04-30,Eric Potter,890,Willow Park,Blue Tees,57,18,2,10:50:00,61,4,894,127,True,False,18,61,True,True,True
67158,2023,MA40,2,614943,66454,66454,908,Round 2,2023-04-30,Brian Betit,899,Willow Park,Blue Tees,57,18,3,11:00:00,64,7,864,128,True,False,18,64,True,True,True
67158,2023,MA40,2,614943,221629,221629,826,Round 2,2023-04-30,Justin Morgan,858,Willow Park,Blue Tees,57,18,4,10:50:00,67,10,834,134,True,False,18,67,True,True,True
67158,2023,MA40,2,614943,73588,73588,872,Round 2,2023-04-30,Will Cleland,910,Willow Park,Blue Tees,57,18,3,10:50:00,71,14,794,138,True,False,18,71,True,True,True
67158,2023,MA50,1,614943,199950,199950,878,Round 1,2023-04-30,James Reed,866,Willow Park,Blue Tees,57,18,3,10:40:00,58,1,924,122,True,False,18,58,True,True,True
67158,2023,MA50,1,614943,154887,154887,904,Round 1,2023-04-30,Brian Hunter,941,Willow Park,Blue Tees,57,18,2,10:50:00,60,3,904,121,True,False,18,60,True,True,True
67158,2023,MA50,1,614943,122583,122583,878,Round 1,2023-04-30,David Jolin,900,Willow Park,Blue Tees,57,18,1,10:40:00,62,5,884,120,True,False,18,62,True,True,True
67158,2023,MA50,1,614943,130549,130549,881,Round 1,2023-04-30,Earl Dakers,899,Willow Park,Blue Tees,57,18,2,10:40:00,62,5,884,119,True,False,18,62,True,True,True
67158,2023,MA50,1,614943,235035,235035,,Round 1,2023-04-30,Paul Seyler,908,Willow Park,Blue Tees,57,18,2,11:00:00,64,7,864,131,True,False,18,64,True,True,True
67158,2023,MA50,1,614943,91301,91301,893,Round 1,2023-04-30,Michael A. Stridsberg,898,Willow Park,Blue Tees,57,18,1,10:50:00,65,8,854,123,True,False,18,65,True,True,True
67158,2023,MA50,1,614943,215620,215620,852,Round 1,2023-04-30,Ty Paulding,806,Willow Park,Blue Tees,57,18,3,10:50:00,65,8,854,129,True,False,18,65,True,True,True
67158,2023,MA50,1,614943,257551,257551,,Round 1,2023-04-30,Todd Bilow,,Willow Park,Blue Tees,57,18,3,11:00:00,66,9,844,132,True,False,18,66,True,True,True
67158,2023,MA50,1,614943,62850,62850,880,Round 1,2023-04-30,George Brown,864,Willow Park,Blue Tees,57,18,1,11:00:00,71,14,794,126,True,False,18,71,True,True,True
67158,2023,MA50,1,614943,name:james o'brien,,,Round 1,2023-04-30,James O'Brien,,Willow Park,Blue Tees,57,18,4,11:00:00,74,17,764,145,True,False,18,74,True,True,True
67158,2023,MA50,2,614943,130549,130549,881,Round 2,2023-04-30,Earl Dakers,899,Willow Park,Blue Tees,57,18,4,11:30:00,57,0,934,119,True,False,18,57,True,True,True
67158,2023,MA50,2,614943,122583,122583,878,Round 2,2023-04-30,David Jolin,900,Willow Park,Blue Tees,57,18,3,11:30:00,58,1,924,120,True,False,18,58,True,True,True
67158,2023,MA50,2,614943,154887,154887,904,Round 2,2023-04-30,Brian Hunter,941,Willow Park,Blue Tees,57,18,2,11:30:00,61,4,894,121,True,False,18,61,True,True,True
67158,2023,MA50,2,614943,199950,199950,878,Round 2,2023-04-30,James Reed,866,Willow Park,Blue Tees,57,18,1,11:30:00,64,7,864,122,True,False,18,64,True,True,True
67158,2023,MA50,2,614943,91301,91301,893,Round 2,2023-04-30,Michael A. Stridsberg,898,Willow Park,Blue Tees,57,18,2,11:20:00,58,1,924,123,True,False,18,58,True,True,True
67158,2023,MA50,2,614943,62850,62850,880,Round 2,2023-04-30,George Brown,864,Willow Park,Blue Tees,57,18,1,11:10:00,55,-2,954,126,True,False,18,55,True,True,True
67158,2023,MA50,2,614943,215620,215620,852,Round 2,2023-04-30,Ty Paulding,806,Willow Park,Blue Tees,57,18,3,11:20:00,64,7,864,129,True,False,18,64,True,True,True
67158,2023,MA50,2,614943,235035,235035,,Round 2,2023-04-30,Paul Seyler,908,Willow Park,Blue Tees,57,18,1,11:20:00,67,10,834,131,True,False,18,67,True,True,True
67158,2023,MA50,2,614943,257551,257551,,Round 2,2023-04-30,Todd Bilow,,Willow Park,Blue Tees,57,18,4,11:20:00,66,9,844,132,True,False,18,66,True,True,True
67158,2023,MA50,2,614943,name:james o'brien,,,Round 2,2023-04-30,James O'Brien,,Willow Park,Blue Tees,57,18,3,11:10:00,71,14,794,145,True,False,18,71,True,True,True
67158,2023,MA60,1,614943,120338,120338,829,Round 1,2023-04-30,Mark Cook,,Willow Park,Blue Tees,57,18,1,10:30:00,61,4,894,123,True,False,18,61,True,True,True
67158,2023,MA60,1,614943,125535,125535,858,Round 1,2023-04-30,Joe Tota,846,Willow Park,Blue Tees,57,18,2,10:20:00,61,4,894,119,True,False,18,61,True,True,True
67158,2023,MA60,1,614943,85615,85615,831,Round 1,2023-04-30,Louis Davis,871,Willow Park,Blue Tees,57,18,2,10:10:00,63,6,874,125,True,False,18,63,True,True,True
67158,2023,MA60,1,614943,130713,130713,863,Round 1,2023-04-30,Ian Martin,902,Willow Park,Blue Tees,57,18,3,10:10:00,64,7,864,123,True,False,18,64,True,True,True
67158,2023,MA60,1,614943,122325,122325,856,Round 1,2023-04-30,David Mulvey,,Willow Park,Blue Tees,57,18,1,10:20:00,66,9,844,129,True,False,18,66,True,True,True
67158,2023,MA60,1,614943,131352,131352,775,Round 1,2023-04-30,David Havens,816,Willow Park,Blue Tees,57,18,3,10:30:00,66,9,844,139,True,False,18,66,True,True,True
67158,2023,MA60,1,614943,154603,154603,877,Round 1,2023-04-30,Scott “Scooter” Fort,903,Willow Park,Blue Tees,57,18,1,10:00:00,67,10,834,126,True,False,18,67,True,True,True
67158,2023,MA60,1,614943,184372,184372,844,Round 1,2023-04-30,John Furman,887,Willow Park,Blue Tees,57,18,2,10:00:00,67,10,834,131,True,False,18,67,True,True,True
67158,2023,MA60,1,614943,184503,184503,784,Round 1,2023-04-30,Davy Flight,,Willow Park,Blue Tees,57,18,4,10:30:00,70,13,804,136,True,False,18,70,True,True,True
67158,2023,MA60,1,614943,195353,195353,736,Round 1,2023-04-30,Jerome Mendicino,730,Willow Park,Blue Tees,57,18,3,10:00:00,70,13,804,141,True,False,18,70,True,True,True
67158,2023,MA60,1,614943,129441,129441,839,Round 1,2023-04-30,Jim Robertson,825,Willow Park,Blue Tees,57,18,2,10:30:00,74,17,764,144,True,False,18,74,True,True,True
67158,2023,MA60,1,614943,1740,1740,773,Round 1,2023-04-30,Jeff Reeves,,Willow Park,Blue Tees,57,18,1,10:10:00,75,18,754,147,True,False,18,75,True,True,True
67158,2023,MA60,1,614943,129767,129767,743,Round 1,2023-04-30,Will Graustein,730,Willow Park,Blue Tees,57,18,3,10:20:00,80,23,704,156,True,False,18,80,True,True,True
67158,2023,MA60,2,614943,125535,125535,858,Round 2,2023-04-30,Joe Tota,846,Willow Park,Blue Tees,57,18,2,10:40:00,58,1,924,119,True,False,18,58,True,True,True
67158,2023,MA60,2,614943,130713,130713,863,Round 2,2023-04-30,Ian Martin,902,Willow Park,Blue Tees,57,18,4,10:40:00,59,2,914,123,True,False,18,59,True,True,True
67158,2023,MA60,2,614943,120338,120338,829,Round 2,2023-04-30,Mark Cook,,Willow Park,Blue Tees,57,18,1,10:40:00,62,5,884,123,True,False,18,62,True,True,True
67158,2023,MA60,2,614943,85615,85615,831,Round 2,2023-04-30,Louis Davis,871,Willow Park,Blue Tees,57,18,3,10:40:00,62,5,884,125,True,False,18,62,True,True,True
67158,2023,MA60,2,614943,154603,154603,877,Round 2,2023-04-30,Scott “Scooter” Fort,903,Willow Park,Blue Tees,57,18,3,10:30:00,59,2,914,126,True,False,18,59,True,True,True
67158,2023,MA60,2,614943,122325,122325,856,Round 2,2023-04-30,David Mulvey,,Willow Park,Blue Tees,57,18,1,10:30:00,63,6,874,129,True,False,18,63,True,True,True
67158,2023,MA60,2,614943,184372,184372,844,Round 2,2023-04-30,John Furman,887,Willow Park,Blue Tees,57,18,1,10:20:00,64,7,864,131,True,False,18,64,True,True,True
67158,2023,MA60,2,614943,184503,184503,784,Round 2,2023-04-30,Davy Flight,,Willow Park,Blue Tees,57,18,2,10:20:00,66,9,844,136,True,False,18,66,True,True,True
67158,2023,MA60,2,614943,131352,131352,775,Round 2,2023-04-30,David Havens,816,Willow Park,Blue Tees,57,18,2,10:30:00,73,16,774,139,True,False,18,73,True,True,True
67158,2023,MA60,2,614943,195353,195353,736,Round 2,2023-04-30,Jerome Mendicino,730,Willow Park,Blue Tees,57,18,3,10:20:00,71,14,794,141,True,False,18,71,True,True,True
67158,2023,MA60,2,614943,129441,129441,839,Round 2,2023-04-30,Jim Robertson,825,Willow Park,Blue Tees,57,18,1,10:10:00,70,13,804,144,True,False,18,70,True,True,True
67158,2023,MA60,2,614943,1740,1740,773,Round 2,2023-04-30,Jeff Reeves,,Willow Park,Blue Tees,57,18,2,10:10:00,72,15,784,147,True,False,18,72,True,True,True
67158,2023,MA60,2,614943,129767,129767,743,Round 2,2023-04-30,Will Graustein,730,Willow Park,Blue Tees,57,18,3,10:10:00,76,19,744,156,True,False,18,76,True,True,True
67158,2023,MP40,1,614943,144924,144924,931,Round 1,2023-04-30,Jason Joseph,,Willow Park,Blue Tees,57,18,2,14:10:00,53,-4,974,110,True,False,18,53,True,True,True
67158,2023,MP40,1,614943,189489,189489,938,Round 1,2023-04-30,Joshua Niss,937,Willow Park,Blue Tees,57,18,2,14:30:00,53,-4,974,105,True,False,18,53,True,True,True
67158,2023,MP40,1,614943,121886,121886,937,Round 1,2023-04-30,Lucas Germano,,Willow Park,Blue Tees,57,18,2,14:20:00,56,-1,944,120,True,False,18,56,True,True,True
67158,2023,MP40,1,614943,193211,193211,904,Round 1,2023-04-30,Greg Babbin,933,Willow Park,Blue Tees,57,18,3,14:10:00,56,-1,944,110,True,False,18,56,True,True,True
67158,2023,MP40,1,614943,24381,24381,950,Round 1,2023-04-30,Chris Young,937,Willow Park,Blue Tees,57,18,1,14:30:00,58,1,924,117,True,False,18,58,True,True,True
67158,2023,MP40,1,614943,100369,100369,902,Round 1,2023-04-30,Chris Buckle,878,Willow Park,Blue Tees,57,18,3,14:20:00,60,3,904,118,True,False,18,60,True,True,True
67158,2023,MP40,1,614943,109527,109527,903,Round 1,2023-04-30,Mike Wenzel,901,Willow Park,Blue Tees,57,18,1,14:20:00,60,3,904,120,True,False,18,60,True,True,True
67158,2023,MP40,1,614943,247331,247331,,Round 1,2023-04-30,Nick Russell,912,Willow Park,Blue Tees,57,18,4,14:20:00,60,3,904,122,True,False,18,60,True,True,True
67158,2023,MP40,1,614943,178064,178064,907,Round 1,2023-04-30,Peter Walke,,Willow Park,Blue Tees,57,18,3,14:30:00,61,4,894,121,True,False,18,61,True,True,True
67158,2023,MP40,1,614943,166239,166239,924,Round 1,2023-04-30,Tom Raub,958,Willow Park,Blue Tees,57,18,4,14:30:00,62,5,884,118,True,False,18,62,True,True,True
67158,2023,MP40,1,614943,143328,143328,909,Round 1,2023-04-30,Richard LeClair,,Willow Park,Blue Tees,57,18,1,14:10:00,63,6,874,888,True,False,18,63,True,True,True
67158,2023,MP40,2,614943,189489,189489,938,Round 2,2023-04-30,Joshua Niss,937,Willow Park,Blue Tees,57,18,2,14:30:00,52,-5,984,105,True,False,18,52,True,True,True
67158,2023,MP40,2,614943,193211,193211,904,Round 2,2023-04-30,Greg Babbin,933,Willow Park,Blue Tees,57,18,4,14:30:00,54,-3,964,110,True,False,18,54,True,True,True
67158,2023,MP40,2,614943,144924,144924,931,Round 2,2023-04-30,Jason Joseph,,Willow Park,Blue Tees,57,18,1,14:30:00,57,0,934,110,True,False,18,57,True,True,True
67158,2023,MP40,2,614943,24381,24381,950,Round 2,2023-04-30,Chris Young,937,Willow Park,Blue Tees,57,18,5,14:20:00,59,2,914,117,True,False,18,59,True,True,True
67158,2023,MP40,2,614943,166239,166239,924,Round 2,2023-04-30,Tom Raub,958,Willow Park,Blue Tees,57,18,5,14:10:00,56,-1,944,118,True,False,18,56,True,True,True
67158,2023,MP40,2,614943,100369,100369,902,Round 2,2023-04-30,Chris Buckle,878,Willow Park,Blue Tees,57,18,1,14:20:00,58,1,924,118,True,False,18,58,True,True,True
67158,2023,MP40,2,614943,109527,109527,903,Round 2,2023-04-30,Mike Wenzel,901,Willow Park,Blue Tees,57,18,2,14:20:00,60,3,904,120,True,False,18,60,True,True,True
67158,2023,MP40,2,614943,121886,121886,937,Round 2,2023-04-30,Lucas Germano,,Willow Park,Blue Tees,57,18,3,14:30:00,64,7,864,120,True,False,18,64,True,True,True
67158,2023,MP40,2,614943,178064,178064,907,Round 2,2023-04-30,Peter Walke,,Willow Park,Blue Tees,57,18,4,14:10:00,60,3,904,121,True,False,18,60,True,True,True
67158,2023,MP40,2,614943,247331,247331,,Round 2,2023-04-30,Nick Russell,912,Willow Park,Blue Tees,57,18,3,14:20:00,62,5,884,122,True,False,18,62,True,True,True
67158,2023,MP40,2,614943,143328,143328,909,Round 2,2023-04-30,Richard LeClair,,Willow Park,Blue Tees,57,18,3,14:10:00,888,831,,888,True,False,0,,False,False,False
67158,2023,MP50,1,614943,245185,245185,,Round 1,2023-04-30,Michael O'Neil,905,Willow Park,Blue Tees,57,18,4,14:00:00,54,-3,964,115,True,False,18,54,True,True,True
67158,2023,MP50,1,614943,153703,153703,912,Round 1,2023-04-30,Charles Carpenter Jr,921,Willow Park,Blue Tees,57,18,3,14:00:00,60,3,904,122,True,False,18,60,True,True,True
67158,2023,MP50,2,614943,245185,245185,,Round 2,2023-04-30,Michael O'Neil,905,Willow Park,Blue Tees,57,18,1,13:10:00,61,4,894,115,True,False,18,61,True,True,True
67158,2023,MP50,2,614943,153703,153703,912,Round 2,2023-04-30,Charles Carpenter Jr,921,Willow Park,Blue Tees,57,18,2,13:10:00,62,5,884,122,True,False,18,62,True,True,True
67158,2023,MPO,1,614943,164158,164158,946,Round 1,2023-04-30,Alex Raub,,Willow Park,Blue Tees,57,18,3,13:20:00,49,-8,1014,102,True,False,18,49,True,True,True
67158,2023,MPO,1,614943,167479,167479,943,Round 1,2023-04-30,Joshua Bilodeau,966,Willow Park,Blue Tees,57,18,1,13:40:00,51,-6,994,104,True,False,18,51,True,True,True
67158,2023,MPO,1,614943,169393,169393,942,Round 1,2023-04-30,Aidan Trombley,977,Willow Park,Blue Tees,57,18,4,13:10:00,52,-5,984,105,True,False,18,52,True,True,True
67158,2023,MPO,1,614943,122658,122658,939,Round 1,2023-04-30,Joey Tota,945,Willow Park,Blue Tees,57,18,2,14:00:00,53,-4,974,105,True,False,18,53,True,True,True
67158,2023,MPO,1,614943,54700,54700,945,Round 1,2023-04-30,Nicholas Muth,944,Willow Park,Blue Tees,57,18,1,14:00:00,54,-3,964,110,True,False,18,54,True,True,True
67158,2023,MPO,1,614943,150908,150908,938,Round 1,2023-04-30,Jacob Steinman,,Willow Park,Blue Tees,57,18,3,13:30:00,54,-3,964,106,True,False,18,54,True,True,True
67158,2023,MPO,1,614943,81283,81283,965,Round 1,2023-04-30,Ronnie Bennett,968,Willow Park,Blue Tees,57,18,1,13:20:00,55,-2,954,110,True,False,18,55,True,True,True
67158,2023,MPO,1,614943,187845,187845,925,Round 1,2023-04-30,Shane Seals,962,Willow Park,Blue Tees,57,18,3,13:40:00,56,-1,944,116,True,False,18,56,True,True,True
67158,2023,MPO,1,614943,118928,118928,940,Round 1,2023-04-30,Tyler Pomichter,926,Willow Park,Blue Tees,57,18,2,13:10:00,57,0,934,107,True,False,18,57,True,True,True
67158,2023,MPO,1,614943,126144,126144,949,Round 1,2023-04-30,Gregory Miller,,Willow Park,Blue Tees,57,18,4,13:50:00,58,1,924,118,True,False,18,58,True,True,True
67158,2023,MPO,1,614943,109086,109086,952,Round 1,2023-04-30,Aaron Schlossberg,947,Willow Park,Blue Tees,57,18,4,13:20:00,59,2,914,113,True,False,18,59,True,True,True
67158,2023,MPO,1,614943,176037,176037,923,Round 1,2023-04-30,David Flight,,Willow Park,Blue Tees,57,18,1,13:50:00,60,3,904,116,True,False,18,60,True,True,True
67158,2023,MPO,1,614943,100885,100885,953,Round 1,2023-04-30,Jacob Moore,945,Willow Park,Blue Tees,57,18,3,13:10:00,61,4,894,118,True,False,18,61,True,True,True
67158,2023,MPO,1,614943,125328,125328,928,Round 1,2023-04-30,Dana Carpenter,,Willow Park,Blue Tees,57,18,2,13:20:00,62,5,884,122,True,False,18,62,True,True,True
67158,2023,MPO,1,614943,105384,105384,872,Round 1,2023-04-30,James White II,,Willow Park,Blue Tees,57,18,2,13:50:00,63,6,874,127,True,False,18,63,True,True,True
67158,2023,MPO,1,614943,168047,168047,889,Round 1,2023-04-30,Jim Desisto,915,Willow Park,Blue Tees,57,18,2,13:30:00,63,6,874,124,True,False,18,63,True,True,True
67158,2023,MPO,1,614943,252153,252153,,Round 1,2023-04-30,Tyler Pelkey,,Willow Park,Blue Tees,57,18,2,13:40:00,64,7,864,132,True,False,18,64,True,True,True
67158,2023,MPO,1,614943,106970,106970,838,Round 1,2023-04-30,Stefan Farrell,852,Willow Park,Blue Tees,57,18,3,13:50:00,65,8,854,133,True,False,18,65,True,True,True
67158,2023,MPO,1,614943,219271,219271,914,Round 1,2023-04-30,James Tuvilla-Roberts,,Willow Park,Blue Tees,57,18,1,13:30:00,65,8,854,123,True,False,18,65,True,True,True
67158,2023,MPO,1,614943,name:luke bult,,,Round 1,2023-04-30,Luke Bult,,Willow Park,Blue Tees,57,18,4,13:40:00,77,20,734,141,True,False,18,77,True,True,True
67158,2023,MPO,2,614943,164158,164158,946,Round 2,2023-04-30,Alex Raub,,Willow Park,Blue Tees,57,18,1,14:00:00,53,-4,974,102,True,False,18,53,True,True,True
67158,2023,MPO,2,614943,167479,167479,943,Round 2,2023-04-30,Joshua Bilodeau,966,Willow Park,Blue Tees,57,18,2,14:00:00,53,-4,974,104,True,False,18,53,True,True,True
67158,2023,MPO,2,614943,122658,122658,939,Round 2,2023-04-30,Joey Tota,945,Willow Park,Blue Tees,57,18,4,14:00:00,52,-5,984,105,True,False,18,52,True,True,True
67158,2023,MPO,2,614943,169393,169393,942,Round 2,2023-04-30,Aidan Trombley,977,Willow Park,Blue Tees,57,18,3,14:00:00,53,-4,974,105,True,False,18,53,True,True,True
67158,2023,MPO,2,614943,150908,150908,938,Round 2,2023-04-30,Jacob Steinman,,Willow Park,Blue Tees,57,18,2,13:50:00,52,-5,984,106,True,False,18,52,True,True,True
67158,2023,MPO,2,614943,118928,118928,940,Round 2,2023-04-30,Tyler Pomichter,926,Willow Park,Blue Tees,57,18,1,13:40:00,50,-7,1004,107,True,False,18,50,True,True,True
67158,2023,MPO,2,614943,81283,81283,965,Round 2,2023-04-30,Ronnie Bennett,968,Willow Park,Blue Tees,57,18,3,13:50:00,55,-2,954,110,True,False,18,55,True,True,True
67158,2023,MPO,2,614943,54700,54700,945,Round 2,2023-04-30,Nicholas Muth,944,Willow Park,Blue Tees,57,18,1,13:50:00,56,-1,944,110,True,False,18,56,True,True,True
67158,2023,MPO,2,614943,109086,109086,952,Round 2,2023-04-30,Aaron Schlossberg,947,Willow Park,Blue Tees,57,18,3,13:40:00,54,-3,964,113,True,False,18,54,True,True,True
67158,2023,MPO,2,614943,176037,176037,923,Round 2,2023-04-30,David Flight,,Willow Park,Blue Tees,57,18,4,13:40:00,56,-1,944,116,True,False,18,56,True,True,True
67158,2023,MPO,2,614943,187845,187845,925,Round 2,2023-04-30,Shane Seals,962,Willow Park,Blue Tees,57,18,4,13:50:00,60,3,904,116,True,False,18,60,True,True,True
67158,2023,MPO,2,614943,100885,100885,953,Round 2,2023-04-30,Jacob Moore,945,Willow Park,Blue Tees,57,18,1,13:30:00,57,0,934,118,True,False,18,57,True,True,True
67158,2023,MPO,2,614943,126144,126144,949,Round 2,2023-04-30,Gregory Miller,,Willow Park,Blue Tees,57,18,2,13:40:00,60,3,904,118,True,False,18,60,True,True,True
67158,2023,MPO,2,614943,125328,125328,928,Round 2,2023-04-30,Dana Carpenter,,Willow Park,Blue Tees,57,18,2,13:30:00,60,3,904,122,True,False,18,60,True,True,True
67158,2023,MPO,2,614943,219271,219271,914,Round 2,2023-04-30,James Tuvilla-Roberts,,Willow Park,Blue Tees,57,18,3,13:20:00,58,1,924,123,True,False,18,58,True,True,True
67158,2023,MPO,2,614943,168047,168047,889,Round 2,2023-04-30,Jim Desisto,915,Willow Park,Blue Tees,57,18,4,13:30:00,61,4,894,124,True,False,18,61,True,True,True
67158,2023,MPO,2,614943,105384,105384,872,Round 2,2023-04-30,James White II,,Willow Park,Blue Tees,57,18,3,13:30:00,64,7,864,127,True,False,18,64,True,True,True
67158,2023,MPO,2,614943,252153,252153,,Round 2,2023-04-30,Tyler Pelkey,,Willow Park,Blue Tees,57,18,1,13:20:00,68,11,824,132,True,False,18,68,True,True,True
67158,2023,MPO,2,614943,106970,106970,838,Round 2,2023-04-30,Stefan Farrell,852,Willow Park,Blue Tees,57,18,2,13:20:00,68,11,824,133,True,False,18,68,True,True,True
67158,2023,MPO,2,614943,name:luke bult,,,Round 2,2023-04-30,Luke Bult,,Willow Park,Blue Tees,57,18,4,13:20:00,64,7,864,141,True,False,18,64,True,True,True
67159,2023,FA2,1,617350,150234,150234,772,Round 1,2023-05-14,Erica Randall,,White River Disc Golf Course,Default Layout,54,18,4,11:10:00,61,7,783,120,True,False,18,61,True,True,True
67159,2023,FA2,1,617350,name:tovah donahue,,,Round 1,2023-05-14,Tovah Donahue,,White River Disc Golf Course,Default Layout,54,18,3,11:10:00,85,31,470,173,True,False,18,85,True,True,True
67159,2023,FA2,2,617350,150234,150234,772,Round 2,2023-05-14,Erica Randall,,White River Disc Golf Course,Default Layout,54,18,1,08:20:00,59,5,809,120,True,False,18,59,True,True,True
67159,2023,FA2,2,617350,name:tovah donahue,,,Round 2,2023-05-14,Tovah Donahue,,White River Disc Golf Course,Default Layout,54,18,5,08:20:00,88,34,431,173,True,False,18,88,True,True,True
67159,2023,FA3,1,617350,233218,233218,,Round 1,2023-05-14,Elyse Scott,,White River Disc Golf Course,Default Layout,54,18,3,08:20:00,64,10,744,127,True,False,18,64,True,True,True
67159,2023,FA3,1,617350,208280,208280,706,Round 1,2023-05-14,Jill Brooker,,White River Disc Golf Course,Default Layout,54,18,1,08:10:00,65,11,731,139,True,False,18,65,True,True,True
67159,2023,FA3,1,617350,228265,228265,590,Round 1,2023-05-14,Maryellen Copping,705,White River Disc Golf Course,Default Layout,54,18,1,08:20:00,72,18,640,144,True,False,18,72,True,True,True
67159,2023,FA3,1,617350,259152,259152,,Round 1,2023-05-14,Marie Norton,,White River Disc Golf Course,Default Layout,54,18,2,08:10:00,72,18,640,151,True,False,18,72,True,True,True
67159,2023,FA3,1,617350,name:deana irving,,,Round 1,2023-05-14,DeAna Irving,,White River Disc Golf Course,Default Layout,54,18,4,08:20:00,75,21,601,144,True,False,18,75,True,True,True
67159,2023,FA3,1,617350,name:lea white,,,Round 1,2023-05-14,Lea White,,White River Disc Golf Course,Default Layout,54,18,3,08:10:00,77,23,575,155,True,False,18,77,True,True,True
67159,2023,FA3,1,617350,228978,228978,439,Round 1,2023-05-14,Nicole Meyer,,White River Disc Golf Course,Default Layout,54,18,2,08:20:00,81,27,522,162,True,False,18,81,True,True,True
67159,2023,FA3,2,617350,233218,233218,,Round 2,2023-05-14,Elyse Scott,,White River Disc Golf Course,Default Layout,54,18,1,08:30:00,63,9,757,127,True,False,18,63,True,True,True
67159,2023,FA3,2,617350,208280,208280,706,Round 2,2023-05-14,Jill Brooker,,White River Disc Golf Course,Default Layout,54,18,2,08:30:00,74,20,614,139,True,False,18,74,True,True,True
67159,2023,FA3,2,617350,name:deana irving,,,Round 2,2023-05-14,DeAna Irving,,White River Disc Golf Course,Default Layout,54,18,2,08:20:00,69,15,679,144,True,False,18,69,True,True,True
67159,2023,FA3,2,617350,228265,228265,590,Round 2,2023-05-14,Maryellen Copping,705,White River Disc Golf Course,Default Layout,54,18,3,08:30:00,72,18,640,144,True,False,18,72,True,True,True
67159,2023,FA3,2,617350,259152,259152,,Round 2,2023-05-14,Marie Norton,,White River Disc Golf Course,Default Layout,54,18,4,08:30:00,79,25,548,151,True,False,18,79,True,True,True
67159,2023,FA3,2,617350,name:lea white,,,Round 2,2023-05-14,Lea White,,White River Disc Golf Course,Default Layout,54,18,3,08:20:00,78,24,561,155,True,False,18,78,True,True,True
67159,2023,FA3,2,617350,228978,228978,439,Round 2,2023-05-14,Nicole Meyer,,White River Disc Golf Course,Default Layout,54,18,4,08:20:00,81,27,522,162,True,False,18,81,True,True,True
67159,2023,FA40,1,617350,64064,64064,801,Round 1,2023-05-14,Lee Steines,,White River Disc Golf Course,Default Layout,54,18,1,10:00:00,55,1,861,116,True,False,18,55,True,True,True
67159,2023,FA40,1,617350,94272,94272,787,Round 1,2023-05-14,Gabrielle Pozzani,818,White River Disc Golf Course,Default Layout,54,18,2,10:00:00,63,9,757,120,True,False,18,63,True,True,True
67159,2023,FA40,1,617350,213173,213173,666,Round 1,2023-05-14,Elizabeth Carrell,775,White River Disc Golf Course,Default Layout,54,18,4,10:00:00,63,9,757,129,True,False,18,63,True,True,True
67159,2023,FA40,1,617350,161647,161647,674,Round 1,2023-05-14,Michele Sargent,611,White River Disc Golf Course,Default Layout,54,18,3,10:00:00,67,13,705,139,True,False,18,67,True,True,True
67159,2023,FA40,2,617350,64064,64064,801,Round 2,2023-05-14,Lee Steines,,White River Disc Golf Course,Default Layout,54,18,1,11:10:00,61,7,783,116,True,False,18,61,True,True,True
67159,2023,FA40,2,617350,94272,94272,787,Round 2,2023-05-14,Gabrielle Pozzani,818,White River Disc Golf Course,Default Layout,54,18,2,11:10:00,57,3,835,120,True,False,18,57,True,True,True
67159,2023,FA40,2,617350,213173,213173,666,Round 2,2023-05-14,Elizabeth Carrell,775,White River Disc Golf Course,Default Layout,54,18,3,11:10:00,66,12,718,129,True,False,18,66,True,True,True
67159,2023,FA40,2,617350,161647,161647,674,Round 2,2023-05-14,Michele Sargent,611,White River Disc Golf Course,Default Layout,54,18,4,11:10:00,72,18,640,139,True,False,18,72,True,True,True
67159,2023,FPO,1,617350,122613,122613,859,Round 1,2023-05-14,Kelly Heslin,889,White River Disc Golf Course,Default Layout,54,18,3,13:20:00,54,0,874,112,True,False,18,54,True,True,True
67159,2023,FPO,1,617350,228248,228248,743,Round 1,2023-05-14,Isza Parchini,802,White River Disc Golf Course,Default Layout,54,18,4,13:20:00,66,12,718,134,True,False,18,66,True,True,True
67159,2023,FPO,2,617350,122613,122613,859,Round 2,2023-05-14,Kelly Heslin,889,White River Disc Golf Course,Default Layout,54,18,1,13:30:00,58,4,822,112,True,False,18,58,True,True,True
67159,2023,FPO,2,617350,228248,228248,743,Round 2,2023-05-14,Isza Parchini,802,White River Disc Golf Course,Default Layout,54,18,3,13:30:00,68,14,692,134,True,False,18,68,True,True,True
67159,2023,MA1,1,617350,110707,110707,924,Round 1,2023-05-14,Jason Wilson,927,White River Disc Golf Course,Default Layout,54,18,3,11:20:00,48,-6,952,98,True,False,18,48,True,True,True
67159,2023,MA1,1,617350,168663,168663,920,Round 1,2023-05-14,Austin Neddo,,White River Disc Golf Course,Default Layout,54,18,2,11:20:00,48,-6,952,99,True,False,18,48,True,True,True
67159,2023,MA1,1,617350,131201,131201,931,Round 1,2023-05-14,Tyler LaPerle,973,White River Disc Golf Course,Default Layout,54,18,1,11:20:00,49,-5,939,95,True,False,18,49,True,True,True
67159,2023,MA1,1,617350,173058,173058,925,Round 1,2023-05-14,Brandon Allaire,950,White River Disc Golf Course,Default Layout,54,18,4,11:20:00,49,-5,939,98,True,False,18,49,True,True,True
67159,2023,MA1,1,617350,257327,257327,,Round 1,2023-05-14,Owen Motyka,920,White River Disc Golf Course,Default Layout,54,18,2,11:10:00,49,-5,939,100,True,False,18,49,True,True,True
67159,2023,MA1,1,617350,138228,138228,902,Round 1,2023-05-14,Dan Barmore,,White River Disc Golf Course,Default Layout,54,18,4,11:30:00,50,-4,926,106,True,False,18,50,True,True,True
67159,2023,MA1,1,617350,82340,82340,915,Round 1,2023-05-14,Justin Leonard,912,White River Disc Golf Course,Default Layout,54,18,1,11:30:00,51,-3,913,101,True,False,18,51,True,True,True
67159,2023,MA1,1,617350,129859,129859,918,Round 1,2023-05-14,Seth Marcil,944,White River Disc Golf Course,Default Layout,54,18,2,12:20:00,51,-3,913,99,True,False,18,51,True,True,True
67159,2023,MA1,1,617350,202776,202776,855,Round 1,2023-05-14,Taylor Lozier,,White River Disc Golf Course,Default Layout,54,18,2,11:50:00,51,-3,913,104,True,False,18,51,True,True,True
67159,2023,MA1,1,617350,136937,136937,902,Round 1,2023-05-14,Zach Bossier,,White River Disc Golf Course,Default Layout,54,18,1,12:10:00,52,-2,900,101,True,False,18,52,True,True,True
67159,2023,MA1,1,617350,175140,175140,871,Round 1,2023-05-14,Christian Garey,890,White River Disc Golf Course,Default Layout,54,18,3,12:20:00,52,-2,900,103,True,False,18,52,True,True,True
67159,2023,MA1,1,617350,218262,218262,882,Round 1,2023-05-14,Jerry Jackman,913,White River Disc Golf Course,Default Layout,54,18,2,11:40:00,52,-2,900,105,True,False,18,52,True,True,True
67159,2023,MA1,1,617350,168715,168715,908,Round 1,2023-05-14,John Kirby,939,White River Disc Golf Course,Default Layout,54,18,1,11:10:00,53,-1,887,102,True,False,18,53,True,True,True
67159,2023,MA1,1,617350,219966,219966,917,Round 1,2023-05-14,Colin Dowey,920,White River Disc Golf Course,Default Layout,54,18,2,12:10:00,53,-1,887,103,True,False,18,53,True,True,True
67159,2023,MA1,1,617350,50816,50816,888,Round 1,2023-05-14,Tristan Whitehouse,,White River Disc Golf Course,Default Layout,54,18,1,11:40:00,54,0,874,111,True,False,18,54,True,True,True
67159,2023,MA1,1,617350,242902,242902,890,Round 1,2023-05-14,Christopher Rullan,,White River Disc Golf Course,Default Layout,54,18,4,12:00:00,54,0,874,110,True,False,18,54,True,True,True
67159,2023,MA1,1,617350,138042,138042,906,Round 1,2023-05-14,Russell Freeman,925,White River Disc Golf Course,Default Layout,54,18,3,12:00:00,55,1,861,110,True,False,18,55,True,True,True
67159,2023,MA1,1,617350,205492,205492,916,Round 1,2023-05-14,Hayden Laster,942,White River Disc Golf Course,Default Layout,54,18,2,12:00:00,55,1,861,102,True,False,18,55,True,True,True
67159,2023,MA1,1,617350,258938,258938,,Round 1,2023-05-14,Brandon Kendall,,White River Disc Golf Course,Default Layout,54,18,4,11:40:00,55,1,861,109,True,False,18,55,True,True,True
67159,2023,MA1,1,617350,name:alex bartlett,,,Round 1,2023-05-14,Alex Bartlett,,White River Disc Golf Course,Default Layout,54,18,4,12:10:00,55,1,861,108,True,False,18,55,True,True,True
67159,2023,MA1,1,617350,136942,136942,838,Round 1,2023-05-14,Christopher Larock,,White River Disc Golf Course,Default Layout,54,18,1,11:50:00,56,2,848,114,True,False,18,56,True,True,True
67159,2023,MA1,1,617350,220125,220125,825,Round 1,2023-05-14,Andy Jadrnak,,White River Disc Golf Course,Default Layout,54,18,3,11:30:00,56,2,848,112,True,False,18,56,True,True,True
67159,2023,MA1,1,617350,222597,222597,871,Round 1,2023-05-14,Jack McCarthy,,White River Disc Golf Course,Default Layout,54,18,4,12:20:00,56,2,848,104,True,False,18,56,True,True,True
67159,2023,MA1,1,617350,212570,212570,861,Round 1,2023-05-14,Derek Copping,874,White River Disc Golf Course,Default Layout,54,18,3,11:50:00,57,3,835,107,True,False,18,57,True,True,True
67159,2023,MA1,1,617350,251964,251964,,Round 1,2023-05-14,Hans Kindstedt,938,White River Disc Golf Course,Default Layout,54,18,3,11:40:00,57,3,835,108,True,False,18,57,True,True,True
67159,2023,MA1,1,617350,158783,158783,906,Round 1,2023-05-14,Joseph Humes,906,White River Disc Golf Course,Default Layout,54,18,1,12:00:00,58,4,822,112,True,False,18,58,True,True,True
67159,2023,MA1,1,617350,162806,162806,882,Round 1,2023-05-14,Ethan Springer,886,White River Disc Golf Course,Default Layout,54,18,2,11:30:00,59,5,809,113,True,False,18,59,True,True,True
67159,2023,MA1,1,617350,236206,236206,,Round 1,2023-05-14,Chris Sigmund,879,White River Disc Golf Course,Default Layout,54,18,4,11:50:00,59,5,809,110,True,False,18,59,True,True,True
67159,2023,MA1,1,617350,name:nicholas garvey,,,Round 1,2023-05-14,Nicholas Garvey,,White River Disc Golf Course,Default Layout,54,18,3,12:10:00,59,5,809,119,True,False,18,59,True,True,True
67159,2023,MA1,1,617350,120536,120536,870,Round 1,2023-05-14,Andrew Palumbo,,White River Disc Golf Course,Default Layout,54,18,1,12:20:00,60,6,796,112,True,False,18,60,True,True,True
67159,2023,MA1,2,617350,131201,131201,931,Round 2,2023-05-14,Tyler LaPerle,973,White River Disc Golf Course,Default Layout,54,18,3,12:30:00,46,-8,978,95,True,False,18,46,True,True,True
67159,2023,MA1,2,617350,173058,173058,925,Round 2,2023-05-14,Brandon Allaire,950,White River Disc Golf Course,Default Layout,54,18,4,12:30:00,49,-5,939,98,True,False,18,49,True,True,True
67159,2023,MA1,2,617350,110707,110707,924,Round 2,2023-05-14,Jason Wilson,927,White River Disc Golf Course,Default Layout,54,18,1,12:30:00,50,-4,926,98,True,False,18,50,True,True,True
67159,2023,MA1,2,617350,129859,129859,918,Round 2,2023-05-14,Seth Marcil,944,White River Disc Golf Course,Default Layout,54,18,4,12:20:00,48,-6,952,99,True,False,18,48,True,True,True
67159,2023,MA1,2,617350,168663,168663,920,Round 2,2023-05-14,Austin Neddo,,White River Disc Golf Course,Default Layout,54,18,2,12:30:00,51,-3,913,99,True,False,18,51,True,True,True
67159,2023,MA1,2,617350,257327,257327,,Round 2,2023-05-14,Owen Motyka,920,White River Disc Golf Course,Default Layout,54,18,1,12:20:00,51,-3,913,100,True,False,18,51,True,True,True
67159,2023,MA1,2,617350,136937,136937,902,Round 2,2023-05-14,Zach Bossier,,White River Disc Golf Course,Default Layout,54,18,2,12:10:00,49,-5,939,101,True,False,18,49,True,True,True
67159,2023,MA1,2,617350,82340,82340,915,Round 2,2023-05-14,Justin Leonard,912,White River Disc Golf Course,Default Layout,54,18,3,12:20:00,50,-4,926,101,True,False,18,50,True,True,True
67159,2023,MA1,2,617350,205492,205492,916,Round 2,2023-05-14,Hayden Laster,942,White River Disc Golf Course,Default Layout,54,18,2,11:50:00,47,-7,965,102,True,False,18,47,True,True,True
67159,2023,MA1,2,617350,168715,168715,908,Round 2,2023-05-14,John Kirby,939,White River Disc Golf Course,Default Layout,54,18,1,12:00:00,49,-5,939,102,True,False,18,49,True,True,True
67159,2023,MA1,2,617350,219966,219966,917,Round 2,2023-05-14,Colin Dowey,920,White River Disc Golf Course,Default Layout,54,18,2,12:00:00,50,-4,926,103,True,False,18,50,True,True,True
67159,2023,MA1,2,617350,175140,175140,871,Round 2,2023-05-14,Christian Garey,890,White River Disc Golf Course,Default Layout,54,18,3,12:10:00,51,-3,913,103,True,False,18,51,True,True,True
67159,2023,MA1,2,617350,222597,222597,871,Round 2,2023-05-14,Jack McCarthy,,White River Disc Golf Course,Default Layout,54,18,3,11:40:00,48,-6,952,104,True,False,18,48,True,True,True
67159,2023,MA1,2,617350,202776,202776,855,Round 2,2023-05-14,Taylor Lozier,,White River Disc Golf Course,Default Layout,54,18,1,12:10:00,53,-1,887,104,True,False,18,53,True,True,True
67159,2023,MA1,2,617350,218262,218262,882,Round 2,2023-05-14,Jerry Jackman,913,White River Disc Golf Course,Default Layout,54,18,4,12:10:00,53,-1,887,105,True,False,18,53,True,True,True
67159,2023,MA1,2,617350,138228,138228,902,Round 2,2023-05-14,Dan Barmore,,White River Disc Golf Course,Default Layout,54,18,2,12:20:00,56,2,848,106,True,False,18,56,True,True,True
67159,2023,MA1,2,617350,212570,212570,861,Round 2,2023-05-14,Derek Copping,874,White River Disc Golf Course,Default Layout,54,18,4,11:40:00,50,-4,926,107,True,False,18,50,True,True,True
67159,2023,MA1,2,617350,251964,251964,,Round 2,2023-05-14,Hans Kindstedt,938,White River Disc Golf Course,Default Layout,54,18,1,11:30:00,51,-3,913,108,True,False,18,51,True,True,True
67159,2023,MA1,2,617350,name:alex bartlett,,,Round 2,2023-05-14,Alex Bartlett,,White River Disc Golf Course,Default Layout,54,18,4,11:50:00,53,-1,887,108,True,False,18,53,True,True,True
67159,2023,MA1,2,617350,258938,258938,,Round 2,2023-05-14,Brandon Kendall,,White River Disc Golf Course,Default Layout,54,18,3,11:50:00,54,0,874,109,True,False,18,54,True,True,True
67159,2023,MA1,2,617350,236206,236206,,Round 2,2023-05-14,Chris Sigmund,879,White River Disc Golf Course,Default Layout,54,18,1,11:20:00,51,-3,913,110,True,False,18,51,True,True,True
67159,2023,MA1,2,617350,138042,138042,906,Round 2,2023-05-14,Russell Freeman,925,White River Disc Golf Course,Default Layout,54,18,1,11:50:00,55,1,861,110,True,False,18,55,True,True,True
67159,2023,MA1,2,617350,242902,242902,890,Round 2,2023-05-14,Christopher Rullan,,White River Disc Golf Course,Default Layout,54,18,4,12:00:00,56,2,848,110,True,False,18,56,True,True,True
67159,2023,MA1,2,617350,50816,50816,888,Round 2,2023-05-14,Tristan Whitehouse,,White River Disc Golf Course,Default Layout,54,18,3,12:00:00,57,3,835,111,True,False,18,57,True,True,True
67159,2023,MA1,2,617350,120536,120536,870,Round 2,2023-05-14,Andrew Palumbo,,White River Disc Golf Course,Default Layout,54,18,3,11:20:00,52,-2,900,112,True,False,18,52,True,True,True
67159,2023,MA1,2,617350,158783,158783,906,Round 2,2023-05-14,Joseph Humes,906,White River Disc Golf Course,Default Layout,54,18,2,11:30:00,54,0,874,112,True,False,18,54,True,True,True
67159,2023,MA1,2,617350,220125,220125,825,Round 2,2023-05-14,Andy Jadrnak,,White River Disc Golf Course,Default Layout,54,18,2,11:40:00,56,2,848,112,True,False,18,56,True,True,True
67159,2023,MA1,2,617350,162806,162806,882,Round 2,2023-05-14,Ethan Springer,886,White River Disc Golf Course,Default Layout,54,18,3,11:30:00,54,0,874,113,True,False,18,54,True,True,True
67159,2023,MA1,2,617350,136942,136942,838,Round 2,2023-05-14,Christopher Larock,,White River Disc Golf Course,Default Layout,54,18,1,11:40:00,58,4,822,114,True,False,18,58,True,True,True
67159,2023,MA1,2,617350,name:nicholas garvey,,,Round 2,2023-05-14,Nicholas Garvey,,White River Disc Golf Course,Default Layout,54,18,2,11:20:00,60,6,796,119,True,False,18,60,True,True,True
67159,2023,MA2,1,617350,63896,63896,869,Round 1,2023-05-14,Ross King,899,White River Disc Golf Course,Default Layout,54,18,1,09:50:00,45,-9,991,98,True,False,18,45,True,True,True
67159,2023,MA2,1,617350,235658,235658,,Round 1,2023-05-14,Brandon Westburg,963,White River Disc Golf Course,Default Layout,54,18,2,09:30:00,48,-6,952,103,True,False,18,48,True,True,True
67159,2023,MA2,1,617350,213171,213171,830,Round 1,2023-05-14,Matt Thornley,905,White River Disc Golf Course,Default Layout,54,18,2,09:10:00,50,-4,926,106,True,False,18,50,True,True,True
67159,2023,MA2,1,617350,124203,124203,870,Round 1,2023-05-14,Ezra Koch,954,White River Disc Golf Course,Default Layout,54,18,1,09:00:00,51,-3,913,109,True,False,18,51,True,True,True
67159,2023,MA2,1,617350,219307,219307,837,Round 1,2023-05-14,Everett Secor,935,White River Disc Golf Course,Default Layout,54,18,3,09:10:00,51,-3,913,103,True,False,18,51,True,True,True
67159,2023,MA2,1,617350,171544,171544,900,Round 1,2023-05-14,Dave Irving,935,White River Disc Golf Course,Default Layout,54,18,2,09:00:00,53,-1,887,109,True,False,18,53,True,True,True
67159,2023,MA2,1,617350,210681,210681,888,Round 1,2023-05-14,Kyle Anderson Andresen,911,White River Disc Golf Course,Default Layout,54,18,2,09:20:00,53,-1,887,112,True,False,18,53,True,True,True
67159,2023,MA2,1,617350,189203,189203,850,Round 1,2023-05-14,Bobby Martino,911,White River Disc Golf Course,Default Layout,54,18,2,09:50:00,54,0,874,110,True,False,18,54,True,True,True
67159,2023,MA2,1,617350,233216,233216,861,Round 1,2023-05-14,Aidan Cahill,,White River Disc Golf Course,Default Layout,54,18,1,09:30:00,54,0,874,107,True,False,18,54,True,True,True
67159,2023,MA2,1,617350,4687,4687,885,Round 1,2023-05-14,Tim Herbert,917,White River Disc Golf Course,Default Layout,54,18,1,09:10:00,55,1,861,106,True,False,18,55,True,True,True
67159,2023,MA2,1,617350,183864,183864,862,Round 1,2023-05-14,Jacob Clay,,White River Disc Golf Course,Default Layout,54,18,1,09:20:00,55,1,861,117,True,False,18,55,True,True,True
67159,2023,MA2,1,617350,213224,213224,869,Round 1,2023-05-14,Justin Griswold,914,White River Disc Golf Course,Default Layout,54,18,3,09:20:00,55,1,861,110,True,False,18,55,True,True,True
67159,2023,MA2,1,617350,244747,244747,,Round 1,2023-05-14,Shane Hinkley,,White River Disc Golf Course,Default Layout,54,18,3,09:30:00,55,1,861,113,True,False,18,55,True,True,True
67159,2023,MA2,1,617350,256331,256331,,Round 1,2023-05-14,Darren Dever,,White River Disc Golf Course,Default Layout,54,18,4,09:50:00,55,1,861,107,True,False,18,55,True,True,True
67159,2023,MA2,1,617350,256730,256730,,Round 1,2023-05-14,Derek Wolfe,,White River Disc Golf Course,Default Layout,54,18,4,09:00:00,56,2,848,109,True,False,18,56,True,True,True
67159,2023,MA2,1,617350,212714,212714,828,Round 1,2023-05-14,Rocco Ceci,879,White River Disc Golf Course,Default Layout,54,18,1,09:40:00,57,3,835,110,True,False,18,57,True,True,True
67159,2023,MA2,1,617350,196711,196711,857,Round 1,2023-05-14,Jarrett Piette,891,White River Disc Golf Course,Default Layout,54,18,3,09:50:00,58,4,822,116,True,False,18,58,True,True,True
67159,2023,MA2,1,617350,234875,234875,,Round 1,2023-05-14,Jeremiah McAlpine,,White River Disc Golf Course,Default Layout,54,18,3,09:40:00,58,4,822,115,True,False,18,58,True,True,True
67159,2023,MA2,1,617350,242103,242103,,Round 1,2023-05-14,Nathan Oxenfeld,895,White River Disc Golf Course,Default Layout,54,18,3,09:00:00,59,5,809,114,True,False,18,59,True,True,True
67159,2023,MA2,1,617350,name:vaughn keenhold,,,Round 1,2023-05-14,Vaughn Keenhold,,White River Disc Golf Course,Default Layout,54,18,4,09:30:00,60,6,796,112,True,False,18,60,True,True,True
67159,2023,MA2,1,617350,name:tom zani,,,Round 1,2023-05-14,Tom Zani,,White River Disc Golf Course,Default Layout,54,18,4,09:10:00,61,7,783,118,True,False,18,61,True,True,True
67159,2023,MA2,1,617350,225080,225080,745,Round 1,2023-05-14,Griffin Osborne,,White River Disc Golf Course,Default Layout,54,18,2,09:40:00,64,10,744,130,True,False,18,64,True,True,True
67159,2023,MA2,1,617350,name:jacob s forcier,,,Round 1,2023-05-14,Jacob S Forcier,,White River Disc Golf Course,Default Layout,54,18,4,09:40:00,66,12,718,888,True,False,18,66,True,True,True
67159,2023,MA2,1,617350,255892,255892,,Round 1,2023-05-14,Joshua Perez,,White River Disc Golf Course,Default Layout,54,18,4,09:20:00,70,16,666,136,True,False,18,70,True,True,True
67159,2023,MA2,2,617350,63896,63896,869,Round 2,2023-05-14,Ross King,899,White River Disc Golf Course,Default Layout,54,18,1,10:00:00,53,-1,887,98,True,False,18,53,True,True,True
67159,2023,MA2,2,617350,219307,219307,837,Round 2,2023-05-14,Everett Secor,935,White River Disc Golf Course,Default Layout,54,18,1,09:50:00,52,-2,900,103,True,False,18,52,True,True,True
67159,2023,MA2,2,617350,235658,235658,,Round 2,2023-05-14,Brandon Westburg,963,White River Disc Golf Course,Default Layout,54,18,2,10:00:00,55,1,861,103,True,False,18,55,True,True,True
67159,2023,MA2,2,617350,4687,4687,885,Round 2,2023-05-14,Tim Herbert,917,White River Disc Golf Course,Default Layout,54,18,2,09:40:00,51,-3,913,106,True,False,18,51,True,True,True
67159,2023,MA2,2,617350,213171,213171,830,Round 2,2023-05-14,Matt Thornley,905,White River Disc Golf Course,Default Layout,54,18,3,10:00:00,56,2,848,106,True,False,18,56,True,True,True
67159,2023,MA2,2,617350,256331,256331,,Round 2,2023-05-14,Darren Dever,,White River Disc Golf Course,Default Layout,54,18,2,09:30:00,52,-2,900,107,True,False,18,52,True,True,True
67159,2023,MA2,2,617350,233216,233216,861,Round 2,2023-05-14,Aidan Cahill,,White River Disc Golf Course,Default Layout,54,18,1,09:40:00,53,-1,887,107,True,False,18,53,True,True,True
67159,2023,MA2,2,617350,256730,256730,,Round 2,2023-05-14,Derek Wolfe,,White River Disc Golf Course,Default Layout,54,18,3,09:30:00,53,-1,887,109,True,False,18,53,True,True,True
67159,2023,MA2,2,617350,171544,171544,900,Round 2,2023-05-14,Dave Irving,935,White River Disc Golf Course,Default Layout,54,18,2,09:50:00,56,2,848,109,True,False,18,56,True,True,True
67159,2023,MA2,2,617350,124203,124203,870,Round 2,2023-05-14,Ezra Koch,954,White River Disc Golf Course,Default Layout,54,18,4,10:00:00,58,4,822,109,True,False,18,58,True,True,True
67159,2023,MA2,2,617350,212714,212714,828,Round 2,2023-05-14,Rocco Ceci,879,White River Disc Golf Course,Default Layout,54,18,4,09:30:00,53,-1,887,110,True,False,18,53,True,True,True
67159,2023,MA2,2,617350,213224,213224,869,Round 2,2023-05-14,Justin Griswold,914,White River Disc Golf Course,Default Layout,54,18,4,09:40:00,55,1,861,110,True,False,18,55,True,True,True
67159,2023,MA2,2,617350,189203,189203,850,Round 2,2023-05-14,Bobby Martino,911,White River Disc Golf Course,Default Layout,54,18,4,09:50:00,56,2,848,110,True,False,18,56,True,True,True
67159,2023,MA2,2,617350,name:vaughn keenhold,,,Round 2,2023-05-14,Vaughn Keenhold,,White River Disc Golf Course,Default Layout,54,18,4,09:20:00,52,-2,900,112,True,False,18,52,True,True,True
67159,2023,MA2,2,617350,210681,210681,888,Round 2,2023-05-14,Kyle Anderson Andresen,911,White River Disc Golf Course,Default Layout,54,18,3,09:50:00,59,5,809,112,True,False,18,59,True,True,True
67159,2023,MA2,2,617350,244747,244747,,Round 2,2023-05-14,Shane Hinkley,,White River Disc Golf Course,Default Layout,54,18,1,09:30:00,58,4,822,113,True,False,18,58,True,True,True
67159,2023,MA2,2,617350,242103,242103,,Round 2,2023-05-14,Nathan Oxenfeld,895,White River Disc Golf Course,Default Layout,54,18,3,09:20:00,55,1,861,114,True,False,18,55,True,True,True
67159,2023,MA2,2,617350,234875,234875,,Round 2,2023-05-14,Jeremiah McAlpine,,White River Disc Golf Course,Default Layout,54,18,2,09:20:00,57,3,835,115,True,False,18,57,True,True,True
67159,2023,MA2,2,617350,196711,196711,857,Round 2,2023-05-14,Jarrett Piette,891,White River Disc Golf Course,Default Layout,54,18,1,09:20:00,58,4,822,116,True,False,18,58,True,True,True
67159,2023,MA2,2,617350,183864,183864,862,Round 2,2023-05-14,Jacob Clay,,White River Disc Golf Course,Default Layout,54,18,3,09:40:00,62,8,770,117,True,False,18,62,True,True,True
67159,2023,MA2,2,617350,name:tom zani,,,Round 2,2023-05-14,Tom Zani,,White River Disc Golf Course,Default Layout,54,18,1,09:10:00,57,3,835,118,True,False,18,57,True,True,True
67159,2023,MA2,2,617350,225080,225080,745,Round 2,2023-05-14,Griffin Osborne,,White River Disc Golf Course,Default Layout,54,18,2,09:10:00,66,12,718,130,True,False,18,66,True,True,True
67159,2023,MA2,2,617350,255892,255892,,Round 2,2023-05-14,Joshua Perez,,White River Disc Golf Course,Default Layout,54,18,3,09:10:00,66,12,718,136,True,False,18,66,True,True,True
67159,2023,MA2,2,617350,name:jacob s forcier,,,Round 2,2023-05-14,Jacob S Forcier,,White River Disc Golf Course,Default Layout,54,18,3,09:10:00,888,834,,888,True,False,0,,False,False,False
67159,2023,MA3,1,617350,166633,166633,877,Round 1,2023-05-14,Joshua Martin,,White River Disc Golf Course,Default Layout,54,18,2,08:40:00,55,1,861,111,True,False,18,55,True,True,True
67159,2023,MA3,1,617350,166636,166636,844,Round 1,2023-05-14,Warren Bombardier,888,White River Disc Golf Course,Default Layout,54,18,2,08:50:00,56,2,848,109,True,False,18,56,True,True,True
67159,2023,MA3,1,617350,239719,239719,797,Round 1,2023-05-14,Thane Griswold,820,White River Disc Golf Course,Default Layout,54,18,4,08:50:00,57,3,835,112,True,False,18,57,True,True,True
67159,2023,MA3,1,617350,93691,93691,864,Round 1,2023-05-14,Dakota O'Brien,,White River Disc Golf Course,Default Layout,54,18,1,08:50:00,58,4,822,112,True,False,18,58,True,True,True
67159,2023,MA3,1,617350,211434,211434,765,Round 1,2023-05-14,Thomas Bousquet,798,White River Disc Golf Course,Default Layout,54,18,3,08:50:00,63,9,757,121,True,False,18,63,True,True,True
67159,2023,MA3,1,617350,239437,239437,,Round 1,2023-05-14,Simon Bethune,830,White River Disc Golf Course,Default Layout,54,18,3,08:40:00,63,9,757,126,True,False,18,63,True,True,True
67159,2023,MA3,1,617350,155933,155933,781,Round 1,2023-05-14,Mourning Fox,,White River Disc Golf Course,Default Layout,54,18,1,08:40:00,68,14,692,131,True,False,18,68,True,True,True
67159,2023,MA3,2,617350,166636,166636,844,Round 2,2023-05-14,Warren Bombardier,888,White River Disc Golf Course,Default Layout,54,18,2,09:00:00,53,-1,887,109,True,False,18,53,True,True,True
67159,2023,MA3,2,617350,166633,166633,877,Round 2,2023-05-14,Joshua Martin,,White River Disc Golf Course,Default Layout,54,18,1,09:00:00,56,2,848,111,True,False,18,56,True,True,True
67159,2023,MA3,2,617350,93691,93691,864,Round 2,2023-05-14,Dakota O'Brien,,White River Disc Golf Course,Default Layout,54,18,4,09:00:00,54,0,874,112,True,False,18,54,True,True,True
67159,2023,MA3,2,617350,239719,239719,797,Round 2,2023-05-14,Thane Griswold,820,White River Disc Golf Course,Default Layout,54,18,3,09:00:00,55,1,861,112,True,False,18,55,True,True,True
67159,2023,MA3,2,617350,211434,211434,765,Round 2,2023-05-14,Thomas Bousquet,798,White River Disc Golf Course,Default Layout,54,18,1,08:50:00,58,4,822,121,True,False,18,58,True,True,True
67159,2023,MA3,2,617350,239437,239437,,Round 2,2023-05-14,Simon Bethune,830,White River Disc Golf Course,Default Layout,54,18,2,08:50:00,63,9,757,126,True,False,18,63,True,True,True
67159,2023,MA3,2,617350,155933,155933,781,Round 2,2023-05-14,Mourning Fox,,White River Disc Golf Course,Default Layout,54,18,3,08:50:00,63,9,757,131,True,False,18,63,True,True,True
67159,2023,MA40,1,617350,73588,73588,866,Round 1,2023-05-14,Will Cleland,910,White River Disc Golf Course,Default Layout,54,18,1,10:10:00,50,-4,926,104,True,False,18,50,True,True,True
67159,2023,MA40,1,617350,259047,259047,,Round 1,2023-05-14,James Sweat,,White River Disc Golf Course,Default Layout,54,18,2,10:20:00,50,-4,926,105,True,False,18,50,True,True,True
67159,2023,MA40,1,617350,84935,84935,891,Round 1,2023-05-14,Droo Fisher,866,White River Disc Golf Course,Default Layout,54,18,2,10:10:00,53,-1,887,105,True,False,18,53,True,True,True
67159,2023,MA40,1,617350,181431,181431,767,Round 1,2023-05-14,Sam Winn,,White River Disc Golf Course,Default Layout,54,18,4,10:20:00,56,2,848,107,True,False,18,56,True,True,True
67159,2023,MA40,1,617350,145666,145666,872,Round 1,2023-05-14,Wesley Pollock,,White River Disc Golf Course,Default Layout,54,18,3,10:10:00,57,3,835,117,True,False,18,57,True,True,True
67159,2023,MA40,1,617350,221629,221629,822,Round 1,2023-05-14,Justin Morgan,858,White River Disc Golf Course,Default Layout,54,18,1,10:30:00,57,3,835,112,True,False,18,57,True,True,True
67159,2023,MA40,1,617350,224036,224036,,Round 1,2023-05-14,Michael Ryan,871,White River Disc Golf Course,Default Layout,54,18,2,10:30:00,57,3,835,113,True,False,18,57,True,True,True
67159,2023,MA40,1,617350,161644,161644,798,Round 1,2023-05-14,Garrett Sargent,818,White River Disc Golf Course,Default Layout,54,18,3,10:20:00,59,5,809,115,True,False,18,59,True,True,True
67159,2023,MA40,1,617350,225614,225614,776,Round 1,2023-05-14,Todd Morgan,,White River Disc Golf Course,Default Layout,54,18,3,10:30:00,60,6,796,123,True,False,18,60,True,True,True
67159,2023,MA40,1,617350,36062,36062,875,Round 1,2023-05-14,Andrew Powell,852,White River Disc Golf Course,Default Layout,54,18,4,10:30:00,62,8,770,123,True,False,18,62,True,True,True
67159,2023,MA40,1,617350,247751,247751,,Round 1,2023-05-14,Jon St. Clair,761,White River Disc Golf Course,Default Layout,54,18,1,10:20:00,62,8,770,123,True,False,18,62,True,True,True
67159,2023,MA40,1,617350,159285,159285,763,Round 1,2023-05-14,Todd Lewis,,White River Disc Golf Course,Default Layout,54,18,4,10:10:00,63,9,757,130,True,False,18,63,True,True,True
67159,2023,MA40,2,617350,73588,73588,866,Round 2,2023-05-14,Will Cleland,910,White River Disc Golf Course,Default Layout,54,18,1,11:00:00,54,0,874,104,True,False,18,54,True,True,True
67159,2023,MA40,2,617350,84935,84935,891,Round 2,2023-05-14,Droo Fisher,866,White River Disc Golf Course,Default Layout,54,18,3,11:00:00,52,-2,900,105,True,False,18,52,True,True,True
67159,2023,MA40,2,617350,259047,259047,,Round 2,2023-05-14,James Sweat,,White River Disc Golf Course,Default Layout,54,18,2,11:00:00,55,1,861,105,True,False,18,55,True,True,True
67159,2023,MA40,2,617350,181431,181431,767,Round 2,2023-05-14,Sam Winn,,White River Disc Golf Course,Default Layout,54,18,4,11:00:00,51,-3,913,107,True,False,18,51,True,True,True
67159,2023,MA40,2,617350,221629,221629,822,Round 2,2023-05-14,Justin Morgan,858,White River Disc Golf Course,Default Layout,54,18,2,10:50:00,55,1,861,112,True,False,18,55,True,True,True
67159,2023,MA40,2,617350,224036,224036,,Round 2,2023-05-14,Michael Ryan,871,White River Disc Golf Course,Default Layout,54,18,3,10:50:00,56,2,848,113,True,False,18,56,True,True,True
67159,2023,MA40,2,617350,161644,161644,798,Round 2,2023-05-14,Garrett Sargent,818,White River Disc Golf Course,Default Layout,54,18,4,10:50:00,56,2,848,115,True,False,18,56,True,True,True
67159,2023,MA40,2,617350,145666,145666,872,Round 2,2023-05-14,Wesley Pollock,,White River Disc Golf Course,Default Layout,54,18,1,10:50:00,60,6,796,117,True,False,18,60,True,True,True
67159,2023,MA40,2,617350,36062,36062,875,Round 2,2023-05-14,Andrew Powell,852,White River Disc Golf Course,Default Layout,54,18,2,10:40:00,61,7,783,123,True,False,18,61,True,True,True
67159,2023,MA40,2,617350,247751,247751,,Round 2,2023-05-14,Jon St. Clair,761,White River Disc Golf Course,Default Layout,54,18,3,10:40:00,61,7,783,123,True,False,18,61,True,True,True
67159,2023,MA40,2,617350,225614,225614,776,Round 2,2023-05-14,Todd Morgan,,White River Disc Golf Course,Default Layout,54,18,1,10:40:00,63,9,757,123,True,False,18,63,True,True,True
67159,2023,MA40,2,617350,159285,159285,763,Round 2,2023-05-14,Todd Lewis,,White River Disc Golf Course,Default Layout,54,18,4,10:40:00,67,13,705,130,True,False,18,67,True,True,True
67159,2023,MA50,1,617350,154887,154887,904,Round 1,2023-05-14,Brian Hunter,941,White River Disc Golf Course,Default Layout,54,18,4,10:40:00,47,-7,965,101,True,False,18,47,True,True,True
67159,2023,MA50,1,617350,101176,101176,900,Round 1,2023-05-14,Eric Jenkins,908,White River Disc Golf Course,Default Layout,54,18,3,10:40:00,53,-1,887,103,True,False,18,53,True,True,True
67159,2023,MA50,1,617350,139113,139113,879,Round 1,2023-05-14,Norman Wedge,859,White River Disc Golf Course,Default Layout,54,18,2,10:50:00,53,-1,887,105,True,False,18,53,True,True,True
67159,2023,MA50,1,617350,169468,169468,844,Round 1,2023-05-14,Kevin Brooker,,White River Disc Golf Course,Default Layout,54,18,1,10:40:00,55,1,861,114,True,False,18,55,True,True,True
67159,2023,MA50,1,617350,140732,140732,817,Round 1,2023-05-14,Matt Saltus,821,White River Disc Golf Course,Default Layout,54,18,2,10:40:00,56,2,848,115,True,False,18,56,True,True,True
67159,2023,MA50,1,617350,177424,177424,840,Round 1,2023-05-14,Kevin Delony,817,White River Disc Golf Course,Default Layout,54,18,1,10:50:00,57,3,835,116,True,False,18,57,True,True,True
67159,2023,MA50,1,617350,199950,199950,886,Round 1,2023-05-14,James Reed,866,White River Disc Golf Course,Default Layout,54,18,4,10:50:00,57,3,835,115,True,False,18,57,True,True,True
67159,2023,MA50,1,617350,179138,179138,840,Round 1,2023-05-14,Chris Hancewicz,831,White River Disc Golf Course,Default Layout,54,18,3,10:50:00,59,5,809,112,True,False,18,59,True,True,True
67159,2023,MA50,2,617350,154887,154887,904,Round 2,2023-05-14,Brian Hunter,941,White River Disc Golf Course,Default Layout,54,18,1,10:30:00,54,0,874,101,True,False,18,54,True,True,True
67159,2023,MA50,2,617350,101176,101176,900,Round 2,2023-05-14,Eric Jenkins,908,White River Disc Golf Course,Default Layout,54,18,2,10:30:00,50,-4,926,103,True,False,18,50,True,True,True
67159,2023,MA50,2,617350,139113,139113,879,Round 2,2023-05-14,Norman Wedge,859,White River Disc Golf Course,Default Layout,54,18,3,10:30:00,52,-2,900,105,True,False,18,52,True,True,True
67159,2023,MA50,2,617350,179138,179138,840,Round 2,2023-05-14,Chris Hancewicz,831,White River Disc Golf Course,Default Layout,54,18,4,10:20:00,53,-1,887,112,True,False,18,53,True,True,True
67159,2023,MA50,2,617350,169468,169468,844,Round 2,2023-05-14,Kevin Brooker,,White River Disc Golf Course,Default Layout,54,18,4,10:30:00,59,5,809,114,True,False,18,59,True,True,True
67159,2023,MA50,2,617350,199950,199950,886,Round 2,2023-05-14,James Reed,866,White River Disc Golf Course,Default Layout,54,18,3,10:20:00,58,4,822,115,True,False,18,58,True,True,True
67159,2023,MA50,2,617350,140732,140732,817,Round 2,2023-05-14,Matt Saltus,821,White River Disc Golf Course,Default Layout,54,18,1,10:20:00,59,5,809,115,True,False,18,59,True,True,True
67159,2023,MA50,2,617350,177424,177424,840,Round 2,2023-05-14,Kevin Delony,817,White River Disc Golf Course,Default Layout,54,18,2,10:20:00,59,5,809,116,True,False,18,59,True,True,True
67159,2023,MA60,1,617350,74478,74478,865,Round 1,2023-05-14,John Sudarsky,845,White River Disc Golf Course,Default Layout,54,18,3,11:00:00,51,-3,913,103,True,False,18,51,True,True,True
67159,2023,MA60,1,617350,131352,131352,781,Round 1,2023-05-14,David Havens,816,White River Disc Golf Course,Default Layout,54,18,1,11:00:00,61,7,783,120,True,False,18,61,True,True,True
67159,2023,MA60,1,617350,248502,248502,,Round 1,2023-05-14,Christian Andresen,846,White River Disc Golf Course,Default Layout,54,18,4,11:00:00,63,9,757,121,True,False,18,63,True,True,True
67159,2023,MA60,1,617350,251926,251926,773,Round 1,2023-05-14,Robert Williams,834,White River Disc Golf Course,Default Layout,54,18,2,11:00:00,63,9,757,125,True,False,18,63,True,True,True
67159,2023,MA60,2,617350,74478,74478,865,Round 2,2023-05-14,John Sudarsky,845,White River Disc Golf Course,Default Layout,54,18,1,10:10:00,52,-2,900,103,True,False,18,52,True,True,True
67159,2023,MA60,2,617350,131352,131352,781,Round 2,2023-05-14,David Havens,816,White River Disc Golf Course,Default Layout,54,18,2,10:10:00,59,5,809,120,True,False,18,59,True,True,True
67159,2023,MA60,2,617350,248502,248502,,Round 2,2023-05-14,Christian Andresen,846,White River Disc Golf Course,Default Layout,54,18,3,10:10:00,58,4,822,121,True,False,18,58,True,True,True
67159,2023,MA60,2,617350,251926,251926,773,Round 2,2023-05-14,Robert Williams,834,White River Disc Golf Course,Default Layout,54,18,4,10:10:00,62,8,770,125,True,False,18,62,True,True,True
67159,2023,MP40,1,617350,24381,24381,947,Round 1,2023-05-14,Chris Young,937,White River Disc Golf Course,Default Layout,54,18,1,13:10:00,44,-10,1004,91,True,False,18,44,True,True,True
67159,2023,MP40,1,617350,96621,96621,947,Round 1,2023-05-14,Jeremy McKittrick,932,White River Disc Golf Course,Default Layout,54,18,1,12:50:00,45,-9,991,91,True,False,18,45,True,True,True
67159,2023,MP40,1,617350,144924,144924,933,Round 1,2023-05-14,Jason Joseph,,White River Disc Golf Course,Default Layout,54,18,3,12:50:00,47,-7,965,98,True,False,18,47,True,True,True
67159,2023,MP40,1,617350,166239,166239,925,Round 1,2023-05-14,Tom Raub,958,White River Disc Golf Course,Default Layout,54,18,2,12:50:00,48,-6,952,97,True,False,18,48,True,True,True
67159,2023,MP40,1,617350,189489,189489,941,Round 1,2023-05-14,Joshua Niss,937,White River Disc Golf Course,Default Layout,54,18,2,13:00:00,48,-6,952,97,True,False,18,48,True,True,True
67159,2023,MP40,1,617350,109527,109527,903,Round 1,2023-05-14,Mike Wenzel,901,White River Disc Golf Course,Default Layout,54,18,3,13:10:00,49,-5,939,103,True,False,18,49,True,True,True
67159,2023,MP40,1,617350,178064,178064,905,Round 1,2023-05-14,Peter Walke,,White River Disc Golf Course,Default Layout,54,18,4,13:10:00,49,-5,939,96,True,False,18,49,True,True,True
67159,2023,MP40,1,617350,15089,15089,908,Round 1,2023-05-14,Jeremy JJ Becker,887,White River Disc Golf Course,Default Layout,54,18,3,13:00:00,50,-4,926,101,True,False,18,50,True,True,True
67159,2023,MP40,1,617350,94273,94273,886,Round 1,2023-05-14,Marques Pozzani,863,White River Disc Golf Course,Default Layout,54,18,2,13:10:00,55,1,861,114,True,False,18,55,True,True,True
67159,2023,MP40,1,617350,164570,164570,925,Round 1,2023-05-14,David Carter,,White River Disc Golf Course,Default Layout,54,18,1,13:00:00,56,2,848,109,True,False,18,56,True,True,True
67159,2023,MP40,2,617350,96621,96621,947,Round 2,2023-05-14,Jeremy McKittrick,932,White River Disc Golf Course,Default Layout,54,18,2,13:20:00,46,-8,978,91,True,False,18,46,True,True,True
67159,2023,MP40,2,617350,24381,24381,947,Round 2,2023-05-14,Chris Young,937,White River Disc Golf Course,Default Layout,54,18,1,13:20:00,47,-7,965,91,True,False,18,47,True,True,True
67159,2023,MP40,2,617350,178064,178064,905,Round 2,2023-05-14,Peter Walke,,White River Disc Golf Course,Default Layout,54,18,3,13:10:00,47,-7,965,96,True,False,18,47,True,True,True
67159,2023,MP40,2,617350,166239,166239,925,Round 2,2023-05-14,Tom Raub,958,White River Disc Golf Course,Default Layout,54,18,4,13:20:00,49,-5,939,97,True,False,18,49,True,True,True
67159,2023,MP40,2,617350,189489,189489,941,Round 2,2023-05-14,Joshua Niss,937,White River Disc Golf Course,Default Layout,54,18,1,13:10:00,49,-5,939,97,True,False,18,49,True,True,True
67159,2023,MP40,2,617350,144924,144924,933,Round 2,2023-05-14,Jason Joseph,,White River Disc Golf Course,Default Layout,54,18,3,13:20:00,51,-3,913,98,True,False,18,51,True,True,True
67159,2023,MP40,2,617350,15089,15089,908,Round 2,2023-05-14,Jeremy JJ Becker,887,White River Disc Golf Course,Default Layout,54,18,1,13:00:00,51,-3,913,101,True,False,18,51,True,True,True
67159,2023,MP40,2,617350,109527,109527,903,Round 2,2023-05-14,Mike Wenzel,901,White River Disc Golf Course,Default Layout,54,18,2,13:10:00,54,0,874,103,True,False,18,54,True,True,True
67159,2023,MP40,2,617350,164570,164570,925,Round 2,2023-05-14,David Carter,,White River Disc Golf Course,Default Layout,54,18,3,13:00:00,53,-1,887,109,True,False,18,53,True,True,True
67159,2023,MP40,2,617350,94273,94273,886,Round 2,2023-05-14,Marques Pozzani,863,White River Disc Golf Course,Default Layout,54,18,2,13:00:00,59,5,809,114,True,False,18,59,True,True,True
67159,2023,MP50,1,617350,84880,84880,912,Round 1,2023-05-14,Marcos Miller,,White River Disc Golf Course,Default Layout,54,18,3,12:30:00,48,-6,952,99,True,False,18,48,True,True,True
67159,2023,MP50,1,617350,2439,2439,951,Round 1,2023-05-14,Daniel Marcus,954,White River Disc Golf Course,Default Layout,54,18,1,12:30:00,49,-5,939,96,True,False,18,49,True,True,True
67159,2023,MP50,1,617350,77623,77623,918,Round 1,2023-05-14,Cary Powell,909,White River Disc Golf Course,Default Layout,54,18,1,12:40:00,49,-5,939,99,True,False,18,49,True,True,True
67159,2023,MP50,1,617350,223480,223480,836,Round 1,2023-05-14,Marc Kirkpatrick,879,White River Disc Golf Course,Default Layout,54,18,3,12:40:00,52,-2,900,103,True,False,18,52,True,True,True
67159,2023,MP50,1,617350,125921,125921,891,Round 1,2023-05-14,Christopher Conk,905,White River Disc Golf Course,Default Layout,54,18,2,12:40:00,54,0,874,105,True,False,18,54,True,True,True
67159,2023,MP50,1,617350,123563,123563,850,Round 1,2023-05-14,Peter Flaherty,741,White River Disc Golf Course,Default Layout,54,18,2,12:30:00,56,2,848,110,True,False,18,56,True,True,True
67159,2023,MP50,2,617350,2439,2439,951,Round 2,2023-05-14,Daniel Marcus,954,White River Disc Golf Course,Default Layout,54,18,2,12:50:00,47,-7,965,96,True,False,18,47,True,True,True
67159,2023,MP50,2,617350,77623,77623,918,Round 2,2023-05-14,Cary Powell,909,White River Disc Golf Course,Default Layout,54,18,3,12:50:00,50,-4,926,99,True,False,18,50,True,True,True
67159,2023,MP50,2,617350,84880,84880,912,Round 2,2023-05-14,Marcos Miller,,White River Disc Golf Course,Default Layout,54,18,1,12:50:00,51,-3,913,99,True,False,18,51,True,True,True
67159,2023,MP50,2,617350,223480,223480,836,Round 2,2023-05-14,Marc Kirkpatrick,879,White River Disc Golf Course,Default Layout,54,18,1,12:40:00,51,-3,913,103,True,False,18,51,True,True,True
67159,2023,MP50,2,617350,125921,125921,891,Round 2,2023-05-14,Christopher Conk,905,White River Disc Golf Course,Default Layout,54,18,2,12:40:00,51,-3,913,105,True,False,18,51,True,True,True
67159,2023,MP50,2,617350,123563,123563,850,Round 2,2023-05-14,Peter Flaherty,741,White River Disc Golf Course,Default Layout,54,18,3,12:40:00,54,0,874,110,True,False,18,54,True,True,True
67159,2023,MPO,1,617350,181649,181649,981,Round 1,2023-05-14,Hubert Vachon,996,White River Disc Golf Course,Default Layout,54,18,3,14:00:00,44,-10,1004,91,True,False,18,44,True,True,True
67159,2023,MPO,1,617350,140098,140098,974,Round 1,2023-05-14,Angus Barstow,980,White River Disc Golf Course,Default Layout,54,18,2,14:00:00,47,-7,965,93,True,False,18,47,True,True,True
67159,2023,MPO,1,617350,207793,207793,887,Round 1,2023-05-14,Walker White,917,White River Disc Golf Course,Default Layout,54,18,4,13:40:00,47,-7,965,99,True,False,18,47,True,True,True
67159,2023,MPO,1,617350,125586,125586,933,Round 1,2023-05-14,Matthew Avery,,White River Disc Golf Course,Default Layout,54,18,1,13:30:00,48,-6,952,98,True,False,18,48,True,True,True
67159,2023,MPO,1,617350,252399,252399,935,Round 1,2023-05-14,Caleb Caldwell,940,White River Disc Golf Course,Default Layout,54,18,3,13:50:00,48,-6,952,98,True,False,18,48,True,True,True
67159,2023,MPO,1,617350,100885,100885,950,Round 1,2023-05-14,Jacob Moore,945,White River Disc Golf Course,Default Layout,54,18,4,13:50:00,49,-5,939,97,True,False,18,49,True,True,True
67159,2023,MPO,1,617350,125328,125328,927,Round 1,2023-05-14,Dana Carpenter,,White River Disc Golf Course,Default Layout,54,18,3,13:40:00,49,-5,939,97,True,False,18,49,True,True,True
67159,2023,MPO,1,617350,161558,161558,967,Round 1,2023-05-14,Brad Schott,994,White River Disc Golf Course,Default Layout,54,18,1,13:50:00,49,-5,939,98,True,False,18,49,True,True,True
67159,2023,MPO,1,617350,175583,175583,917,Round 1,2023-05-14,Rob Salter,948,White River Disc Golf Course,Default Layout,54,18,2,13:30:00,49,-5,939,103,True,False,18,49,True,True,True
67159,2023,MPO,1,617350,118928,118928,937,Round 1,2023-05-14,Tyler Pomichter,926,White River Disc Golf Course,Default Layout,54,18,3,13:30:00,50,-4,926,92,True,False,18,50,True,True,True
67159,2023,MPO,1,617350,101763,101763,900,Round 1,2023-05-14,Spencer Sutherland,917,White River Disc Golf Course,Default Layout,54,18,1,14:00:00,52,-2,900,108,True,False,18,52,True,True,True
67159,2023,MPO,1,617350,142744,142744,967,Round 1,2023-05-14,Abel German,974,White River Disc Golf Course,Default Layout,54,18,4,13:30:00,53,-1,887,99,True,False,18,53,True,True,True
67159,2023,MPO,1,617350,164158,164158,951,Round 1,2023-05-14,Alex Raub,,White River Disc Golf Course,Default Layout,54,18,2,13:50:00,54,0,874,,True,False,18,54,True,True,True
67159,2023,MPO,1,617350,187845,187845,927,Round 1,2023-05-14,Shane Seals,962,White River Disc Golf Course,Default Layout,54,18,4,14:00:00,54,0,874,,True,False,18,54,True,True,True
67159,2023,MPO,1,617350,252153,252153,845,Round 1,2023-05-14,Tyler Pelkey,,White River Disc Golf Course,Default Layout,54,18,2,13:20:00,54,0,874,98,True,False,18,54,True,True,True
67159,2023,MPO,1,617350,164118,164118,899,Round 1,2023-05-14,Fred Longchamp,945,White River Disc Golf Course,Default Layout,54,18,1,13:20:00,55,1,861,110,True,False,18,55,True,True,True
67159,2023,MPO,1,617350,85036,85036,915,Round 1,2023-05-14,Nolan Power,,White River Disc Golf Course,Default Layout,54,18,1,13:40:00,56,2,848,117,True,False,18,56,True,True,True
67159,2023,MPO,1,617350,106970,106970,835,Round 1,2023-05-14,Stefan Farrell,852,White River Disc Golf Course,Default Layout,54,18,2,13:40:00,56,2,848,113,True,False,18,56,True,True,True
67159,2023,MPO,2,617350,181649,181649,981,Round 2,2023-05-14,Hubert Vachon,996,White River Disc Golf Course,Default Layout,54,18,1,14:10:00,47,-7,965,91,True,False,18,47,True,True,True
67159,2023,MPO,2,617350,118928,118928,937,Round 2,2023-05-14,Tyler Pomichter,926,White River Disc Golf Course,Default Layout,54,18,2,13:50:00,42,-12,1030,92,True,False,18,42,True,True,True
67159,2023,MPO,2,617350,140098,140098,974,Round 2,2023-05-14,Angus Barstow,980,White River Disc Golf Course,Default Layout,54,18,2,14:10:00,46,-8,978,93,True,False,18,46,True,True,True
67159,2023,MPO,2,617350,100885,100885,950,Round 2,2023-05-14,Jacob Moore,945,White River Disc Golf Course,Default Layout,54,18,2,14:00:00,48,-6,952,97,True,False,18,48,True,True,True
67159,2023,MPO,2,617350,125328,125328,927,Round 2,2023-05-14,Dana Carpenter,,White River Disc Golf Course,Default Layout,54,18,3,14:00:00,48,-6,952,97,True,False,18,48,True,True,True
67159,2023,MPO,2,617350,252153,252153,845,Round 2,2023-05-14,Tyler Pelkey,,White River Disc Golf Course,Default Layout,54,18,1,13:40:00,44,-10,1004,98,True,False,18,44,True,True,True
67159,2023,MPO,2,617350,161558,161558,967,Round 2,2023-05-14,Brad Schott,994,White River Disc Golf Course,Default Layout,54,18,4,14:00:00,49,-5,939,98,True,False,18,49,True,True,True
67159,2023,MPO,2,617350,125586,125586,933,Round 2,2023-05-14,Matthew Avery,,White River Disc Golf Course,Default Layout,54,18,4,14:10:00,50,-4,926,98,True,False,18,50,True,True,True
67159,2023,MPO,2,617350,252399,252399,935,Round 2,2023-05-14,Caleb Caldwell,940,White River Disc Golf Course,Default Layout,54,18,1,14:00:00,50,-4,926,98,True,False,18,50,True,True,True
67159,2023,MPO,2,617350,142744,142744,967,Round 2,2023-05-14,Abel German,974,White River Disc Golf Course,Default Layout,54,18,4,13:50:00,46,-8,978,99,True,False,18,46,True,True,True
67159,2023,MPO,2,617350,207793,207793,887,Round 2,2023-05-14,Walker White,917,White River Disc Golf Course,Default Layout,54,18,3,14:10:00,52,-2,900,99,True,False,18,52,True,True,True
67159,2023,MPO,2,617350,175583,175583,917,Round 2,2023-05-14,Rob Salter,948,White River Disc Golf Course,Default Layout,54,18,1,13:50:00,54,0,874,103,True,False,18,54,True,True,True
67159,2023,MPO,2,617350,101763,101763,900,Round 2,2023-05-14,Spencer Sutherland,917,White River Disc Golf Course,Default Layout,54,18,3,13:50:00,56,2,848,108,True,False,18,56,True,True,True
67159,2023,MPO,2,617350,164118,164118,899,Round 2,2023-05-14,Fred Longchamp,945,White River Disc Golf Course,Default Layout,54,18,2,13:40:00,55,1,861,110,True,False,18,55,True,True,True
67159,2023,MPO,2,617350,106970,106970,835,Round 2,2023-05-14,Stefan Farrell,852,White River Disc Golf Course,Default Layout,54,18,2,13:30:00,57,3,835,113,True,False,18,57,True,True,True
67159,2023,MPO,2,617350,85036,85036,915,Round 2,2023-05-14,Nolan Power,,White River Disc Golf Course,Default Layout,54,18,3,13:40:00,61,7,783,117,True,False,18,61,True,True,True
67159,2023,MPO,2,617350,187845,187845,927,Round 2,2023-05-14,Shane Seals,962,White River Disc Golf Course,Default Layout,54,18,1,13:40:00,,,,,True,True,0,,False,False,False
67159,2023,MPO,2,617350,164158,164158,951,Round 2,2023-05-14,Alex Raub,,White River Disc Golf Course,Default Layout,54,18,,,,,,,True,True,0,,False,False,False
67160,2023,FA2,1,617724,159333,159333,799,Round 1,2023-05-28,Laura Rajnak,,The Quarries Disc Golf ,White Tees,61,18,2,08:40:00,62,1,853,126,True,False,18,62,True,True,True
67160,2023,FA2,1,617724,150234,150234,772,Round 1,2023-05-28,Erica Randall,,The Quarries Disc Golf ,White Tees,61,18,1,08:40:00,64,3,831,134,True,False,18,64,True,True,True
67160,2023,FA2,1,617724,217500,217500,560,Round 1,2023-05-28,Alicia Jones,,The Quarries Disc Golf ,White Tees,61,18,4,08:40:00,80,19,657,157,True,False,18,80,True,True,True
67160,2023,FA2,1,617724,172895,172895,707,Round 1,2023-05-28,Cara Tatro,737,The Quarries Disc Golf ,White Tees,61,18,3,08:40:00,82,21,635,155,True,False,18,82,True,True,True
67160,2023,FA2,2,617724,159333,159333,799,Round 2,2023-05-28,Laura Rajnak,,The Quarries Disc Golf ,White Tees,61,18,1,09:00:00,64,3,831,126,True,False,18,64,True,True,True
67160,2023,FA2,2,617724,150234,150234,772,Round 2,2023-05-28,Erica Randall,,The Quarries Disc Golf ,White Tees,61,18,2,09:00:00,70,9,766,134,True,False,18,70,True,True,True
67160,2023,FA2,2,617724,172895,172895,707,Round 2,2023-05-28,Cara Tatro,737,The Quarries Disc Golf ,White Tees,61,18,4,09:00:00,73,12,733,155,True,False,18,73,True,True,True
67160,2023,FA2,2,617724,217500,217500,560,Round 2,2023-05-28,Alicia Jones,,The Quarries Disc Golf ,White Tees,61,18,3,09:00:00,77,16,690,157,True,False,18,77,True,True,True
67160,2023,FA3,1,617724,name:sally blanchette,,,Round 1,2023-05-28,Sally Blanchette,,The Quarries Disc Golf ,White Tees,61,18,1,08:20:00,70,9,766,144,True,False,18,70,True,True,True
67160,2023,FA3,1,617724,228265,228265,590,Round 1,2023-05-28,Maryellen Copping,705,The Quarries Disc Golf ,White Tees,61,18,3,08:00:00,72,11,744,148,True,False,18,72,True,True,True
67160,2023,FA3,1,617724,208280,208280,706,Round 1,2023-05-28,Jill Brooker,,The Quarries Disc Golf ,White Tees,61,18,1,08:00:00,75,14,711,149,True,False,18,75,True,True,True
67160,2023,FA3,1,617724,259152,259152,,Round 1,2023-05-28,Marie Norton,,The Quarries Disc Golf ,White Tees,61,18,2,08:20:00,79,18,668,158,True,False,18,79,True,True,True
67160,2023,FA3,1,617724,215341,215341,283,Round 1,2023-05-28,Teah Miller,591,The Quarries Disc Golf ,White Tees,61,18,2,08:00:00,89,28,559,189,True,False,18,89,True,True,True
67160,2023,FA3,2,617724,name:sally blanchette,,,Round 2,2023-05-28,Sally Blanchette,,The Quarries Disc Golf ,White Tees,61,18,1,08:20:00,74,13,722,144,True,False,18,74,True,True,True
67160,2023,FA3,2,617724,228265,228265,590,Round 2,2023-05-28,Maryellen Copping,705,The Quarries Disc Golf ,White Tees,61,18,2,08:20:00,76,15,700,148,True,False,18,76,True,True,True
67160,2023,FA3,2,617724,208280,208280,706,Round 2,2023-05-28,Jill Brooker,,The Quarries Disc Golf ,White Tees,61,18,3,08:20:00,74,13,722,149,True,False,18,74,True,True,True
67160,2023,FA3,2,617724,259152,259152,,Round 2,2023-05-28,Marie Norton,,The Quarries Disc Golf ,White Tees,61,18,2,08:00:00,79,18,668,158,True,False,18,79,True,True,True
67160,2023,FA3,2,617724,215341,215341,283,Round 2,2023-05-28,Teah Miller,591,The Quarries Disc Golf ,White Tees,61,18,3,08:00:00,100,39,439,189,True,False,18,100,True,True,True
67160,2023,FA40,1,617724,69552,69552,803,Round 1,2023-05-28,Christy Betit,807,The Quarries Disc Golf ,White Tees,61,18,1,11:00:00,63,2,842,129,True,False,18,63,True,True,True
67160,2023,FA40,1,617724,146748,146748,725,Round 1,2023-05-28,Billie Riley,,The Quarries Disc Golf ,White Tees,61,18,2,11:00:00,64,3,831,125,True,False,18,64,True,True,True
67160,2023,FA40,1,617724,213173,213173,666,Round 1,2023-05-28,Elizabeth Carrell,775,The Quarries Disc Golf ,White Tees,61,18,3,11:00:00,69,8,777,144,True,False,18,69,True,True,True
67160,2023,FA40,2,617724,146748,146748,725,Round 2,2023-05-28,Billie Riley,,The Quarries Disc Golf ,White Tees,61,18,2,08:50:00,61,0,864,125,True,False,18,61,True,True,True
67160,2023,FA40,2,617724,69552,69552,803,Round 2,2023-05-28,Christy Betit,807,The Quarries Disc Golf ,White Tees,61,18,1,08:50:00,66,5,810,129,True,False,18,66,True,True,True
67160,2023,FA40,2,617724,213173,213173,666,Round 2,2023-05-28,Elizabeth Carrell,775,The Quarries Disc Golf ,White Tees,61,18,3,08:50:00,75,14,711,144,True,False,18,75,True,True,True
67160,2023,FPO,1,617723,226307,226307,846,Round 1,2023-05-28,Khyrrah Tuvilla-Roberts,,The Quarries Disc Golf ,Blue Tees,61,18,3,12:30:00,66,5,862,130,True,False,18,66,True,True,True
67160,2023,FPO,1,617723,174640,174640,824,Round 1,2023-05-28,Maureen McGuinness,,The Quarries Disc Golf ,Blue Tees,61,18,1,12:30:00,67,6,852,137,True,False,18,67,True,True,True
67160,2023,FPO,1,617723,228248,228248,743,Round 1,2023-05-28,Isza Parchini,802,The Quarries Disc Golf ,Blue Tees,61,18,2,12:30:00,80,19,726,154,True,False,18,80,True,True,True
67160,2023,FPO,2,617723,226307,226307,846,Round 2,2023-05-28,Khyrrah Tuvilla-Roberts,,The Quarries Disc Golf ,Blue Tees,61,18,1,13:30:00,64,3,881,130,True,False,18,64,True,True,True
67160,2023,FPO,2,617723,174640,174640,824,Round 2,2023-05-28,Maureen McGuinness,,The Quarries Disc Golf ,Blue Tees,61,18,2,13:30:00,70,9,823,137,True,False,18,70,True,True,True
67160,2023,FPO,2,617723,228248,228248,743,Round 2,2023-05-28,Isza Parchini,802,The Quarries Disc Golf ,Blue Tees,61,18,3,13:30:00,74,13,784,154,True,False,18,74,True,True,True
67160,2023,MA1,1,617723,111643,111643,916,Round 1,2023-05-28,Finn Etter,1013,The Quarries Disc Golf ,Blue Tees,61,18,1,11:20:00,52,-9,998,110,True,False,18,52,True,True,True
67160,2023,MA1,1,617723,131201,131201,931,Round 1,2023-05-28,Tyler LaPerle,973,The Quarries Disc Golf ,Blue Tees,61,18,2,12:10:00,54,-7,978,114,True,False,18,54,True,True,True
67160,2023,MA1,1,617723,89829,89829,919,Round 1,2023-05-28,Garrett Washburn,923,The Quarries Disc Golf ,Blue Tees,61,18,1,12:10:00,55,-6,968,117,True,False,18,55,True,True,True
67160,2023,MA1,1,617723,175140,175140,871,Round 1,2023-05-28,Christian Garey,890,The Quarries Disc Golf ,Blue Tees,61,18,1,11:40:00,55,-6,968,115,True,False,18,55,True,True,True
67160,2023,MA1,1,617723,168663,168663,920,Round 1,2023-05-28,Austin Neddo,,The Quarries Disc Golf ,Blue Tees,61,18,3,12:20:00,56,-5,959,114,True,False,18,56,True,True,True
67160,2023,MA1,1,617723,173058,173058,925,Round 1,2023-05-28,Brandon Allaire,950,The Quarries Disc Golf ,Blue Tees,61,18,3,11:50:00,56,-5,959,114,True,False,18,56,True,True,True
67160,2023,MA1,1,617723,158783,158783,906,Round 1,2023-05-28,Joseph Humes,906,The Quarries Disc Golf ,Blue Tees,61,18,4,12:10:00,57,-4,949,123,True,False,18,57,True,True,True
67160,2023,MA1,1,617723,174300,174300,940,Round 1,2023-05-28,Kevin Hoercher,,The Quarries Disc Golf ,Blue Tees,61,18,3,12:00:00,58,-3,939,111,True,False,18,58,True,True,True
67160,2023,MA1,1,617723,82340,82340,915,Round 1,2023-05-28,Justin Leonard,912,The Quarries Disc Golf ,Blue Tees,61,18,1,12:00:00,59,-2,930,126,True,False,18,59,True,True,True
67160,2023,MA1,1,617723,129859,129859,918,Round 1,2023-05-28,Seth Marcil,944,The Quarries Disc Golf ,Blue Tees,61,18,2,11:20:00,60,-1,920,122,True,False,18,60,True,True,True
67160,2023,MA1,1,617723,146710,146710,916,Round 1,2023-05-28,Nicholas Laurendeau,,The Quarries Disc Golf ,Blue Tees,61,18,2,12:20:00,60,-1,920,124,True,False,18,60,True,True,True
67160,2023,MA1,1,617723,136937,136937,902,Round 1,2023-05-28,Zach Bossier,,The Quarries Disc Golf ,Blue Tees,61,18,1,11:10:00,61,0,910,125,True,False,18,61,True,True,True
67160,2023,MA1,1,617723,138228,138228,902,Round 1,2023-05-28,Dan Barmore,,The Quarries Disc Golf ,Blue Tees,61,18,2,12:00:00,61,0,910,132,True,False,18,61,True,True,True
67160,2023,MA1,1,617723,138321,138321,905,Round 1,2023-05-28,Nathan Doudera,,The Quarries Disc Golf ,Blue Tees,61,18,3,12:10:00,61,0,910,124,True,False,18,61,True,True,True
67160,2023,MA1,1,617723,110707,110707,924,Round 1,2023-05-28,Jason Wilson,927,The Quarries Disc Golf ,Blue Tees,61,18,1,11:50:00,62,1,901,118,True,False,18,62,True,True,True
67160,2023,MA1,1,617723,128670,128670,887,Round 1,2023-05-28,Steven Colbert,,The Quarries Disc Golf ,Blue Tees,61,18,1,11:30:00,62,1,901,125,True,False,18,62,True,True,True
67160,2023,MA1,1,617723,251964,251964,,Round 1,2023-05-28,Hans Kindstedt,938,The Quarries Disc Golf ,Blue Tees,61,18,4,12:20:00,62,1,901,124,True,False,18,62,True,True,True
67160,2023,MA1,1,617723,174646,174646,873,Round 1,2023-05-28,David Oppenheimer,,The Quarries Disc Golf ,Blue Tees,61,18,4,11:50:00,63,2,891,126,True,False,18,63,True,True,True
67160,2023,MA1,1,617723,218262,218262,882,Round 1,2023-05-28,Jerry Jackman,913,The Quarries Disc Golf ,Blue Tees,61,18,3,11:20:00,63,2,891,122,True,False,18,63,True,True,True
67160,2023,MA1,1,617723,212570,212570,861,Round 1,2023-05-28,Derek Copping,874,The Quarries Disc Golf ,Blue Tees,61,18,2,11:30:00,64,3,881,131,True,False,18,64,True,True,True
67160,2023,MA1,1,617723,222597,222597,871,Round 1,2023-05-28,Jack McCarthy,,The Quarries Disc Golf ,Blue Tees,61,18,3,11:40:00,64,3,881,132,True,False,18,64,True,True,True
67160,2023,MA1,1,617723,242902,242902,890,Round 1,2023-05-28,Christopher Rullan,,The Quarries Disc Golf ,Blue Tees,61,18,3,11:10:00,64,3,881,131,True,False,18,64,True,True,True
67160,2023,MA1,1,617723,254922,254922,,Round 1,2023-05-28,Benjamin Taylor,890,The Quarries Disc Golf ,Blue Tees,61,18,4,12:00:00,65,4,872,131,True,False,18,65,True,True,True
67160,2023,MA1,1,617723,162806,162806,882,Round 1,2023-05-28,Ethan Springer,886,The Quarries Disc Golf ,Blue Tees,61,18,2,11:50:00,67,6,852,126,True,False,18,67,True,True,True
67160,2023,MA1,1,617723,202776,202776,855,Round 1,2023-05-28,Taylor Lozier,,The Quarries Disc Golf ,Blue Tees,61,18,2,11:40:00,67,6,852,132,True,False,18,67,True,True,True
67160,2023,MA1,1,617723,260639,260639,,Round 1,2023-05-28,Schuyler MacDonald,,The Quarries Disc Golf ,Blue Tees,61,18,3,11:30:00,67,6,852,132,True,False,18,67,True,True,True
67160,2023,MA1,1,617723,name:christopher larock,,,Round 1,2023-05-28,Christopher Larock,,The Quarries Disc Golf ,Blue Tees,61,18,4,11:30:00,67,6,852,129,True,False,18,67,True,True,True
67160,2023,MA1,1,617723,120536,120536,870,Round 1,2023-05-28,Andrew Palumbo,,The Quarries Disc Golf ,Blue Tees,61,18,1,12:20:00,68,7,842,130,True,False,18,68,True,True,True
67160,2023,MA1,1,617723,259548,259548,,Round 1,2023-05-28,Oliver Marchildon,,The Quarries Disc Golf ,Blue Tees,61,18,4,11:20:00,68,7,842,128,True,False,18,68,True,True,True
67160,2023,MA1,1,617723,242103,242103,,Round 1,2023-05-28,Nathan Oxenfeld,895,The Quarries Disc Golf ,Blue Tees,61,18,2,11:10:00,71,10,813,137,True,False,18,71,True,True,True
67160,2023,MA1,1,617723,258938,258938,,Round 1,2023-05-28,Brandon Kendall,,The Quarries Disc Golf ,Blue Tees,61,18,4,11:10:00,71,10,813,139,True,False,18,71,True,True,True
67160,2023,MA1,2,617723,111643,111643,916,Round 2,2023-05-28,Finn Etter,1013,The Quarries Disc Golf ,Blue Tees,61,18,1,12:30:00,58,-3,939,110,True,False,18,58,True,True,True
67160,2023,MA1,2,617723,174300,174300,940,Round 2,2023-05-28,Kevin Hoercher,,The Quarries Disc Golf ,Blue Tees,61,18,4,12:20:00,53,-8,988,111,True,False,18,53,True,True,True
67160,2023,MA1,2,617723,168663,168663,920,Round 2,2023-05-28,Austin Neddo,,The Quarries Disc Golf ,Blue Tees,61,18,1,12:20:00,58,-3,939,114,True,False,18,58,True,True,True
67160,2023,MA1,2,617723,173058,173058,925,Round 2,2023-05-28,Brandon Allaire,950,The Quarries Disc Golf ,Blue Tees,61,18,2,12:20:00,58,-3,939,114,True,False,18,58,True,True,True
67160,2023,MA1,2,617723,131201,131201,931,Round 2,2023-05-28,Tyler LaPerle,973,The Quarries Disc Golf ,Blue Tees,61,18,2,12:30:00,60,-1,920,114,True,False,18,60,True,True,True
67160,2023,MA1,2,617723,175140,175140,871,Round 2,2023-05-28,Christian Garey,890,The Quarries Disc Golf ,Blue Tees,61,18,4,12:30:00,60,-1,920,115,True,False,18,60,True,True,True
67160,2023,MA1,2,617723,89829,89829,919,Round 2,2023-05-28,Garrett Washburn,923,The Quarries Disc Golf ,Blue Tees,61,18,3,12:30:00,62,1,901,117,True,False,18,62,True,True,True
67160,2023,MA1,2,617723,110707,110707,924,Round 2,2023-05-28,Jason Wilson,927,The Quarries Disc Golf ,Blue Tees,61,18,3,12:00:00,56,-5,959,118,True,False,18,56,True,True,True
67160,2023,MA1,2,617723,218262,218262,882,Round 2,2023-05-28,Jerry Jackman,913,The Quarries Disc Golf ,Blue Tees,61,18,3,11:50:00,59,-2,930,122,True,False,18,59,True,True,True
67160,2023,MA1,2,617723,129859,129859,918,Round 2,2023-05-28,Seth Marcil,944,The Quarries Disc Golf ,Blue Tees,61,18,2,12:10:00,62,1,901,122,True,False,18,62,True,True,True
67160,2023,MA1,2,617723,158783,158783,906,Round 2,2023-05-28,Joseph Humes,906,The Quarries Disc Golf ,Blue Tees,61,18,3,12:20:00,66,5,862,123,True,False,18,66,True,True,True
67160,2023,MA1,2,617723,251964,251964,,Round 2,2023-05-28,Hans Kindstedt,938,The Quarries Disc Golf ,Blue Tees,61,18,1,11:50:00,62,1,901,124,True,False,18,62,True,True,True
67160,2023,MA1,2,617723,138321,138321,905,Round 2,2023-05-28,Nathan Doudera,,The Quarries Disc Golf ,Blue Tees,61,18,2,12:00:00,63,2,891,124,True,False,18,63,True,True,True
67160,2023,MA1,2,617723,146710,146710,916,Round 2,2023-05-28,Nicholas Laurendeau,,The Quarries Disc Golf ,Blue Tees,61,18,3,12:10:00,64,3,881,124,True,False,18,64,True,True,True
67160,2023,MA1,2,617723,128670,128670,887,Round 2,2023-05-28,Steven Colbert,,The Quarries Disc Golf ,Blue Tees,61,18,4,12:00:00,63,2,891,125,True,False,18,63,True,True,True
67160,2023,MA1,2,617723,136937,136937,902,Round 2,2023-05-28,Zach Bossier,,The Quarries Disc Golf ,Blue Tees,61,18,4,12:10:00,64,3,881,125,True,False,18,64,True,True,True
67160,2023,MA1,2,617723,162806,162806,882,Round 2,2023-05-28,Ethan Springer,886,The Quarries Disc Golf ,Blue Tees,61,18,4,11:40:00,59,-2,930,126,True,False,18,59,True,True,True
67160,2023,MA1,2,617723,174646,174646,873,Round 2,2023-05-28,David Oppenheimer,,The Quarries Disc Golf ,Blue Tees,61,18,2,11:50:00,63,2,891,126,True,False,18,63,True,True,True
67160,2023,MA1,2,617723,82340,82340,915,Round 2,2023-05-28,Justin Leonard,912,The Quarries Disc Golf ,Blue Tees,61,18,1,12:10:00,67,6,852,126,True,False,18,67,True,True,True
67160,2023,MA1,2,617723,259548,259548,,Round 2,2023-05-28,Oliver Marchildon,,The Quarries Disc Golf ,Blue Tees,61,18,1,11:20:00,60,-1,920,128,True,False,18,60,True,True,True
67160,2023,MA1,2,617723,name:christopher larock,,,Round 2,2023-05-28,Christopher Larock,,The Quarries Disc Golf ,Blue Tees,61,18,3,11:30:00,62,1,901,129,True,False,18,62,True,True,True
67160,2023,MA1,2,617723,120536,120536,870,Round 2,2023-05-28,Andrew Palumbo,,The Quarries Disc Golf ,Blue Tees,61,18,4,11:30:00,62,1,901,130,True,False,18,62,True,True,True
67160,2023,MA1,2,617723,254922,254922,,Round 2,2023-05-28,Benjamin Taylor,890,The Quarries Disc Golf ,Blue Tees,61,18,3,11:40:00,66,5,862,131,True,False,18,66,True,True,True
67160,2023,MA1,2,617723,212570,212570,861,Round 2,2023-05-28,Derek Copping,874,The Quarries Disc Golf ,Blue Tees,61,18,4,11:50:00,67,6,852,131,True,False,18,67,True,True,True
67160,2023,MA1,2,617723,242902,242902,890,Round 2,2023-05-28,Christopher Rullan,,The Quarries Disc Golf ,Blue Tees,61,18,2,11:40:00,67,6,852,131,True,False,18,67,True,True,True
67160,2023,MA1,2,617723,202776,202776,855,Round 2,2023-05-28,Taylor Lozier,,The Quarries Disc Golf ,Blue Tees,61,18,1,11:30:00,65,4,872,132,True,False,18,65,True,True,True
67160,2023,MA1,2,617723,260639,260639,,Round 2,2023-05-28,Schuyler MacDonald,,The Quarries Disc Golf ,Blue Tees,61,18,2,11:30:00,65,4,872,132,True,False,18,65,True,True,True
67160,2023,MA1,2,617723,222597,222597,871,Round 2,2023-05-28,Jack McCarthy,,The Quarries Disc Golf ,Blue Tees,61,18,1,11:40:00,68,7,842,132,True,False,18,68,True,True,True
67160,2023,MA1,2,617723,138228,138228,902,Round 2,2023-05-28,Dan Barmore,,The Quarries Disc Golf ,Blue Tees,61,18,1,12:00:00,71,10,813,132,True,False,18,71,True,True,True
67160,2023,MA1,2,617723,242103,242103,,Round 2,2023-05-28,Nathan Oxenfeld,895,The Quarries Disc Golf ,Blue Tees,61,18,2,11:20:00,66,5,862,137,True,False,18,66,True,True,True
67160,2023,MA1,2,617723,258938,258938,,Round 2,2023-05-28,Brandon Kendall,,The Quarries Disc Golf ,Blue Tees,61,18,3,11:20:00,68,7,842,139,True,False,18,68,True,True,True
67160,2023,MA2,1,617723,126927,126927,880,Round 1,2023-05-28,David Guertin,,The Quarries Disc Golf ,Blue Tees,61,18,1,09:40:00,57,-4,949,120,True,False,18,57,True,True,True
67160,2023,MA2,1,617723,151274,151274,886,Round 1,2023-05-28,Nick Norwood,,The Quarries Disc Golf ,Blue Tees,61,18,1,09:00:00,58,-3,939,120,True,False,18,58,True,True,True
67160,2023,MA2,1,617723,159224,159224,920,Round 1,2023-05-28,Bryce McKim,,The Quarries Disc Golf ,Blue Tees,61,18,2,09:20:00,58,-3,939,123,True,False,18,58,True,True,True
67160,2023,MA2,1,617723,210681,210681,888,Round 1,2023-05-28,Kyle Anderson Andresen,911,The Quarries Disc Golf ,Blue Tees,61,18,1,08:50:00,59,-2,930,119,True,False,18,59,True,True,True
67160,2023,MA2,1,617723,124203,124203,870,Round 1,2023-05-28,Ezra Koch,954,The Quarries Disc Golf ,Blue Tees,61,18,1,09:30:00,60,-1,920,126,True,False,18,60,True,True,True
67160,2023,MA2,1,617723,189203,189203,850,Round 1,2023-05-28,Bobby Martino,911,The Quarries Disc Golf ,Blue Tees,61,18,2,09:30:00,63,2,891,128,True,False,18,63,True,True,True
67160,2023,MA2,1,617723,246266,246266,906,Round 1,2023-05-28,Matthew Hayes,,The Quarries Disc Golf ,Blue Tees,61,18,4,09:20:00,63,2,891,123,True,False,18,63,True,True,True
67160,2023,MA2,1,617723,213224,213224,869,Round 1,2023-05-28,Justin Griswold,914,The Quarries Disc Golf ,Blue Tees,61,18,3,09:20:00,64,3,881,131,True,False,18,64,True,True,True
67160,2023,MA2,1,617723,243543,243543,898,Round 1,2023-05-28,John Hutchins,,The Quarries Disc Golf ,Blue Tees,61,18,4,09:30:00,64,3,881,129,True,False,18,64,True,True,True
67160,2023,MA2,1,617723,183864,183864,862,Round 1,2023-05-28,Jacob Clay,,The Quarries Disc Golf ,Blue Tees,61,18,3,09:10:00,65,4,872,129,True,False,18,65,True,True,True
67160,2023,MA2,1,617723,258259,258259,,Round 1,2023-05-28,Tony Turner,,The Quarries Disc Golf ,Blue Tees,61,18,4,09:40:00,65,4,872,139,True,False,18,65,True,True,True
67160,2023,MA2,1,617723,137984,137984,881,Round 1,2023-05-28,Tristan Bryce,,The Quarries Disc Golf ,Blue Tees,61,18,1,09:10:00,66,5,862,135,True,False,18,66,True,True,True
67160,2023,MA2,1,617723,196711,196711,857,Round 1,2023-05-28,Jarrett Piette,891,The Quarries Disc Golf ,Blue Tees,61,18,2,09:00:00,67,6,852,127,True,False,18,67,True,True,True
67160,2023,MA2,1,617723,212714,212714,828,Round 1,2023-05-28,Rocco Ceci,879,The Quarries Disc Golf ,Blue Tees,61,18,2,08:50:00,67,6,852,133,True,False,18,67,True,True,True
67160,2023,MA2,1,617723,219307,219307,837,Round 1,2023-05-28,Everett Secor,935,The Quarries Disc Golf ,Blue Tees,61,18,2,09:40:00,67,6,852,136,True,False,18,67,True,True,True
67160,2023,MA2,1,617723,260476,260476,,Round 1,2023-05-28,Dominick LaCasse,,The Quarries Disc Golf ,Blue Tees,61,18,3,09:00:00,68,7,842,134,True,False,18,68,True,True,True
67160,2023,MA2,1,617723,244747,244747,,Round 1,2023-05-28,Shane Hinkley,,The Quarries Disc Golf ,Blue Tees,61,18,3,09:40:00,71,10,813,138,True,False,18,71,True,True,True
67160,2023,MA2,1,617723,197481,197481,781,Round 1,2023-05-28,Jordan Townsend,,The Quarries Disc Golf ,Blue Tees,61,18,3,09:30:00,72,11,804,149,True,False,18,72,True,True,True
67160,2023,MA2,1,617723,63896,63896,869,Round 1,2023-05-28,Ross King,899,The Quarries Disc Golf ,Blue Tees,61,18,1,09:20:00,73,12,794,133,True,False,18,73,True,True,True
67160,2023,MA2,1,617723,243670,243670,,Round 1,2023-05-28,Jake Woodward,,The Quarries Disc Golf ,Blue Tees,61,18,3,08:50:00,78,17,746,152,True,False,18,78,True,True,True
67160,2023,MA2,1,617723,169600,169600,841,Round 1,2023-05-28,Trevor Bryce,901,The Quarries Disc Golf ,Blue Tees,61,18,2,09:10:00,63,827,,888,True,False,18,63,True,True,True
67160,2023,MA2,2,617723,210681,210681,888,Round 2,2023-05-28,Kyle Anderson Andresen,911,The Quarries Disc Golf ,Blue Tees,61,18,4,10:00:00,60,-1,920,119,True,False,18,60,True,True,True
67160,2023,MA2,2,617723,151274,151274,886,Round 2,2023-05-28,Nick Norwood,,The Quarries Disc Golf ,Blue Tees,61,18,2,10:00:00,62,1,901,120,True,False,18,62,True,True,True
67160,2023,MA2,2,617723,126927,126927,880,Round 2,2023-05-28,David Guertin,,The Quarries Disc Golf ,Blue Tees,61,18,1,10:00:00,63,2,891,120,True,False,18,63,True,True,True
67160,2023,MA2,2,617723,246266,246266,906,Round 2,2023-05-28,Matthew Hayes,,The Quarries Disc Golf ,Blue Tees,61,18,3,09:50:00,60,-1,920,123,True,False,18,60,True,True,True
67160,2023,MA2,2,617723,159224,159224,920,Round 2,2023-05-28,Bryce McKim,,The Quarries Disc Golf ,Blue Tees,61,18,3,10:00:00,65,4,872,123,True,False,18,65,True,True,True
67160,2023,MA2,2,617723,124203,124203,870,Round 2,2023-05-28,Ezra Koch,954,The Quarries Disc Golf ,Blue Tees,61,18,1,09:50:00,66,5,862,126,True,False,18,66,True,True,True
67160,2023,MA2,2,617723,196711,196711,857,Round 2,2023-05-28,Jarrett Piette,891,The Quarries Disc Golf ,Blue Tees,61,18,2,09:30:00,60,-1,920,127,True,False,18,60,True,True,True
67160,2023,MA2,2,617723,189203,189203,850,Round 2,2023-05-28,Bobby Martino,911,The Quarries Disc Golf ,Blue Tees,61,18,2,09:50:00,65,4,872,128,True,False,18,65,True,True,True
67160,2023,MA2,2,617723,183864,183864,862,Round 2,2023-05-28,Jacob Clay,,The Quarries Disc Golf ,Blue Tees,61,18,3,09:40:00,64,3,881,129,True,False,18,64,True,True,True
67160,2023,MA2,2,617723,243543,243543,898,Round 2,2023-05-28,John Hutchins,,The Quarries Disc Golf ,Blue Tees,61,18,2,09:40:00,65,4,872,129,True,False,18,65,True,True,True
67160,2023,MA2,2,617723,213224,213224,869,Round 2,2023-05-28,Justin Griswold,914,The Quarries Disc Golf ,Blue Tees,61,18,1,09:40:00,67,6,852,131,True,False,18,67,True,True,True
67160,2023,MA2,2,617723,63896,63896,869,Round 2,2023-05-28,Ross King,899,The Quarries Disc Golf ,Blue Tees,61,18,2,09:10:00,60,-1,920,133,True,False,18,60,True,True,True
67160,2023,MA2,2,617723,212714,212714,828,Round 2,2023-05-28,Rocco Ceci,879,The Quarries Disc Golf ,Blue Tees,61,18,3,09:30:00,66,5,862,133,True,False,18,66,True,True,True
67160,2023,MA2,2,617723,260476,260476,,Round 2,2023-05-28,Dominick LaCasse,,The Quarries Disc Golf ,Blue Tees,61,18,2,09:20:00,66,5,862,134,True,False,18,66,True,True,True
67160,2023,MA2,2,617723,137984,137984,881,Round 2,2023-05-28,Tristan Bryce,,The Quarries Disc Golf ,Blue Tees,61,18,1,09:30:00,69,8,833,135,True,False,18,69,True,True,True
67160,2023,MA2,2,617723,219307,219307,837,Round 2,2023-05-28,Everett Secor,935,The Quarries Disc Golf ,Blue Tees,61,18,1,09:20:00,69,8,833,136,True,False,18,69,True,True,True
67160,2023,MA2,2,617723,244747,244747,,Round 2,2023-05-28,Shane Hinkley,,The Quarries Disc Golf ,Blue Tees,61,18,3,09:20:00,67,6,852,138,True,False,18,67,True,True,True
67160,2023,MA2,2,617723,258259,258259,,Round 2,2023-05-28,Tony Turner,,The Quarries Disc Golf ,Blue Tees,61,18,4,09:40:00,74,13,784,139,True,False,18,74,True,True,True
67160,2023,MA2,2,617723,197481,197481,781,Round 2,2023-05-28,Jordan Townsend,,The Quarries Disc Golf ,Blue Tees,61,18,1,09:10:00,77,16,755,149,True,False,18,77,True,True,True
67160,2023,MA2,2,617723,243670,243670,,Round 2,2023-05-28,Jake Woodward,,The Quarries Disc Golf ,Blue Tees,61,18,3,09:10:00,74,13,784,152,True,False,18,74,True,True,True
67160,2023,MA2,2,617723,169600,169600,841,Round 2,2023-05-28,Trevor Bryce,901,The Quarries Disc Golf ,Blue Tees,61,18,2,09:50:00,0,0,,888,True,False,0,,False,False,False
67160,2023,MA3,1,617724,93691,93691,864,Round 1,2023-05-28,Dakota O'Brien,,The Quarries Disc Golf ,White Tees,61,18,1,08:30:00,59,-2,886,122,True,False,18,59,True,True,True
67160,2023,MA3,1,617724,239719,239719,797,Round 1,2023-05-28,Thane Griswold,820,The Quarries Disc Golf ,White Tees,61,18,4,08:30:00,64,3,831,124,True,False,18,64,True,True,True
67160,2023,MA3,1,617724,257936,257936,,Round 1,2023-05-28,Nate Potter,,The Quarries Disc Golf ,White Tees,61,18,3,08:30:00,64,3,831,131,True,False,18,64,True,True,True
67160,2023,MA3,1,617724,155933,155933,781,Round 1,2023-05-28,Mourning Fox,,The Quarries Disc Golf ,White Tees,61,18,2,08:30:00,68,7,788,140,True,False,18,68,True,True,True
67160,2023,MA3,1,617724,202948,202948,812,Round 1,2023-05-28,Nicholas Morrissey,849,The Quarries Disc Golf ,White Tees,61,18,1,08:10:00,68,7,788,134,True,False,18,68,True,True,True
67160,2023,MA3,1,617724,239437,239437,,Round 1,2023-05-28,Simon Bethune,830,The Quarries Disc Golf ,White Tees,61,18,2,08:10:00,69,8,777,141,True,False,18,69,True,True,True
67160,2023,MA3,1,617724,name:tyler davis,,,Round 1,2023-05-28,Tyler Davis,,The Quarries Disc Golf ,White Tees,61,18,3,08:10:00,71,10,755,145,True,False,18,71,True,True,True
67160,2023,MA3,2,617724,93691,93691,864,Round 2,2023-05-28,Dakota O'Brien,,The Quarries Disc Golf ,White Tees,61,18,1,08:40:00,63,2,842,122,True,False,18,63,True,True,True
67160,2023,MA3,2,617724,239719,239719,797,Round 2,2023-05-28,Thane Griswold,820,The Quarries Disc Golf ,White Tees,61,18,2,08:40:00,60,-1,875,124,True,False,18,60,True,True,True
67160,2023,MA3,2,617724,257936,257936,,Round 2,2023-05-28,Nate Potter,,The Quarries Disc Golf ,White Tees,61,18,3,08:40:00,67,6,799,131,True,False,18,67,True,True,True
67160,2023,MA3,2,617724,202948,202948,812,Round 2,2023-05-28,Nicholas Morrissey,849,The Quarries Disc Golf ,White Tees,61,18,1,08:30:00,66,5,810,134,True,False,18,66,True,True,True
67160,2023,MA3,2,617724,155933,155933,781,Round 2,2023-05-28,Mourning Fox,,The Quarries Disc Golf ,White Tees,61,18,4,08:40:00,72,11,744,140,True,False,18,72,True,True,True
67160,2023,MA3,2,617724,239437,239437,,Round 2,2023-05-28,Simon Bethune,830,The Quarries Disc Golf ,White Tees,61,18,2,08:30:00,72,11,744,141,True,False,18,72,True,True,True
67160,2023,MA3,2,617724,name:tyler davis,,,Round 2,2023-05-28,Tyler Davis,,The Quarries Disc Golf ,White Tees,61,18,3,08:30:00,74,13,722,145,True,False,18,74,True,True,True
67160,2023,MA40,1,617723,73588,73588,866,Round 1,2023-05-28,Will Cleland,910,The Quarries Disc Golf ,Blue Tees,61,18,1,10:20:00,61,0,910,125,True,False,18,61,True,True,True
67160,2023,MA40,1,617723,66454,66454,902,Round 1,2023-05-28,Brian Betit,899,The Quarries Disc Golf ,Blue Tees,61,18,2,10:30:00,61,2,891,127,True,False,18,61,True,True,True
67160,2023,MA40,1,617723,100369,100369,900,Round 1,2023-05-28,Chris Buckle,878,The Quarries Disc Golf ,Blue Tees,61,18,3,10:30:00,63,4,872,129,True,False,18,63,True,True,True
67160,2023,MA40,1,617723,205696,205696,827,Round 1,2023-05-28,Matthew Smith,856,The Quarries Disc Golf ,Blue Tees,61,18,1,10:40:00,65,4,872,128,True,False,18,65,True,True,True
67160,2023,MA40,1,617723,226424,226424,874,Round 1,2023-05-28,Eric Potter,890,The Quarries Disc Golf ,Blue Tees,61,18,3,10:50:00,65,4,872,126,True,False,18,65,True,True,True
67160,2023,MA40,1,617723,name:adam gibbs,,,Round 1,2023-05-28,Adam Gibbs,,The Quarries Disc Golf ,Blue Tees,61,18,3,10:40:00,65,4,872,127,True,False,18,65,True,True,True
67160,2023,MA40,1,617723,84935,84935,891,Round 1,2023-05-28,Droo Fisher,866,The Quarries Disc Golf ,Blue Tees,61,18,2,10:20:00,67,6,852,132,True,False,18,67,True,True,True
67160,2023,MA40,1,617723,91094,91094,897,Round 1,2023-05-28,Travis Winkleman,,The Quarries Disc Golf ,Blue Tees,61,18,2,10:50:00,67,6,852,128,True,False,18,67,True,True,True
67160,2023,MA40,1,617723,259047,259047,,Round 1,2023-05-28,James Sweat,,The Quarries Disc Golf ,Blue Tees,61,18,1,10:50:00,67,6,852,140,True,False,18,67,True,True,True
67160,2023,MA40,1,617723,181431,181431,767,Round 1,2023-05-28,Sam Winn,,The Quarries Disc Golf ,Blue Tees,61,18,4,10:20:00,69,8,833,131,True,False,18,69,True,True,True
67160,2023,MA40,1,617723,141046,141046,804,Round 1,2023-05-28,Damion Therrien,,The Quarries Disc Golf ,Blue Tees,61,18,2,10:40:00,72,11,804,141,True,False,18,72,True,True,True
67160,2023,MA40,1,617723,145666,145666,872,Round 1,2023-05-28,Wesley Pollock,,The Quarries Disc Golf ,Blue Tees,61,18,3,10:20:00,73,12,794,138,True,False,18,73,True,True,True
67160,2023,MA40,1,617723,200735,200735,870,Round 1,2023-05-28,Christopher Sheehan,,The Quarries Disc Golf ,Blue Tees,61,18,4,10:30:00,73,14,775,142,True,False,18,73,True,True,True
67160,2023,MA40,1,617723,184435,184435,767,Round 1,2023-05-28,Ian Seime,,The Quarries Disc Golf ,Blue Tees,61,18,1,10:30:00,74,15,765,147,True,False,18,74,True,True,True
67160,2023,MA40,2,617723,73588,73588,866,Round 2,2023-05-28,Will Cleland,910,The Quarries Disc Golf ,Blue Tees,61,18,1,11:10:00,64,3,881,125,True,False,18,64,True,True,True
67160,2023,MA40,2,617723,226424,226424,874,Round 2,2023-05-28,Eric Potter,890,The Quarries Disc Golf ,Blue Tees,61,18,1,11:00:00,61,0,910,126,True,False,18,61,True,True,True
67160,2023,MA40,2,617723,name:adam gibbs,,,Round 2,2023-05-28,Adam Gibbs,,The Quarries Disc Golf ,Blue Tees,61,18,2,11:00:00,62,1,901,127,True,False,18,62,True,True,True
67160,2023,MA40,2,617723,66454,66454,902,Round 2,2023-05-28,Brian Betit,899,The Quarries Disc Golf ,Blue Tees,61,18,2,11:10:00,64,3,881,127,True,False,18,64,True,True,True
67160,2023,MA40,2,617723,91094,91094,897,Round 2,2023-05-28,Travis Winkleman,,The Quarries Disc Golf ,Blue Tees,61,18,4,11:00:00,61,0,910,128,True,False,18,61,True,True,True
67160,2023,MA40,2,617723,205696,205696,827,Round 2,2023-05-28,Matthew Smith,856,The Quarries Disc Golf ,Blue Tees,61,18,4,11:10:00,63,2,891,128,True,False,18,63,True,True,True
67160,2023,MA40,2,617723,100369,100369,900,Round 2,2023-05-28,Chris Buckle,878,The Quarries Disc Golf ,Blue Tees,61,18,3,11:10:00,64,3,881,129,True,False,18,64,True,True,True
67160,2023,MA40,2,617723,181431,181431,767,Round 2,2023-05-28,Sam Winn,,The Quarries Disc Golf ,Blue Tees,61,18,2,10:50:00,62,1,901,131,True,False,18,62,True,True,True
67160,2023,MA40,2,617723,84935,84935,891,Round 2,2023-05-28,Droo Fisher,866,The Quarries Disc Golf ,Blue Tees,61,18,3,11:00:00,65,4,872,132,True,False,18,65,True,True,True
67160,2023,MA40,2,617723,145666,145666,872,Round 2,2023-05-28,Wesley Pollock,,The Quarries Disc Golf ,Blue Tees,61,18,1,10:40:00,65,4,872,138,True,False,18,65,True,True,True
67160,2023,MA40,2,617723,259047,259047,,Round 2,2023-05-28,James Sweat,,The Quarries Disc Golf ,Blue Tees,61,18,1,10:50:00,73,12,794,140,True,False,18,73,True,True,True
67160,2023,MA40,2,617723,141046,141046,804,Round 2,2023-05-28,Damion Therrien,,The Quarries Disc Golf ,Blue Tees,61,18,3,10:50:00,69,8,833,141,True,False,18,69,True,True,True
67160,2023,MA40,2,617723,200735,200735,870,Round 2,2023-05-28,Christopher Sheehan,,The Quarries Disc Golf ,Blue Tees,61,18,2,10:40:00,67,6,852,142,True,False,18,67,True,True,True
67160,2023,MA40,2,617723,184435,184435,767,Round 2,2023-05-28,Ian Seime,,The Quarries Disc Golf ,Blue Tees,61,18,3,10:40:00,71,10,813,147,True,False,18,71,True,True,True
67160,2023,MA50,1,617723,91301,91301,896,Round 1,2023-05-28,Michael A. Stridsberg,898,The Quarries Disc Golf ,Blue Tees,61,18,2,10:10:00,61,0,910,126,True,False,18,61,True,True,True
67160,2023,MA50,1,617723,122325,122325,857,Round 1,2023-05-28,David Mulvey,,The Quarries Disc Golf ,Blue Tees,61,18,1,10:00:00,62,1,901,127,True,False,18,62,True,True,True
67160,2023,MA50,1,617723,139113,139113,879,Round 1,2023-05-28,Norman Wedge,859,The Quarries Disc Golf ,Blue Tees,61,18,1,09:50:00,63,2,891,130,True,False,18,63,True,True,True
67160,2023,MA50,1,617723,154887,154887,904,Round 1,2023-05-28,Brian Hunter,941,The Quarries Disc Golf ,Blue Tees,61,18,2,09:50:00,63,2,891,126,True,False,18,63,True,True,True
67160,2023,MA50,1,617723,130713,130713,873,Round 1,2023-05-28,Ian Martin,902,The Quarries Disc Golf ,Blue Tees,61,18,3,10:10:00,64,3,881,132,True,False,18,64,True,True,True
67160,2023,MA50,1,617723,176159,176159,878,Round 1,2023-05-28,Guy Norwood,,The Quarries Disc Golf ,Blue Tees,61,18,3,09:50:00,64,3,881,121,True,False,18,64,True,True,True
67160,2023,MA50,1,617723,169468,169468,844,Round 1,2023-05-28,Kevin Brooker,,The Quarries Disc Golf ,Blue Tees,61,18,2,10:00:00,67,6,852,134,True,False,18,67,True,True,True
67160,2023,MA50,1,617723,235035,235035,850,Round 1,2023-05-28,Paul Seyler,908,The Quarries Disc Golf ,Blue Tees,61,18,3,10:00:00,67,6,852,135,True,False,18,67,True,True,True
67160,2023,MA50,1,617723,74478,74478,865,Round 1,2023-05-28,John Sudarsky,845,The Quarries Disc Golf ,Blue Tees,61,18,1,10:10:00,68,7,842,136,True,False,18,68,True,True,True
67160,2023,MA50,2,617723,176159,176159,878,Round 2,2023-05-28,Guy Norwood,,The Quarries Disc Golf ,Blue Tees,61,18,3,10:20:00,57,-4,949,121,True,False,18,57,True,True,True
67160,2023,MA50,2,617723,154887,154887,904,Round 2,2023-05-28,Brian Hunter,941,The Quarries Disc Golf ,Blue Tees,61,18,1,10:20:00,63,2,891,126,True,False,18,63,True,True,True
67160,2023,MA50,2,617723,91301,91301,896,Round 2,2023-05-28,Michael A. Stridsberg,898,The Quarries Disc Golf ,Blue Tees,61,18,1,10:30:00,65,4,872,126,True,False,18,65,True,True,True
67160,2023,MA50,2,617723,122325,122325,857,Round 2,2023-05-28,David Mulvey,,The Quarries Disc Golf ,Blue Tees,61,18,2,10:30:00,65,4,872,127,True,False,18,65,True,True,True
67160,2023,MA50,2,617723,139113,139113,879,Round 2,2023-05-28,Norman Wedge,859,The Quarries Disc Golf ,Blue Tees,61,18,3,10:30:00,67,6,852,130,True,False,18,67,True,True,True
67160,2023,MA50,2,617723,130713,130713,873,Round 2,2023-05-28,Ian Martin,902,The Quarries Disc Golf ,Blue Tees,61,18,2,10:20:00,68,7,842,132,True,False,18,68,True,True,True
67160,2023,MA50,2,617723,169468,169468,844,Round 2,2023-05-28,Kevin Brooker,,The Quarries Disc Golf ,Blue Tees,61,18,1,10:10:00,67,6,852,134,True,False,18,67,True,True,True
67160,2023,MA50,2,617723,235035,235035,850,Round 2,2023-05-28,Paul Seyler,908,The Quarries Disc Golf ,Blue Tees,61,18,2,10:10:00,68,7,842,135,True,False,18,68,True,True,True
67160,2023,MA50,2,617723,74478,74478,865,Round 2,2023-05-28,John Sudarsky,845,The Quarries Disc Golf ,Blue Tees,61,18,3,10:10:00,68,7,842,136,True,False,18,68,True,True,True
67160,2023,MJ12,1,617724,228201,228201,,Round 1,2023-05-28,Waylon Spring,883,The Quarries Disc Golf ,White Tees,61,18,4,08:20:00,70,9,766,131,True,False,18,70,True,True,True
67160,2023,MJ12,1,617724,name:layna parker,,,Round 1,2023-05-28,Layna Parker,,The Quarries Disc Golf ,White Tees,61,18,3,08:20:00,142,81,-19,278,True,False,18,142,True,True,True
67160,2023,MJ12,2,617724,228201,228201,,Round 2,2023-05-28,Waylon Spring,883,The Quarries Disc Golf ,White Tees,61,18,1,08:00:00,61,0,864,131,True,False,18,61,True,True,True
67160,2023,MJ12,2,617724,name:layna parker,,,Round 2,2023-05-28,Layna Parker,,The Quarries Disc Golf ,White Tees,61,18,4,08:00:00,136,75,46,278,True,False,18,136,True,True,True
67160,2023,MP40,1,617723,93414,93414,948,Round 1,2023-05-28,Joshua Lemieux,961,The Quarries Disc Golf ,Blue Tees,61,18,1,13:10:00,56,-5,959,114,True,False,18,56,True,True,True
67160,2023,MP40,1,617723,178064,178064,905,Round 1,2023-05-28,Peter Walke,,The Quarries Disc Golf ,Blue Tees,61,18,3,13:10:00,56,-5,959,118,True,False,18,56,True,True,True
67160,2023,MP40,1,617723,166239,166239,925,Round 1,2023-05-28,Tom Raub,958,The Quarries Disc Golf ,Blue Tees,61,18,3,13:20:00,57,-4,949,117,True,False,18,57,True,True,True
67160,2023,MP40,1,617723,120692,120692,905,Round 1,2023-05-28,Corey Johnson,911,The Quarries Disc Golf ,Blue Tees,61,18,3,12:50:00,58,-3,939,120,True,False,18,58,True,True,True
67160,2023,MP40,1,617723,193211,193211,916,Round 1,2023-05-28,Greg Babbin,933,The Quarries Disc Golf ,Blue Tees,61,18,3,12:40:00,58,-3,939,117,True,False,18,58,True,True,True
67160,2023,MP40,1,617723,22318,22318,955,Round 1,2023-05-28,Aaron Smartt,965,The Quarries Disc Golf ,Blue Tees,61,18,4,13:10:00,59,-2,930,117,True,False,18,59,True,True,True
67160,2023,MP40,1,617723,96621,96621,947,Round 1,2023-05-28,Jeremy McKittrick,932,The Quarries Disc Golf ,Blue Tees,61,18,1,12:50:00,59,-2,930,115,True,False,18,59,True,True,True
67160,2023,MP40,1,617723,110289,110289,930,Round 1,2023-05-28,Frank Wruk,945,The Quarries Disc Golf ,Blue Tees,61,18,2,12:50:00,59,-2,930,118,True,False,18,59,True,True,True
67160,2023,MP40,1,617723,189489,189489,941,Round 1,2023-05-28,Joshua Niss,937,The Quarries Disc Golf ,Blue Tees,61,18,1,13:20:00,59,-2,930,116,True,False,18,59,True,True,True
67160,2023,MP40,1,617723,24381,24381,947,Round 1,2023-05-28,Chris Young,937,The Quarries Disc Golf ,Blue Tees,61,18,2,13:20:00,60,-1,920,112,True,False,18,60,True,True,True
67160,2023,MP40,1,617723,83212,83212,888,Round 1,2023-05-28,Cory Barron,885,The Quarries Disc Golf ,Blue Tees,61,18,1,13:00:00,60,-1,920,118,True,False,18,60,True,True,True
67160,2023,MP40,1,617723,109527,109527,903,Round 1,2023-05-28,Mike Wenzel,901,The Quarries Disc Golf ,Blue Tees,61,18,4,13:20:00,62,1,901,121,True,False,18,62,True,True,True
67160,2023,MP40,1,617723,15089,15089,908,Round 1,2023-05-28,Jeremy JJ Becker,887,The Quarries Disc Golf ,Blue Tees,61,18,2,13:00:00,63,2,891,123,True,False,18,63,True,True,True
67160,2023,MP40,1,617723,83198,83198,890,Round 1,2023-05-28,Alan Gofberg,869,The Quarries Disc Golf ,Blue Tees,61,18,3,13:00:00,63,2,891,125,True,False,18,63,True,True,True
67160,2023,MP40,1,617723,144924,144924,933,Round 1,2023-05-28,Jason Joseph,,The Quarries Disc Golf ,Blue Tees,61,18,4,13:00:00,63,2,891,126,True,False,18,63,True,True,True
67160,2023,MP40,1,617723,164570,164570,925,Round 1,2023-05-28,David Carter,,The Quarries Disc Golf ,Blue Tees,61,18,2,13:10:00,65,4,872,130,True,False,18,65,True,True,True
67160,2023,MP40,1,617723,159476,159476,892,Round 1,2023-05-28,James Lightholder,899,The Quarries Disc Golf ,Blue Tees,61,18,4,12:50:00,66,5,862,124,True,False,18,66,True,True,True
67160,2023,MP40,2,617723,24381,24381,947,Round 2,2023-05-28,Chris Young,937,The Quarries Disc Golf ,Blue Tees,61,18,2,13:00:00,52,-9,998,112,True,False,18,52,True,True,True
67160,2023,MP40,2,617723,93414,93414,948,Round 2,2023-05-28,Joshua Lemieux,961,The Quarries Disc Golf ,Blue Tees,61,18,1,13:20:00,58,-3,939,114,True,False,18,58,True,True,True
67160,2023,MP40,2,617723,96621,96621,947,Round 2,2023-05-28,Jeremy McKittrick,932,The Quarries Disc Golf ,Blue Tees,61,18,3,13:10:00,56,-5,959,115,True,False,18,56,True,True,True
67160,2023,MP40,2,617723,189489,189489,941,Round 2,2023-05-28,Joshua Niss,937,The Quarries Disc Golf ,Blue Tees,61,18,1,13:00:00,57,-4,949,116,True,False,18,57,True,True,True
67160,2023,MP40,2,617723,22318,22318,955,Round 2,2023-05-28,Aaron Smartt,965,The Quarries Disc Golf ,Blue Tees,61,18,2,13:10:00,58,-3,939,117,True,False,18,58,True,True,True
67160,2023,MP40,2,617723,193211,193211,916,Round 2,2023-05-28,Greg Babbin,933,The Quarries Disc Golf ,Blue Tees,61,18,1,13:10:00,59,-2,930,117,True,False,18,59,True,True,True
67160,2023,MP40,2,617723,166239,166239,925,Round 2,2023-05-28,Tom Raub,958,The Quarries Disc Golf ,Blue Tees,61,18,3,13:20:00,60,-1,920,117,True,False,18,60,True,True,True
67160,2023,MP40,2,617723,83212,83212,888,Round 2,2023-05-28,Cory Barron,885,The Quarries Disc Golf ,Blue Tees,61,18,3,13:00:00,58,-3,939,118,True,False,18,58,True,True,True
67160,2023,MP40,2,617723,110289,110289,930,Round 2,2023-05-28,Frank Wruk,945,The Quarries Disc Golf ,Blue Tees,61,18,4,13:10:00,59,-2,930,118,True,False,18,59,True,True,True
67160,2023,MP40,2,617723,178064,178064,905,Round 2,2023-05-28,Peter Walke,,The Quarries Disc Golf ,Blue Tees,61,18,2,13:20:00,62,1,901,118,True,False,18,62,True,True,True
67160,2023,MP40,2,617723,120692,120692,905,Round 2,2023-05-28,Corey Johnson,911,The Quarries Disc Golf ,Blue Tees,61,18,4,13:20:00,62,1,901,120,True,False,18,62,True,True,True
67160,2023,MP40,2,617723,109527,109527,903,Round 2,2023-05-28,Mike Wenzel,901,The Quarries Disc Golf ,Blue Tees,61,18,4,13:00:00,59,-2,930,121,True,False,18,59,True,True,True
67160,2023,MP40,2,617723,15089,15089,908,Round 2,2023-05-28,Jeremy JJ Becker,887,The Quarries Disc Golf ,Blue Tees,61,18,1,12:50:00,60,-1,920,123,True,False,18,60,True,True,True
67160,2023,MP40,2,617723,159476,159476,892,Round 2,2023-05-28,James Lightholder,899,The Quarries Disc Golf ,Blue Tees,61,18,2,12:40:00,58,-3,939,124,True,False,18,58,True,True,True
67160,2023,MP40,2,617723,83198,83198,890,Round 2,2023-05-28,Alan Gofberg,869,The Quarries Disc Golf ,Blue Tees,61,18,2,12:50:00,62,1,901,125,True,False,18,62,True,True,True
67160,2023,MP40,2,617723,144924,144924,933,Round 2,2023-05-28,Jason Joseph,,The Quarries Disc Golf ,Blue Tees,61,18,3,12:50:00,63,2,891,126,True,False,18,63,True,True,True
67160,2023,MP40,2,617723,164570,164570,925,Round 2,2023-05-28,David Carter,,The Quarries Disc Golf ,Blue Tees,61,18,4,12:50:00,65,4,872,130,True,False,18,65,True,True,True
67160,2023,MP50,1,617723,84880,84880,912,Round 1,2023-05-28,Marcos Miller,,The Quarries Disc Golf ,Blue Tees,61,18,2,12:40:00,62,1,901,127,True,False,18,62,True,True,True
67160,2023,MP50,1,617723,223480,223480,836,Round 1,2023-05-28,Marc Kirkpatrick,879,The Quarries Disc Golf ,Blue Tees,61,18,1,12:40:00,70,9,823,139,True,False,18,70,True,True,True
67160,2023,MP50,2,617723,84880,84880,912,Round 2,2023-05-28,Marcos Miller,,The Quarries Disc Golf ,Blue Tees,61,18,1,12:40:00,65,4,872,127,True,False,18,65,True,True,True
67160,2023,MP50,2,617723,223480,223480,836,Round 2,2023-05-28,Marc Kirkpatrick,879,The Quarries Disc Golf ,Blue Tees,61,18,3,12:40:00,69,8,833,139,True,False,18,69,True,True,True
67160,2023,MPO,1,617723,100885,100885,950,Round 1,2023-05-28,Jacob Moore,945,The Quarries Disc Golf ,Blue Tees,61,18,1,14:20:00,54,-7,978,112,True,False,18,54,True,True,True
67160,2023,MPO,1,617723,103627,103627,975,Round 1,2023-05-28,Clayton Davis,,The Quarries Disc Golf ,Blue Tees,61,18,3,14:40:00,54,-7,978,106,True,False,18,54,True,True,True
67160,2023,MPO,1,617723,109086,109086,949,Round 1,2023-05-28,Aaron Schlossberg,947,The Quarries Disc Golf ,Blue Tees,61,18,1,13:50:00,54,-7,978,112,True,False,18,54,True,True,True
67160,2023,MPO,1,617723,121362,121362,947,Round 1,2023-05-28,Jonathan Russo,951,The Quarries Disc Golf ,Blue Tees,61,18,4,13:50:00,54,-7,978,113,True,False,18,54,True,True,True
67160,2023,MPO,1,617723,164158,164158,951,Round 1,2023-05-28,Alex Raub,,The Quarries Disc Golf ,Blue Tees,61,18,3,14:30:00,54,-7,978,108,True,False,18,54,True,True,True
67160,2023,MPO,1,617723,140098,140098,974,Round 1,2023-05-28,Angus Barstow,980,The Quarries Disc Golf ,Blue Tees,61,18,1,14:40:00,55,-6,968,111,True,False,18,55,True,True,True
67160,2023,MPO,1,617723,181649,181649,981,Round 1,2023-05-28,Hubert Vachon,996,The Quarries Disc Golf ,Blue Tees,61,18,4,14:10:00,55,-6,968,109,True,False,18,55,True,True,True
67160,2023,MPO,1,617723,142744,142744,967,Round 1,2023-05-28,Abel German,974,The Quarries Disc Golf ,Blue Tees,61,18,2,14:20:00,56,-5,959,114,True,False,18,56,True,True,True
67160,2023,MPO,1,617723,161558,161558,967,Round 1,2023-05-28,Brad Schott,994,The Quarries Disc Golf ,Blue Tees,61,18,3,14:50:00,56,-5,959,119,True,False,18,56,True,True,True
67160,2023,MPO,1,617723,244554,244554,,Round 1,2023-05-28,Jacob Decatur,,The Quarries Disc Golf ,Blue Tees,61,18,4,14:30:00,56,-5,959,,True,False,18,56,True,True,True
67160,2023,MPO,1,617723,94450,94450,965,Round 1,2023-05-28,Brendan Rollins,958,The Quarries Disc Golf ,Blue Tees,61,18,2,13:50:00,57,-4,949,109,True,False,18,57,True,True,True
67160,2023,MPO,1,617723,109051,109051,894,Round 1,2023-05-28,Taylor Jones,866,The Quarries Disc Golf ,Blue Tees,61,18,3,13:30:00,58,-3,939,121,True,False,18,58,True,True,True
67160,2023,MPO,1,617723,114674,114674,929,Round 1,2023-05-28,Jordan Lamson,,The Quarries Disc Golf ,Blue Tees,61,18,1,14:50:00,58,-3,939,112,True,False,18,58,True,True,True
67160,2023,MPO,1,617723,169393,169393,942,Round 1,2023-05-28,Aidan Trombley,977,The Quarries Disc Golf ,Blue Tees,61,18,4,14:40:00,58,-3,939,118,True,False,18,58,True,True,True
67160,2023,MPO,1,617723,64893,64893,963,Round 1,2023-05-28,Bryan Lake,966,The Quarries Disc Golf ,Blue Tees,61,18,1,14:30:00,59,-2,930,111,True,False,18,59,True,True,True
67160,2023,MPO,1,617723,81283,81283,967,Round 1,2023-05-28,Ronnie Bennett,968,The Quarries Disc Golf ,Blue Tees,61,18,1,14:10:00,59,-2,930,115,True,False,18,59,True,True,True
67160,2023,MPO,1,617723,85970,85970,949,Round 1,2023-05-28,Ben Drogue,966,The Quarries Disc Golf ,Blue Tees,61,18,3,13:50:00,59,-2,930,115,True,False,18,59,True,True,True
67160,2023,MPO,1,617723,164118,164118,899,Round 1,2023-05-28,Fred Longchamp,945,The Quarries Disc Golf ,Blue Tees,61,18,4,14:00:00,59,-2,930,119,True,False,18,59,True,True,True
67160,2023,MPO,1,617723,187845,187845,927,Round 1,2023-05-28,Shane Seals,962,The Quarries Disc Golf ,Blue Tees,61,18,3,14:20:00,59,-2,930,124,True,False,18,59,True,True,True
67160,2023,MPO,1,617723,101763,101763,900,Round 1,2023-05-28,Spencer Sutherland,917,The Quarries Disc Golf ,Blue Tees,61,18,3,14:10:00,60,-1,920,126,True,False,18,60,True,True,True
67160,2023,MPO,1,617723,136903,136903,961,Round 1,2023-05-28,Alex Ferguson,957,The Quarries Disc Golf ,Blue Tees,61,18,4,14:20:00,61,0,910,113,True,False,18,61,True,True,True
67160,2023,MPO,1,617723,256485,256485,,Round 1,2023-05-28,Christopher Keller,,The Quarries Disc Golf ,Blue Tees,61,18,2,13:30:00,61,0,910,119,True,False,18,61,True,True,True
67160,2023,MPO,1,617723,85036,85036,915,Round 1,2023-05-28,Nolan Power,,The Quarries Disc Golf ,Blue Tees,61,18,2,14:30:00,63,2,891,119,True,False,18,63,True,True,True
67160,2023,MPO,1,617723,102250,102250,936,Round 1,2023-05-28,Zackary Parik,,The Quarries Disc Golf ,Blue Tees,61,18,2,14:10:00,63,2,891,124,True,False,18,63,True,True,True
67160,2023,MPO,1,617723,125328,125328,927,Round 1,2023-05-28,Dana Carpenter,,The Quarries Disc Golf ,Blue Tees,61,18,3,14:00:00,63,2,891,120,True,False,18,63,True,True,True
67160,2023,MPO,1,617723,219271,219271,909,Round 1,2023-05-28,James Tuvilla-Roberts,,The Quarries Disc Golf ,Blue Tees,61,18,2,13:40:00,63,2,891,123,True,False,18,63,True,True,True
67160,2023,MPO,1,617723,132139,132139,899,Round 1,2023-05-28,Logan Foss,,The Quarries Disc Golf ,Blue Tees,61,18,2,14:40:00,64,3,881,130,True,False,18,64,True,True,True
67160,2023,MPO,1,617723,140874,140874,966,Round 1,2023-05-28,Hunter Martin,953,The Quarries Disc Golf ,Blue Tees,61,18,4,14:50:00,64,3,881,120,True,False,18,64,True,True,True
67160,2023,MPO,1,617723,168047,168047,901,Round 1,2023-05-28,Jim Desisto,915,The Quarries Disc Golf ,Blue Tees,61,18,1,13:30:00,64,3,881,128,True,False,18,64,True,True,True
67160,2023,MPO,1,617723,175583,175583,917,Round 1,2023-05-28,Rob Salter,948,The Quarries Disc Golf ,Blue Tees,61,18,3,13:40:00,64,3,881,888,True,False,18,64,True,True,True
67160,2023,MPO,1,617723,106970,106970,835,Round 1,2023-05-28,Stefan Farrell,852,The Quarries Disc Golf ,Blue Tees,61,18,1,13:40:00,68,7,842,132,True,False,18,68,True,True,True
67160,2023,MPO,1,617723,116370,116370,919,Round 1,2023-05-28,Tyler Moriarty,,The Quarries Disc Golf ,Blue Tees,61,18,2,14:50:00,68,7,842,132,True,False,18,68,True,True,True
67160,2023,MPO,1,617723,241286,241286,,Round 1,2023-05-28,Justin Burklow,951,The Quarries Disc Golf ,Blue Tees,61,18,2,14:00:00,69,8,833,133,True,False,18,69,True,True,True
67160,2023,MPO,1,617723,252153,252153,845,Round 1,2023-05-28,Tyler Pelkey,,The Quarries Disc Golf ,Blue Tees,61,18,1,14:00:00,70,9,823,131,True,False,18,70,True,True,True
67160,2023,MPO,2,617723,103627,103627,975,Round 2,2023-05-28,Clayton Davis,,The Quarries Disc Golf ,Blue Tees,61,18,2,15:00:00,52,-9,998,106,True,False,18,52,True,True,True
67160,2023,MPO,2,617723,164158,164158,951,Round 2,2023-05-28,Alex Raub,,The Quarries Disc Golf ,Blue Tees,61,18,1,14:50:00,54,-7,978,108,True,False,18,54,True,True,True
67160,2023,MPO,2,617723,94450,94450,965,Round 2,2023-05-28,Brendan Rollins,958,The Quarries Disc Golf ,Blue Tees,61,18,2,14:40:00,52,-9,998,109,True,False,18,52,True,True,True
67160,2023,MPO,2,617723,181649,181649,981,Round 2,2023-05-28,Hubert Vachon,996,The Quarries Disc Golf ,Blue Tees,61,18,3,14:50:00,54,-7,978,109,True,False,18,54,True,True,True
67160,2023,MPO,2,617723,64893,64893,963,Round 2,2023-05-28,Bryan Lake,966,The Quarries Disc Golf ,Blue Tees,61,18,3,14:30:00,52,-9,998,111,True,False,18,52,True,True,True
67160,2023,MPO,2,617723,140098,140098,974,Round 2,2023-05-28,Angus Barstow,980,The Quarries Disc Golf ,Blue Tees,61,18,2,14:50:00,56,-5,959,111,True,False,18,56,True,True,True
67160,2023,MPO,2,617723,114674,114674,929,Round 2,2023-05-28,Jordan Lamson,,The Quarries Disc Golf ,Blue Tees,61,18,1,14:30:00,54,-7,978,112,True,False,18,54,True,True,True
67160,2023,MPO,2,617723,100885,100885,950,Round 2,2023-05-28,Jacob Moore,945,The Quarries Disc Golf ,Blue Tees,61,18,1,15:00:00,58,-3,939,112,True,False,18,58,True,True,True
67160,2023,MPO,2,617723,109086,109086,949,Round 2,2023-05-28,Aaron Schlossberg,947,The Quarries Disc Golf ,Blue Tees,61,18,3,15:00:00,58,-3,939,112,True,False,18,58,True,True,True
67160,2023,MPO,2,617723,136903,136903,961,Round 2,2023-05-28,Alex Ferguson,957,The Quarries Disc Golf ,Blue Tees,61,18,1,14:10:00,52,-9,998,113,True,False,18,52,True,True,True
67160,2023,MPO,2,617723,121362,121362,947,Round 2,2023-05-28,Jonathan Russo,951,The Quarries Disc Golf ,Blue Tees,61,18,4,15:00:00,59,-2,930,113,True,False,18,59,True,True,True
67160,2023,MPO,2,617723,142744,142744,967,Round 2,2023-05-28,Abel German,974,The Quarries Disc Golf ,Blue Tees,61,18,4,14:50:00,58,-3,939,114,True,False,18,58,True,True,True
67160,2023,MPO,2,617723,81283,81283,967,Round 2,2023-05-28,Ronnie Bennett,968,The Quarries Disc Golf ,Blue Tees,61,18,4,14:30:00,56,-5,959,115,True,False,18,56,True,True,True
67160,2023,MPO,2,617723,85970,85970,949,Round 2,2023-05-28,Ben Drogue,966,The Quarries Disc Golf ,Blue Tees,61,18,1,14:20:00,56,-5,959,115,True,False,18,56,True,True,True
67160,2023,MPO,2,617723,169393,169393,942,Round 2,2023-05-28,Aidan Trombley,977,The Quarries Disc Golf ,Blue Tees,61,18,2,14:30:00,60,-1,920,118,True,False,18,60,True,True,True
67160,2023,MPO,2,617723,85036,85036,915,Round 2,2023-05-28,Nolan Power,,The Quarries Disc Golf ,Blue Tees,61,18,3,14:10:00,56,-5,959,119,True,False,18,56,True,True,True
67160,2023,MPO,2,617723,256485,256485,,Round 2,2023-05-28,Christopher Keller,,The Quarries Disc Golf ,Blue Tees,61,18,2,14:10:00,58,-3,939,119,True,False,18,58,True,True,True
67160,2023,MPO,2,617723,164118,164118,899,Round 2,2023-05-28,Fred Longchamp,945,The Quarries Disc Golf ,Blue Tees,61,18,2,14:20:00,60,-1,920,119,True,False,18,60,True,True,True
67160,2023,MPO,2,617723,161558,161558,967,Round 2,2023-05-28,Brad Schott,994,The Quarries Disc Golf ,Blue Tees,61,18,1,14:40:00,63,2,891,119,True,False,18,63,True,True,True
67160,2023,MPO,2,617723,140874,140874,966,Round 2,2023-05-28,Hunter Martin,953,The Quarries Disc Golf ,Blue Tees,61,18,4,14:00:00,56,-5,959,120,True,False,18,56,True,True,True
67160,2023,MPO,2,617723,125328,125328,927,Round 2,2023-05-28,Dana Carpenter,,The Quarries Disc Golf ,Blue Tees,61,18,1,14:00:00,57,-4,949,120,True,False,18,57,True,True,True
67160,2023,MPO,2,617723,109051,109051,894,Round 2,2023-05-28,Taylor Jones,866,The Quarries Disc Golf ,Blue Tees,61,18,3,14:40:00,63,2,891,121,True,False,18,63,True,True,True
67160,2023,MPO,2,617723,219271,219271,909,Round 2,2023-05-28,James Tuvilla-Roberts,,The Quarries Disc Golf ,Blue Tees,61,18,2,14:00:00,60,-1,920,123,True,False,18,60,True,True,True
67160,2023,MPO,2,617723,102250,102250,936,Round 2,2023-05-28,Zackary Parik,,The Quarries Disc Golf ,Blue Tees,61,18,4,14:10:00,61,0,910,124,True,False,18,61,True,True,True
67160,2023,MPO,2,617723,187845,187845,927,Round 2,2023-05-28,Shane Seals,962,The Quarries Disc Golf ,Blue Tees,61,18,3,14:20:00,65,4,872,124,True,False,18,65,True,True,True
67160,2023,MPO,2,617723,101763,101763,900,Round 2,2023-05-28,Spencer Sutherland,917,The Quarries Disc Golf ,Blue Tees,61,18,4,14:20:00,66,5,862,126,True,False,18,66,True,True,True
67160,2023,MPO,2,617723,168047,168047,901,Round 2,2023-05-28,Jim Desisto,915,The Quarries Disc Golf ,Blue Tees,61,18,5,13:50:00,64,3,881,128,True,False,18,64,True,True,True
67160,2023,MPO,2,617723,132139,132139,899,Round 2,2023-05-28,Logan Foss,,The Quarries Disc Golf ,Blue Tees,61,18,3,14:00:00,66,5,862,130,True,False,18,66,True,True,True
67160,2023,MPO,2,617723,252153,252153,845,Round 2,2023-05-28,Tyler Pelkey,,The Quarries Disc Golf ,Blue Tees,61,18,3,13:40:00,61,0,910,131,True,False,18,61,True,True,True
67160,2023,MPO,2,617723,106970,106970,835,Round 2,2023-05-28,Stefan Farrell,852,The Quarries Disc Golf ,Blue Tees,61,18,5,13:50:00,64,3,881,132,True,False,18,64,True,True,True
67160,2023,MPO,2,617723,116370,116370,919,Round 2,2023-05-28,Tyler Moriarty,,The Quarries Disc Golf ,Blue Tees,61,18,1,13:40:00,64,3,881,132,True,False,18,64,True,True,True
67160,2023,MPO,2,617723,241286,241286,,Round 2,2023-05-28,Justin Burklow,951,The Quarries Disc Golf ,Blue Tees,61,18,2,13:40:00,64,3,881,133,True,False,18,64,True,True,True
67160,2023,MPO,2,617723,175583,175583,917,Round 2,2023-05-28,Rob Salter,948,The Quarries Disc Golf ,Blue Tees,61,18,2,13:50:00,888,827,,888,True,False,0,,False,False,False
67160,2023,MPO,2,617723,244554,244554,,Round 2,2023-05-28,Jacob Decatur,,The Quarries Disc Golf ,Blue Tees,61,18,2,14:40:00,,,,,True,True,0,,False,False,False
67161,2023,FA2,1,620306,159333,159333,799,Round 1,2023-06-11,Laura Rajnak,,Center Chains DGC at Hope A. Davey Park,White Tees,54,18,3,09:00:00,55,1,844,108,True,False,18,55,True,True,True
67161,2023,FA2,1,620306,125884,125884,809,Round 1,2023-06-11,Kaidence Moore,809,Center Chains DGC at Hope A. Davey Park,White Tees,54,18,1,09:00:00,60,6,777,106,True,False,18,60,True,True,True
67161,2023,FA2,1,620306,150234,150234,772,Round 1,2023-06-11,Erica Randall,,Center Chains DGC at Hope A. Davey Park,White Tees,54,18,2,09:00:00,60,6,777,114,True,False,18,60,True,True,True
67161,2023,FA2,2,620306,125884,125884,809,Round 2,2023-06-11,Kaidence Moore,809,Center Chains DGC at Hope A. Davey Park,White Tees,54,18,2,09:00:00,46,-8,965,106,True,False,18,46,True,True,True
67161,2023,FA2,2,620306,159333,159333,799,Round 2,2023-06-11,Laura Rajnak,,Center Chains DGC at Hope A. Davey Park,White Tees,54,18,1,09:00:00,53,-1,871,108,True,False,18,53,True,True,True
67161,2023,FA2,2,620306,150234,150234,772,Round 2,2023-06-11,Erica Randall,,Center Chains DGC at Hope A. Davey Park,White Tees,54,18,3,09:00:00,54,0,858,114,True,False,18,54,True,True,True
67161,2023,FA3,1,620306,228265,228265,590,Round 1,2023-06-11,Maryellen Copping,705,Center Chains DGC at Hope A. Davey Park,White Tees,54,18,2,07:50:00,66,12,696,130,True,False,18,66,True,True,True
67161,2023,FA3,1,620306,208280,208280,706,Round 1,2023-06-11,Jill Brooker,,Center Chains DGC at Hope A. Davey Park,White Tees,54,18,1,07:50:00,67,13,683,131,True,False,18,67,True,True,True
67161,2023,FA3,1,620306,259152,259152,,Round 1,2023-06-11,Marie Norton,,Center Chains DGC at Hope A. Davey Park,White Tees,54,18,3,07:50:00,69,15,656,136,True,False,18,69,True,True,True
67161,2023,FA3,2,620306,228265,228265,590,Round 2,2023-06-11,Maryellen Copping,705,Center Chains DGC at Hope A. Davey Park,White Tees,54,18,1,07:50:00,64,10,723,130,True,False,18,64,True,True,True
67161,2023,FA3,2,620306,208280,208280,706,Round 2,2023-06-11,Jill Brooker,,Center Chains DGC at Hope A. Davey Park,White Tees,54,18,2,07:50:00,64,10,723,131,True,False,18,64,True,True,True
67161,2023,FA3,2,620306,259152,259152,,Round 2,2023-06-11,Marie Norton,,Center Chains DGC at Hope A. Davey Park,White Tees,54,18,3,07:50:00,67,13,683,136,True,False,18,67,True,True,True
67161,2023,FA40,1,620306,213173,213173,666,Round 1,2023-06-11,Elizabeth Carrell,775,Center Chains DGC at Hope A. Davey Park,White Tees,54,18,2,09:10:00,59,5,790,118,True,False,18,59,True,True,True
67161,2023,FA40,1,620306,161647,161647,674,Round 1,2023-06-11,Michele Sargent,611,Center Chains DGC at Hope A. Davey Park,White Tees,54,18,1,09:10:00,61,7,763,126,True,False,18,61,True,True,True
67161,2023,FA40,1,620306,name:mindy german,,,Round 1,2023-06-11,Mindy German,,Center Chains DGC at Hope A. Davey Park,White Tees,54,18,3,09:10:00,68,14,669,135,True,False,18,68,True,True,True
67161,2023,FA40,2,620306,213173,213173,666,Round 2,2023-06-11,Elizabeth Carrell,775,Center Chains DGC at Hope A. Davey Park,White Tees,54,18,1,09:10:00,59,5,790,118,True,False,18,59,True,True,True
67161,2023,FA40,2,620306,161647,161647,674,Round 2,2023-06-11,Michele Sargent,611,Center Chains DGC at Hope A. Davey Park,White Tees,54,18,2,09:10:00,65,11,709,126,True,False,18,65,True,True,True
67161,2023,FA40,2,620306,name:mindy german,,,Round 2,2023-06-11,Mindy German,,Center Chains DGC at Hope A. Davey Park,White Tees,54,18,3,09:10:00,67,13,683,135,True,False,18,67,True,True,True
67161,2023,FPO,1,620305,96030,96030,938,Round 1,2023-06-11,Alex Benson,,Center Chains DGC at Hope A. Davey Park,Blue Tees,54,18,3,14:10:00,51,-3,931,103,True,False,18,51,True,True,True
67161,2023,FPO,1,620305,132857,132857,837,Round 1,2023-06-11,Serena Lamson,,Center Chains DGC at Hope A. Davey Park,Blue Tees,54,18,4,14:10:00,56,2,869,111,True,False,18,56,True,True,True
67161,2023,FPO,1,620305,174640,174640,824,Round 1,2023-06-11,Maureen McGuinness,,Center Chains DGC at Hope A. Davey Park,Blue Tees,54,18,1,14:10:00,56,2,869,112,True,False,18,56,True,True,True
67161,2023,FPO,1,620305,122613,122613,859,Round 1,2023-06-11,Kelly Heslin,889,Center Chains DGC at Hope A. Davey Park,Blue Tees,54,18,2,14:10:00,58,4,844,114,True,False,18,58,True,True,True
67161,2023,FPO,2,620305,96030,96030,938,Round 2,2023-06-11,Alex Benson,,Center Chains DGC at Hope A. Davey Park,Blue Tees,54,18,1,14:10:00,52,-2,918,103,True,False,18,52,True,True,True
67161,2023,FPO,2,620305,132857,132857,837,Round 2,2023-06-11,Serena Lamson,,Center Chains DGC at Hope A. Davey Park,Blue Tees,54,18,2,14:10:00,55,1,881,111,True,False,18,55,True,True,True
67161,2023,FPO,2,620305,174640,174640,824,Round 2,2023-06-11,Maureen McGuinness,,Center Chains DGC at Hope A. Davey Park,Blue Tees,54,18,3,14:10:00,56,2,869,112,True,False,18,56,True,True,True
67161,2023,FPO,2,620305,122613,122613,859,Round 2,2023-06-11,Kelly Heslin,889,Center Chains DGC at Hope A. Davey Park,Blue Tees,54,18,4,14:10:00,56,2,869,114,True,False,18,56,True,True,True
67161,2023,MA1,1,620305,110707,110707,924,Round 1,2023-06-11,Jason Wilson,927,Center Chains DGC at Hope A. Davey Park,Blue Tees,54,18,1,12:40:00,45,-9,1006,96,True,False,18,45,True,True,True
67161,2023,MA1,1,620305,176338,176338,946,Round 1,2023-06-11,Eric Vitoff,925,Center Chains DGC at Hope A. Davey Park,Blue Tees,54,18,3,12:30:00,47,-7,981,93,True,False,18,47,True,True,True
67161,2023,MA1,1,620305,111643,111643,916,Round 1,2023-06-11,Finn Etter,1013,Center Chains DGC at Hope A. Davey Park,Blue Tees,54,18,1,12:30:00,50,-4,943,102,True,False,18,50,True,True,True
67161,2023,MA1,1,620305,131201,131201,931,Round 1,2023-06-11,Tyler LaPerle,973,Center Chains DGC at Hope A. Davey Park,Blue Tees,54,18,3,12:20:00,51,-3,931,102,True,False,18,51,True,True,True
67161,2023,MA1,1,620305,219966,219966,917,Round 1,2023-06-11,Colin Dowey,920,Center Chains DGC at Hope A. Davey Park,Blue Tees,54,18,3,12:50:00,51,-3,931,100,True,False,18,51,True,True,True
67161,2023,MA1,1,620305,136937,136937,902,Round 1,2023-06-11,Zach Bossier,,Center Chains DGC at Hope A. Davey Park,Blue Tees,54,18,2,12:30:00,53,-1,906,103,True,False,18,53,True,True,True
67161,2023,MA1,1,620305,140506,140506,921,Round 1,2023-06-11,Ian Kehoe,,Center Chains DGC at Hope A. Davey Park,Blue Tees,54,18,1,13:00:00,53,-1,906,99,True,False,18,53,True,True,True
67161,2023,MA1,1,620305,212570,212570,861,Round 1,2023-06-11,Derek Copping,874,Center Chains DGC at Hope A. Davey Park,Blue Tees,54,18,4,13:00:00,53,-1,906,108,True,False,18,53,True,True,True
67161,2023,MA1,1,620305,name:chris larock,,,Round 1,2023-06-11,Chris Larock,,Center Chains DGC at Hope A. Davey Park,Blue Tees,54,18,4,12:30:00,53,-1,906,118,True,False,18,53,True,True,True
67161,2023,MA1,1,620305,158783,158783,906,Round 1,2023-06-11,Joseph Humes,906,Center Chains DGC at Hope A. Davey Park,Blue Tees,54,18,2,12:50:00,54,0,893,108,True,False,18,54,True,True,True
67161,2023,MA1,1,620305,195531,195531,879,Round 1,2023-06-11,Devon Mendicino,920,Center Chains DGC at Hope A. Davey Park,Blue Tees,54,18,2,13:10:00,54,0,893,104,True,False,18,54,True,True,True
67161,2023,MA1,1,620305,205492,205492,916,Round 1,2023-06-11,Hayden Laster,942,Center Chains DGC at Hope A. Davey Park,Blue Tees,54,18,3,12:40:00,54,0,893,103,True,False,18,54,True,True,True
67161,2023,MA1,1,620305,223480,223480,836,Round 1,2023-06-11,Marc Kirkpatrick,879,Center Chains DGC at Hope A. Davey Park,Blue Tees,54,18,3,13:10:00,54,0,893,112,True,False,18,54,True,True,True
67161,2023,MA1,1,620305,246151,246151,,Round 1,2023-06-11,Ryan Strobel,,Center Chains DGC at Hope A. Davey Park,Blue Tees,54,18,2,13:20:00,54,0,893,106,True,False,18,54,True,True,True
67161,2023,MA1,1,620305,89829,89829,919,Round 1,2023-06-11,Garrett Washburn,923,Center Chains DGC at Hope A. Davey Park,Blue Tees,54,18,1,12:20:00,55,1,881,104,True,False,18,55,True,True,True
67161,2023,MA1,1,620305,146710,146710,916,Round 1,2023-06-11,Nicholas Laurendeau,,Center Chains DGC at Hope A. Davey Park,Blue Tees,54,18,2,13:00:00,55,1,881,108,True,False,18,55,True,True,True
67161,2023,MA1,1,620305,173058,173058,925,Round 1,2023-06-11,Brandon Allaire,950,Center Chains DGC at Hope A. Davey Park,Blue Tees,54,18,2,12:40:00,55,1,881,106,True,False,18,55,True,True,True
67161,2023,MA1,1,620305,248546,248546,,Round 1,2023-06-11,Henry Mauck,,Center Chains DGC at Hope A. Davey Park,Blue Tees,54,18,3,13:20:00,55,1,881,112,True,False,18,55,True,True,True
67161,2023,MA1,1,620305,242902,242902,890,Round 1,2023-06-11,Christopher Rullan,,Center Chains DGC at Hope A. Davey Park,Blue Tees,54,18,4,12:20:00,56,2,869,116,True,False,18,56,True,True,True
67161,2023,MA1,1,620305,50816,50816,888,Round 1,2023-06-11,Tristan Whitehouse,,Center Chains DGC at Hope A. Davey Park,Blue Tees,54,18,1,13:10:00,57,3,856,113,True,False,18,57,True,True,True
67161,2023,MA1,1,620305,175140,175140,871,Round 1,2023-06-11,Christian Garey,890,Center Chains DGC at Hope A. Davey Park,Blue Tees,54,18,3,13:00:00,57,3,856,111,True,False,18,57,True,True,True
67161,2023,MA1,1,620305,174646,174646,873,Round 1,2023-06-11,David Oppenheimer,,Center Chains DGC at Hope A. Davey Park,Blue Tees,54,18,1,13:20:00,58,4,844,113,True,False,18,58,True,True,True
67161,2023,MA1,1,620305,251964,251964,,Round 1,2023-06-11,Hans Kindstedt,938,Center Chains DGC at Hope A. Davey Park,Blue Tees,54,18,4,12:50:00,58,4,844,111,True,False,18,58,True,True,True
67161,2023,MA1,1,620305,150023,150023,875,Round 1,2023-06-11,Elijah Davis,,Center Chains DGC at Hope A. Davey Park,Blue Tees,54,18,1,12:50:00,59,5,831,124,True,False,18,59,True,True,True
67161,2023,MA1,1,620305,258938,258938,,Round 1,2023-06-11,Brandon Kendall,,Center Chains DGC at Hope A. Davey Park,Blue Tees,54,18,4,13:20:00,59,5,831,123,True,False,18,59,True,True,True
67161,2023,MA1,1,620305,128670,128670,887,Round 1,2023-06-11,Steven Colbert,,Center Chains DGC at Hope A. Davey Park,Blue Tees,54,18,2,12:20:00,60,6,819,114,True,False,18,60,True,True,True
67161,2023,MA1,1,620305,257510,257510,,Round 1,2023-06-11,Benjamin Sevey,,Center Chains DGC at Hope A. Davey Park,Blue Tees,54,18,4,13:10:00,60,6,819,116,True,False,18,60,True,True,True
67161,2023,MA1,1,620305,259647,259647,,Round 1,2023-06-11,Alex Bartlett,,Center Chains DGC at Hope A. Davey Park,Blue Tees,54,18,4,12:40:00,64,10,769,123,True,False,18,64,True,True,True
67161,2023,MA1,2,620305,176338,176338,946,Round 2,2023-06-11,Eric Vitoff,925,Center Chains DGC at Hope A. Davey Park,Blue Tees,54,18,2,13:20:00,46,-8,993,93,True,False,18,46,True,True,True
67161,2023,MA1,2,620305,110707,110707,924,Round 2,2023-06-11,Jason Wilson,927,Center Chains DGC at Hope A. Davey Park,Blue Tees,54,18,1,13:20:00,51,-3,931,96,True,False,18,51,True,True,True
67161,2023,MA1,2,620305,140506,140506,921,Round 2,2023-06-11,Ian Kehoe,,Center Chains DGC at Hope A. Davey Park,Blue Tees,54,18,3,13:10:00,46,-8,993,99,True,False,18,46,True,True,True
67161,2023,MA1,2,620305,219966,219966,917,Round 2,2023-06-11,Colin Dowey,920,Center Chains DGC at Hope A. Davey Park,Blue Tees,54,18,1,13:10:00,49,-5,956,100,True,False,18,49,True,True,True
67161,2023,MA1,2,620305,131201,131201,931,Round 2,2023-06-11,Tyler LaPerle,973,Center Chains DGC at Hope A. Davey Park,Blue Tees,54,18,4,13:20:00,51,-3,931,102,True,False,18,51,True,True,True
67161,2023,MA1,2,620305,111643,111643,916,Round 2,2023-06-11,Finn Etter,1013,Center Chains DGC at Hope A. Davey Park,Blue Tees,54,18,3,13:20:00,52,-2,918,102,True,False,18,52,True,True,True
67161,2023,MA1,2,620305,205492,205492,916,Round 2,2023-06-11,Hayden Laster,942,Center Chains DGC at Hope A. Davey Park,Blue Tees,54,18,4,13:00:00,49,-5,956,103,True,False,18,49,True,True,True
67161,2023,MA1,2,620305,136937,136937,902,Round 2,2023-06-11,Zach Bossier,,Center Chains DGC at Hope A. Davey Park,Blue Tees,54,18,2,13:10:00,50,-4,943,103,True,False,18,50,True,True,True
67161,2023,MA1,2,620305,89829,89829,919,Round 2,2023-06-11,Garrett Washburn,923,Center Chains DGC at Hope A. Davey Park,Blue Tees,54,18,3,12:50:00,49,-5,956,104,True,False,18,49,True,True,True
67161,2023,MA1,2,620305,195531,195531,879,Round 2,2023-06-11,Devon Mendicino,920,Center Chains DGC at Hope A. Davey Park,Blue Tees,54,18,3,13:00:00,50,-4,943,104,True,False,18,50,True,True,True
67161,2023,MA1,2,620305,173058,173058,925,Round 2,2023-06-11,Brandon Allaire,950,Center Chains DGC at Hope A. Davey Park,Blue Tees,54,18,1,12:40:00,51,-3,931,106,True,False,18,51,True,True,True
67161,2023,MA1,2,620305,246151,246151,,Round 2,2023-06-11,Ryan Strobel,,Center Chains DGC at Hope A. Davey Park,Blue Tees,54,18,2,12:50:00,52,-2,918,106,True,False,18,52,True,True,True
67161,2023,MA1,2,620305,146710,146710,916,Round 2,2023-06-11,Nicholas Laurendeau,,Center Chains DGC at Hope A. Davey Park,Blue Tees,54,18,4,12:50:00,53,-1,906,108,True,False,18,53,True,True,True
67161,2023,MA1,2,620305,158783,158783,906,Round 2,2023-06-11,Joseph Humes,906,Center Chains DGC at Hope A. Davey Park,Blue Tees,54,18,2,13:00:00,54,0,893,108,True,False,18,54,True,True,True
67161,2023,MA1,2,620305,212570,212570,861,Round 2,2023-06-11,Derek Copping,874,Center Chains DGC at Hope A. Davey Park,Blue Tees,54,18,4,13:10:00,55,1,881,108,True,False,18,55,True,True,True
67161,2023,MA1,2,620305,251964,251964,,Round 2,2023-06-11,Hans Kindstedt,938,Center Chains DGC at Hope A. Davey Park,Blue Tees,54,18,3,12:30:00,53,-1,906,111,True,False,18,53,True,True,True
67161,2023,MA1,2,620305,175140,175140,871,Round 2,2023-06-11,Christian Garey,890,Center Chains DGC at Hope A. Davey Park,Blue Tees,54,18,1,12:30:00,54,0,893,111,True,False,18,54,True,True,True
67161,2023,MA1,2,620305,248546,248546,,Round 2,2023-06-11,Henry Mauck,,Center Chains DGC at Hope A. Davey Park,Blue Tees,54,18,2,12:40:00,57,3,856,112,True,False,18,57,True,True,True
67161,2023,MA1,2,620305,223480,223480,836,Round 2,2023-06-11,Marc Kirkpatrick,879,Center Chains DGC at Hope A. Davey Park,Blue Tees,54,18,1,12:50:00,58,4,844,112,True,False,18,58,True,True,True
67161,2023,MA1,2,620305,174646,174646,873,Round 2,2023-06-11,David Oppenheimer,,Center Chains DGC at Hope A. Davey Park,Blue Tees,54,18,2,12:30:00,55,1,881,113,True,False,18,55,True,True,True
67161,2023,MA1,2,620305,50816,50816,888,Round 2,2023-06-11,Tristan Whitehouse,,Center Chains DGC at Hope A. Davey Park,Blue Tees,54,18,4,12:40:00,56,2,869,113,True,False,18,56,True,True,True
67161,2023,MA1,2,620305,128670,128670,887,Round 2,2023-06-11,Steven Colbert,,Center Chains DGC at Hope A. Davey Park,Blue Tees,54,18,2,12:20:00,54,0,893,114,True,False,18,54,True,True,True
67161,2023,MA1,2,620305,257510,257510,,Round 2,2023-06-11,Benjamin Sevey,,Center Chains DGC at Hope A. Davey Park,Blue Tees,54,18,3,12:20:00,56,2,869,116,True,False,18,56,True,True,True
67161,2023,MA1,2,620305,242902,242902,890,Round 2,2023-06-11,Christopher Rullan,,Center Chains DGC at Hope A. Davey Park,Blue Tees,54,18,3,12:40:00,60,6,819,116,True,False,18,60,True,True,True
67161,2023,MA1,2,620305,name:chris larock,,,Round 2,2023-06-11,Chris Larock,,Center Chains DGC at Hope A. Davey Park,Blue Tees,54,18,1,13:00:00,65,11,756,118,True,False,18,65,True,True,True
67161,2023,MA1,2,620305,259647,259647,,Round 2,2023-06-11,Alex Bartlett,,Center Chains DGC at Hope A. Davey Park,Blue Tees,54,18,4,12:20:00,59,5,831,123,True,False,18,59,True,True,True
67161,2023,MA1,2,620305,258938,258938,,Round 2,2023-06-11,Brandon Kendall,,Center Chains DGC at Hope A. Davey Park,Blue Tees,54,18,1,12:20:00,64,10,769,123,True,False,18,64,True,True,True
67161,2023,MA1,2,620305,150023,150023,875,Round 2,2023-06-11,Elijah Davis,,Center Chains DGC at Hope A. Davey Park,Blue Tees,54,18,4,12:30:00,65,11,756,124,True,False,18,65,True,True,True
67161,2023,MA2,1,620305,109604,109604,899,Round 1,2023-06-11,Jeremy Hulsey,914,Center Chains DGC at Hope A. Davey Park,Blue Tees,54,18,1,10:40:00,50,-4,943,101,True,False,18,50,True,True,True
67161,2023,MA2,1,620305,159224,159224,920,Round 1,2023-06-11,Bryce McKim,,Center Chains DGC at Hope A. Davey Park,Blue Tees,54,18,2,10:40:00,51,-3,931,104,True,False,18,51,True,True,True
67161,2023,MA2,1,620305,243543,243543,898,Round 1,2023-06-11,John Hutchins,,Center Chains DGC at Hope A. Davey Park,Blue Tees,54,18,4,10:40:00,52,-2,918,108,True,False,18,52,True,True,True
67161,2023,MA2,1,620305,246266,246266,906,Round 1,2023-06-11,Matthew Hayes,,Center Chains DGC at Hope A. Davey Park,Blue Tees,54,18,3,09:20:00,52,-2,918,104,True,False,18,52,True,True,True
67161,2023,MA2,1,620305,177018,177018,865,Round 1,2023-06-11,Brandon Bensel,882,Center Chains DGC at Hope A. Davey Park,Blue Tees,54,18,3,10:50:00,53,-1,906,114,True,False,18,53,True,True,True
67161,2023,MA2,1,620305,177260,177260,895,Round 1,2023-06-11,Fisher Evans,,Center Chains DGC at Hope A. Davey Park,Blue Tees,54,18,2,10:00:00,53,-1,906,108,True,False,18,53,True,True,True
67161,2023,MA2,1,620305,166639,166639,850,Round 1,2023-06-11,Ryan Sweeney,883,Center Chains DGC at Hope A. Davey Park,Blue Tees,54,18,1,10:30:00,54,0,893,114,True,False,18,54,True,True,True
67161,2023,MA2,1,620305,210681,210681,888,Round 1,2023-06-11,Kyle Anderson Andresen,911,Center Chains DGC at Hope A. Davey Park,Blue Tees,54,18,2,10:30:00,54,0,893,104,True,False,18,54,True,True,True
67161,2023,MA2,1,620305,213224,213224,869,Round 1,2023-06-11,Justin Griswold,914,Center Chains DGC at Hope A. Davey Park,Blue Tees,54,18,3,10:00:00,55,1,881,112,True,False,18,55,True,True,True
67161,2023,MA2,1,620305,124203,124203,870,Round 1,2023-06-11,Ezra Koch,954,Center Chains DGC at Hope A. Davey Park,Blue Tees,54,18,1,10:50:00,56,2,869,112,True,False,18,56,True,True,True
67161,2023,MA2,1,620305,189203,189203,850,Round 1,2023-06-11,Bobby Martino,911,Center Chains DGC at Hope A. Davey Park,Blue Tees,54,18,1,09:20:00,56,2,869,110,True,False,18,56,True,True,True
67161,2023,MA2,1,620305,244747,244747,,Round 1,2023-06-11,Shane Hinkley,,Center Chains DGC at Hope A. Davey Park,Blue Tees,54,18,3,09:50:00,56,2,869,111,True,False,18,56,True,True,True
67161,2023,MA2,1,620305,256331,256331,,Round 1,2023-06-11,Darren Dever,,Center Chains DGC at Hope A. Davey Park,Blue Tees,54,18,3,10:10:00,56,2,869,111,True,False,18,56,True,True,True
67161,2023,MA2,1,620305,256730,256730,,Round 1,2023-06-11,Derek Wolfe,,Center Chains DGC at Hope A. Davey Park,Blue Tees,54,18,2,09:40:00,56,2,869,111,True,False,18,56,True,True,True
67161,2023,MA2,1,620305,160671,160671,909,Round 1,2023-06-11,Elliot Waring,,Center Chains DGC at Hope A. Davey Park,Blue Tees,54,18,1,10:20:00,57,3,856,112,True,False,18,57,True,True,True
67161,2023,MA2,1,620305,212714,212714,828,Round 1,2023-06-11,Rocco Ceci,879,Center Chains DGC at Hope A. Davey Park,Blue Tees,54,18,1,10:10:00,58,4,844,115,True,False,18,58,True,True,True
67161,2023,MA2,1,620305,138183,138183,887,Round 1,2023-06-11,Chauncey Germain,926,Center Chains DGC at Hope A. Davey Park,Blue Tees,54,18,2,09:30:00,59,5,831,118,True,False,18,59,True,True,True
67161,2023,MA2,1,620305,169600,169600,841,Round 1,2023-06-11,Trevor Bryce,901,Center Chains DGC at Hope A. Davey Park,Blue Tees,54,18,2,10:20:00,59,5,831,116,True,False,18,59,True,True,True
67161,2023,MA2,1,620305,196711,196711,857,Round 1,2023-06-11,Jarrett Piette,891,Center Chains DGC at Hope A. Davey Park,Blue Tees,54,18,2,09:50:00,59,5,831,118,True,False,18,59,True,True,True
67161,2023,MA2,1,620305,128700,128700,845,Round 1,2023-06-11,Peter McCarthy,,Center Chains DGC at Hope A. Davey Park,Blue Tees,54,18,1,09:50:00,60,6,819,120,True,False,18,60,True,True,True
67161,2023,MA2,1,620305,163523,163523,864,Round 1,2023-06-11,Landon Desroches,866,Center Chains DGC at Hope A. Davey Park,Blue Tees,54,18,1,10:00:00,60,6,819,119,True,False,18,60,True,True,True
67161,2023,MA2,1,620305,220366,220366,,Round 1,2023-06-11,Joe Talmadge,,Center Chains DGC at Hope A. Davey Park,Blue Tees,54,18,2,09:20:00,60,6,819,113,True,False,18,60,True,True,True
67161,2023,MA2,1,620305,249322,249322,,Round 1,2023-06-11,David Laroche,,Center Chains DGC at Hope A. Davey Park,Blue Tees,54,18,4,10:50:00,60,6,819,119,True,False,18,60,True,True,True
67161,2023,MA2,1,620305,252750,252750,,Round 1,2023-06-11,Ian Machia,,Center Chains DGC at Hope A. Davey Park,Blue Tees,54,18,1,09:40:00,60,6,819,113,True,False,18,60,True,True,True
67161,2023,MA2,1,620305,258991,258991,,Round 1,2023-06-11,Patrick Dunseith,,Center Chains DGC at Hope A. Davey Park,Blue Tees,54,18,4,09:50:00,60,6,819,112,True,False,18,60,True,True,True
67161,2023,MA2,1,620305,260064,260064,,Round 1,2023-06-11,David Kucia,,Center Chains DGC at Hope A. Davey Park,Blue Tees,54,18,4,10:00:00,60,6,819,111,True,False,18,60,True,True,True
67161,2023,MA2,1,620305,151274,151274,886,Round 1,2023-06-11,Nick Norwood,,Center Chains DGC at Hope A. Davey Park,Blue Tees,54,18,2,10:50:00,61,7,806,116,True,False,18,61,True,True,True
67161,2023,MA2,1,620305,221157,221157,,Round 1,2023-06-11,Dylan Slick,915,Center Chains DGC at Hope A. Davey Park,Blue Tees,54,18,3,10:20:00,61,7,806,121,True,False,18,61,True,True,True
67161,2023,MA2,1,620305,261930,261930,,Round 1,2023-06-11,Connor Shlatz,,Center Chains DGC at Hope A. Davey Park,Blue Tees,54,18,3,09:40:00,61,7,806,117,True,False,18,61,True,True,True
67161,2023,MA2,1,620305,222661,222661,783,Round 1,2023-06-11,Randall Bishop,,Center Chains DGC at Hope A. Davey Park,Blue Tees,54,18,3,10:30:00,62,8,794,117,True,False,18,62,True,True,True
67161,2023,MA2,1,620305,258259,258259,,Round 1,2023-06-11,Tony Turner,,Center Chains DGC at Hope A. Davey Park,Blue Tees,54,18,4,10:30:00,62,8,794,123,True,False,18,62,True,True,True
67161,2023,MA2,1,620305,254621,254621,,Round 1,2023-06-11,Dellas Lambert,,Center Chains DGC at Hope A. Davey Park,Blue Tees,54,18,2,10:10:00,63,9,781,118,True,False,18,63,True,True,True
67161,2023,MA2,1,620305,183864,183864,862,Round 1,2023-06-11,Jacob Clay,,Center Chains DGC at Hope A. Davey Park,Blue Tees,54,18,3,09:30:00,65,11,756,123,True,False,18,65,True,True,True
67161,2023,MA2,1,620305,137984,137984,881,Round 1,2023-06-11,Tristan Bryce,,Center Chains DGC at Hope A. Davey Park,Blue Tees,54,18,1,09:30:00,67,13,732,124,True,False,18,67,True,True,True
67161,2023,MA2,1,620305,245070,245070,,Round 1,2023-06-11,William Lamont,,Center Chains DGC at Hope A. Davey Park,Blue Tees,54,18,4,10:20:00,68,14,719,125,True,False,18,68,True,True,True
67161,2023,MA2,1,620305,name:patrick mayhew,,,Round 1,2023-06-11,Patrick Mayhew,,Center Chains DGC at Hope A. Davey Park,Blue Tees,54,18,4,09:40:00,68,14,719,131,True,False,18,68,True,True,True
67161,2023,MA2,1,620305,261570,261570,,Round 1,2023-06-11,John Beaudin,911,Center Chains DGC at Hope A. Davey Park,Blue Tees,54,18,4,10:10:00,69,15,707,134,True,False,18,69,True,True,True
67161,2023,MA2,1,620305,211434,211434,765,Round 1,2023-06-11,Thomas Bousquet,798,Center Chains DGC at Hope A. Davey Park,Blue Tees,54,18,3,10:40:00,70,16,694,131,True,False,18,70,True,True,True
67161,2023,MA2,2,620305,109604,109604,899,Round 2,2023-06-11,Jeremy Hulsey,914,Center Chains DGC at Hope A. Davey Park,Blue Tees,54,18,1,10:50:00,51,-3,931,101,True,False,18,51,True,True,True
67161,2023,MA2,2,620305,210681,210681,888,Round 2,2023-06-11,Kyle Anderson Andresen,911,Center Chains DGC at Hope A. Davey Park,Blue Tees,54,18,4,10:40:00,50,-4,943,104,True,False,18,50,True,True,True
67161,2023,MA2,2,620305,246266,246266,906,Round 2,2023-06-11,Matthew Hayes,,Center Chains DGC at Hope A. Davey Park,Blue Tees,54,18,4,10:50:00,52,-2,918,104,True,False,18,52,True,True,True
67161,2023,MA2,2,620305,159224,159224,920,Round 2,2023-06-11,Bryce McKim,,Center Chains DGC at Hope A. Davey Park,Blue Tees,54,18,2,10:50:00,53,-1,906,104,True,False,18,53,True,True,True
67161,2023,MA2,2,620305,177260,177260,895,Round 2,2023-06-11,Fisher Evans,,Center Chains DGC at Hope A. Davey Park,Blue Tees,54,18,2,10:40:00,55,1,881,108,True,False,18,55,True,True,True
67161,2023,MA2,2,620305,243543,243543,898,Round 2,2023-06-11,John Hutchins,,Center Chains DGC at Hope A. Davey Park,Blue Tees,54,18,3,10:50:00,56,2,869,108,True,False,18,56,True,True,True
67161,2023,MA2,2,620305,189203,189203,850,Round 2,2023-06-11,Bobby Martino,911,Center Chains DGC at Hope A. Davey Park,Blue Tees,54,18,3,10:30:00,54,0,893,110,True,False,18,54,True,True,True
67161,2023,MA2,2,620305,260064,260064,,Round 2,2023-06-11,David Kucia,,Center Chains DGC at Hope A. Davey Park,Blue Tees,54,18,2,09:50:00,51,-3,931,111,True,False,18,51,True,True,True
67161,2023,MA2,2,620305,244747,244747,,Round 2,2023-06-11,Shane Hinkley,,Center Chains DGC at Hope A. Davey Park,Blue Tees,54,18,4,10:30:00,55,1,881,111,True,False,18,55,True,True,True
67161,2023,MA2,2,620305,256331,256331,,Round 2,2023-06-11,Darren Dever,,Center Chains DGC at Hope A. Davey Park,Blue Tees,54,18,1,10:20:00,55,1,881,111,True,False,18,55,True,True,True
67161,2023,MA2,2,620305,256730,256730,,Round 2,2023-06-11,Derek Wolfe,,Center Chains DGC at Hope A. Davey Park,Blue Tees,54,18,2,10:20:00,55,1,881,111,True,False,18,55,True,True,True
67161,2023,MA2,2,620305,258991,258991,,Round 2,2023-06-11,Patrick Dunseith,,Center Chains DGC at Hope A. Davey Park,Blue Tees,54,18,1,09:50:00,52,-2,918,112,True,False,18,52,True,True,True
67161,2023,MA2,2,620305,160671,160671,909,Round 2,2023-06-11,Elliot Waring,,Center Chains DGC at Hope A. Davey Park,Blue Tees,54,18,3,10:20:00,55,1,881,112,True,False,18,55,True,True,True
67161,2023,MA2,2,620305,124203,124203,870,Round 2,2023-06-11,Ezra Koch,954,Center Chains DGC at Hope A. Davey Park,Blue Tees,54,18,2,10:30:00,56,2,869,112,True,False,18,56,True,True,True
67161,2023,MA2,2,620305,213224,213224,869,Round 2,2023-06-11,Justin Griswold,914,Center Chains DGC at Hope A. Davey Park,Blue Tees,54,18,1,10:30:00,57,3,856,112,True,False,18,57,True,True,True
67161,2023,MA2,2,620305,220366,220366,,Round 2,2023-06-11,Joe Talmadge,,Center Chains DGC at Hope A. Davey Park,Blue Tees,54,18,2,10:00:00,53,-1,906,113,True,False,18,53,True,True,True
67161,2023,MA2,2,620305,252750,252750,,Round 2,2023-06-11,Ian Machia,,Center Chains DGC at Hope A. Davey Park,Blue Tees,54,18,4,10:00:00,53,-1,906,113,True,False,18,53,True,True,True
67161,2023,MA2,2,620305,166639,166639,850,Round 2,2023-06-11,Ryan Sweeney,883,Center Chains DGC at Hope A. Davey Park,Blue Tees,54,18,3,10:40:00,60,6,819,114,True,False,18,60,True,True,True
67161,2023,MA2,2,620305,177018,177018,865,Round 2,2023-06-11,Brandon Bensel,882,Center Chains DGC at Hope A. Davey Park,Blue Tees,54,18,1,10:40:00,61,7,806,114,True,False,18,61,True,True,True
67161,2023,MA2,2,620305,212714,212714,828,Round 2,2023-06-11,Rocco Ceci,879,Center Chains DGC at Hope A. Davey Park,Blue Tees,54,18,4,10:20:00,57,3,856,115,True,False,18,57,True,True,True
67161,2023,MA2,2,620305,151274,151274,886,Round 2,2023-06-11,Nick Norwood,,Center Chains DGC at Hope A. Davey Park,Blue Tees,54,18,3,09:50:00,55,1,881,116,True,False,18,55,True,True,True
67161,2023,MA2,2,620305,169600,169600,841,Round 2,2023-06-11,Trevor Bryce,901,Center Chains DGC at Hope A. Davey Park,Blue Tees,54,18,2,10:10:00,57,3,856,116,True,False,18,57,True,True,True
67161,2023,MA2,2,620305,222661,222661,783,Round 2,2023-06-11,Randall Bishop,,Center Chains DGC at Hope A. Davey Park,Blue Tees,54,18,2,09:40:00,55,1,881,117,True,False,18,55,True,True,True
67161,2023,MA2,2,620305,261930,261930,,Round 2,2023-06-11,Connor Shlatz,,Center Chains DGC at Hope A. Davey Park,Blue Tees,54,18,1,09:40:00,56,2,869,117,True,False,18,56,True,True,True
67161,2023,MA2,2,620305,254621,254621,,Round 2,2023-06-11,Dellas Lambert,,Center Chains DGC at Hope A. Davey Park,Blue Tees,54,18,4,09:40:00,55,1,881,118,True,False,18,55,True,True,True
67161,2023,MA2,2,620305,138183,138183,887,Round 2,2023-06-11,Chauncey Germain,926,Center Chains DGC at Hope A. Davey Park,Blue Tees,54,18,1,10:10:00,59,5,831,118,True,False,18,59,True,True,True
67161,2023,MA2,2,620305,196711,196711,857,Round 2,2023-06-11,Jarrett Piette,891,Center Chains DGC at Hope A. Davey Park,Blue Tees,54,18,3,10:10:00,59,5,831,118,True,False,18,59,True,True,True
67161,2023,MA2,2,620305,163523,163523,864,Round 2,2023-06-11,Landon Desroches,866,Center Chains DGC at Hope A. Davey Park,Blue Tees,54,18,1,10:00:00,59,5,831,119,True,False,18,59,True,True,True
67161,2023,MA2,2,620305,249322,249322,,Round 2,2023-06-11,David Laroche,,Center Chains DGC at Hope A. Davey Park,Blue Tees,54,18,3,10:00:00,59,5,831,119,True,False,18,59,True,True,True
67161,2023,MA2,2,620305,128700,128700,845,Round 2,2023-06-11,Peter McCarthy,,Center Chains DGC at Hope A. Davey Park,Blue Tees,54,18,4,10:10:00,60,6,819,120,True,False,18,60,True,True,True
67161,2023,MA2,2,620305,221157,221157,,Round 2,2023-06-11,Dylan Slick,915,Center Chains DGC at Hope A. Davey Park,Blue Tees,54,18,4,09:50:00,60,6,819,121,True,False,18,60,True,True,True
67161,2023,MA2,2,620305,183864,183864,862,Round 2,2023-06-11,Jacob Clay,,Center Chains DGC at Hope A. Davey Park,Blue Tees,54,18,1,09:30:00,58,4,844,123,True,False,18,58,True,True,True
67161,2023,MA2,2,620305,258259,258259,,Round 2,2023-06-11,Tony Turner,,Center Chains DGC at Hope A. Davey Park,Blue Tees,54,18,3,09:40:00,61,7,806,123,True,False,18,61,True,True,True
67161,2023,MA2,2,620305,137984,137984,881,Round 2,2023-06-11,Tristan Bryce,,Center Chains DGC at Hope A. Davey Park,Blue Tees,54,18,2,09:30:00,57,3,856,124,True,False,18,57,True,True,True
67161,2023,MA2,2,620305,245070,245070,,Round 2,2023-06-11,William Lamont,,Center Chains DGC at Hope A. Davey Park,Blue Tees,54,18,3,09:30:00,57,3,856,125,True,False,18,57,True,True,True
67161,2023,MA2,2,620305,211434,211434,765,Round 2,2023-06-11,Thomas Bousquet,798,Center Chains DGC at Hope A. Davey Park,Blue Tees,54,18,3,09:20:00,61,7,806,131,True,False,18,61,True,True,True
67161,2023,MA2,2,620305,name:patrick mayhew,,,Round 2,2023-06-11,Patrick Mayhew,,Center Chains DGC at Hope A. Davey Park,Blue Tees,54,18,1,09:20:00,63,9,781,131,True,False,18,63,True,True,True
67161,2023,MA2,2,620305,261570,261570,,Round 2,2023-06-11,John Beaudin,911,Center Chains DGC at Hope A. Davey Park,Blue Tees,54,18,2,09:20:00,65,11,756,134,True,False,18,65,True,True,True
67161,2023,MA3,1,620306,180438,180438,866,Round 1,2023-06-11,Elian Furs,,Center Chains DGC at Hope A. Davey Park,White Tees,54,18,4,08:40:00,50,-4,911,95,True,False,18,50,True,True,True
67161,2023,MA3,1,620306,224931,224931,829,Round 1,2023-06-11,Mark Thompson,,Center Chains DGC at Hope A. Davey Park,White Tees,54,18,2,08:30:00,53,-1,871,105,True,False,18,53,True,True,True
67161,2023,MA3,1,620306,239719,239719,797,Round 1,2023-06-11,Thane Griswold,820,Center Chains DGC at Hope A. Davey Park,White Tees,54,18,5,08:00:00,53,-1,871,108,True,False,18,53,True,True,True
67161,2023,MA3,1,620306,148187,148187,863,Round 1,2023-06-11,Evan Miller,874,Center Chains DGC at Hope A. Davey Park,White Tees,54,18,1,08:50:00,54,0,858,111,True,False,18,54,True,True,True
67161,2023,MA3,1,620306,258870,258870,,Round 1,2023-06-11,Brad Vaughn,857,Center Chains DGC at Hope A. Davey Park,White Tees,54,18,3,08:10:00,55,1,844,108,True,False,18,55,True,True,True
67161,2023,MA3,1,620306,155933,155933,781,Round 1,2023-06-11,Mourning Fox,,Center Chains DGC at Hope A. Davey Park,White Tees,54,18,1,08:30:00,56,2,831,113,True,False,18,56,True,True,True
67161,2023,MA3,1,620306,156066,156066,784,Round 1,2023-06-11,Roy Lancaster,834,Center Chains DGC at Hope A. Davey Park,White Tees,54,18,1,08:40:00,56,2,831,106,True,False,18,56,True,True,True
67161,2023,MA3,1,620306,160223,160223,782,Round 1,2023-06-11,Gabe Harwood,,Center Chains DGC at Hope A. Davey Park,White Tees,54,18,2,08:40:00,56,2,831,108,True,False,18,56,True,True,True
67161,2023,MA3,1,620306,166637,166637,849,Round 1,2023-06-11,Ajay Shah,825,Center Chains DGC at Hope A. Davey Park,White Tees,54,18,3,08:40:00,56,2,831,113,True,False,18,56,True,True,True
67161,2023,MA3,1,620306,216349,216349,751,Round 1,2023-06-11,Justin Bassett,879,Center Chains DGC at Hope A. Davey Park,White Tees,54,18,5,08:00:00,56,2,831,107,True,False,18,56,True,True,True
67161,2023,MA3,1,620306,259714,259714,,Round 1,2023-06-11,Reece Cronin,,Center Chains DGC at Hope A. Davey Park,White Tees,54,18,4,08:50:00,56,2,831,111,True,False,18,56,True,True,True
67161,2023,MA3,1,620306,133543,133543,816,Round 1,2023-06-11,Damon Menard,,Center Chains DGC at Hope A. Davey Park,White Tees,54,18,3,08:20:00,57,3,817,117,True,False,18,57,True,True,True
67161,2023,MA3,1,620306,156256,156256,791,Round 1,2023-06-11,Colby Garrand,836,Center Chains DGC at Hope A. Davey Park,White Tees,54,18,2,08:10:00,57,3,817,115,True,False,18,57,True,True,True
67161,2023,MA3,1,620306,93691,93691,864,Round 1,2023-06-11,Dakota O'Brien,,Center Chains DGC at Hope A. Davey Park,White Tees,54,18,1,08:20:00,58,4,804,111,True,False,18,58,True,True,True
67161,2023,MA3,1,620306,127764,127764,801,Round 1,2023-06-11,Lawrence Moore,804,Center Chains DGC at Hope A. Davey Park,White Tees,54,18,2,08:20:00,58,4,804,116,True,False,18,58,True,True,True
67161,2023,MA3,1,620306,244952,244952,,Round 1,2023-06-11,Joshua Dezotell,895,Center Chains DGC at Hope A. Davey Park,White Tees,54,18,3,08:30:00,58,4,804,107,True,False,18,58,True,True,True
67161,2023,MA3,1,620306,155456,155456,806,Round 1,2023-06-11,David Noble,,Center Chains DGC at Hope A. Davey Park,White Tees,54,18,1,08:10:00,59,5,790,115,True,False,18,59,True,True,True
67161,2023,MA3,1,620306,166633,166633,877,Round 1,2023-06-11,Joshua Martin,,Center Chains DGC at Hope A. Davey Park,White Tees,54,18,2,08:50:00,59,5,790,,True,False,18,59,True,True,True
67161,2023,MA3,1,620306,239437,239437,,Round 1,2023-06-11,Simon Bethune,830,Center Chains DGC at Hope A. Davey Park,White Tees,54,18,3,08:50:00,59,5,790,119,True,False,18,59,True,True,True
67161,2023,MA3,1,620306,259718,259718,,Round 1,2023-06-11,Kamden Cox,906,Center Chains DGC at Hope A. Davey Park,White Tees,54,18,4,08:10:00,59,5,790,116,True,False,18,59,True,True,True
67161,2023,MA3,1,620306,227703,227703,807,Round 1,2023-06-11,Joshua Berry,872,Center Chains DGC at Hope A. Davey Park,White Tees,54,18,4,08:20:00,61,7,763,113,True,False,18,61,True,True,True
67161,2023,MA3,1,620306,256887,256887,,Round 1,2023-06-11,Alex Gambero,812,Center Chains DGC at Hope A. Davey Park,White Tees,54,18,4,08:30:00,65,11,709,118,True,False,18,65,True,True,True
67161,2023,MA3,2,620306,180438,180438,866,Round 2,2023-06-11,Elian Furs,,Center Chains DGC at Hope A. Davey Park,White Tees,54,18,1,08:50:00,45,-9,979,95,True,False,18,45,True,True,True
67161,2023,MA3,2,620306,224931,224931,829,Round 2,2023-06-11,Mark Thompson,,Center Chains DGC at Hope A. Davey Park,White Tees,54,18,2,08:50:00,52,-2,885,105,True,False,18,52,True,True,True
67161,2023,MA3,2,620306,156066,156066,784,Round 2,2023-06-11,Roy Lancaster,834,Center Chains DGC at Hope A. Davey Park,White Tees,54,18,3,08:40:00,50,-4,911,106,True,False,18,50,True,True,True
67161,2023,MA3,2,620306,244952,244952,,Round 2,2023-06-11,Joshua Dezotell,895,Center Chains DGC at Hope A. Davey Park,White Tees,54,18,4,08:20:00,49,-5,925,107,True,False,18,49,True,True,True
67161,2023,MA3,2,620306,216349,216349,751,Round 2,2023-06-11,Justin Bassett,879,Center Chains DGC at Hope A. Davey Park,White Tees,54,18,2,08:30:00,52,-3,898,107,True,False,18,52,True,True,True
67161,2023,MA3,2,620306,160223,160223,782,Round 2,2023-06-11,Gabe Harwood,,Center Chains DGC at Hope A. Davey Park,White Tees,54,18,4,08:40:00,52,-2,885,108,True,False,18,52,True,True,True
67161,2023,MA3,2,620306,258870,258870,,Round 2,2023-06-11,Brad Vaughn,857,Center Chains DGC at Hope A. Davey Park,White Tees,54,18,1,08:40:00,53,-1,871,108,True,False,18,53,True,True,True
67161,2023,MA3,2,620306,239719,239719,797,Round 2,2023-06-11,Thane Griswold,820,Center Chains DGC at Hope A. Davey Park,White Tees,54,18,3,08:50:00,55,1,844,108,True,False,18,55,True,True,True
67161,2023,MA3,2,620306,93691,93691,864,Round 2,2023-06-11,Dakota O'Brien,,Center Chains DGC at Hope A. Davey Park,White Tees,54,18,2,08:20:00,53,-1,871,111,True,False,18,53,True,True,True
67161,2023,MA3,2,620306,259714,259714,,Round 2,2023-06-11,Reece Cronin,,Center Chains DGC at Hope A. Davey Park,White Tees,54,18,3,08:30:00,56,1,844,111,True,False,18,56,True,True,True
67161,2023,MA3,2,620306,148187,148187,863,Round 2,2023-06-11,Evan Miller,874,Center Chains DGC at Hope A. Davey Park,White Tees,54,18,4,08:50:00,57,3,817,111,True,False,18,57,True,True,True
67161,2023,MA3,2,620306,227703,227703,807,Round 2,2023-06-11,Joshua Berry,872,Center Chains DGC at Hope A. Davey Park,White Tees,54,18,2,08:00:00,52,-2,885,113,True,False,18,52,True,True,True
67161,2023,MA3,2,620306,155933,155933,781,Round 2,2023-06-11,Mourning Fox,,Center Chains DGC at Hope A. Davey Park,White Tees,54,18,2,08:40:00,57,3,817,113,True,False,18,57,True,True,True
67161,2023,MA3,2,620306,166637,166637,849,Round 2,2023-06-11,Ajay Shah,825,Center Chains DGC at Hope A. Davey Park,White Tees,54,18,1,08:30:00,57,3,817,113,True,False,18,57,True,True,True
67161,2023,MA3,2,620306,155456,155456,806,Round 2,2023-06-11,David Noble,,Center Chains DGC at Hope A. Davey Park,White Tees,54,18,5,08:10:00,56,2,831,115,True,False,18,56,True,True,True
67161,2023,MA3,2,620306,156256,156256,791,Round 2,2023-06-11,Colby Garrand,836,Center Chains DGC at Hope A. Davey Park,White Tees,54,18,1,08:20:00,58,4,804,115,True,False,18,58,True,True,True
67161,2023,MA3,2,620306,259718,259718,,Round 2,2023-06-11,Kamden Cox,906,Center Chains DGC at Hope A. Davey Park,White Tees,54,18,1,08:00:00,57,3,817,116,True,False,18,57,True,True,True
67161,2023,MA3,2,620306,127764,127764,801,Round 2,2023-06-11,Lawrence Moore,804,Center Chains DGC at Hope A. Davey Park,White Tees,54,18,3,08:20:00,58,4,804,116,True,False,18,58,True,True,True
67161,2023,MA3,2,620306,133543,133543,816,Round 2,2023-06-11,Damon Menard,,Center Chains DGC at Hope A. Davey Park,White Tees,54,18,4,08:30:00,60,6,777,117,True,False,18,60,True,True,True
67161,2023,MA3,2,620306,256887,256887,,Round 2,2023-06-11,Alex Gambero,812,Center Chains DGC at Hope A. Davey Park,White Tees,54,18,3,08:00:00,53,-1,871,118,True,False,18,53,True,True,True
67161,2023,MA3,2,620306,239437,239437,,Round 2,2023-06-11,Simon Bethune,830,Center Chains DGC at Hope A. Davey Park,White Tees,54,18,5,08:10:00,60,6,777,119,True,False,18,60,True,True,True
67161,2023,MA3,2,620306,166633,166633,877,Round 2,2023-06-11,Joshua Martin,,Center Chains DGC at Hope A. Davey Park,White Tees,54,18,2,08:10:00,,,,,True,True,0,,False,False,False
67161,2023,MA40,1,620305,73588,73588,866,Round 1,2023-06-11,Will Cleland,910,Center Chains DGC at Hope A. Davey Park,Blue Tees,54,18,1,11:00:00,54,0,893,111,True,False,18,54,True,True,True
67161,2023,MA40,1,620305,221629,221629,822,Round 1,2023-06-11,Justin Morgan,858,Center Chains DGC at Hope A. Davey Park,Blue Tees,54,18,1,11:20:00,54,0,893,112,True,False,18,54,True,True,True
67161,2023,MA40,1,620305,97356,97356,907,Round 1,2023-06-11,Jason Guild,934,Center Chains DGC at Hope A. Davey Park,Blue Tees,54,18,3,11:00:00,55,1,881,109,True,False,18,55,True,True,True
67161,2023,MA40,1,620305,84935,84935,891,Round 1,2023-06-11,Droo Fisher,866,Center Chains DGC at Hope A. Davey Park,Blue Tees,54,18,3,11:10:00,57,3,856,109,True,False,18,57,True,True,True
67161,2023,MA40,1,620305,145666,145666,872,Round 1,2023-06-11,Wesley Pollock,,Center Chains DGC at Hope A. Davey Park,Blue Tees,54,18,2,11:00:00,57,3,856,115,True,False,18,57,True,True,True
67161,2023,MA40,1,620305,161644,161644,798,Round 1,2023-06-11,Garrett Sargent,818,Center Chains DGC at Hope A. Davey Park,Blue Tees,54,18,4,11:00:00,58,4,844,119,True,False,18,58,True,True,True
67161,2023,MA40,1,620305,258832,258832,,Round 1,2023-06-11,Charles Spock,800,Center Chains DGC at Hope A. Davey Park,Blue Tees,54,18,4,11:10:00,59,5,831,120,True,False,18,59,True,True,True
67161,2023,MA40,1,620305,name:matthew german,,,Round 1,2023-06-11,Matthew German,,Center Chains DGC at Hope A. Davey Park,Blue Tees,54,18,3,11:20:00,59,5,831,116,True,False,18,59,True,True,True
67161,2023,MA40,1,620305,181431,181431,767,Round 1,2023-06-11,Sam Winn,,Center Chains DGC at Hope A. Davey Park,Blue Tees,54,18,1,11:10:00,60,6,819,115,True,False,18,60,True,True,True
67161,2023,MA40,1,620305,232320,232320,823,Round 1,2023-06-11,David Cain,,Center Chains DGC at Hope A. Davey Park,Blue Tees,54,18,2,11:20:00,61,7,806,123,True,False,18,61,True,True,True
67161,2023,MA40,1,620305,247751,247751,,Round 1,2023-06-11,Jon St. Clair,761,Center Chains DGC at Hope A. Davey Park,Blue Tees,54,18,2,11:10:00,61,7,806,123,True,False,18,61,True,True,True
67161,2023,MA40,2,620305,97356,97356,907,Round 2,2023-06-11,Jason Guild,934,Center Chains DGC at Hope A. Davey Park,Blue Tees,54,18,3,11:20:00,54,0,893,109,True,False,18,54,True,True,True
67161,2023,MA40,2,620305,84935,84935,891,Round 2,2023-06-11,Droo Fisher,866,Center Chains DGC at Hope A. Davey Park,Blue Tees,54,18,4,11:20:00,52,-2,918,109,True,False,18,52,True,True,True
67161,2023,MA40,2,620305,73588,73588,866,Round 2,2023-06-11,Will Cleland,910,Center Chains DGC at Hope A. Davey Park,Blue Tees,54,18,1,11:20:00,57,3,856,111,True,False,18,57,True,True,True
67161,2023,MA40,2,620305,221629,221629,822,Round 2,2023-06-11,Justin Morgan,858,Center Chains DGC at Hope A. Davey Park,Blue Tees,54,18,2,11:20:00,58,4,844,112,True,False,18,58,True,True,True
67161,2023,MA40,2,620305,181431,181431,767,Round 2,2023-06-11,Sam Winn,,Center Chains DGC at Hope A. Davey Park,Blue Tees,54,18,1,11:00:00,55,1,881,115,True,False,18,55,True,True,True
67161,2023,MA40,2,620305,145666,145666,872,Round 2,2023-06-11,Wesley Pollock,,Center Chains DGC at Hope A. Davey Park,Blue Tees,54,18,1,11:10:00,58,4,844,115,True,False,18,58,True,True,True
67161,2023,MA40,2,620305,name:matthew german,,,Round 2,2023-06-11,Matthew German,,Center Chains DGC at Hope A. Davey Park,Blue Tees,54,18,4,11:10:00,57,3,856,116,True,False,18,57,True,True,True
67161,2023,MA40,2,620305,161644,161644,798,Round 2,2023-06-11,Garrett Sargent,818,Center Chains DGC at Hope A. Davey Park,Blue Tees,54,18,2,11:10:00,61,7,806,119,True,False,18,61,True,True,True
67161,2023,MA40,2,620305,258832,258832,,Round 2,2023-06-11,Charles Spock,800,Center Chains DGC at Hope A. Davey Park,Blue Tees,54,18,3,11:10:00,61,7,806,120,True,False,18,61,True,True,True
67161,2023,MA40,2,620305,232320,232320,823,Round 2,2023-06-11,David Cain,,Center Chains DGC at Hope A. Davey Park,Blue Tees,54,18,2,11:00:00,62,8,794,123,True,False,18,62,True,True,True
67161,2023,MA40,2,620305,247751,247751,,Round 2,2023-06-11,Jon St. Clair,761,Center Chains DGC at Hope A. Davey Park,Blue Tees,54,18,3,11:00:00,62,8,794,123,True,False,18,62,True,True,True
67161,2023,MA50,1,620305,130713,130713,873,Round 1,2023-06-11,Ian Martin,902,Center Chains DGC at Hope A. Davey Park,Blue Tees,54,18,4,11:50:00,51,-3,931,106,True,False,18,51,True,True,True
67161,2023,MA50,1,620305,176159,176159,878,Round 1,2023-06-11,Guy Norwood,,Center Chains DGC at Hope A. Davey Park,Blue Tees,54,18,3,11:40:00,51,-3,931,110,True,False,18,51,True,True,True
67161,2023,MA50,1,620305,154887,154887,904,Round 1,2023-06-11,Brian Hunter,941,Center Chains DGC at Hope A. Davey Park,Blue Tees,54,18,2,11:40:00,54,0,893,109,True,False,18,54,True,True,True
67161,2023,MA50,1,620305,139113,139113,879,Round 1,2023-06-11,Norman Wedge,859,Center Chains DGC at Hope A. Davey Park,Blue Tees,54,18,1,11:40:00,58,4,844,112,True,False,18,58,True,True,True
67161,2023,MA50,1,620305,140732,140732,817,Round 1,2023-06-11,Matt Saltus,821,Center Chains DGC at Hope A. Davey Park,Blue Tees,54,18,2,11:30:00,58,4,844,121,True,False,18,58,True,True,True
67161,2023,MA50,1,620305,179138,179138,840,Round 1,2023-06-11,Chris Hancewicz,831,Center Chains DGC at Hope A. Davey Park,Blue Tees,54,18,4,11:40:00,58,4,844,112,True,False,18,58,True,True,True
67161,2023,MA50,1,620305,215620,215620,855,Round 1,2023-06-11,Ty Paulding,806,Center Chains DGC at Hope A. Davey Park,Blue Tees,54,18,3,11:50:00,59,5,831,114,True,False,18,59,True,True,True
67161,2023,MA50,1,620305,222067,222067,788,Round 1,2023-06-11,Mark Stirewalt,,Center Chains DGC at Hope A. Davey Park,Blue Tees,54,18,2,11:50:00,59,5,831,133,True,False,18,59,True,True,True
67161,2023,MA50,1,620305,235035,235035,850,Round 1,2023-06-11,Paul Seyler,908,Center Chains DGC at Hope A. Davey Park,Blue Tees,54,18,1,11:50:00,59,5,831,114,True,False,18,59,True,True,True
67161,2023,MA50,1,620305,169468,169468,844,Round 1,2023-06-11,Kevin Brooker,,Center Chains DGC at Hope A. Davey Park,Blue Tees,54,18,3,11:30:00,60,6,819,118,True,False,18,60,True,True,True
67161,2023,MA50,1,620305,175118,175118,809,Round 1,2023-06-11,Christian Rocheleau,,Center Chains DGC at Hope A. Davey Park,Blue Tees,54,18,4,11:30:00,60,6,819,126,True,False,18,60,True,True,True
67161,2023,MA50,1,620305,122325,122325,857,Round 1,2023-06-11,David Mulvey,,Center Chains DGC at Hope A. Davey Park,Blue Tees,54,18,1,11:30:00,61,7,806,121,True,False,18,61,True,True,True
67161,2023,MA50,2,620305,130713,130713,873,Round 2,2023-06-11,Ian Martin,902,Center Chains DGC at Hope A. Davey Park,Blue Tees,54,18,1,11:50:00,55,1,881,106,True,False,18,55,True,True,True
67161,2023,MA50,2,620305,154887,154887,904,Round 2,2023-06-11,Brian Hunter,941,Center Chains DGC at Hope A. Davey Park,Blue Tees,54,18,3,11:50:00,55,1,881,109,True,False,18,55,True,True,True
67161,2023,MA50,2,620305,176159,176159,878,Round 2,2023-06-11,Guy Norwood,,Center Chains DGC at Hope A. Davey Park,Blue Tees,54,18,2,11:50:00,59,5,831,110,True,False,18,59,True,True,True
67161,2023,MA50,2,620305,139113,139113,879,Round 2,2023-06-11,Norman Wedge,859,Center Chains DGC at Hope A. Davey Park,Blue Tees,54,18,4,11:50:00,54,0,893,112,True,False,18,54,True,True,True
67161,2023,MA50,2,620305,179138,179138,840,Round 2,2023-06-11,Chris Hancewicz,831,Center Chains DGC at Hope A. Davey Park,Blue Tees,54,18,2,11:40:00,54,0,893,112,True,False,18,54,True,True,True
67161,2023,MA50,2,620305,215620,215620,855,Round 2,2023-06-11,Ty Paulding,806,Center Chains DGC at Hope A. Davey Park,Blue Tees,54,18,3,11:40:00,55,1,881,114,True,False,18,55,True,True,True
67161,2023,MA50,2,620305,235035,235035,850,Round 2,2023-06-11,Paul Seyler,908,Center Chains DGC at Hope A. Davey Park,Blue Tees,54,18,1,11:30:00,55,1,881,114,True,False,18,55,True,True,True
67161,2023,MA50,2,620305,169468,169468,844,Round 2,2023-06-11,Kevin Brooker,,Center Chains DGC at Hope A. Davey Park,Blue Tees,54,18,2,11:30:00,58,4,844,118,True,False,18,58,True,True,True
67161,2023,MA50,2,620305,122325,122325,857,Round 2,2023-06-11,David Mulvey,,Center Chains DGC at Hope A. Davey Park,Blue Tees,54,18,4,11:30:00,60,6,819,121,True,False,18,60,True,True,True
67161,2023,MA50,2,620305,140732,140732,817,Round 2,2023-06-11,Matt Saltus,821,Center Chains DGC at Hope A. Davey Park,Blue Tees,54,18,1,11:40:00,63,9,781,121,True,False,18,63,True,True,True
67161,2023,MA50,2,620305,175118,175118,809,Round 2,2023-06-11,Christian Rocheleau,,Center Chains DGC at Hope A. Davey Park,Blue Tees,54,18,3,11:30:00,66,12,744,126,True,False,18,66,True,True,True
67161,2023,MA50,2,620305,222067,222067,788,Round 2,2023-06-11,Mark Stirewalt,,Center Chains DGC at Hope A. Davey Park,Blue Tees,54,18,4,11:40:00,74,20,644,133,True,False,18,74,True,True,True
67161,2023,MA60,1,620305,202875,202875,876,Round 1,2023-06-11,Thomas Limanek,911,Center Chains DGC at Hope A. Davey Park,Blue Tees,54,18,3,12:00:00,54,0,893,110,True,False,18,54,True,True,True
67161,2023,MA60,1,620305,74478,74478,865,Round 1,2023-06-11,John Sudarsky,845,Center Chains DGC at Hope A. Davey Park,Blue Tees,54,18,5,12:00:00,56,2,869,112,True,False,18,56,True,True,True
67161,2023,MA60,1,620305,109009,109009,880,Round 1,2023-06-11,José de Ondarza,870,Center Chains DGC at Hope A. Davey Park,Blue Tees,54,18,2,12:00:00,56,2,869,112,True,False,18,56,True,True,True
67161,2023,MA60,1,620305,131352,131352,781,Round 1,2023-06-11,David Havens,816,Center Chains DGC at Hope A. Davey Park,Blue Tees,54,18,4,12:00:00,65,11,756,126,True,False,18,65,True,True,True
67161,2023,MA60,1,620305,195353,195353,757,Round 1,2023-06-11,Jerome Mendicino,730,Center Chains DGC at Hope A. Davey Park,Blue Tees,54,18,1,12:00:00,70,16,694,137,True,False,18,70,True,True,True
67161,2023,MA60,2,620305,202875,202875,876,Round 2,2023-06-11,Thomas Limanek,911,Center Chains DGC at Hope A. Davey Park,Blue Tees,54,18,1,12:00:00,56,2,869,110,True,False,18,56,True,True,True
67161,2023,MA60,2,620305,74478,74478,865,Round 2,2023-06-11,John Sudarsky,845,Center Chains DGC at Hope A. Davey Park,Blue Tees,54,18,2,12:00:00,56,2,869,112,True,False,18,56,True,True,True
67161,2023,MA60,2,620305,109009,109009,880,Round 2,2023-06-11,José de Ondarza,870,Center Chains DGC at Hope A. Davey Park,Blue Tees,54,18,3,12:00:00,56,2,869,112,True,False,18,56,True,True,True
67161,2023,MA60,2,620305,131352,131352,781,Round 2,2023-06-11,David Havens,816,Center Chains DGC at Hope A. Davey Park,Blue Tees,54,18,4,12:00:00,61,7,806,126,True,False,18,61,True,True,True
67161,2023,MA60,2,620305,195353,195353,757,Round 2,2023-06-11,Jerome Mendicino,730,Center Chains DGC at Hope A. Davey Park,Blue Tees,54,18,5,12:00:00,67,13,732,137,True,False,18,67,True,True,True
67161,2023,MJ15,1,620306,221831,221831,758,Round 1,2023-06-11,Ruben Furs,,Center Chains DGC at Hope A. Davey Park,White Tees,54,18,1,07:40:00,60,6,777,118,True,False,18,60,True,True,True
67161,2023,MJ15,1,620306,228201,228201,,Round 1,2023-06-11,Waylon Spring,883,Center Chains DGC at Hope A. Davey Park,White Tees,54,18,2,07:40:00,61,7,763,124,True,False,18,61,True,True,True
67161,2023,MJ15,1,620306,name:agi goldstein,,,Round 1,2023-06-11,Agi Goldstein,,Center Chains DGC at Hope A. Davey Park,White Tees,54,18,3,07:40:00,63,9,736,126,True,False,18,63,True,True,True
67161,2023,MJ15,1,620306,name:conner lumsden,,,Round 1,2023-06-11,Conner Lumsden,,Center Chains DGC at Hope A. Davey Park,White Tees,54,18,4,07:40:00,67,13,683,135,True,False,18,67,True,True,True
67161,2023,MJ15,2,620306,221831,221831,758,Round 2,2023-06-11,Ruben Furs,,Center Chains DGC at Hope A. Davey Park,White Tees,54,18,1,07:40:00,58,4,804,118,True,False,18,58,True,True,True
67161,2023,MJ15,2,620306,228201,228201,,Round 2,2023-06-11,Waylon Spring,883,Center Chains DGC at Hope A. Davey Park,White Tees,54,18,2,07:40:00,63,9,736,124,True,False,18,63,True,True,True
67161,2023,MJ15,2,620306,name:agi goldstein,,,Round 2,2023-06-11,Agi Goldstein,,Center Chains DGC at Hope A. Davey Park,White Tees,54,18,3,07:40:00,63,9,736,126,True,False,18,63,True,True,True
67161,2023,MJ15,2,620306,name:conner lumsden,,,Round 2,2023-06-11,Conner Lumsden,,Center Chains DGC at Hope A. Davey Park,White Tees,54,18,4,07:40:00,68,14,669,135,True,False,18,68,True,True,True
67161,2023,MP40,1,620305,159476,159476,892,Round 1,2023-06-11,James Lightholder,899,Center Chains DGC at Hope A. Davey Park,Blue Tees,54,18,1,13:40:00,43,-11,1030,92,True,False,18,43,True,True,True
67161,2023,MP40,1,620305,22318,22318,955,Round 1,2023-06-11,Aaron Smartt,965,Center Chains DGC at Hope A. Davey Park,Blue Tees,54,18,2,14:00:00,47,-7,981,98,True,False,18,47,True,True,True
67161,2023,MP40,1,620305,189489,189489,941,Round 1,2023-06-11,Joshua Niss,937,Center Chains DGC at Hope A. Davey Park,Blue Tees,54,18,2,13:40:00,48,-6,968,96,True,False,18,48,True,True,True
67161,2023,MP40,1,620305,96621,96621,947,Round 1,2023-06-11,Jeremy McKittrick,932,Center Chains DGC at Hope A. Davey Park,Blue Tees,54,18,3,13:30:00,50,-4,943,103,True,False,18,50,True,True,True
67161,2023,MP40,1,620305,24381,24381,947,Round 1,2023-06-11,Chris Young,937,Center Chains DGC at Hope A. Davey Park,Blue Tees,54,18,1,14:00:00,52,-2,918,105,True,False,18,52,True,True,True
67161,2023,MP40,1,620305,120378,120378,951,Round 1,2023-06-11,Drew McDowell,952,Center Chains DGC at Hope A. Davey Park,Blue Tees,54,18,3,13:40:00,52,-2,918,102,True,False,18,52,True,True,True
67161,2023,MP40,1,620305,120692,120692,905,Round 1,2023-06-11,Corey Johnson,911,Center Chains DGC at Hope A. Davey Park,Blue Tees,54,18,2,13:30:00,53,-1,906,107,True,False,18,53,True,True,True
67161,2023,MP40,1,620305,178064,178064,905,Round 1,2023-06-11,Peter Walke,,Center Chains DGC at Hope A. Davey Park,Blue Tees,54,18,4,14:00:00,53,-1,906,108,True,False,18,53,True,True,True
67161,2023,MP40,1,620305,109527,109527,903,Round 1,2023-06-11,Mike Wenzel,901,Center Chains DGC at Hope A. Davey Park,Blue Tees,54,18,2,13:50:00,54,0,893,112,True,False,18,54,True,True,True
67161,2023,MP40,1,620305,99260,99260,892,Round 1,2023-06-11,Matthew Martell,880,Center Chains DGC at Hope A. Davey Park,Blue Tees,54,18,1,13:30:00,55,1,881,109,True,False,18,55,True,True,True
67161,2023,MP40,1,620305,166239,166239,925,Round 1,2023-06-11,Tom Raub,958,Center Chains DGC at Hope A. Davey Park,Blue Tees,54,18,1,13:50:00,55,1,881,107,True,False,18,55,True,True,True
67161,2023,MP40,1,620305,15089,15089,908,Round 1,2023-06-11,Jeremy JJ Becker,887,Center Chains DGC at Hope A. Davey Park,Blue Tees,54,18,3,14:00:00,56,2,869,105,True,False,18,56,True,True,True
67161,2023,MP40,1,620305,164570,164570,925,Round 1,2023-06-11,David Carter,,Center Chains DGC at Hope A. Davey Park,Blue Tees,54,18,3,13:50:00,56,2,869,110,True,False,18,56,True,True,True
67161,2023,MP40,2,620305,159476,159476,892,Round 2,2023-06-11,James Lightholder,899,Center Chains DGC at Hope A. Davey Park,Blue Tees,54,18,1,14:00:00,49,-5,956,92,True,False,18,49,True,True,True
67161,2023,MP40,2,620305,189489,189489,941,Round 2,2023-06-11,Joshua Niss,937,Center Chains DGC at Hope A. Davey Park,Blue Tees,54,18,3,14:00:00,48,-6,968,96,True,False,18,48,True,True,True
67161,2023,MP40,2,620305,22318,22318,955,Round 2,2023-06-11,Aaron Smartt,965,Center Chains DGC at Hope A. Davey Park,Blue Tees,54,18,2,14:00:00,51,-3,931,98,True,False,18,51,True,True,True
67161,2023,MP40,2,620305,120378,120378,951,Round 2,2023-06-11,Drew McDowell,952,Center Chains DGC at Hope A. Davey Park,Blue Tees,54,18,2,13:50:00,50,-4,943,102,True,False,18,50,True,True,True
67161,2023,MP40,2,620305,96621,96621,947,Round 2,2023-06-11,Jeremy McKittrick,932,Center Chains DGC at Hope A. Davey Park,Blue Tees,54,18,4,14:00:00,53,-1,906,103,True,False,18,53,True,True,True
67161,2023,MP40,2,620305,15089,15089,908,Round 2,2023-06-11,Jeremy JJ Becker,887,Center Chains DGC at Hope A. Davey Park,Blue Tees,54,18,2,13:30:00,49,-5,956,105,True,False,18,49,True,True,True
67161,2023,MP40,2,620305,24381,24381,947,Round 2,2023-06-11,Chris Young,937,Center Chains DGC at Hope A. Davey Park,Blue Tees,54,18,1,13:50:00,53,-1,906,105,True,False,18,53,True,True,True
67161,2023,MP40,2,620305,166239,166239,925,Round 2,2023-06-11,Tom Raub,958,Center Chains DGC at Hope A. Davey Park,Blue Tees,54,18,1,13:30:00,52,-2,918,107,True,False,18,52,True,True,True
67161,2023,MP40,2,620305,120692,120692,905,Round 2,2023-06-11,Corey Johnson,911,Center Chains DGC at Hope A. Davey Park,Blue Tees,54,18,3,13:50:00,54,0,893,107,True,False,18,54,True,True,True
67161,2023,MP40,2,620305,178064,178064,905,Round 2,2023-06-11,Peter Walke,,Center Chains DGC at Hope A. Davey Park,Blue Tees,54,18,1,13:40:00,55,1,881,108,True,False,18,55,True,True,True
67161,2023,MP40,2,620305,99260,99260,892,Round 2,2023-06-11,Matthew Martell,880,Center Chains DGC at Hope A. Davey Park,Blue Tees,54,18,3,13:40:00,54,0,893,109,True,False,18,54,True,True,True
67161,2023,MP40,2,620305,164570,164570,925,Round 2,2023-06-11,David Carter,,Center Chains DGC at Hope A. Davey Park,Blue Tees,54,18,3,13:30:00,54,0,893,110,True,False,18,54,True,True,True
67161,2023,MP40,2,620305,109527,109527,903,Round 2,2023-06-11,Mike Wenzel,901,Center Chains DGC at Hope A. Davey Park,Blue Tees,54,18,2,13:40:00,58,4,844,112,True,False,18,58,True,True,True
67161,2023,MPO,1,620305,94450,94450,965,Round 1,2023-06-11,Brendan Rollins,958,Center Chains DGC at Hope A. Davey Park,Blue Tees,54,18,1,14:30:00,44,-10,1018,92,True,False,18,44,True,True,True
67161,2023,MPO,1,620305,176526,176526,901,Round 1,2023-06-11,Porter Awad,,Center Chains DGC at Hope A. Davey Park,Blue Tees,54,18,2,14:30:00,45,-9,1006,97,True,False,18,45,True,True,True
67161,2023,MPO,1,620305,103627,103627,975,Round 1,2023-06-11,Clayton Davis,,Center Chains DGC at Hope A. Davey Park,Blue Tees,54,18,3,15:10:00,47,-7,981,95,True,False,18,47,True,True,True
67161,2023,MPO,1,620305,100885,100885,950,Round 1,2023-06-11,Jacob Moore,945,Center Chains DGC at Hope A. Davey Park,Blue Tees,54,18,3,15:00:00,48,-6,968,98,True,False,18,48,True,True,True
67161,2023,MPO,1,620305,114674,114674,929,Round 1,2023-06-11,Jordan Lamson,,Center Chains DGC at Hope A. Davey Park,Blue Tees,54,18,1,15:00:00,49,-5,956,98,True,False,18,49,True,True,True
67161,2023,MPO,1,620305,121362,121362,947,Round 1,2023-06-11,Jonathan Russo,951,Center Chains DGC at Hope A. Davey Park,Blue Tees,54,18,4,14:40:00,49,-5,956,99,True,False,18,49,True,True,True
67161,2023,MPO,1,620305,136903,136903,961,Round 1,2023-06-11,Alex Ferguson,957,Center Chains DGC at Hope A. Davey Park,Blue Tees,54,18,4,14:30:00,49,-5,956,103,True,False,18,49,True,True,True
67161,2023,MPO,1,620305,142744,142744,967,Round 1,2023-06-11,Abel German,974,Center Chains DGC at Hope A. Davey Park,Blue Tees,54,18,1,14:50:00,49,-5,956,98,True,False,18,49,True,True,True
67161,2023,MPO,1,620305,85970,85970,949,Round 1,2023-06-11,Ben Drogue,966,Center Chains DGC at Hope A. Davey Park,Blue Tees,54,18,2,15:10:00,50,-4,943,102,True,False,18,50,True,True,True
67161,2023,MPO,1,620305,118928,118928,937,Round 1,2023-06-11,Tyler Pomichter,926,Center Chains DGC at Hope A. Davey Park,Blue Tees,54,18,2,14:40:00,50,-4,943,100,True,False,18,50,True,True,True
67161,2023,MPO,1,620305,164158,164158,951,Round 1,2023-06-11,Alex Raub,,Center Chains DGC at Hope A. Davey Park,Blue Tees,54,18,3,14:50:00,50,-4,943,99,True,False,18,50,True,True,True
67161,2023,MPO,1,620305,64893,64893,963,Round 1,2023-06-11,Bryan Lake,966,Center Chains DGC at Hope A. Davey Park,Blue Tees,54,18,4,15:00:00,51,-3,931,100,True,False,18,51,True,True,True
67161,2023,MPO,1,620305,125328,125328,927,Round 1,2023-06-11,Dana Carpenter,,Center Chains DGC at Hope A. Davey Park,Blue Tees,54,18,2,14:50:00,51,-3,931,100,True,False,18,51,True,True,True
67161,2023,MPO,1,620305,161558,161558,967,Round 1,2023-06-11,Brad Schott,994,Center Chains DGC at Hope A. Davey Park,Blue Tees,54,18,4,15:10:00,51,-3,931,100,True,False,18,51,True,True,True
67161,2023,MPO,1,620305,85036,85036,915,Round 1,2023-06-11,Nolan Power,,Center Chains DGC at Hope A. Davey Park,Blue Tees,54,18,3,14:40:00,52,-2,918,101,True,False,18,52,True,True,True
67161,2023,MPO,1,620305,161510,161510,903,Round 1,2023-06-11,TJ Rubin,919,Center Chains DGC at Hope A. Davey Park,Blue Tees,54,18,3,14:20:00,52,-2,918,106,True,False,18,52,True,True,True
67161,2023,MPO,1,620305,175583,175583,917,Round 1,2023-06-11,Rob Salter,948,Center Chains DGC at Hope A. Davey Park,Blue Tees,54,18,1,14:20:00,53,-1,906,106,True,False,18,53,True,True,True
67161,2023,MPO,1,620305,252153,252153,845,Round 1,2023-06-11,Tyler Pelkey,,Center Chains DGC at Hope A. Davey Park,Blue Tees,54,18,4,14:20:00,53,-1,906,105,True,False,18,53,True,True,True
67161,2023,MPO,1,620305,102239,102239,924,Round 1,2023-06-11,Benjamin De Ondarza,,Center Chains DGC at Hope A. Davey Park,Blue Tees,54,18,1,14:40:00,54,0,893,108,True,False,18,54,True,True,True
67161,2023,MPO,1,620305,116370,116370,919,Round 1,2023-06-11,Tyler Moriarty,,Center Chains DGC at Hope A. Davey Park,Blue Tees,54,18,2,15:00:00,54,0,893,108,True,False,18,54,True,True,True
67161,2023,MPO,1,620305,241286,241286,,Round 1,2023-06-11,Justin Burklow,951,Center Chains DGC at Hope A. Davey Park,Blue Tees,54,18,2,14:20:00,54,0,893,106,True,False,18,54,True,True,True
67161,2023,MPO,1,620305,125586,125586,933,Round 1,2023-06-11,Matthew Avery,,Center Chains DGC at Hope A. Davey Park,Blue Tees,54,18,1,15:10:00,55,1,881,105,True,False,18,55,True,True,True
67161,2023,MPO,1,620305,187845,187845,927,Round 1,2023-06-11,Shane Seals,962,Center Chains DGC at Hope A. Davey Park,Blue Tees,54,18,3,14:30:00,55,1,881,107,True,False,18,55,True,True,True
67161,2023,MPO,1,620305,106970,106970,835,Round 1,2023-06-11,Stefan Farrell,852,Center Chains DGC at Hope A. Davey Park,Blue Tees,54,18,4,14:50:00,63,9,781,118,True,False,18,63,True,True,True
67161,2023,MPO,2,620305,94450,94450,965,Round 2,2023-06-11,Brendan Rollins,958,Center Chains DGC at Hope A. Davey Park,Blue Tees,54,18,1,15:10:00,48,-6,968,92,True,False,18,48,True,True,True
67161,2023,MPO,2,620305,103627,103627,975,Round 2,2023-06-11,Clayton Davis,,Center Chains DGC at Hope A. Davey Park,Blue Tees,54,18,3,15:10:00,48,-6,968,95,True,False,18,48,True,True,True
67161,2023,MPO,2,620305,176526,176526,901,Round 2,2023-06-11,Porter Awad,,Center Chains DGC at Hope A. Davey Park,Blue Tees,54,18,2,15:10:00,52,-2,918,97,True,False,18,52,True,True,True
67161,2023,MPO,2,620305,114674,114674,929,Round 2,2023-06-11,Jordan Lamson,,Center Chains DGC at Hope A. Davey Park,Blue Tees,54,18,1,15:00:00,49,-5,956,98,True,False,18,49,True,True,True
67161,2023,MPO,2,620305,142744,142744,967,Round 2,2023-06-11,Abel German,974,Center Chains DGC at Hope A. Davey Park,Blue Tees,54,18,4,15:00:00,49,-5,956,98,True,False,18,49,True,True,True
67161,2023,MPO,2,620305,100885,100885,950,Round 2,2023-06-11,Jacob Moore,945,Center Chains DGC at Hope A. Davey Park,Blue Tees,54,18,4,15:10:00,50,-4,943,98,True,False,18,50,True,True,True
67161,2023,MPO,2,620305,164158,164158,951,Round 2,2023-06-11,Alex Raub,,Center Chains DGC at Hope A. Davey Park,Blue Tees,54,18,3,14:50:00,49,-5,956,99,True,False,18,49,True,True,True
67161,2023,MPO,2,620305,121362,121362,947,Round 2,2023-06-11,Jonathan Russo,951,Center Chains DGC at Hope A. Davey Park,Blue Tees,54,18,2,15:00:00,50,-4,943,99,True,False,18,50,True,True,True
67161,2023,MPO,2,620305,64893,64893,963,Round 2,2023-06-11,Bryan Lake,966,Center Chains DGC at Hope A. Davey Park,Blue Tees,54,18,4,14:50:00,49,-5,956,100,True,False,18,49,True,True,True
67161,2023,MPO,2,620305,125328,125328,927,Round 2,2023-06-11,Dana Carpenter,,Center Chains DGC at Hope A. Davey Park,Blue Tees,54,18,1,14:40:00,49,-5,956,100,True,False,18,49,True,True,True
67161,2023,MPO,2,620305,161558,161558,967,Round 2,2023-06-11,Brad Schott,994,Center Chains DGC at Hope A. Davey Park,Blue Tees,54,18,2,14:40:00,49,-5,956,100,True,False,18,49,True,True,True
67161,2023,MPO,2,620305,118928,118928,937,Round 2,2023-06-11,Tyler Pomichter,926,Center Chains DGC at Hope A. Davey Park,Blue Tees,54,18,2,14:50:00,50,-4,943,100,True,False,18,50,True,True,True
67161,2023,MPO,2,620305,85036,85036,915,Round 2,2023-06-11,Nolan Power,,Center Chains DGC at Hope A. Davey Park,Blue Tees,54,18,3,14:40:00,49,-5,956,101,True,False,18,49,True,True,True
67161,2023,MPO,2,620305,85970,85970,949,Round 2,2023-06-11,Ben Drogue,966,Center Chains DGC at Hope A. Davey Park,Blue Tees,54,18,1,14:50:00,52,-2,918,102,True,False,18,52,True,True,True
67161,2023,MPO,2,620305,136903,136903,961,Round 2,2023-06-11,Alex Ferguson,957,Center Chains DGC at Hope A. Davey Park,Blue Tees,54,18,3,15:00:00,54,0,893,103,True,False,18,54,True,True,True
67161,2023,MPO,2,620305,125586,125586,933,Round 2,2023-06-11,Matthew Avery,,Center Chains DGC at Hope A. Davey Park,Blue Tees,54,18,2,14:20:00,50,-4,943,105,True,False,18,50,True,True,True
67161,2023,MPO,2,620305,252153,252153,845,Round 2,2023-06-11,Tyler Pelkey,,Center Chains DGC at Hope A. Davey Park,Blue Tees,54,18,2,14:30:00,52,-2,918,105,True,False,18,52,True,True,True
67161,2023,MPO,2,620305,241286,241286,,Round 2,2023-06-11,Justin Burklow,951,Center Chains DGC at Hope A. Davey Park,Blue Tees,54,18,1,14:20:00,52,-2,918,106,True,False,18,52,True,True,True
67161,2023,MPO,2,620305,175583,175583,917,Round 2,2023-06-11,Rob Salter,948,Center Chains DGC at Hope A. Davey Park,Blue Tees,54,18,1,14:30:00,53,-1,906,106,True,False,18,53,True,True,True
67161,2023,MPO,2,620305,161510,161510,903,Round 2,2023-06-11,TJ Rubin,919,Center Chains DGC at Hope A. Davey Park,Blue Tees,54,18,4,14:40:00,54,0,893,106,True,False,18,54,True,True,True
67161,2023,MPO,2,620305,187845,187845,927,Round 2,2023-06-11,Shane Seals,962,Center Chains DGC at Hope A. Davey Park,Blue Tees,54,18,3,14:20:00,52,-2,918,107,True,False,18,52,True,True,True
67161,2023,MPO,2,620305,102239,102239,924,Round 2,2023-06-11,Benjamin De Ondarza,,Center Chains DGC at Hope A. Davey Park,Blue Tees,54,18,3,14:30:00,54,0,893,108,True,False,18,54,True,True,True
67161,2023,MPO,2,620305,116370,116370,919,Round 2,2023-06-11,Tyler Moriarty,,Center Chains DGC at Hope A. Davey Park,Blue Tees,54,18,4,14:30:00,54,0,893,108,True,False,18,54,True,True,True
67161,2023,MPO,2,620305,106970,106970,835,Round 2,2023-06-11,Stefan Farrell,852,Center Chains DGC at Hope A. Davey Park,Blue Tees,54,18,4,14:20:00,55,1,881,118,True,False,18,55,True,True,True
67514,2023,FA1,1,621852,173797,173797,840,Round 1,2023-06-25,Alle Fiske,,Smugglers Notch Disc Golf Center - Brewster Ridge,Brewster Ridge Blue Tees,61,18,2,12:40:00,68,7,862,206,True,False,18,68,True,True,True
67514,2023,FA1,1,621852,207096,207096,806,Round 1,2023-06-25,Skye Alexander,847,Smugglers Notch Disc Golf Center - Brewster Ridge,Brewster Ridge Blue Tees,61,18,2,12:30:00,69,8,853,205,True,False,18,69,True,True,True
67514,2023,FA1,1,621852,229455,229455,849,Round 1,2023-06-25,Erin Smith,,Smugglers Notch Disc Golf Center - Brewster Ridge,Brewster Ridge Blue Tees,61,18,4,12:40:00,70,9,843,209,True,False,18,70,True,True,True
67514,2023,FA1,1,621852,233316,233316,837,Round 1,2023-06-25,Kassidi Blanchet,,Smugglers Notch Disc Golf Center - Brewster Ridge,Brewster Ridge Blue Tees,61,18,3,12:30:00,70,9,843,,True,False,18,70,True,True,True
67514,2023,FA1,1,621852,165233,165233,836,Round 1,2023-06-25,Jess MacDonald,884,Smugglers Notch Disc Golf Center - Brewster Ridge,Brewster Ridge Blue Tees,61,18,1,12:40:00,73,12,815,218,True,False,18,73,True,True,True
67514,2023,FA1,1,621852,228248,228248,736,Round 1,2023-06-25,Isza Parchini,802,Smugglers Notch Disc Golf Center - Brewster Ridge,Brewster Ridge Blue Tees,61,18,3,12:40:00,74,13,806,217,True,False,18,74,True,True,True
67514,2023,FA1,1,621852,152971,152971,813,Round 1,2023-06-25,Isabelle Bourque,825,Smugglers Notch Disc Golf Center - Brewster Ridge,Brewster Ridge Blue Tees,61,18,1,12:30:00,76,15,787,217,True,False,18,76,True,True,True
67514,2023,FA1,2,621856,207096,207096,806,Round 2,2023-06-25,Skye Alexander,847,Smugglers Notch Disc Golf Center - Fox Run,Fox Run Meadows White Tees,63,18,2,12:10:00,66,3,864,205,True,False,18,66,True,True,True
67514,2023,FA1,2,621856,173797,173797,840,Round 2,2023-06-25,Alle Fiske,,Smugglers Notch Disc Golf Center - Fox Run,Fox Run Meadows White Tees,63,18,1,12:10:00,70,7,825,206,True,False,18,70,True,True,True
67514,2023,FA1,2,621856,229455,229455,849,Round 2,2023-06-25,Erin Smith,,Smugglers Notch Disc Golf Center - Fox Run,Fox Run Meadows White Tees,63,18,3,12:10:00,70,7,825,209,True,False,18,70,True,True,True
67514,2023,FA1,2,621856,228248,228248,736,Round 2,2023-06-25,Isza Parchini,802,Smugglers Notch Disc Golf Center - Fox Run,Fox Run Meadows White Tees,63,18,2,12:00:00,68,5,844,217,True,False,18,68,True,True,True
67514,2023,FA1,2,621856,152971,152971,813,Round 2,2023-06-25,Isabelle Bourque,825,Smugglers Notch Disc Golf Center - Fox Run,Fox Run Meadows White Tees,63,18,3,12:00:00,71,8,815,217,True,False,18,71,True,True,True
67514,2023,FA1,2,621856,165233,165233,836,Round 2,2023-06-25,Jess MacDonald,884,Smugglers Notch Disc Golf Center - Fox Run,Fox Run Meadows White Tees,63,18,1,12:00:00,74,11,786,218,True,False,18,74,True,True,True
67514,2023,FA1,2,621856,233316,233316,837,Round 2,2023-06-25,Kassidi Blanchet,,Smugglers Notch Disc Golf Center - Fox Run,Fox Run Meadows White Tees,63,18,4,12:10:00,,,,,True,True,0,,False,False,False
67514,2023,FA1,3,621852,207096,207096,806,Round 3,2023-06-25,Skye Alexander,847,Smugglers Notch Disc Golf Center - Brewster Ridge,Brewster Ridge Blue Tees,61,18,1,12:20:00,70,9,843,205,True,False,18,70,True,True,True
67514,2023,FA1,3,621852,173797,173797,840,Round 3,2023-06-25,Alle Fiske,,Smugglers Notch Disc Golf Center - Brewster Ridge,Brewster Ridge Blue Tees,61,18,2,12:20:00,68,7,862,206,True,False,18,68,True,True,True
67514,2023,FA1,3,621852,229455,229455,849,Round 3,2023-06-25,Erin Smith,,Smugglers Notch Disc Golf Center - Brewster Ridge,Brewster Ridge Blue Tees,61,18,3,12:20:00,69,8,853,209,True,False,18,69,True,True,True
67514,2023,FA1,3,621852,152971,152971,813,Round 3,2023-06-25,Isabelle Bourque,825,Smugglers Notch Disc Golf Center - Brewster Ridge,Brewster Ridge Blue Tees,61,18,2,12:10:00,70,9,843,217,True,False,18,70,True,True,True
67514,2023,FA1,3,621852,228248,228248,736,Round 3,2023-06-25,Isza Parchini,802,Smugglers Notch Disc Golf Center - Brewster Ridge,Brewster Ridge Blue Tees,61,18,1,12:10:00,75,14,796,217,True,False,18,75,True,True,True
67514,2023,FA1,3,621852,165233,165233,836,Round 3,2023-06-25,Jess MacDonald,884,Smugglers Notch Disc Golf Center - Brewster Ridge,Brewster Ridge Blue Tees,61,18,3,12:10:00,71,10,834,218,True,False,18,71,True,True,True
67514,2023,FA1,3,621852,233316,233316,837,Round 3,2023-06-25,Kassidi Blanchet,,Smugglers Notch Disc Golf Center - Brewster Ridge,Brewster Ridge Blue Tees,61,18,,,0,0,,,True,False,0,,False,False,False
67514,2023,FA2,1,621853,176941,176941,807,Round 1,2023-06-25,Mckayla Haley,873,Smugglers Notch Disc Golf Center - Brewster Ridge,Brewster Ridge White Tees,61,18,2,08:40:00,59,-2,864,185,True,False,18,59,True,True,True
67514,2023,FA2,1,621853,86402,86402,792,Round 1,2023-06-25,Brittany Bergquist,775,Smugglers Notch Disc Golf Center - Brewster Ridge,Brewster Ridge White Tees,61,18,1,08:50:00,60,-1,853,188,True,False,18,60,True,True,True
67514,2023,FA2,1,621853,227026,227026,808,Round 1,2023-06-25,Allie Lawler,867,Smugglers Notch Disc Golf Center - Brewster Ridge,Brewster Ridge White Tees,61,18,4,09:00:00,60,-1,853,181,True,False,18,60,True,True,True
67514,2023,FA2,1,621853,213524,213524,794,Round 1,2023-06-25,Sabrina Pray,884,Smugglers Notch Disc Golf Center - Brewster Ridge,Brewster Ridge White Tees,61,18,3,08:40:00,61,0,841,182,True,False,18,61,True,True,True
67514,2023,FA2,1,621853,136648,136648,782,Round 1,2023-06-25,Melissa Duer,,Smugglers Notch Disc Golf Center - Brewster Ridge,Brewster Ridge White Tees,61,18,1,08:40:00,62,1,829,192,True,False,18,62,True,True,True
67514,2023,FA2,1,621853,213568,213568,779,Round 1,2023-06-25,Annie Lamontagne,,Smugglers Notch Disc Golf Center - Brewster Ridge,Brewster Ridge White Tees,61,18,4,08:40:00,64,3,806,193,True,False,18,64,True,True,True
67514,2023,FA2,1,621853,149174,149174,785,Round 1,2023-06-25,Nikki McLaughlin,,Smugglers Notch Disc Golf Center - Brewster Ridge,Brewster Ridge White Tees,61,18,2,09:00:00,66,5,783,202,True,False,18,66,True,True,True
67514,2023,FA2,1,621853,121311,121311,753,Round 1,2023-06-25,Emily Braun,845,Smugglers Notch Disc Golf Center - Brewster Ridge,Brewster Ridge White Tees,61,18,2,08:50:00,68,7,760,213,True,False,18,68,True,True,True
67514,2023,FA2,1,621853,182424,182424,819,Round 1,2023-06-25,Olivia Martin,859,Smugglers Notch Disc Golf Center - Brewster Ridge,Brewster Ridge White Tees,61,18,3,09:00:00,68,7,760,197,True,False,18,68,True,True,True
67514,2023,FA2,1,621853,134919,134919,799,Round 1,2023-06-25,Mary Ellen Avery,795,Smugglers Notch Disc Golf Center - Brewster Ridge,Brewster Ridge White Tees,61,18,3,08:50:00,71,10,725,204,True,False,18,71,True,True,True
67514,2023,FA2,1,621853,115808,115808,732,Round 1,2023-06-25,Laura MacDonald,765,Smugglers Notch Disc Golf Center - Brewster Ridge,Brewster Ridge White Tees,61,18,1,09:00:00,74,13,691,221,True,False,18,74,True,True,True
67514,2023,FA2,1,621853,170809,170809,662,Round 1,2023-06-25,Brita Tirrell,777,Smugglers Notch Disc Golf Center - Brewster Ridge,Brewster Ridge White Tees,61,18,4,08:50:00,75,14,679,222,True,False,18,75,True,True,True
67514,2023,FA2,2,621857,227026,227026,808,Round 2,2023-06-25,Allie Lawler,867,Smugglers Notch Disc Golf Center - Fox Run,Fox Run Meadows Red Tees,63,18,3,08:20:00,60,-3,854,181,True,False,18,60,True,True,True
67514,2023,FA2,2,621857,86402,86402,792,Round 2,2023-06-25,Brittany Bergquist,775,Smugglers Notch Disc Golf Center - Fox Run,Fox Run Meadows Red Tees,63,18,2,08:20:00,62,-1,831,188,True,False,18,62,True,True,True
67514,2023,FA2,2,621857,176941,176941,807,Round 2,2023-06-25,Mckayla Haley,873,Smugglers Notch Disc Golf Center - Fox Run,Fox Run Meadows Red Tees,63,18,1,08:20:00,63,0,820,185,True,False,18,63,True,True,True
67514,2023,FA2,2,621857,213524,213524,794,Round 2,2023-06-25,Sabrina Pray,884,Smugglers Notch Disc Golf Center - Fox Run,Fox Run Meadows Red Tees,63,18,4,08:20:00,63,0,820,182,True,False,18,63,True,True,True
67514,2023,FA2,2,621857,136648,136648,782,Round 2,2023-06-25,Melissa Duer,,Smugglers Notch Disc Golf Center - Fox Run,Fox Run Meadows Red Tees,63,18,1,08:10:00,64,1,808,192,True,False,18,64,True,True,True
67514,2023,FA2,2,621857,213568,213568,779,Round 2,2023-06-25,Annie Lamontagne,,Smugglers Notch Disc Golf Center - Fox Run,Fox Run Meadows Red Tees,63,18,2,08:10:00,63,0,820,193,True,False,18,63,True,True,True
67514,2023,FA2,2,621857,149174,149174,785,Round 2,2023-06-25,Nikki McLaughlin,,Smugglers Notch Disc Golf Center - Fox Run,Fox Run Meadows Red Tees,63,18,3,08:10:00,63,0,820,202,True,False,18,63,True,True,True
67514,2023,FA2,2,621857,182424,182424,819,Round 2,2023-06-25,Olivia Martin,859,Smugglers Notch Disc Golf Center - Fox Run,Fox Run Meadows Red Tees,63,18,1,08:00:00,63,0,820,197,True,False,18,63,True,True,True
67514,2023,FA2,2,621857,134919,134919,799,Round 2,2023-06-25,Mary Ellen Avery,795,Smugglers Notch Disc Golf Center - Fox Run,Fox Run Meadows Red Tees,63,18,2,08:00:00,64,1,808,204,True,False,18,64,True,True,True
67514,2023,FA2,2,621857,121311,121311,753,Round 2,2023-06-25,Emily Braun,845,Smugglers Notch Disc Golf Center - Fox Run,Fox Run Meadows Red Tees,63,18,4,08:10:00,77,14,659,213,True,False,18,77,True,True,True
67514,2023,FA2,2,621857,170809,170809,662,Round 2,2023-06-25,Brita Tirrell,777,Smugglers Notch Disc Golf Center - Fox Run,Fox Run Meadows Red Tees,63,18,4,08:00:00,74,11,693,222,True,False,18,74,True,True,True
67514,2023,FA2,2,621857,115808,115808,732,Round 2,2023-06-25,Laura MacDonald,765,Smugglers Notch Disc Golf Center - Fox Run,Fox Run Meadows Red Tees,63,18,3,08:00:00,79,16,636,221,True,False,18,79,True,True,True
67514,2023,FA2,3,621853,227026,227026,808,Round 3,2023-06-25,Allie Lawler,867,Smugglers Notch Disc Golf Center - Brewster Ridge,Brewster Ridge White Tees,61,18,1,08:50:00,61,0,841,181,True,False,18,61,True,True,True
67514,2023,FA2,3,621853,213524,213524,794,Round 3,2023-06-25,Sabrina Pray,884,Smugglers Notch Disc Golf Center - Brewster Ridge,Brewster Ridge White Tees,61,18,4,08:50:00,58,-3,876,182,True,False,18,58,True,True,True
67514,2023,FA2,3,621853,176941,176941,807,Round 3,2023-06-25,Mckayla Haley,873,Smugglers Notch Disc Golf Center - Brewster Ridge,Brewster Ridge White Tees,61,18,3,08:50:00,63,2,818,185,True,False,18,63,True,True,True
67514,2023,FA2,3,621853,86402,86402,792,Round 3,2023-06-25,Brittany Bergquist,775,Smugglers Notch Disc Golf Center - Brewster Ridge,Brewster Ridge White Tees,61,18,2,08:50:00,66,5,783,188,True,False,18,66,True,True,True
67514,2023,FA2,3,621853,136648,136648,782,Round 3,2023-06-25,Melissa Duer,,Smugglers Notch Disc Golf Center - Brewster Ridge,Brewster Ridge White Tees,61,18,1,08:40:00,66,5,783,192,True,False,18,66,True,True,True
67514,2023,FA2,3,621853,213568,213568,779,Round 3,2023-06-25,Annie Lamontagne,,Smugglers Notch Disc Golf Center - Brewster Ridge,Brewster Ridge White Tees,61,18,2,08:40:00,66,5,783,193,True,False,18,66,True,True,True
67514,2023,FA2,3,621853,182424,182424,819,Round 3,2023-06-25,Olivia Martin,859,Smugglers Notch Disc Golf Center - Brewster Ridge,Brewster Ridge White Tees,61,18,4,08:40:00,66,5,783,197,True,False,18,66,True,True,True
67514,2023,FA2,3,621853,149174,149174,785,Round 3,2023-06-25,Nikki McLaughlin,,Smugglers Notch Disc Golf Center - Brewster Ridge,Brewster Ridge White Tees,61,18,3,08:40:00,73,12,702,202,True,False,18,73,True,True,True
67514,2023,FA2,3,621853,134919,134919,799,Round 3,2023-06-25,Mary Ellen Avery,795,Smugglers Notch Disc Golf Center - Brewster Ridge,Brewster Ridge White Tees,61,18,1,08:30:00,69,8,749,204,True,False,18,69,True,True,True
67514,2023,FA2,3,621853,121311,121311,753,Round 3,2023-06-25,Emily Braun,845,Smugglers Notch Disc Golf Center - Brewster Ridge,Brewster Ridge White Tees,61,18,2,08:30:00,68,7,760,213,True,False,18,68,True,True,True
67514,2023,FA2,3,621853,115808,115808,732,Round 3,2023-06-25,Laura MacDonald,765,Smugglers Notch Disc Golf Center - Brewster Ridge,Brewster Ridge White Tees,61,18,4,08:30:00,68,7,760,221,True,False,18,68,True,True,True
67514,2023,FA2,3,621853,170809,170809,662,Round 3,2023-06-25,Brita Tirrell,777,Smugglers Notch Disc Golf Center - Brewster Ridge,Brewster Ridge White Tees,61,18,3,08:30:00,73,12,702,222,True,False,18,73,True,True,True
67514,2023,FA3,1,621853,170432,170432,764,Round 1,2023-06-25,Rene Albee,,Smugglers Notch Disc Golf Center - Brewster Ridge,Brewster Ridge White Tees,61,18,1,08:00:00,64,5,783,199,True,False,18,64,True,True,True
67514,2023,FA3,1,621853,238127,238127,738,Round 1,2023-06-25,Elli Lucier,772,Smugglers Notch Disc Golf Center - Brewster Ridge,Brewster Ridge White Tees,61,18,2,08:00:00,66,7,760,201,True,False,18,66,True,True,True
67514,2023,FA3,1,621853,243391,243391,721,Round 1,2023-06-25,Sarah Eaton,800,Smugglers Notch Disc Golf Center - Brewster Ridge,Brewster Ridge White Tees,61,18,3,08:00:00,76,17,645,211,True,False,18,76,True,True,True
67514,2023,FA3,2,621857,170432,170432,764,Round 2,2023-06-25,Rene Albee,,Smugglers Notch Disc Golf Center - Fox Run,Fox Run Meadows Red Tees,63,18,1,07:50:00,63,0,820,199,True,False,18,63,True,True,True
67514,2023,FA3,2,621857,238127,238127,738,Round 2,2023-06-25,Elli Lucier,772,Smugglers Notch Disc Golf Center - Fox Run,Fox Run Meadows Red Tees,63,18,2,07:50:00,70,7,739,201,True,False,18,70,True,True,True
67514,2023,FA3,2,621857,243391,243391,721,Round 2,2023-06-25,Sarah Eaton,800,Smugglers Notch Disc Golf Center - Fox Run,Fox Run Meadows Red Tees,63,18,3,07:50:00,62,-1,831,211,True,False,18,62,True,True,True
67514,2023,FA3,3,621853,170432,170432,764,Round 3,2023-06-25,Rene Albee,,Smugglers Notch Disc Golf Center - Brewster Ridge,Brewster Ridge White Tees,61,18,1,07:50:00,70,9,737,199,True,False,18,70,True,True,True
67514,2023,FA3,3,621853,238127,238127,738,Round 3,2023-06-25,Elli Lucier,772,Smugglers Notch Disc Golf Center - Brewster Ridge,Brewster Ridge White Tees,61,18,2,07:50:00,63,2,818,201,True,False,18,63,True,True,True
67514,2023,FA3,3,621853,243391,243391,721,Round 3,2023-06-25,Sarah Eaton,800,Smugglers Notch Disc Golf Center - Brewster Ridge,Brewster Ridge White Tees,61,18,3,07:50:00,71,10,725,211,True,False,18,71,True,True,True
67514,2023,FP40,1,621856,67835,67835,916,Round 1,2023-06-25,Sandi Hendel,923,Smugglers Notch Disc Golf Center - Fox Run,Fox Run Meadows White Tees,63,18,3,07:50:00,58,-5,941,176,True,False,18,58,True,True,True
67514,2023,FP40,1,621856,31014,31014,849,Round 1,2023-06-25,Maureen McErlean,851,Smugglers Notch Disc Golf Center - Fox Run,Fox Run Meadows White Tees,63,18,1,07:50:00,63,0,893,205,True,False,18,63,True,True,True
67514,2023,FP40,1,621856,62012,62012,827,Round 1,2023-06-25,Kathleen Hudson,832,Smugglers Notch Disc Golf Center - Fox Run,Fox Run Meadows White Tees,63,18,2,07:50:00,67,4,854,209,True,False,18,67,True,True,True
67514,2023,FP40,1,621856,123381,123381,852,Round 1,2023-06-25,Tracy Knippel,854,Smugglers Notch Disc Golf Center - Fox Run,Fox Run Meadows White Tees,63,18,4,07:50:00,72,9,806,225,True,False,18,72,True,True,True
67514,2023,FP40,2,621852,67835,67835,916,Round 2,2023-06-25,Sandi Hendel,923,Smugglers Notch Disc Golf Center - Brewster Ridge,Brewster Ridge Blue Tees,61,18,1,07:40:00,63,2,909,176,True,False,18,63,True,True,True
67514,2023,FP40,2,621852,31014,31014,849,Round 2,2023-06-25,Maureen McErlean,851,Smugglers Notch Disc Golf Center - Brewster Ridge,Brewster Ridge Blue Tees,61,18,2,07:40:00,70,9,843,205,True,False,18,70,True,True,True
67514,2023,FP40,2,621852,62012,62012,827,Round 2,2023-06-25,Kathleen Hudson,832,Smugglers Notch Disc Golf Center - Brewster Ridge,Brewster Ridge Blue Tees,61,18,3,07:40:00,76,15,787,209,True,False,18,76,True,True,True
67514,2023,FP40,2,621852,123381,123381,852,Round 2,2023-06-25,Tracy Knippel,854,Smugglers Notch Disc Golf Center - Brewster Ridge,Brewster Ridge Blue Tees,61,18,4,07:40:00,82,21,731,225,True,False,18,82,True,True,True
67514,2023,FP40,3,621856,67835,67835,916,Round 3,2023-06-25,Sandi Hendel,923,Smugglers Notch Disc Golf Center - Fox Run,Fox Run Meadows White Tees,63,18,1,07:40:00,55,-8,970,176,True,False,18,55,True,True,True
67514,2023,FP40,3,621856,31014,31014,849,Round 3,2023-06-25,Maureen McErlean,851,Smugglers Notch Disc Golf Center - Fox Run,Fox Run Meadows White Tees,63,18,2,07:40:00,72,9,806,205,True,False,18,72,True,True,True
67514,2023,FP40,3,621856,62012,62012,827,Round 3,2023-06-25,Kathleen Hudson,832,Smugglers Notch Disc Golf Center - Fox Run,Fox Run Meadows White Tees,63,18,3,07:40:00,66,3,864,209,True,False,18,66,True,True,True
67514,2023,FP40,3,621856,123381,123381,852,Round 3,2023-06-25,Tracy Knippel,854,Smugglers Notch Disc Golf Center - Fox Run,Fox Run Meadows White Tees,63,18,4,07:40:00,71,8,815,225,True,False,18,71,True,True,True
67514,2023,FPO,1,621855,96030,96030,938,Round 1,2023-06-25,Alex Benson,,Smugglers Notch Disc Golf Center - Fox Run,Fox Run Meadows Blue Tees,63,18,2,08:40:00,63,0,987,188,True,False,18,63,True,True,True
67514,2023,FPO,1,621855,88131,88131,914,Round 1,2023-06-25,Nicole Russell,883,Smugglers Notch Disc Golf Center - Fox Run,Fox Run Meadows Blue Tees,63,18,1,08:20:00,72,9,919,217,True,False,18,72,True,True,True
67514,2023,FPO,1,621855,103743,103743,885,Round 1,2023-06-25,Karen Martel,927,Smugglers Notch Disc Golf Center - Fox Run,Fox Run Meadows Blue Tees,63,18,2,08:30:00,73,10,912,213,True,False,18,73,True,True,True
67514,2023,FPO,1,621855,197692,197692,876,Round 1,2023-06-25,Peri Stevens,,Smugglers Notch Disc Golf Center - Fox Run,Fox Run Meadows Blue Tees,63,18,3,08:50:00,73,10,912,214,True,False,18,73,True,True,True
67514,2023,FPO,1,621855,174640,174640,831,Round 1,2023-06-25,Maureen McGuinness,,Smugglers Notch Disc Golf Center - Fox Run,Fox Run Meadows Blue Tees,63,18,3,08:30:00,74,11,904,231,True,False,18,74,True,True,True
67514,2023,FPO,1,621855,122613,122613,860,Round 1,2023-06-25,Kelly Heslin,889,Smugglers Notch Disc Golf Center - Fox Run,Fox Run Meadows Blue Tees,63,18,3,08:20:00,75,12,897,219,True,False,18,75,True,True,True
67514,2023,FPO,1,621855,83376,83376,884,Round 1,2023-06-25,Cassandra Lioi,891,Smugglers Notch Disc Golf Center - Fox Run,Fox Run Meadows Blue Tees,63,18,1,08:50:00,77,14,882,223,True,False,18,77,True,True,True
67514,2023,FPO,1,621855,125178,125178,889,Round 1,2023-06-25,Kaitlyn Clay,905,Smugglers Notch Disc Golf Center - Fox Run,Fox Run Meadows Blue Tees,63,18,4,08:20:00,77,14,882,226,True,False,18,77,True,True,True
67514,2023,FPO,1,621855,87094,87094,861,Round 1,2023-06-25,Rose Shertick,922,Smugglers Notch Disc Golf Center - Fox Run,Fox Run Meadows Blue Tees,63,18,1,08:40:00,78,15,874,218,True,False,18,78,True,True,True
67514,2023,FPO,1,621855,91335,91335,872,Round 1,2023-06-25,Allison Haggett,863,Smugglers Notch Disc Golf Center - Fox Run,Fox Run Meadows Blue Tees,63,18,1,08:30:00,78,15,874,223,True,False,18,78,True,True,True
67514,2023,FPO,1,621855,203952,203952,880,Round 1,2023-06-25,Nicole Gonsalves,904,Smugglers Notch Disc Golf Center - Fox Run,Fox Run Meadows Blue Tees,63,18,4,08:50:00,80,17,859,222,True,False,18,80,True,True,True
67514,2023,FPO,1,621855,166387,166387,825,Round 1,2023-06-25,Emily Sievert,850,Smugglers Notch Disc Golf Center - Fox Run,Fox Run Meadows Blue Tees,63,18,4,08:40:00,82,19,844,233,True,False,18,82,True,True,True
67514,2023,FPO,1,621855,137796,137796,870,Round 1,2023-06-25,Jenna Gosselin,,Smugglers Notch Disc Golf Center - Fox Run,Fox Run Meadows Blue Tees,63,18,3,08:40:00,83,20,836,220,True,False,18,83,True,True,True
67514,2023,FPO,1,621855,115856,115856,800,Round 1,2023-06-25,Dana Lit,824,Smugglers Notch Disc Golf Center - Fox Run,Fox Run Meadows Blue Tees,63,18,2,08:20:00,88,25,799,254,True,False,18,88,True,True,True
67514,2023,FPO,1,621855,132857,132857,841,Round 1,2023-06-25,Serena Lamson,,Smugglers Notch Disc Golf Center - Fox Run,Fox Run Meadows Blue Tees,63,18,2,08:50:00,89,26,791,223,True,False,18,89,True,True,True
67514,2023,FPO,2,621852,96030,96030,938,Round 2,2023-06-25,Alex Benson,,Smugglers Notch Disc Golf Center - Brewster Ridge,Brewster Ridge Blue Tees,61,18,1,08:20:00,61,0,927,188,True,False,18,61,True,True,True
67514,2023,FPO,2,621852,197692,197692,876,Round 2,2023-06-25,Peri Stevens,,Smugglers Notch Disc Golf Center - Brewster Ridge,Brewster Ridge Blue Tees,61,18,4,08:20:00,66,5,881,214,True,False,18,66,True,True,True
67514,2023,FPO,2,621852,103743,103743,885,Round 2,2023-06-25,Karen Martel,927,Smugglers Notch Disc Golf Center - Brewster Ridge,Brewster Ridge Blue Tees,61,18,3,08:20:00,67,6,871,213,True,False,18,67,True,True,True
67514,2023,FPO,2,621852,88131,88131,914,Round 2,2023-06-25,Nicole Russell,883,Smugglers Notch Disc Golf Center - Brewster Ridge,Brewster Ridge Blue Tees,61,18,2,08:20:00,70,9,843,217,True,False,18,70,True,True,True
67514,2023,FPO,2,621852,91335,91335,872,Round 2,2023-06-25,Allison Haggett,863,Smugglers Notch Disc Golf Center - Brewster Ridge,Brewster Ridge Blue Tees,61,18,2,08:00:00,67,6,871,223,True,False,18,67,True,True,True
67514,2023,FPO,2,621852,122613,122613,860,Round 2,2023-06-25,Kelly Heslin,889,Smugglers Notch Disc Golf Center - Brewster Ridge,Brewster Ridge Blue Tees,61,18,2,08:10:00,70,9,843,219,True,False,18,70,True,True,True
67514,2023,FPO,2,621852,203952,203952,880,Round 2,2023-06-25,Nicole Gonsalves,904,Smugglers Notch Disc Golf Center - Brewster Ridge,Brewster Ridge Blue Tees,61,18,3,08:00:00,67,6,871,222,True,False,18,67,True,True,True
67514,2023,FPO,2,621852,83376,83376,884,Round 2,2023-06-25,Cassandra Lioi,891,Smugglers Notch Disc Golf Center - Brewster Ridge,Brewster Ridge Blue Tees,61,18,3,08:10:00,70,9,843,223,True,False,18,70,True,True,True
67514,2023,FPO,2,621852,137796,137796,870,Round 2,2023-06-25,Jenna Gosselin,,Smugglers Notch Disc Golf Center - Brewster Ridge,Brewster Ridge Blue Tees,61,18,1,07:50:00,65,4,890,220,True,False,18,65,True,True,True
67514,2023,FPO,2,621852,87094,87094,861,Round 2,2023-06-25,Rose Shertick,922,Smugglers Notch Disc Golf Center - Brewster Ridge,Brewster Ridge Blue Tees,61,18,1,08:00:00,70,9,843,218,True,False,18,70,True,True,True
67514,2023,FPO,2,621852,125178,125178,889,Round 2,2023-06-25,Kaitlyn Clay,905,Smugglers Notch Disc Golf Center - Brewster Ridge,Brewster Ridge Blue Tees,61,18,4,08:10:00,71,10,834,226,True,False,18,71,True,True,True
67514,2023,FPO,2,621852,174640,174640,831,Round 2,2023-06-25,Maureen McGuinness,,Smugglers Notch Disc Golf Center - Brewster Ridge,Brewster Ridge Blue Tees,61,18,1,08:10:00,75,14,796,231,True,False,18,75,True,True,True
67514,2023,FPO,2,621852,166387,166387,825,Round 2,2023-06-25,Emily Sievert,850,Smugglers Notch Disc Golf Center - Brewster Ridge,Brewster Ridge Blue Tees,61,18,4,08:00:00,70,9,843,233,True,False,18,70,True,True,True
67514,2023,FPO,2,621852,132857,132857,841,Round 2,2023-06-25,Serena Lamson,,Smugglers Notch Disc Golf Center - Brewster Ridge,Brewster Ridge Blue Tees,61,18,3,07:50:00,64,3,899,223,True,False,18,64,True,True,True
67514,2023,FPO,2,621852,115856,115856,800,Round 2,2023-06-25,Dana Lit,824,Smugglers Notch Disc Golf Center - Brewster Ridge,Brewster Ridge Blue Tees,61,18,2,07:50:00,77,16,778,254,True,False,18,77,True,True,True
67514,2023,FPO,3,621855,96030,96030,938,Round 3,2023-06-25,Alex Benson,,Smugglers Notch Disc Golf Center - Fox Run,Fox Run Meadows Blue Tees,63,18,1,08:40:00,64,1,980,188,True,False,18,64,True,True,True
67514,2023,FPO,3,621855,103743,103743,885,Round 3,2023-06-25,Karen Martel,927,Smugglers Notch Disc Golf Center - Fox Run,Fox Run Meadows Blue Tees,63,18,3,08:40:00,73,10,912,213,True,False,18,73,True,True,True
67514,2023,FPO,3,621855,197692,197692,876,Round 3,2023-06-25,Peri Stevens,,Smugglers Notch Disc Golf Center - Fox Run,Fox Run Meadows Blue Tees,63,18,2,08:40:00,75,12,897,214,True,False,18,75,True,True,True
67514,2023,FPO,3,621855,88131,88131,914,Round 3,2023-06-25,Nicole Russell,883,Smugglers Notch Disc Golf Center - Fox Run,Fox Run Meadows Blue Tees,63,18,4,08:40:00,75,12,897,217,True,False,18,75,True,True,True
67514,2023,FPO,3,621855,87094,87094,861,Round 3,2023-06-25,Rose Shertick,922,Smugglers Notch Disc Golf Center - Fox Run,Fox Run Meadows Blue Tees,63,18,2,08:20:00,70,7,935,218,True,False,18,70,True,True,True
67514,2023,FPO,3,621855,122613,122613,860,Round 3,2023-06-25,Kelly Heslin,889,Smugglers Notch Disc Golf Center - Fox Run,Fox Run Meadows Blue Tees,63,18,2,08:30:00,74,11,904,219,True,False,18,74,True,True,True
67514,2023,FPO,3,621855,137796,137796,870,Round 3,2023-06-25,Jenna Gosselin,,Smugglers Notch Disc Golf Center - Fox Run,Fox Run Meadows Blue Tees,63,18,1,08:20:00,72,9,919,220,True,False,18,72,True,True,True
67514,2023,FPO,3,621855,203952,203952,880,Round 3,2023-06-25,Nicole Gonsalves,904,Smugglers Notch Disc Golf Center - Fox Run,Fox Run Meadows Blue Tees,63,18,3,08:30:00,75,12,897,222,True,False,18,75,True,True,True
67514,2023,FPO,3,621855,132857,132857,841,Round 3,2023-06-25,Serena Lamson,,Smugglers Notch Disc Golf Center - Fox Run,Fox Run Meadows Blue Tees,63,18,2,08:10:00,70,7,935,223,True,False,18,70,True,True,True
67514,2023,FPO,3,621855,83376,83376,884,Round 3,2023-06-25,Cassandra Lioi,891,Smugglers Notch Disc Golf Center - Fox Run,Fox Run Meadows Blue Tees,63,18,4,08:30:00,76,13,889,223,True,False,18,76,True,True,True
67514,2023,FPO,3,621855,91335,91335,872,Round 3,2023-06-25,Allison Haggett,863,Smugglers Notch Disc Golf Center - Fox Run,Fox Run Meadows Blue Tees,63,18,1,08:30:00,78,15,874,223,True,False,18,78,True,True,True
67514,2023,FPO,3,621855,125178,125178,889,Round 3,2023-06-25,Kaitlyn Clay,905,Smugglers Notch Disc Golf Center - Fox Run,Fox Run Meadows Blue Tees,63,18,3,08:20:00,78,15,874,226,True,False,18,78,True,True,True
67514,2023,FPO,3,621855,174640,174640,831,Round 3,2023-06-25,Maureen McGuinness,,Smugglers Notch Disc Golf Center - Fox Run,Fox Run Meadows Blue Tees,63,18,4,08:20:00,82,19,844,231,True,False,18,82,True,True,True
67514,2023,FPO,3,621855,166387,166387,825,Round 3,2023-06-25,Emily Sievert,850,Smugglers Notch Disc Golf Center - Fox Run,Fox Run Meadows Blue Tees,63,18,1,08:10:00,81,18,852,233,True,False,18,81,True,True,True
67514,2023,FPO,3,621855,115856,115856,800,Round 3,2023-06-25,Dana Lit,824,Smugglers Notch Disc Golf Center - Fox Run,Fox Run Meadows Blue Tees,63,18,3,08:10:00,89,26,791,254,True,False,18,89,True,True,True
67514,2023,MA1,1,621851,94129,94129,929,Round 1,2023-06-25,Griffin Swinburne,962,Smugglers Notch Disc Golf Center - Brewster Ridge,Brewster Ridge Gold Tees,61,18,1,14:50:00,58,-3,1016,213,True,False,18,58,True,True,True
67514,2023,MA1,1,621851,161754,161754,946,Round 1,2023-06-25,Luke Ford,,Smugglers Notch Disc Golf Center - Brewster Ridge,Brewster Ridge Gold Tees,61,18,4,13:40:00,60,-1,1001,186,True,False,18,60,True,True,True
67514,2023,MA1,1,621851,181257,181257,921,Round 1,2023-06-25,Benjamin Kenney,955,Smugglers Notch Disc Golf Center - Brewster Ridge,Brewster Ridge Gold Tees,61,18,3,14:20:00,60,-1,1001,200,True,False,18,60,True,True,True
67514,2023,MA1,1,621851,131210,131210,955,Round 1,2023-06-25,Christopher Kulig,978,Smugglers Notch Disc Golf Center - Brewster Ridge,Brewster Ridge Gold Tees,61,18,1,13:10:00,62,1,985,,True,False,18,62,True,True,True
67514,2023,MA1,1,621851,110707,110707,934,Round 1,2023-06-25,Jason Wilson,927,Smugglers Notch Disc Golf Center - Brewster Ridge,Brewster Ridge Gold Tees,61,18,1,13:30:00,63,2,977,201,True,False,18,63,True,True,True
67514,2023,MA1,1,621851,132702,132702,944,Round 1,2023-06-25,Egin Tollkuci,979,Smugglers Notch Disc Golf Center - Brewster Ridge,Brewster Ridge Gold Tees,61,18,2,13:10:00,63,2,977,187,True,False,18,63,True,True,True
67514,2023,MA1,1,621851,172204,172204,923,Round 1,2023-06-25,Calder Favreau,,Smugglers Notch Disc Golf Center - Brewster Ridge,Brewster Ridge Gold Tees,61,18,3,13:30:00,63,2,977,199,True,False,18,63,True,True,True
67514,2023,MA1,1,621851,76046,76046,956,Round 1,2023-06-25,Trenton Vielbig,,Smugglers Notch Disc Golf Center - Brewster Ridge,Brewster Ridge Gold Tees,61,18,1,13:50:00,64,3,969,198,True,False,18,64,True,True,True
67514,2023,MA1,1,621851,195531,195531,892,Round 1,2023-06-25,Devon Mendicino,920,Smugglers Notch Disc Golf Center - Brewster Ridge,Brewster Ridge Gold Tees,61,18,4,13:10:00,64,3,969,201,True,False,18,64,True,True,True
67514,2023,MA1,1,621851,121418,121418,924,Round 1,2023-06-25,Brian Charash,,Smugglers Notch Disc Golf Center - Brewster Ridge,Brewster Ridge Gold Tees,61,18,1,14:40:00,65,4,962,201,True,False,18,65,True,True,True
67514,2023,MA1,1,621851,146525,146525,929,Round 1,2023-06-25,John Hafner,942,Smugglers Notch Disc Golf Center - Brewster Ridge,Brewster Ridge Gold Tees,61,18,3,14:50:00,65,4,962,197,True,False,18,65,True,True,True
67514,2023,MA1,1,621851,176338,176338,952,Round 1,2023-06-25,Eric Vitoff,925,Smugglers Notch Disc Golf Center - Brewster Ridge,Brewster Ridge Gold Tees,61,18,4,13:30:00,65,4,962,205,True,False,18,65,True,True,True
67514,2023,MA1,1,621851,181326,181326,935,Round 1,2023-06-25,Braden Lynn,943,Smugglers Notch Disc Golf Center - Brewster Ridge,Brewster Ridge Gold Tees,61,18,4,14:00:00,65,4,962,197,True,False,18,65,True,True,True
67514,2023,MA1,1,621851,55296,55296,944,Round 1,2023-06-25,Chris West,941,Smugglers Notch Disc Golf Center - Brewster Ridge,Brewster Ridge Gold Tees,61,18,1,15:00:00,66,5,954,208,True,False,18,66,True,True,True
67514,2023,MA1,1,621851,106118,106118,940,Round 1,2023-06-25,John Kelley III,957,Smugglers Notch Disc Golf Center - Brewster Ridge,Brewster Ridge Gold Tees,61,18,2,13:40:00,67,6,946,203,True,False,18,67,True,True,True
67514,2023,MA1,1,621851,115807,115807,923,Round 1,2023-06-25,John MacDonald,924,Smugglers Notch Disc Golf Center - Brewster Ridge,Brewster Ridge Gold Tees,61,18,1,14:10:00,67,6,946,,True,False,18,67,True,True,True
67514,2023,MA1,1,621851,159604,159604,931,Round 1,2023-06-25,Michael Koutney,956,Smugglers Notch Disc Golf Center - Brewster Ridge,Brewster Ridge Gold Tees,61,18,3,13:50:00,67,6,946,199,True,False,18,67,True,True,True
67514,2023,MA1,1,621851,27512,27512,922,Round 1,2023-06-25,Jason Parker,924,Smugglers Notch Disc Golf Center - Brewster Ridge,Brewster Ridge Gold Tees,61,18,1,13:40:00,68,7,938,208,True,False,18,68,True,True,True
67514,2023,MA1,1,621851,95205,95205,918,Round 1,2023-06-25,Derek Stoltenberg,919,Smugglers Notch Disc Golf Center - Brewster Ridge,Brewster Ridge Gold Tees,61,18,1,13:00:00,68,7,938,214,True,False,18,68,True,True,True
67514,2023,MA1,1,621851,132448,132448,904,Round 1,2023-06-25,Douglas Legris,,Smugglers Notch Disc Golf Center - Brewster Ridge,Brewster Ridge Gold Tees,61,18,2,12:50:00,68,7,938,209,True,False,18,68,True,True,True
67514,2023,MA1,1,621851,138321,138321,906,Round 1,2023-06-25,Nathan Doudera,,Smugglers Notch Disc Golf Center - Brewster Ridge,Brewster Ridge Gold Tees,61,18,1,13:20:00,68,7,938,211,True,False,18,68,True,True,True
67514,2023,MA1,1,621851,141251,141251,890,Round 1,2023-06-25,Owen Wood,939,Smugglers Notch Disc Golf Center - Brewster Ridge,Brewster Ridge Gold Tees,61,18,2,14:20:00,68,7,938,219,True,False,18,68,True,True,True
67514,2023,MA1,1,621851,142038,142038,914,Round 1,2023-06-25,Aaron Morong,925,Smugglers Notch Disc Golf Center - Brewster Ridge,Brewster Ridge Gold Tees,61,18,3,14:10:00,68,7,938,227,True,False,18,68,True,True,True
67514,2023,MA1,1,621851,145357,145357,930,Round 1,2023-06-25,Austin Batistoni,935,Smugglers Notch Disc Golf Center - Brewster Ridge,Brewster Ridge Gold Tees,61,18,3,15:00:00,68,7,938,205,True,False,18,68,True,True,True
67514,2023,MA1,1,621851,172976,172976,922,Round 1,2023-06-25,Drew Stephan,956,Smugglers Notch Disc Golf Center - Brewster Ridge,Brewster Ridge Gold Tees,61,18,3,13:20:00,68,7,938,199,True,False,18,68,True,True,True
67514,2023,MA1,1,621851,260910,260910,945,Round 1,2023-06-25,Kenny Lapke,933,Smugglers Notch Disc Golf Center - Brewster Ridge,Brewster Ridge Gold Tees,61,18,4,14:30:00,68,7,938,216,True,False,18,68,True,True,True
67514,2023,MA1,1,621851,145261,145261,916,Round 1,2023-06-25,Nick Warren,925,Smugglers Notch Disc Golf Center - Brewster Ridge,Brewster Ridge Gold Tees,61,18,2,13:50:00,69,8,930,222,True,False,18,69,True,True,True
67514,2023,MA1,1,621851,188100,188100,926,Round 1,2023-06-25,Jonathan Chehoski,927,Smugglers Notch Disc Golf Center - Brewster Ridge,Brewster Ridge Gold Tees,61,18,4,14:40:00,69,8,930,217,True,False,18,69,True,True,True
67514,2023,MA1,1,621851,235130,235130,942,Round 1,2023-06-25,Kyle Woodard,,Smugglers Notch Disc Golf Center - Brewster Ridge,Brewster Ridge Gold Tees,61,18,4,13:00:00,69,8,930,211,True,False,18,69,True,True,True
67514,2023,MA1,1,621851,146030,146030,925,Round 1,2023-06-25,Aiden Glennon,940,Smugglers Notch Disc Golf Center - Brewster Ridge,Brewster Ridge Gold Tees,61,18,2,14:00:00,70,9,923,211,True,False,18,70,True,True,True
67514,2023,MA1,1,621851,165941,165941,926,Round 1,2023-06-25,Aidan Hopper,890,Smugglers Notch Disc Golf Center - Brewster Ridge,Brewster Ridge Gold Tees,61,18,4,13:50:00,70,9,923,221,True,False,18,70,True,True,True
67514,2023,MA1,1,621851,211060,211060,932,Round 1,2023-06-25,Gavin Murphy,,Smugglers Notch Disc Golf Center - Brewster Ridge,Brewster Ridge Gold Tees,61,18,4,14:20:00,70,9,923,,True,False,18,70,True,True,True
67514,2023,MA1,1,621851,83995,83995,927,Round 1,2023-06-25,Jeffrey Yetter,,Smugglers Notch Disc Golf Center - Brewster Ridge,Brewster Ridge Gold Tees,61,18,1,14:00:00,71,10,915,,True,False,18,71,True,True,True
67514,2023,MA1,1,621851,123551,123551,871,Round 1,2023-06-25,James Bolte,,Smugglers Notch Disc Golf Center - Brewster Ridge,Brewster Ridge Gold Tees,61,18,2,14:40:00,71,10,915,233,True,False,18,71,True,True,True
67514,2023,MA1,1,621851,128670,128670,875,Round 1,2023-06-25,Steven Colbert,,Smugglers Notch Disc Golf Center - Brewster Ridge,Brewster Ridge Gold Tees,61,18,2,13:00:00,71,10,915,213,True,False,18,71,True,True,True
67514,2023,MA1,1,621851,129859,129859,913,Round 1,2023-06-25,Seth Marcil,944,Smugglers Notch Disc Golf Center - Brewster Ridge,Brewster Ridge Gold Tees,61,18,1,12:50:00,71,10,915,217,True,False,18,71,True,True,True
67514,2023,MA1,1,621851,140506,140506,929,Round 1,2023-06-25,Ian Kehoe,,Smugglers Notch Disc Golf Center - Brewster Ridge,Brewster Ridge Gold Tees,61,18,3,14:40:00,71,10,915,,True,False,18,71,True,True,True
67514,2023,MA1,1,621851,146056,146056,942,Round 1,2023-06-25,Jake VanDeLinde,,Smugglers Notch Disc Golf Center - Brewster Ridge,Brewster Ridge Gold Tees,61,18,3,13:40:00,71,10,915,200,True,False,18,71,True,True,True
67514,2023,MA1,1,621851,146226,146226,913,Round 1,2023-06-25,Jason Cagney,927,Smugglers Notch Disc Golf Center - Brewster Ridge,Brewster Ridge Gold Tees,61,18,3,13:10:00,71,10,915,222,True,False,18,71,True,True,True
67514,2023,MA1,1,621851,149711,149711,927,Round 1,2023-06-25,Kenny Godwin,,Smugglers Notch Disc Golf Center - Brewster Ridge,Brewster Ridge Gold Tees,61,18,2,13:20:00,71,10,915,,True,False,18,71,True,True,True
67514,2023,MA1,1,621851,168353,168353,927,Round 1,2023-06-25,Aaron Albert,943,Smugglers Notch Disc Golf Center - Brewster Ridge,Brewster Ridge Gold Tees,61,18,2,13:30:00,71,10,915,209,True,False,18,71,True,True,True
67514,2023,MA1,1,621851,174300,174300,951,Round 1,2023-06-25,Kevin Hoercher,,Smugglers Notch Disc Golf Center - Brewster Ridge,Brewster Ridge Gold Tees,61,18,4,13:20:00,71,10,915,217,True,False,18,71,True,True,True
67514,2023,MA1,1,621851,136683,136683,891,Round 1,2023-06-25,Jacob Vincent,,Smugglers Notch Disc Golf Center - Brewster Ridge,Brewster Ridge Gold Tees,61,18,2,14:10:00,72,11,907,229,True,False,18,72,True,True,True
67514,2023,MA1,1,621851,148400,148400,924,Round 1,2023-06-25,Zach Bauman,,Smugglers Notch Disc Golf Center - Brewster Ridge,Brewster Ridge Gold Tees,61,18,4,14:10:00,72,11,907,208,True,False,18,72,True,True,True
67514,2023,MA1,1,621851,97375,97375,920,Round 1,2023-06-25,Nicholas Olson,,Smugglers Notch Disc Golf Center - Brewster Ridge,Brewster Ridge Gold Tees,61,18,2,15:00:00,73,12,899,215,True,False,18,73,True,True,True
67514,2023,MA1,1,621851,143017,143017,929,Round 1,2023-06-25,Matthew Tervo,,Smugglers Notch Disc Golf Center - Brewster Ridge,Brewster Ridge Gold Tees,61,18,2,14:30:00,74,13,891,217,True,False,18,74,True,True,True
67514,2023,MA1,1,621851,242902,242902,872,Round 1,2023-06-25,Christopher Rullan,,Smugglers Notch Disc Golf Center - Brewster Ridge,Brewster Ridge Gold Tees,61,18,4,12:50:00,74,13,891,226,True,False,18,74,True,True,True
67514,2023,MA1,1,621851,137521,137521,926,Round 1,2023-06-25,Jason Murak,929,Smugglers Notch Disc Golf Center - Brewster Ridge,Brewster Ridge Gold Tees,61,18,2,14:50:00,75,14,883,217,True,False,18,75,True,True,True
67514,2023,MA1,1,621851,175583,175583,900,Round 1,2023-06-25,Rob Salter,948,Smugglers Notch Disc Golf Center - Brewster Ridge,Brewster Ridge Gold Tees,61,18,3,13:00:00,75,14,883,218,True,False,18,75,True,True,True
67514,2023,MA1,1,621851,138307,138307,900,Round 1,2023-06-25,David Perry,938,Smugglers Notch Disc Golf Center - Brewster Ridge,Brewster Ridge Gold Tees,61,18,1,14:30:00,76,15,876,225,True,False,18,76,True,True,True
67514,2023,MA1,1,621851,164153,164153,909,Round 1,2023-06-25,Brendan Pike,,Smugglers Notch Disc Golf Center - Brewster Ridge,Brewster Ridge Gold Tees,61,18,4,15:00:00,76,15,876,216,True,False,18,76,True,True,True
67514,2023,MA1,1,621851,174646,174646,873,Round 1,2023-06-25,David Oppenheimer,,Smugglers Notch Disc Golf Center - Brewster Ridge,Brewster Ridge Gold Tees,61,18,3,12:50:00,76,15,876,222,True,False,18,76,True,True,True
67514,2023,MA1,1,621851,146043,146043,926,Round 1,2023-06-25,Neil Ruggiero,884,Smugglers Notch Disc Golf Center - Brewster Ridge,Brewster Ridge Gold Tees,61,18,3,14:30:00,79,18,852,,True,False,18,79,True,True,True
67514,2023,MA1,1,621851,96154,96154,858,Round 1,2023-06-25,Travis Jacques,871,Smugglers Notch Disc Golf Center - Brewster Ridge,Brewster Ridge Gold Tees,61,18,1,14:20:00,81,20,836,231,True,False,18,81,True,True,True
67514,2023,MA1,1,621851,148805,148805,863,Round 1,2023-06-25,Brandon Medina,885,Smugglers Notch Disc Golf Center - Brewster Ridge,Brewster Ridge Gold Tees,61,18,3,14:00:00,81,20,836,225,True,False,18,81,True,True,True
67514,2023,MA1,2,621855,161754,161754,946,Round 2,2023-06-25,Luke Ford,,Smugglers Notch Disc Golf Center - Fox Run,Fox Run Meadows Blue Tees,63,18,2,14:50:00,61,-2,1003,186,True,False,18,61,True,True,True
67514,2023,MA1,2,621855,132702,132702,944,Round 2,2023-06-25,Egin Tollkuci,979,Smugglers Notch Disc Golf Center - Fox Run,Fox Run Meadows Blue Tees,63,18,2,14:40:00,64,1,980,187,True,False,18,64,True,True,True
67514,2023,MA1,2,621855,131210,131210,955,Round 2,2023-06-25,Christopher Kulig,978,Smugglers Notch Disc Golf Center - Fox Run,Fox Run Meadows Blue Tees,63,18,4,14:50:00,70,7,935,,True,False,18,70,True,True,True
67514,2023,MA1,2,621855,181326,181326,935,Round 2,2023-06-25,Braden Lynn,943,Smugglers Notch Disc Golf Center - Fox Run,Fox Run Meadows Blue Tees,63,18,1,14:20:00,68,5,950,197,True,False,18,68,True,True,True
67514,2023,MA1,2,621855,76046,76046,956,Round 2,2023-06-25,Trenton Vielbig,,Smugglers Notch Disc Golf Center - Fox Run,Fox Run Meadows Blue Tees,63,18,4,14:40:00,69,6,942,198,True,False,18,69,True,True,True
67514,2023,MA1,2,621855,110707,110707,934,Round 2,2023-06-25,Jason Wilson,927,Smugglers Notch Disc Golf Center - Fox Run,Fox Run Meadows Blue Tees,63,18,1,14:40:00,70,7,935,201,True,False,18,70,True,True,True
67514,2023,MA1,2,621855,146525,146525,929,Round 2,2023-06-25,John Hafner,942,Smugglers Notch Disc Golf Center - Fox Run,Fox Run Meadows Blue Tees,63,18,3,14:30:00,69,6,942,197,True,False,18,69,True,True,True
67514,2023,MA1,2,621855,146030,146030,925,Round 2,2023-06-25,Aiden Glennon,940,Smugglers Notch Disc Golf Center - Fox Run,Fox Run Meadows Blue Tees,63,18,2,13:40:00,65,2,972,211,True,False,18,65,True,True,True
67514,2023,MA1,2,621855,195531,195531,892,Round 2,2023-06-25,Devon Mendicino,920,Smugglers Notch Disc Golf Center - Fox Run,Fox Run Meadows Blue Tees,63,18,1,14:30:00,71,8,927,201,True,False,18,71,True,True,True
67514,2023,MA1,2,621855,172204,172204,923,Round 2,2023-06-25,Calder Favreau,,Smugglers Notch Disc Golf Center - Fox Run,Fox Run Meadows Blue Tees,63,18,3,14:40:00,72,9,919,199,True,False,18,72,True,True,True
67514,2023,MA1,2,621855,146056,146056,942,Round 2,2023-06-25,Jake VanDeLinde,,Smugglers Notch Disc Golf Center - Fox Run,Fox Run Meadows Blue Tees,63,18,1,13:20:00,65,2,972,200,True,False,18,65,True,True,True
67514,2023,MA1,2,621855,145357,145357,930,Round 2,2023-06-25,Austin Batistoni,935,Smugglers Notch Disc Golf Center - Fox Run,Fox Run Meadows Blue Tees,63,18,4,14:00:00,68,5,950,205,True,False,18,68,True,True,True
67514,2023,MA1,2,621855,172976,172976,922,Round 2,2023-06-25,Drew Stephan,956,Smugglers Notch Disc Golf Center - Fox Run,Fox Run Meadows Blue Tees,63,18,1,13:50:00,68,5,950,199,True,False,18,68,True,True,True
67514,2023,MA1,2,621855,159604,159604,931,Round 2,2023-06-25,Michael Koutney,956,Smugglers Notch Disc Golf Center - Fox Run,Fox Run Meadows Blue Tees,63,18,1,14:10:00,69,6,942,199,True,False,18,69,True,True,True
67514,2023,MA1,2,621855,121418,121418,924,Round 2,2023-06-25,Brian Charash,,Smugglers Notch Disc Golf Center - Fox Run,Fox Run Meadows Blue Tees,63,18,2,14:30:00,71,8,927,201,True,False,18,71,True,True,True
67514,2023,MA1,2,621855,181257,181257,921,Round 2,2023-06-25,Benjamin Kenney,955,Smugglers Notch Disc Golf Center - Fox Run,Fox Run Meadows Blue Tees,63,18,3,14:50:00,76,13,889,200,True,False,18,76,True,True,True
67514,2023,MA1,2,621855,27512,27512,922,Round 2,2023-06-25,Jason Parker,924,Smugglers Notch Disc Golf Center - Fox Run,Fox Run Meadows Blue Tees,63,18,2,14:10:00,69,6,942,208,True,False,18,69,True,True,True
67514,2023,MA1,2,621855,95205,95205,918,Round 2,2023-06-25,Derek Stoltenberg,919,Smugglers Notch Disc Golf Center - Fox Run,Fox Run Meadows Blue Tees,63,18,3,14:10:00,71,8,927,214,True,False,18,71,True,True,True
67514,2023,MA1,2,621855,141251,141251,890,Round 2,2023-06-25,Owen Wood,939,Smugglers Notch Disc Golf Center - Fox Run,Fox Run Meadows Blue Tees,63,18,2,14:00:00,71,8,927,219,True,False,18,71,True,True,True
67514,2023,MA1,2,621855,168353,168353,927,Round 2,2023-06-25,Aaron Albert,943,Smugglers Notch Disc Golf Center - Fox Run,Fox Run Meadows Blue Tees,63,18,1,13:10:00,69,6,942,209,True,False,18,69,True,True,True
67514,2023,MA1,2,621855,148400,148400,924,Round 2,2023-06-25,Zach Bauman,,Smugglers Notch Disc Golf Center - Fox Run,Fox Run Meadows Blue Tees,63,18,4,13:10:00,69,6,942,208,True,False,18,69,True,True,True
67514,2023,MA1,2,621855,260910,260910,945,Round 2,2023-06-25,Kenny Lapke,933,Smugglers Notch Disc Golf Center - Fox Run,Fox Run Meadows Blue Tees,63,18,2,13:50:00,73,10,912,216,True,False,18,73,True,True,True
67514,2023,MA1,2,621855,106118,106118,940,Round 2,2023-06-25,John Kelley III,957,Smugglers Notch Disc Golf Center - Fox Run,Fox Run Meadows Blue Tees,63,18,3,14:20:00,74,11,904,203,True,False,18,74,True,True,True
67514,2023,MA1,2,621855,176338,176338,952,Round 2,2023-06-25,Eric Vitoff,925,Smugglers Notch Disc Golf Center - Fox Run,Fox Run Meadows Blue Tees,63,18,4,14:30:00,76,13,889,205,True,False,18,76,True,True,True
67514,2023,MA1,2,621855,235130,235130,942,Round 2,2023-06-25,Kyle Woodard,,Smugglers Notch Disc Golf Center - Fox Run,Fox Run Meadows Blue Tees,63,18,1,13:40:00,73,10,912,211,True,False,18,73,True,True,True
67514,2023,MA1,2,621855,55296,55296,944,Round 2,2023-06-25,Chris West,941,Smugglers Notch Disc Golf Center - Fox Run,Fox Run Meadows Blue Tees,63,18,2,14:20:00,76,13,889,208,True,False,18,76,True,True,True
67514,2023,MA1,2,621855,128670,128670,875,Round 2,2023-06-25,Steven Colbert,,Smugglers Notch Disc Golf Center - Fox Run,Fox Run Meadows Blue Tees,63,18,3,13:30:00,72,9,919,213,True,False,18,72,True,True,True
67514,2023,MA1,2,621855,211060,211060,932,Round 2,2023-06-25,Gavin Murphy,,Smugglers Notch Disc Golf Center - Fox Run,Fox Run Meadows Blue Tees,63,18,4,13:40:00,73,10,912,,True,False,18,73,True,True,True
67514,2023,MA1,2,621855,174646,174646,873,Round 2,2023-06-25,David Oppenheimer,,Smugglers Notch Disc Golf Center - Fox Run,Fox Run Meadows Blue Tees,63,18,4,12:50:00,68,5,950,222,True,False,18,68,True,True,True
67514,2023,MA1,2,621855,129859,129859,913,Round 2,2023-06-25,Seth Marcil,944,Smugglers Notch Disc Golf Center - Fox Run,Fox Run Meadows Blue Tees,63,18,4,13:30:00,73,10,912,217,True,False,18,73,True,True,True
67514,2023,MA1,2,621855,132448,132448,904,Round 2,2023-06-25,Douglas Legris,,Smugglers Notch Disc Golf Center - Fox Run,Fox Run Meadows Blue Tees,63,18,4,14:10:00,74,13,889,209,True,False,18,74,True,True,True
67514,2023,MA1,2,621855,138321,138321,906,Round 2,2023-06-25,Nathan Doudera,,Smugglers Notch Disc Golf Center - Fox Run,Fox Run Meadows Blue Tees,63,18,1,14:00:00,76,13,889,211,True,False,18,76,True,True,True
67514,2023,MA1,2,621855,115807,115807,923,Round 2,2023-06-25,John MacDonald,924,Smugglers Notch Disc Golf Center - Fox Run,Fox Run Meadows Blue Tees,63,18,4,14:20:00,77,14,882,,True,False,18,77,True,True,True
67514,2023,MA1,2,621855,97375,97375,920,Round 2,2023-06-25,Nicholas Olson,,Smugglers Notch Disc Golf Center - Fox Run,Fox Run Meadows Blue Tees,63,18,1,13:00:00,72,9,919,215,True,False,18,72,True,True,True
67514,2023,MA1,2,621855,146226,146226,913,Round 2,2023-06-25,Jason Cagney,927,Smugglers Notch Disc Golf Center - Fox Run,Fox Run Meadows Blue Tees,63,18,2,13:20:00,74,11,904,222,True,False,18,74,True,True,True
67514,2023,MA1,2,621855,143017,143017,929,Round 2,2023-06-25,Matthew Tervo,,Smugglers Notch Disc Golf Center - Fox Run,Fox Run Meadows Blue Tees,63,18,2,13:00:00,72,9,919,217,True,False,18,72,True,True,True
67514,2023,MA1,2,621855,164153,164153,909,Round 2,2023-06-25,Brendan Pike,,Smugglers Notch Disc Golf Center - Fox Run,Fox Run Meadows Blue Tees,63,18,3,12:50:00,71,8,927,216,True,False,18,71,True,True,True
67514,2023,MA1,2,621855,137521,137521,926,Round 2,2023-06-25,Jason Murak,929,Smugglers Notch Disc Golf Center - Fox Run,Fox Run Meadows Blue Tees,63,18,4,13:00:00,72,9,919,217,True,False,18,72,True,True,True
67514,2023,MA1,2,621855,175583,175583,900,Round 2,2023-06-25,Rob Salter,948,Smugglers Notch Disc Golf Center - Fox Run,Fox Run Meadows Blue Tees,63,18,1,12:50:00,72,9,919,218,True,False,18,72,True,True,True
67514,2023,MA1,2,621855,83995,83995,927,Round 2,2023-06-25,Jeffrey Yetter,,Smugglers Notch Disc Golf Center - Fox Run,Fox Run Meadows Blue Tees,63,18,1,13:30:00,76,13,889,,True,False,18,76,True,True,True
67514,2023,MA1,2,621855,188100,188100,926,Round 2,2023-06-25,Jonathan Chehoski,927,Smugglers Notch Disc Golf Center - Fox Run,Fox Run Meadows Blue Tees,63,18,4,13:50:00,78,15,874,217,True,False,18,78,True,True,True
67514,2023,MA1,2,621855,165941,165941,926,Round 2,2023-06-25,Aidan Hopper,890,Smugglers Notch Disc Golf Center - Fox Run,Fox Run Meadows Blue Tees,63,18,3,13:40:00,78,15,874,221,True,False,18,78,True,True,True
67514,2023,MA1,2,621855,174300,174300,951,Round 2,2023-06-25,Kevin Hoercher,,Smugglers Notch Disc Golf Center - Fox Run,Fox Run Meadows Blue Tees,63,18,2,13:10:00,78,15,874,217,True,False,18,78,True,True,True
67514,2023,MA1,2,621855,94129,94129,929,Round 2,2023-06-25,Griffin Swinburne,962,Smugglers Notch Disc Golf Center - Fox Run,Fox Run Meadows Blue Tees,63,18,1,14:50:00,91,28,776,213,True,False,18,91,True,True,True
67514,2023,MA1,2,621855,242902,242902,872,Round 2,2023-06-25,Christopher Rullan,,Smugglers Notch Disc Golf Center - Fox Run,Fox Run Meadows Blue Tees,63,18,3,13:00:00,76,13,889,226,True,False,18,76,True,True,True
67514,2023,MA1,2,621855,145261,145261,916,Round 2,2023-06-25,Nick Warren,925,Smugglers Notch Disc Golf Center - Fox Run,Fox Run Meadows Blue Tees,63,18,3,13:50:00,81,18,852,222,True,False,18,81,True,True,True
67514,2023,MA1,2,621855,148805,148805,863,Round 2,2023-06-25,Brandon Medina,885,Smugglers Notch Disc Golf Center - Fox Run,Fox Run Meadows Blue Tees,63,18,3,12:40:00,70,7,935,225,True,False,18,70,True,True,True
67514,2023,MA1,2,621855,142038,142038,914,Round 2,2023-06-25,Aaron Morong,925,Smugglers Notch Disc Golf Center - Fox Run,Fox Run Meadows Blue Tees,63,18,3,14:00:00,83,20,836,227,True,False,18,83,True,True,True
67514,2023,MA1,2,621855,138307,138307,900,Round 2,2023-06-25,David Perry,938,Smugglers Notch Disc Golf Center - Fox Run,Fox Run Meadows Blue Tees,63,18,2,12:50:00,77,14,882,225,True,False,18,77,True,True,True
67514,2023,MA1,2,621855,136683,136683,891,Round 2,2023-06-25,Jacob Vincent,,Smugglers Notch Disc Golf Center - Fox Run,Fox Run Meadows Blue Tees,63,18,3,13:10:00,81,18,852,229,True,False,18,81,True,True,True
67514,2023,MA1,2,621855,149711,149711,927,Round 2,2023-06-25,Kenny Godwin,,Smugglers Notch Disc Golf Center - Fox Run,Fox Run Meadows Blue Tees,63,18,3,13:20:00,83,20,836,,True,False,18,83,True,True,True
67514,2023,MA1,2,621855,96154,96154,858,Round 2,2023-06-25,Travis Jacques,871,Smugglers Notch Disc Golf Center - Fox Run,Fox Run Meadows Blue Tees,63,18,2,12:40:00,75,12,897,231,True,False,18,75,True,True,True
67514,2023,MA1,2,621855,146043,146043,926,Round 2,2023-06-25,Neil Ruggiero,884,Smugglers Notch Disc Golf Center - Fox Run,Fox Run Meadows Blue Tees,63,18,1,12:40:00,77,14,882,,True,False,18,77,True,True,True
67514,2023,MA1,2,621855,123551,123551,871,Round 2,2023-06-25,James Bolte,,Smugglers Notch Disc Golf Center - Fox Run,Fox Run Meadows Blue Tees,63,18,2,13:30:00,86,23,814,233,True,False,18,86,True,True,True
67514,2023,MA1,2,621855,140506,140506,929,Round 2,2023-06-25,Ian Kehoe,,Smugglers Notch Disc Golf Center - Fox Run,Fox Run Meadows Blue Tees,63,18,1,13:20:00,,,,,True,True,0,,False,False,False
67514,2023,MA1,3,621851,161754,161754,946,Round 3,2023-06-25,Luke Ford,,Smugglers Notch Disc Golf Center - Brewster Ridge,Brewster Ridge Gold Tees,61,18,1,14:50:00,65,4,962,186,True,False,18,65,True,True,True
67514,2023,MA1,3,621851,132702,132702,944,Round 3,2023-06-25,Egin Tollkuci,979,Smugglers Notch Disc Golf Center - Brewster Ridge,Brewster Ridge Gold Tees,61,18,2,14:50:00,60,-1,1001,187,True,False,18,60,True,True,True
67514,2023,MA1,3,621851,146525,146525,929,Round 3,2023-06-25,John Hafner,942,Smugglers Notch Disc Golf Center - Brewster Ridge,Brewster Ridge Gold Tees,61,18,3,14:40:00,63,2,977,197,True,False,18,63,True,True,True
67514,2023,MA1,3,621851,181326,181326,935,Round 3,2023-06-25,Braden Lynn,943,Smugglers Notch Disc Golf Center - Brewster Ridge,Brewster Ridge Gold Tees,61,18,3,14:50:00,64,3,969,197,True,False,18,64,True,True,True
67514,2023,MA1,3,621851,76046,76046,956,Round 3,2023-06-25,Trenton Vielbig,,Smugglers Notch Disc Golf Center - Brewster Ridge,Brewster Ridge Gold Tees,61,18,1,14:40:00,65,4,962,198,True,False,18,65,True,True,True
67514,2023,MA1,3,621851,172976,172976,922,Round 3,2023-06-25,Drew Stephan,956,Smugglers Notch Disc Golf Center - Brewster Ridge,Brewster Ridge Gold Tees,61,18,1,14:20:00,63,2,977,199,True,False,18,63,True,True,True
67514,2023,MA1,3,621851,159604,159604,931,Round 3,2023-06-25,Michael Koutney,956,Smugglers Notch Disc Golf Center - Brewster Ridge,Brewster Ridge Gold Tees,61,18,2,14:20:00,63,2,977,199,True,False,18,63,True,True,True
67514,2023,MA1,3,621851,172204,172204,923,Round 3,2023-06-25,Calder Favreau,,Smugglers Notch Disc Golf Center - Brewster Ridge,Brewster Ridge Gold Tees,61,18,2,14:30:00,64,3,969,199,True,False,18,64,True,True,True
67514,2023,MA1,3,621851,146056,146056,942,Round 3,2023-06-25,Jake VanDeLinde,,Smugglers Notch Disc Golf Center - Brewster Ridge,Brewster Ridge Gold Tees,61,18,3,14:30:00,64,3,969,200,True,False,18,64,True,True,True
67514,2023,MA1,3,621851,181257,181257,921,Round 3,2023-06-25,Benjamin Kenney,955,Smugglers Notch Disc Golf Center - Brewster Ridge,Brewster Ridge Gold Tees,61,18,4,14:20:00,64,3,969,200,True,False,18,64,True,True,True
67514,2023,MA1,3,621851,121418,121418,924,Round 3,2023-06-25,Brian Charash,,Smugglers Notch Disc Golf Center - Brewster Ridge,Brewster Ridge Gold Tees,61,18,3,14:20:00,65,4,962,201,True,False,18,65,True,True,True
67514,2023,MA1,3,621851,195531,195531,892,Round 3,2023-06-25,Devon Mendicino,920,Smugglers Notch Disc Golf Center - Brewster Ridge,Brewster Ridge Gold Tees,61,18,1,14:30:00,66,5,954,201,True,False,18,66,True,True,True
67514,2023,MA1,3,621851,110707,110707,934,Round 3,2023-06-25,Jason Wilson,927,Smugglers Notch Disc Golf Center - Brewster Ridge,Brewster Ridge Gold Tees,61,18,2,14:40:00,68,7,938,201,True,False,18,68,True,True,True
67514,2023,MA1,3,621851,106118,106118,940,Round 3,2023-06-25,John Kelley III,957,Smugglers Notch Disc Golf Center - Brewster Ridge,Brewster Ridge Gold Tees,61,18,3,14:00:00,62,1,985,203,True,False,18,62,True,True,True
67514,2023,MA1,3,621851,176338,176338,952,Round 3,2023-06-25,Eric Vitoff,925,Smugglers Notch Disc Golf Center - Brewster Ridge,Brewster Ridge Gold Tees,61,18,4,14:00:00,64,3,969,205,True,False,18,64,True,True,True
67514,2023,MA1,3,621851,145357,145357,930,Round 3,2023-06-25,Austin Batistoni,935,Smugglers Notch Disc Golf Center - Brewster Ridge,Brewster Ridge Gold Tees,61,18,4,14:30:00,69,8,930,205,True,False,18,69,True,True,True
67514,2023,MA1,3,621851,55296,55296,944,Round 3,2023-06-25,Chris West,941,Smugglers Notch Disc Golf Center - Brewster Ridge,Brewster Ridge Gold Tees,61,18,2,13:50:00,66,5,954,208,True,False,18,66,True,True,True
67514,2023,MA1,3,621851,148400,148400,924,Round 3,2023-06-25,Zach Bauman,,Smugglers Notch Disc Golf Center - Brewster Ridge,Brewster Ridge Gold Tees,61,18,1,14:00:00,67,6,946,208,True,False,18,67,True,True,True
67514,2023,MA1,3,621851,27512,27512,922,Round 3,2023-06-25,Jason Parker,924,Smugglers Notch Disc Golf Center - Brewster Ridge,Brewster Ridge Gold Tees,61,18,1,14:10:00,71,10,915,208,True,False,18,71,True,True,True
67514,2023,MA1,3,621851,132448,132448,904,Round 3,2023-06-25,Douglas Legris,,Smugglers Notch Disc Golf Center - Brewster Ridge,Brewster Ridge Gold Tees,61,18,3,13:40:00,65,4,962,209,True,False,18,65,True,True,True
67514,2023,MA1,3,621851,168353,168353,927,Round 3,2023-06-25,Aaron Albert,943,Smugglers Notch Disc Golf Center - Brewster Ridge,Brewster Ridge Gold Tees,61,18,4,14:10:00,69,8,930,209,True,False,18,69,True,True,True
67514,2023,MA1,3,621851,138321,138321,906,Round 3,2023-06-25,Nathan Doudera,,Smugglers Notch Disc Golf Center - Brewster Ridge,Brewster Ridge Gold Tees,61,18,4,13:40:00,67,6,946,211,True,False,18,67,True,True,True
67514,2023,MA1,3,621851,235130,235130,942,Round 3,2023-06-25,Kyle Woodard,,Smugglers Notch Disc Golf Center - Brewster Ridge,Brewster Ridge Gold Tees,61,18,1,13:50:00,69,8,930,211,True,False,18,69,True,True,True
67514,2023,MA1,3,621851,146030,146030,925,Round 3,2023-06-25,Aiden Glennon,940,Smugglers Notch Disc Golf Center - Brewster Ridge,Brewster Ridge Gold Tees,61,18,4,14:40:00,76,15,876,211,True,False,18,76,True,True,True
67514,2023,MA1,3,621851,94129,94129,929,Round 3,2023-06-25,Griffin Swinburne,962,Smugglers Notch Disc Golf Center - Brewster Ridge,Brewster Ridge Gold Tees,61,18,4,13:10:00,64,3,969,213,True,False,18,64,True,True,True
67514,2023,MA1,3,621851,128670,128670,875,Round 3,2023-06-25,Steven Colbert,,Smugglers Notch Disc Golf Center - Brewster Ridge,Brewster Ridge Gold Tees,61,18,3,13:50:00,70,9,923,213,True,False,18,70,True,True,True
67514,2023,MA1,3,621851,95205,95205,918,Round 3,2023-06-25,Derek Stoltenberg,919,Smugglers Notch Disc Golf Center - Brewster Ridge,Brewster Ridge Gold Tees,61,18,2,14:10:00,75,14,883,214,True,False,18,75,True,True,True
67514,2023,MA1,3,621851,97375,97375,920,Round 3,2023-06-25,Nicholas Olson,,Smugglers Notch Disc Golf Center - Brewster Ridge,Brewster Ridge Gold Tees,61,18,1,13:30:00,70,9,923,215,True,False,18,70,True,True,True
67514,2023,MA1,3,621851,164153,164153,909,Round 3,2023-06-25,Brendan Pike,,Smugglers Notch Disc Golf Center - Brewster Ridge,Brewster Ridge Gold Tees,61,18,1,13:20:00,69,8,930,216,True,False,18,69,True,True,True
67514,2023,MA1,3,621851,260910,260910,945,Round 3,2023-06-25,Kenny Lapke,933,Smugglers Notch Disc Golf Center - Brewster Ridge,Brewster Ridge Gold Tees,61,18,2,14:00:00,75,14,883,216,True,False,18,75,True,True,True
67514,2023,MA1,3,621851,174300,174300,951,Round 3,2023-06-25,Kevin Hoercher,,Smugglers Notch Disc Golf Center - Brewster Ridge,Brewster Ridge Gold Tees,61,18,3,13:10:00,68,7,938,217,True,False,18,68,True,True,True
67514,2023,MA1,3,621851,137521,137521,926,Round 3,2023-06-25,Jason Murak,929,Smugglers Notch Disc Golf Center - Brewster Ridge,Brewster Ridge Gold Tees,61,18,2,13:20:00,70,9,923,217,True,False,18,70,True,True,True
67514,2023,MA1,3,621851,188100,188100,926,Round 3,2023-06-25,Jonathan Chehoski,927,Smugglers Notch Disc Golf Center - Brewster Ridge,Brewster Ridge Gold Tees,61,18,1,13:10:00,70,9,923,217,True,False,18,70,True,True,True
67514,2023,MA1,3,621851,143017,143017,929,Round 3,2023-06-25,Matthew Tervo,,Smugglers Notch Disc Golf Center - Brewster Ridge,Brewster Ridge Gold Tees,61,18,3,13:30:00,71,10,915,217,True,False,18,71,True,True,True
67514,2023,MA1,3,621851,129859,129859,913,Round 3,2023-06-25,Seth Marcil,944,Smugglers Notch Disc Golf Center - Brewster Ridge,Brewster Ridge Gold Tees,61,18,2,13:40:00,73,12,899,217,True,False,18,73,True,True,True
67514,2023,MA1,3,621851,175583,175583,900,Round 3,2023-06-25,Rob Salter,948,Smugglers Notch Disc Golf Center - Brewster Ridge,Brewster Ridge Gold Tees,61,18,3,13:20:00,71,10,915,218,True,False,18,71,True,True,True
67514,2023,MA1,3,621851,141251,141251,890,Round 3,2023-06-25,Owen Wood,939,Smugglers Notch Disc Golf Center - Brewster Ridge,Brewster Ridge Gold Tees,61,18,3,14:10:00,80,19,844,219,True,False,18,80,True,True,True
67514,2023,MA1,3,621851,165941,165941,926,Round 3,2023-06-25,Aidan Hopper,890,Smugglers Notch Disc Golf Center - Brewster Ridge,Brewster Ridge Gold Tees,61,18,2,13:10:00,73,12,899,221,True,False,18,73,True,True,True
67514,2023,MA1,3,621851,145261,145261,916,Round 3,2023-06-25,Nick Warren,925,Smugglers Notch Disc Golf Center - Brewster Ridge,Brewster Ridge Gold Tees,61,18,2,13:00:00,72,11,907,222,True,False,18,72,True,True,True
67514,2023,MA1,3,621851,146226,146226,913,Round 3,2023-06-25,Jason Cagney,927,Smugglers Notch Disc Golf Center - Brewster Ridge,Brewster Ridge Gold Tees,61,18,2,13:30:00,77,16,868,222,True,False,18,77,True,True,True
67514,2023,MA1,3,621851,174646,174646,873,Round 3,2023-06-25,David Oppenheimer,,Smugglers Notch Disc Golf Center - Brewster Ridge,Brewster Ridge Gold Tees,61,18,1,13:40:00,78,17,860,222,True,False,18,78,True,True,True
67514,2023,MA1,3,621851,138307,138307,900,Round 3,2023-06-25,David Perry,938,Smugglers Notch Disc Golf Center - Brewster Ridge,Brewster Ridge Gold Tees,61,18,1,12:40:00,72,11,907,225,True,False,18,72,True,True,True
67514,2023,MA1,3,621851,148805,148805,863,Round 3,2023-06-25,Brandon Medina,885,Smugglers Notch Disc Golf Center - Brewster Ridge,Brewster Ridge Gold Tees,61,18,3,13:00:00,74,13,891,225,True,False,18,74,True,True,True
67514,2023,MA1,3,621851,242902,242902,872,Round 3,2023-06-25,Christopher Rullan,,Smugglers Notch Disc Golf Center - Brewster Ridge,Brewster Ridge Gold Tees,61,18,1,13:00:00,76,15,876,226,True,False,18,76,True,True,True
67514,2023,MA1,3,621851,142038,142038,914,Round 3,2023-06-25,Aaron Morong,925,Smugglers Notch Disc Golf Center - Brewster Ridge,Brewster Ridge Gold Tees,61,18,4,13:00:00,76,15,876,227,True,False,18,76,True,True,True
67514,2023,MA1,3,621851,136683,136683,891,Round 3,2023-06-25,Jacob Vincent,,Smugglers Notch Disc Golf Center - Brewster Ridge,Brewster Ridge Gold Tees,61,18,2,12:40:00,76,15,876,229,True,False,18,76,True,True,True
67514,2023,MA1,3,621851,96154,96154,858,Round 3,2023-06-25,Travis Jacques,871,Smugglers Notch Disc Golf Center - Brewster Ridge,Brewster Ridge Gold Tees,61,18,3,12:40:00,75,14,883,231,True,False,18,75,True,True,True
67514,2023,MA1,3,621851,123551,123551,871,Round 3,2023-06-25,James Bolte,,Smugglers Notch Disc Golf Center - Brewster Ridge,Brewster Ridge Gold Tees,61,18,4,12:40:00,76,15,876,233,True,False,18,76,True,True,True
67514,2023,MA1,3,621851,131210,131210,955,Round 3,2023-06-25,Christopher Kulig,978,Smugglers Notch Disc Golf Center - Brewster Ridge,Brewster Ridge Gold Tees,61,18,3,14:50:00,,,,,True,True,0,,False,False,False
67514,2023,MA1,3,621851,211060,211060,932,Round 3,2023-06-25,Gavin Murphy,,Smugglers Notch Disc Golf Center - Brewster Ridge,Brewster Ridge Gold Tees,61,18,4,13:50:00,,,,,True,True,0,,False,False,False
67514,2023,MA1,3,621851,115807,115807,923,Round 3,2023-06-25,John MacDonald,924,Smugglers Notch Disc Golf Center - Brewster Ridge,Brewster Ridge Gold Tees,61,18,1,13:30:00,,,,,True,True,0,,False,False,False
67514,2023,MA1,3,621851,83995,83995,927,Round 3,2023-06-25,Jeffrey Yetter,,Smugglers Notch Disc Golf Center - Brewster Ridge,Brewster Ridge Gold Tees,61,18,4,13:20:00,,,,,True,True,0,,False,False,False
67514,2023,MA1,3,621851,149711,149711,927,Round 3,2023-06-25,Kenny Godwin,,Smugglers Notch Disc Golf Center - Brewster Ridge,Brewster Ridge Gold Tees,61,18,3,12:40:00,,,,,True,True,0,,False,False,False
67514,2023,MA1,3,621851,146043,146043,926,Round 3,2023-06-25,Neil Ruggiero,884,Smugglers Notch Disc Golf Center - Brewster Ridge,Brewster Ridge Gold Tees,61,18,,,,,,,True,True,0,,False,False,False
67514,2023,MA1,3,621851,140506,140506,929,Round 3,2023-06-25,Ian Kehoe,,Smugglers Notch Disc Golf Center - Brewster Ridge,Brewster Ridge Gold Tees,61,18,,,0,0,,,True,False,0,,False,False,False
67514,2023,MA2,1,621852,212529,212529,913,Round 1,2023-06-25,Mathew Darby,958,Smugglers Notch Disc Golf Center - Brewster Ridge,Brewster Ridge Blue Tees,61,18,4,10:30:00,58,-3,956,182,True,False,18,58,True,True,True
67514,2023,MA2,1,621852,192145,192145,886,Round 1,2023-06-25,Eric Wright,943,Smugglers Notch Disc Golf Center - Brewster Ridge,Brewster Ridge Blue Tees,61,18,3,10:30:00,59,-2,946,185,True,False,18,59,True,True,True
67514,2023,MA2,1,621852,212853,212853,883,Round 1,2023-06-25,Derrick Hudson,954,Smugglers Notch Disc Golf Center - Brewster Ridge,Brewster Ridge Blue Tees,61,18,4,10:10:00,59,-2,946,182,True,False,18,59,True,True,True
67514,2023,MA2,1,621852,109604,109604,912,Round 1,2023-06-25,Jeremy Hulsey,914,Smugglers Notch Disc Golf Center - Brewster Ridge,Brewster Ridge Blue Tees,61,18,2,11:20:00,60,-1,937,183,True,False,18,60,True,True,True
67514,2023,MA2,1,621852,160671,160671,905,Round 1,2023-06-25,Elliot Waring,,Smugglers Notch Disc Golf Center - Brewster Ridge,Brewster Ridge Blue Tees,61,18,2,10:00:00,60,-1,937,178,True,False,18,60,True,True,True
67514,2023,MA2,1,621852,168663,168663,929,Round 1,2023-06-25,Austin Neddo,,Smugglers Notch Disc Golf Center - Brewster Ridge,Brewster Ridge Blue Tees,61,18,3,11:20:00,60,-1,937,,True,False,18,60,True,True,True
67514,2023,MA2,1,621852,196511,196511,878,Round 1,2023-06-25,Jai Clark,920,Smugglers Notch Disc Golf Center - Brewster Ridge,Brewster Ridge Blue Tees,61,18,4,11:20:00,60,-1,937,185,True,False,18,60,True,True,True
67514,2023,MA2,1,621852,124203,124203,868,Round 1,2023-06-25,Ezra Koch,954,Smugglers Notch Disc Golf Center - Brewster Ridge,Brewster Ridge Blue Tees,61,18,4,11:10:00,61,0,927,180,True,False,18,61,True,True,True
67514,2023,MA2,1,621852,247199,247199,859,Round 1,2023-06-25,Jeremy Nadeau,904,Smugglers Notch Disc Golf Center - Brewster Ridge,Brewster Ridge Blue Tees,61,18,4,10:00:00,61,0,927,193,True,False,18,61,True,True,True
67514,2023,MA2,1,621852,79846,79846,903,Round 1,2023-06-25,Daniel Stefanilo,901,Smugglers Notch Disc Golf Center - Brewster Ridge,Brewster Ridge Blue Tees,61,18,1,11:00:00,62,1,918,186,True,False,18,62,True,True,True
67514,2023,MA2,1,621852,120679,120679,868,Round 1,2023-06-25,Arthur Suttles,890,Smugglers Notch Disc Golf Center - Brewster Ridge,Brewster Ridge Blue Tees,61,18,2,10:40:00,62,1,918,198,True,False,18,62,True,True,True
67514,2023,MA2,1,621852,167158,167158,907,Round 1,2023-06-25,Connor Vaillancourt,,Smugglers Notch Disc Golf Center - Brewster Ridge,Brewster Ridge Blue Tees,61,18,2,10:10:00,62,1,918,185,True,False,18,62,True,True,True
67514,2023,MA2,1,621852,185389,185389,905,Round 1,2023-06-25,Daniel Leong,907,Smugglers Notch Disc Golf Center - Brewster Ridge,Brewster Ridge Blue Tees,61,18,3,09:50:00,62,1,918,190,True,False,18,62,True,True,True
67514,2023,MA2,1,621852,134840,134840,884,Round 1,2023-06-25,Dustin Eagar,894,Smugglers Notch Disc Golf Center - Brewster Ridge,Brewster Ridge Blue Tees,61,18,1,09:50:00,63,2,909,186,True,False,18,63,True,True,True
67514,2023,MA2,1,621852,142609,142609,886,Round 1,2023-06-25,Shane Leadbetter,910,Smugglers Notch Disc Golf Center - Brewster Ridge,Brewster Ridge Blue Tees,61,18,1,10:20:00,63,2,909,199,True,False,18,63,True,True,True
67514,2023,MA2,1,621852,159142,159142,866,Round 1,2023-06-25,George Ward,,Smugglers Notch Disc Golf Center - Brewster Ridge,Brewster Ridge Blue Tees,61,18,2,09:20:00,63,2,909,190,True,False,18,63,True,True,True
67514,2023,MA2,1,621852,159224,159224,915,Round 1,2023-06-25,Bryce McKim,,Smugglers Notch Disc Golf Center - Brewster Ridge,Brewster Ridge Blue Tees,61,18,4,10:50:00,63,2,909,184,True,False,18,63,True,True,True
67514,2023,MA2,1,621852,173403,173403,870,Round 1,2023-06-25,Graeme Sutcliffe,,Smugglers Notch Disc Golf Center - Brewster Ridge,Brewster Ridge Blue Tees,61,18,2,10:30:00,63,2,909,198,True,False,18,63,True,True,True
67514,2023,MA2,1,621852,209360,209360,906,Round 1,2023-06-25,Ryan Kutzner,887,Smugglers Notch Disc Golf Center - Brewster Ridge,Brewster Ridge Blue Tees,61,18,3,10:20:00,63,2,909,186,True,False,18,63,True,True,True
67514,2023,MA2,1,621852,112678,112678,898,Round 1,2023-06-25,A.J. Krawczyk,928,Smugglers Notch Disc Golf Center - Brewster Ridge,Brewster Ridge Blue Tees,61,18,1,10:40:00,64,3,899,197,True,False,18,64,True,True,True
67514,2023,MA2,1,621852,163523,163523,850,Round 1,2023-06-25,Landon Desroches,866,Smugglers Notch Disc Golf Center - Brewster Ridge,Brewster Ridge Blue Tees,61,18,4,10:40:00,64,3,899,197,True,False,18,64,True,True,True
67514,2023,MA2,1,621852,177260,177260,882,Round 1,2023-06-25,Fisher Evans,,Smugglers Notch Disc Golf Center - Brewster Ridge,Brewster Ridge Blue Tees,61,18,3,09:20:00,64,3,899,193,True,False,18,64,True,True,True
67514,2023,MA2,1,621852,210681,210681,888,Round 1,2023-06-25,Kyle Anderson Andresen,911,Smugglers Notch Disc Golf Center - Brewster Ridge,Brewster Ridge Blue Tees,61,18,2,09:30:00,64,3,899,187,True,False,18,64,True,True,True
67514,2023,MA2,1,621852,212714,212714,856,Round 1,2023-06-25,Rocco Ceci,879,Smugglers Notch Disc Golf Center - Brewster Ridge,Brewster Ridge Blue Tees,61,18,4,10:20:00,64,3,899,186,True,False,18,64,True,True,True
67514,2023,MA2,1,621852,113247,113247,885,Round 1,2023-06-25,Matthew Knauf,883,Smugglers Notch Disc Golf Center - Brewster Ridge,Brewster Ridge Blue Tees,61,18,2,11:10:00,65,4,890,194,True,False,18,65,True,True,True
67514,2023,MA2,1,621852,127141,127141,924,Round 1,2023-06-25,Bradley Larson,928,Smugglers Notch Disc Golf Center - Brewster Ridge,Brewster Ridge Blue Tees,61,18,1,10:00:00,65,4,890,197,True,False,18,65,True,True,True
67514,2023,MA2,1,621852,150394,150394,864,Round 1,2023-06-25,Dylan Rodrigues,847,Smugglers Notch Disc Golf Center - Brewster Ridge,Brewster Ridge Blue Tees,61,18,2,10:50:00,65,4,890,197,True,False,18,65,True,True,True
67514,2023,MA2,1,621852,189203,189203,861,Round 1,2023-06-25,Bobby Martino,911,Smugglers Notch Disc Golf Center - Brewster Ridge,Brewster Ridge Blue Tees,61,18,3,10:10:00,65,4,890,196,True,False,18,65,True,True,True
67514,2023,MA2,1,621852,99400,99400,858,Round 1,2023-06-25,Jacob Hillegas,889,Smugglers Notch Disc Golf Center - Brewster Ridge,Brewster Ridge Blue Tees,61,18,2,11:00:00,66,5,881,195,True,False,18,66,True,True,True
67514,2023,MA2,1,621852,89640,89640,912,Round 1,2023-06-25,Eric Boyer,,Smugglers Notch Disc Golf Center - Brewster Ridge,Brewster Ridge Blue Tees,61,18,1,11:20:00,67,6,871,188,True,False,18,67,True,True,True
67514,2023,MA2,1,621852,112821,112821,896,Round 1,2023-06-25,Ross O'Toole,917,Smugglers Notch Disc Golf Center - Brewster Ridge,Brewster Ridge Blue Tees,61,18,1,09:20:00,67,6,871,193,True,False,18,67,True,True,True
67514,2023,MA2,1,621852,144726,144726,884,Round 1,2023-06-25,Marc Davis,903,Smugglers Notch Disc Golf Center - Brewster Ridge,Brewster Ridge Blue Tees,61,18,1,10:30:00,67,6,871,201,True,False,18,67,True,True,True
67514,2023,MA2,1,621852,169600,169600,843,Round 1,2023-06-25,Trevor Bryce,901,Smugglers Notch Disc Golf Center - Brewster Ridge,Brewster Ridge Blue Tees,61,18,2,09:50:00,67,6,871,202,True,False,18,67,True,True,True
67514,2023,MA2,1,621852,245070,245070,788,Round 1,2023-06-25,William Lamont,,Smugglers Notch Disc Golf Center - Brewster Ridge,Brewster Ridge Blue Tees,61,18,4,09:40:00,67,6,871,212,True,False,18,67,True,True,True
67514,2023,MA2,1,621852,137984,137984,870,Round 1,2023-06-25,Tristan Bryce,,Smugglers Notch Disc Golf Center - Brewster Ridge,Brewster Ridge Blue Tees,61,18,1,10:50:00,68,7,862,192,True,False,18,68,True,True,True
67514,2023,MA2,1,621852,158497,158497,888,Round 1,2023-06-25,Ryan Richard,887,Smugglers Notch Disc Golf Center - Brewster Ridge,Brewster Ridge Blue Tees,61,18,3,10:50:00,68,7,862,196,True,False,18,68,True,True,True
67514,2023,MA2,1,621852,213224,213224,862,Round 1,2023-06-25,Justin Griswold,914,Smugglers Notch Disc Golf Center - Brewster Ridge,Brewster Ridge Blue Tees,61,18,3,10:00:00,68,7,862,199,True,False,18,68,True,True,True
67514,2023,MA2,1,621852,197481,197481,780,Round 1,2023-06-25,Jordan Townsend,,Smugglers Notch Disc Golf Center - Brewster Ridge,Brewster Ridge Blue Tees,61,18,4,11:00:00,69,8,853,216,True,False,18,69,True,True,True
67514,2023,MA2,1,621852,219307,219307,851,Round 1,2023-06-25,Everett Secor,935,Smugglers Notch Disc Golf Center - Brewster Ridge,Brewster Ridge Blue Tees,61,18,3,09:40:00,69,8,853,200,True,False,18,69,True,True,True
67514,2023,MA2,1,621852,116696,116696,850,Round 1,2023-06-25,Terry Murphy,,Smugglers Notch Disc Golf Center - Brewster Ridge,Brewster Ridge Blue Tees,61,18,1,10:10:00,70,9,843,,True,False,18,70,True,True,True
67514,2023,MA2,1,621852,153118,153118,890,Round 1,2023-06-25,Jacob Ruggiero,,Smugglers Notch Disc Golf Center - Brewster Ridge,Brewster Ridge Blue Tees,61,18,4,09:20:00,70,9,843,195,True,False,18,70,True,True,True
67514,2023,MA2,1,621852,227703,227703,814,Round 1,2023-06-25,Joshua Berry,872,Smugglers Notch Disc Golf Center - Brewster Ridge,Brewster Ridge Blue Tees,61,18,4,09:50:00,70,9,843,209,True,False,18,70,True,True,True
67514,2023,MA2,1,621852,125223,125223,891,Round 1,2023-06-25,Kristofer Duer,854,Smugglers Notch Disc Golf Center - Brewster Ridge,Brewster Ridge Blue Tees,61,18,1,09:40:00,71,10,834,194,True,False,18,71,True,True,True
67514,2023,MA2,1,621852,205402,205402,882,Round 1,2023-06-25,Zach Luken,844,Smugglers Notch Disc Golf Center - Brewster Ridge,Brewster Ridge Blue Tees,61,18,2,10:20:00,72,11,825,214,True,False,18,72,True,True,True
67514,2023,MA2,1,621852,92689,92689,918,Round 1,2023-06-25,Ryan Reed,919,Smugglers Notch Disc Golf Center - Brewster Ridge,Brewster Ridge Blue Tees,61,18,1,11:10:00,73,12,815,,True,False,18,73,True,True,True
67514,2023,MA2,1,621852,214352,214352,755,Round 1,2023-06-25,Evan Zach,,Smugglers Notch Disc Golf Center - Brewster Ridge,Brewster Ridge Blue Tees,61,18,3,09:30:00,75,14,796,216,True,False,18,75,True,True,True
67514,2023,MA2,1,621852,152398,152398,815,Round 1,2023-06-25,Richard Volk,,Smugglers Notch Disc Golf Center - Brewster Ridge,Brewster Ridge Blue Tees,61,18,1,09:30:00,76,15,787,213,True,False,18,76,True,True,True
67514,2023,MA2,1,621852,153584,153584,811,Round 1,2023-06-25,Jose Colon,,Smugglers Notch Disc Golf Center - Brewster Ridge,Brewster Ridge Blue Tees,61,18,3,10:40:00,76,15,787,217,True,False,18,76,True,True,True
67514,2023,MA2,1,621852,177424,177424,833,Round 1,2023-06-25,Kevin Delony,817,Smugglers Notch Disc Golf Center - Brewster Ridge,Brewster Ridge Blue Tees,61,18,3,11:00:00,77,16,778,218,True,False,18,77,True,True,True
67514,2023,MA2,1,621852,121582,121582,791,Round 1,2023-06-25,Nick Brozek,780,Smugglers Notch Disc Golf Center - Brewster Ridge,Brewster Ridge Blue Tees,61,18,3,11:10:00,79,18,759,,True,False,18,79,True,True,True
67514,2023,MA2,1,621852,148187,148187,862,Round 1,2023-06-25,Evan Miller,874,Smugglers Notch Disc Golf Center - Brewster Ridge,Brewster Ridge Blue Tees,61,18,2,09:40:00,79,18,759,239,True,False,18,79,True,True,True
67514,2023,MA2,2,621856,212853,212853,883,Round 2,2023-06-25,Derrick Hudson,954,Smugglers Notch Disc Golf Center - Fox Run,Fox Run Meadows White Tees,63,18,3,11:10:00,56,-7,960,182,True,False,18,56,True,True,True
67514,2023,MA2,2,621856,160671,160671,905,Round 2,2023-06-25,Elliot Waring,,Smugglers Notch Disc Golf Center - Fox Run,Fox Run Meadows White Tees,63,18,1,11:00:00,56,-7,960,178,True,False,18,56,True,True,True
67514,2023,MA2,2,621856,212529,212529,913,Round 2,2023-06-25,Mathew Darby,958,Smugglers Notch Disc Golf Center - Fox Run,Fox Run Meadows White Tees,63,18,1,11:10:00,58,-5,941,182,True,False,18,58,True,True,True
67514,2023,MA2,2,621856,159224,159224,915,Round 2,2023-06-25,Bryce McKim,,Smugglers Notch Disc Golf Center - Fox Run,Fox Run Meadows White Tees,63,18,1,10:30:00,55,-8,970,184,True,False,18,55,True,True,True
67514,2023,MA2,2,621856,196511,196511,878,Round 2,2023-06-25,Jai Clark,920,Smugglers Notch Disc Golf Center - Fox Run,Fox Run Meadows White Tees,63,18,2,11:00:00,58,-5,941,185,True,False,18,58,True,True,True
67514,2023,MA2,2,621856,124203,124203,868,Round 2,2023-06-25,Ezra Koch,954,Smugglers Notch Disc Golf Center - Fox Run,Fox Run Meadows White Tees,63,18,3,11:00:00,58,-5,941,180,True,False,18,58,True,True,True
67514,2023,MA2,2,621856,192145,192145,886,Round 2,2023-06-25,Eric Wright,943,Smugglers Notch Disc Golf Center - Fox Run,Fox Run Meadows White Tees,63,18,2,11:10:00,61,-2,912,185,True,False,18,61,True,True,True
67514,2023,MA2,2,621856,109604,109604,912,Round 2,2023-06-25,Jeremy Hulsey,914,Smugglers Notch Disc Golf Center - Fox Run,Fox Run Meadows White Tees,63,18,4,11:10:00,61,-2,912,183,True,False,18,61,True,True,True
67514,2023,MA2,2,621856,134840,134840,884,Round 2,2023-06-25,Dustin Eagar,894,Smugglers Notch Disc Golf Center - Fox Run,Fox Run Meadows White Tees,63,18,2,10:40:00,59,-4,931,186,True,False,18,59,True,True,True
67514,2023,MA2,2,621856,210681,210681,888,Round 2,2023-06-25,Kyle Anderson Andresen,911,Smugglers Notch Disc Golf Center - Fox Run,Fox Run Meadows White Tees,63,18,3,10:20:00,59,-4,931,187,True,False,18,59,True,True,True
67514,2023,MA2,2,621856,79846,79846,903,Round 2,2023-06-25,Daniel Stefanilo,901,Smugglers Notch Disc Golf Center - Fox Run,Fox Run Meadows White Tees,63,18,2,10:50:00,62,-1,902,186,True,False,18,62,True,True,True
67514,2023,MA2,2,621856,159142,159142,866,Round 2,2023-06-25,George Ward,,Smugglers Notch Disc Golf Center - Fox Run,Fox Run Meadows White Tees,63,18,4,10:40:00,62,-1,902,190,True,False,18,62,True,True,True
67514,2023,MA2,2,621856,185389,185389,905,Round 2,2023-06-25,Daniel Leong,907,Smugglers Notch Disc Golf Center - Fox Run,Fox Run Meadows White Tees,63,18,1,10:40:00,63,0,893,190,True,False,18,63,True,True,True
67514,2023,MA2,2,621856,89640,89640,912,Round 2,2023-06-25,Eric Boyer,,Smugglers Notch Disc Golf Center - Fox Run,Fox Run Meadows White Tees,63,18,2,10:00:00,59,-4,931,188,True,False,18,59,True,True,True
67514,2023,MA2,2,621856,113247,113247,885,Round 2,2023-06-25,Matthew Knauf,883,Smugglers Notch Disc Golf Center - Fox Run,Fox Run Meadows White Tees,63,18,1,10:10:00,61,-2,912,194,True,False,18,61,True,True,True
67514,2023,MA2,2,621856,177260,177260,882,Round 2,2023-06-25,Fisher Evans,,Smugglers Notch Disc Golf Center - Fox Run,Fox Run Meadows White Tees,63,18,2,10:20:00,62,-1,902,193,True,False,18,62,True,True,True
67514,2023,MA2,2,621856,167158,167158,907,Round 2,2023-06-25,Connor Vaillancourt,,Smugglers Notch Disc Golf Center - Fox Run,Fox Run Meadows White Tees,63,18,4,10:50:00,64,1,883,185,True,False,18,64,True,True,True
67514,2023,MA2,2,621856,99400,99400,858,Round 2,2023-06-25,Jacob Hillegas,889,Smugglers Notch Disc Golf Center - Fox Run,Fox Run Meadows White Tees,63,18,1,10:00:00,61,-2,912,195,True,False,18,61,True,True,True
67514,2023,MA2,2,621856,212714,212714,856,Round 2,2023-06-25,Rocco Ceci,879,Smugglers Notch Disc Golf Center - Fox Run,Fox Run Meadows White Tees,63,18,4,10:20:00,63,0,893,186,True,False,18,63,True,True,True
67514,2023,MA2,2,621856,209360,209360,906,Round 2,2023-06-25,Ryan Kutzner,887,Smugglers Notch Disc Golf Center - Fox Run,Fox Run Meadows White Tees,63,18,3,10:30:00,64,1,883,186,True,False,18,64,True,True,True
67514,2023,MA2,2,621856,142609,142609,886,Round 2,2023-06-25,Shane Leadbetter,910,Smugglers Notch Disc Golf Center - Fox Run,Fox Run Meadows White Tees,63,18,3,10:40:00,65,2,873,199,True,False,18,65,True,True,True
67514,2023,MA2,2,621856,173403,173403,870,Round 2,2023-06-25,Graeme Sutcliffe,,Smugglers Notch Disc Golf Center - Fox Run,Fox Run Meadows White Tees,63,18,2,10:30:00,65,2,873,198,True,False,18,65,True,True,True
67514,2023,MA2,2,621856,112821,112821,896,Round 2,2023-06-25,Ross O'Toole,917,Smugglers Notch Disc Golf Center - Fox Run,Fox Run Meadows White Tees,63,18,3,10:00:00,62,-1,902,193,True,False,18,62,True,True,True
67514,2023,MA2,2,621856,169600,169600,843,Round 2,2023-06-25,Trevor Bryce,901,Smugglers Notch Disc Golf Center - Fox Run,Fox Run Meadows White Tees,63,18,1,09:50:00,62,-1,902,202,True,False,18,62,True,True,True
67514,2023,MA2,2,621856,150394,150394,864,Round 2,2023-06-25,Dylan Rodrigues,847,Smugglers Notch Disc Golf Center - Fox Run,Fox Run Meadows White Tees,63,18,3,10:10:00,64,1,883,197,True,False,18,64,True,True,True
67514,2023,MA2,2,621856,247199,247199,859,Round 2,2023-06-25,Jeremy Nadeau,904,Smugglers Notch Disc Golf Center - Fox Run,Fox Run Meadows White Tees,63,18,1,10:50:00,68,5,844,193,True,False,18,68,True,True,True
67514,2023,MA2,2,621856,120679,120679,868,Round 2,2023-06-25,Arthur Suttles,890,Smugglers Notch Disc Golf Center - Fox Run,Fox Run Meadows White Tees,63,18,3,10:50:00,68,5,844,198,True,False,18,68,True,True,True
67514,2023,MA2,2,621856,158497,158497,888,Round 2,2023-06-25,Ryan Richard,887,Smugglers Notch Disc Golf Center - Fox Run,Fox Run Meadows White Tees,63,18,4,09:50:00,63,0,893,196,True,False,18,63,True,True,True
67514,2023,MA2,2,621856,144726,144726,884,Round 2,2023-06-25,Marc Davis,903,Smugglers Notch Disc Golf Center - Fox Run,Fox Run Meadows White Tees,63,18,4,10:00:00,64,1,883,201,True,False,18,64,True,True,True
67514,2023,MA2,2,621856,125223,125223,891,Round 2,2023-06-25,Kristofer Duer,854,Smugglers Notch Disc Golf Center - Fox Run,Fox Run Meadows White Tees,63,18,3,09:30:00,61,-2,912,194,True,False,18,61,True,True,True
67514,2023,MA2,2,621856,153118,153118,890,Round 2,2023-06-25,Jacob Ruggiero,,Smugglers Notch Disc Golf Center - Fox Run,Fox Run Meadows White Tees,63,18,1,09:30:00,62,-1,902,195,True,False,18,62,True,True,True
67514,2023,MA2,2,621856,137984,137984,870,Round 2,2023-06-25,Tristan Bryce,,Smugglers Notch Disc Golf Center - Fox Run,Fox Run Meadows White Tees,63,18,3,09:50:00,64,1,883,192,True,False,18,64,True,True,True
67514,2023,MA2,2,621856,213224,213224,862,Round 2,2023-06-25,Justin Griswold,914,Smugglers Notch Disc Golf Center - Fox Run,Fox Run Meadows White Tees,63,18,1,09:40:00,64,1,883,199,True,False,18,64,True,True,True
67514,2023,MA2,2,621856,127141,127141,924,Round 2,2023-06-25,Bradley Larson,928,Smugglers Notch Disc Golf Center - Fox Run,Fox Run Meadows White Tees,63,18,2,10:10:00,67,4,854,197,True,False,18,67,True,True,True
67514,2023,MA2,2,621856,189203,189203,861,Round 2,2023-06-25,Bobby Martino,911,Smugglers Notch Disc Golf Center - Fox Run,Fox Run Meadows White Tees,63,18,4,10:10:00,67,4,854,196,True,False,18,67,True,True,True
67514,2023,MA2,2,621856,163523,163523,850,Round 2,2023-06-25,Landon Desroches,866,Smugglers Notch Disc Golf Center - Fox Run,Fox Run Meadows White Tees,63,18,1,10:20:00,68,5,844,197,True,False,18,68,True,True,True
67514,2023,MA2,2,621856,219307,219307,851,Round 2,2023-06-25,Everett Secor,935,Smugglers Notch Disc Golf Center - Fox Run,Fox Run Meadows White Tees,63,18,3,09:40:00,65,2,873,200,True,False,18,65,True,True,True
67514,2023,MA2,2,621856,112678,112678,898,Round 2,2023-06-25,A.J. Krawczyk,928,Smugglers Notch Disc Golf Center - Fox Run,Fox Run Meadows White Tees,63,18,4,10:30:00,71,8,815,197,True,False,18,71,True,True,True
67514,2023,MA2,2,621856,152398,152398,815,Round 2,2023-06-25,Richard Volk,,Smugglers Notch Disc Golf Center - Fox Run,Fox Run Meadows White Tees,63,18,2,09:20:00,63,0,893,213,True,False,18,63,True,True,True
67514,2023,MA2,2,621856,245070,245070,788,Round 2,2023-06-25,William Lamont,,Smugglers Notch Disc Golf Center - Fox Run,Fox Run Meadows White Tees,63,18,2,09:50:00,72,9,806,212,True,False,18,72,True,True,True
67514,2023,MA2,2,621856,214352,214352,755,Round 2,2023-06-25,Evan Zach,,Smugglers Notch Disc Golf Center - Fox Run,Fox Run Meadows White Tees,63,18,1,09:20:00,68,5,844,216,True,False,18,68,True,True,True
67514,2023,MA2,2,621856,205402,205402,882,Round 2,2023-06-25,Zach Luken,844,Smugglers Notch Disc Golf Center - Fox Run,Fox Run Meadows White Tees,63,18,4,09:30:00,71,8,815,214,True,False,18,71,True,True,True
67514,2023,MA2,2,621856,227703,227703,814,Round 2,2023-06-25,Joshua Berry,872,Smugglers Notch Disc Golf Center - Fox Run,Fox Run Meadows White Tees,63,18,2,09:30:00,73,10,796,209,True,False,18,73,True,True,True
67514,2023,MA2,2,621856,177424,177424,833,Round 2,2023-06-25,Kevin Delony,817,Smugglers Notch Disc Golf Center - Fox Run,Fox Run Meadows White Tees,63,18,1,09:10:00,67,4,854,218,True,False,18,67,True,True,True
67514,2023,MA2,2,621856,197481,197481,780,Round 2,2023-06-25,Jordan Townsend,,Smugglers Notch Disc Golf Center - Fox Run,Fox Run Meadows White Tees,63,18,2,09:40:00,75,12,777,216,True,False,18,75,True,True,True
67514,2023,MA2,2,621856,153584,153584,811,Round 2,2023-06-25,Jose Colon,,Smugglers Notch Disc Golf Center - Fox Run,Fox Run Meadows White Tees,63,18,3,09:20:00,71,8,815,217,True,False,18,71,True,True,True
67514,2023,MA2,2,621856,121582,121582,791,Round 2,2023-06-25,Nick Brozek,780,Smugglers Notch Disc Golf Center - Fox Run,Fox Run Meadows White Tees,63,18,2,09:10:00,76,13,767,,True,False,18,76,True,True,True
67514,2023,MA2,2,621856,148187,148187,862,Round 2,2023-06-25,Evan Miller,874,Smugglers Notch Disc Golf Center - Fox Run,Fox Run Meadows White Tees,63,18,3,09:10:00,80,17,728,239,True,False,18,80,True,True,True
67514,2023,MA2,2,621856,168663,168663,929,Round 2,2023-06-25,Austin Neddo,,Smugglers Notch Disc Golf Center - Fox Run,Fox Run Meadows White Tees,63,18,2,11:00:00,28,936,,,True,False,8,28,False,True,False
67514,2023,MA2,2,621856,116696,116696,850,Round 2,2023-06-25,Terry Murphy,,Smugglers Notch Disc Golf Center - Fox Run,Fox Run Meadows White Tees,63,18,4,09:40:00,,,,,True,True,0,,False,False,False
67514,2023,MA2,2,621856,92689,92689,918,Round 2,2023-06-25,Ryan Reed,919,Smugglers Notch Disc Golf Center - Fox Run,Fox Run Meadows White Tees,63,18,1,09:20:00,,,,,True,True,0,,False,False,False
67514,2023,MA2,3,621852,160671,160671,905,Round 3,2023-06-25,Elliot Waring,,Smugglers Notch Disc Golf Center - Brewster Ridge,Brewster Ridge Blue Tees,61,18,2,11:00:00,62,1,918,178,True,False,18,62,True,True,True
67514,2023,MA2,3,621852,124203,124203,868,Round 3,2023-06-25,Ezra Koch,954,Smugglers Notch Disc Golf Center - Brewster Ridge,Brewster Ridge Blue Tees,61,18,2,10:50:00,61,0,927,180,True,False,18,61,True,True,True
67514,2023,MA2,3,621852,212853,212853,883,Round 3,2023-06-25,Derrick Hudson,954,Smugglers Notch Disc Golf Center - Brewster Ridge,Brewster Ridge Blue Tees,61,18,1,11:00:00,67,6,871,182,True,False,18,67,True,True,True
67514,2023,MA2,3,621852,212529,212529,913,Round 3,2023-06-25,Mathew Darby,958,Smugglers Notch Disc Golf Center - Brewster Ridge,Brewster Ridge Blue Tees,61,18,3,11:00:00,66,5,881,182,True,False,18,66,True,True,True
67514,2023,MA2,3,621852,109604,109604,912,Round 3,2023-06-25,Jeremy Hulsey,914,Smugglers Notch Disc Golf Center - Brewster Ridge,Brewster Ridge Blue Tees,61,18,4,10:50:00,62,1,918,183,True,False,18,62,True,True,True
67514,2023,MA2,3,621852,159224,159224,915,Round 3,2023-06-25,Bryce McKim,,Smugglers Notch Disc Golf Center - Brewster Ridge,Brewster Ridge Blue Tees,61,18,4,11:00:00,66,5,881,184,True,False,18,66,True,True,True
67514,2023,MA2,3,621852,167158,167158,907,Round 3,2023-06-25,Connor Vaillancourt,,Smugglers Notch Disc Golf Center - Brewster Ridge,Brewster Ridge Blue Tees,61,18,1,10:20:00,59,-2,946,185,True,False,18,59,True,True,True
67514,2023,MA2,3,621852,192145,192145,886,Round 3,2023-06-25,Eric Wright,943,Smugglers Notch Disc Golf Center - Brewster Ridge,Brewster Ridge Blue Tees,61,18,3,10:50:00,65,4,890,185,True,False,18,65,True,True,True
67514,2023,MA2,3,621852,196511,196511,878,Round 3,2023-06-25,Jai Clark,920,Smugglers Notch Disc Golf Center - Brewster Ridge,Brewster Ridge Blue Tees,61,18,1,10:50:00,67,6,871,185,True,False,18,67,True,True,True
67514,2023,MA2,3,621852,212714,212714,856,Round 3,2023-06-25,Rocco Ceci,879,Smugglers Notch Disc Golf Center - Brewster Ridge,Brewster Ridge Blue Tees,61,18,3,10:20:00,59,-2,946,186,True,False,18,59,True,True,True
67514,2023,MA2,3,621852,209360,209360,906,Round 3,2023-06-25,Ryan Kutzner,887,Smugglers Notch Disc Golf Center - Brewster Ridge,Brewster Ridge Blue Tees,61,18,4,10:20:00,59,-2,946,186,True,False,18,59,True,True,True
67514,2023,MA2,3,621852,79846,79846,903,Round 3,2023-06-25,Daniel Stefanilo,901,Smugglers Notch Disc Golf Center - Brewster Ridge,Brewster Ridge Blue Tees,61,18,3,10:40:00,62,1,918,186,True,False,18,62,True,True,True
67514,2023,MA2,3,621852,134840,134840,884,Round 3,2023-06-25,Dustin Eagar,894,Smugglers Notch Disc Golf Center - Brewster Ridge,Brewster Ridge Blue Tees,61,18,1,10:40:00,64,3,899,186,True,False,18,64,True,True,True
67514,2023,MA2,3,621852,210681,210681,888,Round 3,2023-06-25,Kyle Anderson Andresen,911,Smugglers Notch Disc Golf Center - Brewster Ridge,Brewster Ridge Blue Tees,61,18,2,10:40:00,64,3,899,187,True,False,18,64,True,True,True
67514,2023,MA2,3,621852,89640,89640,912,Round 3,2023-06-25,Eric Boyer,,Smugglers Notch Disc Golf Center - Brewster Ridge,Brewster Ridge Blue Tees,61,18,2,10:30:00,62,1,918,188,True,False,18,62,True,True,True
67514,2023,MA2,3,621852,159142,159142,866,Round 3,2023-06-25,George Ward,,Smugglers Notch Disc Golf Center - Brewster Ridge,Brewster Ridge Blue Tees,61,18,4,10:40:00,65,4,890,190,True,False,18,65,True,True,True
67514,2023,MA2,3,621852,185389,185389,905,Round 3,2023-06-25,Daniel Leong,907,Smugglers Notch Disc Golf Center - Brewster Ridge,Brewster Ridge Blue Tees,61,18,1,10:30:00,65,4,890,190,True,False,18,65,True,True,True
67514,2023,MA2,3,621852,137984,137984,870,Round 3,2023-06-25,Tristan Bryce,,Smugglers Notch Disc Golf Center - Brewster Ridge,Brewster Ridge Blue Tees,61,18,4,09:50:00,60,-1,937,192,True,False,18,60,True,True,True
67514,2023,MA2,3,621852,112821,112821,896,Round 3,2023-06-25,Ross O'Toole,917,Smugglers Notch Disc Golf Center - Brewster Ridge,Brewster Ridge Blue Tees,61,18,3,10:10:00,64,3,899,193,True,False,18,64,True,True,True
67514,2023,MA2,3,621852,247199,247199,859,Round 3,2023-06-25,Jeremy Nadeau,904,Smugglers Notch Disc Golf Center - Brewster Ridge,Brewster Ridge Blue Tees,61,18,2,10:00:00,64,3,899,193,True,False,18,64,True,True,True
67514,2023,MA2,3,621852,177260,177260,882,Round 3,2023-06-25,Fisher Evans,,Smugglers Notch Disc Golf Center - Brewster Ridge,Brewster Ridge Blue Tees,61,18,4,10:30:00,67,6,871,193,True,False,18,67,True,True,True
67514,2023,MA2,3,621852,125223,125223,891,Round 3,2023-06-25,Kristofer Duer,854,Smugglers Notch Disc Golf Center - Brewster Ridge,Brewster Ridge Blue Tees,61,18,2,09:50:00,62,1,918,194,True,False,18,62,True,True,True
67514,2023,MA2,3,621852,113247,113247,885,Round 3,2023-06-25,Matthew Knauf,883,Smugglers Notch Disc Golf Center - Brewster Ridge,Brewster Ridge Blue Tees,61,18,3,10:30:00,68,7,862,194,True,False,18,68,True,True,True
67514,2023,MA2,3,621852,153118,153118,890,Round 3,2023-06-25,Jacob Ruggiero,,Smugglers Notch Disc Golf Center - Brewster Ridge,Brewster Ridge Blue Tees,61,18,3,09:50:00,63,2,909,195,True,False,18,63,True,True,True
67514,2023,MA2,3,621852,99400,99400,858,Round 3,2023-06-25,Jacob Hillegas,889,Smugglers Notch Disc Golf Center - Brewster Ridge,Brewster Ridge Blue Tees,61,18,2,10:20:00,68,7,862,195,True,False,18,68,True,True,True
67514,2023,MA2,3,621852,189203,189203,861,Round 3,2023-06-25,Bobby Martino,911,Smugglers Notch Disc Golf Center - Brewster Ridge,Brewster Ridge Blue Tees,61,18,3,09:40:00,64,3,899,196,True,False,18,64,True,True,True
67514,2023,MA2,3,621852,158497,158497,888,Round 3,2023-06-25,Ryan Richard,887,Smugglers Notch Disc Golf Center - Brewster Ridge,Brewster Ridge Blue Tees,61,18,4,10:00:00,65,4,890,196,True,False,18,65,True,True,True
67514,2023,MA2,3,621852,112678,112678,898,Round 3,2023-06-25,A.J. Krawczyk,928,Smugglers Notch Disc Golf Center - Brewster Ridge,Brewster Ridge Blue Tees,61,18,2,09:30:00,62,1,918,197,True,False,18,62,True,True,True
67514,2023,MA2,3,621852,127141,127141,924,Round 3,2023-06-25,Bradley Larson,928,Smugglers Notch Disc Golf Center - Brewster Ridge,Brewster Ridge Blue Tees,61,18,2,09:40:00,65,4,890,197,True,False,18,65,True,True,True
67514,2023,MA2,3,621852,163523,163523,850,Round 3,2023-06-25,Landon Desroches,866,Smugglers Notch Disc Golf Center - Brewster Ridge,Brewster Ridge Blue Tees,61,18,4,09:40:00,65,4,890,197,True,False,18,65,True,True,True
67514,2023,MA2,3,621852,150394,150394,864,Round 3,2023-06-25,Dylan Rodrigues,847,Smugglers Notch Disc Golf Center - Brewster Ridge,Brewster Ridge Blue Tees,61,18,1,10:00:00,68,7,862,197,True,False,18,68,True,True,True
67514,2023,MA2,3,621852,120679,120679,868,Round 3,2023-06-25,Arthur Suttles,890,Smugglers Notch Disc Golf Center - Brewster Ridge,Brewster Ridge Blue Tees,61,18,3,10:00:00,68,7,862,198,True,False,18,68,True,True,True
67514,2023,MA2,3,621852,173403,173403,870,Round 3,2023-06-25,Graeme Sutcliffe,,Smugglers Notch Disc Golf Center - Brewster Ridge,Brewster Ridge Blue Tees,61,18,2,10:10:00,70,9,843,198,True,False,18,70,True,True,True
67514,2023,MA2,3,621852,213224,213224,862,Round 3,2023-06-25,Justin Griswold,914,Smugglers Notch Disc Golf Center - Brewster Ridge,Brewster Ridge Blue Tees,61,18,1,09:40:00,67,6,871,199,True,False,18,67,True,True,True
67514,2023,MA2,3,621852,142609,142609,886,Round 3,2023-06-25,Shane Leadbetter,910,Smugglers Notch Disc Golf Center - Brewster Ridge,Brewster Ridge Blue Tees,61,18,1,10:10:00,71,10,834,199,True,False,18,71,True,True,True
67514,2023,MA2,3,621852,219307,219307,851,Round 3,2023-06-25,Everett Secor,935,Smugglers Notch Disc Golf Center - Brewster Ridge,Brewster Ridge Blue Tees,61,18,1,09:30:00,66,5,881,200,True,False,18,66,True,True,True
67514,2023,MA2,3,621852,144726,144726,884,Round 3,2023-06-25,Marc Davis,903,Smugglers Notch Disc Golf Center - Brewster Ridge,Brewster Ridge Blue Tees,61,18,1,09:50:00,70,9,843,201,True,False,18,70,True,True,True
67514,2023,MA2,3,621852,169600,169600,843,Round 3,2023-06-25,Trevor Bryce,901,Smugglers Notch Disc Golf Center - Brewster Ridge,Brewster Ridge Blue Tees,61,18,4,10:10:00,73,12,815,202,True,False,18,73,True,True,True
67514,2023,MA2,3,621852,227703,227703,814,Round 3,2023-06-25,Joshua Berry,872,Smugglers Notch Disc Golf Center - Brewster Ridge,Brewster Ridge Blue Tees,61,18,3,09:20:00,66,5,881,209,True,False,18,66,True,True,True
67514,2023,MA2,3,621852,245070,245070,788,Round 3,2023-06-25,William Lamont,,Smugglers Notch Disc Golf Center - Brewster Ridge,Brewster Ridge Blue Tees,61,18,4,09:30:00,73,12,815,212,True,False,18,73,True,True,True
67514,2023,MA2,3,621852,152398,152398,815,Round 3,2023-06-25,Richard Volk,,Smugglers Notch Disc Golf Center - Brewster Ridge,Brewster Ridge Blue Tees,61,18,3,09:30:00,74,13,806,213,True,False,18,74,True,True,True
67514,2023,MA2,3,621852,205402,205402,882,Round 3,2023-06-25,Zach Luken,844,Smugglers Notch Disc Golf Center - Brewster Ridge,Brewster Ridge Blue Tees,61,18,2,09:20:00,71,10,834,214,True,False,18,71,True,True,True
67514,2023,MA2,3,621852,197481,197481,780,Round 3,2023-06-25,Jordan Townsend,,Smugglers Notch Disc Golf Center - Brewster Ridge,Brewster Ridge Blue Tees,61,18,3,09:10:00,72,11,825,216,True,False,18,72,True,True,True
67514,2023,MA2,3,621852,214352,214352,755,Round 3,2023-06-25,Evan Zach,,Smugglers Notch Disc Golf Center - Brewster Ridge,Brewster Ridge Blue Tees,61,18,1,09:20:00,73,12,815,216,True,False,18,73,True,True,True
67514,2023,MA2,3,621852,153584,153584,811,Round 3,2023-06-25,Jose Colon,,Smugglers Notch Disc Golf Center - Brewster Ridge,Brewster Ridge Blue Tees,61,18,1,09:10:00,70,9,843,217,True,False,18,70,True,True,True
67514,2023,MA2,3,621852,177424,177424,833,Round 3,2023-06-25,Kevin Delony,817,Smugglers Notch Disc Golf Center - Brewster Ridge,Brewster Ridge Blue Tees,61,18,4,09:20:00,74,13,806,218,True,False,18,74,True,True,True
67514,2023,MA2,3,621852,148187,148187,862,Round 3,2023-06-25,Evan Miller,874,Smugglers Notch Disc Golf Center - Brewster Ridge,Brewster Ridge Blue Tees,61,18,2,09:10:00,80,19,750,239,True,False,18,80,True,True,True
67514,2023,MA2,3,621852,121582,121582,791,Round 3,2023-06-25,Nick Brozek,780,Smugglers Notch Disc Golf Center - Brewster Ridge,Brewster Ridge Blue Tees,61,18,3,09:10:00,,,,,True,True,0,,False,False,False
67514,2023,MA2,3,621852,168663,168663,929,Round 3,2023-06-25,Austin Neddo,,Smugglers Notch Disc Golf Center - Brewster Ridge,Brewster Ridge Blue Tees,61,18,,,0,0,,,True,False,0,,False,False,False
67514,2023,MA2,3,621852,116696,116696,850,Round 3,2023-06-25,Terry Murphy,,Smugglers Notch Disc Golf Center - Brewster Ridge,Brewster Ridge Blue Tees,61,18,,,0,0,,,True,False,0,,False,False,False
67514,2023,MA2,3,621852,92689,92689,918,Round 3,2023-06-25,Ryan Reed,919,Smugglers Notch Disc Golf Center - Brewster Ridge,Brewster Ridge Blue Tees,61,18,,,0,0,,,True,False,0,,False,False,False
67514,2023,MA3,1,621853,205834,205834,850,Round 1,2023-06-25,Rahil Dedhia,,Smugglers Notch Disc Golf Center - Brewster Ridge,Brewster Ridge White Tees,61,18,4,08:30:00,55,-6,910,171,True,False,18,55,True,True,True
67514,2023,MA3,1,621853,194411,194411,862,Round 1,2023-06-25,Adam Coppola,,Smugglers Notch Disc Golf Center - Brewster Ridge,Brewster Ridge White Tees,61,18,3,08:10:00,57,-4,887,184,True,False,18,57,True,True,True
67514,2023,MA3,1,621853,198859,198859,844,Round 1,2023-06-25,Adam Ruggiero,,Smugglers Notch Disc Golf Center - Brewster Ridge,Brewster Ridge White Tees,61,18,3,08:30:00,57,-4,887,182,True,False,18,57,True,True,True
67514,2023,MA3,1,621853,205407,205407,879,Round 1,2023-06-25,Miles Dennis,888,Smugglers Notch Disc Golf Center - Brewster Ridge,Brewster Ridge White Tees,61,18,2,08:20:00,57,-4,887,188,True,False,18,57,True,True,True
67514,2023,MA3,1,621853,226654,226654,832,Round 1,2023-06-25,Keith Gilbert,894,Smugglers Notch Disc Golf Center - Brewster Ridge,Brewster Ridge White Tees,61,18,4,08:10:00,57,-4,887,183,True,False,18,57,True,True,True
67514,2023,MA3,1,621853,92210,92210,852,Round 1,2023-06-25,Paul Scarpato,876,Smugglers Notch Disc Golf Center - Brewster Ridge,Brewster Ridge White Tees,61,18,1,08:30:00,58,-3,876,184,True,False,18,58,True,True,True
67514,2023,MA3,1,621853,244420,244420,823,Round 1,2023-06-25,Denver Leadbetter,943,Smugglers Notch Disc Golf Center - Brewster Ridge,Brewster Ridge White Tees,61,18,4,08:20:00,58,-3,876,186,True,False,18,58,True,True,True
67514,2023,MA3,1,621853,139388,139388,852,Round 1,2023-06-25,Seth Emery,,Smugglers Notch Disc Golf Center - Brewster Ridge,Brewster Ridge White Tees,61,18,2,08:30:00,60,-1,853,192,True,False,18,60,True,True,True
67514,2023,MA3,1,621853,121111,121111,854,Round 1,2023-06-25,Derek Chambers,868,Smugglers Notch Disc Golf Center - Brewster Ridge,Brewster Ridge White Tees,61,18,1,08:10:00,61,0,841,187,True,False,18,61,True,True,True
67514,2023,MA3,1,621853,156256,156256,793,Round 1,2023-06-25,Colby Garrand,836,Smugglers Notch Disc Golf Center - Brewster Ridge,Brewster Ridge White Tees,61,18,2,08:10:00,61,0,841,212,True,False,18,61,True,True,True
67514,2023,MA3,1,621853,155933,155933,778,Round 1,2023-06-25,Mourning Fox,,Smugglers Notch Disc Golf Center - Brewster Ridge,Brewster Ridge White Tees,61,18,1,08:20:00,66,5,783,205,True,False,18,66,True,True,True
67514,2023,MA3,1,621853,211434,211434,768,Round 1,2023-06-25,Thomas Bousquet,798,Smugglers Notch Disc Golf Center - Brewster Ridge,Brewster Ridge White Tees,61,18,3,08:20:00,67,6,772,203,True,False,18,67,True,True,True
67514,2023,MA3,2,621856,205834,205834,850,Round 2,2023-06-25,Rahil Dedhia,,Smugglers Notch Disc Golf Center - Fox Run,Fox Run Meadows White Tees,63,18,1,09:00:00,61,-2,912,171,True,False,18,61,True,True,True
67514,2023,MA3,2,621856,198859,198859,844,Round 2,2023-06-25,Adam Ruggiero,,Smugglers Notch Disc Golf Center - Fox Run,Fox Run Meadows White Tees,63,18,3,09:00:00,68,5,844,182,True,False,18,68,True,True,True
67514,2023,MA3,2,621856,205407,205407,879,Round 2,2023-06-25,Miles Dennis,888,Smugglers Notch Disc Golf Center - Fox Run,Fox Run Meadows White Tees,63,18,4,09:00:00,68,5,844,188,True,False,18,68,True,True,True
67514,2023,MA3,2,621856,194411,194411,862,Round 2,2023-06-25,Adam Coppola,,Smugglers Notch Disc Golf Center - Fox Run,Fox Run Meadows White Tees,63,18,2,09:00:00,69,6,835,184,True,False,18,69,True,True,True
67514,2023,MA3,2,621856,121111,121111,854,Round 2,2023-06-25,Derek Chambers,868,Smugglers Notch Disc Golf Center - Fox Run,Fox Run Meadows White Tees,63,18,1,08:40:00,66,3,864,187,True,False,18,66,True,True,True
67514,2023,MA3,2,621856,244420,244420,823,Round 2,2023-06-25,Denver Leadbetter,943,Smugglers Notch Disc Golf Center - Fox Run,Fox Run Meadows White Tees,63,18,3,08:50:00,69,6,835,186,True,False,18,69,True,True,True
67514,2023,MA3,2,621856,226654,226654,832,Round 2,2023-06-25,Keith Gilbert,894,Smugglers Notch Disc Golf Center - Fox Run,Fox Run Meadows White Tees,63,18,1,08:50:00,70,7,825,183,True,False,18,70,True,True,True
67514,2023,MA3,2,621856,139388,139388,852,Round 2,2023-06-25,Seth Emery,,Smugglers Notch Disc Golf Center - Fox Run,Fox Run Meadows White Tees,63,18,4,08:50:00,69,6,835,192,True,False,18,69,True,True,True
67514,2023,MA3,2,621856,92210,92210,852,Round 2,2023-06-25,Paul Scarpato,876,Smugglers Notch Disc Golf Center - Fox Run,Fox Run Meadows White Tees,63,18,2,08:50:00,71,8,815,184,True,False,18,71,True,True,True
67514,2023,MA3,2,621856,155933,155933,778,Round 2,2023-06-25,Mourning Fox,,Smugglers Notch Disc Golf Center - Fox Run,Fox Run Meadows White Tees,63,18,3,08:40:00,73,10,796,205,True,False,18,73,True,True,True
67514,2023,MA3,2,621856,156256,156256,793,Round 2,2023-06-25,Colby Garrand,836,Smugglers Notch Disc Golf Center - Fox Run,Fox Run Meadows White Tees,63,18,2,08:40:00,79,16,738,212,True,False,18,79,True,True,True
67514,2023,MA3,2,621856,211434,211434,768,Round 2,2023-06-25,Thomas Bousquet,798,Smugglers Notch Disc Golf Center - Fox Run,Fox Run Meadows White Tees,63,18,4,08:40:00,75,12,777,203,True,False,18,75,True,True,True
67514,2023,MA3,3,621853,205834,205834,850,Round 3,2023-06-25,Rahil Dedhia,,Smugglers Notch Disc Golf Center - Brewster Ridge,Brewster Ridge White Tees,61,18,1,08:20:00,55,-6,910,171,True,False,18,55,True,True,True
67514,2023,MA3,3,621853,198859,198859,844,Round 3,2023-06-25,Adam Ruggiero,,Smugglers Notch Disc Golf Center - Brewster Ridge,Brewster Ridge White Tees,61,18,2,08:20:00,57,-4,887,182,True,False,18,57,True,True,True
67514,2023,MA3,3,621853,226654,226654,832,Round 3,2023-06-25,Keith Gilbert,894,Smugglers Notch Disc Golf Center - Brewster Ridge,Brewster Ridge White Tees,61,18,3,08:10:00,56,-5,899,183,True,False,18,56,True,True,True
67514,2023,MA3,3,621853,92210,92210,852,Round 3,2023-06-25,Paul Scarpato,876,Smugglers Notch Disc Golf Center - Brewster Ridge,Brewster Ridge White Tees,61,18,1,08:00:00,55,-6,910,184,True,False,18,55,True,True,True
67514,2023,MA3,3,621853,194411,194411,862,Round 3,2023-06-25,Adam Coppola,,Smugglers Notch Disc Golf Center - Brewster Ridge,Brewster Ridge White Tees,61,18,4,08:20:00,58,-3,876,184,True,False,18,58,True,True,True
67514,2023,MA3,3,621853,244420,244420,823,Round 3,2023-06-25,Denver Leadbetter,943,Smugglers Notch Disc Golf Center - Brewster Ridge,Brewster Ridge White Tees,61,18,2,08:10:00,59,-2,864,186,True,False,18,59,True,True,True
67514,2023,MA3,3,621853,121111,121111,854,Round 3,2023-06-25,Derek Chambers,868,Smugglers Notch Disc Golf Center - Brewster Ridge,Brewster Ridge White Tees,61,18,1,08:10:00,60,-1,853,187,True,False,18,60,True,True,True
67514,2023,MA3,3,621853,205407,205407,879,Round 3,2023-06-25,Miles Dennis,888,Smugglers Notch Disc Golf Center - Brewster Ridge,Brewster Ridge White Tees,61,18,3,08:20:00,63,2,818,188,True,False,18,63,True,True,True
67514,2023,MA3,3,621853,139388,139388,852,Round 3,2023-06-25,Seth Emery,,Smugglers Notch Disc Golf Center - Brewster Ridge,Brewster Ridge White Tees,61,18,4,08:10:00,63,2,818,192,True,False,18,63,True,True,True
67514,2023,MA3,3,621853,211434,211434,768,Round 3,2023-06-25,Thomas Bousquet,798,Smugglers Notch Disc Golf Center - Brewster Ridge,Brewster Ridge White Tees,61,18,4,08:00:00,61,0,841,203,True,False,18,61,True,True,True
67514,2023,MA3,3,621853,155933,155933,778,Round 3,2023-06-25,Mourning Fox,,Smugglers Notch Disc Golf Center - Brewster Ridge,Brewster Ridge White Tees,61,18,2,08:00:00,66,5,783,205,True,False,18,66,True,True,True
67514,2023,MA3,3,621853,156256,156256,793,Round 3,2023-06-25,Colby Garrand,836,Smugglers Notch Disc Golf Center - Brewster Ridge,Brewster Ridge White Tees,61,18,3,08:00:00,72,11,714,212,True,False,18,72,True,True,True
67514,2023,MA40,1,621852,170433,170433,925,Round 1,2023-06-25,Matthew Albee,924,Smugglers Notch Disc Golf Center - Brewster Ridge,Brewster Ridge Blue Tees,61,18,4,12:10:00,56,-5,974,191,True,False,18,56,True,True,True
67514,2023,MA40,1,621852,109527,109527,907,Round 1,2023-06-25,Mike Wenzel,901,Smugglers Notch Disc Golf Center - Brewster Ridge,Brewster Ridge Blue Tees,61,18,2,12:10:00,59,-2,946,202,True,False,18,59,True,True,True
67514,2023,MA40,1,621852,97356,97356,905,Round 1,2023-06-25,Jason Guild,934,Smugglers Notch Disc Golf Center - Brewster Ridge,Brewster Ridge Blue Tees,61,18,3,12:20:00,62,1,918,200,True,False,18,62,True,True,True
67514,2023,MA40,1,621852,153421,153421,893,Round 1,2023-06-25,Bill Sailer,929,Smugglers Notch Disc Golf Center - Brewster Ridge,Brewster Ridge Blue Tees,61,18,3,12:10:00,63,2,909,199,True,False,18,63,True,True,True
67514,2023,MA40,1,621852,59318,59318,891,Round 1,2023-06-25,Seth Hermanson,900,Smugglers Notch Disc Golf Center - Brewster Ridge,Brewster Ridge Blue Tees,61,18,1,12:20:00,64,3,899,209,True,False,18,64,True,True,True
67514,2023,MA40,1,621852,59549,59549,879,Round 1,2023-06-25,Joe DeCarolis,908,Smugglers Notch Disc Golf Center - Brewster Ridge,Brewster Ridge Blue Tees,61,18,1,12:10:00,68,7,862,206,True,False,18,68,True,True,True
67514,2023,MA40,1,621852,146414,146414,901,Round 1,2023-06-25,Mathieu Leduc Gosselin,916,Smugglers Notch Disc Golf Center - Brewster Ridge,Brewster Ridge Blue Tees,61,18,4,12:20:00,68,7,862,215,True,False,18,68,True,True,True
67514,2023,MA40,1,621852,84935,84935,887,Round 1,2023-06-25,Droo Fisher,866,Smugglers Notch Disc Golf Center - Brewster Ridge,Brewster Ridge Blue Tees,61,18,2,12:20:00,69,8,853,213,True,False,18,69,True,True,True
67514,2023,MA40,2,621855,170433,170433,925,Round 2,2023-06-25,Matthew Albee,924,Smugglers Notch Disc Golf Center - Fox Run,Fox Run Meadows Blue Tees,63,18,1,12:30:00,76,13,889,191,True,False,18,76,True,True,True
67514,2023,MA40,2,621855,153421,153421,893,Round 2,2023-06-25,Bill Sailer,929,Smugglers Notch Disc Golf Center - Fox Run,Fox Run Meadows Blue Tees,63,18,4,12:30:00,72,9,919,199,True,False,18,72,True,True,True
67514,2023,MA40,2,621855,97356,97356,905,Round 2,2023-06-25,Jason Guild,934,Smugglers Notch Disc Golf Center - Fox Run,Fox Run Meadows Blue Tees,63,18,3,12:30:00,79,16,867,200,True,False,18,79,True,True,True
67514,2023,MA40,2,621855,109527,109527,907,Round 2,2023-06-25,Mike Wenzel,901,Smugglers Notch Disc Golf Center - Fox Run,Fox Run Meadows Blue Tees,63,18,2,12:30:00,82,19,844,202,True,False,18,82,True,True,True
67514,2023,MA40,2,621855,59549,59549,879,Round 2,2023-06-25,Joe DeCarolis,908,Smugglers Notch Disc Golf Center - Fox Run,Fox Run Meadows Blue Tees,63,18,2,12:20:00,76,13,889,206,True,False,18,76,True,True,True
67514,2023,MA40,2,621855,84935,84935,887,Round 2,2023-06-25,Droo Fisher,866,Smugglers Notch Disc Golf Center - Fox Run,Fox Run Meadows Blue Tees,63,18,4,12:20:00,76,13,889,213,True,False,18,76,True,True,True
67514,2023,MA40,2,621855,59318,59318,891,Round 2,2023-06-25,Seth Hermanson,900,Smugglers Notch Disc Golf Center - Fox Run,Fox Run Meadows Blue Tees,63,18,1,12:20:00,82,19,844,209,True,False,18,82,True,True,True
67514,2023,MA40,2,621855,146414,146414,901,Round 2,2023-06-25,Mathieu Leduc Gosselin,916,Smugglers Notch Disc Golf Center - Fox Run,Fox Run Meadows Blue Tees,63,18,3,12:20:00,80,17,859,215,True,False,18,80,True,True,True
67514,2023,MA40,3,621852,170433,170433,925,Round 3,2023-06-25,Matthew Albee,924,Smugglers Notch Disc Golf Center - Brewster Ridge,Brewster Ridge Blue Tees,61,18,1,12:00:00,59,-2,946,191,True,False,18,59,True,True,True
67514,2023,MA40,3,621852,153421,153421,893,Round 3,2023-06-25,Bill Sailer,929,Smugglers Notch Disc Golf Center - Brewster Ridge,Brewster Ridge Blue Tees,61,18,2,12:00:00,64,3,899,199,True,False,18,64,True,True,True
67514,2023,MA40,3,621852,97356,97356,905,Round 3,2023-06-25,Jason Guild,934,Smugglers Notch Disc Golf Center - Brewster Ridge,Brewster Ridge Blue Tees,61,18,3,12:00:00,59,-2,946,200,True,False,18,59,True,True,True
67514,2023,MA40,3,621852,109527,109527,907,Round 3,2023-06-25,Mike Wenzel,901,Smugglers Notch Disc Golf Center - Brewster Ridge,Brewster Ridge Blue Tees,61,18,4,12:00:00,61,0,927,202,True,False,18,61,True,True,True
67514,2023,MA40,3,621852,59549,59549,879,Round 3,2023-06-25,Joe DeCarolis,908,Smugglers Notch Disc Golf Center - Brewster Ridge,Brewster Ridge Blue Tees,61,18,1,11:50:00,62,1,918,206,True,False,18,62,True,True,True
67514,2023,MA40,3,621852,59318,59318,891,Round 3,2023-06-25,Seth Hermanson,900,Smugglers Notch Disc Golf Center - Brewster Ridge,Brewster Ridge Blue Tees,61,18,3,11:50:00,63,2,909,209,True,False,18,63,True,True,True
67514,2023,MA40,3,621852,84935,84935,887,Round 3,2023-06-25,Droo Fisher,866,Smugglers Notch Disc Golf Center - Brewster Ridge,Brewster Ridge Blue Tees,61,18,2,11:50:00,68,7,862,213,True,False,18,68,True,True,True
67514,2023,MA40,3,621852,146414,146414,901,Round 3,2023-06-25,Mathieu Leduc Gosselin,916,Smugglers Notch Disc Golf Center - Brewster Ridge,Brewster Ridge Blue Tees,61,18,4,11:50:00,67,6,871,215,True,False,18,67,True,True,True
67514,2023,MA50,1,621852,67580,67580,894,Round 1,2023-06-25,David Normand,894,Smugglers Notch Disc Golf Center - Brewster Ridge,Brewster Ridge Blue Tees,61,18,1,11:50:00,59,-2,946,184,True,False,18,59,True,True,True
67514,2023,MA50,1,621852,154887,154887,900,Round 1,2023-06-25,Brian Hunter,941,Smugglers Notch Disc Golf Center - Brewster Ridge,Brewster Ridge Blue Tees,61,18,4,11:50:00,60,-1,937,179,True,False,18,60,True,True,True
67514,2023,MA50,1,621852,157577,157577,895,Round 1,2023-06-25,Ian Butman,901,Smugglers Notch Disc Golf Center - Brewster Ridge,Brewster Ridge Blue Tees,61,18,3,12:00:00,64,3,899,193,True,False,18,64,True,True,True
67514,2023,MA50,1,621852,91301,91301,887,Round 1,2023-06-25,Michael A. Stridsberg,898,Smugglers Notch Disc Golf Center - Brewster Ridge,Brewster Ridge Blue Tees,61,18,2,12:00:00,65,4,890,201,True,False,18,65,True,True,True
67514,2023,MA50,1,621852,74288,74288,879,Round 1,2023-06-25,Gregg Guillily,889,Smugglers Notch Disc Golf Center - Brewster Ridge,Brewster Ridge Blue Tees,61,18,2,11:50:00,66,5,881,196,True,False,18,66,True,True,True
67514,2023,MA50,1,621852,88247,88247,882,Round 1,2023-06-25,Tyler Bowden,884,Smugglers Notch Disc Golf Center - Brewster Ridge,Brewster Ridge Blue Tees,61,18,1,12:00:00,67,6,871,193,True,False,18,67,True,True,True
67514,2023,MA50,1,621852,130713,130713,875,Round 1,2023-06-25,Ian Martin,902,Smugglers Notch Disc Golf Center - Brewster Ridge,Brewster Ridge Blue Tees,61,18,3,11:50:00,69,8,853,205,True,False,18,69,True,True,True
67514,2023,MA50,1,621852,259624,259624,,Round 1,2023-06-25,James Sullivan,865,Smugglers Notch Disc Golf Center - Brewster Ridge,Brewster Ridge Blue Tees,61,18,4,12:00:00,71,10,834,215,True,False,18,71,True,True,True
67514,2023,MA50,2,621856,154887,154887,900,Round 2,2023-06-25,Brian Hunter,941,Smugglers Notch Disc Golf Center - Fox Run,Fox Run Meadows White Tees,63,18,2,11:50:00,58,-5,941,179,True,False,18,58,True,True,True
67514,2023,MA50,2,621856,67580,67580,894,Round 2,2023-06-25,David Normand,894,Smugglers Notch Disc Golf Center - Fox Run,Fox Run Meadows White Tees,63,18,1,11:50:00,62,-1,902,184,True,False,18,62,True,True,True
67514,2023,MA50,2,621856,157577,157577,895,Round 2,2023-06-25,Ian Butman,901,Smugglers Notch Disc Golf Center - Fox Run,Fox Run Meadows White Tees,63,18,3,11:50:00,62,-1,902,193,True,False,18,62,True,True,True
67514,2023,MA50,2,621856,88247,88247,882,Round 2,2023-06-25,Tyler Bowden,884,Smugglers Notch Disc Golf Center - Fox Run,Fox Run Meadows White Tees,63,18,2,11:40:00,61,-2,912,193,True,False,18,61,True,True,True
67514,2023,MA50,2,621856,74288,74288,879,Round 2,2023-06-25,Gregg Guillily,889,Smugglers Notch Disc Golf Center - Fox Run,Fox Run Meadows White Tees,63,18,1,11:40:00,67,4,854,196,True,False,18,67,True,True,True
67514,2023,MA50,2,621856,91301,91301,887,Round 2,2023-06-25,Michael A. Stridsberg,898,Smugglers Notch Disc Golf Center - Fox Run,Fox Run Meadows White Tees,63,18,4,11:50:00,69,6,835,201,True,False,18,69,True,True,True
67514,2023,MA50,2,621856,130713,130713,875,Round 2,2023-06-25,Ian Martin,902,Smugglers Notch Disc Golf Center - Fox Run,Fox Run Meadows White Tees,63,18,3,11:40:00,69,6,835,205,True,False,18,69,True,True,True
67514,2023,MA50,2,621856,259624,259624,,Round 2,2023-06-25,James Sullivan,865,Smugglers Notch Disc Golf Center - Fox Run,Fox Run Meadows White Tees,63,18,4,11:40:00,70,7,825,215,True,False,18,70,True,True,True
67514,2023,MA50,3,621852,154887,154887,900,Round 3,2023-06-25,Brian Hunter,941,Smugglers Notch Disc Golf Center - Brewster Ridge,Brewster Ridge Blue Tees,61,18,1,11:40:00,61,0,927,179,True,False,18,61,True,True,True
67514,2023,MA50,3,621852,67580,67580,894,Round 3,2023-06-25,David Normand,894,Smugglers Notch Disc Golf Center - Brewster Ridge,Brewster Ridge Blue Tees,61,18,2,11:40:00,63,2,909,184,True,False,18,63,True,True,True
67514,2023,MA50,3,621852,88247,88247,882,Round 3,2023-06-25,Tyler Bowden,884,Smugglers Notch Disc Golf Center - Brewster Ridge,Brewster Ridge Blue Tees,61,18,4,11:40:00,65,4,890,193,True,False,18,65,True,True,True
67514,2023,MA50,3,621852,157577,157577,895,Round 3,2023-06-25,Ian Butman,901,Smugglers Notch Disc Golf Center - Brewster Ridge,Brewster Ridge Blue Tees,61,18,3,11:40:00,67,6,871,193,True,False,18,67,True,True,True
67514,2023,MA50,3,621852,74288,74288,879,Round 3,2023-06-25,Gregg Guillily,889,Smugglers Notch Disc Golf Center - Brewster Ridge,Brewster Ridge Blue Tees,61,18,1,11:30:00,63,2,909,196,True,False,18,63,True,True,True
67514,2023,MA50,3,621852,91301,91301,887,Round 3,2023-06-25,Michael A. Stridsberg,898,Smugglers Notch Disc Golf Center - Brewster Ridge,Brewster Ridge Blue Tees,61,18,2,11:30:00,67,6,871,201,True,False,18,67,True,True,True
67514,2023,MA50,3,621852,130713,130713,875,Round 3,2023-06-25,Ian Martin,902,Smugglers Notch Disc Golf Center - Brewster Ridge,Brewster Ridge Blue Tees,61,18,3,11:30:00,67,6,871,205,True,False,18,67,True,True,True
67514,2023,MA50,3,621852,259624,259624,,Round 3,2023-06-25,James Sullivan,865,Smugglers Notch Disc Golf Center - Brewster Ridge,Brewster Ridge Blue Tees,61,18,4,11:30:00,74,13,806,215,True,False,18,74,True,True,True
67514,2023,MA60,1,621852,154603,154603,878,Round 1,2023-06-25,Scott “Scooter” Fort,903,Smugglers Notch Disc Golf Center - Brewster Ridge,Brewster Ridge Blue Tees,61,18,2,11:30:00,63,2,909,191,True,False,18,63,True,True,True
67514,2023,MA60,1,621852,5480,5480,864,Round 1,2023-06-25,Mike Saimond,864,Smugglers Notch Disc Golf Center - Brewster Ridge,Brewster Ridge Blue Tees,61,18,1,11:30:00,67,6,871,196,True,False,18,67,True,True,True
67514,2023,MA60,1,621852,131352,131352,784,Round 1,2023-06-25,David Havens,816,Smugglers Notch Disc Golf Center - Brewster Ridge,Brewster Ridge Blue Tees,61,18,3,11:40:00,69,8,853,218,True,False,18,69,True,True,True
67514,2023,MA60,1,621852,91790,91790,903,Round 1,2023-06-25,Bill Andrews,927,Smugglers Notch Disc Golf Center - Brewster Ridge,Brewster Ridge Blue Tees,61,18,2,11:40:00,70,9,843,201,True,False,18,70,True,True,True
67514,2023,MA60,1,621852,202875,202875,876,Round 1,2023-06-25,Thomas Limanek,911,Smugglers Notch Disc Golf Center - Brewster Ridge,Brewster Ridge Blue Tees,61,18,3,11:30:00,70,9,843,198,True,False,18,70,True,True,True
67514,2023,MA60,1,621852,74478,74478,871,Round 1,2023-06-25,John Sudarsky,845,Smugglers Notch Disc Golf Center - Brewster Ridge,Brewster Ridge Blue Tees,61,18,1,11:40:00,75,14,796,211,True,False,18,75,True,True,True
67514,2023,MA60,1,621852,195353,195353,746,Round 1,2023-06-25,Jerome Mendicino,730,Smugglers Notch Disc Golf Center - Brewster Ridge,Brewster Ridge Blue Tees,61,18,4,11:40:00,77,16,778,242,True,False,18,77,True,True,True
67514,2023,MA60,1,621852,214013,214013,805,Round 1,2023-06-25,James Jacobus,813,Smugglers Notch Disc Golf Center - Brewster Ridge,Brewster Ridge Blue Tees,61,18,4,11:30:00,77,16,778,225,True,False,18,77,True,True,True
67514,2023,MA60,2,621856,154603,154603,878,Round 2,2023-06-25,Scott “Scooter” Fort,903,Smugglers Notch Disc Golf Center - Fox Run,Fox Run Meadows White Tees,63,18,1,11:30:00,61,-2,912,191,True,False,18,61,True,True,True
67514,2023,MA60,2,621856,5480,5480,864,Round 2,2023-06-25,Mike Saimond,864,Smugglers Notch Disc Golf Center - Fox Run,Fox Run Meadows White Tees,63,18,2,11:30:00,60,-3,922,196,True,False,18,60,True,True,True
67514,2023,MA60,2,621856,91790,91790,903,Round 2,2023-06-25,Bill Andrews,927,Smugglers Notch Disc Golf Center - Fox Run,Fox Run Meadows White Tees,63,18,4,11:30:00,62,-1,902,201,True,False,18,62,True,True,True
67514,2023,MA60,2,621856,202875,202875,876,Round 2,2023-06-25,Thomas Limanek,911,Smugglers Notch Disc Golf Center - Fox Run,Fox Run Meadows White Tees,63,18,1,11:20:00,64,1,883,198,True,False,18,64,True,True,True
67514,2023,MA60,2,621856,74478,74478,871,Round 2,2023-06-25,John Sudarsky,845,Smugglers Notch Disc Golf Center - Fox Run,Fox Run Meadows White Tees,63,18,2,11:20:00,67,4,854,211,True,False,18,67,True,True,True
67514,2023,MA60,2,621856,131352,131352,784,Round 2,2023-06-25,David Havens,816,Smugglers Notch Disc Golf Center - Fox Run,Fox Run Meadows White Tees,63,18,3,11:30:00,76,13,767,218,True,False,18,76,True,True,True
67514,2023,MA60,2,621856,214013,214013,805,Round 2,2023-06-25,James Jacobus,813,Smugglers Notch Disc Golf Center - Fox Run,Fox Run Meadows White Tees,63,18,4,11:20:00,72,9,806,225,True,False,18,72,True,True,True
67514,2023,MA60,2,621856,195353,195353,746,Round 2,2023-06-25,Jerome Mendicino,730,Smugglers Notch Disc Golf Center - Fox Run,Fox Run Meadows White Tees,63,18,3,11:20:00,86,23,670,242,True,False,18,86,True,True,True
67514,2023,MA60,3,621852,154603,154603,878,Round 3,2023-06-25,Scott “Scooter” Fort,903,Smugglers Notch Disc Golf Center - Brewster Ridge,Brewster Ridge Blue Tees,61,18,1,11:20:00,67,6,871,191,True,False,18,67,True,True,True
67514,2023,MA60,3,621852,5480,5480,864,Round 3,2023-06-25,Mike Saimond,864,Smugglers Notch Disc Golf Center - Brewster Ridge,Brewster Ridge Blue Tees,61,18,2,11:20:00,69,8,853,196,True,False,18,69,True,True,True
67514,2023,MA60,3,621852,202875,202875,876,Round 3,2023-06-25,Thomas Limanek,911,Smugglers Notch Disc Golf Center - Brewster Ridge,Brewster Ridge Blue Tees,61,18,4,11:20:00,64,3,899,198,True,False,18,64,True,True,True
67514,2023,MA60,3,621852,91790,91790,903,Round 3,2023-06-25,Bill Andrews,927,Smugglers Notch Disc Golf Center - Brewster Ridge,Brewster Ridge Blue Tees,61,18,3,11:20:00,69,8,853,201,True,False,18,69,True,True,True
67514,2023,MA60,3,621852,74478,74478,871,Round 3,2023-06-25,John Sudarsky,845,Smugglers Notch Disc Golf Center - Brewster Ridge,Brewster Ridge Blue Tees,61,18,1,11:10:00,69,8,853,211,True,False,18,69,True,True,True
67514,2023,MA60,3,621852,131352,131352,784,Round 3,2023-06-25,David Havens,816,Smugglers Notch Disc Golf Center - Brewster Ridge,Brewster Ridge Blue Tees,61,18,2,11:10:00,73,12,815,218,True,False,18,73,True,True,True
67514,2023,MA60,3,621852,214013,214013,805,Round 3,2023-06-25,James Jacobus,813,Smugglers Notch Disc Golf Center - Brewster Ridge,Brewster Ridge Blue Tees,61,18,3,11:10:00,76,15,787,225,True,False,18,76,True,True,True
67514,2023,MA60,3,621852,195353,195353,746,Round 3,2023-06-25,Jerome Mendicino,730,Smugglers Notch Disc Golf Center - Brewster Ridge,Brewster Ridge Blue Tees,61,18,4,11:10:00,79,18,759,242,True,False,18,79,True,True,True
67514,2023,MJ12,1,621853,221831,221831,759,Round 1,2023-06-25,Ruben Furs,,Smugglers Notch Disc Golf Center - Brewster Ridge,Brewster Ridge White Tees,61,18,1,07:50:00,61,0,841,180,True,False,18,61,True,True,True
67514,2023,MJ12,1,621853,228201,228201,783,Round 1,2023-06-25,Waylon Spring,883,Smugglers Notch Disc Golf Center - Brewster Ridge,Brewster Ridge White Tees,61,18,2,07:50:00,63,2,818,205,True,False,18,63,True,True,True
67514,2023,MJ12,1,621853,261284,261284,,Round 1,2023-06-25,Blake Martino,916,Smugglers Notch Disc Golf Center - Brewster Ridge,Brewster Ridge White Tees,61,18,3,07:50:00,72,11,714,209,True,False,18,72,True,True,True
67514,2023,MJ12,2,621857,221831,221831,759,Round 2,2023-06-25,Ruben Furs,,Smugglers Notch Disc Golf Center - Fox Run,Fox Run Meadows Red Tees,63,18,1,07:40:00,63,0,820,180,True,False,18,63,True,True,True
67514,2023,MJ12,2,621857,228201,228201,783,Round 2,2023-06-25,Waylon Spring,883,Smugglers Notch Disc Golf Center - Fox Run,Fox Run Meadows Red Tees,63,18,2,07:40:00,69,6,751,205,True,False,18,69,True,True,True
67514,2023,MJ12,2,621857,261284,261284,,Round 2,2023-06-25,Blake Martino,916,Smugglers Notch Disc Golf Center - Fox Run,Fox Run Meadows Red Tees,63,18,3,07:40:00,73,10,705,209,True,False,18,73,True,True,True
67514,2023,MJ12,3,621853,221831,221831,759,Round 3,2023-06-25,Ruben Furs,,Smugglers Notch Disc Golf Center - Brewster Ridge,Brewster Ridge White Tees,61,18,1,07:40:00,56,-5,899,180,True,False,18,56,True,True,True
67514,2023,MJ12,3,621853,228201,228201,783,Round 3,2023-06-25,Waylon Spring,883,Smugglers Notch Disc Golf Center - Brewster Ridge,Brewster Ridge White Tees,61,18,2,07:40:00,73,12,702,205,True,False,18,73,True,True,True
67514,2023,MJ12,3,621853,261284,261284,,Round 3,2023-06-25,Blake Martino,916,Smugglers Notch Disc Golf Center - Brewster Ridge,Brewster Ridge White Tees,61,18,3,07:40:00,64,3,806,209,True,False,18,64,True,True,True
67514,2023,MJ18,1,621852,224931,224931,854,Round 1,2023-06-25,Mark Thompson,,Smugglers Notch Disc Golf Center - Brewster Ridge,Brewster Ridge Blue Tees,61,18,3,09:10:00,64,3,899,197,True,False,18,64,True,True,True
67514,2023,MJ18,1,621852,180438,180438,882,Round 1,2023-06-25,Elian Furs,,Smugglers Notch Disc Golf Center - Brewster Ridge,Brewster Ridge Blue Tees,61,18,1,09:10:00,66,5,881,200,True,False,18,66,True,True,True
67514,2023,MJ18,1,621852,194929,194929,885,Round 1,2023-06-25,Bradley Woodard,,Smugglers Notch Disc Golf Center - Brewster Ridge,Brewster Ridge Blue Tees,61,18,2,09:10:00,68,7,862,195,True,False,18,68,True,True,True
67514,2023,MJ18,2,621856,224931,224931,854,Round 2,2023-06-25,Mark Thompson,,Smugglers Notch Disc Golf Center - Fox Run,Fox Run Meadows White Tees,63,18,1,08:30:00,59,-4,931,197,True,False,18,59,True,True,True
67514,2023,MJ18,2,621856,194929,194929,885,Round 2,2023-06-25,Bradley Woodard,,Smugglers Notch Disc Golf Center - Fox Run,Fox Run Meadows White Tees,63,18,3,08:30:00,66,3,864,195,True,False,18,66,True,True,True
67514,2023,MJ18,2,621856,180438,180438,882,Round 2,2023-06-25,Elian Furs,,Smugglers Notch Disc Golf Center - Fox Run,Fox Run Meadows White Tees,63,18,2,08:30:00,68,5,844,200,True,False,18,68,True,True,True
67514,2023,MJ18,3,621852,194929,194929,885,Round 3,2023-06-25,Bradley Woodard,,Smugglers Notch Disc Golf Center - Brewster Ridge,Brewster Ridge Blue Tees,61,18,2,09:00:00,61,0,927,195,True,False,18,61,True,True,True
67514,2023,MJ18,3,621852,224931,224931,854,Round 3,2023-06-25,Mark Thompson,,Smugglers Notch Disc Golf Center - Brewster Ridge,Brewster Ridge Blue Tees,61,18,1,09:00:00,74,13,806,197,True,False,18,74,True,True,True
67514,2023,MJ18,3,621852,180438,180438,882,Round 3,2023-06-25,Elian Furs,,Smugglers Notch Disc Golf Center - Brewster Ridge,Brewster Ridge Blue Tees,61,18,3,09:00:00,66,5,881,200,True,False,18,66,True,True,True
67514,2023,MP40,1,621854,10628,10628,1003,Round 1,2023-06-25,Steve Brinster,1000,Smugglers Notch Disc Golf Center - Fox Run,Fox Run Meadows Gold Tees,63,18,1,10:00:00,60,-3,1020,185,True,False,18,60,True,True,True
67514,2023,MP40,1,621854,159076,159076,991,Round 1,2023-06-25,Alan Janzen,1007,Smugglers Notch Disc Golf Center - Fox Run,Fox Run Meadows Gold Tees,63,18,4,09:00:00,62,-1,1006,181,True,False,18,62,True,True,True
67514,2023,MP40,1,621854,18991,18991,972,Round 1,2023-06-25,Scott Walsh,983,Smugglers Notch Disc Golf Center - Fox Run,Fox Run Meadows Gold Tees,63,18,1,09:20:00,64,1,991,195,True,False,18,64,True,True,True
67514,2023,MP40,1,621854,140327,140327,995,Round 1,2023-06-25,Justin Chiu,1010,Smugglers Notch Disc Golf Center - Fox Run,Fox Run Meadows Gold Tees,63,18,4,09:30:00,64,1,991,187,True,False,18,64,True,True,True
67514,2023,MP40,1,621854,22318,22318,956,Round 1,2023-06-25,Aaron Smartt,965,Smugglers Notch Disc Golf Center - Fox Run,Fox Run Meadows Gold Tees,63,18,1,09:00:00,65,2,984,200,True,False,18,65,True,True,True
67514,2023,MP40,1,621854,110289,110289,932,Round 1,2023-06-25,Frank Wruk,945,Smugglers Notch Disc Golf Center - Fox Run,Fox Run Meadows Gold Tees,63,18,3,09:10:00,65,2,984,216,True,False,18,65,True,True,True
67514,2023,MP40,1,621854,93414,93414,947,Round 1,2023-06-25,Joshua Lemieux,961,Smugglers Notch Disc Golf Center - Fox Run,Fox Run Meadows Gold Tees,63,18,4,09:50:00,66,3,977,195,True,False,18,66,True,True,True
67514,2023,MP40,1,621854,189489,189489,947,Round 1,2023-06-25,Joshua Niss,937,Smugglers Notch Disc Golf Center - Fox Run,Fox Run Meadows Gold Tees,63,18,4,09:40:00,67,4,969,206,True,False,18,67,True,True,True
67514,2023,MP40,1,621854,20671,20671,1002,Round 1,2023-06-25,Craig Cutler,1008,Smugglers Notch Disc Golf Center - Fox Run,Fox Run Meadows Gold Tees,63,18,1,09:50:00,69,6,955,194,True,False,18,69,True,True,True
67514,2023,MP40,1,621854,25183,25183,978,Round 1,2023-06-25,Ray Hill,972,Smugglers Notch Disc Golf Center - Fox Run,Fox Run Meadows Gold Tees,63,18,2,09:40:00,69,6,955,197,True,False,18,69,True,True,True
67514,2023,MP40,1,621854,34159,34159,962,Round 1,2023-06-25,Sandy Redd,954,Smugglers Notch Disc Golf Center - Fox Run,Fox Run Meadows Gold Tees,63,18,3,09:40:00,69,6,955,210,True,False,18,69,True,True,True
67514,2023,MP40,1,621854,49282,49282,912,Round 1,2023-06-25,Justin DeVico,931,Smugglers Notch Disc Golf Center - Fox Run,Fox Run Meadows Gold Tees,63,18,2,09:00:00,69,6,955,213,True,False,18,69,True,True,True
67514,2023,MP40,1,621854,54607,54607,952,Round 1,2023-06-25,Bob Kulchuk,953,Smugglers Notch Disc Golf Center - Fox Run,Fox Run Meadows Gold Tees,63,18,2,09:10:00,69,6,955,205,True,False,18,69,True,True,True
67514,2023,MP40,1,621854,42254,42254,942,Round 1,2023-06-25,Roger Gagnon,948,Smugglers Notch Disc Golf Center - Fox Run,Fox Run Meadows Gold Tees,63,18,2,09:30:00,70,7,948,201,True,False,18,70,True,True,True
67514,2023,MP40,1,621854,178064,178064,911,Round 1,2023-06-25,Peter Walke,,Smugglers Notch Disc Golf Center - Fox Run,Fox Run Meadows Gold Tees,63,18,3,10:00:00,70,7,948,212,True,False,18,70,True,True,True
67514,2023,MP40,1,621854,17270,17270,972,Round 1,2023-06-25,Scott Howard,956,Smugglers Notch Disc Golf Center - Fox Run,Fox Run Meadows Gold Tees,63,18,1,09:30:00,71,8,941,205,True,False,18,71,True,True,True
67514,2023,MP40,1,621854,66055,66055,951,Round 1,2023-06-25,Eric Wilson,935,Smugglers Notch Disc Golf Center - Fox Run,Fox Run Meadows Gold Tees,63,18,3,09:20:00,71,8,941,215,True,False,18,71,True,True,True
67514,2023,MP40,1,621854,211201,211201,931,Round 1,2023-06-25,Brian Fritze,,Smugglers Notch Disc Golf Center - Fox Run,Fox Run Meadows Gold Tees,63,18,4,10:00:00,71,8,941,209,True,False,18,71,True,True,True
67514,2023,MP40,1,621854,132038,132038,947,Round 1,2023-06-25,Daniel Jenkins,965,Smugglers Notch Disc Golf Center - Fox Run,Fox Run Meadows Gold Tees,63,18,4,09:10:00,72,9,933,215,True,False,18,72,True,True,True
67514,2023,MP40,1,621854,39668,39668,990,Round 1,2023-06-25,Greg Grootenboer,979,Smugglers Notch Disc Golf Center - Fox Run,Fox Run Meadows Gold Tees,63,18,3,09:50:00,74,11,919,197,True,False,18,74,True,True,True
67514,2023,MP40,1,621854,57778,57778,912,Round 1,2023-06-25,Shane Swinburne,,Smugglers Notch Disc Golf Center - Fox Run,Fox Run Meadows Gold Tees,63,18,2,09:20:00,74,11,919,227,True,False,18,74,True,True,True
67514,2023,MP40,1,621854,17036,17036,955,Round 1,2023-06-25,Scott Walsh,943,Smugglers Notch Disc Golf Center - Fox Run,Fox Run Meadows Gold Tees,63,18,1,09:40:00,76,13,904,211,True,False,18,76,True,True,True
67514,2023,MP40,1,621854,27492,27492,922,Round 1,2023-06-25,Sean Healy,926,Smugglers Notch Disc Golf Center - Fox Run,Fox Run Meadows Gold Tees,63,18,1,09:10:00,76,13,904,215,True,False,18,76,True,True,True
67514,2023,MP40,1,621854,93698,93698,942,Round 1,2023-06-25,Bryce Carson,951,Smugglers Notch Disc Golf Center - Fox Run,Fox Run Meadows Gold Tees,63,18,3,09:00:00,82,19,861,214,True,False,18,82,True,True,True
67514,2023,MP40,1,621854,121886,121886,933,Round 1,2023-06-25,Lucas Germano,,Smugglers Notch Disc Golf Center - Fox Run,Fox Run Meadows Gold Tees,63,18,2,10:00:00,83,20,854,226,True,False,18,83,True,True,True
67514,2023,MP40,1,621854,99260,99260,898,Round 1,2023-06-25,Matthew Martell,880,Smugglers Notch Disc Golf Center - Fox Run,Fox Run Meadows Gold Tees,63,18,3,09:30:00,84,21,846,,True,False,18,84,True,True,True
67514,2023,MP40,1,621854,83198,83198,891,Round 1,2023-06-25,Alan Gofberg,869,Smugglers Notch Disc Golf Center - Fox Run,Fox Run Meadows Gold Tees,63,18,4,09:20:00,87,24,825,244,True,False,18,87,True,True,True
67514,2023,MP40,1,621854,23565,23565,915,Round 1,2023-06-25,Shane M. Tewksbury,925,Smugglers Notch Disc Golf Center - Fox Run,Fox Run Meadows Gold Tees,63,18,2,09:50:00,88,25,818,241,True,False,18,88,True,True,True
67514,2023,MP40,2,621851,10628,10628,1003,Round 2,2023-06-25,Steve Brinster,1000,Smugglers Notch Disc Golf Center - Brewster Ridge,Brewster Ridge Gold Tees,61,18,1,09:50:00,61,0,993,185,True,False,18,61,True,True,True
67514,2023,MP40,2,621851,159076,159076,991,Round 2,2023-06-25,Alan Janzen,1007,Smugglers Notch Disc Golf Center - Brewster Ridge,Brewster Ridge Gold Tees,61,18,2,09:50:00,61,0,993,181,True,False,18,61,True,True,True
67514,2023,MP40,2,621851,140327,140327,995,Round 2,2023-06-25,Justin Chiu,1010,Smugglers Notch Disc Golf Center - Brewster Ridge,Brewster Ridge Gold Tees,61,18,4,09:50:00,60,-1,1001,187,True,False,18,60,True,True,True
67514,2023,MP40,2,621851,20671,20671,1002,Round 2,2023-06-25,Craig Cutler,1008,Smugglers Notch Disc Golf Center - Brewster Ridge,Brewster Ridge Gold Tees,61,18,1,09:30:00,61,0,993,194,True,False,18,61,True,True,True
67514,2023,MP40,2,621851,93414,93414,947,Round 2,2023-06-25,Joshua Lemieux,961,Smugglers Notch Disc Golf Center - Brewster Ridge,Brewster Ridge Gold Tees,61,18,3,09:40:00,64,3,969,195,True,False,18,64,True,True,True
67514,2023,MP40,2,621851,18991,18991,972,Round 2,2023-06-25,Scott Walsh,983,Smugglers Notch Disc Golf Center - Brewster Ridge,Brewster Ridge Gold Tees,61,18,3,09:50:00,67,6,946,195,True,False,18,67,True,True,True
67514,2023,MP40,2,621851,42254,42254,942,Round 2,2023-06-25,Roger Gagnon,948,Smugglers Notch Disc Golf Center - Brewster Ridge,Brewster Ridge Gold Tees,61,18,2,09:20:00,62,1,985,201,True,False,18,62,True,True,True
67514,2023,MP40,2,621851,25183,25183,978,Round 2,2023-06-25,Ray Hill,972,Smugglers Notch Disc Golf Center - Brewster Ridge,Brewster Ridge Gold Tees,61,18,2,09:30:00,64,3,969,197,True,False,18,64,True,True,True
67514,2023,MP40,2,621851,17270,17270,972,Round 2,2023-06-25,Scott Howard,956,Smugglers Notch Disc Golf Center - Brewster Ridge,Brewster Ridge Gold Tees,61,18,4,09:20:00,63,2,977,205,True,False,18,63,True,True,True
67514,2023,MP40,2,621851,54607,54607,952,Round 2,2023-06-25,Bob Kulchuk,953,Smugglers Notch Disc Golf Center - Brewster Ridge,Brewster Ridge Gold Tees,61,18,1,09:20:00,65,4,962,205,True,False,18,65,True,True,True
67514,2023,MP40,2,621851,22318,22318,956,Round 2,2023-06-25,Aaron Smartt,965,Smugglers Notch Disc Golf Center - Brewster Ridge,Brewster Ridge Gold Tees,61,18,1,09:40:00,69,8,930,200,True,False,18,69,True,True,True
67514,2023,MP40,2,621851,189489,189489,947,Round 2,2023-06-25,Joshua Niss,937,Smugglers Notch Disc Golf Center - Brewster Ridge,Brewster Ridge Gold Tees,61,18,4,09:40:00,68,7,938,206,True,False,18,68,True,True,True
67514,2023,MP40,2,621851,39668,39668,990,Round 2,2023-06-25,Greg Grootenboer,979,Smugglers Notch Disc Golf Center - Brewster Ridge,Brewster Ridge Gold Tees,61,18,4,09:10:00,63,2,977,197,True,False,18,63,True,True,True
67514,2023,MP40,2,621851,178064,178064,911,Round 2,2023-06-25,Peter Walke,,Smugglers Notch Disc Golf Center - Brewster Ridge,Brewster Ridge Gold Tees,61,18,3,09:20:00,67,6,946,212,True,False,18,67,True,True,True
67514,2023,MP40,2,621851,49282,49282,912,Round 2,2023-06-25,Justin DeVico,931,Smugglers Notch Disc Golf Center - Brewster Ridge,Brewster Ridge Gold Tees,61,18,4,09:30:00,69,8,930,213,True,False,18,69,True,True,True
67514,2023,MP40,2,621851,110289,110289,932,Round 2,2023-06-25,Frank Wruk,945,Smugglers Notch Disc Golf Center - Brewster Ridge,Brewster Ridge Gold Tees,61,18,2,09:40:00,73,12,899,216,True,False,18,73,True,True,True
67514,2023,MP40,2,621851,132038,132038,947,Round 2,2023-06-25,Daniel Jenkins,965,Smugglers Notch Disc Golf Center - Brewster Ridge,Brewster Ridge Gold Tees,61,18,3,09:10:00,67,6,946,215,True,False,18,67,True,True,True
67514,2023,MP40,2,621851,66055,66055,951,Round 2,2023-06-25,Eric Wilson,935,Smugglers Notch Disc Golf Center - Brewster Ridge,Brewster Ridge Gold Tees,61,18,1,09:10:00,68,7,938,215,True,False,18,68,True,True,True
67514,2023,MP40,2,621851,34159,34159,962,Round 2,2023-06-25,Sandy Redd,954,Smugglers Notch Disc Golf Center - Brewster Ridge,Brewster Ridge Gold Tees,61,18,3,09:30:00,70,9,923,210,True,False,18,70,True,True,True
67514,2023,MP40,2,621851,27492,27492,922,Round 2,2023-06-25,Sean Healy,926,Smugglers Notch Disc Golf Center - Brewster Ridge,Brewster Ridge Gold Tees,61,18,3,09:00:00,64,3,969,215,True,False,18,64,True,True,True
67514,2023,MP40,2,621851,211201,211201,931,Round 2,2023-06-25,Brian Fritze,,Smugglers Notch Disc Golf Center - Brewster Ridge,Brewster Ridge Gold Tees,61,18,2,09:10:00,69,8,930,209,True,False,18,69,True,True,True
67514,2023,MP40,2,621851,17036,17036,955,Round 2,2023-06-25,Scott Walsh,943,Smugglers Notch Disc Golf Center - Brewster Ridge,Brewster Ridge Gold Tees,61,18,2,09:00:00,68,7,938,211,True,False,18,68,True,True,True
67514,2023,MP40,2,621851,93698,93698,942,Round 2,2023-06-25,Bryce Carson,951,Smugglers Notch Disc Golf Center - Brewster Ridge,Brewster Ridge Gold Tees,61,18,4,09:00:00,67,6,946,214,True,False,18,67,True,True,True
67514,2023,MP40,2,621851,57778,57778,912,Round 2,2023-06-25,Shane Swinburne,,Smugglers Notch Disc Golf Center - Brewster Ridge,Brewster Ridge Gold Tees,61,18,1,09:00:00,77,16,868,227,True,False,18,77,True,True,True
67514,2023,MP40,2,621851,121886,121886,933,Round 2,2023-06-25,Lucas Germano,,Smugglers Notch Disc Golf Center - Brewster Ridge,Brewster Ridge Gold Tees,61,18,1,08:50:00,70,9,923,226,True,False,18,70,True,True,True
67514,2023,MP40,2,621851,83198,83198,891,Round 2,2023-06-25,Alan Gofberg,869,Smugglers Notch Disc Golf Center - Brewster Ridge,Brewster Ridge Gold Tees,61,18,2,08:50:00,74,13,891,244,True,False,18,74,True,True,True
67514,2023,MP40,2,621851,23565,23565,915,Round 2,2023-06-25,Shane M. Tewksbury,925,Smugglers Notch Disc Golf Center - Brewster Ridge,Brewster Ridge Gold Tees,61,18,3,08:50:00,74,13,891,241,True,False,18,74,True,True,True
67514,2023,MP40,2,621851,99260,99260,898,Round 2,2023-06-25,Matthew Martell,880,Smugglers Notch Disc Golf Center - Brewster Ridge,Brewster Ridge Gold Tees,61,18,2,08:50:00,,,,,True,True,0,,False,False,False
67514,2023,MP40,3,621854,159076,159076,991,Round 3,2023-06-25,Alan Janzen,1007,Smugglers Notch Disc Golf Center - Fox Run,Fox Run Meadows Gold Tees,63,18,2,09:50:00,58,-5,1035,181,True,False,18,58,True,True,True
67514,2023,MP40,3,621854,10628,10628,1003,Round 3,2023-06-25,Steve Brinster,1000,Smugglers Notch Disc Golf Center - Fox Run,Fox Run Meadows Gold Tees,63,18,1,09:50:00,64,1,991,185,True,False,18,64,True,True,True
67514,2023,MP40,3,621854,140327,140327,995,Round 3,2023-06-25,Justin Chiu,1010,Smugglers Notch Disc Golf Center - Fox Run,Fox Run Meadows Gold Tees,63,18,3,09:50:00,63,0,998,187,True,False,18,63,True,True,True
67514,2023,MP40,3,621854,20671,20671,1002,Round 3,2023-06-25,Craig Cutler,1008,Smugglers Notch Disc Golf Center - Fox Run,Fox Run Meadows Gold Tees,63,18,4,09:50:00,64,1,991,194,True,False,18,64,True,True,True
67514,2023,MP40,3,621854,18991,18991,972,Round 3,2023-06-25,Scott Walsh,983,Smugglers Notch Disc Golf Center - Fox Run,Fox Run Meadows Gold Tees,63,18,2,09:40:00,64,1,991,195,True,False,18,64,True,True,True
67514,2023,MP40,3,621854,93414,93414,947,Round 3,2023-06-25,Joshua Lemieux,961,Smugglers Notch Disc Golf Center - Fox Run,Fox Run Meadows Gold Tees,63,18,1,09:40:00,65,2,984,195,True,False,18,65,True,True,True
67514,2023,MP40,3,621854,39668,39668,990,Round 3,2023-06-25,Greg Grootenboer,979,Smugglers Notch Disc Golf Center - Fox Run,Fox Run Meadows Gold Tees,63,18,1,09:20:00,60,-3,1020,197,True,False,18,60,True,True,True
67514,2023,MP40,3,621854,25183,25183,978,Round 3,2023-06-25,Ray Hill,972,Smugglers Notch Disc Golf Center - Fox Run,Fox Run Meadows Gold Tees,63,18,4,09:40:00,64,1,991,197,True,False,18,64,True,True,True
67514,2023,MP40,3,621854,22318,22318,956,Round 3,2023-06-25,Aaron Smartt,965,Smugglers Notch Disc Golf Center - Fox Run,Fox Run Meadows Gold Tees,63,18,3,09:30:00,66,3,977,200,True,False,18,66,True,True,True
67514,2023,MP40,3,621854,42254,42254,942,Round 3,2023-06-25,Roger Gagnon,948,Smugglers Notch Disc Golf Center - Fox Run,Fox Run Meadows Gold Tees,63,18,3,09:40:00,69,6,955,201,True,False,18,69,True,True,True
67514,2023,MP40,3,621854,17270,17270,972,Round 3,2023-06-25,Scott Howard,956,Smugglers Notch Disc Golf Center - Fox Run,Fox Run Meadows Gold Tees,63,18,1,09:30:00,71,8,941,205,True,False,18,71,True,True,True
67514,2023,MP40,3,621854,54607,54607,952,Round 3,2023-06-25,Bob Kulchuk,953,Smugglers Notch Disc Golf Center - Fox Run,Fox Run Meadows Gold Tees,63,18,2,09:30:00,71,8,941,205,True,False,18,71,True,True,True
67514,2023,MP40,3,621854,189489,189489,947,Round 3,2023-06-25,Joshua Niss,937,Smugglers Notch Disc Golf Center - Fox Run,Fox Run Meadows Gold Tees,63,18,4,09:30:00,71,8,941,206,True,False,18,71,True,True,True
67514,2023,MP40,3,621854,211201,211201,931,Round 3,2023-06-25,Brian Fritze,,Smugglers Notch Disc Golf Center - Fox Run,Fox Run Meadows Gold Tees,63,18,1,09:00:00,69,6,955,209,True,False,18,69,True,True,True
67514,2023,MP40,3,621854,34159,34159,962,Round 3,2023-06-25,Sandy Redd,954,Smugglers Notch Disc Golf Center - Fox Run,Fox Run Meadows Gold Tees,63,18,3,09:10:00,71,8,941,210,True,False,18,71,True,True,True
67514,2023,MP40,3,621854,17036,17036,955,Round 3,2023-06-25,Scott Walsh,943,Smugglers Notch Disc Golf Center - Fox Run,Fox Run Meadows Gold Tees,63,18,2,09:00:00,67,4,969,211,True,False,18,67,True,True,True
67514,2023,MP40,3,621854,178064,178064,911,Round 3,2023-06-25,Peter Walke,,Smugglers Notch Disc Golf Center - Fox Run,Fox Run Meadows Gold Tees,63,18,2,09:20:00,75,12,912,212,True,False,18,75,True,True,True
67514,2023,MP40,3,621854,49282,49282,912,Round 3,2023-06-25,Justin DeVico,931,Smugglers Notch Disc Golf Center - Fox Run,Fox Run Meadows Gold Tees,63,18,3,09:20:00,75,12,912,213,True,False,18,75,True,True,True
67514,2023,MP40,3,621854,93698,93698,942,Round 3,2023-06-25,Bryce Carson,951,Smugglers Notch Disc Golf Center - Fox Run,Fox Run Meadows Gold Tees,63,18,3,09:00:00,65,2,984,214,True,False,18,65,True,True,True
67514,2023,MP40,3,621854,27492,27492,922,Round 3,2023-06-25,Sean Healy,926,Smugglers Notch Disc Golf Center - Fox Run,Fox Run Meadows Gold Tees,63,18,4,09:10:00,75,12,912,215,True,False,18,75,True,True,True
67514,2023,MP40,3,621854,132038,132038,947,Round 3,2023-06-25,Daniel Jenkins,965,Smugglers Notch Disc Golf Center - Fox Run,Fox Run Meadows Gold Tees,63,18,1,09:10:00,76,13,904,215,True,False,18,76,True,True,True
67514,2023,MP40,3,621854,66055,66055,951,Round 3,2023-06-25,Eric Wilson,935,Smugglers Notch Disc Golf Center - Fox Run,Fox Run Meadows Gold Tees,63,18,2,09:10:00,76,13,904,215,True,False,18,76,True,True,True
67514,2023,MP40,3,621854,110289,110289,932,Round 3,2023-06-25,Frank Wruk,945,Smugglers Notch Disc Golf Center - Fox Run,Fox Run Meadows Gold Tees,63,18,4,09:20:00,78,15,890,216,True,False,18,78,True,True,True
67514,2023,MP40,3,621854,121886,121886,933,Round 3,2023-06-25,Lucas Germano,,Smugglers Notch Disc Golf Center - Fox Run,Fox Run Meadows Gold Tees,63,18,1,08:50:00,73,10,926,226,True,False,18,73,True,True,True
67514,2023,MP40,3,621854,57778,57778,912,Round 3,2023-06-25,Shane Swinburne,,Smugglers Notch Disc Golf Center - Fox Run,Fox Run Meadows Gold Tees,63,18,4,09:00:00,76,13,904,227,True,False,18,76,True,True,True
67514,2023,MP40,3,621854,23565,23565,915,Round 3,2023-06-25,Shane M. Tewksbury,925,Smugglers Notch Disc Golf Center - Fox Run,Fox Run Meadows Gold Tees,63,18,3,08:50:00,79,16,883,241,True,False,18,79,True,True,True
67514,2023,MP40,3,621854,83198,83198,891,Round 3,2023-06-25,Alan Gofberg,869,Smugglers Notch Disc Golf Center - Fox Run,Fox Run Meadows Gold Tees,63,18,2,08:50:00,83,20,854,244,True,False,18,83,True,True,True
67514,2023,MP40,3,621854,99260,99260,898,Round 3,2023-06-25,Matthew Martell,880,Smugglers Notch Disc Golf Center - Fox Run,Fox Run Meadows Gold Tees,63,18,,,0,0,,,True,False,0,,False,False,False
67514,2023,MP50,1,621855,149414,149414,965,Round 1,2023-06-25,Michael Lawler,972,Smugglers Notch Disc Golf Center - Fox Run,Fox Run Meadows Blue Tees,63,18,2,08:00:00,60,-3,1010,191,True,False,18,60,True,True,True
67514,2023,MP50,1,621855,166239,166239,926,Round 1,2023-06-25,Tom Raub,958,Smugglers Notch Disc Golf Center - Fox Run,Fox Run Meadows Blue Tees,63,18,3,08:00:00,65,2,972,196,True,False,18,65,True,True,True
67514,2023,MP50,1,621855,2439,2439,953,Round 1,2023-06-25,Daniel Marcus,954,Smugglers Notch Disc Golf Center - Fox Run,Fox Run Meadows Blue Tees,63,18,1,08:10:00,67,4,957,192,True,False,18,67,True,True,True
67514,2023,MP50,1,621855,101564,101564,959,Round 1,2023-06-25,Blaine Faulkner,958,Smugglers Notch Disc Golf Center - Fox Run,Fox Run Meadows Blue Tees,63,18,3,08:10:00,67,4,957,199,True,False,18,67,True,True,True
67514,2023,MP50,1,621855,125921,125921,893,Round 1,2023-06-25,Christopher Conk,905,Smugglers Notch Disc Golf Center - Fox Run,Fox Run Meadows Blue Tees,63,18,4,08:10:00,70,7,935,219,True,False,18,70,True,True,True
67514,2023,MP50,1,621855,145585,145585,941,Round 1,2023-06-25,Tom Stoughton,963,Smugglers Notch Disc Golf Center - Fox Run,Fox Run Meadows Blue Tees,63,18,1,08:00:00,70,7,935,202,True,False,18,70,True,True,True
67514,2023,MP50,1,621855,197537,197537,929,Round 1,2023-06-25,Brent Moore,919,Smugglers Notch Disc Golf Center - Fox Run,Fox Run Meadows Blue Tees,63,18,4,08:00:00,74,11,904,207,True,False,18,74,True,True,True
67514,2023,MP50,1,621855,101176,101176,900,Round 1,2023-06-25,Eric Jenkins,908,Smugglers Notch Disc Golf Center - Fox Run,Fox Run Meadows Blue Tees,63,18,2,08:10:00,75,12,897,218,True,False,18,75,True,True,True
67514,2023,MP50,2,621851,149414,149414,965,Round 2,2023-06-25,Michael Lawler,972,Smugglers Notch Disc Golf Center - Brewster Ridge,Brewster Ridge Gold Tees,61,18,1,08:40:00,68,7,938,191,True,False,18,68,True,True,True
67514,2023,MP50,2,621851,166239,166239,926,Round 2,2023-06-25,Tom Raub,958,Smugglers Notch Disc Golf Center - Brewster Ridge,Brewster Ridge Gold Tees,61,18,2,08:40:00,65,4,962,196,True,False,18,65,True,True,True
67514,2023,MP50,2,621851,2439,2439,953,Round 2,2023-06-25,Daniel Marcus,954,Smugglers Notch Disc Golf Center - Brewster Ridge,Brewster Ridge Gold Tees,61,18,3,08:40:00,64,3,969,192,True,False,18,64,True,True,True
67514,2023,MP50,2,621851,101564,101564,959,Round 2,2023-06-25,Blaine Faulkner,958,Smugglers Notch Disc Golf Center - Brewster Ridge,Brewster Ridge Gold Tees,61,18,4,08:40:00,67,6,946,199,True,False,18,67,True,True,True
67514,2023,MP50,2,621851,145585,145585,941,Round 2,2023-06-25,Tom Stoughton,963,Smugglers Notch Disc Golf Center - Brewster Ridge,Brewster Ridge Gold Tees,61,18,2,08:30:00,68,7,938,202,True,False,18,68,True,True,True
67514,2023,MP50,2,621851,197537,197537,929,Round 2,2023-06-25,Brent Moore,919,Smugglers Notch Disc Golf Center - Brewster Ridge,Brewster Ridge Gold Tees,61,18,3,08:30:00,67,6,946,207,True,False,18,67,True,True,True
67514,2023,MP50,2,621851,125921,125921,893,Round 2,2023-06-25,Christopher Conk,905,Smugglers Notch Disc Golf Center - Brewster Ridge,Brewster Ridge Gold Tees,61,18,1,08:30:00,74,13,891,219,True,False,18,74,True,True,True
67514,2023,MP50,2,621851,101176,101176,900,Round 2,2023-06-25,Eric Jenkins,908,Smugglers Notch Disc Golf Center - Brewster Ridge,Brewster Ridge Gold Tees,61,18,4,08:30:00,73,12,899,218,True,False,18,73,True,True,True
67514,2023,MP50,3,621855,149414,149414,965,Round 3,2023-06-25,Michael Lawler,972,Smugglers Notch Disc Golf Center - Fox Run,Fox Run Meadows Blue Tees,63,18,1,08:00:00,63,0,987,191,True,False,18,63,True,True,True
67514,2023,MP50,3,621855,2439,2439,953,Round 3,2023-06-25,Daniel Marcus,954,Smugglers Notch Disc Golf Center - Fox Run,Fox Run Meadows Blue Tees,63,18,3,08:00:00,61,-2,1003,192,True,False,18,61,True,True,True
67514,2023,MP50,3,621855,166239,166239,926,Round 3,2023-06-25,Tom Raub,958,Smugglers Notch Disc Golf Center - Fox Run,Fox Run Meadows Blue Tees,63,18,2,08:00:00,66,3,965,196,True,False,18,66,True,True,True
67514,2023,MP50,3,621855,101564,101564,959,Round 3,2023-06-25,Blaine Faulkner,958,Smugglers Notch Disc Golf Center - Fox Run,Fox Run Meadows Blue Tees,63,18,4,08:00:00,65,2,972,199,True,False,18,65,True,True,True
67514,2023,MP50,3,621855,145585,145585,941,Round 3,2023-06-25,Tom Stoughton,963,Smugglers Notch Disc Golf Center - Fox Run,Fox Run Meadows Blue Tees,63,18,1,07:50:00,64,1,980,202,True,False,18,64,True,True,True
67514,2023,MP50,3,621855,197537,197537,929,Round 3,2023-06-25,Brent Moore,919,Smugglers Notch Disc Golf Center - Fox Run,Fox Run Meadows Blue Tees,63,18,2,07:50:00,66,3,965,207,True,False,18,66,True,True,True
67514,2023,MP50,3,621855,101176,101176,900,Round 3,2023-06-25,Eric Jenkins,908,Smugglers Notch Disc Golf Center - Fox Run,Fox Run Meadows Blue Tees,63,18,4,07:50:00,70,7,935,218,True,False,18,70,True,True,True
67514,2023,MP50,3,621855,125921,125921,893,Round 3,2023-06-25,Christopher Conk,905,Smugglers Notch Disc Golf Center - Fox Run,Fox Run Meadows Blue Tees,63,18,3,07:50:00,75,12,897,219,True,False,18,75,True,True,True
67514,2023,MPO,1,621854,132521,132521,1017,Round 1,2023-06-25,Paul Krans,1037,Smugglers Notch Disc Golf Center - Fox Run,Fox Run Meadows Gold Tees,63,18,4,10:10:00,53,-10,1071,175,True,False,18,53,True,True,True
67514,2023,MPO,1,621854,108537,108537,980,Round 1,2023-06-25,Julien Quenneville,995,Smugglers Notch Disc Golf Center - Fox Run,Fox Run Meadows Gold Tees,63,18,1,11:30:00,56,-7,1049,197,True,False,18,56,True,True,True
67514,2023,MPO,1,621854,129332,129332,989,Round 1,2023-06-25,David Fleck,1008,Smugglers Notch Disc Golf Center - Fox Run,Fox Run Meadows Gold Tees,63,18,4,14:30:00,57,-6,1042,187,True,False,18,57,True,True,True
67514,2023,MPO,1,621854,81739,81739,1014,Round 1,2023-06-25,Casey White,1038,Smugglers Notch Disc Golf Center - Fox Run,Fox Run Meadows Gold Tees,63,18,1,14:20:00,58,-5,1035,178,True,False,18,58,True,True,True
67514,2023,MPO,1,621854,131546,131546,1003,Round 1,2023-06-25,Harry Chace,1024,Smugglers Notch Disc Golf Center - Fox Run,Fox Run Meadows Gold Tees,63,18,2,14:10:00,59,-4,1027,181,True,False,18,59,True,True,True
67514,2023,MPO,1,621854,168321,168321,962,Round 1,2023-06-25,Kyle Hirsch,992,Smugglers Notch Disc Golf Center - Fox Run,Fox Run Meadows Gold Tees,63,18,3,14:40:00,59,-4,1027,,True,False,18,59,True,True,True
67514,2023,MPO,1,621854,35588,35588,967,Round 1,2023-06-25,Coleman E. Marcus,982,Smugglers Notch Disc Golf Center - Fox Run,Fox Run Meadows Gold Tees,63,18,1,14:40:00,60,-3,1020,184,True,False,18,60,True,True,True
67514,2023,MPO,1,621854,60666,60666,995,Round 1,2023-06-25,Christian Olsen,967,Smugglers Notch Disc Golf Center - Fox Run,Fox Run Meadows Gold Tees,63,18,4,12:10:00,60,-3,1020,198,True,False,18,60,True,True,True
67514,2023,MPO,1,621854,89460,89460,987,Round 1,2023-06-25,Wyatt Mahoney,1023,Smugglers Notch Disc Golf Center - Fox Run,Fox Run Meadows Gold Tees,63,18,1,12:00:00,60,-3,1020,186,True,False,18,60,True,True,True
67514,2023,MPO,1,621854,90439,90439,1006,Round 1,2023-06-25,Lucas Oberholtzer Hess,1022,Smugglers Notch Disc Golf Center - Fox Run,Fox Run Meadows Gold Tees,63,18,2,11:10:00,60,-3,1020,176,True,False,18,60,True,True,True
67514,2023,MPO,1,621854,98364,98364,984,Round 1,2023-06-25,Keith Sykes,985,Smugglers Notch Disc Golf Center - Fox Run,Fox Run Meadows Gold Tees,63,18,3,12:30:00,60,-3,1020,190,True,False,18,60,True,True,True
67514,2023,MPO,1,621854,99166,99166,976,Round 1,2023-06-25,Ian Craveiro,986,Smugglers Notch Disc Golf Center - Fox Run,Fox Run Meadows Gold Tees,63,18,3,13:30:00,60,-3,1020,190,True,False,18,60,True,True,True
67514,2023,MPO,1,621854,122655,122655,1005,Round 1,2023-06-25,Dylan Capaccioli,1025,Smugglers Notch Disc Golf Center - Fox Run,Fox Run Meadows Gold Tees,63,18,4,13:50:00,60,-3,1020,184,True,False,18,60,True,True,True
67514,2023,MPO,1,621854,75861,75861,974,Round 1,2023-06-25,Charlie Veysey,978,Smugglers Notch Disc Golf Center - Fox Run,Fox Run Meadows Gold Tees,63,18,4,13:10:00,61,-2,1013,197,True,False,18,61,True,True,True
67514,2023,MPO,1,621854,86844,86844,975,Round 1,2023-06-25,Jared Hill,1018,Smugglers Notch Disc Golf Center - Fox Run,Fox Run Meadows Gold Tees,63,18,1,10:30:00,61,-2,1013,191,True,False,18,61,True,True,True
67514,2023,MPO,1,621854,117124,117124,960,Round 1,2023-06-25,Dean Squires Jr,970,Smugglers Notch Disc Golf Center - Fox Run,Fox Run Meadows Gold Tees,63,18,2,10:40:00,61,-2,1013,201,True,False,18,61,True,True,True
67514,2023,MPO,1,621854,39469,39469,1012,Round 1,2023-06-25,Martin Hendel,1015,Smugglers Notch Disc Golf Center - Fox Run,Fox Run Meadows Gold Tees,63,18,2,14:30:00,62,-1,1006,182,True,False,18,62,True,True,True
67514,2023,MPO,1,621854,45745,45745,999,Round 1,2023-06-25,Mark Peters,986,Smugglers Notch Disc Golf Center - Fox Run,Fox Run Meadows Gold Tees,63,18,1,14:30:00,62,-1,1006,187,True,False,18,62,True,True,True
67514,2023,MPO,1,621854,50920,50920,1007,Round 1,2023-06-25,Kyle Moriarty,1017,Smugglers Notch Disc Golf Center - Fox Run,Fox Run Meadows Gold Tees,63,18,2,13:10:00,62,-1,1006,178,True,False,18,62,True,True,True
67514,2023,MPO,1,621854,67698,67698,973,Round 1,2023-06-25,Rick Steehler,964,Smugglers Notch Disc Golf Center - Fox Run,Fox Run Meadows Gold Tees,63,18,1,14:00:00,62,-1,1006,192,True,False,18,62,True,True,True
67514,2023,MPO,1,621854,123861,123861,970,Round 1,2023-06-25,Brian Schweinhart,978,Smugglers Notch Disc Golf Center - Fox Run,Fox Run Meadows Gold Tees,63,18,2,11:30:00,62,-1,1006,182,True,False,18,62,True,True,True
67514,2023,MPO,1,621854,143853,143853,985,Round 1,2023-06-25,Elijah Rider Brandt,1012,Smugglers Notch Disc Golf Center - Fox Run,Fox Run Meadows Gold Tees,63,18,3,14:20:00,62,-1,1006,186,True,False,18,62,True,True,True
67514,2023,MPO,1,621854,172633,172633,991,Round 1,2023-06-25,Danny Moynihan,,Smugglers Notch Disc Golf Center - Fox Run,Fox Run Meadows Gold Tees,63,18,4,14:00:00,62,-1,1006,198,True,False,18,62,True,True,True
67514,2023,MPO,1,621854,47930,47930,977,Round 1,2023-06-25,Nicholas Economos,988,Smugglers Notch Disc Golf Center - Fox Run,Fox Run Meadows Gold Tees,63,18,4,14:10:00,63,0,998,187,True,False,18,63,True,True,True
67514,2023,MPO,1,621854,81618,81618,985,Round 1,2023-06-25,Bradley Good,,Smugglers Notch Disc Golf Center - Fox Run,Fox Run Meadows Gold Tees,63,18,1,12:50:00,63,0,998,198,True,False,18,63,True,True,True
67514,2023,MPO,1,621854,100885,100885,950,Round 1,2023-06-25,Jacob Moore,945,Smugglers Notch Disc Golf Center - Fox Run,Fox Run Meadows Gold Tees,63,18,3,13:00:00,63,0,998,199,True,False,18,63,True,True,True
67514,2023,MPO,1,621854,102040,102040,989,Round 1,2023-06-25,Shane McCullen,1016,Smugglers Notch Disc Golf Center - Fox Run,Fox Run Meadows Gold Tees,63,18,4,13:30:00,63,0,998,188,True,False,18,63,True,True,True
67514,2023,MPO,1,621854,123253,123253,973,Round 1,2023-06-25,Stevie Frisch,989,Smugglers Notch Disc Golf Center - Fox Run,Fox Run Meadows Gold Tees,63,18,2,11:40:00,63,0,998,194,True,False,18,63,True,True,True
67514,2023,MPO,1,621854,127220,127220,961,Round 1,2023-06-25,Alex Campbell,,Smugglers Notch Disc Golf Center - Fox Run,Fox Run Meadows Gold Tees,63,18,4,12:40:00,63,0,998,188,True,False,18,63,True,True,True
67514,2023,MPO,1,621854,129083,129083,976,Round 1,2023-06-25,Riley Douglas,953,Smugglers Notch Disc Golf Center - Fox Run,Fox Run Meadows Gold Tees,63,18,1,11:00:00,63,0,998,211,True,False,18,63,True,True,True
67514,2023,MPO,1,621854,204892,204892,940,Round 1,2023-06-25,Tiernan Roland,973,Smugglers Notch Disc Golf Center - Fox Run,Fox Run Meadows Gold Tees,63,18,4,11:30:00,63,0,998,210,True,False,18,63,True,True,True
67514,2023,MPO,1,621854,129010,129010,989,Round 1,2023-06-25,Andres Ripley,1014,Smugglers Notch Disc Golf Center - Fox Run,Fox Run Meadows Gold Tees,63,18,2,12:10:00,64,1,991,194,True,False,18,64,True,True,True
67514,2023,MPO,1,621854,74824,74824,977,Round 1,2023-06-25,Charles Blanchette,968,Smugglers Notch Disc Golf Center - Fox Run,Fox Run Meadows Gold Tees,63,18,1,13:40:00,65,2,984,197,True,False,18,65,True,True,True
67514,2023,MPO,1,621854,80359,80359,951,Round 1,2023-06-25,Cody White,985,Smugglers Notch Disc Golf Center - Fox Run,Fox Run Meadows Gold Tees,63,18,1,13:30:00,65,2,984,207,True,False,18,65,True,True,True
67514,2023,MPO,1,621854,93401,93401,949,Round 1,2023-06-25,Jeffrey Russell,945,Smugglers Notch Disc Golf Center - Fox Run,Fox Run Meadows Gold Tees,63,18,2,12:30:00,65,2,984,194,True,False,18,65,True,True,True
67514,2023,MPO,1,621854,94840,94840,981,Round 1,2023-06-25,Josh Ocoin,992,Smugglers Notch Disc Golf Center - Fox Run,Fox Run Meadows Gold Tees,63,18,2,12:40:00,65,2,984,192,True,False,18,65,True,True,True
67514,2023,MPO,1,621854,140098,140098,974,Round 1,2023-06-25,Angus Barstow,980,Smugglers Notch Disc Golf Center - Fox Run,Fox Run Meadows Gold Tees,63,18,3,14:10:00,65,2,984,204,True,False,18,65,True,True,True
67514,2023,MPO,1,621854,141999,141999,949,Round 1,2023-06-25,David Koch,955,Smugglers Notch Disc Golf Center - Fox Run,Fox Run Meadows Gold Tees,63,18,2,11:00:00,65,2,984,196,True,False,18,65,True,True,True
67514,2023,MPO,1,621854,109176,109176,940,Round 1,2023-06-25,Rory Duffy,,Smugglers Notch Disc Golf Center - Fox Run,Fox Run Meadows Gold Tees,63,18,4,13:20:00,66,3,977,207,True,False,18,66,True,True,True
67514,2023,MPO,1,621854,130868,130868,973,Round 1,2023-06-25,Remington Gaetjens,982,Smugglers Notch Disc Golf Center - Fox Run,Fox Run Meadows Gold Tees,63,18,3,11:30:00,66,3,977,198,True,False,18,66,True,True,True
67514,2023,MPO,1,621854,169393,169393,941,Round 1,2023-06-25,Aidan Trombley,977,Smugglers Notch Disc Golf Center - Fox Run,Fox Run Meadows Gold Tees,63,18,4,12:50:00,66,3,977,193,True,False,18,66,True,True,True
67514,2023,MPO,1,621854,86338,86338,967,Round 1,2023-06-25,Tyler Blanchet,973,Smugglers Notch Disc Golf Center - Fox Run,Fox Run Meadows Gold Tees,63,18,3,13:20:00,67,4,969,,True,False,18,67,True,True,True
67514,2023,MPO,1,621854,90675,90675,941,Round 1,2023-06-25,Nathan Grimes,,Smugglers Notch Disc Golf Center - Fox Run,Fox Run Meadows Gold Tees,63,18,2,13:30:00,67,4,969,,True,False,18,67,True,True,True
67514,2023,MPO,1,621854,95343,95343,957,Round 1,2023-06-25,Dylan Adjutant,962,Smugglers Notch Disc Golf Center - Fox Run,Fox Run Meadows Gold Tees,63,18,2,10:30:00,67,4,969,199,True,False,18,67,True,True,True
67514,2023,MPO,1,621854,96412,96412,949,Round 1,2023-06-25,Benjamin Mondor,957,Smugglers Notch Disc Golf Center - Fox Run,Fox Run Meadows Gold Tees,63,18,2,11:50:00,67,4,969,207,True,False,18,67,True,True,True
67514,2023,MPO,1,621854,109086,109086,953,Round 1,2023-06-25,Aaron Schlossberg,947,Smugglers Notch Disc Golf Center - Fox Run,Fox Run Meadows Gold Tees,63,18,3,13:50:00,67,4,969,204,True,False,18,67,True,True,True
67514,2023,MPO,1,621854,140874,140874,964,Round 1,2023-06-25,Hunter Martin,953,Smugglers Notch Disc Golf Center - Fox Run,Fox Run Meadows Gold Tees,63,18,4,14:20:00,67,4,969,195,True,False,18,67,True,True,True
67514,2023,MPO,1,621854,142744,142744,963,Round 1,2023-06-25,Abel German,974,Smugglers Notch Disc Golf Center - Fox Run,Fox Run Meadows Gold Tees,63,18,3,11:40:00,67,4,969,196,True,False,18,67,True,True,True
67514,2023,MPO,1,621854,21441,21441,982,Round 1,2023-06-25,Zackary Doyle,999,Smugglers Notch Disc Golf Center - Fox Run,Fox Run Meadows Gold Tees,63,18,1,13:20:00,68,5,962,192,True,False,18,68,True,True,True
67514,2023,MPO,1,621854,80579,80579,965,Round 1,2023-06-25,Brian Hart,960,Smugglers Notch Disc Golf Center - Fox Run,Fox Run Meadows Gold Tees,63,18,2,13:20:00,68,5,962,195,True,False,18,68,True,True,True
67514,2023,MPO,1,621854,101029,101029,940,Round 1,2023-06-25,Daniel Zaleski,920,Smugglers Notch Disc Golf Center - Fox Run,Fox Run Meadows Gold Tees,63,18,2,14:00:00,68,5,962,193,True,False,18,68,True,True,True
67514,2023,MPO,1,621854,103627,103627,975,Round 1,2023-06-25,Clayton Davis,,Smugglers Notch Disc Golf Center - Fox Run,Fox Run Meadows Gold Tees,63,18,2,14:20:00,68,5,962,196,True,False,18,68,True,True,True
67514,2023,MPO,1,621854,119407,119407,960,Round 1,2023-06-25,Nate Hartmann,969,Smugglers Notch Disc Golf Center - Fox Run,Fox Run Meadows Gold Tees,63,18,1,11:40:00,68,5,962,199,True,False,18,68,True,True,True
67514,2023,MPO,1,621854,163829,163829,961,Round 1,2023-06-25,Reuben Hagen,982,Smugglers Notch Disc Golf Center - Fox Run,Fox Run Meadows Gold Tees,63,18,4,12:20:00,68,5,962,198,True,False,18,68,True,True,True
67514,2023,MPO,1,621854,47932,47932,969,Round 1,2023-06-25,Stephen Economos,,Smugglers Notch Disc Golf Center - Fox Run,Fox Run Meadows Gold Tees,63,18,1,13:10:00,69,6,955,194,True,False,18,69,True,True,True
67514,2023,MPO,1,621854,58817,58817,944,Round 1,2023-06-25,Daniel Williams,,Smugglers Notch Disc Golf Center - Fox Run,Fox Run Meadows Gold Tees,63,18,1,12:30:00,69,6,955,217,True,False,18,69,True,True,True
67514,2023,MPO,1,621854,81283,81283,962,Round 1,2023-06-25,Ronnie Bennett,968,Smugglers Notch Disc Golf Center - Fox Run,Fox Run Meadows Gold Tees,63,18,1,10:50:00,69,6,955,199,True,False,18,69,True,True,True
67514,2023,MPO,1,621854,103402,103402,969,Round 1,2023-06-25,Alex Vigeant,972,Smugglers Notch Disc Golf Center - Fox Run,Fox Run Meadows Gold Tees,63,18,3,12:20:00,69,6,955,195,True,False,18,69,True,True,True
67514,2023,MPO,1,621854,107908,107908,920,Round 1,2023-06-25,Zachary Deraspe,926,Smugglers Notch Disc Golf Center - Fox Run,Fox Run Meadows Gold Tees,63,18,4,14:40:00,69,6,955,222,True,False,18,69,True,True,True
67514,2023,MPO,1,621854,142706,142706,945,Round 1,2023-06-25,Cédric Gilbert,965,Smugglers Notch Disc Golf Center - Fox Run,Fox Run Meadows Gold Tees,63,18,3,12:10:00,69,6,955,204,True,False,18,69,True,True,True
67514,2023,MPO,1,621854,167837,167837,961,Round 1,2023-06-25,Elijah Garrison,1004,Smugglers Notch Disc Golf Center - Fox Run,Fox Run Meadows Gold Tees,63,18,4,11:50:00,69,6,955,199,True,False,18,69,True,True,True
67514,2023,MPO,1,621854,177211,177211,964,Round 1,2023-06-25,Matthew Geffert,1005,Smugglers Notch Disc Golf Center - Fox Run,Fox Run Meadows Gold Tees,63,18,4,11:00:00,69,6,955,204,True,False,18,69,True,True,True
67514,2023,MPO,1,621854,203954,203954,956,Round 1,2023-06-25,Issiac Christiansen,978,Smugglers Notch Disc Golf Center - Fox Run,Fox Run Meadows Gold Tees,63,18,3,10:20:00,69,6,955,208,True,False,18,69,True,True,True
67514,2023,MPO,1,621854,65365,65365,949,Round 1,2023-06-25,Adam Harris,933,Smugglers Notch Disc Golf Center - Fox Run,Fox Run Meadows Gold Tees,63,18,1,10:10:00,70,7,948,203,True,False,18,70,True,True,True
67514,2023,MPO,1,621854,68908,68908,982,Round 1,2023-06-25,Jaimen Hume,980,Smugglers Notch Disc Golf Center - Fox Run,Fox Run Meadows Gold Tees,63,18,1,13:50:00,70,7,948,193,True,False,18,70,True,True,True
67514,2023,MPO,1,621854,84923,84923,969,Round 1,2023-06-25,Ryan Begley,976,Smugglers Notch Disc Golf Center - Fox Run,Fox Run Meadows Gold Tees,63,18,1,12:40:00,70,7,948,208,True,False,18,70,True,True,True
67514,2023,MPO,1,621854,85970,85970,950,Round 1,2023-06-25,Ben Drogue,966,Smugglers Notch Disc Golf Center - Fox Run,Fox Run Meadows Gold Tees,63,18,1,11:10:00,70,7,948,205,True,False,18,70,True,True,True
67514,2023,MPO,1,621854,101589,101589,943,Round 1,2023-06-25,Joey de Ondarza,948,Smugglers Notch Disc Golf Center - Fox Run,Fox Run Meadows Gold Tees,63,18,2,12:20:00,70,7,948,200,True,False,18,70,True,True,True
67514,2023,MPO,1,621854,109102,109102,947,Round 1,2023-06-25,Matthew Eldredge,958,Smugglers Notch Disc Golf Center - Fox Run,Fox Run Meadows Gold Tees,63,18,4,13:40:00,70,7,948,205,True,False,18,70,True,True,True
67514,2023,MPO,1,621854,124607,124607,1005,Round 1,2023-06-25,Gillis MacDougall,1007,Smugglers Notch Disc Golf Center - Fox Run,Fox Run Meadows Gold Tees,63,18,2,11:20:00,70,7,948,189,True,False,18,70,True,True,True
67514,2023,MPO,1,621854,130874,130874,956,Round 1,2023-06-25,Chris Rydel,942,Smugglers Notch Disc Golf Center - Fox Run,Fox Run Meadows Gold Tees,63,18,2,10:10:00,70,7,948,200,True,False,18,70,True,True,True
67514,2023,MPO,1,621854,164158,164158,949,Round 1,2023-06-25,Alex Raub,,Smugglers Notch Disc Golf Center - Fox Run,Fox Run Meadows Gold Tees,63,18,3,10:40:00,70,7,948,208,True,False,18,70,True,True,True
67514,2023,MPO,1,621854,166112,166112,925,Round 1,2023-06-25,Nykolas Connors,942,Smugglers Notch Disc Golf Center - Fox Run,Fox Run Meadows Gold Tees,63,18,4,11:40:00,70,7,948,208,True,False,18,70,True,True,True
67514,2023,MPO,1,621854,166855,166855,964,Round 1,2023-06-25,Lawrence Warwick,972,Smugglers Notch Disc Golf Center - Fox Run,Fox Run Meadows Gold Tees,63,18,3,14:00:00,70,7,948,199,True,False,18,70,True,True,True
67514,2023,MPO,1,621854,73774,73774,920,Round 1,2023-06-25,Phil Lerch Denoncourt,924,Smugglers Notch Disc Golf Center - Fox Run,Fox Run Meadows Gold Tees,63,18,3,13:10:00,71,8,941,213,True,False,18,71,True,True,True
67514,2023,MPO,1,621854,94436,94436,931,Round 1,2023-06-25,Joseph Haggett,922,Smugglers Notch Disc Golf Center - Fox Run,Fox Run Meadows Gold Tees,63,18,4,11:10:00,71,8,941,210,True,False,18,71,True,True,True
67514,2023,MPO,1,621854,120368,120368,962,Round 1,2023-06-25,Joseph Wegman,982,Smugglers Notch Disc Golf Center - Fox Run,Fox Run Meadows Gold Tees,63,18,4,11:20:00,71,8,941,198,True,False,18,71,True,True,True
67514,2023,MPO,1,621854,134049,134049,952,Round 1,2023-06-25,Christopher Parks,954,Smugglers Notch Disc Golf Center - Fox Run,Fox Run Meadows Gold Tees,63,18,2,10:50:00,71,8,941,212,True,False,18,71,True,True,True
67514,2023,MPO,1,621854,136903,136903,956,Round 1,2023-06-25,Alex Ferguson,957,Smugglers Notch Disc Golf Center - Fox Run,Fox Run Meadows Gold Tees,63,18,3,11:10:00,71,8,941,195,True,False,18,71,True,True,True
67514,2023,MPO,1,621854,147445,147445,948,Round 1,2023-06-25,Corey Martin,983,Smugglers Notch Disc Golf Center - Fox Run,Fox Run Meadows Gold Tees,63,18,3,11:00:00,71,8,941,209,True,False,18,71,True,True,True
67514,2023,MPO,1,621854,148801,148801,969,Round 1,2023-06-25,Tucker Kozloski,982,Smugglers Notch Disc Golf Center - Fox Run,Fox Run Meadows Gold Tees,63,18,3,10:30:00,71,8,941,206,True,False,18,71,True,True,True
67514,2023,MPO,1,621854,159683,159683,919,Round 1,2023-06-25,Robin Stewart DeMartino,,Smugglers Notch Disc Golf Center - Fox Run,Fox Run Meadows Gold Tees,63,18,3,13:40:00,71,8,941,211,True,False,18,71,True,True,True
67514,2023,MPO,1,621854,49211,49211,933,Round 1,2023-06-25,Joe Bishop,930,Smugglers Notch Disc Golf Center - Fox Run,Fox Run Meadows Gold Tees,63,18,1,13:00:00,72,9,933,212,True,False,18,72,True,True,True
67514,2023,MPO,1,621854,104020,104020,960,Round 1,2023-06-25,Vaughn Hultgren,936,Smugglers Notch Disc Golf Center - Fox Run,Fox Run Meadows Gold Tees,63,18,2,13:50:00,72,9,933,206,True,False,18,72,True,True,True
67514,2023,MPO,1,621854,114024,114024,976,Round 1,2023-06-25,Matt Armstrong,1002,Smugglers Notch Disc Golf Center - Fox Run,Fox Run Meadows Gold Tees,63,18,1,11:20:00,72,9,933,206,True,False,18,72,True,True,True
67514,2023,MPO,1,621854,118928,118928,952,Round 1,2023-06-25,Tyler Pomichter,926,Smugglers Notch Disc Golf Center - Fox Run,Fox Run Meadows Gold Tees,63,18,2,10:20:00,72,9,933,211,True,False,18,72,True,True,True
67514,2023,MPO,1,621854,121362,121362,950,Round 1,2023-06-25,Jonathan Russo,951,Smugglers Notch Disc Golf Center - Fox Run,Fox Run Meadows Gold Tees,63,18,3,11:50:00,72,9,933,212,True,False,18,72,True,True,True
67514,2023,MPO,1,621854,161510,161510,906,Round 1,2023-06-25,TJ Rubin,919,Smugglers Notch Disc Golf Center - Fox Run,Fox Run Meadows Gold Tees,63,18,4,10:50:00,72,9,933,221,True,False,18,72,True,True,True
67514,2023,MPO,1,621854,161558,161558,964,Round 1,2023-06-25,Brad Schott,994,Smugglers Notch Disc Golf Center - Fox Run,Fox Run Meadows Gold Tees,63,18,3,14:30:00,72,9,933,199,True,False,18,72,True,True,True
67514,2023,MPO,1,621854,74052,74052,963,Round 1,2023-06-25,David Normand II,965,Smugglers Notch Disc Golf Center - Fox Run,Fox Run Meadows Gold Tees,63,18,1,11:50:00,73,10,926,214,True,False,18,73,True,True,True
67514,2023,MPO,1,621854,85063,85063,892,Round 1,2023-06-25,Gregory Peterson,935,Smugglers Notch Disc Golf Center - Fox Run,Fox Run Meadows Gold Tees,63,18,2,12:50:00,73,10,926,212,True,False,18,73,True,True,True
67514,2023,MPO,1,621854,92402,92402,961,Round 1,2023-06-25,Bradley Howard II,966,Smugglers Notch Disc Golf Center - Fox Run,Fox Run Meadows Gold Tees,63,18,2,13:00:00,73,10,926,202,True,False,18,73,True,True,True
67514,2023,MPO,1,621854,94450,94450,979,Round 1,2023-06-25,Brendan Rollins,958,Smugglers Notch Disc Golf Center - Fox Run,Fox Run Meadows Gold Tees,63,18,3,12:50:00,73,10,926,210,True,False,18,73,True,True,True
67514,2023,MPO,1,621854,102917,102917,962,Round 1,2023-06-25,Kyle Van Gelder,953,Smugglers Notch Disc Golf Center - Fox Run,Fox Run Meadows Gold Tees,63,18,1,12:10:00,73,10,926,218,True,False,18,73,True,True,True
67514,2023,MPO,1,621854,71688,71688,906,Round 1,2023-06-25,Collin Pope,889,Smugglers Notch Disc Golf Center - Fox Run,Fox Run Meadows Gold Tees,63,18,1,10:40:00,74,11,919,213,True,False,18,74,True,True,True
67514,2023,MPO,1,621854,54700,54700,945,Round 1,2023-06-25,Nicholas Muth,944,Smugglers Notch Disc Golf Center - Fox Run,Fox Run Meadows Gold Tees,63,18,2,14:40:00,75,12,912,,True,False,18,75,True,True,True
67514,2023,MPO,1,621854,94517,94517,954,Round 1,2023-06-25,Anthony Webb,973,Smugglers Notch Disc Golf Center - Fox Run,Fox Run Meadows Gold Tees,63,18,2,12:00:00,75,12,912,210,True,False,18,75,True,True,True
67514,2023,MPO,1,621854,125328,125328,929,Round 1,2023-06-25,Dana Carpenter,,Smugglers Notch Disc Golf Center - Fox Run,Fox Run Meadows Gold Tees,63,18,3,11:20:00,75,12,912,213,True,False,18,75,True,True,True
67514,2023,MPO,1,621854,178379,178379,940,Round 1,2023-06-25,Tyler Tiede,980,Smugglers Notch Disc Golf Center - Fox Run,Fox Run Meadows Gold Tees,63,18,3,10:50:00,75,12,912,209,True,False,18,75,True,True,True
67514,2023,MPO,1,621854,85036,85036,918,Round 1,2023-06-25,Nolan Power,,Smugglers Notch Disc Golf Center - Fox Run,Fox Run Meadows Gold Tees,63,18,3,12:00:00,76,13,904,888,True,False,18,76,True,True,True
67514,2023,MPO,1,621854,96355,96355,914,Round 1,2023-06-25,Louis Annino,906,Smugglers Notch Disc Golf Center - Fox Run,Fox Run Meadows Gold Tees,63,18,1,14:10:00,76,13,904,214,True,False,18,76,True,True,True
67514,2023,MPO,1,621854,139162,139162,942,Round 1,2023-06-25,Aaron LeBlanc,,Smugglers Notch Disc Golf Center - Fox Run,Fox Run Meadows Gold Tees,63,18,4,13:00:00,76,13,904,214,True,False,18,76,True,True,True
67514,2023,MPO,1,621854,187845,187845,921,Round 1,2023-06-25,Shane Seals,962,Smugglers Notch Disc Golf Center - Fox Run,Fox Run Meadows Gold Tees,63,18,2,13:40:00,77,14,897,220,True,False,18,77,True,True,True
67514,2023,MPO,1,621854,101829,101829,935,Round 1,2023-06-25,Joshua Storgaard,,Smugglers Notch Disc Golf Center - Fox Run,Fox Run Meadows Gold Tees,63,18,1,10:20:00,79,16,883,237,True,False,18,79,True,True,True
67514,2023,MPO,1,621854,103973,103973,961,Round 1,2023-06-25,Oliver Kelley,,Smugglers Notch Disc Golf Center - Fox Run,Fox Run Meadows Gold Tees,63,18,3,12:40:00,79,16,883,233,True,False,18,79,True,True,True
67514,2023,MPO,1,621854,65941,65941,929,Round 1,2023-06-25,Adam Abruzzi,950,Smugglers Notch Disc Golf Center - Fox Run,Fox Run Meadows Gold Tees,63,18,1,12:20:00,81,18,868,230,True,False,18,81,True,True,True
67514,2023,MPO,1,621854,55277,55277,929,Round 1,2023-06-25,Nate Reiner,946,Smugglers Notch Disc Golf Center - Fox Run,Fox Run Meadows Gold Tees,63,18,4,10:20:00,84,21,846,220,True,False,18,84,True,True,True
67514,2023,MPO,1,621854,189129,189129,921,Round 1,2023-06-25,Marc-Alliocha Rudolf,941,Smugglers Notch Disc Golf Center - Fox Run,Fox Run Meadows Gold Tees,63,18,4,10:30:00,84,21,846,229,True,False,18,84,True,True,True
67514,2023,MPO,1,621854,106970,106970,837,Round 1,2023-06-25,Stefan Farrell,852,Smugglers Notch Disc Golf Center - Fox Run,Fox Run Meadows Gold Tees,63,18,4,12:30:00,86,23,832,246,True,False,18,86,True,True,True
67514,2023,MPO,1,621854,168047,168047,894,Round 1,2023-06-25,Jim Desisto,915,Smugglers Notch Disc Golf Center - Fox Run,Fox Run Meadows Gold Tees,63,18,4,10:40:00,86,23,832,,True,False,18,86,True,True,True
67514,2023,MPO,1,621854,248718,248718,840,Round 1,2023-06-25,Keane Roland,916,Smugglers Notch Disc Golf Center - Fox Run,Fox Run Meadows Gold Tees,63,18,3,10:10:00,89,26,810,255,True,False,18,89,True,True,True
67514,2023,MPO,2,621851,132521,132521,1017,Round 2,2023-06-25,Paul Krans,1037,Smugglers Notch Disc Golf Center - Brewster Ridge,Brewster Ridge Gold Tees,61,18,1,14:30:00,59,-2,1009,175,True,False,18,59,True,True,True
67514,2023,MPO,2,621851,35588,35588,967,Round 2,2023-06-25,Coleman E. Marcus,982,Smugglers Notch Disc Golf Center - Brewster Ridge,Brewster Ridge Gold Tees,61,18,2,14:20:00,58,-3,1016,184,True,False,18,58,True,True,True
67514,2023,MPO,2,621851,90439,90439,1006,Round 2,2023-06-25,Lucas Oberholtzer Hess,1022,Smugglers Notch Disc Golf Center - Brewster Ridge,Brewster Ridge Gold Tees,61,18,2,14:10:00,58,-3,1016,176,True,False,18,58,True,True,True
67514,2023,MPO,2,621851,122655,122655,1005,Round 2,2023-06-25,Dylan Capaccioli,1025,Smugglers Notch Disc Golf Center - Brewster Ridge,Brewster Ridge Gold Tees,61,18,1,14:00:00,58,-3,1016,184,True,False,18,58,True,True,True
67514,2023,MPO,2,621851,143853,143853,985,Round 2,2023-06-25,Elijah Rider Brandt,1012,Smugglers Notch Disc Golf Center - Brewster Ridge,Brewster Ridge Gold Tees,61,18,2,13:40:00,58,-3,1016,186,True,False,18,58,True,True,True
67514,2023,MPO,2,621851,86844,86844,975,Round 2,2023-06-25,Jared Hill,1018,Smugglers Notch Disc Golf Center - Brewster Ridge,Brewster Ridge Gold Tees,61,18,3,14:00:00,59,-2,1009,191,True,False,18,59,True,True,True
67514,2023,MPO,2,621851,50920,50920,1007,Round 2,2023-06-25,Kyle Moriarty,1017,Smugglers Notch Disc Golf Center - Brewster Ridge,Brewster Ridge Gold Tees,61,18,3,13:50:00,59,-2,1009,178,True,False,18,59,True,True,True
67514,2023,MPO,2,621851,81739,81739,1014,Round 2,2023-06-25,Casey White,1038,Smugglers Notch Disc Golf Center - Brewster Ridge,Brewster Ridge Gold Tees,61,18,4,14:30:00,63,2,977,178,True,False,18,63,True,True,True
67514,2023,MPO,2,621851,131546,131546,1003,Round 2,2023-06-25,Harry Chace,1024,Smugglers Notch Disc Golf Center - Brewster Ridge,Brewster Ridge Gold Tees,61,18,1,14:20:00,63,2,977,181,True,False,18,63,True,True,True
67514,2023,MPO,2,621851,123861,123861,970,Round 2,2023-06-25,Brian Schweinhart,978,Smugglers Notch Disc Golf Center - Brewster Ridge,Brewster Ridge Gold Tees,61,18,1,13:40:00,61,0,993,182,True,False,18,61,True,True,True
67514,2023,MPO,2,621851,98364,98364,984,Round 2,2023-06-25,Keith Sykes,985,Smugglers Notch Disc Golf Center - Brewster Ridge,Brewster Ridge Gold Tees,61,18,3,14:10:00,63,2,977,190,True,False,18,63,True,True,True
67514,2023,MPO,2,621851,39469,39469,1012,Round 2,2023-06-25,Martin Hendel,1015,Smugglers Notch Disc Golf Center - Brewster Ridge,Brewster Ridge Gold Tees,61,18,1,13:50:00,62,1,985,182,True,False,18,62,True,True,True
67514,2023,MPO,2,621851,141999,141999,949,Round 2,2023-06-25,David Koch,955,Smugglers Notch Disc Golf Center - Brewster Ridge,Brewster Ridge Gold Tees,61,18,2,13:00:00,60,-1,1001,196,True,False,18,60,True,True,True
67514,2023,MPO,2,621851,45745,45745,999,Round 2,2023-06-25,Mark Peters,986,Smugglers Notch Disc Golf Center - Brewster Ridge,Brewster Ridge Gold Tees,61,18,2,13:50:00,63,2,977,187,True,False,18,63,True,True,True
67514,2023,MPO,2,621851,89460,89460,987,Round 2,2023-06-25,Wyatt Mahoney,1023,Smugglers Notch Disc Golf Center - Brewster Ridge,Brewster Ridge Gold Tees,61,18,1,14:10:00,65,4,962,186,True,False,18,65,True,True,True
67514,2023,MPO,2,621851,127220,127220,961,Round 2,2023-06-25,Alex Campbell,,Smugglers Notch Disc Golf Center - Brewster Ridge,Brewster Ridge Gold Tees,61,18,1,13:20:00,63,2,977,188,True,False,18,63,True,True,True
67514,2023,MPO,2,621851,67698,67698,973,Round 2,2023-06-25,Rick Steehler,964,Smugglers Notch Disc Golf Center - Brewster Ridge,Brewster Ridge Gold Tees,61,18,4,13:50:00,64,3,969,192,True,False,18,64,True,True,True
67514,2023,MPO,2,621851,75861,75861,974,Round 2,2023-06-25,Charlie Veysey,978,Smugglers Notch Disc Golf Center - Brewster Ridge,Brewster Ridge Gold Tees,61,18,2,14:00:00,65,4,962,197,True,False,18,65,True,True,True
67514,2023,MPO,2,621851,21441,21441,982,Round 2,2023-06-25,Zackary Doyle,999,Smugglers Notch Disc Golf Center - Brewster Ridge,Brewster Ridge Gold Tees,61,18,1,12:30:00,59,-2,1009,192,True,False,18,59,True,True,True
67514,2023,MPO,2,621851,169393,169393,941,Round 2,2023-06-25,Aidan Trombley,977,Smugglers Notch Disc Golf Center - Brewster Ridge,Brewster Ridge Gold Tees,61,18,1,12:50:00,61,0,993,193,True,False,18,61,True,True,True
67514,2023,MPO,2,621851,93401,93401,949,Round 2,2023-06-25,Jeffrey Russell,945,Smugglers Notch Disc Golf Center - Brewster Ridge,Brewster Ridge Gold Tees,61,18,3,13:10:00,62,1,985,194,True,False,18,62,True,True,True
67514,2023,MPO,2,621851,60666,60666,995,Round 2,2023-06-25,Christian Olsen,967,Smugglers Notch Disc Golf Center - Brewster Ridge,Brewster Ridge Gold Tees,61,18,3,14:20:00,67,6,946,198,True,False,18,67,True,True,True
67514,2023,MPO,2,621851,99166,99166,976,Round 2,2023-06-25,Ian Craveiro,986,Smugglers Notch Disc Golf Center - Brewster Ridge,Brewster Ridge Gold Tees,61,18,4,14:10:00,67,6,946,190,True,False,18,67,True,True,True
67514,2023,MPO,2,621851,129332,129332,989,Round 2,2023-06-25,David Fleck,1008,Smugglers Notch Disc Golf Center - Brewster Ridge,Brewster Ridge Gold Tees,61,18,3,14:30:00,70,9,923,187,True,False,18,70,True,True,True
67514,2023,MPO,2,621851,124607,124607,1005,Round 2,2023-06-25,Gillis MacDougall,1007,Smugglers Notch Disc Golf Center - Brewster Ridge,Brewster Ridge Gold Tees,61,18,2,11:40:00,58,-3,1016,189,True,False,18,58,True,True,True
67514,2023,MPO,2,621851,103627,103627,975,Round 2,2023-06-25,Clayton Davis,,Smugglers Notch Disc Golf Center - Brewster Ridge,Brewster Ridge Gold Tees,61,18,4,12:30:00,60,-1,1001,196,True,False,18,60,True,True,True
67514,2023,MPO,2,621851,74824,74824,977,Round 2,2023-06-25,Charles Blanchette,968,Smugglers Notch Disc Golf Center - Brewster Ridge,Brewster Ridge Gold Tees,61,18,1,13:10:00,63,2,977,197,True,False,18,63,True,True,True
67514,2023,MPO,2,621851,94840,94840,981,Round 2,2023-06-25,Josh Ocoin,992,Smugglers Notch Disc Golf Center - Brewster Ridge,Brewster Ridge Gold Tees,61,18,4,13:10:00,63,2,977,192,True,False,18,63,True,True,True
67514,2023,MPO,2,621851,47930,47930,977,Round 2,2023-06-25,Nicholas Economos,988,Smugglers Notch Disc Golf Center - Brewster Ridge,Brewster Ridge Gold Tees,61,18,4,13:40:00,65,4,962,187,True,False,18,65,True,True,True
67514,2023,MPO,2,621851,47932,47932,969,Round 2,2023-06-25,Stephen Economos,,Smugglers Notch Disc Golf Center - Brewster Ridge,Brewster Ridge Gold Tees,61,18,3,12:20:00,60,-1,1001,194,True,False,18,60,True,True,True
67514,2023,MPO,2,621851,163829,163829,961,Round 2,2023-06-25,Reuben Hagen,982,Smugglers Notch Disc Golf Center - Brewster Ridge,Brewster Ridge Gold Tees,61,18,2,12:20:00,61,0,993,198,True,False,18,61,True,True,True
67514,2023,MPO,2,621851,130868,130868,973,Round 2,2023-06-25,Remington Gaetjens,982,Smugglers Notch Disc Golf Center - Brewster Ridge,Brewster Ridge Gold Tees,61,18,4,13:00:00,63,2,977,198,True,False,18,63,True,True,True
67514,2023,MPO,2,621851,102040,102040,989,Round 2,2023-06-25,Shane McCullen,1016,Smugglers Notch Disc Golf Center - Brewster Ridge,Brewster Ridge Gold Tees,61,18,3,13:30:00,66,5,954,188,True,False,18,66,True,True,True
67514,2023,MPO,2,621851,108537,108537,980,Round 2,2023-06-25,Julien Quenneville,995,Smugglers Notch Disc Golf Center - Brewster Ridge,Brewster Ridge Gold Tees,61,18,2,14:30:00,73,12,899,197,True,False,18,73,True,True,True
67514,2023,MPO,2,621851,136903,136903,956,Round 2,2023-06-25,Alex Ferguson,957,Smugglers Notch Disc Golf Center - Brewster Ridge,Brewster Ridge Gold Tees,61,18,3,11:20:00,59,-2,1009,195,True,False,18,59,True,True,True
67514,2023,MPO,2,621851,68908,68908,982,Round 2,2023-06-25,Jaimen Hume,980,Smugglers Notch Disc Golf Center - Brewster Ridge,Brewster Ridge Gold Tees,61,18,1,11:50:00,60,-1,1001,193,True,False,18,60,True,True,True
67514,2023,MPO,2,621851,80579,80579,965,Round 2,2023-06-25,Brian Hart,960,Smugglers Notch Disc Golf Center - Brewster Ridge,Brewster Ridge Gold Tees,61,18,2,12:30:00,62,1,985,195,True,False,18,62,True,True,True
67514,2023,MPO,2,621851,119407,119407,960,Round 2,2023-06-25,Nate Hartmann,969,Smugglers Notch Disc Golf Center - Brewster Ridge,Brewster Ridge Gold Tees,61,18,1,12:20:00,62,1,985,199,True,False,18,62,True,True,True
67514,2023,MPO,2,621851,140874,140874,964,Round 2,2023-06-25,Hunter Martin,953,Smugglers Notch Disc Golf Center - Brewster Ridge,Brewster Ridge Gold Tees,61,18,3,12:40:00,63,2,977,195,True,False,18,63,True,True,True
67514,2023,MPO,2,621851,103402,103402,969,Round 2,2023-06-25,Alex Vigeant,972,Smugglers Notch Disc Golf Center - Brewster Ridge,Brewster Ridge Gold Tees,61,18,2,12:10:00,62,1,985,195,True,False,18,62,True,True,True
67514,2023,MPO,2,621851,167837,167837,961,Round 2,2023-06-25,Elijah Garrison,1004,Smugglers Notch Disc Golf Center - Brewster Ridge,Brewster Ridge Gold Tees,61,18,1,12:00:00,62,1,985,199,True,False,18,62,True,True,True
67514,2023,MPO,2,621851,101029,101029,940,Round 2,2023-06-25,Daniel Zaleski,920,Smugglers Notch Disc Golf Center - Brewster Ridge,Brewster Ridge Gold Tees,61,18,3,12:30:00,63,2,977,193,True,False,18,63,True,True,True
67514,2023,MPO,2,621851,117124,117124,960,Round 2,2023-06-25,Dean Squires Jr,970,Smugglers Notch Disc Golf Center - Brewster Ridge,Brewster Ridge Gold Tees,61,18,4,14:00:00,70,9,923,201,True,False,18,70,True,True,True
67514,2023,MPO,2,621851,130874,130874,956,Round 2,2023-06-25,Chris Rydel,942,Smugglers Notch Disc Golf Center - Brewster Ridge,Brewster Ridge Gold Tees,61,18,3,11:40:00,62,1,985,200,True,False,18,62,True,True,True
67514,2023,MPO,2,621851,81283,81283,962,Round 2,2023-06-25,Ronnie Bennett,968,Smugglers Notch Disc Golf Center - Brewster Ridge,Brewster Ridge Gold Tees,61,18,1,12:10:00,63,2,977,199,True,False,18,63,True,True,True
67514,2023,MPO,2,621851,80359,80359,951,Round 2,2023-06-25,Cody White,985,Smugglers Notch Disc Golf Center - Brewster Ridge,Brewster Ridge Gold Tees,61,18,2,13:10:00,67,6,946,207,True,False,18,67,True,True,True
67514,2023,MPO,2,621851,81618,81618,985,Round 2,2023-06-25,Bradley Good,,Smugglers Notch Disc Golf Center - Brewster Ridge,Brewster Ridge Gold Tees,61,18,1,13:30:00,69,8,930,198,True,False,18,69,True,True,True
67514,2023,MPO,2,621851,123253,123253,973,Round 2,2023-06-25,Stevie Frisch,989,Smugglers Notch Disc Golf Center - Brewster Ridge,Brewster Ridge Gold Tees,61,18,4,13:30:00,69,8,930,194,True,False,18,69,True,True,True
67514,2023,MPO,2,621851,172633,172633,991,Round 2,2023-06-25,Danny Moynihan,,Smugglers Notch Disc Golf Center - Brewster Ridge,Brewster Ridge Gold Tees,61,18,3,13:40:00,70,9,923,198,True,False,18,70,True,True,True
67514,2023,MPO,2,621851,161558,161558,964,Round 2,2023-06-25,Brad Schott,994,Smugglers Notch Disc Golf Center - Brewster Ridge,Brewster Ridge Gold Tees,61,18,1,10:50:00,61,0,993,199,True,False,18,61,True,True,True
67514,2023,MPO,2,621851,109102,109102,947,Round 2,2023-06-25,Matthew Eldredge,958,Smugglers Notch Disc Golf Center - Brewster Ridge,Brewster Ridge Gold Tees,61,18,1,11:40:00,63,2,977,205,True,False,18,63,True,True,True
67514,2023,MPO,2,621851,142744,142744,963,Round 2,2023-06-25,Abel German,974,Smugglers Notch Disc Golf Center - Brewster Ridge,Brewster Ridge Gold Tees,61,18,4,12:40:00,66,5,954,196,True,False,18,66,True,True,True
67514,2023,MPO,2,621851,140098,140098,974,Round 2,2023-06-25,Angus Barstow,980,Smugglers Notch Disc Golf Center - Brewster Ridge,Brewster Ridge Gold Tees,61,18,1,13:00:00,68,7,938,204,True,False,18,68,True,True,True
67514,2023,MPO,2,621851,100885,100885,950,Round 2,2023-06-25,Jacob Moore,945,Smugglers Notch Disc Golf Center - Brewster Ridge,Brewster Ridge Gold Tees,61,18,2,13:30:00,70,9,923,199,True,False,18,70,True,True,True
67514,2023,MPO,2,621851,120368,120368,962,Round 2,2023-06-25,Joseph Wegman,982,Smugglers Notch Disc Golf Center - Brewster Ridge,Brewster Ridge Gold Tees,61,18,1,11:20:00,63,2,977,198,True,False,18,63,True,True,True
67514,2023,MPO,2,621851,85970,85970,950,Round 2,2023-06-25,Ben Drogue,966,Smugglers Notch Disc Golf Center - Brewster Ridge,Brewster Ridge Gold Tees,61,18,3,11:50:00,64,3,969,205,True,False,18,64,True,True,True
67514,2023,MPO,2,621851,166112,166112,925,Round 2,2023-06-25,Nykolas Connors,942,Smugglers Notch Disc Golf Center - Brewster Ridge,Brewster Ridge Gold Tees,61,18,1,11:30:00,64,3,969,208,True,False,18,64,True,True,True
67514,2023,MPO,2,621851,166855,166855,964,Round 2,2023-06-25,Lawrence Warwick,972,Smugglers Notch Disc Golf Center - Brewster Ridge,Brewster Ridge Gold Tees,61,18,2,11:30:00,64,3,969,199,True,False,18,64,True,True,True
67514,2023,MPO,2,621851,142706,142706,945,Round 2,2023-06-25,Cédric Gilbert,965,Smugglers Notch Disc Golf Center - Brewster Ridge,Brewster Ridge Gold Tees,61,18,4,12:10:00,65,4,962,204,True,False,18,65,True,True,True
67514,2023,MPO,2,621851,129010,129010,989,Round 2,2023-06-25,Andres Ripley,1014,Smugglers Notch Disc Golf Center - Brewster Ridge,Brewster Ridge Gold Tees,61,18,4,13:20:00,70,9,923,194,True,False,18,70,True,True,True
67514,2023,MPO,2,621851,204892,204892,940,Round 2,2023-06-25,Tiernan Roland,973,Smugglers Notch Disc Golf Center - Brewster Ridge,Brewster Ridge Gold Tees,61,18,3,13:20:00,71,10,915,210,True,False,18,71,True,True,True
67514,2023,MPO,2,621851,148801,148801,969,Round 2,2023-06-25,Tucker Kozloski,982,Smugglers Notch Disc Golf Center - Brewster Ridge,Brewster Ridge Gold Tees,61,18,1,11:10:00,64,3,969,206,True,False,18,64,True,True,True
67514,2023,MPO,2,621851,101589,101589,943,Round 2,2023-06-25,Joey de Ondarza,948,Smugglers Notch Disc Golf Center - Brewster Ridge,Brewster Ridge Gold Tees,61,18,4,11:50:00,65,4,962,200,True,False,18,65,True,True,True
67514,2023,MPO,2,621851,164158,164158,949,Round 2,2023-06-25,Alex Raub,,Smugglers Notch Disc Golf Center - Brewster Ridge,Brewster Ridge Gold Tees,61,18,4,11:40:00,65,4,962,208,True,False,18,65,True,True,True
67514,2023,MPO,2,621851,95343,95343,957,Round 2,2023-06-25,Dylan Adjutant,962,Smugglers Notch Disc Golf Center - Brewster Ridge,Brewster Ridge Gold Tees,61,18,3,12:50:00,68,7,938,199,True,False,18,68,True,True,True
67514,2023,MPO,2,621851,109176,109176,940,Round 2,2023-06-25,Rory Duffy,,Smugglers Notch Disc Golf Center - Brewster Ridge,Brewster Ridge Gold Tees,61,18,3,13:00:00,69,8,930,207,True,False,18,69,True,True,True
67514,2023,MPO,2,621851,159683,159683,919,Round 2,2023-06-25,Robin Stewart DeMartino,,Smugglers Notch Disc Golf Center - Brewster Ridge,Brewster Ridge Gold Tees,61,18,2,11:10:00,65,4,962,211,True,False,18,65,True,True,True
67514,2023,MPO,2,621851,129083,129083,976,Round 2,2023-06-25,Riley Douglas,953,Smugglers Notch Disc Golf Center - Brewster Ridge,Brewster Ridge Gold Tees,61,18,2,13:20:00,73,12,899,211,True,False,18,73,True,True,True
67514,2023,MPO,2,621851,49211,49211,933,Round 2,2023-06-25,Joe Bishop,930,Smugglers Notch Disc Golf Center - Brewster Ridge,Brewster Ridge Gold Tees,61,18,3,11:10:00,65,4,962,212,True,False,18,65,True,True,True
67514,2023,MPO,2,621851,94436,94436,931,Round 2,2023-06-25,Joseph Haggett,922,Smugglers Notch Disc Golf Center - Brewster Ridge,Brewster Ridge Gold Tees,61,18,4,11:30:00,66,5,954,210,True,False,18,66,True,True,True
67514,2023,MPO,2,621851,147445,147445,948,Round 2,2023-06-25,Corey Martin,983,Smugglers Notch Disc Golf Center - Brewster Ridge,Brewster Ridge Gold Tees,61,18,4,11:20:00,66,5,954,209,True,False,18,66,True,True,True
67514,2023,MPO,2,621851,90675,90675,941,Round 2,2023-06-25,Nathan Grimes,,Smugglers Notch Disc Golf Center - Brewster Ridge,Brewster Ridge Gold Tees,61,18,2,12:50:00,70,9,923,,True,False,18,70,True,True,True
67514,2023,MPO,2,621851,125328,125328,929,Round 2,2023-06-25,Dana Carpenter,,Smugglers Notch Disc Golf Center - Brewster Ridge,Brewster Ridge Gold Tees,61,18,2,10:30:00,63,2,977,213,True,False,18,63,True,True,True
67514,2023,MPO,2,621851,92402,92402,961,Round 2,2023-06-25,Bradley Howard II,966,Smugglers Notch Disc Golf Center - Brewster Ridge,Brewster Ridge Gold Tees,61,18,4,10:50:00,65,4,962,202,True,False,18,65,True,True,True
67514,2023,MPO,2,621851,84923,84923,969,Round 2,2023-06-25,Ryan Begley,976,Smugglers Notch Disc Golf Center - Brewster Ridge,Brewster Ridge Gold Tees,61,18,2,11:50:00,68,7,938,208,True,False,18,68,True,True,True
67514,2023,MPO,2,621851,107908,107908,920,Round 2,2023-06-25,Zachary Deraspe,926,Smugglers Notch Disc Golf Center - Brewster Ridge,Brewster Ridge Gold Tees,61,18,3,12:10:00,69,8,930,222,True,False,18,69,True,True,True
67514,2023,MPO,2,621851,177211,177211,964,Round 2,2023-06-25,Matthew Geffert,1005,Smugglers Notch Disc Golf Center - Brewster Ridge,Brewster Ridge Gold Tees,61,18,2,12:00:00,69,8,930,204,True,False,18,69,True,True,True
67514,2023,MPO,2,621851,203954,203954,956,Round 2,2023-06-25,Issiac Christiansen,978,Smugglers Notch Disc Golf Center - Brewster Ridge,Brewster Ridge Gold Tees,61,18,3,12:00:00,69,8,930,208,True,False,18,69,True,True,True
67514,2023,MPO,2,621851,96412,96412,949,Round 2,2023-06-25,Benjamin Mondor,957,Smugglers Notch Disc Golf Center - Brewster Ridge,Brewster Ridge Gold Tees,61,18,1,12:40:00,71,10,915,207,True,False,18,71,True,True,True
67514,2023,MPO,2,621851,109086,109086,953,Round 2,2023-06-25,Aaron Schlossberg,947,Smugglers Notch Disc Golf Center - Brewster Ridge,Brewster Ridge Gold Tees,61,18,2,12:40:00,71,10,915,204,True,False,18,71,True,True,True
67514,2023,MPO,2,621851,104020,104020,960,Round 2,2023-06-25,Vaughn Hultgren,936,Smugglers Notch Disc Golf Center - Brewster Ridge,Brewster Ridge Gold Tees,61,18,4,11:10:00,67,6,946,206,True,False,18,67,True,True,True
67514,2023,MPO,2,621851,96355,96355,914,Round 2,2023-06-25,Louis Annino,906,Smugglers Notch Disc Golf Center - Brewster Ridge,Brewster Ridge Gold Tees,61,18,1,10:20:00,64,3,969,214,True,False,18,64,True,True,True
67514,2023,MPO,2,621851,94517,94517,954,Round 2,2023-06-25,Anthony Webb,973,Smugglers Notch Disc Golf Center - Brewster Ridge,Brewster Ridge Gold Tees,61,18,1,10:30:00,65,4,962,210,True,False,18,65,True,True,True
67514,2023,MPO,2,621851,74052,74052,963,Round 2,2023-06-25,David Normand II,965,Smugglers Notch Disc Golf Center - Brewster Ridge,Brewster Ridge Gold Tees,61,18,2,10:50:00,67,6,946,214,True,False,18,67,True,True,True
67514,2023,MPO,2,621851,94450,94450,979,Round 2,2023-06-25,Brendan Rollins,958,Smugglers Notch Disc Golf Center - Brewster Ridge,Brewster Ridge Gold Tees,61,18,1,10:40:00,67,6,946,210,True,False,18,67,True,True,True
67514,2023,MPO,2,621851,118928,118928,952,Round 2,2023-06-25,Tyler Pomichter,926,Smugglers Notch Disc Golf Center - Brewster Ridge,Brewster Ridge Gold Tees,61,18,2,11:00:00,68,7,938,211,True,False,18,68,True,True,True
67514,2023,MPO,2,621851,134049,134049,952,Round 2,2023-06-25,Christopher Parks,954,Smugglers Notch Disc Golf Center - Brewster Ridge,Brewster Ridge Gold Tees,61,18,2,11:20:00,69,8,930,212,True,False,18,69,True,True,True
67514,2023,MPO,2,621851,71688,71688,906,Round 2,2023-06-25,Collin Pope,889,Smugglers Notch Disc Golf Center - Brewster Ridge,Brewster Ridge Gold Tees,61,18,3,10:40:00,67,6,946,213,True,False,18,67,True,True,True
67514,2023,MPO,2,621851,65365,65365,949,Round 2,2023-06-25,Adam Harris,933,Smugglers Notch Disc Golf Center - Brewster Ridge,Brewster Ridge Gold Tees,61,18,4,12:00:00,71,10,915,203,True,False,18,71,True,True,True
67514,2023,MPO,2,621851,85063,85063,892,Round 2,2023-06-25,Gregory Peterson,935,Smugglers Notch Disc Golf Center - Brewster Ridge,Brewster Ridge Gold Tees,61,18,3,10:50:00,69,8,930,212,True,False,18,69,True,True,True
67514,2023,MPO,2,621851,114024,114024,976,Round 2,2023-06-25,Matt Armstrong,1002,Smugglers Notch Disc Golf Center - Brewster Ridge,Brewster Ridge Gold Tees,61,18,1,11:00:00,70,9,923,206,True,False,18,70,True,True,True
67514,2023,MPO,2,621851,58817,58817,944,Round 2,2023-06-25,Daniel Williams,,Smugglers Notch Disc Golf Center - Brewster Ridge,Brewster Ridge Gold Tees,61,18,4,12:20:00,73,12,899,217,True,False,18,73,True,True,True
67514,2023,MPO,2,621851,102917,102917,962,Round 2,2023-06-25,Kyle Van Gelder,953,Smugglers Notch Disc Golf Center - Brewster Ridge,Brewster Ridge Gold Tees,61,18,2,10:40:00,70,9,923,218,True,False,18,70,True,True,True
67514,2023,MPO,2,621851,139162,139162,942,Round 2,2023-06-25,Aaron LeBlanc,,Smugglers Notch Disc Golf Center - Brewster Ridge,Brewster Ridge Gold Tees,61,18,2,10:20:00,68,7,938,214,True,False,18,68,True,True,True
67514,2023,MPO,2,621851,178379,178379,940,Round 2,2023-06-25,Tyler Tiede,980,Smugglers Notch Disc Golf Center - Brewster Ridge,Brewster Ridge Gold Tees,61,18,3,10:30:00,69,8,930,209,True,False,18,69,True,True,True
67514,2023,MPO,2,621851,121362,121362,950,Round 2,2023-06-25,Jonathan Russo,951,Smugglers Notch Disc Golf Center - Brewster Ridge,Brewster Ridge Gold Tees,61,18,3,11:00:00,72,11,907,212,True,False,18,72,True,True,True
67514,2023,MPO,2,621851,73774,73774,920,Round 2,2023-06-25,Phil Lerch Denoncourt,924,Smugglers Notch Disc Golf Center - Brewster Ridge,Brewster Ridge Gold Tees,61,18,3,11:30:00,73,12,899,213,True,False,18,73,True,True,True
67514,2023,MPO,2,621851,187845,187845,921,Round 2,2023-06-25,Shane Seals,962,Smugglers Notch Disc Golf Center - Brewster Ridge,Brewster Ridge Gold Tees,61,18,3,10:20:00,69,8,930,220,True,False,18,69,True,True,True
67514,2023,MPO,2,621851,161510,161510,906,Round 2,2023-06-25,TJ Rubin,919,Smugglers Notch Disc Golf Center - Brewster Ridge,Brewster Ridge Gold Tees,61,18,4,11:00:00,75,14,883,221,True,False,18,75,True,True,True
67514,2023,MPO,2,621851,101829,101829,935,Round 2,2023-06-25,Joshua Storgaard,,Smugglers Notch Disc Golf Center - Brewster Ridge,Brewster Ridge Gold Tees,61,18,4,10:20:00,73,12,899,237,True,False,18,73,True,True,True
67514,2023,MPO,2,621851,103973,103973,961,Round 2,2023-06-25,Oliver Kelley,,Smugglers Notch Disc Golf Center - Brewster Ridge,Brewster Ridge Gold Tees,61,18,1,10:10:00,74,13,891,233,True,False,18,74,True,True,True
67514,2023,MPO,2,621851,55277,55277,929,Round 2,2023-06-25,Nate Reiner,946,Smugglers Notch Disc Golf Center - Brewster Ridge,Brewster Ridge Gold Tees,61,18,3,10:10:00,70,9,923,220,True,False,18,70,True,True,True
67514,2023,MPO,2,621851,189129,189129,921,Round 2,2023-06-25,Marc-Alliocha Rudolf,941,Smugglers Notch Disc Golf Center - Brewster Ridge,Brewster Ridge Gold Tees,61,18,4,10:10:00,70,9,923,229,True,False,18,70,True,True,True
67514,2023,MPO,2,621851,65941,65941,929,Round 2,2023-06-25,Adam Abruzzi,950,Smugglers Notch Disc Golf Center - Brewster Ridge,Brewster Ridge Gold Tees,61,18,2,10:10:00,73,12,899,230,True,False,18,73,True,True,True
67514,2023,MPO,2,621851,168047,168047,894,Round 2,2023-06-25,Jim Desisto,915,Smugglers Notch Disc Golf Center - Brewster Ridge,Brewster Ridge Gold Tees,61,18,2,10:00:00,79,18,852,,True,False,18,79,True,True,True
67514,2023,MPO,2,621851,106970,106970,837,Round 2,2023-06-25,Stefan Farrell,852,Smugglers Notch Disc Golf Center - Brewster Ridge,Brewster Ridge Gold Tees,61,18,1,10:00:00,80,19,844,246,True,False,18,80,True,True,True
67514,2023,MPO,2,621851,248718,248718,840,Round 2,2023-06-25,Keane Roland,916,Smugglers Notch Disc Golf Center - Brewster Ridge,Brewster Ridge Gold Tees,61,18,3,10:00:00,80,19,844,255,True,False,18,80,True,True,True
67514,2023,MPO,2,621851,85036,85036,918,Round 2,2023-06-25,Nolan Power,,Smugglers Notch Disc Golf Center - Brewster Ridge,Brewster Ridge Gold Tees,61,18,4,10:30:00,888,827,,888,True,False,0,,False,False,False
67514,2023,MPO,2,621851,168321,168321,962,Round 2,2023-06-25,Kyle Hirsch,992,Smugglers Notch Disc Golf Center - Brewster Ridge,Brewster Ridge Gold Tees,61,18,2,14:20:00,,,,,True,True,0,,False,False,False
67514,2023,MPO,2,621851,86338,86338,967,Round 2,2023-06-25,Tyler Blanchet,973,Smugglers Notch Disc Golf Center - Brewster Ridge,Brewster Ridge Gold Tees,61,18,2,12:50:00,,,,,True,True,0,,False,False,False
67514,2023,MPO,2,621851,54700,54700,945,Round 2,2023-06-25,Nicholas Muth,944,Smugglers Notch Disc Golf Center - Brewster Ridge,Brewster Ridge Gold Tees,61,18,4,10:40:00,,,,,True,True,0,,False,False,False
67514,2023,MPO,3,621854,132521,132521,1017,Round 3,2023-06-25,Paul Krans,1037,Smugglers Notch Disc Golf Center - Fox Run,Fox Run Meadows Gold Tees,63,18,1,14:20:00,63,0,998,175,True,False,18,63,True,True,True
67514,2023,MPO,3,621854,90439,90439,1006,Round 3,2023-06-25,Lucas Oberholtzer Hess,1022,Smugglers Notch Disc Golf Center - Fox Run,Fox Run Meadows Gold Tees,63,18,3,14:20:00,58,-5,1035,176,True,False,18,58,True,True,True
67514,2023,MPO,3,621854,50920,50920,1007,Round 3,2023-06-25,Kyle Moriarty,1017,Smugglers Notch Disc Golf Center - Fox Run,Fox Run Meadows Gold Tees,63,18,3,14:10:00,57,-6,1042,178,True,False,18,57,True,True,True
67514,2023,MPO,3,621854,81739,81739,1014,Round 3,2023-06-25,Casey White,1038,Smugglers Notch Disc Golf Center - Fox Run,Fox Run Meadows Gold Tees,63,18,4,14:10:00,57,-6,1042,178,True,False,18,57,True,True,True
67514,2023,MPO,3,621854,131546,131546,1003,Round 3,2023-06-25,Harry Chace,1024,Smugglers Notch Disc Golf Center - Fox Run,Fox Run Meadows Gold Tees,63,18,1,14:00:00,59,-4,1027,181,True,False,18,59,True,True,True
67514,2023,MPO,3,621854,39469,39469,1012,Round 3,2023-06-25,Martin Hendel,1015,Smugglers Notch Disc Golf Center - Fox Run,Fox Run Meadows Gold Tees,63,18,4,14:00:00,58,-5,1035,182,True,False,18,58,True,True,True
67514,2023,MPO,3,621854,123861,123861,970,Round 3,2023-06-25,Brian Schweinhart,978,Smugglers Notch Disc Golf Center - Fox Run,Fox Run Meadows Gold Tees,63,18,2,14:00:00,59,-4,1027,182,True,False,18,59,True,True,True
67514,2023,MPO,3,621854,35588,35588,967,Round 3,2023-06-25,Coleman E. Marcus,982,Smugglers Notch Disc Golf Center - Fox Run,Fox Run Meadows Gold Tees,63,18,2,14:20:00,66,3,977,184,True,False,18,66,True,True,True
67514,2023,MPO,3,621854,122655,122655,1005,Round 3,2023-06-25,Dylan Capaccioli,1025,Smugglers Notch Disc Golf Center - Fox Run,Fox Run Meadows Gold Tees,63,18,4,14:20:00,66,3,977,184,True,False,18,66,True,True,True
67514,2023,MPO,3,621854,89460,89460,987,Round 3,2023-06-25,Wyatt Mahoney,1023,Smugglers Notch Disc Golf Center - Fox Run,Fox Run Meadows Gold Tees,63,18,3,13:50:00,61,-2,1013,186,True,False,18,61,True,True,True
67514,2023,MPO,3,621854,143853,143853,985,Round 3,2023-06-25,Elijah Rider Brandt,1012,Smugglers Notch Disc Golf Center - Fox Run,Fox Run Meadows Gold Tees,63,18,1,14:10:00,66,3,977,186,True,False,18,66,True,True,True
67514,2023,MPO,3,621854,47930,47930,977,Round 3,2023-06-25,Nicholas Economos,988,Smugglers Notch Disc Golf Center - Fox Run,Fox Run Meadows Gold Tees,63,18,1,13:10:00,59,-4,1027,187,True,False,18,59,True,True,True
67514,2023,MPO,3,621854,129332,129332,989,Round 3,2023-06-25,David Fleck,1008,Smugglers Notch Disc Golf Center - Fox Run,Fox Run Meadows Gold Tees,63,18,4,13:30:00,60,-3,1020,187,True,False,18,60,True,True,True
67514,2023,MPO,3,621854,45745,45745,999,Round 3,2023-06-25,Mark Peters,986,Smugglers Notch Disc Golf Center - Fox Run,Fox Run Meadows Gold Tees,63,18,2,13:50:00,62,-1,1006,187,True,False,18,62,True,True,True
67514,2023,MPO,3,621854,102040,102040,989,Round 3,2023-06-25,Shane McCullen,1016,Smugglers Notch Disc Golf Center - Fox Run,Fox Run Meadows Gold Tees,63,18,1,13:00:00,59,-4,1027,188,True,False,18,59,True,True,True
67514,2023,MPO,3,621854,127220,127220,961,Round 3,2023-06-25,Alex Campbell,,Smugglers Notch Disc Golf Center - Fox Run,Fox Run Meadows Gold Tees,63,18,4,13:50:00,62,-1,1006,188,True,False,18,62,True,True,True
67514,2023,MPO,3,621854,124607,124607,1005,Round 3,2023-06-25,Gillis MacDougall,1007,Smugglers Notch Disc Golf Center - Fox Run,Fox Run Meadows Gold Tees,63,18,1,13:20:00,61,-2,1013,189,True,False,18,61,True,True,True
67514,2023,MPO,3,621854,99166,99166,976,Round 3,2023-06-25,Ian Craveiro,986,Smugglers Notch Disc Golf Center - Fox Run,Fox Run Meadows Gold Tees,63,18,3,13:30:00,63,0,998,190,True,False,18,63,True,True,True
67514,2023,MPO,3,621854,98364,98364,984,Round 3,2023-06-25,Keith Sykes,985,Smugglers Notch Disc Golf Center - Fox Run,Fox Run Meadows Gold Tees,63,18,3,14:00:00,67,4,969,190,True,False,18,67,True,True,True
67514,2023,MPO,3,621854,86844,86844,975,Round 3,2023-06-25,Jared Hill,1018,Smugglers Notch Disc Golf Center - Fox Run,Fox Run Meadows Gold Tees,63,18,2,14:10:00,71,8,941,191,True,False,18,71,True,True,True
67514,2023,MPO,3,621854,94840,94840,981,Round 3,2023-06-25,Josh Ocoin,992,Smugglers Notch Disc Golf Center - Fox Run,Fox Run Meadows Gold Tees,63,18,4,13:20:00,64,1,991,192,True,False,18,64,True,True,True
67514,2023,MPO,3,621854,21441,21441,982,Round 3,2023-06-25,Zackary Doyle,999,Smugglers Notch Disc Golf Center - Fox Run,Fox Run Meadows Gold Tees,63,18,3,13:40:00,65,2,984,192,True,False,18,65,True,True,True
67514,2023,MPO,3,621854,67698,67698,973,Round 3,2023-06-25,Rick Steehler,964,Smugglers Notch Disc Golf Center - Fox Run,Fox Run Meadows Gold Tees,63,18,1,13:40:00,66,3,977,192,True,False,18,66,True,True,True
67514,2023,MPO,3,621854,101029,101029,940,Round 3,2023-06-25,Daniel Zaleski,920,Smugglers Notch Disc Golf Center - Fox Run,Fox Run Meadows Gold Tees,63,18,2,12:40:00,62,-1,1006,193,True,False,18,62,True,True,True
67514,2023,MPO,3,621854,68908,68908,982,Round 3,2023-06-25,Jaimen Hume,980,Smugglers Notch Disc Golf Center - Fox Run,Fox Run Meadows Gold Tees,63,18,4,13:00:00,63,0,998,193,True,False,18,63,True,True,True
67514,2023,MPO,3,621854,169393,169393,941,Round 3,2023-06-25,Aidan Trombley,977,Smugglers Notch Disc Golf Center - Fox Run,Fox Run Meadows Gold Tees,63,18,4,13:40:00,66,3,977,193,True,False,18,66,True,True,True
67514,2023,MPO,3,621854,129010,129010,989,Round 3,2023-06-25,Andres Ripley,1014,Smugglers Notch Disc Golf Center - Fox Run,Fox Run Meadows Gold Tees,63,18,4,12:00:00,60,-3,1020,194,True,False,18,60,True,True,True
67514,2023,MPO,3,621854,123253,123253,973,Round 3,2023-06-25,Stevie Frisch,989,Smugglers Notch Disc Golf Center - Fox Run,Fox Run Meadows Gold Tees,63,18,4,12:30:00,62,-1,1006,194,True,False,18,62,True,True,True
67514,2023,MPO,3,621854,47932,47932,969,Round 3,2023-06-25,Stephen Economos,,Smugglers Notch Disc Golf Center - Fox Run,Fox Run Meadows Gold Tees,63,18,2,13:10:00,65,2,984,194,True,False,18,65,True,True,True
67514,2023,MPO,3,621854,93401,93401,949,Round 3,2023-06-25,Jeffrey Russell,945,Smugglers Notch Disc Golf Center - Fox Run,Fox Run Meadows Gold Tees,63,18,1,13:30:00,67,4,969,194,True,False,18,67,True,True,True
67514,2023,MPO,3,621854,103402,103402,969,Round 3,2023-06-25,Alex Vigeant,972,Smugglers Notch Disc Golf Center - Fox Run,Fox Run Meadows Gold Tees,63,18,4,12:50:00,64,1,991,195,True,False,18,64,True,True,True
67514,2023,MPO,3,621854,136903,136903,956,Round 3,2023-06-25,Alex Ferguson,957,Smugglers Notch Disc Golf Center - Fox Run,Fox Run Meadows Gold Tees,63,18,3,13:00:00,65,2,984,195,True,False,18,65,True,True,True
67514,2023,MPO,3,621854,80579,80579,965,Round 3,2023-06-25,Brian Hart,960,Smugglers Notch Disc Golf Center - Fox Run,Fox Run Meadows Gold Tees,63,18,1,12:50:00,65,2,984,195,True,False,18,65,True,True,True
67514,2023,MPO,3,621854,140874,140874,964,Round 3,2023-06-25,Hunter Martin,953,Smugglers Notch Disc Golf Center - Fox Run,Fox Run Meadows Gold Tees,63,18,3,12:50:00,65,2,984,195,True,False,18,65,True,True,True
67514,2023,MPO,3,621854,142744,142744,963,Round 3,2023-06-25,Abel German,974,Smugglers Notch Disc Golf Center - Fox Run,Fox Run Meadows Gold Tees,63,18,4,12:20:00,63,0,998,196,True,False,18,63,True,True,True
67514,2023,MPO,3,621854,103627,103627,975,Round 3,2023-06-25,Clayton Davis,,Smugglers Notch Disc Golf Center - Fox Run,Fox Run Meadows Gold Tees,63,18,2,13:20:00,68,5,962,196,True,False,18,68,True,True,True
67514,2023,MPO,3,621854,141999,141999,949,Round 3,2023-06-25,David Koch,955,Smugglers Notch Disc Golf Center - Fox Run,Fox Run Meadows Gold Tees,63,18,1,13:50:00,71,8,941,196,True,False,18,71,True,True,True
67514,2023,MPO,3,621854,108537,108537,980,Round 3,2023-06-25,Julien Quenneville,995,Smugglers Notch Disc Golf Center - Fox Run,Fox Run Meadows Gold Tees,63,18,2,13:00:00,68,5,962,197,True,False,18,68,True,True,True
67514,2023,MPO,3,621854,74824,74824,977,Round 3,2023-06-25,Charles Blanchette,968,Smugglers Notch Disc Golf Center - Fox Run,Fox Run Meadows Gold Tees,63,18,3,13:20:00,69,6,955,197,True,False,18,69,True,True,True
67514,2023,MPO,3,621854,75861,75861,974,Round 3,2023-06-25,Charlie Veysey,978,Smugglers Notch Disc Golf Center - Fox Run,Fox Run Meadows Gold Tees,63,18,2,13:40:00,71,8,941,197,True,False,18,71,True,True,True
67514,2023,MPO,3,621854,120368,120368,962,Round 3,2023-06-25,Joseph Wegman,982,Smugglers Notch Disc Golf Center - Fox Run,Fox Run Meadows Gold Tees,63,18,3,12:10:00,64,1,991,198,True,False,18,64,True,True,True
67514,2023,MPO,3,621854,81618,81618,985,Round 3,2023-06-25,Bradley Good,,Smugglers Notch Disc Golf Center - Fox Run,Fox Run Meadows Gold Tees,63,18,3,12:30:00,66,3,977,198,True,False,18,66,True,True,True
67514,2023,MPO,3,621854,172633,172633,991,Round 3,2023-06-25,Danny Moynihan,,Smugglers Notch Disc Golf Center - Fox Run,Fox Run Meadows Gold Tees,63,18,1,12:20:00,66,3,977,198,True,False,18,66,True,True,True
67514,2023,MPO,3,621854,163829,163829,961,Round 3,2023-06-25,Reuben Hagen,982,Smugglers Notch Disc Golf Center - Fox Run,Fox Run Meadows Gold Tees,63,18,3,13:10:00,69,6,955,198,True,False,18,69,True,True,True
67514,2023,MPO,3,621854,130868,130868,973,Round 3,2023-06-25,Remington Gaetjens,982,Smugglers Notch Disc Golf Center - Fox Run,Fox Run Meadows Gold Tees,63,18,4,13:10:00,69,6,955,198,True,False,18,69,True,True,True
67514,2023,MPO,3,621854,60666,60666,995,Round 3,2023-06-25,Christian Olsen,967,Smugglers Notch Disc Golf Center - Fox Run,Fox Run Meadows Gold Tees,63,18,2,13:30:00,71,8,941,198,True,False,18,71,True,True,True
67514,2023,MPO,3,621854,95343,95343,957,Round 3,2023-06-25,Dylan Adjutant,962,Smugglers Notch Disc Golf Center - Fox Run,Fox Run Meadows Gold Tees,63,18,1,11:40:00,64,1,991,199,True,False,18,64,True,True,True
67514,2023,MPO,3,621854,166855,166855,964,Round 3,2023-06-25,Lawrence Warwick,972,Smugglers Notch Disc Golf Center - Fox Run,Fox Run Meadows Gold Tees,63,18,2,12:00:00,65,2,984,199,True,False,18,65,True,True,True
67514,2023,MPO,3,621854,161558,161558,964,Round 3,2023-06-25,Brad Schott,994,Smugglers Notch Disc Golf Center - Fox Run,Fox Run Meadows Gold Tees,63,18,2,12:20:00,66,3,977,199,True,False,18,66,True,True,True
67514,2023,MPO,3,621854,100885,100885,950,Round 3,2023-06-25,Jacob Moore,945,Smugglers Notch Disc Golf Center - Fox Run,Fox Run Meadows Gold Tees,63,18,2,12:10:00,66,3,977,199,True,False,18,66,True,True,True
67514,2023,MPO,3,621854,81283,81283,962,Round 3,2023-06-25,Ronnie Bennett,968,Smugglers Notch Disc Golf Center - Fox Run,Fox Run Meadows Gold Tees,63,18,1,12:30:00,67,4,969,199,True,False,18,67,True,True,True
67514,2023,MPO,3,621854,167837,167837,961,Round 3,2023-06-25,Elijah Garrison,1004,Smugglers Notch Disc Golf Center - Fox Run,Fox Run Meadows Gold Tees,63,18,1,12:40:00,68,5,962,199,True,False,18,68,True,True,True
67514,2023,MPO,3,621854,119407,119407,960,Round 3,2023-06-25,Nate Hartmann,969,Smugglers Notch Disc Golf Center - Fox Run,Fox Run Meadows Gold Tees,63,18,2,12:50:00,69,6,955,199,True,False,18,69,True,True,True
67514,2023,MPO,3,621854,101589,101589,943,Round 3,2023-06-25,Joey de Ondarza,948,Smugglers Notch Disc Golf Center - Fox Run,Fox Run Meadows Gold Tees,63,18,3,11:50:00,65,2,984,200,True,False,18,65,True,True,True
67514,2023,MPO,3,621854,130874,130874,956,Round 3,2023-06-25,Chris Rydel,942,Smugglers Notch Disc Golf Center - Fox Run,Fox Run Meadows Gold Tees,63,18,4,12:40:00,68,5,962,200,True,False,18,68,True,True,True
67514,2023,MPO,3,621854,117124,117124,960,Round 3,2023-06-25,Dean Squires Jr,970,Smugglers Notch Disc Golf Center - Fox Run,Fox Run Meadows Gold Tees,63,18,3,12:40:00,70,7,948,201,True,False,18,70,True,True,True
67514,2023,MPO,3,621854,92402,92402,961,Round 3,2023-06-25,Bradley Howard II,966,Smugglers Notch Disc Golf Center - Fox Run,Fox Run Meadows Gold Tees,63,18,2,11:20:00,64,1,991,202,True,False,18,64,True,True,True
67514,2023,MPO,3,621854,65365,65365,949,Round 3,2023-06-25,Adam Harris,933,Smugglers Notch Disc Golf Center - Fox Run,Fox Run Meadows Gold Tees,63,18,1,10:40:00,62,-1,1006,203,True,False,18,62,True,True,True
67514,2023,MPO,3,621854,177211,177211,964,Round 3,2023-06-25,Matthew Geffert,1005,Smugglers Notch Disc Golf Center - Fox Run,Fox Run Meadows Gold Tees,63,18,1,11:10:00,66,3,977,204,True,False,18,66,True,True,True
67514,2023,MPO,3,621854,109086,109086,953,Round 3,2023-06-25,Aaron Schlossberg,947,Smugglers Notch Disc Golf Center - Fox Run,Fox Run Meadows Gold Tees,63,18,4,11:10:00,66,3,977,204,True,False,18,66,True,True,True
67514,2023,MPO,3,621854,142706,142706,945,Round 3,2023-06-25,Cédric Gilbert,965,Smugglers Notch Disc Golf Center - Fox Run,Fox Run Meadows Gold Tees,63,18,3,12:00:00,70,7,948,204,True,False,18,70,True,True,True
67514,2023,MPO,3,621854,140098,140098,974,Round 3,2023-06-25,Angus Barstow,980,Smugglers Notch Disc Golf Center - Fox Run,Fox Run Meadows Gold Tees,63,18,1,12:10:00,71,8,941,204,True,False,18,71,True,True,True
67514,2023,MPO,3,621854,85970,85970,950,Round 3,2023-06-25,Ben Drogue,966,Smugglers Notch Disc Golf Center - Fox Run,Fox Run Meadows Gold Tees,63,18,4,12:10:00,71,8,941,205,True,False,18,71,True,True,True
67514,2023,MPO,3,621854,109102,109102,947,Round 3,2023-06-25,Matthew Eldredge,958,Smugglers Notch Disc Golf Center - Fox Run,Fox Run Meadows Gold Tees,63,18,3,12:20:00,72,9,933,205,True,False,18,72,True,True,True
67514,2023,MPO,3,621854,114024,114024,976,Round 3,2023-06-25,Matt Armstrong,1002,Smugglers Notch Disc Golf Center - Fox Run,Fox Run Meadows Gold Tees,63,18,3,10:40:00,64,1,991,206,True,False,18,64,True,True,True
67514,2023,MPO,3,621854,104020,104020,960,Round 3,2023-06-25,Vaughn Hultgren,936,Smugglers Notch Disc Golf Center - Fox Run,Fox Run Meadows Gold Tees,63,18,1,11:00:00,67,4,969,206,True,False,18,67,True,True,True
67514,2023,MPO,3,621854,148801,148801,969,Round 3,2023-06-25,Tucker Kozloski,982,Smugglers Notch Disc Golf Center - Fox Run,Fox Run Meadows Gold Tees,63,18,2,11:50:00,71,8,941,206,True,False,18,71,True,True,True
67514,2023,MPO,3,621854,96412,96412,949,Round 3,2023-06-25,Benjamin Mondor,957,Smugglers Notch Disc Golf Center - Fox Run,Fox Run Meadows Gold Tees,63,18,3,11:10:00,69,6,955,207,True,False,18,69,True,True,True
67514,2023,MPO,3,621854,109176,109176,940,Round 3,2023-06-25,Rory Duffy,,Smugglers Notch Disc Golf Center - Fox Run,Fox Run Meadows Gold Tees,63,18,2,11:40:00,72,9,933,207,True,False,18,72,True,True,True
67514,2023,MPO,3,621854,80359,80359,951,Round 3,2023-06-25,Cody White,985,Smugglers Notch Disc Golf Center - Fox Run,Fox Run Meadows Gold Tees,63,18,2,12:30:00,75,12,912,207,True,False,18,75,True,True,True
67514,2023,MPO,3,621854,84923,84923,969,Round 3,2023-06-25,Ryan Begley,976,Smugglers Notch Disc Golf Center - Fox Run,Fox Run Meadows Gold Tees,63,18,3,11:20:00,70,7,948,208,True,False,18,70,True,True,True
67514,2023,MPO,3,621854,203954,203954,956,Round 3,2023-06-25,Issiac Christiansen,978,Smugglers Notch Disc Golf Center - Fox Run,Fox Run Meadows Gold Tees,63,18,2,11:10:00,70,7,948,208,True,False,18,70,True,True,True
67514,2023,MPO,3,621854,164158,164158,949,Round 3,2023-06-25,Alex Raub,,Smugglers Notch Disc Golf Center - Fox Run,Fox Run Meadows Gold Tees,63,18,4,11:50:00,73,10,926,208,True,False,18,73,True,True,True
67514,2023,MPO,3,621854,166112,166112,925,Round 3,2023-06-25,Nykolas Connors,942,Smugglers Notch Disc Golf Center - Fox Run,Fox Run Meadows Gold Tees,63,18,1,12:00:00,74,11,919,208,True,False,18,74,True,True,True
67514,2023,MPO,3,621854,178379,178379,940,Round 3,2023-06-25,Tyler Tiede,980,Smugglers Notch Disc Golf Center - Fox Run,Fox Run Meadows Gold Tees,63,18,3,10:30:00,65,2,984,209,True,False,18,65,True,True,True
67514,2023,MPO,3,621854,147445,147445,948,Round 3,2023-06-25,Corey Martin,983,Smugglers Notch Disc Golf Center - Fox Run,Fox Run Meadows Gold Tees,63,18,3,11:30:00,72,9,933,209,True,False,18,72,True,True,True
67514,2023,MPO,3,621854,94517,94517,954,Round 3,2023-06-25,Anthony Webb,973,Smugglers Notch Disc Golf Center - Fox Run,Fox Run Meadows Gold Tees,63,18,3,11:00:00,70,7,948,210,True,False,18,70,True,True,True
67514,2023,MPO,3,621854,94450,94450,979,Round 3,2023-06-25,Brendan Rollins,958,Smugglers Notch Disc Golf Center - Fox Run,Fox Run Meadows Gold Tees,63,18,1,10:50:00,70,7,948,210,True,False,18,70,True,True,True
67514,2023,MPO,3,621854,94436,94436,931,Round 3,2023-06-25,Joseph Haggett,922,Smugglers Notch Disc Golf Center - Fox Run,Fox Run Meadows Gold Tees,63,18,2,11:30:00,73,10,926,210,True,False,18,73,True,True,True
67514,2023,MPO,3,621854,204892,204892,940,Round 3,2023-06-25,Tiernan Roland,973,Smugglers Notch Disc Golf Center - Fox Run,Fox Run Meadows Gold Tees,63,18,1,11:50:00,76,13,904,210,True,False,18,76,True,True,True
67514,2023,MPO,3,621854,118928,118928,952,Round 3,2023-06-25,Tyler Pomichter,926,Smugglers Notch Disc Golf Center - Fox Run,Fox Run Meadows Gold Tees,63,18,2,10:50:00,71,8,941,211,True,False,18,71,True,True,True
67514,2023,MPO,3,621854,159683,159683,919,Round 3,2023-06-25,Robin Stewart DeMartino,,Smugglers Notch Disc Golf Center - Fox Run,Fox Run Meadows Gold Tees,63,18,3,11:40:00,75,12,912,211,True,False,18,75,True,True,True
67514,2023,MPO,3,621854,129083,129083,976,Round 3,2023-06-25,Riley Douglas,953,Smugglers Notch Disc Golf Center - Fox Run,Fox Run Meadows Gold Tees,63,18,4,11:40:00,75,12,912,211,True,False,18,75,True,True,True
67514,2023,MPO,3,621854,121362,121362,950,Round 3,2023-06-25,Jonathan Russo,951,Smugglers Notch Disc Golf Center - Fox Run,Fox Run Meadows Gold Tees,63,18,4,10:30:00,68,5,962,212,True,False,18,68,True,True,True
67514,2023,MPO,3,621854,85063,85063,892,Round 3,2023-06-25,Gregory Peterson,935,Smugglers Notch Disc Golf Center - Fox Run,Fox Run Meadows Gold Tees,63,18,2,10:40:00,70,7,948,212,True,False,18,70,True,True,True
67514,2023,MPO,3,621854,134049,134049,952,Round 3,2023-06-25,Christopher Parks,954,Smugglers Notch Disc Golf Center - Fox Run,Fox Run Meadows Gold Tees,63,18,3,10:50:00,72,9,933,212,True,False,18,72,True,True,True
67514,2023,MPO,3,621854,49211,49211,933,Round 3,2023-06-25,Joe Bishop,930,Smugglers Notch Disc Golf Center - Fox Run,Fox Run Meadows Gold Tees,63,18,1,11:30:00,75,12,912,212,True,False,18,75,True,True,True
67514,2023,MPO,3,621854,73774,73774,920,Round 3,2023-06-25,Phil Lerch Denoncourt,924,Smugglers Notch Disc Golf Center - Fox Run,Fox Run Meadows Gold Tees,63,18,1,10:20:00,69,6,955,213,True,False,18,69,True,True,True
67514,2023,MPO,3,621854,71688,71688,906,Round 3,2023-06-25,Collin Pope,889,Smugglers Notch Disc Golf Center - Fox Run,Fox Run Meadows Gold Tees,63,18,4,10:50:00,72,9,933,213,True,False,18,72,True,True,True
67514,2023,MPO,3,621854,125328,125328,929,Round 3,2023-06-25,Dana Carpenter,,Smugglers Notch Disc Golf Center - Fox Run,Fox Run Meadows Gold Tees,63,18,1,11:20:00,75,12,912,213,True,False,18,75,True,True,True
67514,2023,MPO,3,621854,139162,139162,942,Round 3,2023-06-25,Aaron LeBlanc,,Smugglers Notch Disc Golf Center - Fox Run,Fox Run Meadows Gold Tees,63,18,2,10:30:00,70,7,948,214,True,False,18,70,True,True,True
67514,2023,MPO,3,621854,96355,96355,914,Round 3,2023-06-25,Louis Annino,906,Smugglers Notch Disc Golf Center - Fox Run,Fox Run Meadows Gold Tees,63,18,2,11:00:00,74,11,919,214,True,False,18,74,True,True,True
67514,2023,MPO,3,621854,74052,74052,963,Round 3,2023-06-25,David Normand II,965,Smugglers Notch Disc Golf Center - Fox Run,Fox Run Meadows Gold Tees,63,18,4,11:00:00,74,11,919,214,True,False,18,74,True,True,True
67514,2023,MPO,3,621854,58817,58817,944,Round 3,2023-06-25,Daniel Williams,,Smugglers Notch Disc Golf Center - Fox Run,Fox Run Meadows Gold Tees,63,18,4,10:40:00,75,12,912,217,True,False,18,75,True,True,True
67514,2023,MPO,3,621854,102917,102917,962,Round 3,2023-06-25,Kyle Van Gelder,953,Smugglers Notch Disc Golf Center - Fox Run,Fox Run Meadows Gold Tees,63,18,1,10:30:00,75,12,912,218,True,False,18,75,True,True,True
67514,2023,MPO,3,621854,55277,55277,929,Round 3,2023-06-25,Nate Reiner,946,Smugglers Notch Disc Golf Center - Fox Run,Fox Run Meadows Gold Tees,63,18,1,10:10:00,66,3,977,220,True,False,18,66,True,True,True
67514,2023,MPO,3,621854,187845,187845,921,Round 3,2023-06-25,Shane Seals,962,Smugglers Notch Disc Golf Center - Fox Run,Fox Run Meadows Gold Tees,63,18,2,10:20:00,74,11,919,220,True,False,18,74,True,True,True
67514,2023,MPO,3,621854,161510,161510,906,Round 3,2023-06-25,TJ Rubin,919,Smugglers Notch Disc Golf Center - Fox Run,Fox Run Meadows Gold Tees,63,18,3,10:20:00,74,11,919,221,True,False,18,74,True,True,True
67514,2023,MPO,3,621854,107908,107908,920,Round 3,2023-06-25,Zachary Deraspe,926,Smugglers Notch Disc Golf Center - Fox Run,Fox Run Meadows Gold Tees,63,18,4,11:20:00,84,21,846,222,True,False,18,84,True,True,True
67514,2023,MPO,3,621854,189129,189129,921,Round 3,2023-06-25,Marc-Alliocha Rudolf,941,Smugglers Notch Disc Golf Center - Fox Run,Fox Run Meadows Gold Tees,63,18,2,10:10:00,75,12,912,229,True,False,18,75,True,True,True
67514,2023,MPO,3,621854,65941,65941,929,Round 3,2023-06-25,Adam Abruzzi,950,Smugglers Notch Disc Golf Center - Fox Run,Fox Run Meadows Gold Tees,63,18,3,10:10:00,76,13,904,230,True,False,18,76,True,True,True
67514,2023,MPO,3,621854,103973,103973,961,Round 3,2023-06-25,Oliver Kelley,,Smugglers Notch Disc Golf Center - Fox Run,Fox Run Meadows Gold Tees,63,18,5,10:20:00,80,17,875,233,True,False,18,80,True,True,True
67514,2023,MPO,3,621854,101829,101829,935,Round 3,2023-06-25,Joshua Storgaard,,Smugglers Notch Disc Golf Center - Fox Run,Fox Run Meadows Gold Tees,63,18,4,10:20:00,85,22,839,237,True,False,18,85,True,True,True
67514,2023,MPO,3,621854,106970,106970,837,Round 3,2023-06-25,Stefan Farrell,852,Smugglers Notch Disc Golf Center - Fox Run,Fox Run Meadows Gold Tees,63,18,4,10:10:00,80,17,875,246,True,False,18,80,True,True,True
67514,2023,MPO,3,621854,248718,248718,840,Round 3,2023-06-25,Keane Roland,916,Smugglers Notch Disc Golf Center - Fox Run,Fox Run Meadows Gold Tees,63,18,5,10:10:00,86,23,832,255,True,False,18,86,True,True,True
67514,2023,MPO,3,621854,90675,90675,941,Round 3,2023-06-25,Nathan Grimes,,Smugglers Notch Disc Golf Center - Fox Run,Fox Run Meadows Gold Tees,63,18,4,11:30:00,,,,,True,True,0,,False,False,False
67514,2023,MPO,3,621854,168047,168047,894,Round 3,2023-06-25,Jim Desisto,915,Smugglers Notch Disc Golf Center - Fox Run,Fox Run Meadows Gold Tees,63,18,,,,,,,True,True,0,,False,False,False
67514,2023,MPO,3,621854,85036,85036,918,Round 3,2023-06-25,Nolan Power,,Smugglers Notch Disc Golf Center - Fox Run,Fox Run Meadows Gold Tees,63,18,,,0,0,,888,True,False,0,,False,False,False
67514,2023,MPO,3,621854,168321,168321,962,Round 3,2023-06-25,Kyle Hirsch,992,Smugglers Notch Disc Golf Center - Fox Run,Fox Run Meadows Gold Tees,63,18,,,0,0,,,True,False,0,,False,False,False
67514,2023,MPO,3,621854,86338,86338,967,Round 3,2023-06-25,Tyler Blanchet,973,Smugglers Notch Disc Golf Center - Fox Run,Fox Run Meadows Gold Tees,63,18,,,0,0,,,True,False,0,,False,False,False
67514,2023,MPO,3,621854,54700,54700,945,Round 3,2023-06-25,Nicholas Muth,944,Smugglers Notch Disc Golf Center - Fox Run,Fox Run Meadows Gold Tees,63,18,,,0,0,,,True,False,0,,False,False,False
67713,2023,FA3,1,623181,197269,197269,692,Round 1,2023-07-09,Wendie Salmi,723,Jay Peak Disc Golf Course,Jay Peak Green tees,58,18,3,08:20:00,67,9,748,130,True,False,18,67,True,True,True
67713,2023,FA3,2,623181,197269,197269,692,Round 2,2023-07-09,Wendie Salmi,723,Jay Peak Disc Golf Course,Jay Peak Green tees,58,18,2,09:30:00,63,5,797,130,True,False,18,63,True,True,True
67713,2023,FA40,1,623181,192992,192992,721,Round 1,2023-07-09,Christy Fisher,705,Jay Peak Disc Golf Course,Jay Peak Green tees,58,18,2,08:30:00,59,1,845,118,True,False,18,59,True,True,True
67713,2023,FA40,1,623181,213173,213173,717,Round 1,2023-07-09,Elizabeth Carrell,775,Jay Peak Disc Golf Course,Jay Peak Green tees,58,18,2,08:20:00,66,8,760,134,True,False,18,66,True,True,True
67713,2023,FA40,1,623181,94272,94272,783,Round 1,2023-07-09,Gabrielle Pozzani,818,Jay Peak Disc Golf Course,Jay Peak Green tees,58,18,1,08:20:00,68,10,736,131,True,False,18,68,True,True,True
67713,2023,FA40,1,623181,name:robyn ayer,,,Round 1,2023-07-09,Robyn Ayer,,Jay Peak Disc Golf Course,Jay Peak Green tees,58,18,1,08:30:00,69,11,724,133,True,False,18,69,True,True,True
67713,2023,FA40,2,623181,192992,192992,721,Round 2,2023-07-09,Christy Fisher,705,Jay Peak Disc Golf Course,Jay Peak Green tees,58,18,1,10:00:00,59,1,845,118,True,False,18,59,True,True,True
67713,2023,FA40,2,623181,94272,94272,783,Round 2,2023-07-09,Gabrielle Pozzani,818,Jay Peak Disc Golf Course,Jay Peak Green tees,58,18,3,10:00:00,63,5,797,131,True,False,18,63,True,True,True
67713,2023,FA40,2,623181,name:robyn ayer,,,Round 2,2023-07-09,Robyn Ayer,,Jay Peak Disc Golf Course,Jay Peak Green tees,58,18,4,10:00:00,64,6,785,133,True,False,18,64,True,True,True
67713,2023,FA40,2,623181,213173,213173,717,Round 2,2023-07-09,Elizabeth Carrell,775,Jay Peak Disc Golf Course,Jay Peak Green tees,58,18,2,10:00:00,68,10,736,134,True,False,18,68,True,True,True
67713,2023,FJ10,1,623181,261367,261367,,Round 1,2023-07-09,Annabelle Babbin,525,Jay Peak Disc Golf Course,Jay Peak Green tees,58,18,3,08:30:00,123,65,71,252,True,False,18,123,True,True,True
67713,2023,FJ10,2,623181,261367,261367,,Round 2,2023-07-09,Annabelle Babbin,525,Jay Peak Disc Golf Course,Jay Peak Green tees,58,18,3,09:30:00,129,71,-1,252,True,False,18,129,True,True,True
67713,2023,FPO,1,623179,102277,102277,855,Round 1,2023-07-09,Casey Mount,,Jay Peak Disc Golf Course,Blue,58,18,4,09:20:00,60,2,868,125,True,False,18,60,True,True,True
67713,2023,FPO,1,623179,264161,264161,,Round 1,2023-07-09,Brenna Fisher,,Jay Peak Disc Golf Course,Blue,58,18,5,09:20:00,79,21,657,159,True,False,18,79,True,True,True
67713,2023,FPO,2,623179,102277,102277,855,Round 2,2023-07-09,Casey Mount,,Jay Peak Disc Golf Course,Blue,58,18,2,11:10:00,65,7,812,125,True,False,18,65,True,True,True
67713,2023,FPO,2,623179,264161,264161,,Round 2,2023-07-09,Brenna Fisher,,Jay Peak Disc Golf Course,Blue,58,18,3,11:10:00,80,22,646,159,True,False,18,80,True,True,True
67713,2023,MA1,1,623173,119637,119637,892,Round 1,2023-07-09,Trevor Kenealy,905,Jay Peak Disc Golf Course,Black,59,18,2,10:20:00,58,-1,944,121,True,False,18,58,True,True,True
67713,2023,MA1,1,623173,138042,138042,897,Round 1,2023-07-09,Russell Freeman,925,Jay Peak Disc Golf Course,Black,59,18,1,10:20:00,58,-1,944,119,True,False,18,58,True,True,True
67713,2023,MA1,1,623173,218262,218262,892,Round 1,2023-07-09,Jerry Jackman,913,Jay Peak Disc Golf Course,Black,59,18,1,10:10:00,60,1,924,124,True,False,18,60,True,True,True
67713,2023,MA1,1,623173,222597,222597,873,Round 1,2023-07-09,Jack McCarthy,,Jay Peak Disc Golf Course,Black,59,18,4,10:20:00,60,1,924,128,True,False,18,60,True,True,True
67713,2023,MA1,1,623173,173058,173058,934,Round 1,2023-07-09,Brandon Allaire,950,Jay Peak Disc Golf Course,Black,59,18,3,10:00:00,61,2,915,123,True,False,18,61,True,True,True
67713,2023,MA1,1,623173,82340,82340,923,Round 1,2023-07-09,Justin Leonard,912,Jay Peak Disc Golf Course,Black,59,18,4,10:10:00,62,3,905,126,True,False,18,62,True,True,True
67713,2023,MA1,1,623173,110707,110707,934,Round 1,2023-07-09,Jason Wilson,927,Jay Peak Disc Golf Course,Black,59,18,1,10:00:00,63,4,895,127,True,False,18,63,True,True,True
67713,2023,MA1,1,623173,131201,131201,937,Round 1,2023-07-09,Tyler LaPerle,973,Jay Peak Disc Golf Course,Black,59,18,3,10:10:00,63,4,895,127,True,False,18,63,True,True,True
67713,2023,MA1,1,623173,158783,158783,891,Round 1,2023-07-09,Joseph Humes,906,Jay Peak Disc Golf Course,Black,59,18,2,09:50:00,63,4,895,127,True,False,18,63,True,True,True
67713,2023,MA1,1,623173,264364,264364,,Round 1,2023-07-09,Jake Kenealy,,Jay Peak Disc Golf Course,Black,59,18,1,09:50:00,63,4,895,124,True,False,18,63,True,True,True
67713,2023,MA1,1,623173,175583,175583,900,Round 1,2023-07-09,Rob Salter,948,Jay Peak Disc Golf Course,Black,59,18,3,10:20:00,64,5,886,126,True,False,18,64,True,True,True
67713,2023,MA1,1,623173,162806,162806,871,Round 1,2023-07-09,Ethan Springer,886,Jay Peak Disc Golf Course,Black,59,18,3,09:50:00,65,6,876,129,True,False,18,65,True,True,True
67713,2023,MA1,1,623173,242103,242103,838,Round 1,2023-07-09,Nathan Oxenfeld,895,Jay Peak Disc Golf Course,Black,59,18,2,10:00:00,65,6,876,131,True,False,18,65,True,True,True
67713,2023,MA1,1,623173,146710,146710,910,Round 1,2023-07-09,Nicholas Laurendeau,,Jay Peak Disc Golf Course,Black,59,18,2,10:10:00,67,8,857,135,True,False,18,67,True,True,True
67713,2023,MA1,1,623173,137408,137408,838,Round 1,2023-07-09,Aaron Gingras,,Jay Peak Disc Golf Course,Black,59,18,4,10:00:00,71,12,819,142,True,False,18,71,True,True,True
67713,2023,MA1,2,623173,138042,138042,897,Round 2,2023-07-09,Russell Freeman,925,Jay Peak Disc Golf Course,Black,59,18,2,11:50:00,61,2,915,119,True,False,18,61,True,True,True
67713,2023,MA1,2,623173,119637,119637,892,Round 2,2023-07-09,Trevor Kenealy,905,Jay Peak Disc Golf Course,Black,59,18,1,11:50:00,63,4,895,121,True,False,18,63,True,True,True
67713,2023,MA1,2,623173,173058,173058,934,Round 2,2023-07-09,Brandon Allaire,950,Jay Peak Disc Golf Course,Black,59,18,1,11:40:00,62,3,905,123,True,False,18,62,True,True,True
67713,2023,MA1,2,623173,264364,264364,,Round 2,2023-07-09,Jake Kenealy,,Jay Peak Disc Golf Course,Black,59,18,2,11:30:00,61,2,915,124,True,False,18,61,True,True,True
67713,2023,MA1,2,623173,218262,218262,892,Round 2,2023-07-09,Jerry Jackman,913,Jay Peak Disc Golf Course,Black,59,18,3,11:50:00,64,5,886,124,True,False,18,64,True,True,True
67713,2023,MA1,2,623173,175583,175583,900,Round 2,2023-07-09,Rob Salter,948,Jay Peak Disc Golf Course,Black,59,18,3,11:30:00,62,3,905,126,True,False,18,62,True,True,True
67713,2023,MA1,2,623173,82340,82340,923,Round 2,2023-07-09,Justin Leonard,912,Jay Peak Disc Golf Course,Black,59,18,2,11:40:00,64,5,886,126,True,False,18,64,True,True,True
67713,2023,MA1,2,623173,110707,110707,934,Round 2,2023-07-09,Jason Wilson,927,Jay Peak Disc Golf Course,Black,59,18,3,11:40:00,64,5,886,127,True,False,18,64,True,True,True
67713,2023,MA1,2,623173,131201,131201,937,Round 2,2023-07-09,Tyler LaPerle,973,Jay Peak Disc Golf Course,Black,59,18,4,11:40:00,64,5,886,127,True,False,18,64,True,True,True
67713,2023,MA1,2,623173,158783,158783,891,Round 2,2023-07-09,Joseph Humes,906,Jay Peak Disc Golf Course,Black,59,18,1,11:30:00,64,5,886,127,True,False,18,64,True,True,True
67713,2023,MA1,2,623173,222597,222597,873,Round 2,2023-07-09,Jack McCarthy,,Jay Peak Disc Golf Course,Black,59,18,4,11:50:00,68,9,847,128,True,False,18,68,True,True,True
67713,2023,MA1,2,623173,162806,162806,871,Round 2,2023-07-09,Ethan Springer,886,Jay Peak Disc Golf Course,Black,59,18,4,11:30:00,64,5,886,129,True,False,18,64,True,True,True
67713,2023,MA1,2,623173,242103,242103,838,Round 2,2023-07-09,Nathan Oxenfeld,895,Jay Peak Disc Golf Course,Black,59,18,1,11:20:00,66,7,867,131,True,False,18,66,True,True,True
67713,2023,MA1,2,623173,146710,146710,910,Round 2,2023-07-09,Nicholas Laurendeau,,Jay Peak Disc Golf Course,Black,59,18,2,11:20:00,68,9,847,135,True,False,18,68,True,True,True
67713,2023,MA1,2,623173,137408,137408,838,Round 2,2023-07-09,Aaron Gingras,,Jay Peak Disc Golf Course,Black,59,18,3,11:20:00,71,12,819,142,True,False,18,71,True,True,True
67713,2023,MA2,1,623179,63896,63896,891,Round 1,2023-07-09,Ross King,899,Jay Peak Disc Golf Course,Blue,58,18,2,09:30:00,54,-4,935,112,True,False,18,54,True,True,True
67713,2023,MA2,1,623179,137984,137984,870,Round 1,2023-07-09,Tristan Bryce,,Jay Peak Disc Golf Course,Blue,58,18,3,09:30:00,58,0,890,118,True,False,18,58,True,True,True
67713,2023,MA2,1,623179,163523,163523,850,Round 1,2023-07-09,Landon Desroches,866,Jay Peak Disc Golf Course,Blue,58,18,4,09:30:00,58,0,890,121,True,False,18,58,True,True,True
67713,2023,MA2,1,623179,189203,189203,861,Round 1,2023-07-09,Bobby Martino,911,Jay Peak Disc Golf Course,Blue,58,18,3,09:10:00,59,1,879,121,True,False,18,59,True,True,True
67713,2023,MA2,1,623179,177018,177018,855,Round 1,2023-07-09,Brandon Bensel,882,Jay Peak Disc Golf Course,Blue,58,18,1,09:10:00,60,2,868,118,True,False,18,60,True,True,True
67713,2023,MA2,1,623179,213224,213224,862,Round 1,2023-07-09,Justin Griswold,914,Jay Peak Disc Golf Course,Blue,58,18,1,09:30:00,62,4,846,117,True,False,18,62,True,True,True
67713,2023,MA2,1,623179,252750,252750,863,Round 1,2023-07-09,Ian Machia,,Jay Peak Disc Golf Course,Blue,58,18,1,09:20:00,62,4,846,127,True,False,18,62,True,True,True
67713,2023,MA2,1,623179,244952,244952,865,Round 1,2023-07-09,Joshua Dezotell,895,Jay Peak Disc Golf Course,Blue,58,18,2,09:10:00,63,5,835,123,True,False,18,63,True,True,True
67713,2023,MA2,1,623179,name:micah jankowski,,,Round 1,2023-07-09,Micah Jankowski,,Jay Peak Disc Golf Course,Blue,58,18,2,08:50:00,64,6,824,129,True,False,18,64,True,True,True
67713,2023,MA2,1,623179,220393,220393,824,Round 1,2023-07-09,Zack Dossett,824,Jay Peak Disc Golf Course,Blue,58,18,3,09:20:00,65,7,812,125,True,False,18,65,True,True,True
67713,2023,MA2,1,623179,231846,231846,731,Round 1,2023-07-09,Michael Piekarz,,Jay Peak Disc Golf Course,Blue,58,18,5,09:30:00,67,9,790,130,True,False,18,67,True,True,True
67713,2023,MA2,1,623179,name:patrick mayhew,,,Round 1,2023-07-09,Patrick Mayhew,,Jay Peak Disc Golf Course,Blue,58,18,3,08:50:00,67,9,790,127,True,False,18,67,True,True,True
67713,2023,MA2,1,623179,262546,262546,,Round 1,2023-07-09,Conner Crane,865,Jay Peak Disc Golf Course,Blue,58,18,4,09:10:00,74,16,712,143,True,False,18,74,True,True,True
67713,2023,MA2,1,623179,264281,264281,,Round 1,2023-07-09,Gabriel Frozi,783,Jay Peak Disc Golf Course,Blue,58,18,2,09:20:00,75,17,701,154,True,False,18,75,True,True,True
67713,2023,MA2,2,623179,63896,63896,891,Round 2,2023-07-09,Ross King,899,Jay Peak Disc Golf Course,Blue,58,18,1,11:00:00,58,0,890,112,True,False,18,58,True,True,True
67713,2023,MA2,2,623179,213224,213224,862,Round 2,2023-07-09,Justin Griswold,914,Jay Peak Disc Golf Course,Blue,58,18,2,10:50:00,55,-3,924,117,True,False,18,55,True,True,True
67713,2023,MA2,2,623179,177018,177018,855,Round 2,2023-07-09,Brandon Bensel,882,Jay Peak Disc Golf Course,Blue,58,18,1,10:50:00,58,0,890,118,True,False,18,58,True,True,True
67713,2023,MA2,2,623179,137984,137984,870,Round 2,2023-07-09,Tristan Bryce,,Jay Peak Disc Golf Course,Blue,58,18,2,11:00:00,60,2,868,118,True,False,18,60,True,True,True
67713,2023,MA2,2,623179,189203,189203,861,Round 2,2023-07-09,Bobby Martino,911,Jay Peak Disc Golf Course,Blue,58,18,4,11:00:00,62,4,846,121,True,False,18,62,True,True,True
67713,2023,MA2,2,623179,163523,163523,850,Round 2,2023-07-09,Landon Desroches,866,Jay Peak Disc Golf Course,Blue,58,18,3,11:00:00,63,5,835,121,True,False,18,63,True,True,True
67713,2023,MA2,2,623179,244952,244952,865,Round 2,2023-07-09,Joshua Dezotell,895,Jay Peak Disc Golf Course,Blue,58,18,4,10:50:00,60,2,868,123,True,False,18,60,True,True,True
67713,2023,MA2,2,623179,220393,220393,824,Round 2,2023-07-09,Zack Dossett,824,Jay Peak Disc Golf Course,Blue,58,18,2,10:40:00,60,2,868,125,True,False,18,60,True,True,True
67713,2023,MA2,2,623179,name:patrick mayhew,,,Round 2,2023-07-09,Patrick Mayhew,,Jay Peak Disc Golf Course,Blue,58,18,4,10:40:00,60,2,868,127,True,False,18,60,True,True,True
67713,2023,MA2,2,623179,252750,252750,863,Round 2,2023-07-09,Ian Machia,,Jay Peak Disc Golf Course,Blue,58,18,3,10:50:00,65,7,812,127,True,False,18,65,True,True,True
67713,2023,MA2,2,623179,name:micah jankowski,,,Round 2,2023-07-09,Micah Jankowski,,Jay Peak Disc Golf Course,Blue,58,18,1,10:40:00,65,7,812,129,True,False,18,65,True,True,True
67713,2023,MA2,2,623179,231846,231846,731,Round 2,2023-07-09,Michael Piekarz,,Jay Peak Disc Golf Course,Blue,58,18,3,10:40:00,63,5,835,130,True,False,18,63,True,True,True
67713,2023,MA2,2,623179,262546,262546,,Round 2,2023-07-09,Conner Crane,865,Jay Peak Disc Golf Course,Blue,58,18,3,10:30:00,69,11,768,143,True,False,18,69,True,True,True
67713,2023,MA2,2,623179,264281,264281,,Round 2,2023-07-09,Gabriel Frozi,783,Jay Peak Disc Golf Course,Blue,58,18,4,10:30:00,79,21,657,154,True,False,18,79,True,True,True
67713,2023,MA3,1,623181,216349,216349,827,Round 1,2023-07-09,Justin Bassett,879,Jay Peak Disc Golf Course,Jay Peak Green tees,58,18,3,07:50:00,50,-8,954,105,True,False,18,50,True,True,True
67713,2023,MA3,1,623181,202948,202948,808,Round 1,2023-07-09,Nicholas Morrissey,849,Jay Peak Disc Golf Course,Jay Peak Green tees,58,18,1,08:00:00,52,-6,930,107,True,False,18,52,True,True,True
67713,2023,MA3,1,623181,239719,239719,839,Round 1,2023-07-09,Thane Griswold,820,Jay Peak Disc Golf Course,Jay Peak Green tees,58,18,3,08:10:00,52,-6,930,109,True,False,18,52,True,True,True
67713,2023,MA3,1,623181,156066,156066,810,Round 1,2023-07-09,Roy Lancaster,834,Jay Peak Disc Golf Course,Jay Peak Green tees,58,18,2,07:50:00,60,2,833,119,True,False,18,60,True,True,True
67713,2023,MA3,1,623181,name:dominic ayer,,,Round 1,2023-07-09,Dominic Ayer,,Jay Peak Disc Golf Course,Jay Peak Green tees,58,18,2,08:10:00,60,2,833,112,True,False,18,60,True,True,True
67713,2023,MA3,1,623181,93691,93691,869,Round 1,2023-07-09,Dakota O'Brien,,Jay Peak Disc Golf Course,Jay Peak Green tees,58,18,1,07:50:00,62,4,809,119,True,False,18,62,True,True,True
67713,2023,MA3,1,623181,211434,211434,768,Round 1,2023-07-09,Thomas Bousquet,798,Jay Peak Disc Golf Course,Jay Peak Green tees,58,18,2,08:00:00,66,8,760,121,True,False,18,66,True,True,True
67713,2023,MA3,1,623181,256887,256887,791,Round 1,2023-07-09,Alex Gambero,812,Jay Peak Disc Golf Course,Jay Peak Green tees,58,18,3,08:00:00,66,8,760,126,True,False,18,66,True,True,True
67713,2023,MA3,1,623181,189925,189925,,Round 1,2023-07-09,David Kapplan,,Jay Peak Disc Golf Course,Jay Peak Green tees,58,18,1,08:10:00,67,9,748,129,True,False,18,67,True,True,True
67713,2023,MA3,2,623181,216349,216349,827,Round 2,2023-07-09,Justin Bassett,879,Jay Peak Disc Golf Course,Jay Peak Green tees,58,18,1,09:50:00,55,-3,893,105,True,False,18,55,True,True,True
67713,2023,MA3,2,623181,202948,202948,808,Round 2,2023-07-09,Nicholas Morrissey,849,Jay Peak Disc Golf Course,Jay Peak Green tees,58,18,2,09:50:00,55,-3,893,107,True,False,18,55,True,True,True
67713,2023,MA3,2,623181,239719,239719,839,Round 2,2023-07-09,Thane Griswold,820,Jay Peak Disc Golf Course,Jay Peak Green tees,58,18,3,09:50:00,57,-1,869,109,True,False,18,57,True,True,True
67713,2023,MA3,2,623181,name:dominic ayer,,,Round 2,2023-07-09,Dominic Ayer,,Jay Peak Disc Golf Course,Jay Peak Green tees,58,18,1,09:40:00,52,-6,930,112,True,False,18,52,True,True,True
67713,2023,MA3,2,623181,93691,93691,869,Round 2,2023-07-09,Dakota O'Brien,,Jay Peak Disc Golf Course,Jay Peak Green tees,58,18,2,09:40:00,57,-1,869,119,True,False,18,57,True,True,True
67713,2023,MA3,2,623181,156066,156066,810,Round 2,2023-07-09,Roy Lancaster,834,Jay Peak Disc Golf Course,Jay Peak Green tees,58,18,4,09:50:00,59,1,845,119,True,False,18,59,True,True,True
67713,2023,MA3,2,623181,211434,211434,768,Round 2,2023-07-09,Thomas Bousquet,798,Jay Peak Disc Golf Course,Jay Peak Green tees,58,18,3,09:40:00,55,-3,893,121,True,False,18,55,True,True,True
67713,2023,MA3,2,623181,256887,256887,791,Round 2,2023-07-09,Alex Gambero,812,Jay Peak Disc Golf Course,Jay Peak Green tees,58,18,4,09:40:00,60,2,833,126,True,False,18,60,True,True,True
67713,2023,MA3,2,623181,189925,189925,,Round 2,2023-07-09,David Kapplan,,Jay Peak Disc Golf Course,Jay Peak Green tees,58,18,1,09:30:00,62,4,809,129,True,False,18,62,True,True,True
67713,2023,MA40,1,623179,84935,84935,887,Round 1,2023-07-09,Droo Fisher,866,Jay Peak Disc Golf Course,Blue,58,18,4,08:40:00,58,0,890,115,True,False,18,58,True,True,True
67713,2023,MA40,1,623179,73588,73588,876,Round 1,2023-07-09,Will Cleland,910,Jay Peak Disc Golf Course,Blue,58,18,2,08:40:00,60,2,868,124,True,False,18,60,True,True,True
67713,2023,MA40,1,623179,205696,205696,863,Round 1,2023-07-09,Matthew Smith,856,Jay Peak Disc Golf Course,Blue,58,18,3,08:40:00,66,8,801,127,True,False,18,66,True,True,True
67713,2023,MA40,1,623179,261729,261729,,Round 1,2023-07-09,Ryan Baker,838,Jay Peak Disc Golf Course,Blue,58,18,1,08:50:00,66,8,801,135,True,False,18,66,True,True,True
67713,2023,MA40,1,623179,159285,159285,754,Round 1,2023-07-09,Todd Lewis,,Jay Peak Disc Golf Course,Blue,58,18,1,08:40:00,71,13,746,139,True,False,18,71,True,True,True
67713,2023,MA40,2,623179,84935,84935,887,Round 2,2023-07-09,Droo Fisher,866,Jay Peak Disc Golf Course,Blue,58,18,1,10:10:00,57,-1,901,115,True,False,18,57,True,True,True
67713,2023,MA40,2,623179,73588,73588,876,Round 2,2023-07-09,Will Cleland,910,Jay Peak Disc Golf Course,Blue,58,18,2,10:10:00,64,6,824,124,True,False,18,64,True,True,True
67713,2023,MA40,2,623179,205696,205696,863,Round 2,2023-07-09,Matthew Smith,856,Jay Peak Disc Golf Course,Blue,58,18,3,10:10:00,61,3,857,127,True,False,18,61,True,True,True
67713,2023,MA40,2,623179,261729,261729,,Round 2,2023-07-09,Ryan Baker,838,Jay Peak Disc Golf Course,Blue,58,18,4,10:10:00,69,11,768,135,True,False,18,69,True,True,True
67713,2023,MA40,2,623179,159285,159285,754,Round 2,2023-07-09,Todd Lewis,,Jay Peak Disc Golf Course,Blue,58,18,5,10:10:00,68,10,779,139,True,False,18,68,True,True,True
67713,2023,MA50,1,623179,91301,91301,887,Round 1,2023-07-09,Michael A. Stridsberg,898,Jay Peak Disc Golf Course,Blue,58,18,1,09:00:00,55,-3,924,112,True,False,18,55,True,True,True
67713,2023,MA50,2,623179,91301,91301,887,Round 2,2023-07-09,Michael A. Stridsberg,898,Jay Peak Disc Golf Course,Blue,58,18,1,11:10:00,57,-1,901,112,True,False,18,57,True,True,True
67713,2023,MA60,1,623179,74478,74478,871,Round 1,2023-07-09,John Sudarsky,845,Jay Peak Disc Golf Course,Blue,58,18,2,09:00:00,62,4,846,125,True,False,18,62,True,True,True
67713,2023,MA60,1,623179,131352,131352,784,Round 1,2023-07-09,David Havens,816,Jay Peak Disc Golf Course,Blue,58,18,3,09:00:00,67,9,790,132,True,False,18,67,True,True,True
67713,2023,MA60,1,623179,155456,155456,814,Round 1,2023-07-09,David Noble,,Jay Peak Disc Golf Course,Blue,58,18,4,09:00:00,,,,,True,True,0,,False,False,False
67713,2023,MA60,2,623179,74478,74478,871,Round 2,2023-07-09,John Sudarsky,845,Jay Peak Disc Golf Course,Blue,58,18,1,10:30:00,63,5,835,125,True,False,18,63,True,True,True
67713,2023,MA60,2,623179,131352,131352,784,Round 2,2023-07-09,David Havens,816,Jay Peak Disc Golf Course,Blue,58,18,2,10:30:00,65,7,812,132,True,False,18,65,True,True,True
67713,2023,MA60,2,623179,155456,155456,814,Round 2,2023-07-09,David Noble,,Jay Peak Disc Golf Course,Blue,58,18,,,0,0,,,True,False,0,,False,False,False
67713,2023,MP40,1,623173,22318,22318,956,Round 1,2023-07-09,Aaron Smartt,965,Jay Peak Disc Golf Course,Black,59,18,2,11:20:00,54,-5,982,109,True,False,18,54,True,True,True
67713,2023,MP40,1,623173,15089,15089,915,Round 1,2023-07-09,Jeremy JJ Becker,887,Jay Peak Disc Golf Course,Black,59,18,3,11:20:00,58,-1,944,117,True,False,18,58,True,True,True
67713,2023,MP40,1,623173,24381,24381,950,Round 1,2023-07-09,Chris Young,937,Jay Peak Disc Golf Course,Black,59,18,1,11:20:00,58,-1,944,121,True,False,18,58,True,True,True
67713,2023,MP40,1,623173,193211,193211,921,Round 1,2023-07-09,Greg Babbin,933,Jay Peak Disc Golf Course,Black,59,18,4,10:40:00,60,1,924,114,True,False,18,60,True,True,True
67713,2023,MP40,1,623173,109527,109527,907,Round 1,2023-07-09,Mike Wenzel,901,Jay Peak Disc Golf Course,Black,59,18,3,10:40:00,61,2,915,129,True,False,18,61,True,True,True
67713,2023,MP40,2,623173,22318,22318,956,Round 2,2023-07-09,Aaron Smartt,965,Jay Peak Disc Golf Course,Black,59,18,1,12:40:00,55,-4,972,109,True,False,18,55,True,True,True
67713,2023,MP40,2,623173,193211,193211,921,Round 2,2023-07-09,Greg Babbin,933,Jay Peak Disc Golf Course,Black,59,18,4,12:40:00,54,-5,982,114,True,False,18,54,True,True,True
67713,2023,MP40,2,623173,15089,15089,915,Round 2,2023-07-09,Jeremy JJ Becker,887,Jay Peak Disc Golf Course,Black,59,18,2,12:40:00,59,0,934,117,True,False,18,59,True,True,True
67713,2023,MP40,2,623173,24381,24381,950,Round 2,2023-07-09,Chris Young,937,Jay Peak Disc Golf Course,Black,59,18,3,12:40:00,63,4,895,121,True,False,18,63,True,True,True
67713,2023,MP40,2,623173,109527,109527,907,Round 2,2023-07-09,Mike Wenzel,901,Jay Peak Disc Golf Course,Black,59,18,5,12:40:00,68,9,847,129,True,False,18,68,True,True,True
67713,2023,MPO,1,623173,74240,74240,953,Round 1,2023-07-09,Christopher Martin,962,Jay Peak Disc Golf Course,Black,59,18,3,11:00:00,53,-6,992,108,True,False,18,53,True,True,True
67713,2023,MPO,1,623173,140874,140874,964,Round 1,2023-07-09,Hunter Martin,953,Jay Peak Disc Golf Course,Black,59,18,3,11:10:00,55,-4,972,109,True,False,18,55,True,True,True
67713,2023,MPO,1,623173,100885,100885,950,Round 1,2023-07-09,Jacob Moore,945,Jay Peak Disc Golf Course,Black,59,18,1,10:50:00,56,-3,963,111,True,False,18,56,True,True,True
67713,2023,MPO,1,623173,103627,103627,975,Round 1,2023-07-09,Clayton Davis,,Jay Peak Disc Golf Course,Black,59,18,2,11:00:00,56,-3,963,105,True,False,18,56,True,True,True
67713,2023,MPO,1,623173,142744,142744,963,Round 1,2023-07-09,Abel German,974,Jay Peak Disc Golf Course,Black,59,18,2,10:50:00,56,-3,963,111,True,False,18,56,True,True,True
67713,2023,MPO,1,623173,75861,75861,974,Round 1,2023-07-09,Charlie Veysey,978,Jay Peak Disc Golf Course,Black,59,18,1,11:10:00,57,-2,953,112,True,False,18,57,True,True,True
67713,2023,MPO,1,623173,31562,31562,941,Round 1,2023-07-09,Jonathan Betts,948,Jay Peak Disc Golf Course,Black,59,18,1,11:00:00,58,-1,944,115,True,False,18,58,True,True,True
67713,2023,MPO,1,623173,187845,187845,921,Round 1,2023-07-09,Shane Seals,962,Jay Peak Disc Golf Course,Black,59,18,2,10:40:00,58,-1,944,119,True,False,18,58,True,True,True
67713,2023,MPO,1,623173,96355,96355,914,Round 1,2023-07-09,Louis Annino,906,Jay Peak Disc Golf Course,Black,59,18,2,11:10:00,59,0,934,114,True,False,18,59,True,True,True
67713,2023,MPO,1,623173,118928,118928,952,Round 1,2023-07-09,Tyler Pomichter,926,Jay Peak Disc Golf Course,Black,59,18,4,10:50:00,59,0,934,115,True,False,18,59,True,True,True
67713,2023,MPO,1,623173,85980,85980,908,Round 1,2023-07-09,Corey Clark,,Jay Peak Disc Golf Course,Black,59,18,4,11:00:00,62,3,905,123,True,False,18,62,True,True,True
67713,2023,MPO,1,623173,125328,125328,929,Round 1,2023-07-09,Dana Carpenter,,Jay Peak Disc Golf Course,Black,59,18,3,10:50:00,62,3,905,116,True,False,18,62,True,True,True
67713,2023,MPO,1,623173,109051,109051,898,Round 1,2023-07-09,Taylor Jones,866,Jay Peak Disc Golf Course,Black,59,18,1,10:40:00,64,5,886,140,True,False,18,64,True,True,True
67713,2023,MPO,2,623173,103627,103627,975,Round 2,2023-07-09,Clayton Davis,,Jay Peak Disc Golf Course,Black,59,18,4,12:30:00,49,-10,1030,105,True,False,18,49,True,True,True
67713,2023,MPO,2,623173,74240,74240,953,Round 2,2023-07-09,Christopher Martin,962,Jay Peak Disc Golf Course,Black,59,18,1,12:30:00,55,-4,972,108,True,False,18,55,True,True,True
67713,2023,MPO,2,623173,140874,140874,964,Round 2,2023-07-09,Hunter Martin,953,Jay Peak Disc Golf Course,Black,59,18,2,12:30:00,54,-5,982,109,True,False,18,54,True,True,True
67713,2023,MPO,2,623173,100885,100885,950,Round 2,2023-07-09,Jacob Moore,945,Jay Peak Disc Golf Course,Black,59,18,3,12:30:00,55,-4,972,111,True,False,18,55,True,True,True
67713,2023,MPO,2,623173,142744,142744,963,Round 2,2023-07-09,Abel German,974,Jay Peak Disc Golf Course,Black,59,18,1,12:20:00,55,-4,972,111,True,False,18,55,True,True,True
67713,2023,MPO,2,623173,75861,75861,974,Round 2,2023-07-09,Charlie Veysey,978,Jay Peak Disc Golf Course,Black,59,18,2,12:20:00,55,-4,972,112,True,False,18,55,True,True,True
67713,2023,MPO,2,623173,96355,96355,914,Round 2,2023-07-09,Louis Annino,906,Jay Peak Disc Golf Course,Black,59,18,2,12:10:00,55,-4,972,114,True,False,18,55,True,True,True
67713,2023,MPO,2,623173,118928,118928,952,Round 2,2023-07-09,Tyler Pomichter,926,Jay Peak Disc Golf Course,Black,59,18,3,12:10:00,56,-3,963,115,True,False,18,56,True,True,True
67713,2023,MPO,2,623173,31562,31562,941,Round 2,2023-07-09,Jonathan Betts,948,Jay Peak Disc Golf Course,Black,59,18,3,12:20:00,57,-2,953,115,True,False,18,57,True,True,True
67713,2023,MPO,2,623173,125328,125328,929,Round 2,2023-07-09,Dana Carpenter,,Jay Peak Disc Golf Course,Black,59,18,2,12:00:00,54,-5,982,116,True,False,18,54,True,True,True
67713,2023,MPO,2,623173,187845,187845,921,Round 2,2023-07-09,Shane Seals,962,Jay Peak Disc Golf Course,Black,59,18,1,12:10:00,61,2,915,119,True,False,18,61,True,True,True
67713,2023,MPO,2,623173,85980,85980,908,Round 2,2023-07-09,Corey Clark,,Jay Peak Disc Golf Course,Black,59,18,1,12:00:00,61,2,915,123,True,False,18,61,True,True,True
67713,2023,MPO,2,623173,109051,109051,898,Round 2,2023-07-09,Taylor Jones,866,Jay Peak Disc Golf Course,Black,59,18,3,12:00:00,76,17,771,140,True,False,18,76,True,True,True
67796,2023,FA2,1,624887,172895,172895,696,Round 1,2023-07-23,Cara Tatro,737,Black Falls Disc Golf Course,Silver tee-Silver basket,54,18,1,08:20:00,58,4,836,125,True,False,18,58,True,True,True
67796,2023,FA2,1,624887,261982,261982,,Round 1,2023-07-23,Jill Betts,775,Black Falls Disc Golf Course,Silver tee-Silver basket,54,18,3,08:20:00,65,11,747,128,True,False,18,65,True,True,True
67796,2023,FA2,1,624887,233218,233218,755,Round 1,2023-07-23,Elyse Scott,,Black Falls Disc Golf Course,Silver tee-Silver basket,54,18,2,08:20:00,66,12,735,130,True,False,18,66,True,True,True
67796,2023,FA2,2,624887,172895,172895,696,Round 2,2023-07-23,Cara Tatro,737,Black Falls Disc Golf Course,Silver tee-Silver basket,54,18,1,08:30:00,67,13,722,125,True,False,18,67,True,True,True
67796,2023,FA2,2,624887,261982,261982,,Round 2,2023-07-23,Jill Betts,775,Black Falls Disc Golf Course,Silver tee-Silver basket,54,18,2,08:30:00,63,9,773,128,True,False,18,63,True,True,True
67796,2023,FA2,2,624887,233218,233218,755,Round 2,2023-07-23,Elyse Scott,,Black Falls Disc Golf Course,Silver tee-Silver basket,54,18,3,08:30:00,64,10,760,130,True,False,18,64,True,True,True
67796,2023,FA3,1,624887,259152,259152,656,Round 1,2023-07-23,Marie Norton,,Black Falls Disc Golf Course,Silver tee-Silver basket,54,18,4,08:30:00,71,17,671,153,True,False,18,71,True,True,True
67796,2023,FA3,1,624887,261970,261970,,Round 1,2023-07-23,Lea White,,Black Falls Disc Golf Course,Silver tee-Silver basket,54,18,5,08:30:00,72,18,659,150,True,False,18,72,True,True,True
67796,2023,FA3,2,624887,261970,261970,,Round 2,2023-07-23,Lea White,,Black Falls Disc Golf Course,Silver tee-Silver basket,54,18,5,08:30:00,78,24,583,150,True,False,18,78,True,True,True
67796,2023,FA3,2,624887,259152,259152,656,Round 2,2023-07-23,Marie Norton,,Black Falls Disc Golf Course,Silver tee-Silver basket,54,18,4,08:30:00,82,28,532,153,True,False,18,82,True,True,True
67796,2023,FA40,1,624887,94272,94272,785,Round 1,2023-07-23,Gabrielle Pozzani,818,Black Falls Disc Golf Course,Silver tee-Silver basket,54,18,1,08:30:00,59,5,823,120,True,False,18,59,True,True,True
67796,2023,FA40,1,624887,213173,213173,726,Round 1,2023-07-23,Elizabeth Carrell,775,Black Falls Disc Golf Course,Silver tee-Silver basket,54,18,3,08:30:00,61,7,798,124,True,False,18,61,True,True,True
67796,2023,FA40,1,624887,161647,161647,690,Round 1,2023-07-23,Michele Sargent,611,Black Falls Disc Golf Course,Silver tee-Silver basket,54,18,2,08:30:00,72,18,659,148,True,False,18,72,True,True,True
67796,2023,FA40,2,624887,94272,94272,785,Round 2,2023-07-23,Gabrielle Pozzani,818,Black Falls Disc Golf Course,Silver tee-Silver basket,54,18,1,08:10:00,61,7,798,120,True,False,18,61,True,True,True
67796,2023,FA40,2,624887,213173,213173,726,Round 2,2023-07-23,Elizabeth Carrell,775,Black Falls Disc Golf Course,Silver tee-Silver basket,54,18,2,08:10:00,63,9,773,124,True,False,18,63,True,True,True
67796,2023,FA40,2,624887,161647,161647,690,Round 2,2023-07-23,Michele Sargent,611,Black Falls Disc Golf Course,Silver tee-Silver basket,54,18,3,08:10:00,76,22,608,148,True,False,18,76,True,True,True
67796,2023,FP40,1,624892,91441,91441,786,Round 1,2023-07-23,Fallon Enman,,Black Falls Disc Golf Course,Silver tee-Gold basket,60,18,1,10:30:00,67,7,863,135,True,False,18,67,True,True,True
67796,2023,FP40,1,624892,115856,115856,805,Round 1,2023-07-23,Dana Lit,824,Black Falls Disc Golf Course,Silver tee-Gold basket,60,18,3,10:30:00,73,13,806,145,True,False,18,73,True,True,True
67796,2023,FP40,2,624892,91441,91441,786,Round 2,2023-07-23,Fallon Enman,,Black Falls Disc Golf Course,Silver tee-Gold basket,60,18,1,10:20:00,68,8,854,135,True,False,18,68,True,True,True
67796,2023,FP40,2,624892,115856,115856,805,Round 2,2023-07-23,Dana Lit,824,Black Falls Disc Golf Course,Silver tee-Gold basket,60,18,2,10:20:00,72,12,816,145,True,False,18,72,True,True,True
67796,2023,FPO,1,624892,103743,103743,888,Round 1,2023-07-23,Karen Martel,927,Black Falls Disc Golf Course,Silver tee-Gold basket,60,18,2,10:30:00,66,6,873,127,True,False,18,66,True,True,True
67796,2023,FPO,1,624892,132857,132857,845,Round 1,2023-07-23,Serena Lamson,,Black Falls Disc Golf Course,Silver tee-Gold basket,60,18,1,10:40:00,66,6,873,137,True,False,18,66,True,True,True
67796,2023,FPO,1,624892,122613,122613,865,Round 1,2023-07-23,Kelly Heslin,889,Black Falls Disc Golf Course,Silver tee-Gold basket,60,18,2,10:40:00,68,8,854,135,True,False,18,68,True,True,True
67796,2023,FPO,1,624892,163363,163363,848,Round 1,2023-07-23,Julie Bisson,883,Black Falls Disc Golf Course,Silver tee-Gold basket,60,18,3,10:40:00,74,14,797,137,True,False,18,74,True,True,True
67796,2023,FPO,1,624892,174640,174640,835,Round 1,2023-07-23,Maureen McGuinness,,Black Falls Disc Golf Course,Silver tee-Gold basket,60,18,4,10:30:00,74,14,797,138,True,False,18,74,True,True,True
67796,2023,FPO,2,624892,103743,103743,888,Round 2,2023-07-23,Karen Martel,927,Black Falls Disc Golf Course,Silver tee-Gold basket,60,18,1,10:30:00,61,1,920,127,True,False,18,61,True,True,True
67796,2023,FPO,2,624892,122613,122613,865,Round 2,2023-07-23,Kelly Heslin,889,Black Falls Disc Golf Course,Silver tee-Gold basket,60,18,3,10:30:00,67,7,863,135,True,False,18,67,True,True,True
67796,2023,FPO,2,624892,163363,163363,848,Round 2,2023-07-23,Julie Bisson,883,Black Falls Disc Golf Course,Silver tee-Gold basket,60,18,4,10:30:00,63,3,901,137,True,False,18,63,True,True,True
67796,2023,FPO,2,624892,132857,132857,845,Round 2,2023-07-23,Serena Lamson,,Black Falls Disc Golf Course,Silver tee-Gold basket,60,18,2,10:30:00,71,11,825,137,True,False,18,71,True,True,True
67796,2023,FPO,2,624892,174640,174640,835,Round 2,2023-07-23,Maureen McGuinness,,Black Falls Disc Golf Course,Silver tee-Gold basket,60,18,3,10:20:00,64,4,892,138,True,False,18,64,True,True,True
67796,2023,MA1,1,624893,165433,165433,899,Round 1,2023-07-23,David Larouche-Beaudet,910,Black Falls Disc Golf Course,Gold tee-Gold basket,61,18,1,11:20:00,62,1,958,132,True,False,18,62,True,True,True
67796,2023,MA1,1,624893,176338,176338,953,Round 1,2023-07-23,Eric Vitoff,925,Black Falls Disc Golf Course,Gold tee-Gold basket,61,18,3,11:30:00,63,2,950,123,True,False,18,63,True,True,True
67796,2023,MA1,1,624893,121418,121418,943,Round 1,2023-07-23,Brian Charash,,Black Falls Disc Golf Course,Gold tee-Gold basket,61,18,1,11:00:00,65,4,933,125,True,False,18,65,True,True,True
67796,2023,MA1,1,624893,174031,174031,902,Round 1,2023-07-23,Ian MacDonald,909,Black Falls Disc Golf Course,Gold tee-Gold basket,61,18,3,10:50:00,63,5,924,135,True,False,18,63,True,True,True
67796,2023,MA1,1,624893,195531,195531,913,Round 1,2023-07-23,Devon Mendicino,920,Black Falls Disc Golf Course,Gold tee-Gold basket,61,18,3,11:40:00,66,5,924,138,True,False,18,66,True,True,True
67796,2023,MA1,1,624893,242103,242103,847,Round 1,2023-07-23,Nathan Oxenfeld,895,Black Falls Disc Golf Course,Gold tee-Gold basket,61,18,1,11:40:00,66,5,924,134,True,False,18,66,True,True,True
67796,2023,MA1,1,624893,131201,131201,929,Round 1,2023-07-23,Tyler LaPerle,973,Black Falls Disc Golf Course,Gold tee-Gold basket,61,18,2,12:00:00,67,6,916,134,True,False,18,67,True,True,True
67796,2023,MA1,1,624893,138228,138228,877,Round 1,2023-07-23,Dan Barmore,,Black Falls Disc Golf Course,Gold tee-Gold basket,61,18,3,11:50:00,67,6,916,135,True,False,18,67,True,True,True
67796,2023,MA1,1,624893,146710,146710,897,Round 1,2023-07-23,Nicholas Laurendeau,,Black Falls Disc Golf Course,Gold tee-Gold basket,61,18,2,11:00:00,68,7,907,135,True,False,18,68,True,True,True
67796,2023,MA1,1,624893,222597,222597,874,Round 1,2023-07-23,Jack McCarthy,,Black Falls Disc Golf Course,Gold tee-Gold basket,61,18,4,11:10:00,68,7,907,138,True,False,18,68,True,True,True
67796,2023,MA1,1,624893,149370,149370,894,Round 1,2023-07-23,Justin Serrano,897,Black Falls Disc Golf Course,Gold tee-Gold basket,61,18,1,11:30:00,69,8,899,140,True,False,18,69,True,True,True
67796,2023,MA1,1,624893,185963,185963,893,Round 1,2023-07-23,Ross Dunham,,Black Falls Disc Golf Course,Gold tee-Gold basket,61,18,2,11:20:00,69,8,899,,True,False,18,69,True,True,True
67796,2023,MA1,1,624893,256485,256485,925,Round 1,2023-07-23,Christopher Keller,,Black Falls Disc Golf Course,Gold tee-Gold basket,61,18,4,11:00:00,69,8,899,134,True,False,18,69,True,True,True
67796,2023,MA1,1,624893,82340,82340,916,Round 1,2023-07-23,Justin Leonard,912,Black Falls Disc Golf Course,Gold tee-Gold basket,61,18,1,11:50:00,70,9,890,138,True,False,18,70,True,True,True
67796,2023,MA1,1,624893,138042,138042,904,Round 1,2023-07-23,Russell Freeman,925,Black Falls Disc Golf Course,Gold tee-Gold basket,61,18,2,11:10:00,70,9,890,134,True,False,18,70,True,True,True
67796,2023,MA1,1,624893,173058,173058,931,Round 1,2023-07-23,Brandon Allaire,950,Black Falls Disc Golf Course,Gold tee-Gold basket,61,18,2,11:30:00,70,9,890,133,True,False,18,70,True,True,True
67796,2023,MA1,1,624893,125923,125923,883,Round 1,2023-07-23,Samuel Guilbault,890,Black Falls Disc Golf Course,Gold tee-Gold basket,61,18,1,11:10:00,71,10,881,140,True,False,18,71,True,True,True
67796,2023,MA1,1,624893,138544,138544,873,Round 1,2023-07-23,Chaz Sheperd,924,Black Falls Disc Golf Course,Gold tee-Gold basket,61,18,2,11:40:00,71,10,881,144,True,False,18,71,True,True,True
67796,2023,MA1,1,624893,158426,158426,895,Round 1,2023-07-23,Jordan Da Ponte,938,Black Falls Disc Golf Course,Gold tee-Gold basket,61,18,2,10:50:00,70,10,881,135,True,False,18,70,True,True,True
67796,2023,MA1,1,624893,218262,218262,896,Round 1,2023-07-23,Jerry Jackman,913,Black Falls Disc Golf Course,Gold tee-Gold basket,61,18,3,11:20:00,71,10,881,138,True,False,18,71,True,True,True
67796,2023,MA1,1,624893,251964,251964,884,Round 1,2023-07-23,Hans Kindstedt,938,Black Falls Disc Golf Course,Gold tee-Gold basket,61,18,3,12:00:00,71,10,881,137,True,False,18,71,True,True,True
67796,2023,MA1,1,624893,258938,258938,832,Round 1,2023-07-23,Brandon Kendall,,Black Falls Disc Golf Course,Gold tee-Gold basket,61,18,4,12:00:00,71,10,881,147,True,False,18,71,True,True,True
67796,2023,MA1,1,624893,110707,110707,934,Round 1,2023-07-23,Jason Wilson,927,Black Falls Disc Golf Course,Gold tee-Gold basket,61,18,1,12:00:00,72,11,873,138,True,False,18,72,True,True,True
67796,2023,MA1,1,624893,174646,174646,881,Round 1,2023-07-23,David Oppenheimer,,Black Falls Disc Golf Course,Gold tee-Gold basket,61,18,3,11:10:00,75,14,847,147,True,False,18,75,True,True,True
67796,2023,MA1,1,624893,175583,175583,900,Round 1,2023-07-23,Rob Salter,948,Black Falls Disc Golf Course,Gold tee-Gold basket,61,18,3,11:00:00,75,14,847,143,True,False,18,75,True,True,True
67796,2023,MA1,1,624893,212570,212570,873,Round 1,2023-07-23,Derek Copping,874,Black Falls Disc Golf Course,Gold tee-Gold basket,61,18,4,11:40:00,75,14,847,146,True,False,18,75,True,True,True
67796,2023,MA1,1,624893,223480,223480,850,Round 1,2023-07-23,Marc Kirkpatrick,879,Black Falls Disc Golf Course,Gold tee-Gold basket,61,18,4,11:20:00,76,15,839,152,True,False,18,76,True,True,True
67796,2023,MA1,1,624893,128670,128670,896,Round 1,2023-07-23,Steven Colbert,,Black Falls Disc Golf Course,Gold tee-Gold basket,61,18,2,11:50:00,78,17,822,149,True,False,18,78,True,True,True
67796,2023,MA1,1,624893,137408,137408,831,Round 1,2023-07-23,Aaron Gingras,,Black Falls Disc Golf Course,Gold tee-Gold basket,61,18,1,10:50:00,84,23,771,164,True,False,18,84,True,True,True
67796,2023,MA1,2,624893,176338,176338,953,Round 2,2023-07-23,Eric Vitoff,925,Black Falls Disc Golf Course,Gold tee-Gold basket,61,18,3,11:50:00,60,-1,975,123,True,False,18,60,True,True,True
67796,2023,MA1,2,624893,121418,121418,943,Round 2,2023-07-23,Brian Charash,,Black Falls Disc Golf Course,Gold tee-Gold basket,61,18,4,11:50:00,60,-1,975,125,True,False,18,60,True,True,True
67796,2023,MA1,2,624893,165433,165433,899,Round 2,2023-07-23,David Larouche-Beaudet,910,Black Falls Disc Golf Course,Gold tee-Gold basket,61,18,1,11:50:00,70,9,890,132,True,False,18,70,True,True,True
67796,2023,MA1,2,624893,173058,173058,931,Round 2,2023-07-23,Brandon Allaire,950,Black Falls Disc Golf Course,Gold tee-Gold basket,61,18,1,11:10:00,63,2,950,133,True,False,18,63,True,True,True
67796,2023,MA1,2,624893,138042,138042,904,Round 2,2023-07-23,Russell Freeman,925,Black Falls Disc Golf Course,Gold tee-Gold basket,61,18,3,11:20:00,64,3,941,134,True,False,18,64,True,True,True
67796,2023,MA1,2,624893,256485,256485,925,Round 2,2023-07-23,Christopher Keller,,Black Falls Disc Golf Course,Gold tee-Gold basket,61,18,1,11:20:00,65,4,933,134,True,False,18,65,True,True,True
67796,2023,MA1,2,624893,131201,131201,929,Round 2,2023-07-23,Tyler LaPerle,973,Black Falls Disc Golf Course,Gold tee-Gold basket,61,18,3,11:40:00,67,6,916,134,True,False,18,67,True,True,True
67796,2023,MA1,2,624893,242103,242103,847,Round 2,2023-07-23,Nathan Oxenfeld,895,Black Falls Disc Golf Course,Gold tee-Gold basket,61,18,2,11:40:00,68,7,907,134,True,False,18,68,True,True,True
67796,2023,MA1,2,624893,158426,158426,895,Round 2,2023-07-23,Jordan Da Ponte,938,Black Falls Disc Golf Course,Gold tee-Gold basket,61,18,4,11:20:00,64,3,941,135,True,False,18,64,True,True,True
67796,2023,MA1,2,624893,146710,146710,897,Round 2,2023-07-23,Nicholas Laurendeau,,Black Falls Disc Golf Course,Gold tee-Gold basket,61,18,1,11:30:00,67,6,916,135,True,False,18,67,True,True,True
67796,2023,MA1,2,624893,138228,138228,877,Round 2,2023-07-23,Dan Barmore,,Black Falls Disc Golf Course,Gold tee-Gold basket,61,18,4,11:40:00,68,7,907,135,True,False,18,68,True,True,True
67796,2023,MA1,2,624893,174031,174031,902,Round 2,2023-07-23,Ian MacDonald,909,Black Falls Disc Golf Course,Gold tee-Gold basket,61,18,2,11:50:00,69,8,899,135,True,False,18,69,True,True,True
67796,2023,MA1,2,624893,251964,251964,884,Round 2,2023-07-23,Hans Kindstedt,938,Black Falls Disc Golf Course,Gold tee-Gold basket,61,18,1,11:00:00,66,5,924,137,True,False,18,66,True,True,True
67796,2023,MA1,2,624893,110707,110707,934,Round 2,2023-07-23,Jason Wilson,927,Black Falls Disc Golf Course,Gold tee-Gold basket,61,18,3,11:00:00,66,5,924,138,True,False,18,66,True,True,True
67796,2023,MA1,2,624893,218262,218262,896,Round 2,2023-07-23,Jerry Jackman,913,Black Falls Disc Golf Course,Gold tee-Gold basket,61,18,4,11:10:00,67,6,916,138,True,False,18,67,True,True,True
67796,2023,MA1,2,624893,82340,82340,916,Round 2,2023-07-23,Justin Leonard,912,Black Falls Disc Golf Course,Gold tee-Gold basket,61,18,2,11:20:00,68,7,907,138,True,False,18,68,True,True,True
67796,2023,MA1,2,624893,222597,222597,874,Round 2,2023-07-23,Jack McCarthy,,Black Falls Disc Golf Course,Gold tee-Gold basket,61,18,2,11:30:00,70,9,890,138,True,False,18,70,True,True,True
67796,2023,MA1,2,624893,195531,195531,913,Round 2,2023-07-23,Devon Mendicino,920,Black Falls Disc Golf Course,Gold tee-Gold basket,61,18,1,11:40:00,72,11,873,138,True,False,18,72,True,True,True
67796,2023,MA1,2,624893,125923,125923,883,Round 2,2023-07-23,Samuel Guilbault,890,Black Falls Disc Golf Course,Gold tee-Gold basket,61,18,2,11:10:00,69,8,899,140,True,False,18,69,True,True,True
67796,2023,MA1,2,624893,149370,149370,894,Round 2,2023-07-23,Justin Serrano,897,Black Falls Disc Golf Course,Gold tee-Gold basket,61,18,3,11:30:00,71,10,881,140,True,False,18,71,True,True,True
67796,2023,MA1,2,624893,175583,175583,900,Round 2,2023-07-23,Rob Salter,948,Black Falls Disc Golf Course,Gold tee-Gold basket,61,18,2,10:50:00,68,7,907,143,True,False,18,68,True,True,True
67796,2023,MA1,2,624893,138544,138544,873,Round 2,2023-07-23,Chaz Sheperd,924,Black Falls Disc Golf Course,Gold tee-Gold basket,61,18,3,11:10:00,73,12,864,144,True,False,18,73,True,True,True
67796,2023,MA1,2,624893,212570,212570,873,Round 2,2023-07-23,Derek Copping,874,Black Falls Disc Golf Course,Gold tee-Gold basket,61,18,3,10:50:00,71,10,881,146,True,False,18,71,True,True,True
67796,2023,MA1,2,624893,174646,174646,881,Round 2,2023-07-23,David Oppenheimer,,Black Falls Disc Golf Course,Gold tee-Gold basket,61,18,1,10:50:00,72,11,873,147,True,False,18,72,True,True,True
67796,2023,MA1,2,624893,258938,258938,832,Round 2,2023-07-23,Brandon Kendall,,Black Falls Disc Golf Course,Gold tee-Gold basket,61,18,2,11:00:00,76,15,839,147,True,False,18,76,True,True,True
67796,2023,MA1,2,624893,128670,128670,896,Round 2,2023-07-23,Steven Colbert,,Black Falls Disc Golf Course,Gold tee-Gold basket,61,18,2,10:40:00,71,10,881,149,True,False,18,71,True,True,True
67796,2023,MA1,2,624893,223480,223480,850,Round 2,2023-07-23,Marc Kirkpatrick,879,Black Falls Disc Golf Course,Gold tee-Gold basket,61,18,1,10:40:00,76,15,839,152,True,False,18,76,True,True,True
67796,2023,MA1,2,624893,137408,137408,831,Round 2,2023-07-23,Aaron Gingras,,Black Falls Disc Golf Course,Gold tee-Gold basket,61,18,3,10:40:00,80,19,805,164,True,False,18,80,True,True,True
67796,2023,MA1,2,624893,185963,185963,893,Round 2,2023-07-23,Ross Dunham,,Black Falls Disc Golf Course,Gold tee-Gold basket,61,18,4,11:30:00,,,,,True,True,0,,False,False,False
67796,2023,MA2,1,624892,124203,124203,880,Round 1,2023-07-23,Ezra Koch,954,Black Falls Disc Golf Course,Silver tee-Gold basket,60,18,1,09:20:00,61,1,920,115,True,False,18,61,True,True,True
67796,2023,MA2,1,624892,219307,219307,854,Round 1,2023-07-23,Everett Secor,935,Black Falls Disc Golf Course,Silver tee-Gold basket,60,18,2,09:10:00,62,2,911,127,True,False,18,62,True,True,True
67796,2023,MA2,1,624892,213224,213224,868,Round 1,2023-07-23,Justin Griswold,914,Black Falls Disc Golf Course,Silver tee-Gold basket,60,18,1,09:00:00,63,3,901,122,True,False,18,63,True,True,True
67796,2023,MA2,1,624892,221157,221157,813,Round 1,2023-07-23,Dylan Slick,915,Black Falls Disc Golf Course,Silver tee-Gold basket,60,18,2,09:00:00,63,3,901,118,True,False,18,63,True,True,True
67796,2023,MA2,1,624892,177260,177260,892,Round 1,2023-07-23,Fisher Evans,,Black Falls Disc Golf Course,Silver tee-Gold basket,60,18,2,09:20:00,64,4,892,126,True,False,18,64,True,True,True
67796,2023,MA2,1,624892,246266,246266,913,Round 1,2023-07-23,Matthew Hayes,,Black Falls Disc Golf Course,Silver tee-Gold basket,60,18,3,09:00:00,64,4,892,124,True,False,18,64,True,True,True
67796,2023,MA2,1,624892,63896,63896,915,Round 1,2023-07-23,Ross King,899,Black Falls Disc Golf Course,Silver tee-Gold basket,60,18,1,09:30:00,65,5,882,132,True,False,18,65,True,True,True
67796,2023,MA2,1,624892,189203,189203,869,Round 1,2023-07-23,Bobby Martino,911,Black Falls Disc Golf Course,Silver tee-Gold basket,60,18,3,09:10:00,67,7,863,133,True,False,18,67,True,True,True
67796,2023,MA2,1,624892,254922,254922,867,Round 1,2023-07-23,Benjamin Taylor,890,Black Falls Disc Golf Course,Silver tee-Gold basket,60,18,4,09:00:00,67,7,863,128,True,False,18,67,True,True,True
67796,2023,MA2,1,624892,233216,233216,868,Round 1,2023-07-23,Aidan Cahill,,Black Falls Disc Golf Course,Silver tee-Gold basket,60,18,1,08:50:00,68,8,854,132,True,False,18,68,True,True,True
67796,2023,MA2,1,624892,212714,212714,869,Round 1,2023-07-23,Rocco Ceci,879,Black Falls Disc Golf Course,Silver tee-Gold basket,60,18,3,09:30:00,69,9,844,136,True,False,18,69,True,True,True
67796,2023,MA2,1,624892,137984,137984,876,Round 1,2023-07-23,Tristan Bryce,,Black Falls Disc Golf Course,Silver tee-Gold basket,60,18,2,09:30:00,70,10,835,137,True,False,18,70,True,True,True
67796,2023,MA2,1,624892,259718,259718,804,Round 1,2023-07-23,Kamden Cox,906,Black Falls Disc Golf Course,Silver tee-Gold basket,60,18,3,08:50:00,70,10,835,133,True,False,18,70,True,True,True
67796,2023,MA2,1,624892,177018,177018,865,Round 1,2023-07-23,Brandon Bensel,882,Black Falls Disc Golf Course,Silver tee-Gold basket,60,18,1,09:10:00,71,11,825,135,True,False,18,71,True,True,True
67796,2023,MA2,1,624892,259714,259714,838,Round 1,2023-07-23,Reece Cronin,,Black Falls Disc Golf Course,Silver tee-Gold basket,60,18,3,09:20:00,71,11,825,136,True,False,18,71,True,True,True
67796,2023,MA2,1,624892,246281,246281,,Round 1,2023-07-23,Christopher Ryan,805,Black Falls Disc Golf Course,Silver tee-Gold basket,60,18,4,09:10:00,77,17,768,148,True,False,18,77,True,True,True
67796,2023,MA2,1,624892,217924,217924,,Round 1,2023-07-23,Adam Smith,,Black Falls Disc Golf Course,Silver tee-Gold basket,60,18,2,08:50:00,78,18,759,147,True,False,18,78,True,True,True
67796,2023,MA2,1,624892,244952,244952,858,Round 1,2023-07-23,Joshua Dezotell,895,Black Falls Disc Golf Course,Silver tee-Gold basket,60,18,4,09:30:00,78,18,759,152,True,False,18,78,True,True,True
67796,2023,MA2,2,624892,124203,124203,880,Round 2,2023-07-23,Ezra Koch,954,Black Falls Disc Golf Course,Silver tee-Gold basket,60,18,1,09:30:00,54,-6,987,115,True,False,18,54,True,True,True
67796,2023,MA2,2,624892,221157,221157,813,Round 2,2023-07-23,Dylan Slick,915,Black Falls Disc Golf Course,Silver tee-Gold basket,60,18,4,09:30:00,55,-5,977,118,True,False,18,55,True,True,True
67796,2023,MA2,2,624892,213224,213224,868,Round 2,2023-07-23,Justin Griswold,914,Black Falls Disc Golf Course,Silver tee-Gold basket,60,18,3,09:30:00,59,-1,939,122,True,False,18,59,True,True,True
67796,2023,MA2,2,624892,246266,246266,913,Round 2,2023-07-23,Matthew Hayes,,Black Falls Disc Golf Course,Silver tee-Gold basket,60,18,2,09:20:00,60,0,930,124,True,False,18,60,True,True,True
67796,2023,MA2,2,624892,177260,177260,892,Round 2,2023-07-23,Fisher Evans,,Black Falls Disc Golf Course,Silver tee-Gold basket,60,18,1,09:20:00,62,2,911,126,True,False,18,62,True,True,True
67796,2023,MA2,2,624892,219307,219307,854,Round 2,2023-07-23,Everett Secor,935,Black Falls Disc Golf Course,Silver tee-Gold basket,60,18,2,09:30:00,65,5,882,127,True,False,18,65,True,True,True
67796,2023,MA2,2,624892,254922,254922,867,Round 2,2023-07-23,Benjamin Taylor,890,Black Falls Disc Golf Course,Silver tee-Gold basket,60,18,1,09:10:00,61,1,920,128,True,False,18,61,True,True,True
67796,2023,MA2,2,624892,233216,233216,868,Round 2,2023-07-23,Aidan Cahill,,Black Falls Disc Golf Course,Silver tee-Gold basket,60,18,2,09:10:00,64,4,892,132,True,False,18,64,True,True,True
67796,2023,MA2,2,624892,63896,63896,915,Round 2,2023-07-23,Ross King,899,Black Falls Disc Golf Course,Silver tee-Gold basket,60,18,3,09:20:00,67,7,863,132,True,False,18,67,True,True,True
67796,2023,MA2,2,624892,259718,259718,804,Round 2,2023-07-23,Kamden Cox,906,Black Falls Disc Golf Course,Silver tee-Gold basket,60,18,1,09:00:00,63,3,901,133,True,False,18,63,True,True,True
67796,2023,MA2,2,624892,189203,189203,869,Round 2,2023-07-23,Bobby Martino,911,Black Falls Disc Golf Course,Silver tee-Gold basket,60,18,4,09:20:00,66,6,873,133,True,False,18,66,True,True,True
67796,2023,MA2,2,624892,177018,177018,865,Round 2,2023-07-23,Brandon Bensel,882,Black Falls Disc Golf Course,Silver tee-Gold basket,60,18,2,09:00:00,64,4,892,135,True,False,18,64,True,True,True
67796,2023,MA2,2,624892,259714,259714,838,Round 2,2023-07-23,Reece Cronin,,Black Falls Disc Golf Course,Silver tee-Gold basket,60,18,3,09:00:00,65,5,882,136,True,False,18,65,True,True,True
67796,2023,MA2,2,624892,212714,212714,869,Round 2,2023-07-23,Rocco Ceci,879,Black Falls Disc Golf Course,Silver tee-Gold basket,60,18,3,09:10:00,67,7,863,136,True,False,18,67,True,True,True
67796,2023,MA2,2,624892,137984,137984,876,Round 2,2023-07-23,Tristan Bryce,,Black Falls Disc Golf Course,Silver tee-Gold basket,60,18,4,09:10:00,67,7,863,137,True,False,18,67,True,True,True
67796,2023,MA2,2,624892,217924,217924,,Round 2,2023-07-23,Adam Smith,,Black Falls Disc Golf Course,Silver tee-Gold basket,60,18,2,08:50:00,69,9,844,147,True,False,18,69,True,True,True
67796,2023,MA2,2,624892,246281,246281,,Round 2,2023-07-23,Christopher Ryan,805,Black Falls Disc Golf Course,Silver tee-Gold basket,60,18,1,08:50:00,71,11,825,148,True,False,18,71,True,True,True
67796,2023,MA2,2,624892,244952,244952,858,Round 2,2023-07-23,Joshua Dezotell,895,Black Falls Disc Golf Course,Silver tee-Gold basket,60,18,3,08:50:00,74,14,797,152,True,False,18,74,True,True,True
67796,2023,MA3,1,624887,202948,202948,839,Round 1,2023-07-23,Nicholas Morrissey,849,Black Falls Disc Golf Course,Silver tee-Silver basket,54,18,1,08:10:00,51,-3,925,107,True,False,18,51,True,True,True
67796,2023,MA3,1,624887,239719,239719,860,Round 1,2023-07-23,Thane Griswold,820,Black Falls Disc Golf Course,Silver tee-Silver basket,54,18,3,08:10:00,56,2,861,114,True,False,18,56,True,True,True
67796,2023,MA3,1,624887,93691,93691,857,Round 1,2023-07-23,Dakota O'Brien,,Black Falls Disc Golf Course,Silver tee-Silver basket,54,18,1,08:00:00,58,4,836,111,True,False,18,58,True,True,True
67796,2023,MA3,1,624887,195473,195473,809,Round 1,2023-07-23,Jean-Philippe Castonguay,,Black Falls Disc Golf Course,Silver tee-Silver basket,54,18,3,08:00:00,61,7,798,115,True,False,18,61,True,True,True
67796,2023,MA3,1,624887,256887,256887,794,Round 1,2023-07-23,Alex Gambero,812,Black Falls Disc Golf Course,Silver tee-Silver basket,54,18,4,08:10:00,62,8,785,123,True,False,18,62,True,True,True
67796,2023,MA3,1,624887,156256,156256,789,Round 1,2023-07-23,Colby Garrand,836,Black Falls Disc Golf Course,Silver tee-Silver basket,54,18,2,08:00:00,68,14,709,130,True,False,18,68,True,True,True
67796,2023,MA3,1,624887,239437,239437,767,Round 1,2023-07-23,Simon Bethune,830,Black Falls Disc Golf Course,Silver tee-Silver basket,54,18,2,08:10:00,69,15,697,141,True,False,18,69,True,True,True
67796,2023,MA3,2,624887,202948,202948,839,Round 2,2023-07-23,Nicholas Morrissey,849,Black Falls Disc Golf Course,Silver tee-Silver basket,54,18,1,08:20:00,56,2,861,107,True,False,18,56,True,True,True
67796,2023,MA3,2,624887,93691,93691,857,Round 2,2023-07-23,Dakota O'Brien,,Black Falls Disc Golf Course,Silver tee-Silver basket,54,18,3,08:20:00,53,-1,899,111,True,False,18,53,True,True,True
67796,2023,MA3,2,624887,239719,239719,860,Round 2,2023-07-23,Thane Griswold,820,Black Falls Disc Golf Course,Silver tee-Silver basket,54,18,2,08:20:00,58,4,836,114,True,False,18,58,True,True,True
67796,2023,MA3,2,624887,195473,195473,809,Round 2,2023-07-23,Jean-Philippe Castonguay,,Black Falls Disc Golf Course,Silver tee-Silver basket,54,18,4,08:20:00,54,0,887,115,True,False,18,54,True,True,True
67796,2023,MA3,2,624887,256887,256887,794,Round 2,2023-07-23,Alex Gambero,812,Black Falls Disc Golf Course,Silver tee-Silver basket,54,18,1,08:00:00,61,7,798,123,True,False,18,61,True,True,True
67796,2023,MA3,2,624887,156256,156256,789,Round 2,2023-07-23,Colby Garrand,836,Black Falls Disc Golf Course,Silver tee-Silver basket,54,18,2,08:00:00,62,8,785,130,True,False,18,62,True,True,True
67796,2023,MA3,2,624887,239437,239437,767,Round 2,2023-07-23,Simon Bethune,830,Black Falls Disc Golf Course,Silver tee-Silver basket,54,18,3,08:00:00,72,18,659,141,True,False,18,72,True,True,True
67796,2023,MA40,1,624892,84935,84935,887,Round 1,2023-07-23,Droo Fisher,866,Black Falls Disc Golf Course,Silver tee-Gold basket,60,18,1,10:20:00,63,3,901,133,True,False,18,63,True,True,True
67796,2023,MA40,1,624892,161619,161619,889,Round 1,2023-07-23,Randolph Jordan,896,Black Falls Disc Golf Course,Silver tee-Gold basket,60,18,3,10:20:00,64,4,892,130,True,False,18,64,True,True,True
67796,2023,MA40,1,624892,161644,161644,831,Round 1,2023-07-23,Garrett Sargent,818,Black Falls Disc Golf Course,Silver tee-Gold basket,60,18,4,10:20:00,76,16,778,149,True,False,18,76,True,True,True
67796,2023,MA40,1,624892,159285,159285,765,Round 1,2023-07-23,Todd Lewis,,Black Falls Disc Golf Course,Silver tee-Gold basket,60,18,2,10:20:00,92,32,626,171,True,False,18,92,True,True,True
67796,2023,MA40,2,624892,161619,161619,889,Round 2,2023-07-23,Randolph Jordan,896,Black Falls Disc Golf Course,Silver tee-Gold basket,60,18,2,10:10:00,66,6,873,130,True,False,18,66,True,True,True
67796,2023,MA40,2,624892,84935,84935,887,Round 2,2023-07-23,Droo Fisher,866,Black Falls Disc Golf Course,Silver tee-Gold basket,60,18,1,10:10:00,70,10,835,133,True,False,18,70,True,True,True
67796,2023,MA40,2,624892,161644,161644,831,Round 2,2023-07-23,Garrett Sargent,818,Black Falls Disc Golf Course,Silver tee-Gold basket,60,18,3,10:10:00,73,13,806,149,True,False,18,73,True,True,True
67796,2023,MA40,2,624892,159285,159285,765,Round 2,2023-07-23,Todd Lewis,,Black Falls Disc Golf Course,Silver tee-Gold basket,60,18,4,10:10:00,79,19,749,171,True,False,18,79,True,True,True
67796,2023,MA50,1,624892,91301,91301,887,Round 1,2023-07-23,Michael A. Stridsberg,898,Black Falls Disc Golf Course,Silver tee-Gold basket,60,18,3,10:10:00,58,-2,949,119,True,False,18,58,True,True,True
67796,2023,MA50,1,624892,154887,154887,915,Round 1,2023-07-23,Brian Hunter,941,Black Falls Disc Golf Course,Silver tee-Gold basket,60,18,2,10:10:00,62,2,911,126,True,False,18,62,True,True,True
67796,2023,MA50,1,624892,74288,74288,879,Round 1,2023-07-23,Gregg Guillily,889,Black Falls Disc Golf Course,Silver tee-Gold basket,60,18,1,10:10:00,63,3,901,127,True,False,18,63,True,True,True
67796,2023,MA50,1,624892,251178,251178,,Round 1,2023-07-23,Dan Rico,876,Black Falls Disc Golf Course,Silver tee-Gold basket,60,18,3,10:00:00,64,4,892,129,True,False,18,64,True,True,True
67796,2023,MA50,1,624892,139113,139113,879,Round 1,2023-07-23,Norman Wedge,859,Black Falls Disc Golf Course,Silver tee-Gold basket,60,18,1,10:00:00,67,7,863,131,True,False,18,67,True,True,True
67796,2023,MA50,1,624892,175118,175118,795,Round 1,2023-07-23,Christian Rocheleau,,Black Falls Disc Golf Course,Silver tee-Gold basket,60,18,2,10:00:00,77,17,768,151,True,False,18,77,True,True,True
67796,2023,MA50,2,624892,91301,91301,887,Round 2,2023-07-23,Michael A. Stridsberg,898,Black Falls Disc Golf Course,Silver tee-Gold basket,60,18,1,10:00:00,61,1,920,119,True,False,18,61,True,True,True
67796,2023,MA50,2,624892,154887,154887,915,Round 2,2023-07-23,Brian Hunter,941,Black Falls Disc Golf Course,Silver tee-Gold basket,60,18,2,10:00:00,64,4,892,126,True,False,18,64,True,True,True
67796,2023,MA50,2,624892,74288,74288,879,Round 2,2023-07-23,Gregg Guillily,889,Black Falls Disc Golf Course,Silver tee-Gold basket,60,18,3,10:00:00,64,4,892,127,True,False,18,64,True,True,True
67796,2023,MA50,2,624892,251178,251178,,Round 2,2023-07-23,Dan Rico,876,Black Falls Disc Golf Course,Silver tee-Gold basket,60,18,4,10:00:00,65,5,882,129,True,False,18,65,True,True,True
67796,2023,MA50,2,624892,139113,139113,879,Round 2,2023-07-23,Norman Wedge,859,Black Falls Disc Golf Course,Silver tee-Gold basket,60,18,1,09:40:00,64,4,892,131,True,False,18,64,True,True,True
67796,2023,MA50,2,624892,175118,175118,795,Round 2,2023-07-23,Christian Rocheleau,,Black Falls Disc Golf Course,Silver tee-Gold basket,60,18,3,09:40:00,74,14,797,151,True,False,18,74,True,True,True
67796,2023,MA60,1,624892,202875,202875,876,Round 1,2023-07-23,Thomas Limanek,911,Black Falls Disc Golf Course,Silver tee-Gold basket,60,18,3,09:40:00,64,4,892,127,True,False,18,64,True,True,True
67796,2023,MA60,1,624892,4687,4687,877,Round 1,2023-07-23,Tim Herbert,917,Black Falls Disc Golf Course,Silver tee-Gold basket,60,18,1,09:50:00,66,6,873,133,True,False,18,66,True,True,True
67796,2023,MA60,1,624892,74478,74478,856,Round 1,2023-07-23,John Sudarsky,845,Black Falls Disc Golf Course,Silver tee-Gold basket,60,18,1,09:40:00,66,6,873,134,True,False,18,66,True,True,True
67796,2023,MA60,1,624892,154603,154603,881,Round 1,2023-07-23,Scott “Scooter” Fort,903,Black Falls Disc Golf Course,Silver tee-Gold basket,60,18,2,09:50:00,66,6,873,131,True,False,18,66,True,True,True
67796,2023,MA60,1,624892,131352,131352,794,Round 1,2023-07-23,David Havens,816,Black Falls Disc Golf Course,Silver tee-Gold basket,60,18,2,09:40:00,72,12,816,150,True,False,18,72,True,True,True
67796,2023,MA60,1,624892,195353,195353,742,Round 1,2023-07-23,Jerome Mendicino,730,Black Falls Disc Golf Course,Silver tee-Gold basket,60,18,3,09:50:00,83,23,711,163,True,False,18,83,True,True,True
67796,2023,MA60,2,624892,202875,202875,876,Round 2,2023-07-23,Thomas Limanek,911,Black Falls Disc Golf Course,Silver tee-Gold basket,60,18,1,09:50:00,63,3,901,127,True,False,18,63,True,True,True
67796,2023,MA60,2,624892,154603,154603,881,Round 2,2023-07-23,Scott “Scooter” Fort,903,Black Falls Disc Golf Course,Silver tee-Gold basket,60,18,4,09:50:00,65,5,882,131,True,False,18,65,True,True,True
67796,2023,MA60,2,624892,4687,4687,877,Round 2,2023-07-23,Tim Herbert,917,Black Falls Disc Golf Course,Silver tee-Gold basket,60,18,2,09:50:00,67,7,863,133,True,False,18,67,True,True,True
67796,2023,MA60,2,624892,74478,74478,856,Round 2,2023-07-23,John Sudarsky,845,Black Falls Disc Golf Course,Silver tee-Gold basket,60,18,3,09:50:00,68,8,854,134,True,False,18,68,True,True,True
67796,2023,MA60,2,624892,131352,131352,794,Round 2,2023-07-23,David Havens,816,Black Falls Disc Golf Course,Silver tee-Gold basket,60,18,2,09:40:00,78,18,759,150,True,False,18,78,True,True,True
67796,2023,MA60,2,624892,195353,195353,742,Round 2,2023-07-23,Jerome Mendicino,730,Black Falls Disc Golf Course,Silver tee-Gold basket,60,18,4,09:40:00,80,20,740,163,True,False,18,80,True,True,True
67796,2023,MP40,1,624893,189489,189489,947,Round 1,2023-07-23,Joshua Niss,937,Black Falls Disc Golf Course,Gold tee-Gold basket,61,18,2,12:50:00,56,-5,1009,120,True,False,18,56,True,True,True
67796,2023,MP40,1,624893,2439,2439,956,Round 1,2023-07-23,Daniel Marcus,954,Black Falls Disc Golf Course,Gold tee-Gold basket,61,18,3,12:30:00,62,1,958,128,True,False,18,62,True,True,True
67796,2023,MP40,1,624893,22318,22318,960,Round 1,2023-07-23,Aaron Smartt,965,Black Falls Disc Golf Course,Gold tee-Gold basket,61,18,1,12:30:00,62,1,958,127,True,False,18,62,True,True,True
67796,2023,MP40,1,624893,24381,24381,947,Round 1,2023-07-23,Chris Young,937,Black Falls Disc Golf Course,Gold tee-Gold basket,61,18,1,12:50:00,62,1,958,126,True,False,18,62,True,True,True
67796,2023,MP40,1,624893,97356,97356,905,Round 1,2023-07-23,Jason Guild,934,Black Falls Disc Golf Course,Gold tee-Gold basket,61,18,1,12:10:00,62,1,958,125,True,False,18,62,True,True,True
67796,2023,MP40,1,624893,122088,122088,935,Round 1,2023-07-23,Stephane Cromp,,Black Falls Disc Golf Course,Gold tee-Gold basket,61,18,2,12:10:00,64,3,941,121,True,False,18,64,True,True,True
67796,2023,MP40,1,624893,164570,164570,887,Round 1,2023-07-23,David Carter,,Black Falls Disc Golf Course,Gold tee-Gold basket,61,18,4,12:30:00,64,3,941,128,True,False,18,64,True,True,True
67796,2023,MP40,1,624893,93414,93414,951,Round 1,2023-07-23,Joshua Lemieux,961,Black Falls Disc Golf Course,Gold tee-Gold basket,61,18,2,12:30:00,66,5,924,128,True,False,18,66,True,True,True
67796,2023,MP40,1,624893,159304,159304,925,Round 1,2023-07-23,François Boucher,962,Black Falls Disc Golf Course,Gold tee-Gold basket,61,18,2,12:20:00,67,6,916,135,True,False,18,67,True,True,True
67796,2023,MP40,1,624893,138402,138402,879,Round 1,2023-07-23,Kenneth Antonich,,Black Falls Disc Golf Course,Gold tee-Gold basket,61,18,3,12:20:00,68,7,907,142,True,False,18,68,True,True,True
67796,2023,MP40,1,624893,15089,15089,919,Round 1,2023-07-23,Jeremy JJ Becker,887,Black Falls Disc Golf Course,Gold tee-Gold basket,61,18,1,12:40:00,69,8,899,136,True,False,18,69,True,True,True
67796,2023,MP40,1,624893,36646,36646,899,Round 1,2023-07-23,Matthew Heenan,909,Black Falls Disc Golf Course,Gold tee-Gold basket,61,18,3,12:10:00,69,8,899,138,True,False,18,69,True,True,True
67796,2023,MP40,1,624893,105872,105872,933,Round 1,2023-07-23,Hugo Lefebvre,927,Black Falls Disc Golf Course,Gold tee-Gold basket,61,18,1,12:20:00,70,9,890,138,True,False,18,70,True,True,True
67796,2023,MP40,1,624893,64654,64654,891,Round 1,2023-07-23,Matthew Zabawa,,Black Falls Disc Golf Course,Gold tee-Gold basket,61,18,2,12:40:00,71,10,881,141,True,False,18,71,True,True,True
67796,2023,MP40,1,624893,159476,159476,908,Round 1,2023-07-23,James Lightholder,899,Black Falls Disc Golf Course,Gold tee-Gold basket,61,18,4,12:20:00,71,10,881,143,True,False,18,71,True,True,True
67796,2023,MP40,1,624893,93062,93062,850,Round 1,2023-07-23,Tom Slimm,,Black Falls Disc Golf Course,Gold tee-Gold basket,61,18,3,12:40:00,72,11,873,145,True,False,18,72,True,True,True
67796,2023,MP40,1,624893,125921,125921,893,Round 1,2023-07-23,Christopher Conk,905,Black Falls Disc Golf Course,Gold tee-Gold basket,61,18,4,12:40:00,76,15,839,152,True,False,18,76,True,True,True
67796,2023,MP40,1,624893,94273,94273,881,Round 1,2023-07-23,Marques Pozzani,863,Black Falls Disc Golf Course,Gold tee-Gold basket,61,18,3,12:50:00,79,18,813,148,True,False,18,79,True,True,True
67796,2023,MP40,2,624893,189489,189489,947,Round 2,2023-07-23,Joshua Niss,937,Black Falls Disc Golf Course,Gold tee-Gold basket,61,18,1,12:40:00,64,3,941,120,True,False,18,64,True,True,True
67796,2023,MP40,2,624893,122088,122088,935,Round 2,2023-07-23,Stephane Cromp,,Black Falls Disc Golf Course,Gold tee-Gold basket,61,18,2,12:30:00,57,-4,1001,121,True,False,18,57,True,True,True
67796,2023,MP40,2,624893,97356,97356,905,Round 2,2023-07-23,Jason Guild,934,Black Falls Disc Golf Course,Gold tee-Gold basket,61,18,1,12:30:00,63,2,950,125,True,False,18,63,True,True,True
67796,2023,MP40,2,624893,24381,24381,947,Round 2,2023-07-23,Chris Young,937,Black Falls Disc Golf Course,Gold tee-Gold basket,61,18,4,12:40:00,64,3,941,126,True,False,18,64,True,True,True
67796,2023,MP40,2,624893,22318,22318,960,Round 2,2023-07-23,Aaron Smartt,965,Black Falls Disc Golf Course,Gold tee-Gold basket,61,18,3,12:40:00,65,4,933,127,True,False,18,65,True,True,True
67796,2023,MP40,2,624893,93414,93414,951,Round 2,2023-07-23,Joshua Lemieux,961,Black Falls Disc Golf Course,Gold tee-Gold basket,61,18,4,12:30:00,62,1,958,128,True,False,18,62,True,True,True
67796,2023,MP40,2,624893,164570,164570,887,Round 2,2023-07-23,David Carter,,Black Falls Disc Golf Course,Gold tee-Gold basket,61,18,3,12:30:00,64,3,941,128,True,False,18,64,True,True,True
67796,2023,MP40,2,624893,2439,2439,956,Round 2,2023-07-23,Daniel Marcus,954,Black Falls Disc Golf Course,Gold tee-Gold basket,61,18,2,12:40:00,66,5,924,128,True,False,18,66,True,True,True
67796,2023,MP40,2,624893,159304,159304,925,Round 2,2023-07-23,François Boucher,962,Black Falls Disc Golf Course,Gold tee-Gold basket,61,18,1,12:20:00,68,7,907,135,True,False,18,68,True,True,True
67796,2023,MP40,2,624893,15089,15089,919,Round 2,2023-07-23,Jeremy JJ Becker,887,Black Falls Disc Golf Course,Gold tee-Gold basket,61,18,3,12:20:00,67,6,916,136,True,False,18,67,True,True,True
67796,2023,MP40,2,624893,105872,105872,933,Round 2,2023-07-23,Hugo Lefebvre,927,Black Falls Disc Golf Course,Gold tee-Gold basket,61,18,1,12:10:00,68,7,907,138,True,False,18,68,True,True,True
67796,2023,MP40,2,624893,36646,36646,899,Round 2,2023-07-23,Matthew Heenan,909,Black Falls Disc Golf Course,Gold tee-Gold basket,61,18,4,12:20:00,69,8,899,138,True,False,18,69,True,True,True
67796,2023,MP40,2,624893,64654,64654,891,Round 2,2023-07-23,Matthew Zabawa,,Black Falls Disc Golf Course,Gold tee-Gold basket,61,18,2,12:10:00,70,9,890,141,True,False,18,70,True,True,True
67796,2023,MP40,2,624893,138402,138402,879,Round 2,2023-07-23,Kenneth Antonich,,Black Falls Disc Golf Course,Gold tee-Gold basket,61,18,2,12:20:00,74,13,856,142,True,False,18,74,True,True,True
67796,2023,MP40,2,624893,159476,159476,908,Round 2,2023-07-23,James Lightholder,899,Black Falls Disc Golf Course,Gold tee-Gold basket,61,18,3,12:10:00,72,11,873,143,True,False,18,72,True,True,True
67796,2023,MP40,2,624893,93062,93062,850,Round 2,2023-07-23,Tom Slimm,,Black Falls Disc Golf Course,Gold tee-Gold basket,61,18,1,12:00:00,73,12,864,145,True,False,18,73,True,True,True
67796,2023,MP40,2,624893,94273,94273,881,Round 2,2023-07-23,Marques Pozzani,863,Black Falls Disc Golf Course,Gold tee-Gold basket,61,18,3,12:00:00,69,8,899,148,True,False,18,69,True,True,True
67796,2023,MP40,2,624893,125921,125921,893,Round 2,2023-07-23,Christopher Conk,905,Black Falls Disc Golf Course,Gold tee-Gold basket,61,18,2,12:00:00,76,15,839,152,True,False,18,76,True,True,True
67796,2023,MPO,1,624893,74240,74240,973,Round 1,2023-07-23,Christopher Martin,962,Black Falls Disc Golf Course,Gold tee-Gold basket,61,18,3,13:00:00,57,-4,1001,115,True,False,18,57,True,True,True
67796,2023,MPO,1,624893,142706,142706,949,Round 1,2023-07-23,Cédric Gilbert,965,Black Falls Disc Golf Course,Gold tee-Gold basket,61,18,3,13:40:00,57,-4,1001,120,True,False,18,57,True,True,True
67796,2023,MPO,1,624893,167837,167837,963,Round 1,2023-07-23,Elijah Garrison,1004,Black Falls Disc Golf Course,Gold tee-Gold basket,61,18,2,14:10:00,57,-4,1001,114,True,False,18,57,True,True,True
67796,2023,MPO,1,624893,75861,75861,971,Round 1,2023-07-23,Charlie Veysey,978,Black Falls Disc Golf Course,Gold tee-Gold basket,61,18,1,14:20:00,59,-2,984,125,True,False,18,59,True,True,True
67796,2023,MPO,1,624893,102250,102250,928,Round 1,2023-07-23,Zackary Parik,,Black Falls Disc Golf Course,Gold tee-Gold basket,61,18,4,14:00:00,59,-2,984,120,True,False,18,59,True,True,True
67796,2023,MPO,1,624893,118928,118928,950,Round 1,2023-07-23,Tyler Pomichter,926,Black Falls Disc Golf Course,Gold tee-Gold basket,61,18,3,13:20:00,59,-2,984,124,True,False,18,59,True,True,True
67796,2023,MPO,1,624893,142744,142744,963,Round 1,2023-07-23,Abel German,974,Black Falls Disc Golf Course,Gold tee-Gold basket,61,18,2,13:40:00,59,-2,984,120,True,False,18,59,True,True,True
67796,2023,MPO,1,624893,95343,95343,960,Round 1,2023-07-23,Dylan Adjutant,962,Black Falls Disc Golf Course,Gold tee-Gold basket,61,18,3,14:10:00,60,-1,975,128,True,False,18,60,True,True,True
67796,2023,MPO,1,624893,47932,47932,976,Round 1,2023-07-23,Stephen Economos,,Black Falls Disc Golf Course,Gold tee-Gold basket,61,18,2,13:20:00,61,0,967,129,True,False,18,61,True,True,True
67796,2023,MPO,1,624893,94840,94840,979,Round 1,2023-07-23,Josh Ocoin,992,Black Falls Disc Golf Course,Gold tee-Gold basket,61,18,4,13:30:00,61,0,967,115,True,False,18,61,True,True,True
67796,2023,MPO,1,624893,100885,100885,954,Round 1,2023-07-23,Jacob Moore,945,Black Falls Disc Golf Course,Gold tee-Gold basket,61,18,1,13:40:00,61,0,967,121,True,False,18,61,True,True,True
67796,2023,MPO,1,624893,109086,109086,954,Round 1,2023-07-23,Aaron Schlossberg,947,Black Falls Disc Golf Course,Gold tee-Gold basket,61,18,2,14:00:00,61,0,967,125,True,False,18,61,True,True,True
67796,2023,MPO,1,624893,136903,136903,963,Round 1,2023-07-23,Alex Ferguson,957,Black Falls Disc Golf Course,Gold tee-Gold basket,61,18,4,13:50:00,61,0,967,121,True,False,18,61,True,True,True
67796,2023,MPO,1,624893,154845,154845,930,Round 1,2023-07-23,Jean-Philippe Gilbert,968,Black Falls Disc Golf Course,Gold tee-Gold basket,61,18,1,13:10:00,61,0,967,126,True,False,18,61,True,True,True
67796,2023,MPO,1,624893,161558,161558,963,Round 1,2023-07-23,Brad Schott,994,Black Falls Disc Golf Course,Gold tee-Gold basket,61,18,2,14:20:00,61,0,967,118,True,False,18,61,True,True,True
67796,2023,MPO,1,624893,188818,188818,946,Round 1,2023-07-23,Russ Causley,,Black Falls Disc Golf Course,Gold tee-Gold basket,61,18,3,13:10:00,61,0,967,123,True,False,18,61,True,True,True
67796,2023,MPO,1,624893,47930,47930,982,Round 1,2023-07-23,Nicholas Economos,988,Black Falls Disc Golf Course,Gold tee-Gold basket,61,18,3,14:20:00,62,1,958,122,True,False,18,62,True,True,True
67796,2023,MPO,1,624893,59612,59612,968,Round 1,2023-07-23,Matt Kobel,982,Black Falls Disc Golf Course,Gold tee-Gold basket,61,18,1,13:00:00,62,1,958,118,True,False,18,62,True,True,True
67796,2023,MPO,1,624893,96355,96355,923,Round 1,2023-07-23,Louis Annino,906,Black Falls Disc Golf Course,Gold tee-Gold basket,61,18,1,14:40:00,62,1,958,124,True,False,18,62,True,True,True
67796,2023,MPO,1,624893,108537,108537,978,Round 1,2023-07-23,Julien Quenneville,995,Black Falls Disc Golf Course,Gold tee-Gold basket,61,18,4,14:20:00,62,1,958,126,True,False,18,62,True,True,True
67796,2023,MPO,1,624893,121362,121362,945,Round 1,2023-07-23,Jonathan Russo,951,Black Falls Disc Golf Course,Gold tee-Gold basket,61,18,4,14:30:00,62,1,958,124,True,False,18,62,True,True,True
67796,2023,MPO,1,624893,31562,31562,940,Round 1,2023-07-23,Jonathan Betts,948,Black Falls Disc Golf Course,Gold tee-Gold basket,61,18,1,13:50:00,63,2,950,124,True,False,18,63,True,True,True
67796,2023,MPO,1,624893,125328,125328,931,Round 1,2023-07-23,Dana Carpenter,,Black Falls Disc Golf Course,Gold tee-Gold basket,61,18,4,13:40:00,63,2,950,133,True,False,18,63,True,True,True
67796,2023,MPO,1,624893,54700,54700,948,Round 1,2023-07-23,Nicholas Muth,944,Black Falls Disc Golf Course,Gold tee-Gold basket,61,18,2,13:30:00,64,3,941,130,True,False,18,64,True,True,True
67796,2023,MPO,1,624893,140098,140098,968,Round 1,2023-07-23,Angus Barstow,980,Black Falls Disc Golf Course,Gold tee-Gold basket,61,18,4,14:40:00,64,3,941,125,True,False,18,64,True,True,True
67796,2023,MPO,1,624893,143853,143853,989,Round 1,2023-07-23,Elijah Rider Brandt,1012,Black Falls Disc Golf Course,Gold tee-Gold basket,61,18,1,13:30:00,64,3,941,121,True,False,18,64,True,True,True
67796,2023,MPO,1,624893,169393,169393,949,Round 1,2023-07-23,Aidan Trombley,977,Black Falls Disc Golf Course,Gold tee-Gold basket,61,18,4,13:20:00,64,3,941,134,True,False,18,64,True,True,True
67796,2023,MPO,1,624893,103627,103627,975,Round 1,2023-07-23,Clayton Davis,,Black Falls Disc Golf Course,Gold tee-Gold basket,61,18,1,13:20:00,65,4,933,123,True,False,18,65,True,True,True
67796,2023,MPO,1,624893,116370,116370,906,Round 1,2023-07-23,Tyler Moriarty,,Black Falls Disc Golf Course,Gold tee-Gold basket,61,18,2,13:50:00,65,4,933,125,True,False,18,65,True,True,True
67796,2023,MPO,1,624893,181649,181649,978,Round 1,2023-07-23,Hubert Vachon,996,Black Falls Disc Golf Course,Gold tee-Gold basket,61,18,1,14:30:00,65,4,933,123,True,False,18,65,True,True,True
67796,2023,MPO,1,624893,96030,96030,942,Round 1,2023-07-23,Alex Benson,,Black Falls Disc Golf Course,Gold tee-Gold basket,61,18,2,14:40:00,66,5,924,128,True,False,18,66,True,True,True
67796,2023,MPO,1,624893,101763,101763,899,Round 1,2023-07-23,Spencer Sutherland,917,Black Falls Disc Golf Course,Gold tee-Gold basket,61,18,1,14:10:00,66,5,924,136,True,False,18,66,True,True,True
67796,2023,MPO,1,624893,74824,74824,977,Round 1,2023-07-23,Charles Blanchette,968,Black Falls Disc Golf Course,Gold tee-Gold basket,61,18,3,13:30:00,67,6,916,128,True,False,18,67,True,True,True
67796,2023,MPO,1,624893,187845,187845,919,Round 1,2023-07-23,Shane Seals,962,Black Falls Disc Golf Course,Gold tee-Gold basket,61,18,3,14:00:00,67,6,916,135,True,False,18,67,True,True,True
67796,2023,MPO,1,624893,252153,252153,891,Round 1,2023-07-23,Tyler Pelkey,,Black Falls Disc Golf Course,Gold tee-Gold basket,61,18,2,13:10:00,67,6,916,134,True,False,18,67,True,True,True
67796,2023,MPO,1,624893,85036,85036,913,Round 1,2023-07-23,Nolan Power,,Black Falls Disc Golf Course,Gold tee-Gold basket,61,18,2,13:00:00,68,7,907,130,True,False,18,68,True,True,True
67796,2023,MPO,1,624893,87305,87305,990,Round 1,2023-07-23,Nathaniel DeLisle,991,Black Falls Disc Golf Course,Gold tee-Gold basket,61,18,3,14:30:00,68,7,907,130,True,False,18,68,True,True,True
67796,2023,MPO,1,624893,106970,106970,842,Round 1,2023-07-23,Stefan Farrell,852,Black Falls Disc Golf Course,Gold tee-Gold basket,61,18,4,14:10:00,68,7,907,142,True,False,18,68,True,True,True
67796,2023,MPO,1,624893,114674,114674,938,Round 1,2023-07-23,Jordan Lamson,,Black Falls Disc Golf Course,Gold tee-Gold basket,61,18,3,14:40:00,69,8,899,140,True,False,18,69,True,True,True
67796,2023,MPO,1,624893,130922,130922,913,Round 1,2023-07-23,James Bowley,,Black Falls Disc Golf Course,Gold tee-Gold basket,61,18,3,13:50:00,71,10,881,140,True,False,18,71,True,True,True
67796,2023,MPO,1,624893,141251,141251,894,Round 1,2023-07-23,Owen Wood,939,Black Falls Disc Golf Course,Gold tee-Gold basket,61,18,2,14:30:00,71,10,881,137,True,False,18,71,True,True,True
67796,2023,MPO,1,624893,164118,164118,897,Round 1,2023-07-23,Fred Longchamp,945,Black Falls Disc Golf Course,Gold tee-Gold basket,61,18,4,13:00:00,71,10,881,135,True,False,18,71,True,True,True
67796,2023,MPO,1,624893,109051,109051,907,Round 1,2023-07-23,Taylor Jones,866,Black Falls Disc Golf Course,Gold tee-Gold basket,61,18,1,14:00:00,92,31,703,156,True,False,18,92,True,True,True
67796,2023,MPO,2,624893,167837,167837,963,Round 2,2023-07-23,Elijah Garrison,1004,Black Falls Disc Golf Course,Gold tee-Gold basket,61,18,3,14:30:00,57,-4,1001,114,True,False,18,57,True,True,True
67796,2023,MPO,2,624893,94840,94840,979,Round 2,2023-07-23,Josh Ocoin,992,Black Falls Disc Golf Course,Gold tee-Gold basket,61,18,2,14:10:00,54,-7,1026,115,True,False,18,54,True,True,True
67796,2023,MPO,2,624893,74240,74240,973,Round 2,2023-07-23,Christopher Martin,962,Black Falls Disc Golf Course,Gold tee-Gold basket,61,18,1,14:30:00,58,-3,992,115,True,False,18,58,True,True,True
67796,2023,MPO,2,624893,59612,59612,968,Round 2,2023-07-23,Matt Kobel,982,Black Falls Disc Golf Course,Gold tee-Gold basket,61,18,2,13:50:00,56,-5,1009,118,True,False,18,56,True,True,True
67796,2023,MPO,2,624893,161558,161558,963,Round 2,2023-07-23,Brad Schott,994,Black Falls Disc Golf Course,Gold tee-Gold basket,61,18,3,14:00:00,57,-4,1001,118,True,False,18,57,True,True,True
67796,2023,MPO,2,624893,102250,102250,928,Round 2,2023-07-23,Zackary Parik,,Black Falls Disc Golf Course,Gold tee-Gold basket,61,18,1,14:20:00,61,0,967,120,True,False,18,61,True,True,True
67796,2023,MPO,2,624893,142744,142744,963,Round 2,2023-07-23,Abel German,974,Black Falls Disc Golf Course,Gold tee-Gold basket,61,18,3,14:20:00,61,0,967,120,True,False,18,61,True,True,True
67796,2023,MPO,2,624893,142706,142706,949,Round 2,2023-07-23,Cédric Gilbert,965,Black Falls Disc Golf Course,Gold tee-Gold basket,61,18,2,14:30:00,63,2,950,120,True,False,18,63,True,True,True
67796,2023,MPO,2,624893,143853,143853,989,Round 2,2023-07-23,Elijah Rider Brandt,1012,Black Falls Disc Golf Course,Gold tee-Gold basket,61,18,2,13:30:00,57,-4,1001,121,True,False,18,57,True,True,True
67796,2023,MPO,2,624893,100885,100885,954,Round 2,2023-07-23,Jacob Moore,945,Black Falls Disc Golf Course,Gold tee-Gold basket,61,18,3,14:10:00,60,-1,975,121,True,False,18,60,True,True,True
67796,2023,MPO,2,624893,136903,136903,963,Round 2,2023-07-23,Alex Ferguson,957,Black Falls Disc Golf Course,Gold tee-Gold basket,61,18,1,14:00:00,60,-1,975,121,True,False,18,60,True,True,True
67796,2023,MPO,2,624893,47930,47930,982,Round 2,2023-07-23,Nicholas Economos,988,Black Falls Disc Golf Course,Gold tee-Gold basket,61,18,1,13:50:00,60,-1,975,122,True,False,18,60,True,True,True
67796,2023,MPO,2,624893,103627,103627,975,Round 2,2023-07-23,Clayton Davis,,Black Falls Disc Golf Course,Gold tee-Gold basket,61,18,4,13:30:00,58,-3,992,123,True,False,18,58,True,True,True
67796,2023,MPO,2,624893,181649,181649,978,Round 2,2023-07-23,Hubert Vachon,996,Black Falls Disc Golf Course,Gold tee-Gold basket,61,18,2,13:20:00,58,-3,992,123,True,False,18,58,True,True,True
67796,2023,MPO,2,624893,188818,188818,946,Round 2,2023-07-23,Russ Causley,,Black Falls Disc Golf Course,Gold tee-Gold basket,61,18,4,14:00:00,62,1,958,123,True,False,18,62,True,True,True
67796,2023,MPO,2,624893,31562,31562,940,Round 2,2023-07-23,Jonathan Betts,948,Black Falls Disc Golf Course,Gold tee-Gold basket,61,18,2,13:40:00,61,0,967,124,True,False,18,61,True,True,True
67796,2023,MPO,2,624893,96355,96355,923,Round 2,2023-07-23,Louis Annino,906,Black Falls Disc Golf Course,Gold tee-Gold basket,61,18,3,13:50:00,62,1,958,124,True,False,18,62,True,True,True
67796,2023,MPO,2,624893,121362,121362,945,Round 2,2023-07-23,Jonathan Russo,951,Black Falls Disc Golf Course,Gold tee-Gold basket,61,18,1,13:40:00,62,1,958,124,True,False,18,62,True,True,True
67796,2023,MPO,2,624893,118928,118928,950,Round 2,2023-07-23,Tyler Pomichter,926,Black Falls Disc Golf Course,Gold tee-Gold basket,61,18,2,14:20:00,65,4,933,124,True,False,18,65,True,True,True
67796,2023,MPO,2,624893,116370,116370,906,Round 2,2023-07-23,Tyler Moriarty,,Black Falls Disc Golf Course,Gold tee-Gold basket,61,18,1,13:20:00,60,-1,975,125,True,False,18,60,True,True,True
67796,2023,MPO,2,624893,140098,140098,968,Round 2,2023-07-23,Angus Barstow,980,Black Falls Disc Golf Course,Gold tee-Gold basket,61,18,1,13:30:00,61,0,967,125,True,False,18,61,True,True,True
67796,2023,MPO,2,624893,109086,109086,954,Round 2,2023-07-23,Aaron Schlossberg,947,Black Falls Disc Golf Course,Gold tee-Gold basket,61,18,4,14:10:00,64,3,941,125,True,False,18,64,True,True,True
67796,2023,MPO,2,624893,75861,75861,971,Round 2,2023-07-23,Charlie Veysey,978,Black Falls Disc Golf Course,Gold tee-Gold basket,61,18,4,14:30:00,66,5,924,125,True,False,18,66,True,True,True
67796,2023,MPO,2,624893,108537,108537,978,Round 2,2023-07-23,Julien Quenneville,995,Black Falls Disc Golf Course,Gold tee-Gold basket,61,18,4,13:50:00,64,3,941,126,True,False,18,64,True,True,True
67796,2023,MPO,2,624893,154845,154845,930,Round 2,2023-07-23,Jean-Philippe Gilbert,968,Black Falls Disc Golf Course,Gold tee-Gold basket,61,18,2,14:00:00,65,4,933,126,True,False,18,65,True,True,True
67796,2023,MPO,2,624893,74824,74824,977,Round 2,2023-07-23,Charles Blanchette,968,Black Falls Disc Golf Course,Gold tee-Gold basket,61,18,1,13:10:00,61,0,967,128,True,False,18,61,True,True,True
67796,2023,MPO,2,624893,96030,96030,942,Round 2,2023-07-23,Alex Benson,,Black Falls Disc Golf Course,Gold tee-Gold basket,61,18,3,13:20:00,62,1,958,128,True,False,18,62,True,True,True
67796,2023,MPO,2,624893,95343,95343,960,Round 2,2023-07-23,Dylan Adjutant,962,Black Falls Disc Golf Course,Gold tee-Gold basket,61,18,4,14:20:00,68,7,907,128,True,False,18,68,True,True,True
67796,2023,MPO,2,624893,47932,47932,976,Round 2,2023-07-23,Stephen Economos,,Black Falls Disc Golf Course,Gold tee-Gold basket,61,18,1,14:10:00,68,7,907,129,True,False,18,68,True,True,True
67796,2023,MPO,2,624893,85036,85036,913,Round 2,2023-07-23,Nolan Power,,Black Falls Disc Golf Course,Gold tee-Gold basket,61,18,4,13:10:00,62,1,958,130,True,False,18,62,True,True,True
67796,2023,MPO,2,624893,87305,87305,990,Round 2,2023-07-23,Nathaniel DeLisle,991,Black Falls Disc Golf Course,Gold tee-Gold basket,61,18,1,13:00:00,62,1,958,130,True,False,18,62,True,True,True
67796,2023,MPO,2,624893,54700,54700,948,Round 2,2023-07-23,Nicholas Muth,944,Black Falls Disc Golf Course,Gold tee-Gold basket,61,18,4,13:40:00,66,5,924,130,True,False,18,66,True,True,True
67796,2023,MPO,2,624893,125328,125328,931,Round 2,2023-07-23,Dana Carpenter,,Black Falls Disc Golf Course,Gold tee-Gold basket,61,18,3,13:40:00,70,9,890,133,True,False,18,70,True,True,True
67796,2023,MPO,2,624893,252153,252153,891,Round 2,2023-07-23,Tyler Pelkey,,Black Falls Disc Golf Course,Gold tee-Gold basket,61,18,3,13:10:00,67,6,916,134,True,False,18,67,True,True,True
67796,2023,MPO,2,624893,169393,169393,949,Round 2,2023-07-23,Aidan Trombley,977,Black Falls Disc Golf Course,Gold tee-Gold basket,61,18,3,13:30:00,70,9,890,134,True,False,18,70,True,True,True
67796,2023,MPO,2,624893,164118,164118,897,Round 2,2023-07-23,Fred Longchamp,945,Black Falls Disc Golf Course,Gold tee-Gold basket,61,18,2,12:50:00,64,3,941,135,True,False,18,64,True,True,True
67796,2023,MPO,2,624893,187845,187845,919,Round 2,2023-07-23,Shane Seals,962,Black Falls Disc Golf Course,Gold tee-Gold basket,61,18,2,13:10:00,68,7,907,135,True,False,18,68,True,True,True
67796,2023,MPO,2,624893,101763,101763,899,Round 2,2023-07-23,Spencer Sutherland,917,Black Falls Disc Golf Course,Gold tee-Gold basket,61,18,4,13:20:00,70,9,890,136,True,False,18,70,True,True,True
67796,2023,MPO,2,624893,141251,141251,894,Round 2,2023-07-23,Owen Wood,939,Black Falls Disc Golf Course,Gold tee-Gold basket,61,18,1,12:50:00,66,5,924,137,True,False,18,66,True,True,True
67796,2023,MPO,2,624893,130922,130922,913,Round 2,2023-07-23,James Bowley,,Black Falls Disc Golf Course,Gold tee-Gold basket,61,18,4,13:00:00,69,8,899,140,True,False,18,69,True,True,True
67796,2023,MPO,2,624893,114674,114674,938,Round 2,2023-07-23,Jordan Lamson,,Black Falls Disc Golf Course,Gold tee-Gold basket,61,18,3,13:00:00,71,10,881,140,True,False,18,71,True,True,True
67796,2023,MPO,2,624893,106970,106970,842,Round 2,2023-07-23,Stefan Farrell,852,Black Falls Disc Golf Course,Gold tee-Gold basket,61,18,2,13:00:00,74,13,856,142,True,False,18,74,True,True,True
67796,2023,MPO,2,624893,109051,109051,907,Round 2,2023-07-23,Taylor Jones,866,Black Falls Disc Golf Course,Gold tee-Gold basket,61,18,3,12:50:00,64,3,941,156,True,False,18,64,True,True,True
68282,2023,FA2,1,630151,170015,170015,786,Round 1,2023-09-10,Alyssa Nichols,828,North Calais Disc Golf Course,White Tees,65,18,1,08:30:00,75,10,770,149,True,False,18,75,True,True,True
68282,2023,FA2,1,630151,261970,261970,621,Round 1,2023-09-10,Lea White,,North Calais Disc Golf Course,White Tees,65,18,4,08:30:00,89,24,633,176,True,False,18,89,True,True,True
68282,2023,FA2,2,630151,170015,170015,786,Round 2,2023-09-10,Alyssa Nichols,828,North Calais Disc Golf Course,White Tees,65,18,1,08:10:00,74,9,779,149,True,False,18,74,True,True,True
68282,2023,FA2,2,630151,261970,261970,621,Round 2,2023-09-10,Lea White,,North Calais Disc Golf Course,White Tees,65,18,4,08:10:00,87,22,652,176,True,False,18,87,True,True,True
68282,2023,FA3,1,630151,228265,228265,678,Round 1,2023-09-10,Maryellen Copping,705,North Calais Disc Golf Course,White Tees,65,18,2,08:30:00,82,17,701,165,True,False,18,82,True,True,True
68282,2023,FA3,1,630151,259152,259152,660,Round 1,2023-09-10,Marie Norton,,North Calais Disc Golf Course,White Tees,65,18,3,08:30:00,89,24,633,185,True,False,18,89,True,True,True
68282,2023,FA3,2,630151,228265,228265,678,Round 2,2023-09-10,Maryellen Copping,705,North Calais Disc Golf Course,White Tees,65,18,2,08:10:00,83,18,692,165,True,False,18,83,True,True,True
68282,2023,FA3,2,630151,259152,259152,660,Round 2,2023-09-10,Marie Norton,,North Calais Disc Golf Course,White Tees,65,18,3,08:10:00,96,31,565,185,True,False,18,96,True,True,True
68282,2023,FA40,1,630151,94272,94272,800,Round 1,2023-09-10,Gabrielle Pozzani,818,North Calais Disc Golf Course,White Tees,65,18,1,08:40:00,73,8,789,151,True,False,18,73,True,True,True
68282,2023,FA40,1,630151,213173,213173,735,Round 1,2023-09-10,Elizabeth Carrell,775,North Calais Disc Golf Course,White Tees,65,18,4,08:40:00,77,12,750,,True,False,18,77,True,True,True
68282,2023,FA40,1,630151,name:mindy german,,,Round 1,2023-09-10,Mindy German,,North Calais Disc Golf Course,White Tees,65,18,5,08:40:00,88,23,643,179,True,False,18,88,True,True,True
68282,2023,FA40,1,630151,197269,197269,721,Round 1,2023-09-10,Wendie Salmi,723,North Calais Disc Golf Course,White Tees,65,18,3,08:40:00,89,24,633,173,True,False,18,89,True,True,True
68282,2023,FA40,1,630151,161647,161647,673,Round 1,2023-09-10,Michele Sargent,611,North Calais Disc Golf Course,White Tees,65,18,2,08:40:00,93,28,594,188,True,False,18,93,True,True,True
68282,2023,FA40,2,630151,94272,94272,800,Round 2,2023-09-10,Gabrielle Pozzani,818,North Calais Disc Golf Course,White Tees,65,18,1,08:40:00,78,13,740,151,True,False,18,78,True,True,True
68282,2023,FA40,2,630151,197269,197269,721,Round 2,2023-09-10,Wendie Salmi,723,North Calais Disc Golf Course,White Tees,65,18,3,08:40:00,84,19,682,173,True,False,18,84,True,True,True
68282,2023,FA40,2,630151,name:mindy german,,,Round 2,2023-09-10,Mindy German,,North Calais Disc Golf Course,White Tees,65,18,2,08:40:00,91,26,613,179,True,False,18,91,True,True,True
68282,2023,FA40,2,630151,161647,161647,673,Round 2,2023-09-10,Michele Sargent,611,North Calais Disc Golf Course,White Tees,65,18,4,08:40:00,95,30,574,188,True,False,18,95,True,True,True
68282,2023,FA40,2,630151,213173,213173,735,Round 2,2023-09-10,Elizabeth Carrell,775,North Calais Disc Golf Course,White Tees,65,18,,,,,,,True,True,0,,False,False,False
68282,2023,FPO,1,630152,122613,122613,869,Round 1,2023-09-10,Kelly Heslin,889,North Calais Disc Golf Course,Blue Tees,65,18,1,12:30:00,73,8,877,151,True,False,18,73,True,True,True
68282,2023,FPO,1,630152,132857,132857,846,Round 1,2023-09-10,Serena Lamson,,North Calais Disc Golf Course,Blue Tees,65,18,2,12:30:00,76,11,852,159,True,False,18,76,True,True,True
68282,2023,FPO,1,630152,165233,165233,817,Round 1,2023-09-10,Jess MacDonald,884,North Calais Disc Golf Course,Blue Tees,65,18,3,12:30:00,79,14,827,160,True,False,18,79,True,True,True
68282,2023,FPO,1,630152,174640,174640,842,Round 1,2023-09-10,Maureen McGuinness,,North Calais Disc Golf Course,Blue Tees,65,18,4,12:30:00,80,15,819,153,True,False,18,80,True,True,True
68282,2023,FPO,2,630152,122613,122613,869,Round 2,2023-09-10,Kelly Heslin,889,North Calais Disc Golf Course,Blue Tees,65,18,1,12:10:00,78,13,835,151,True,False,18,78,True,True,True
68282,2023,FPO,2,630152,174640,174640,842,Round 2,2023-09-10,Maureen McGuinness,,North Calais Disc Golf Course,Blue Tees,65,18,4,12:10:00,73,8,877,153,True,False,18,73,True,True,True
68282,2023,FPO,2,630152,132857,132857,846,Round 2,2023-09-10,Serena Lamson,,North Calais Disc Golf Course,Blue Tees,65,18,2,12:10:00,83,18,794,159,True,False,18,83,True,True,True
68282,2023,FPO,2,630152,165233,165233,817,Round 2,2023-09-10,Jess MacDonald,884,North Calais Disc Golf Course,Blue Tees,65,18,3,12:10:00,81,16,811,160,True,False,18,81,True,True,True
68282,2023,MA1,1,630152,138042,138042,912,Round 1,2023-09-10,Russell Freeman,925,North Calais Disc Golf Course,Blue Tees,65,18,3,11:30:00,63,-2,960,134,True,False,18,63,True,True,True
68282,2023,MA1,1,630152,173058,173058,927,Round 1,2023-09-10,Brandon Allaire,950,North Calais Disc Golf Course,Blue Tees,65,18,3,11:50:00,63,-2,960,126,True,False,18,63,True,True,True
68282,2023,MA1,1,630152,95956,95956,941,Round 1,2023-09-10,Tyler Mount,943,North Calais Disc Golf Course,Blue Tees,65,18,2,11:20:00,65,0,943,126,True,False,18,65,True,True,True
68282,2023,MA1,1,630152,147788,147788,928,Round 1,2023-09-10,Dan Cornellier,939,North Calais Disc Golf Course,Blue Tees,65,18,1,11:00:00,65,0,943,127,True,False,18,65,True,True,True
68282,2023,MA1,1,630152,187845,187845,917,Round 1,2023-09-10,Shane Seals,962,North Calais Disc Golf Course,Blue Tees,65,18,3,11:00:00,65,0,943,124,True,False,18,65,True,True,True
68282,2023,MA1,1,630152,146710,146710,897,Round 1,2023-09-10,Nicholas Laurendeau,,North Calais Disc Golf Course,Blue Tees,65,18,2,11:50:00,66,1,935,133,True,False,18,66,True,True,True
68282,2023,MA1,1,630152,149919,149919,,Round 1,2023-09-10,Matthew Garner,,North Calais Disc Golf Course,Blue Tees,65,18,3,11:40:00,67,2,926,131,True,False,18,67,True,True,True
68282,2023,MA1,1,630152,119637,119637,906,Round 1,2023-09-10,Trevor Kenealy,905,North Calais Disc Golf Course,Blue Tees,65,18,1,12:00:00,68,3,918,137,True,False,18,68,True,True,True
68282,2023,MA1,1,630152,175583,175583,889,Round 1,2023-09-10,Rob Salter,948,North Calais Disc Golf Course,Blue Tees,65,18,3,10:50:00,69,4,910,134,True,False,18,69,True,True,True
68282,2023,MA1,1,630152,110707,110707,929,Round 1,2023-09-10,Jason Wilson,927,North Calais Disc Golf Course,Blue Tees,65,18,4,11:30:00,70,5,902,130,True,False,18,70,True,True,True
68282,2023,MA1,1,630152,125586,125586,942,Round 1,2023-09-10,Matthew Avery,,North Calais Disc Golf Course,Blue Tees,65,18,1,11:40:00,70,5,902,135,True,False,18,70,True,True,True
68282,2023,MA1,1,630152,174031,174031,901,Round 1,2023-09-10,Ian MacDonald,909,North Calais Disc Golf Course,Blue Tees,65,18,3,12:10:00,70,5,902,143,True,False,18,70,True,True,True
68282,2023,MA1,1,630152,name:james cairn,,,Round 1,2023-09-10,James Cairn,,North Calais Disc Golf Course,Blue Tees,65,18,2,12:10:00,70,5,902,148,True,False,18,70,True,True,True
68282,2023,MA1,1,630152,82340,82340,910,Round 1,2023-09-10,Justin Leonard,912,North Calais Disc Golf Course,Blue Tees,65,18,3,11:20:00,71,6,893,148,True,False,18,71,True,True,True
68282,2023,MA1,1,630152,112678,112678,894,Round 1,2023-09-10,A.J. Krawczyk,928,North Calais Disc Golf Course,Blue Tees,65,18,4,11:20:00,71,6,893,141,True,False,18,71,True,True,True
68282,2023,MA1,1,630152,212570,212570,874,Round 1,2023-09-10,Derek Copping,874,North Calais Disc Golf Course,Blue Tees,65,18,3,12:00:00,71,6,893,141,True,False,18,71,True,True,True
68282,2023,MA1,1,630152,222422,222422,866,Round 1,2023-09-10,Ryan Busalacchi,,North Calais Disc Golf Course,Blue Tees,65,18,2,10:50:00,71,6,893,136,True,False,18,71,True,True,True
68282,2023,MA1,1,630152,242103,242103,862,Round 1,2023-09-10,Nathan Oxenfeld,895,North Calais Disc Golf Course,Blue Tees,65,18,2,11:30:00,71,6,893,152,True,False,18,71,True,True,True
68282,2023,MA1,1,630152,89829,89829,921,Round 1,2023-09-10,Garrett Washburn,923,North Calais Disc Golf Course,Blue Tees,65,18,1,11:20:00,72,7,885,138,True,False,18,72,True,True,True
68282,2023,MA1,1,630152,131201,131201,926,Round 1,2023-09-10,Tyler LaPerle,973,North Calais Disc Golf Course,Blue Tees,65,18,4,11:50:00,72,7,885,140,True,False,18,72,True,True,True
68282,2023,MA1,1,630152,138228,138228,882,Round 1,2023-09-10,Dan Barmore,,North Calais Disc Golf Course,Blue Tees,65,18,2,12:00:00,72,7,885,146,True,False,18,72,True,True,True
68282,2023,MA1,1,630152,158783,158783,897,Round 1,2023-09-10,Joseph Humes,906,North Calais Disc Golf Course,Blue Tees,65,18,1,11:50:00,72,7,885,143,True,False,18,72,True,True,True
68282,2023,MA1,1,630152,175140,175140,896,Round 1,2023-09-10,Christian Garey,890,North Calais Disc Golf Course,Blue Tees,65,18,1,12:10:00,72,7,885,135,True,False,18,72,True,True,True
68282,2023,MA1,1,630152,146226,146226,916,Round 1,2023-09-10,Jason Cagney,927,North Calais Disc Golf Course,Blue Tees,65,18,1,11:30:00,73,8,877,149,True,False,18,73,True,True,True
68282,2023,MA1,1,630152,name:greg allard,,,Round 1,2023-09-10,Greg Allard,,North Calais Disc Golf Course,Blue Tees,65,18,2,11:00:00,73,8,877,151,True,False,18,73,True,True,True
68282,2023,MA1,1,630152,218262,218262,903,Round 1,2023-09-10,Jerry Jackman,913,North Calais Disc Golf Course,Blue Tees,65,18,2,11:40:00,74,9,869,152,True,False,18,74,True,True,True
68282,2023,MA1,1,630152,222597,222597,879,Round 1,2023-09-10,Jack McCarthy,,North Calais Disc Golf Course,Blue Tees,65,18,4,12:00:00,74,9,869,150,True,False,18,74,True,True,True
68282,2023,MA1,1,630152,264364,264364,919,Round 1,2023-09-10,Jake Kenealy,,North Calais Disc Golf Course,Blue Tees,65,18,4,11:40:00,74,9,869,142,True,False,18,74,True,True,True
68282,2023,MA1,1,630152,223480,223480,851,Round 1,2023-09-10,Marc Kirkpatrick,879,North Calais Disc Golf Course,Blue Tees,65,18,1,10:50:00,76,11,852,153,True,False,18,76,True,True,True
68282,2023,MA1,2,630152,187845,187845,917,Round 2,2023-09-10,Shane Seals,962,North Calais Disc Golf Course,Blue Tees,65,18,1,11:40:00,59,-6,993,124,True,False,18,59,True,True,True
68282,2023,MA1,2,630152,95956,95956,941,Round 2,2023-09-10,Tyler Mount,943,North Calais Disc Golf Course,Blue Tees,65,18,3,11:50:00,61,-4,976,126,True,False,18,61,True,True,True
68282,2023,MA1,2,630152,173058,173058,927,Round 2,2023-09-10,Brandon Allaire,950,North Calais Disc Golf Course,Blue Tees,65,18,2,11:50:00,63,-2,960,126,True,False,18,63,True,True,True
68282,2023,MA1,2,630152,147788,147788,928,Round 2,2023-09-10,Dan Cornellier,939,North Calais Disc Golf Course,Blue Tees,65,18,4,11:50:00,62,-3,968,127,True,False,18,62,True,True,True
68282,2023,MA1,2,630152,110707,110707,929,Round 2,2023-09-10,Jason Wilson,927,North Calais Disc Golf Course,Blue Tees,65,18,2,11:30:00,60,-5,984,130,True,False,18,60,True,True,True
68282,2023,MA1,2,630152,149919,149919,,Round 2,2023-09-10,Matthew Garner,,North Calais Disc Golf Course,Blue Tees,65,18,3,11:40:00,64,-1,951,131,True,False,18,64,True,True,True
68282,2023,MA1,2,630152,146710,146710,897,Round 2,2023-09-10,Nicholas Laurendeau,,North Calais Disc Golf Course,Blue Tees,65,18,2,11:40:00,67,2,926,133,True,False,18,67,True,True,True
68282,2023,MA1,2,630152,175583,175583,889,Round 2,2023-09-10,Rob Salter,948,North Calais Disc Golf Course,Blue Tees,65,18,1,11:30:00,65,0,943,134,True,False,18,65,True,True,True
68282,2023,MA1,2,630152,138042,138042,912,Round 2,2023-09-10,Russell Freeman,925,North Calais Disc Golf Course,Blue Tees,65,18,1,11:50:00,71,6,893,134,True,False,18,71,True,True,True
68282,2023,MA1,2,630152,175140,175140,896,Round 2,2023-09-10,Christian Garey,890,North Calais Disc Golf Course,Blue Tees,65,18,3,11:00:00,63,-2,960,135,True,False,18,63,True,True,True
68282,2023,MA1,2,630152,125586,125586,942,Round 2,2023-09-10,Matthew Avery,,North Calais Disc Golf Course,Blue Tees,65,18,3,11:30:00,65,0,943,135,True,False,18,65,True,True,True
68282,2023,MA1,2,630152,222422,222422,866,Round 2,2023-09-10,Ryan Busalacchi,,North Calais Disc Golf Course,Blue Tees,65,18,1,11:10:00,65,0,943,136,True,False,18,65,True,True,True
68282,2023,MA1,2,630152,119637,119637,906,Round 2,2023-09-10,Trevor Kenealy,905,North Calais Disc Golf Course,Blue Tees,65,18,4,11:40:00,69,4,910,137,True,False,18,69,True,True,True
68282,2023,MA1,2,630152,89829,89829,921,Round 2,2023-09-10,Garrett Washburn,923,North Calais Disc Golf Course,Blue Tees,65,18,3,11:10:00,66,1,935,138,True,False,18,66,True,True,True
68282,2023,MA1,2,630152,131201,131201,926,Round 2,2023-09-10,Tyler LaPerle,973,North Calais Disc Golf Course,Blue Tees,65,18,4,11:10:00,68,3,918,140,True,False,18,68,True,True,True
68282,2023,MA1,2,630152,112678,112678,894,Round 2,2023-09-10,A.J. Krawczyk,928,North Calais Disc Golf Course,Blue Tees,65,18,3,11:20:00,70,5,902,141,True,False,18,70,True,True,True
68282,2023,MA1,2,630152,212570,212570,874,Round 2,2023-09-10,Derek Copping,874,North Calais Disc Golf Course,Blue Tees,65,18,4,11:20:00,70,5,902,141,True,False,18,70,True,True,True
68282,2023,MA1,2,630152,264364,264364,919,Round 2,2023-09-10,Jake Kenealy,,North Calais Disc Golf Course,Blue Tees,65,18,2,10:40:00,68,3,918,142,True,False,18,68,True,True,True
68282,2023,MA1,2,630152,158783,158783,897,Round 2,2023-09-10,Joseph Humes,906,North Calais Disc Golf Course,Blue Tees,65,18,2,11:00:00,71,6,893,143,True,False,18,71,True,True,True
68282,2023,MA1,2,630152,174031,174031,901,Round 2,2023-09-10,Ian MacDonald,909,North Calais Disc Golf Course,Blue Tees,65,18,4,11:30:00,73,8,877,143,True,False,18,73,True,True,True
68282,2023,MA1,2,630152,138228,138228,882,Round 2,2023-09-10,Dan Barmore,,North Calais Disc Golf Course,Blue Tees,65,18,1,11:00:00,74,9,869,146,True,False,18,74,True,True,True
68282,2023,MA1,2,630152,82340,82340,910,Round 2,2023-09-10,Justin Leonard,912,North Calais Disc Golf Course,Blue Tees,65,18,2,11:20:00,77,12,844,148,True,False,18,77,True,True,True
68282,2023,MA1,2,630152,name:james cairn,,,Round 2,2023-09-10,James Cairn,,North Calais Disc Golf Course,Blue Tees,65,18,1,11:20:00,78,13,835,148,True,False,18,78,True,True,True
68282,2023,MA1,2,630152,146226,146226,916,Round 2,2023-09-10,Jason Cagney,927,North Calais Disc Golf Course,Blue Tees,65,18,1,10:50:00,76,11,852,149,True,False,18,76,True,True,True
68282,2023,MA1,2,630152,222597,222597,879,Round 2,2023-09-10,Jack McCarthy,,North Calais Disc Golf Course,Blue Tees,65,18,1,10:40:00,76,11,852,150,True,False,18,76,True,True,True
68282,2023,MA1,2,630152,name:greg allard,,,Round 2,2023-09-10,Greg Allard,,North Calais Disc Golf Course,Blue Tees,65,18,2,10:50:00,78,13,835,151,True,False,18,78,True,True,True
68282,2023,MA1,2,630152,218262,218262,903,Round 2,2023-09-10,Jerry Jackman,913,North Calais Disc Golf Course,Blue Tees,65,18,3,10:50:00,78,13,835,152,True,False,18,78,True,True,True
68282,2023,MA1,2,630152,242103,242103,862,Round 2,2023-09-10,Nathan Oxenfeld,895,North Calais Disc Golf Course,Blue Tees,65,18,2,11:10:00,81,16,811,152,True,False,18,81,True,True,True
68282,2023,MA1,2,630152,223480,223480,851,Round 2,2023-09-10,Marc Kirkpatrick,879,North Calais Disc Golf Course,Blue Tees,65,18,3,10:40:00,77,12,844,153,True,False,18,77,True,True,True
68282,2023,MA2,1,630152,260064,260064,875,Round 1,2023-09-10,David Kucia,,North Calais Disc Golf Course,Blue Tees,65,18,3,09:20:00,69,4,910,146,True,False,18,69,True,True,True
68282,2023,MA2,1,630152,189203,189203,870,Round 1,2023-09-10,Bobby Martino,911,North Calais Disc Golf Course,Blue Tees,65,18,2,09:30:00,71,6,893,142,True,False,18,71,True,True,True
68282,2023,MA2,1,630152,219307,219307,866,Round 1,2023-09-10,Everett Secor,935,North Calais Disc Golf Course,Blue Tees,65,18,2,09:10:00,71,6,893,145,True,False,18,71,True,True,True
68282,2023,MA2,1,630152,124203,124203,894,Round 1,2023-09-10,Ezra Koch,954,North Calais Disc Golf Course,Blue Tees,65,18,1,09:30:00,72,7,885,140,True,False,18,72,True,True,True
68282,2023,MA2,1,630152,244747,244747,850,Round 1,2023-09-10,Shane Hinkley,,North Calais Disc Golf Course,Blue Tees,65,18,2,09:20:00,72,7,885,142,True,False,18,72,True,True,True
68282,2023,MA2,1,630152,256730,256730,872,Round 1,2023-09-10,Derek Wolfe,,North Calais Disc Golf Course,Blue Tees,65,18,2,09:00:00,74,9,869,153,True,False,18,74,True,True,True
68282,2023,MA2,1,630152,159224,159224,917,Round 1,2023-09-10,Bryce McKim,,North Calais Disc Golf Course,Blue Tees,65,18,1,09:20:00,75,10,860,151,True,False,18,75,True,True,True
68282,2023,MA2,1,630152,210681,210681,892,Round 1,2023-09-10,Kyle Anderson Andresen,911,North Calais Disc Golf Course,Blue Tees,65,18,3,09:30:00,75,10,860,145,True,False,18,75,True,True,True
68282,2023,MA2,1,630152,213224,213224,881,Round 1,2023-09-10,Justin Griswold,914,North Calais Disc Golf Course,Blue Tees,65,18,1,09:10:00,75,10,860,148,True,False,18,75,True,True,True
68282,2023,MA2,1,630152,63896,63896,904,Round 1,2023-09-10,Ross King,899,North Calais Disc Golf Course,Blue Tees,65,18,1,09:00:00,77,12,844,148,True,False,18,77,True,True,True
68282,2023,MA2,1,630152,244952,244952,828,Round 1,2023-09-10,Joshua Dezotell,895,North Calais Disc Golf Course,Blue Tees,65,18,3,09:10:00,78,13,835,154,True,False,18,78,True,True,True
68282,2023,MA2,1,630152,name:micah jankowski,,,Round 1,2023-09-10,Micah Jankowski,,North Calais Disc Golf Course,Blue Tees,65,18,3,09:00:00,81,16,811,162,True,False,18,81,True,True,True
68282,2023,MA2,1,630152,258259,258259,815,Round 1,2023-09-10,Tony Turner,,North Calais Disc Golf Course,Blue Tees,65,18,4,09:30:00,89,24,744,166,True,False,18,89,True,True,True
68282,2023,MA2,2,630152,124203,124203,894,Round 2,2023-09-10,Ezra Koch,954,North Calais Disc Golf Course,Blue Tees,65,18,4,09:30:00,68,3,918,140,True,False,18,68,True,True,True
68282,2023,MA2,2,630152,244747,244747,850,Round 2,2023-09-10,Shane Hinkley,,North Calais Disc Golf Course,Blue Tees,65,18,1,09:20:00,70,5,902,142,True,False,18,70,True,True,True
68282,2023,MA2,2,630152,189203,189203,870,Round 2,2023-09-10,Bobby Martino,911,North Calais Disc Golf Course,Blue Tees,65,18,2,09:30:00,71,6,893,142,True,False,18,71,True,True,True
68282,2023,MA2,2,630152,210681,210681,892,Round 2,2023-09-10,Kyle Anderson Andresen,911,North Calais Disc Golf Course,Blue Tees,65,18,1,09:10:00,70,5,902,145,True,False,18,70,True,True,True
68282,2023,MA2,2,630152,219307,219307,866,Round 2,2023-09-10,Everett Secor,935,North Calais Disc Golf Course,Blue Tees,65,18,3,09:30:00,74,9,869,145,True,False,18,74,True,True,True
68282,2023,MA2,2,630152,260064,260064,875,Round 2,2023-09-10,David Kucia,,North Calais Disc Golf Course,Blue Tees,65,18,1,09:30:00,77,12,844,146,True,False,18,77,True,True,True
68282,2023,MA2,2,630152,63896,63896,904,Round 2,2023-09-10,Ross King,899,North Calais Disc Golf Course,Blue Tees,65,18,3,09:10:00,71,6,893,148,True,False,18,71,True,True,True
68282,2023,MA2,2,630152,213224,213224,881,Round 2,2023-09-10,Justin Griswold,914,North Calais Disc Golf Course,Blue Tees,65,18,2,09:10:00,73,8,877,148,True,False,18,73,True,True,True
68282,2023,MA2,2,630152,159224,159224,917,Round 2,2023-09-10,Bryce McKim,,North Calais Disc Golf Course,Blue Tees,65,18,3,09:20:00,76,11,852,151,True,False,18,76,True,True,True
68282,2023,MA2,2,630152,256730,256730,872,Round 2,2023-09-10,Derek Wolfe,,North Calais Disc Golf Course,Blue Tees,65,18,2,09:20:00,79,14,827,153,True,False,18,79,True,True,True
68282,2023,MA2,2,630152,244952,244952,828,Round 2,2023-09-10,Joshua Dezotell,895,North Calais Disc Golf Course,Blue Tees,65,18,1,09:00:00,76,11,852,154,True,False,18,76,True,True,True
68282,2023,MA2,2,630152,name:micah jankowski,,,Round 2,2023-09-10,Micah Jankowski,,North Calais Disc Golf Course,Blue Tees,65,18,2,09:00:00,81,16,811,162,True,False,18,81,True,True,True
68282,2023,MA2,2,630152,258259,258259,815,Round 2,2023-09-10,Tony Turner,,North Calais Disc Golf Course,Blue Tees,65,18,3,09:00:00,77,12,844,166,True,False,18,77,True,True,True
68282,2023,MA3,1,630151,180438,180438,879,Round 1,2023-09-10,Elian Furs,,North Calais Disc Golf Course,White Tees,65,18,1,08:10:00,57,-8,945,117,True,False,18,57,True,True,True
68282,2023,MA3,1,630151,224931,224931,856,Round 1,2023-09-10,Mark Thompson,,North Calais Disc Golf Course,White Tees,65,18,3,08:10:00,62,-3,897,120,True,False,18,62,True,True,True
68282,2023,MA3,1,630151,261144,261144,836,Round 1,2023-09-10,Dustin Gass,904,North Calais Disc Golf Course,White Tees,65,18,3,08:20:00,62,-3,897,132,True,False,18,62,True,True,True
68282,2023,MA3,1,630151,216349,216349,866,Round 1,2023-09-10,Justin Bassett,879,North Calais Disc Golf Course,White Tees,65,18,2,08:10:00,69,4,828,140,True,False,18,69,True,True,True
68282,2023,MA3,1,630151,202948,202948,857,Round 1,2023-09-10,Nicholas Morrissey,849,North Calais Disc Golf Course,White Tees,65,18,1,08:20:00,70,5,818,135,True,False,18,70,True,True,True
68282,2023,MA3,1,630151,239437,239437,757,Round 1,2023-09-10,Simon Bethune,830,North Calais Disc Golf Course,White Tees,65,18,4,08:10:00,76,11,760,154,True,False,18,76,True,True,True
68282,2023,MA3,1,630151,255892,255892,692,Round 1,2023-09-10,Joshua Perez,,North Calais Disc Golf Course,White Tees,65,18,2,08:20:00,76,11,760,888,True,False,18,76,True,True,True
68282,2023,MA3,2,630151,180438,180438,879,Round 2,2023-09-10,Elian Furs,,North Calais Disc Golf Course,White Tees,65,18,1,08:30:00,60,-5,916,117,True,False,18,60,True,True,True
68282,2023,MA3,2,630151,224931,224931,856,Round 2,2023-09-10,Mark Thompson,,North Calais Disc Golf Course,White Tees,65,18,2,08:30:00,58,-7,936,120,True,False,18,58,True,True,True
68282,2023,MA3,2,630151,261144,261144,836,Round 2,2023-09-10,Dustin Gass,904,North Calais Disc Golf Course,White Tees,65,18,3,08:30:00,70,5,818,132,True,False,18,70,True,True,True
68282,2023,MA3,2,630151,202948,202948,857,Round 2,2023-09-10,Nicholas Morrissey,849,North Calais Disc Golf Course,White Tees,65,18,5,08:30:00,65,0,867,135,True,False,18,65,True,True,True
68282,2023,MA3,2,630151,216349,216349,866,Round 2,2023-09-10,Justin Bassett,879,North Calais Disc Golf Course,White Tees,65,18,4,08:30:00,71,6,809,140,True,False,18,71,True,True,True
68282,2023,MA3,2,630151,239437,239437,757,Round 2,2023-09-10,Simon Bethune,830,North Calais Disc Golf Course,White Tees,65,18,5,08:40:00,78,13,740,154,True,False,18,78,True,True,True
68282,2023,MA3,2,630151,255892,255892,692,Round 2,2023-09-10,Joshua Perez,,North Calais Disc Golf Course,White Tees,65,18,,,888,823,,888,True,False,0,,False,False,False
68282,2023,MA40,1,630152,97356,97356,916,Round 1,2023-09-10,Jason Guild,934,North Calais Disc Golf Course,Blue Tees,65,18,3,10:00:00,64,-1,951,130,True,False,18,64,True,True,True
68282,2023,MA40,1,630152,59318,59318,888,Round 1,2023-09-10,Seth Hermanson,900,North Calais Disc Golf Course,Blue Tees,65,18,2,10:00:00,69,4,910,144,True,False,18,69,True,True,True
68282,2023,MA40,1,630152,84935,84935,884,Round 1,2023-09-10,Droo Fisher,866,North Calais Disc Golf Course,Blue Tees,65,18,1,10:10:00,70,5,902,136,True,False,18,70,True,True,True
68282,2023,MA40,1,630152,73588,73588,875,Round 1,2023-09-10,Will Cleland,910,North Calais Disc Golf Course,Blue Tees,65,18,1,10:00:00,72,7,885,147,True,False,18,72,True,True,True
68282,2023,MA40,1,630152,name:matthew german,,,Round 1,2023-09-10,Matthew German,,North Calais Disc Golf Course,Blue Tees,65,18,3,10:10:00,76,11,852,150,True,False,18,76,True,True,True
68282,2023,MA40,1,630152,161644,161644,811,Round 1,2023-09-10,Garrett Sargent,818,North Calais Disc Golf Course,Blue Tees,65,18,2,10:10:00,87,22,761,179,True,False,18,87,True,True,True
68282,2023,MA40,2,630152,97356,97356,916,Round 2,2023-09-10,Jason Guild,934,North Calais Disc Golf Course,Blue Tees,65,18,1,09:40:00,66,1,935,130,True,False,18,66,True,True,True
68282,2023,MA40,2,630152,84935,84935,884,Round 2,2023-09-10,Droo Fisher,866,North Calais Disc Golf Course,Blue Tees,65,18,3,09:40:00,66,1,935,136,True,False,18,66,True,True,True
68282,2023,MA40,2,630152,59318,59318,888,Round 2,2023-09-10,Seth Hermanson,900,North Calais Disc Golf Course,Blue Tees,65,18,2,09:40:00,75,10,860,144,True,False,18,75,True,True,True
68282,2023,MA40,2,630152,73588,73588,875,Round 2,2023-09-10,Will Cleland,910,North Calais Disc Golf Course,Blue Tees,65,18,4,09:40:00,75,10,860,147,True,False,18,75,True,True,True
68282,2023,MA40,2,630152,name:matthew german,,,Round 2,2023-09-10,Matthew German,,North Calais Disc Golf Course,Blue Tees,65,18,3,12:00:00,74,9,869,150,True,False,18,74,True,True,True
68282,2023,MA40,2,630152,161644,161644,811,Round 2,2023-09-10,Garrett Sargent,818,North Calais Disc Golf Course,Blue Tees,65,18,4,12:00:00,92,27,720,179,True,False,18,92,True,True,True
68282,2023,MA50,1,630152,154887,154887,910,Round 1,2023-09-10,Brian Hunter,941,North Calais Disc Golf Course,Blue Tees,65,18,4,10:40:00,63,-2,960,128,True,False,18,63,True,True,True
68282,2023,MA50,1,630152,name:dan desch,,,Round 1,2023-09-10,Dan Desch,,North Calais Disc Golf Course,Blue Tees,65,18,2,10:30:00,69,4,910,140,True,False,18,69,True,True,True
68282,2023,MA50,1,630152,88247,88247,888,Round 1,2023-09-10,Tyler Bowden,884,North Calais Disc Golf Course,Blue Tees,65,18,1,10:20:00,70,5,902,145,True,False,18,70,True,True,True
68282,2023,MA50,1,630152,268914,268914,,Round 1,2023-09-10,James Sestokas,891,North Calais Disc Golf Course,Blue Tees,65,18,1,10:30:00,72,7,885,147,True,False,18,72,True,True,True
68282,2023,MA50,1,630152,251178,251178,888,Round 1,2023-09-10,Dan Rico,876,North Calais Disc Golf Course,Blue Tees,65,18,3,10:30:00,76,11,852,157,True,False,18,76,True,True,True
68282,2023,MA50,1,630152,235035,235035,851,Round 1,2023-09-10,Paul Seyler,908,North Calais Disc Golf Course,Blue Tees,65,18,4,10:40:00,77,12,844,149,True,False,18,77,True,True,True
68282,2023,MA50,1,630152,122325,122325,845,Round 1,2023-09-10,David Mulvey,,North Calais Disc Golf Course,Blue Tees,65,18,2,10:20:00,79,14,827,152,True,False,18,79,True,True,True
68282,2023,MA50,1,630152,132681,132681,777,Round 1,2023-09-10,Paul Robinson,,North Calais Disc Golf Course,Blue Tees,65,18,3,10:20:00,87,22,761,178,True,False,18,87,True,True,True
68282,2023,MA50,2,630152,154887,154887,910,Round 2,2023-09-10,Brian Hunter,941,North Calais Disc Golf Course,Blue Tees,65,18,1,10:20:00,65,0,943,128,True,False,18,65,True,True,True
68282,2023,MA50,2,630152,name:dan desch,,,Round 2,2023-09-10,Dan Desch,,North Calais Disc Golf Course,Blue Tees,65,18,2,10:20:00,71,6,893,140,True,False,18,71,True,True,True
68282,2023,MA50,2,630152,88247,88247,888,Round 2,2023-09-10,Tyler Bowden,884,North Calais Disc Golf Course,Blue Tees,65,18,3,10:20:00,75,10,860,145,True,False,18,75,True,True,True
68282,2023,MA50,2,630152,268914,268914,,Round 2,2023-09-10,James Sestokas,891,North Calais Disc Golf Course,Blue Tees,65,18,4,10:20:00,75,10,860,147,True,False,18,75,True,True,True
68282,2023,MA50,2,630152,235035,235035,851,Round 2,2023-09-10,Paul Seyler,908,North Calais Disc Golf Course,Blue Tees,65,18,2,10:10:00,72,7,885,149,True,False,18,72,True,True,True
68282,2023,MA50,2,630152,122325,122325,845,Round 2,2023-09-10,David Mulvey,,North Calais Disc Golf Course,Blue Tees,65,18,3,10:10:00,73,8,877,152,True,False,18,73,True,True,True
68282,2023,MA50,2,630152,251178,251178,888,Round 2,2023-09-10,Dan Rico,876,North Calais Disc Golf Course,Blue Tees,65,18,1,10:10:00,81,16,811,157,True,False,18,81,True,True,True
68282,2023,MA50,2,630152,132681,132681,777,Round 2,2023-09-10,Paul Robinson,,North Calais Disc Golf Course,Blue Tees,65,18,4,10:10:00,91,26,728,178,True,False,18,91,True,True,True
68282,2023,MA60,1,630152,74478,74478,860,Round 1,2023-09-10,John Sudarsky,845,North Calais Disc Golf Course,Blue Tees,65,18,1,09:40:00,75,10,860,147,True,False,18,75,True,True,True
68282,2023,MA60,1,630152,name:todd sternbach,,,Round 1,2023-09-10,Todd Sternbach,,North Calais Disc Golf Course,Blue Tees,65,18,5,09:40:00,78,13,835,155,True,False,18,78,True,True,True
68282,2023,MA60,1,630152,131352,131352,793,Round 1,2023-09-10,David Havens,816,North Calais Disc Golf Course,Blue Tees,65,18,2,09:40:00,87,22,761,174,True,False,18,87,True,True,True
68282,2023,MA60,1,630152,248502,248502,790,Round 1,2023-09-10,Christian Andresen,846,North Calais Disc Golf Course,Blue Tees,65,18,4,09:40:00,89,24,744,170,True,False,18,89,True,True,True
68282,2023,MA60,1,630152,195353,195353,744,Round 1,2023-09-10,Jerome Mendicino,730,North Calais Disc Golf Course,Blue Tees,65,18,3,09:40:00,91,26,728,182,True,False,18,91,True,True,True
68282,2023,MA60,2,630152,74478,74478,860,Round 2,2023-09-10,John Sudarsky,845,North Calais Disc Golf Course,Blue Tees,65,18,1,09:50:00,72,7,885,147,True,False,18,72,True,True,True
68282,2023,MA60,2,630152,name:todd sternbach,,,Round 2,2023-09-10,Todd Sternbach,,North Calais Disc Golf Course,Blue Tees,65,18,2,09:50:00,77,12,844,155,True,False,18,77,True,True,True
68282,2023,MA60,2,630152,248502,248502,790,Round 2,2023-09-10,Christian Andresen,846,North Calais Disc Golf Course,Blue Tees,65,18,4,09:50:00,81,16,811,170,True,False,18,81,True,True,True
68282,2023,MA60,2,630152,131352,131352,793,Round 2,2023-09-10,David Havens,816,North Calais Disc Golf Course,Blue Tees,65,18,3,09:50:00,87,22,761,174,True,False,18,87,True,True,True
68282,2023,MA60,2,630152,195353,195353,744,Round 2,2023-09-10,Jerome Mendicino,730,North Calais Disc Golf Course,Blue Tees,65,18,5,09:50:00,91,26,728,182,True,False,18,91,True,True,True
68282,2023,MJ15,1,630151,221831,221831,800,Round 1,2023-09-10,Ruben Furs,,North Calais Disc Golf Course,White Tees,65,18,1,08:00:00,74,9,779,138,True,False,18,74,True,True,True
68282,2023,MJ15,1,630151,228201,228201,772,Round 1,2023-09-10,Waylon Spring,883,North Calais Disc Golf Course,White Tees,65,18,2,08:00:00,75,10,770,141,True,False,18,75,True,True,True
68282,2023,MJ15,1,630151,261284,261284,742,Round 1,2023-09-10,Blake Martino,916,North Calais Disc Golf Course,White Tees,65,18,3,08:00:00,77,12,750,147,True,False,18,77,True,True,True
68282,2023,MJ15,1,630151,name:agostino goldstein,,,Round 1,2023-09-10,Agostino Goldstein,,North Calais Disc Golf Course,White Tees,65,18,4,08:00:00,79,14,731,160,True,False,18,79,True,True,True
68282,2023,MJ15,2,630151,221831,221831,800,Round 2,2023-09-10,Ruben Furs,,North Calais Disc Golf Course,White Tees,65,18,1,08:00:00,64,-1,877,138,True,False,18,64,True,True,True
68282,2023,MJ15,2,630151,228201,228201,772,Round 2,2023-09-10,Waylon Spring,883,North Calais Disc Golf Course,White Tees,65,18,2,08:00:00,66,1,858,141,True,False,18,66,True,True,True
68282,2023,MJ15,2,630151,261284,261284,742,Round 2,2023-09-10,Blake Martino,916,North Calais Disc Golf Course,White Tees,65,18,3,08:00:00,70,5,818,147,True,False,18,70,True,True,True
68282,2023,MJ15,2,630151,name:agostino goldstein,,,Round 2,2023-09-10,Agostino Goldstein,,North Calais Disc Golf Course,White Tees,65,18,4,08:00:00,81,16,711,160,True,False,18,81,True,True,True
68282,2023,MP40,1,630153,22318,22318,959,Round 1,2023-09-10,Aaron Smartt,965,North Calais Disc Golf Course,Gold Tees,65,18,1,13:10:00,67,2,975,134,True,False,18,67,True,True,True
68282,2023,MP40,1,630153,96621,96621,948,Round 1,2023-09-10,Jeremy McKittrick,932,North Calais Disc Golf Course,Gold Tees,65,18,1,13:00:00,68,3,968,140,True,False,18,68,True,True,True
68282,2023,MP40,1,630153,189489,189489,946,Round 1,2023-09-10,Joshua Niss,937,North Calais Disc Golf Course,Gold Tees,65,18,1,12:50:00,69,4,961,140,True,False,18,69,True,True,True
68282,2023,MP40,1,630153,178064,178064,921,Round 1,2023-09-10,Peter Walke,,North Calais Disc Golf Course,Gold Tees,65,18,4,13:10:00,73,8,933,146,True,False,18,73,True,True,True
68282,2023,MP40,1,630153,24381,24381,945,Round 1,2023-09-10,Chris Young,937,North Calais Disc Golf Course,Gold Tees,65,18,3,13:10:00,74,9,926,144,True,False,18,74,True,True,True
68282,2023,MP40,1,630153,110289,110289,930,Round 1,2023-09-10,Frank Wruk,945,North Calais Disc Golf Course,Gold Tees,65,18,3,13:00:00,76,11,912,153,True,False,18,76,True,True,True
68282,2023,MP40,1,630153,120692,120692,903,Round 1,2023-09-10,Corey Johnson,911,North Calais Disc Golf Course,Gold Tees,65,18,4,13:00:00,76,11,912,160,True,False,18,76,True,True,True
68282,2023,MP40,1,630153,159476,159476,910,Round 1,2023-09-10,James Lightholder,899,North Calais Disc Golf Course,Gold Tees,65,18,2,13:00:00,76,11,912,155,True,False,18,76,True,True,True
68282,2023,MP40,1,630153,83212,83212,898,Round 1,2023-09-10,Cory Barron,885,North Calais Disc Golf Course,Gold Tees,65,18,4,12:50:00,81,16,876,165,True,False,18,81,True,True,True
68282,2023,MP40,1,630153,164570,164570,891,Round 1,2023-09-10,David Carter,,North Calais Disc Golf Course,Gold Tees,65,18,2,13:10:00,81,16,876,,True,False,18,81,True,True,True
68282,2023,MP40,1,630153,94273,94273,874,Round 1,2023-09-10,Marques Pozzani,863,North Calais Disc Golf Course,Gold Tees,65,18,3,12:50:00,83,18,862,169,True,False,18,83,True,True,True
68282,2023,MP40,1,630153,83198,83198,882,Round 1,2023-09-10,Alan Gofberg,869,North Calais Disc Golf Course,Gold Tees,65,18,2,12:50:00,85,20,848,165,True,False,18,85,True,True,True
68282,2023,MP40,2,630153,22318,22318,959,Round 2,2023-09-10,Aaron Smartt,965,North Calais Disc Golf Course,Gold Tees,65,18,1,12:40:00,67,2,975,134,True,False,18,67,True,True,True
68282,2023,MP40,2,630153,189489,189489,946,Round 2,2023-09-10,Joshua Niss,937,North Calais Disc Golf Course,Gold Tees,65,18,3,12:40:00,71,6,947,140,True,False,18,71,True,True,True
68282,2023,MP40,2,630153,96621,96621,948,Round 2,2023-09-10,Jeremy McKittrick,932,North Calais Disc Golf Course,Gold Tees,65,18,2,12:40:00,72,7,940,140,True,False,18,72,True,True,True
68282,2023,MP40,2,630153,24381,24381,945,Round 2,2023-09-10,Chris Young,937,North Calais Disc Golf Course,Gold Tees,65,18,1,12:30:00,70,5,954,144,True,False,18,70,True,True,True
68282,2023,MP40,2,630153,178064,178064,921,Round 2,2023-09-10,Peter Walke,,North Calais Disc Golf Course,Gold Tees,65,18,4,12:40:00,73,8,933,146,True,False,18,73,True,True,True
68282,2023,MP40,2,630153,110289,110289,930,Round 2,2023-09-10,Frank Wruk,945,North Calais Disc Golf Course,Gold Tees,65,18,2,12:30:00,77,12,905,153,True,False,18,77,True,True,True
68282,2023,MP40,2,630153,159476,159476,910,Round 2,2023-09-10,James Lightholder,899,North Calais Disc Golf Course,Gold Tees,65,18,4,12:30:00,79,14,890,155,True,False,18,79,True,True,True
68282,2023,MP40,2,630153,120692,120692,903,Round 2,2023-09-10,Corey Johnson,911,North Calais Disc Golf Course,Gold Tees,65,18,3,12:30:00,84,19,855,160,True,False,18,84,True,True,True
68282,2023,MP40,2,630153,83198,83198,882,Round 2,2023-09-10,Alan Gofberg,869,North Calais Disc Golf Course,Gold Tees,65,18,3,12:20:00,80,15,883,165,True,False,18,80,True,True,True
68282,2023,MP40,2,630153,83212,83212,898,Round 2,2023-09-10,Cory Barron,885,North Calais Disc Golf Course,Gold Tees,65,18,1,12:20:00,84,19,855,165,True,False,18,84,True,True,True
68282,2023,MP40,2,630153,94273,94273,874,Round 2,2023-09-10,Marques Pozzani,863,North Calais Disc Golf Course,Gold Tees,65,18,2,12:20:00,86,21,841,169,True,False,18,86,True,True,True
68282,2023,MP40,2,630153,164570,164570,891,Round 2,2023-09-10,David Carter,,North Calais Disc Golf Course,Gold Tees,65,18,,,,,,,True,True,0,,False,False,False
68282,2023,MP60,1,630152,84880,84880,909,Round 1,2023-09-10,Marcos Miller,,North Calais Disc Golf Course,Blue Tees,65,18,5,12:20:00,67,2,926,133,True,False,18,67,True,True,True
68282,2023,MP60,1,630152,name:dan griffith,,,Round 1,2023-09-10,Dan Griffith,,North Calais Disc Golf Course,Blue Tees,65,18,5,12:20:00,70,5,902,138,True,False,18,70,True,True,True
68282,2023,MP60,2,630152,84880,84880,909,Round 2,2023-09-10,Marcos Miller,,North Calais Disc Golf Course,Blue Tees,65,18,1,12:00:00,66,1,935,133,True,False,18,66,True,True,True
68282,2023,MP60,2,630152,name:dan griffith,,,Round 2,2023-09-10,Dan Griffith,,North Calais Disc Golf Course,Blue Tees,65,18,2,12:00:00,68,3,918,138,True,False,18,68,True,True,True
68282,2023,MP70,1,630152,1889,1889,826,Round 1,2023-09-10,Roy Doar,,North Calais Disc Golf Course,Blue Tees,65,18,1,11:10:00,81,16,811,171,True,False,18,81,True,True,True
68282,2023,MP70,1,630152,name:paul olander,,,Round 1,2023-09-10,Paul Olander,,North Calais Disc Golf Course,Blue Tees,65,18,3,11:10:00,85,20,777,165,True,False,18,85,True,True,True
68282,2023,MP70,1,630152,name:george desch,,,Round 1,2023-09-10,George Desch,,North Calais Disc Golf Course,Blue Tees,65,18,2,11:10:00,85,20,777,169,True,False,18,85,True,True,True
68282,2023,MP70,2,630152,name:paul olander,,,Round 2,2023-09-10,Paul Olander,,North Calais Disc Golf Course,Blue Tees,65,18,3,10:30:00,80,15,819,165,True,False,18,80,True,True,True
68282,2023,MP70,2,630152,name:george desch,,,Round 2,2023-09-10,George Desch,,North Calais Disc Golf Course,Blue Tees,65,18,2,10:30:00,84,19,786,169,True,False,18,84,True,True,True
68282,2023,MP70,2,630152,1889,1889,826,Round 2,2023-09-10,Roy Doar,,North Calais Disc Golf Course,Blue Tees,65,18,1,10:30:00,90,25,736,171,True,False,18,90,True,True,True
68282,2023,MPO,1,630153,81283,81283,964,Round 1,2023-09-10,Ronnie Bennett,968,North Calais Disc Golf Course,Gold Tees,65,18,1,13:20:00,61,-4,1018,127,True,False,18,61,True,True,True
68282,2023,MPO,1,630153,181649,181649,976,Round 1,2023-09-10,Hubert Vachon,996,North Calais Disc Golf Course,Gold Tees,65,18,2,13:30:00,64,-1,997,124,True,False,18,64,True,True,True
68282,2023,MPO,1,630153,128180,128180,977,Round 1,2023-09-10,Andrew Cochran,1003,North Calais Disc Golf Course,Gold Tees,65,18,1,13:50:00,65,0,989,135,True,False,18,65,True,True,True
68282,2023,MPO,1,630153,136903,136903,964,Round 1,2023-09-10,Alex Ferguson,957,North Calais Disc Golf Course,Gold Tees,65,18,4,14:00:00,65,0,989,129,True,False,18,65,True,True,True
68282,2023,MPO,1,630153,75861,75861,973,Round 1,2023-09-10,Charlie Veysey,978,North Calais Disc Golf Course,Gold Tees,65,18,3,13:40:00,67,2,975,132,True,False,18,67,True,True,True
68282,2023,MPO,1,630153,94450,94450,956,Round 1,2023-09-10,Brendan Rollins,958,North Calais Disc Golf Course,Gold Tees,65,18,2,14:00:00,67,2,975,137,True,False,18,67,True,True,True
68282,2023,MPO,1,630153,100885,100885,955,Round 1,2023-09-10,Jacob Moore,945,North Calais Disc Golf Course,Gold Tees,65,18,2,14:20:00,67,2,975,135,True,False,18,67,True,True,True
68282,2023,MPO,1,630153,103627,103627,974,Round 1,2023-09-10,Clayton Davis,,North Calais Disc Golf Course,Gold Tees,65,18,3,13:50:00,67,2,975,134,True,False,18,67,True,True,True
68282,2023,MPO,1,630153,93877,93877,962,Round 1,2023-09-10,Matthew Storgaard,,North Calais Disc Golf Course,Gold Tees,65,18,1,14:10:00,68,3,968,132,True,False,18,68,True,True,True
68282,2023,MPO,1,630153,121362,121362,949,Round 1,2023-09-10,Jonathan Russo,951,North Calais Disc Golf Course,Gold Tees,65,18,4,13:30:00,68,3,968,134,True,False,18,68,True,True,True
68282,2023,MPO,1,630153,140874,140874,973,Round 1,2023-09-10,Hunter Martin,953,North Calais Disc Golf Course,Gold Tees,65,18,2,13:40:00,68,3,968,137,True,False,18,68,True,True,True
68282,2023,MPO,1,630153,85970,85970,958,Round 1,2023-09-10,Ben Drogue,966,North Calais Disc Golf Course,Gold Tees,65,18,3,13:20:00,69,4,961,135,True,False,18,69,True,True,True
68282,2023,MPO,1,630153,140098,140098,965,Round 1,2023-09-10,Angus Barstow,980,North Calais Disc Golf Course,Gold Tees,65,18,2,13:50:00,69,4,961,139,True,False,18,69,True,True,True
68282,2023,MPO,1,630153,80359,80359,950,Round 1,2023-09-10,Cody White,985,North Calais Disc Golf Course,Gold Tees,65,18,1,14:00:00,70,5,954,140,True,False,18,70,True,True,True
68282,2023,MPO,1,630153,85036,85036,918,Round 1,2023-09-10,Nolan Power,,North Calais Disc Golf Course,Gold Tees,65,18,1,14:20:00,70,5,954,142,True,False,18,70,True,True,True
68282,2023,MPO,1,630153,161558,161558,968,Round 1,2023-09-10,Brad Schott,994,North Calais Disc Golf Course,Gold Tees,65,18,4,13:40:00,71,6,947,133,True,False,18,71,True,True,True
68282,2023,MPO,1,630153,176526,176526,920,Round 1,2023-09-10,Porter Awad,,North Calais Disc Golf Course,Gold Tees,65,18,3,14:10:00,71,6,947,144,True,False,18,71,True,True,True
68282,2023,MPO,1,630153,114674,114674,927,Round 1,2023-09-10,Jordan Lamson,,North Calais Disc Golf Course,Gold Tees,65,18,1,13:40:00,72,7,940,148,True,False,18,72,True,True,True
68282,2023,MPO,1,630153,142744,142744,964,Round 1,2023-09-10,Abel German,974,North Calais Disc Golf Course,Gold Tees,65,18,4,14:20:00,72,7,940,138,True,False,18,72,True,True,True
68282,2023,MPO,1,630153,125328,125328,932,Round 1,2023-09-10,Dana Carpenter,,North Calais Disc Golf Course,Gold Tees,65,18,4,14:10:00,73,8,933,142,True,False,18,73,True,True,True
68282,2023,MPO,1,630153,101829,101829,926,Round 1,2023-09-10,Joshua Storgaard,,North Calais Disc Golf Course,Gold Tees,65,18,1,13:30:00,74,9,926,147,True,False,18,74,True,True,True
68282,2023,MPO,1,630153,109051,109051,922,Round 1,2023-09-10,Taylor Jones,866,North Calais Disc Golf Course,Gold Tees,65,18,3,14:20:00,74,9,926,155,True,False,18,74,True,True,True
68282,2023,MPO,1,630153,252153,252153,899,Round 1,2023-09-10,Tyler Pelkey,,North Calais Disc Golf Course,Gold Tees,65,18,3,13:30:00,75,10,919,158,True,False,18,75,True,True,True
68282,2023,MPO,1,630153,106970,106970,853,Round 1,2023-09-10,Stefan Farrell,852,North Calais Disc Golf Course,Gold Tees,65,18,2,13:20:00,79,14,890,161,True,False,18,79,True,True,True
68282,2023,MPO,1,630153,118928,118928,950,Round 1,2023-09-10,Tyler Pomichter,926,North Calais Disc Golf Course,Gold Tees,65,18,2,14:10:00,79,14,890,153,True,False,18,79,True,True,True
68282,2023,MPO,1,630153,207793,207793,898,Round 1,2023-09-10,Walker White,917,North Calais Disc Golf Course,Gold Tees,65,18,3,14:00:00,81,16,876,158,True,False,18,81,True,True,True
68282,2023,MPO,2,630153,181649,181649,976,Round 2,2023-09-10,Hubert Vachon,996,North Calais Disc Golf Course,Gold Tees,65,18,2,13:50:00,60,-5,1025,124,True,False,18,60,True,True,True
68282,2023,MPO,2,630153,81283,81283,964,Round 2,2023-09-10,Ronnie Bennett,968,North Calais Disc Golf Course,Gold Tees,65,18,1,13:50:00,66,1,982,127,True,False,18,66,True,True,True
68282,2023,MPO,2,630153,136903,136903,964,Round 2,2023-09-10,Alex Ferguson,957,North Calais Disc Golf Course,Gold Tees,65,18,4,13:50:00,64,-1,997,129,True,False,18,64,True,True,True
68282,2023,MPO,2,630153,93877,93877,962,Round 2,2023-09-10,Matthew Storgaard,,North Calais Disc Golf Course,Gold Tees,65,18,1,13:30:00,64,-1,997,132,True,False,18,64,True,True,True
68282,2023,MPO,2,630153,75861,75861,973,Round 2,2023-09-10,Charlie Veysey,978,North Calais Disc Golf Course,Gold Tees,65,18,1,13:40:00,65,0,989,132,True,False,18,65,True,True,True
68282,2023,MPO,2,630153,161558,161558,968,Round 2,2023-09-10,Brad Schott,994,North Calais Disc Golf Course,Gold Tees,65,18,4,13:20:00,62,-3,1011,133,True,False,18,62,True,True,True
68282,2023,MPO,2,630153,121362,121362,949,Round 2,2023-09-10,Jonathan Russo,951,North Calais Disc Golf Course,Gold Tees,65,18,2,13:30:00,66,1,982,134,True,False,18,66,True,True,True
68282,2023,MPO,2,630153,103627,103627,974,Round 2,2023-09-10,Clayton Davis,,North Calais Disc Golf Course,Gold Tees,65,18,4,13:40:00,67,2,975,134,True,False,18,67,True,True,True
68282,2023,MPO,2,630153,85970,85970,958,Round 2,2023-09-10,Ben Drogue,966,North Calais Disc Golf Course,Gold Tees,65,18,4,13:30:00,66,1,982,135,True,False,18,66,True,True,True
68282,2023,MPO,2,630153,100885,100885,955,Round 2,2023-09-10,Jacob Moore,945,North Calais Disc Golf Course,Gold Tees,65,18,3,13:40:00,68,3,968,135,True,False,18,68,True,True,True
68282,2023,MPO,2,630153,128180,128180,977,Round 2,2023-09-10,Andrew Cochran,1003,North Calais Disc Golf Course,Gold Tees,65,18,3,13:50:00,70,5,954,135,True,False,18,70,True,True,True
68282,2023,MPO,2,630153,140874,140874,973,Round 2,2023-09-10,Hunter Martin,953,North Calais Disc Golf Course,Gold Tees,65,18,3,13:30:00,69,4,961,137,True,False,18,69,True,True,True
68282,2023,MPO,2,630153,94450,94450,956,Round 2,2023-09-10,Brendan Rollins,958,North Calais Disc Golf Course,Gold Tees,65,18,2,13:40:00,70,5,954,137,True,False,18,70,True,True,True
68282,2023,MPO,2,630153,142744,142744,964,Round 2,2023-09-10,Abel German,974,North Calais Disc Golf Course,Gold Tees,65,18,3,13:10:00,66,1,982,138,True,False,18,66,True,True,True
68282,2023,MPO,2,630153,140098,140098,965,Round 2,2023-09-10,Angus Barstow,980,North Calais Disc Golf Course,Gold Tees,65,18,1,13:20:00,70,5,954,139,True,False,18,70,True,True,True
68282,2023,MPO,2,630153,80359,80359,950,Round 2,2023-09-10,Cody White,985,North Calais Disc Golf Course,Gold Tees,65,18,2,13:20:00,70,5,954,140,True,False,18,70,True,True,True
68282,2023,MPO,2,630153,125328,125328,932,Round 2,2023-09-10,Dana Carpenter,,North Calais Disc Golf Course,Gold Tees,65,18,4,13:10:00,69,4,961,142,True,False,18,69,True,True,True
68282,2023,MPO,2,630153,85036,85036,918,Round 2,2023-09-10,Nolan Power,,North Calais Disc Golf Course,Gold Tees,65,18,3,13:20:00,72,7,940,142,True,False,18,72,True,True,True
68282,2023,MPO,2,630153,176526,176526,920,Round 2,2023-09-10,Porter Awad,,North Calais Disc Golf Course,Gold Tees,65,18,1,13:10:00,73,8,933,144,True,False,18,73,True,True,True
68282,2023,MPO,2,630153,101829,101829,926,Round 2,2023-09-10,Joshua Storgaard,,North Calais Disc Golf Course,Gold Tees,65,18,1,13:00:00,73,8,933,147,True,False,18,73,True,True,True
68282,2023,MPO,2,630153,114674,114674,927,Round 2,2023-09-10,Jordan Lamson,,North Calais Disc Golf Course,Gold Tees,65,18,2,13:10:00,76,11,912,148,True,False,18,76,True,True,True
68282,2023,MPO,2,630153,118928,118928,950,Round 2,2023-09-10,Tyler Pomichter,926,North Calais Disc Golf Course,Gold Tees,65,18,2,12:50:00,74,9,926,153,True,False,18,74,True,True,True
68282,2023,MPO,2,630153,109051,109051,922,Round 2,2023-09-10,Taylor Jones,866,North Calais Disc Golf Course,Gold Tees,65,18,2,13:00:00,81,16,876,155,True,False,18,81,True,True,True
68282,2023,MPO,2,630153,207793,207793,898,Round 2,2023-09-10,Walker White,917,North Calais Disc Golf Course,Gold Tees,65,18,3,12:50:00,77,12,905,158,True,False,18,77,True,True,True
68282,2023,MPO,2,630153,252153,252153,899,Round 2,2023-09-10,Tyler Pelkey,,North Calais Disc Golf Course,Gold Tees,65,18,3,13:00:00,83,18,862,158,True,False,18,83,True,True,True
68282,2023,MPO,2,630153,106970,106970,853,Round 2,2023-09-10,Stefan Farrell,852,North Calais Disc Golf Course,Gold Tees,65,18,1,12:50:00,82,17,869,161,True,False,18,82,True,True,True
68642,2023,FA2,1,631524,159333,159333,814,Round 1,2023-09-24,Laura Rajnak,,Cold Hollow Disc Golf Course,Cold Hollow Short Layout,59,18,1,08:30:00,58,-1,847,122,True,False,18,58,True,True,True
68642,2023,FA2,1,631524,172895,172895,715,Round 1,2023-09-24,Cara Tatro,737,Cold Hollow Disc Golf Course,Cold Hollow Short Layout,59,18,2,08:30:00,66,7,749,133,True,False,18,66,True,True,True
68642,2023,FA2,1,631524,261982,261982,761,Round 1,2023-09-24,Jill Betts,775,Cold Hollow Disc Golf Course,Cold Hollow Short Layout,59,18,4,08:30:00,67,8,736,130,True,False,18,67,True,True,True
68642,2023,FA2,1,631524,231492,231492,656,Round 1,2023-09-24,Jade Rogers,694,Cold Hollow Disc Golf Course,Cold Hollow Short Layout,59,18,3,08:30:00,69,10,711,144,True,False,18,69,True,True,True
68642,2023,FA2,2,631524,159333,159333,814,Round 2,2023-09-24,Laura Rajnak,,Cold Hollow Disc Golf Course,Cold Hollow Short Layout,59,18,1,08:40:00,64,5,773,122,True,False,18,64,True,True,True
68642,2023,FA2,2,631524,261982,261982,761,Round 2,2023-09-24,Jill Betts,775,Cold Hollow Disc Golf Course,Cold Hollow Short Layout,59,18,3,08:40:00,63,4,786,130,True,False,18,63,True,True,True
68642,2023,FA2,2,631524,172895,172895,715,Round 2,2023-09-24,Cara Tatro,737,Cold Hollow Disc Golf Course,Cold Hollow Short Layout,59,18,2,08:40:00,67,8,736,133,True,False,18,67,True,True,True
68642,2023,FA2,2,631524,231492,231492,656,Round 2,2023-09-24,Jade Rogers,694,Cold Hollow Disc Golf Course,Cold Hollow Short Layout,59,18,4,08:40:00,75,16,637,144,True,False,18,75,True,True,True
68642,2023,FA3,1,631524,266914,266914,618,Round 1,2023-09-24,Mazie Cash,,Cold Hollow Disc Golf Course,Cold Hollow Short Layout,59,18,4,08:40:00,64,5,773,126,True,False,18,64,True,True,True
68642,2023,FA3,1,631524,228265,228265,691,Round 1,2023-09-24,Maryellen Copping,705,Cold Hollow Disc Golf Course,Cold Hollow Short Layout,59,18,3,08:40:00,65,6,761,133,True,False,18,65,True,True,True
68642,2023,FA3,1,631524,268005,268005,,Round 1,2023-09-24,Heather Wiles,,Cold Hollow Disc Golf Course,Cold Hollow Short Layout,59,18,2,08:40:00,72,13,674,154,True,False,18,72,True,True,True
68642,2023,FA3,1,631524,259152,259152,634,Round 1,2023-09-24,Marie Norton,,Cold Hollow Disc Golf Course,Cold Hollow Short Layout,59,18,1,08:40:00,75,16,637,151,True,False,18,75,True,True,True
68642,2023,FA3,1,631524,215341,215341,352,Round 1,2023-09-24,Teah Miller,591,Cold Hollow Disc Golf Course,Cold Hollow Short Layout,59,18,5,08:40:00,88,29,477,189,True,False,18,88,True,True,True
68642,2023,FA3,2,631524,266914,266914,618,Round 2,2023-09-24,Mazie Cash,,Cold Hollow Disc Golf Course,Cold Hollow Short Layout,59,18,1,07:40:00,62,3,798,126,True,False,18,62,True,True,True
68642,2023,FA3,2,631524,228265,228265,691,Round 2,2023-09-24,Maryellen Copping,705,Cold Hollow Disc Golf Course,Cold Hollow Short Layout,59,18,2,07:40:00,68,9,724,133,True,False,18,68,True,True,True
68642,2023,FA3,2,631524,259152,259152,634,Round 2,2023-09-24,Marie Norton,,Cold Hollow Disc Golf Course,Cold Hollow Short Layout,59,18,4,07:40:00,76,17,625,151,True,False,18,76,True,True,True
68642,2023,FA3,2,631524,268005,268005,,Round 2,2023-09-24,Heather Wiles,,Cold Hollow Disc Golf Course,Cold Hollow Short Layout,59,18,3,07:40:00,82,23,551,154,True,False,18,82,True,True,True
68642,2023,FA3,2,631524,215341,215341,352,Round 2,2023-09-24,Teah Miller,591,Cold Hollow Disc Golf Course,Cold Hollow Short Layout,59,18,5,07:40:00,101,42,316,189,True,False,18,101,True,True,True
68642,2023,FA40,1,631524,94272,94272,784,Round 1,2023-09-24,Gabrielle Pozzani,818,Cold Hollow Disc Golf Course,Cold Hollow Short Layout,59,18,1,09:00:00,59,0,835,120,True,False,18,59,True,True,True
68642,2023,FA40,1,631524,213173,213173,751,Round 1,2023-09-24,Elizabeth Carrell,775,Cold Hollow Disc Golf Course,Cold Hollow Short Layout,59,18,3,09:00:00,59,0,835,120,True,False,18,59,True,True,True
68642,2023,FA40,1,631524,161647,161647,648,Round 1,2023-09-24,Michele Sargent,611,Cold Hollow Disc Golf Course,Cold Hollow Short Layout,59,18,2,09:00:00,70,11,699,143,True,False,18,70,True,True,True
68642,2023,FA40,2,631524,94272,94272,784,Round 2,2023-09-24,Gabrielle Pozzani,818,Cold Hollow Disc Golf Course,Cold Hollow Short Layout,59,18,1,08:50:00,61,2,810,120,True,False,18,61,True,True,True
68642,2023,FA40,2,631524,213173,213173,751,Round 2,2023-09-24,Elizabeth Carrell,775,Cold Hollow Disc Golf Course,Cold Hollow Short Layout,59,18,2,08:50:00,61,2,810,120,True,False,18,61,True,True,True
68642,2023,FA40,2,631524,161647,161647,648,Round 2,2023-09-24,Michele Sargent,611,Cold Hollow Disc Golf Course,Cold Hollow Short Layout,59,18,3,08:50:00,73,14,662,143,True,False,18,73,True,True,True
68642,2023,FPO,1,631523,132857,132857,841,Round 1,2023-09-24,Serena Lamson,,Cold Hollow Disc Golf Course,Cold Hollow Long Layout,59,18,4,13:50:00,59,0,934,121,True,False,18,59,True,True,True
68642,2023,FPO,1,631523,122613,122613,875,Round 1,2023-09-24,Kelly Heslin,889,Cold Hollow Disc Golf Course,Cold Hollow Long Layout,59,18,1,13:50:00,64,5,886,128,True,False,18,64,True,True,True
68642,2023,FPO,1,631523,174640,174640,853,Round 1,2023-09-24,Maureen McGuinness,,Cold Hollow Disc Golf Course,Cold Hollow Long Layout,59,18,3,13:50:00,65,6,876,129,True,False,18,65,True,True,True
68642,2023,FPO,1,631523,103743,103743,894,Round 1,2023-09-24,Karen Martel,927,Cold Hollow Disc Golf Course,Cold Hollow Long Layout,59,18,2,13:50:00,68,9,848,129,True,False,18,68,True,True,True
68642,2023,FPO,1,631523,163363,163363,848,Round 1,2023-09-24,Julie Bisson,883,Cold Hollow Disc Golf Course,Cold Hollow Long Layout,59,18,2,13:40:00,70,11,828,136,True,False,18,70,True,True,True
68642,2023,FPO,1,631523,152971,152971,824,Round 1,2023-09-24,Isabelle Bourque,825,Cold Hollow Disc Golf Course,Cold Hollow Long Layout,59,18,1,13:40:00,74,15,790,144,True,False,18,74,True,True,True
68642,2023,FPO,1,631523,228248,228248,766,Round 1,2023-09-24,Isza Parchini,802,Cold Hollow Disc Golf Course,Cold Hollow Long Layout,59,18,3,13:40:00,85,26,684,154,True,False,18,85,True,True,True
68642,2023,FPO,2,631523,132857,132857,841,Round 2,2023-09-24,Serena Lamson,,Cold Hollow Disc Golf Course,Cold Hollow Long Layout,59,18,1,13:50:00,62,3,905,121,True,False,18,62,True,True,True
68642,2023,FPO,2,631523,122613,122613,875,Round 2,2023-09-24,Kelly Heslin,889,Cold Hollow Disc Golf Course,Cold Hollow Long Layout,59,18,2,13:50:00,64,5,886,128,True,False,18,64,True,True,True
68642,2023,FPO,2,631523,103743,103743,894,Round 2,2023-09-24,Karen Martel,927,Cold Hollow Disc Golf Course,Cold Hollow Long Layout,59,18,4,13:50:00,61,2,915,129,True,False,18,61,True,True,True
68642,2023,FPO,2,631523,174640,174640,853,Round 2,2023-09-24,Maureen McGuinness,,Cold Hollow Disc Golf Course,Cold Hollow Long Layout,59,18,3,13:50:00,64,5,886,129,True,False,18,64,True,True,True
68642,2023,FPO,2,631523,163363,163363,848,Round 2,2023-09-24,Julie Bisson,883,Cold Hollow Disc Golf Course,Cold Hollow Long Layout,59,18,1,13:40:00,66,7,867,136,True,False,18,66,True,True,True
68642,2023,FPO,2,631523,152971,152971,824,Round 2,2023-09-24,Isabelle Bourque,825,Cold Hollow Disc Golf Course,Cold Hollow Long Layout,59,18,2,13:40:00,70,11,828,144,True,False,18,70,True,True,True
68642,2023,FPO,2,631523,228248,228248,766,Round 2,2023-09-24,Isza Parchini,802,Cold Hollow Disc Golf Course,Cold Hollow Long Layout,59,18,3,13:40:00,69,10,838,154,True,False,18,69,True,True,True
68642,2023,MA1,1,631523,173058,173058,936,Round 1,2023-09-24,Brandon Allaire,950,Cold Hollow Disc Golf Course,Cold Hollow Long Layout,59,18,4,11:40:00,57,-2,953,118,True,False,18,57,True,True,True
68642,2023,MA1,1,631523,240494,240494,921,Round 1,2023-09-24,Derrek Eckhardt,919,Cold Hollow Disc Golf Course,Cold Hollow Long Layout,59,18,4,11:50:00,57,-2,953,118,True,False,18,57,True,True,True
68642,2023,MA1,1,631523,146710,146710,903,Round 1,2023-09-24,Nicholas Laurendeau,,Cold Hollow Disc Golf Course,Cold Hollow Long Layout,59,18,3,11:50:00,58,-1,944,120,True,False,18,58,True,True,True
68642,2023,MA1,1,631523,222422,222422,871,Round 1,2023-09-24,Ryan Busalacchi,,Cold Hollow Disc Golf Course,Cold Hollow Long Layout,59,18,3,11:20:00,58,-1,944,116,True,False,18,58,True,True,True
68642,2023,MA1,1,631523,131201,131201,924,Round 1,2023-09-24,Tyler LaPerle,973,Cold Hollow Disc Golf Course,Cold Hollow Long Layout,59,18,1,11:50:00,60,1,924,122,True,False,18,60,True,True,True
68642,2023,MA1,1,631523,138228,138228,880,Round 1,2023-09-24,Dan Barmore,,Cold Hollow Disc Golf Course,Cold Hollow Long Layout,59,18,3,11:40:00,60,1,924,118,True,False,18,60,True,True,True
68642,2023,MA1,1,631523,147901,147901,930,Round 1,2023-09-24,Pete Strand,939,Cold Hollow Disc Golf Course,Cold Hollow Long Layout,59,18,1,12:10:00,60,1,924,120,True,False,18,60,True,True,True
68642,2023,MA1,1,631523,157645,157645,938,Round 1,2023-09-24,Evan Maynard,,Cold Hollow Disc Golf Course,Cold Hollow Long Layout,59,18,1,12:20:00,60,1,924,119,True,False,18,60,True,True,True
68642,2023,MA1,1,631523,251964,251964,889,Round 1,2023-09-24,Hans Kindstedt,938,Cold Hollow Disc Golf Course,Cold Hollow Long Layout,59,18,4,12:10:00,60,1,924,119,True,False,18,60,True,True,True
68642,2023,MA1,1,631523,259548,259548,882,Round 1,2023-09-24,Oliver Marchildon,,Cold Hollow Disc Golf Course,Cold Hollow Long Layout,59,18,3,12:00:00,60,1,924,124,True,False,18,60,True,True,True
68642,2023,MA1,1,631523,150023,150023,869,Round 1,2023-09-24,Elijah Davis,,Cold Hollow Disc Golf Course,Cold Hollow Long Layout,59,18,1,11:20:00,61,2,915,128,True,False,18,61,True,True,True
68642,2023,MA1,1,631523,205492,205492,935,Round 1,2023-09-24,Hayden Laster,942,Cold Hollow Disc Golf Course,Cold Hollow Long Layout,59,18,1,12:00:00,61,2,915,124,True,False,18,61,True,True,True
68642,2023,MA1,1,631523,256485,256485,924,Round 1,2023-09-24,Christopher Keller,,Cold Hollow Disc Golf Course,Cold Hollow Long Layout,59,18,3,12:20:00,61,2,915,119,True,False,18,61,True,True,True
68642,2023,MA1,1,631523,110707,110707,931,Round 1,2023-09-24,Jason Wilson,927,Cold Hollow Disc Golf Course,Cold Hollow Long Layout,59,18,2,12:30:00,62,3,905,118,True,False,18,62,True,True,True
68642,2023,MA1,1,631523,195531,195531,903,Round 1,2023-09-24,Devon Mendicino,920,Cold Hollow Disc Golf Course,Cold Hollow Long Layout,59,18,2,11:30:00,62,3,905,117,True,False,18,62,True,True,True
68642,2023,MA1,1,631523,89829,89829,920,Round 1,2023-09-24,Garrett Washburn,923,Cold Hollow Disc Golf Course,Cold Hollow Long Layout,59,18,2,11:40:00,63,4,896,128,True,False,18,63,True,True,True
68642,2023,MA1,1,631523,218262,218262,885,Round 1,2023-09-24,Jerry Jackman,913,Cold Hollow Disc Golf Course,Cold Hollow Long Layout,59,18,2,12:10:00,63,4,896,121,True,False,18,63,True,True,True
68642,2023,MA1,1,631523,222597,222597,878,Round 1,2023-09-24,Jack McCarthy,,Cold Hollow Disc Golf Course,Cold Hollow Long Layout,59,18,2,11:50:00,63,4,896,138,True,False,18,63,True,True,True
68642,2023,MA1,1,631523,73983,73983,920,Round 1,2023-09-24,Seth Crevison,922,Cold Hollow Disc Golf Course,Cold Hollow Long Layout,59,18,1,12:30:00,64,5,886,122,True,False,18,64,True,True,True
68642,2023,MA1,1,631523,174031,174031,894,Round 1,2023-09-24,Ian MacDonald,909,Cold Hollow Disc Golf Course,Cold Hollow Long Layout,59,18,4,12:00:00,64,5,886,127,True,False,18,64,True,True,True
68642,2023,MA1,1,631523,138544,138544,864,Round 1,2023-09-24,Chaz Sheperd,924,Cold Hollow Disc Golf Course,Cold Hollow Long Layout,59,18,3,11:30:00,65,6,876,127,True,False,18,65,True,True,True
68642,2023,MA1,1,631523,174646,174646,884,Round 1,2023-09-24,David Oppenheimer,,Cold Hollow Disc Golf Course,Cold Hollow Long Layout,59,18,2,11:20:00,66,7,867,138,True,False,18,66,True,True,True
68642,2023,MA1,1,631523,212570,212570,874,Round 1,2023-09-24,Derek Copping,874,Cold Hollow Disc Golf Course,Cold Hollow Long Layout,59,18,2,12:20:00,66,7,867,130,True,False,18,66,True,True,True
68642,2023,MA1,1,631523,242103,242103,852,Round 1,2023-09-24,Nathan Oxenfeld,895,Cold Hollow Disc Golf Course,Cold Hollow Long Layout,59,18,3,12:10:00,66,7,867,130,True,False,18,66,True,True,True
68642,2023,MA1,1,631523,82340,82340,904,Round 1,2023-09-24,Justin Leonard,912,Cold Hollow Disc Golf Course,Cold Hollow Long Layout,59,18,1,11:40:00,67,8,857,129,True,False,18,67,True,True,True
68642,2023,MA1,1,631523,258938,258938,849,Round 1,2023-09-24,Brandon Kendall,,Cold Hollow Disc Golf Course,Cold Hollow Long Layout,59,18,2,12:00:00,67,8,857,133,True,False,18,67,True,True,True
68642,2023,MA1,1,631523,185963,185963,877,Round 1,2023-09-24,Ross Dunham,,Cold Hollow Disc Golf Course,Cold Hollow Long Layout,59,18,4,12:30:00,68,9,848,131,True,False,18,68,True,True,True
68642,2023,MA1,1,631523,158783,158783,885,Round 1,2023-09-24,Joseph Humes,906,Cold Hollow Disc Golf Course,Cold Hollow Long Layout,59,18,3,12:30:00,70,11,828,129,True,False,18,70,True,True,True
68642,2023,MA1,1,631523,137408,137408,826,Round 1,2023-09-24,Aaron Gingras,,Cold Hollow Disc Golf Course,Cold Hollow Long Layout,59,18,1,11:30:00,71,12,819,143,True,False,18,71,True,True,True
68642,2023,MA1,1,631523,260639,260639,862,Round 1,2023-09-24,Schuyler MacDonald,,Cold Hollow Disc Golf Course,Cold Hollow Long Layout,59,18,4,12:20:00,75,16,780,143,True,False,18,75,True,True,True
68642,2023,MA1,2,631523,222422,222422,871,Round 2,2023-09-24,Ryan Busalacchi,,Cold Hollow Disc Golf Course,Cold Hollow Long Layout,59,18,4,12:30:00,58,-1,944,116,True,False,18,58,True,True,True
68642,2023,MA1,2,631523,195531,195531,903,Round 2,2023-09-24,Devon Mendicino,920,Cold Hollow Disc Golf Course,Cold Hollow Long Layout,59,18,3,12:00:00,55,-4,972,117,True,False,18,55,True,True,True
68642,2023,MA1,2,631523,110707,110707,931,Round 2,2023-09-24,Jason Wilson,927,Cold Hollow Disc Golf Course,Cold Hollow Long Layout,59,18,2,12:00:00,56,-3,963,118,True,False,18,56,True,True,True
68642,2023,MA1,2,631523,138228,138228,880,Round 2,2023-09-24,Dan Barmore,,Cold Hollow Disc Golf Course,Cold Hollow Long Layout,59,18,2,12:20:00,58,-1,944,118,True,False,18,58,True,True,True
68642,2023,MA1,2,631523,173058,173058,936,Round 2,2023-09-24,Brandon Allaire,950,Cold Hollow Disc Golf Course,Cold Hollow Long Layout,59,18,1,12:30:00,61,2,915,118,True,False,18,61,True,True,True
68642,2023,MA1,2,631523,240494,240494,921,Round 2,2023-09-24,Derrek Eckhardt,919,Cold Hollow Disc Golf Course,Cold Hollow Long Layout,59,18,2,12:30:00,61,2,915,118,True,False,18,61,True,True,True
68642,2023,MA1,2,631523,256485,256485,924,Round 2,2023-09-24,Christopher Keller,,Cold Hollow Disc Golf Course,Cold Hollow Long Layout,59,18,1,12:00:00,58,-1,944,119,True,False,18,58,True,True,True
68642,2023,MA1,2,631523,157645,157645,938,Round 2,2023-09-24,Evan Maynard,,Cold Hollow Disc Golf Course,Cold Hollow Long Layout,59,18,4,12:20:00,59,0,934,119,True,False,18,59,True,True,True
68642,2023,MA1,2,631523,251964,251964,889,Round 2,2023-09-24,Hans Kindstedt,938,Cold Hollow Disc Golf Course,Cold Hollow Long Layout,59,18,1,12:10:00,59,0,934,119,True,False,18,59,True,True,True
68642,2023,MA1,2,631523,147901,147901,930,Round 2,2023-09-24,Pete Strand,939,Cold Hollow Disc Golf Course,Cold Hollow Long Layout,59,18,3,12:20:00,60,1,924,120,True,False,18,60,True,True,True
68642,2023,MA1,2,631523,146710,146710,903,Round 2,2023-09-24,Nicholas Laurendeau,,Cold Hollow Disc Golf Course,Cold Hollow Long Layout,59,18,3,12:30:00,62,3,905,120,True,False,18,62,True,True,True
68642,2023,MA1,2,631523,218262,218262,885,Round 2,2023-09-24,Jerry Jackman,913,Cold Hollow Disc Golf Course,Cold Hollow Long Layout,59,18,1,11:50:00,58,-1,944,121,True,False,18,58,True,True,True
68642,2023,MA1,2,631523,73983,73983,920,Round 2,2023-09-24,Seth Crevison,922,Cold Hollow Disc Golf Course,Cold Hollow Long Layout,59,18,3,11:50:00,58,-1,944,122,True,False,18,58,True,True,True
68642,2023,MA1,2,631523,131201,131201,924,Round 2,2023-09-24,Tyler LaPerle,973,Cold Hollow Disc Golf Course,Cold Hollow Long Layout,59,18,1,12:20:00,62,3,905,122,True,False,18,62,True,True,True
68642,2023,MA1,2,631523,205492,205492,935,Round 2,2023-09-24,Hayden Laster,942,Cold Hollow Disc Golf Course,Cold Hollow Long Layout,59,18,4,12:10:00,63,4,896,124,True,False,18,63,True,True,True
68642,2023,MA1,2,631523,259548,259548,882,Round 2,2023-09-24,Oliver Marchildon,,Cold Hollow Disc Golf Course,Cold Hollow Long Layout,59,18,2,12:10:00,64,5,886,124,True,False,18,64,True,True,True
68642,2023,MA1,2,631523,138544,138544,864,Round 2,2023-09-24,Chaz Sheperd,924,Cold Hollow Disc Golf Course,Cold Hollow Long Layout,59,18,1,11:40:00,62,3,905,127,True,False,18,62,True,True,True
68642,2023,MA1,2,631523,174031,174031,894,Round 2,2023-09-24,Ian MacDonald,909,Cold Hollow Disc Golf Course,Cold Hollow Long Layout,59,18,4,11:50:00,63,4,896,127,True,False,18,63,True,True,True
68642,2023,MA1,2,631523,89829,89829,920,Round 2,2023-09-24,Garrett Washburn,923,Cold Hollow Disc Golf Course,Cold Hollow Long Layout,59,18,4,12:00:00,65,6,876,128,True,False,18,65,True,True,True
68642,2023,MA1,2,631523,150023,150023,869,Round 2,2023-09-24,Elijah Davis,,Cold Hollow Disc Golf Course,Cold Hollow Long Layout,59,18,3,12:10:00,67,8,857,128,True,False,18,67,True,True,True
68642,2023,MA1,2,631523,158783,158783,885,Round 2,2023-09-24,Joseph Humes,906,Cold Hollow Disc Golf Course,Cold Hollow Long Layout,59,18,1,11:20:00,59,0,934,129,True,False,18,59,True,True,True
68642,2023,MA1,2,631523,82340,82340,904,Round 2,2023-09-24,Justin Leonard,912,Cold Hollow Disc Golf Course,Cold Hollow Long Layout,59,18,1,11:30:00,62,3,905,129,True,False,18,62,True,True,True
68642,2023,MA1,2,631523,212570,212570,874,Round 2,2023-09-24,Derek Copping,874,Cold Hollow Disc Golf Course,Cold Hollow Long Layout,59,18,3,11:40:00,64,5,886,130,True,False,18,64,True,True,True
68642,2023,MA1,2,631523,242103,242103,852,Round 2,2023-09-24,Nathan Oxenfeld,895,Cold Hollow Disc Golf Course,Cold Hollow Long Layout,59,18,4,11:40:00,64,5,886,130,True,False,18,64,True,True,True
68642,2023,MA1,2,631523,185963,185963,877,Round 2,2023-09-24,Ross Dunham,,Cold Hollow Disc Golf Course,Cold Hollow Long Layout,59,18,3,11:30:00,63,4,896,131,True,False,18,63,True,True,True
68642,2023,MA1,2,631523,258938,258938,849,Round 2,2023-09-24,Brandon Kendall,,Cold Hollow Disc Golf Course,Cold Hollow Long Layout,59,18,2,11:30:00,66,7,867,133,True,False,18,66,True,True,True
68642,2023,MA1,2,631523,174646,174646,884,Round 2,2023-09-24,David Oppenheimer,,Cold Hollow Disc Golf Course,Cold Hollow Long Layout,59,18,2,11:40:00,72,13,809,138,True,False,18,72,True,True,True
68642,2023,MA1,2,631523,222597,222597,878,Round 2,2023-09-24,Jack McCarthy,,Cold Hollow Disc Golf Course,Cold Hollow Long Layout,59,18,2,11:50:00,75,16,780,138,True,False,18,75,True,True,True
68642,2023,MA1,2,631523,260639,260639,862,Round 2,2023-09-24,Schuyler MacDonald,,Cold Hollow Disc Golf Course,Cold Hollow Long Layout,59,18,3,11:20:00,68,9,848,143,True,False,18,68,True,True,True
68642,2023,MA1,2,631523,137408,137408,826,Round 2,2023-09-24,Aaron Gingras,,Cold Hollow Disc Golf Course,Cold Hollow Long Layout,59,18,2,11:20:00,72,13,809,143,True,False,18,72,True,True,True
68642,2023,MA2,1,631523,109604,109604,919,Round 1,2023-09-24,Jeremy Hulsey,914,Cold Hollow Disc Golf Course,Cold Hollow Long Layout,59,18,1,10:00:00,59,0,934,117,True,False,18,59,True,True,True
68642,2023,MA2,1,631523,159224,159224,907,Round 1,2023-09-24,Bryce McKim,,Cold Hollow Disc Golf Course,Cold Hollow Long Layout,59,18,2,10:00:00,59,0,934,123,True,False,18,59,True,True,True
68642,2023,MA2,1,631523,63896,63896,876,Round 1,2023-09-24,Ross King,899,Cold Hollow Disc Golf Course,Cold Hollow Long Layout,59,18,1,10:10:00,60,1,924,121,True,False,18,60,True,True,True
68642,2023,MA2,1,631523,219307,219307,875,Round 1,2023-09-24,Everett Secor,935,Cold Hollow Disc Golf Course,Cold Hollow Long Layout,59,18,4,10:00:00,60,1,924,122,True,False,18,60,True,True,True
68642,2023,MA2,1,631523,260064,260064,876,Round 1,2023-09-24,David Kucia,,Cold Hollow Disc Golf Course,Cold Hollow Long Layout,59,18,3,09:20:00,60,1,924,119,True,False,18,60,True,True,True
68642,2023,MA2,1,631523,137984,137984,871,Round 1,2023-09-24,Tristan Bryce,,Cold Hollow Disc Golf Course,Cold Hollow Long Layout,59,18,3,09:50:00,61,2,915,129,True,False,18,61,True,True,True
68642,2023,MA2,1,631523,169600,169600,862,Round 1,2023-09-24,Trevor Bryce,901,Cold Hollow Disc Golf Course,Cold Hollow Long Layout,59,18,1,09:20:00,61,2,915,120,True,False,18,61,True,True,True
68642,2023,MA2,1,631523,177018,177018,877,Round 1,2023-09-24,Brandon Bensel,882,Cold Hollow Disc Golf Course,Cold Hollow Long Layout,59,18,3,10:10:00,61,2,915,123,True,False,18,61,True,True,True
68642,2023,MA2,1,631523,189203,189203,878,Round 1,2023-09-24,Bobby Martino,911,Cold Hollow Disc Golf Course,Cold Hollow Long Layout,59,18,3,10:00:00,61,2,915,122,True,False,18,61,True,True,True
68642,2023,MA2,1,631523,221157,221157,876,Round 1,2023-09-24,Dylan Slick,915,Cold Hollow Disc Golf Course,Cold Hollow Long Layout,59,18,4,09:30:00,62,3,905,122,True,False,18,62,True,True,True
68642,2023,MA2,1,631523,246266,246266,914,Round 1,2023-09-24,Matthew Hayes,,Cold Hollow Disc Golf Course,Cold Hollow Long Layout,59,18,4,09:40:00,62,3,905,124,True,False,18,62,True,True,True
68642,2023,MA2,1,631523,163523,163523,857,Round 1,2023-09-24,Landon Desroches,866,Cold Hollow Disc Golf Course,Cold Hollow Long Layout,59,18,1,09:40:00,64,5,886,128,True,False,18,64,True,True,True
68642,2023,MA2,1,631523,210681,210681,895,Round 1,2023-09-24,Kyle Anderson Andresen,911,Cold Hollow Disc Golf Course,Cold Hollow Long Layout,59,18,2,09:50:00,64,5,886,126,True,False,18,64,True,True,True
68642,2023,MA2,1,631523,213171,213171,857,Round 1,2023-09-24,Matt Thornley,905,Cold Hollow Disc Golf Course,Cold Hollow Long Layout,59,18,1,09:30:00,64,5,886,124,True,False,18,64,True,True,True
68642,2023,MA2,1,631523,267616,267616,,Round 1,2023-09-24,Aleem Leach,,Cold Hollow Disc Golf Course,Cold Hollow Long Layout,59,18,3,09:30:00,64,5,886,132,True,False,18,64,True,True,True
68642,2023,MA2,1,631523,124203,124203,890,Round 1,2023-09-24,Ezra Koch,954,Cold Hollow Disc Golf Course,Cold Hollow Long Layout,59,18,2,10:10:00,65,6,876,129,True,False,18,65,True,True,True
68642,2023,MA2,1,631523,169891,169891,862,Round 1,2023-09-24,Justin Carleton,,Cold Hollow Disc Golf Course,Cold Hollow Long Layout,59,18,1,09:50:00,65,6,876,133,True,False,18,65,True,True,True
68642,2023,MA2,1,631523,220366,220366,863,Round 1,2023-09-24,Joe Talmadge,,Cold Hollow Disc Golf Course,Cold Hollow Long Layout,59,18,1,09:10:00,65,6,876,129,True,False,18,65,True,True,True
68642,2023,MA2,1,631523,254922,254922,880,Round 1,2023-09-24,Benjamin Taylor,890,Cold Hollow Disc Golf Course,Cold Hollow Long Layout,59,18,4,09:20:00,65,6,876,128,True,False,18,65,True,True,True
68642,2023,MA2,1,631523,212714,212714,858,Round 1,2023-09-24,Rocco Ceci,879,Cold Hollow Disc Golf Course,Cold Hollow Long Layout,59,18,2,09:40:00,67,8,857,130,True,False,18,67,True,True,True
68642,2023,MA2,1,631523,213224,213224,884,Round 1,2023-09-24,Justin Griswold,914,Cold Hollow Disc Golf Course,Cold Hollow Long Layout,59,18,2,09:10:00,67,8,857,133,True,False,18,67,True,True,True
68642,2023,MA2,1,631523,263444,263444,,Round 1,2023-09-24,Nate Horlick,,Cold Hollow Disc Golf Course,Cold Hollow Long Layout,59,18,2,09:30:00,67,8,857,131,True,False,18,67,True,True,True
68642,2023,MA2,1,631523,217924,217924,802,Round 1,2023-09-24,Adam Smith,,Cold Hollow Disc Golf Course,Cold Hollow Long Layout,59,18,2,09:20:00,69,10,838,136,True,False,18,69,True,True,True
68642,2023,MA2,1,631523,267728,267728,,Round 1,2023-09-24,David Quintana,,Cold Hollow Disc Golf Course,Cold Hollow Long Layout,59,18,4,09:10:00,69,10,838,142,True,False,18,69,True,True,True
68642,2023,MA2,1,631523,268441,268441,,Round 1,2023-09-24,Patrick Jeffries,918,Cold Hollow Disc Golf Course,Cold Hollow Long Layout,59,18,4,10:10:00,71,12,819,135,True,False,18,71,True,True,True
68642,2023,MA2,1,631523,239437,239437,755,Round 1,2023-09-24,Simon Bethune,830,Cold Hollow Disc Golf Course,Cold Hollow Long Layout,59,18,3,09:40:00,73,14,800,154,True,False,18,73,True,True,True
68642,2023,MA2,1,631523,256887,256887,787,Round 1,2023-09-24,Alex Gambero,812,Cold Hollow Disc Golf Course,Cold Hollow Long Layout,59,18,4,09:50:00,75,16,780,155,True,False,18,75,True,True,True
68642,2023,MA2,1,631523,261570,261570,776,Round 1,2023-09-24,John Beaudin,911,Cold Hollow Disc Golf Course,Cold Hollow Long Layout,59,18,3,09:10:00,76,17,771,144,True,False,18,76,True,True,True
68642,2023,MA2,2,631523,109604,109604,919,Round 2,2023-09-24,Jeremy Hulsey,914,Cold Hollow Disc Golf Course,Cold Hollow Long Layout,59,18,1,10:00:00,58,-1,944,117,True,False,18,58,True,True,True
68642,2023,MA2,2,631523,260064,260064,876,Round 2,2023-09-24,David Kucia,,Cold Hollow Disc Golf Course,Cold Hollow Long Layout,59,18,1,09:50:00,59,0,934,119,True,False,18,59,True,True,True
68642,2023,MA2,2,631523,169600,169600,862,Round 2,2023-09-24,Trevor Bryce,901,Cold Hollow Disc Golf Course,Cold Hollow Long Layout,59,18,3,09:50:00,59,0,934,120,True,False,18,59,True,True,True
68642,2023,MA2,2,631523,63896,63896,876,Round 2,2023-09-24,Ross King,899,Cold Hollow Disc Golf Course,Cold Hollow Long Layout,59,18,3,10:00:00,61,2,915,121,True,False,18,61,True,True,True
68642,2023,MA2,2,631523,221157,221157,876,Round 2,2023-09-24,Dylan Slick,915,Cold Hollow Disc Golf Course,Cold Hollow Long Layout,59,18,2,09:40:00,60,1,924,122,True,False,18,60,True,True,True
68642,2023,MA2,2,631523,189203,189203,878,Round 2,2023-09-24,Bobby Martino,911,Cold Hollow Disc Golf Course,Cold Hollow Long Layout,59,18,1,09:40:00,61,2,915,122,True,False,18,61,True,True,True
68642,2023,MA2,2,631523,219307,219307,875,Round 2,2023-09-24,Everett Secor,935,Cold Hollow Disc Golf Course,Cold Hollow Long Layout,59,18,4,10:00:00,62,3,905,122,True,False,18,62,True,True,True
68642,2023,MA2,2,631523,177018,177018,877,Round 2,2023-09-24,Brandon Bensel,882,Cold Hollow Disc Golf Course,Cold Hollow Long Layout,59,18,4,09:50:00,62,3,905,123,True,False,18,62,True,True,True
68642,2023,MA2,2,631523,159224,159224,907,Round 2,2023-09-24,Bryce McKim,,Cold Hollow Disc Golf Course,Cold Hollow Long Layout,59,18,2,10:00:00,64,5,886,123,True,False,18,64,True,True,True
68642,2023,MA2,2,631523,213171,213171,857,Round 2,2023-09-24,Matt Thornley,905,Cold Hollow Disc Golf Course,Cold Hollow Long Layout,59,18,2,09:30:00,60,1,924,124,True,False,18,60,True,True,True
68642,2023,MA2,2,631523,246266,246266,914,Round 2,2023-09-24,Matthew Hayes,,Cold Hollow Disc Golf Course,Cold Hollow Long Layout,59,18,3,09:40:00,62,3,905,124,True,False,18,62,True,True,True
68642,2023,MA2,2,631523,210681,210681,895,Round 2,2023-09-24,Kyle Anderson Andresen,911,Cold Hollow Disc Golf Course,Cold Hollow Long Layout,59,18,1,09:30:00,62,3,905,126,True,False,18,62,True,True,True
68642,2023,MA2,2,631523,254922,254922,880,Round 2,2023-09-24,Benjamin Taylor,890,Cold Hollow Disc Golf Course,Cold Hollow Long Layout,59,18,3,09:20:00,63,4,896,128,True,False,18,63,True,True,True
68642,2023,MA2,2,631523,163523,163523,857,Round 2,2023-09-24,Landon Desroches,866,Cold Hollow Disc Golf Course,Cold Hollow Long Layout,59,18,4,09:40:00,64,5,886,128,True,False,18,64,True,True,True
68642,2023,MA2,2,631523,124203,124203,890,Round 2,2023-09-24,Ezra Koch,954,Cold Hollow Disc Golf Course,Cold Hollow Long Layout,59,18,4,09:30:00,64,5,886,129,True,False,18,64,True,True,True
68642,2023,MA2,2,631523,220366,220366,863,Round 2,2023-09-24,Joe Talmadge,,Cold Hollow Disc Golf Course,Cold Hollow Long Layout,59,18,2,09:20:00,64,5,886,129,True,False,18,64,True,True,True
68642,2023,MA2,2,631523,137984,137984,871,Round 2,2023-09-24,Tristan Bryce,,Cold Hollow Disc Golf Course,Cold Hollow Long Layout,59,18,2,09:50:00,68,9,848,129,True,False,18,68,True,True,True
68642,2023,MA2,2,631523,212714,212714,858,Round 2,2023-09-24,Rocco Ceci,879,Cold Hollow Disc Golf Course,Cold Hollow Long Layout,59,18,4,09:20:00,63,4,896,130,True,False,18,63,True,True,True
68642,2023,MA2,2,631523,263444,263444,,Round 2,2023-09-24,Nate Horlick,,Cold Hollow Disc Golf Course,Cold Hollow Long Layout,59,18,2,09:10:00,64,5,886,131,True,False,18,64,True,True,True
68642,2023,MA2,2,631523,267616,267616,,Round 2,2023-09-24,Aleem Leach,,Cold Hollow Disc Golf Course,Cold Hollow Long Layout,59,18,3,09:30:00,68,9,848,132,True,False,18,68,True,True,True
68642,2023,MA2,2,631523,213224,213224,884,Round 2,2023-09-24,Justin Griswold,914,Cold Hollow Disc Golf Course,Cold Hollow Long Layout,59,18,1,09:10:00,66,7,867,133,True,False,18,66,True,True,True
68642,2023,MA2,2,631523,169891,169891,862,Round 2,2023-09-24,Justin Carleton,,Cold Hollow Disc Golf Course,Cold Hollow Long Layout,59,18,1,09:20:00,68,9,848,133,True,False,18,68,True,True,True
68642,2023,MA2,2,631523,268441,268441,,Round 2,2023-09-24,Patrick Jeffries,918,Cold Hollow Disc Golf Course,Cold Hollow Long Layout,59,18,1,09:00:00,64,5,886,135,True,False,18,64,True,True,True
68642,2023,MA2,2,631523,217924,217924,802,Round 2,2023-09-24,Adam Smith,,Cold Hollow Disc Golf Course,Cold Hollow Long Layout,59,18,3,09:10:00,67,8,857,136,True,False,18,67,True,True,True
68642,2023,MA2,2,631523,267728,267728,,Round 2,2023-09-24,David Quintana,,Cold Hollow Disc Golf Course,Cold Hollow Long Layout,59,18,4,09:10:00,73,14,800,142,True,False,18,73,True,True,True
68642,2023,MA2,2,631523,261570,261570,776,Round 2,2023-09-24,John Beaudin,911,Cold Hollow Disc Golf Course,Cold Hollow Long Layout,59,18,4,09:00:00,68,9,848,144,True,False,18,68,True,True,True
68642,2023,MA2,2,631523,239437,239437,755,Round 2,2023-09-24,Simon Bethune,830,Cold Hollow Disc Golf Course,Cold Hollow Long Layout,59,18,2,09:00:00,81,22,723,154,True,False,18,81,True,True,True
68642,2023,MA2,2,631523,256887,256887,787,Round 2,2023-09-24,Alex Gambero,812,Cold Hollow Disc Golf Course,Cold Hollow Long Layout,59,18,3,09:00:00,80,21,732,155,True,False,18,80,True,True,True
68642,2023,MA3,1,631524,258870,258870,858,Round 1,2023-09-24,Brad Vaughn,857,Cold Hollow Disc Golf Course,Cold Hollow Short Layout,59,18,1,08:20:00,53,-6,909,108,True,False,18,53,True,True,True
68642,2023,MA3,1,631524,216349,216349,869,Round 1,2023-09-24,Justin Bassett,879,Cold Hollow Disc Golf Course,Cold Hollow Short Layout,59,18,1,08:00:00,55,-4,884,109,True,False,18,55,True,True,True
68642,2023,MA3,1,631524,156256,156256,789,Round 1,2023-09-24,Colby Garrand,836,Cold Hollow Disc Golf Course,Cold Hollow Short Layout,59,18,1,07:50:00,57,-2,860,115,True,False,18,57,True,True,True
68642,2023,MA3,1,631524,155456,155456,814,Round 1,2023-09-24,David Noble,,Cold Hollow Disc Golf Course,Cold Hollow Short Layout,59,18,2,08:20:00,58,-1,847,118,True,False,18,58,True,True,True
68642,2023,MA3,1,631524,197481,197481,808,Round 1,2023-09-24,Jordan Townsend,,Cold Hollow Disc Golf Course,Cold Hollow Short Layout,59,18,2,08:10:00,58,-1,847,116,True,False,18,58,True,True,True
68642,2023,MA3,1,631524,239719,239719,848,Round 1,2023-09-24,Thane Griswold,820,Cold Hollow Disc Golf Course,Cold Hollow Short Layout,59,18,2,08:00:00,58,-1,847,113,True,False,18,58,True,True,True
68642,2023,MA3,1,631524,213562,213562,866,Round 1,2023-09-24,David Muise,,Cold Hollow Disc Golf Course,Cold Hollow Short Layout,59,18,1,08:10:00,60,1,823,113,True,False,18,60,True,True,True
68642,2023,MA3,1,631524,264339,264339,,Round 1,2023-09-24,Jamie Gagner,,Cold Hollow Disc Golf Course,Cold Hollow Short Layout,59,18,3,08:00:00,60,1,823,120,True,False,18,60,True,True,True
68642,2023,MA3,1,631524,266471,266471,,Round 1,2023-09-24,Scott Booker,,Cold Hollow Disc Golf Course,Cold Hollow Short Layout,59,18,4,08:20:00,60,1,823,119,True,False,18,60,True,True,True
68642,2023,MA3,1,631524,155933,155933,784,Round 1,2023-09-24,Mourning Fox,,Cold Hollow Disc Golf Course,Cold Hollow Short Layout,59,18,3,08:10:00,61,2,810,120,True,False,18,61,True,True,True
68642,2023,MA3,1,631524,218639,218639,827,Round 1,2023-09-24,Scott Cole,867,Cold Hollow Disc Golf Course,Cold Hollow Short Layout,59,18,4,08:00:00,61,2,810,125,True,False,18,61,True,True,True
68642,2023,MA3,1,631524,156066,156066,794,Round 1,2023-09-24,Roy Lancaster,834,Cold Hollow Disc Golf Course,Cold Hollow Short Layout,59,18,4,08:10:00,62,3,798,124,True,False,18,62,True,True,True
68642,2023,MA3,1,631524,148187,148187,845,Round 1,2023-09-24,Evan Miller,874,Cold Hollow Disc Golf Course,Cold Hollow Short Layout,59,18,3,08:20:00,64,5,773,120,True,False,18,64,True,True,True
68642,2023,MA3,1,631524,266886,266886,,Round 1,2023-09-24,Michael Nieman,,Cold Hollow Disc Golf Course,Cold Hollow Short Layout,59,18,2,07:50:00,64,5,773,126,True,False,18,64,True,True,True
68642,2023,MA3,1,631524,232475,232475,601,Round 1,2023-09-24,Robert Varese,,Cold Hollow Disc Golf Course,Cold Hollow Short Layout,59,18,3,07:50:00,66,7,749,134,True,False,18,66,True,True,True
68642,2023,MA3,2,631524,258870,258870,858,Round 2,2023-09-24,Brad Vaughn,857,Cold Hollow Disc Golf Course,Cold Hollow Short Layout,59,18,1,08:30:00,55,-4,884,108,True,False,18,55,True,True,True
68642,2023,MA3,2,631524,216349,216349,869,Round 2,2023-09-24,Justin Bassett,879,Cold Hollow Disc Golf Course,Cold Hollow Short Layout,59,18,2,08:30:00,54,-5,897,109,True,False,18,54,True,True,True
68642,2023,MA3,2,631524,213562,213562,866,Round 2,2023-09-24,David Muise,,Cold Hollow Disc Golf Course,Cold Hollow Short Layout,59,18,3,08:20:00,53,-6,909,113,True,False,18,53,True,True,True
68642,2023,MA3,2,631524,239719,239719,848,Round 2,2023-09-24,Thane Griswold,820,Cold Hollow Disc Golf Course,Cold Hollow Short Layout,59,18,2,08:20:00,55,-4,884,113,True,False,18,55,True,True,True
68642,2023,MA3,2,631524,156256,156256,789,Round 2,2023-09-24,Colby Garrand,836,Cold Hollow Disc Golf Course,Cold Hollow Short Layout,59,18,3,08:30:00,58,-1,847,115,True,False,18,58,True,True,True
68642,2023,MA3,2,631524,197481,197481,808,Round 2,2023-09-24,Jordan Townsend,,Cold Hollow Disc Golf Course,Cold Hollow Short Layout,59,18,1,08:20:00,58,-1,847,116,True,False,18,58,True,True,True
68642,2023,MA3,2,631524,155456,155456,814,Round 2,2023-09-24,David Noble,,Cold Hollow Disc Golf Course,Cold Hollow Short Layout,59,18,4,08:30:00,60,1,823,118,True,False,18,60,True,True,True
68642,2023,MA3,2,631524,266471,266471,,Round 2,2023-09-24,Scott Booker,,Cold Hollow Disc Golf Course,Cold Hollow Short Layout,59,18,1,08:10:00,59,0,835,119,True,False,18,59,True,True,True
68642,2023,MA3,2,631524,148187,148187,845,Round 2,2023-09-24,Evan Miller,874,Cold Hollow Disc Golf Course,Cold Hollow Short Layout,59,18,1,08:00:00,56,-3,872,120,True,False,18,56,True,True,True
68642,2023,MA3,2,631524,155933,155933,784,Round 2,2023-09-24,Mourning Fox,,Cold Hollow Disc Golf Course,Cold Hollow Short Layout,59,18,2,08:10:00,59,0,835,120,True,False,18,59,True,True,True
68642,2023,MA3,2,631524,264339,264339,,Round 2,2023-09-24,Jamie Gagner,,Cold Hollow Disc Golf Course,Cold Hollow Short Layout,59,18,4,08:20:00,60,1,823,120,True,False,18,60,True,True,True
68642,2023,MA3,2,631524,156066,156066,794,Round 2,2023-09-24,Roy Lancaster,834,Cold Hollow Disc Golf Course,Cold Hollow Short Layout,59,18,4,08:10:00,62,3,798,124,True,False,18,62,True,True,True
68642,2023,MA3,2,631524,218639,218639,827,Round 2,2023-09-24,Scott Cole,867,Cold Hollow Disc Golf Course,Cold Hollow Short Layout,59,18,3,08:10:00,64,5,773,125,True,False,18,64,True,True,True
68642,2023,MA3,2,631524,266886,266886,,Round 2,2023-09-24,Michael Nieman,,Cold Hollow Disc Golf Course,Cold Hollow Short Layout,59,18,2,08:00:00,62,3,798,126,True,False,18,62,True,True,True
68642,2023,MA3,2,631524,232475,232475,601,Round 2,2023-09-24,Robert Varese,,Cold Hollow Disc Golf Course,Cold Hollow Short Layout,59,18,3,08:00:00,68,9,724,134,True,False,18,68,True,True,True
68642,2023,MA40,1,631523,147904,147904,875,Round 1,2023-09-24,John Williams,890,Cold Hollow Disc Golf Course,Cold Hollow Long Layout,59,18,3,10:50:00,61,2,915,119,True,False,18,61,True,True,True
68642,2023,MA40,1,631523,73588,73588,876,Round 1,2023-09-24,Will Cleland,910,Cold Hollow Disc Golf Course,Cold Hollow Long Layout,59,18,2,11:00:00,63,4,896,127,True,False,18,63,True,True,True
68642,2023,MA40,1,631523,146414,146414,901,Round 1,2023-09-24,Mathieu Leduc Gosselin,916,Cold Hollow Disc Golf Course,Cold Hollow Long Layout,59,18,3,11:00:00,63,4,896,125,True,False,18,63,True,True,True
68642,2023,MA40,1,631523,221629,221629,839,Round 1,2023-09-24,Justin Morgan,858,Cold Hollow Disc Golf Course,Cold Hollow Long Layout,59,18,1,11:00:00,66,7,867,133,True,False,18,66,True,True,True
68642,2023,MA40,1,631523,229229,229229,842,Round 1,2023-09-24,Daren Austin,,Cold Hollow Disc Golf Course,Cold Hollow Long Layout,59,18,4,11:10:00,66,7,867,128,True,False,18,66,True,True,True
68642,2023,MA40,1,631523,84935,84935,889,Round 1,2023-09-24,Droo Fisher,866,Cold Hollow Disc Golf Course,Cold Hollow Long Layout,59,18,4,10:50:00,68,9,848,130,True,False,18,68,True,True,True
68642,2023,MA40,1,631523,145666,145666,856,Round 1,2023-09-24,Wesley Pollock,,Cold Hollow Disc Golf Course,Cold Hollow Long Layout,59,18,1,11:10:00,68,9,848,137,True,False,18,68,True,True,True
68642,2023,MA40,1,631523,161644,161644,801,Round 1,2023-09-24,Garrett Sargent,818,Cold Hollow Disc Golf Course,Cold Hollow Long Layout,59,18,3,11:10:00,71,12,819,140,True,False,18,71,True,True,True
68642,2023,MA40,1,631523,267005,267005,,Round 1,2023-09-24,Robert Cole,,Cold Hollow Disc Golf Course,Cold Hollow Long Layout,59,18,4,11:00:00,71,12,819,141,True,False,18,71,True,True,True
68642,2023,MA40,1,631523,159285,159285,750,Round 1,2023-09-24,Todd Lewis,,Cold Hollow Disc Golf Course,Cold Hollow Long Layout,59,18,2,11:10:00,79,20,742,160,True,False,18,79,True,True,True
68642,2023,MA40,2,631523,147904,147904,875,Round 2,2023-09-24,John Williams,890,Cold Hollow Disc Golf Course,Cold Hollow Long Layout,59,18,1,11:10:00,58,-1,944,119,True,False,18,58,True,True,True
68642,2023,MA40,2,631523,146414,146414,901,Round 2,2023-09-24,Mathieu Leduc Gosselin,916,Cold Hollow Disc Golf Course,Cold Hollow Long Layout,59,18,3,11:10:00,62,3,905,125,True,False,18,62,True,True,True
68642,2023,MA40,2,631523,73588,73588,876,Round 2,2023-09-24,Will Cleland,910,Cold Hollow Disc Golf Course,Cold Hollow Long Layout,59,18,2,11:10:00,64,5,886,127,True,False,18,64,True,True,True
68642,2023,MA40,2,631523,229229,229229,842,Round 2,2023-09-24,Daren Austin,,Cold Hollow Disc Golf Course,Cold Hollow Long Layout,59,18,1,11:00:00,62,3,905,128,True,False,18,62,True,True,True
68642,2023,MA40,2,631523,84935,84935,889,Round 2,2023-09-24,Droo Fisher,866,Cold Hollow Disc Golf Course,Cold Hollow Long Layout,59,18,2,11:00:00,62,3,905,130,True,False,18,62,True,True,True
68642,2023,MA40,2,631523,221629,221629,839,Round 2,2023-09-24,Justin Morgan,858,Cold Hollow Disc Golf Course,Cold Hollow Long Layout,59,18,4,11:10:00,67,8,857,133,True,False,18,67,True,True,True
68642,2023,MA40,2,631523,145666,145666,856,Round 2,2023-09-24,Wesley Pollock,,Cold Hollow Disc Golf Course,Cold Hollow Long Layout,59,18,3,11:00:00,69,10,838,137,True,False,18,69,True,True,True
68642,2023,MA40,2,631523,161644,161644,801,Round 2,2023-09-24,Garrett Sargent,818,Cold Hollow Disc Golf Course,Cold Hollow Long Layout,59,18,1,10:50:00,69,10,838,140,True,False,18,69,True,True,True
68642,2023,MA40,2,631523,267005,267005,,Round 2,2023-09-24,Robert Cole,,Cold Hollow Disc Golf Course,Cold Hollow Long Layout,59,18,2,10:50:00,70,11,828,141,True,False,18,70,True,True,True
68642,2023,MA40,2,631523,159285,159285,750,Round 2,2023-09-24,Todd Lewis,,Cold Hollow Disc Golf Course,Cold Hollow Long Layout,59,18,3,10:50:00,81,22,723,160,True,False,18,81,True,True,True
68642,2023,MA50,1,631523,157577,157577,898,Round 1,2023-09-24,Ian Butman,901,Cold Hollow Disc Golf Course,Cold Hollow Long Layout,59,18,3,10:40:00,60,1,924,121,True,False,18,60,True,True,True
68642,2023,MA50,1,631523,91301,91301,892,Round 1,2023-09-24,Michael A. Stridsberg,898,Cold Hollow Disc Golf Course,Cold Hollow Long Layout,59,18,1,10:50:00,62,3,905,127,True,False,18,62,True,True,True
68642,2023,MA50,1,631523,202875,202875,879,Round 1,2023-09-24,Thomas Limanek,911,Cold Hollow Disc Golf Course,Cold Hollow Long Layout,59,18,4,10:40:00,62,3,905,126,True,False,18,62,True,True,True
68642,2023,MA50,1,631523,74288,74288,884,Round 1,2023-09-24,Gregg Guillily,889,Cold Hollow Disc Golf Course,Cold Hollow Long Layout,59,18,1,10:30:00,64,5,886,131,True,False,18,64,True,True,True
68642,2023,MA50,1,631523,154887,154887,917,Round 1,2023-09-24,Brian Hunter,941,Cold Hollow Disc Golf Course,Cold Hollow Long Layout,59,18,2,10:50:00,65,6,876,126,True,False,18,65,True,True,True
68642,2023,MA50,1,631523,251178,251178,860,Round 1,2023-09-24,Dan Rico,876,Cold Hollow Disc Golf Course,Cold Hollow Long Layout,59,18,4,10:30:00,66,7,867,127,True,False,18,66,True,True,True
68642,2023,MA50,1,631523,130713,130713,869,Round 1,2023-09-24,Ian Martin,902,Cold Hollow Disc Golf Course,Cold Hollow Long Layout,59,18,1,10:40:00,67,8,857,131,True,False,18,67,True,True,True
68642,2023,MA50,1,631523,139113,139113,881,Round 1,2023-09-24,Norman Wedge,859,Cold Hollow Disc Golf Course,Cold Hollow Long Layout,59,18,2,10:40:00,70,11,828,134,True,False,18,70,True,True,True
68642,2023,MA50,1,631523,215620,215620,858,Round 1,2023-09-24,Ty Paulding,806,Cold Hollow Disc Golf Course,Cold Hollow Long Layout,59,18,2,10:30:00,71,12,819,135,True,False,18,71,True,True,True
68642,2023,MA50,1,631523,246281,246281,797,Round 1,2023-09-24,Christopher Ryan,805,Cold Hollow Disc Golf Course,Cold Hollow Long Layout,59,18,3,10:30:00,77,18,761,150,True,False,18,77,True,True,True
68642,2023,MA50,2,631523,157577,157577,898,Round 2,2023-09-24,Ian Butman,901,Cold Hollow Disc Golf Course,Cold Hollow Long Layout,59,18,1,10:40:00,61,2,915,121,True,False,18,61,True,True,True
68642,2023,MA50,2,631523,154887,154887,917,Round 2,2023-09-24,Brian Hunter,941,Cold Hollow Disc Golf Course,Cold Hollow Long Layout,59,18,1,10:30:00,61,2,915,126,True,False,18,61,True,True,True
68642,2023,MA50,2,631523,202875,202875,879,Round 2,2023-09-24,Thomas Limanek,911,Cold Hollow Disc Golf Course,Cold Hollow Long Layout,59,18,3,10:40:00,64,5,886,126,True,False,18,64,True,True,True
68642,2023,MA50,2,631523,251178,251178,860,Round 2,2023-09-24,Dan Rico,876,Cold Hollow Disc Golf Course,Cold Hollow Long Layout,59,18,2,10:30:00,61,2,915,127,True,False,18,61,True,True,True
68642,2023,MA50,2,631523,91301,91301,892,Round 2,2023-09-24,Michael A. Stridsberg,898,Cold Hollow Disc Golf Course,Cold Hollow Long Layout,59,18,2,10:40:00,65,6,876,127,True,False,18,65,True,True,True
68642,2023,MA50,2,631523,130713,130713,869,Round 2,2023-09-24,Ian Martin,902,Cold Hollow Disc Golf Course,Cold Hollow Long Layout,59,18,3,10:30:00,64,5,886,131,True,False,18,64,True,True,True
68642,2023,MA50,2,631523,74288,74288,884,Round 2,2023-09-24,Gregg Guillily,889,Cold Hollow Disc Golf Course,Cold Hollow Long Layout,59,18,4,10:40:00,67,8,857,131,True,False,18,67,True,True,True
68642,2023,MA50,2,631523,139113,139113,881,Round 2,2023-09-24,Norman Wedge,859,Cold Hollow Disc Golf Course,Cold Hollow Long Layout,59,18,1,10:20:00,64,5,886,134,True,False,18,64,True,True,True
68642,2023,MA50,2,631523,215620,215620,858,Round 2,2023-09-24,Ty Paulding,806,Cold Hollow Disc Golf Course,Cold Hollow Long Layout,59,18,2,10:20:00,64,5,886,135,True,False,18,64,True,True,True
68642,2023,MA50,2,631523,246281,246281,797,Round 2,2023-09-24,Christopher Ryan,805,Cold Hollow Disc Golf Course,Cold Hollow Long Layout,59,18,3,10:20:00,73,14,800,150,True,False,18,73,True,True,True
68642,2023,MA60,1,631523,74478,74478,862,Round 1,2023-09-24,John Sudarsky,845,Cold Hollow Disc Golf Course,Cold Hollow Long Layout,59,18,1,10:20:00,64,5,886,131,True,False,18,64,True,True,True
68642,2023,MA60,1,631523,131352,131352,792,Round 1,2023-09-24,David Havens,816,Cold Hollow Disc Golf Course,Cold Hollow Long Layout,59,18,3,10:20:00,71,12,819,143,True,False,18,71,True,True,True
68642,2023,MA60,1,631523,124175,124175,771,Round 1,2023-09-24,Fred Kopitzke,775,Cold Hollow Disc Golf Course,Cold Hollow Long Layout,59,18,2,10:20:00,75,16,780,147,True,False,18,75,True,True,True
68642,2023,MA60,1,631523,195353,195353,740,Round 1,2023-09-24,Jerome Mendicino,730,Cold Hollow Disc Golf Course,Cold Hollow Long Layout,59,18,4,10:20:00,86,27,675,160,True,False,18,86,True,True,True
68642,2023,MA60,2,631523,74478,74478,862,Round 2,2023-09-24,John Sudarsky,845,Cold Hollow Disc Golf Course,Cold Hollow Long Layout,59,18,1,10:10:00,67,8,857,131,True,False,18,67,True,True,True
68642,2023,MA60,2,631523,131352,131352,792,Round 2,2023-09-24,David Havens,816,Cold Hollow Disc Golf Course,Cold Hollow Long Layout,59,18,2,10:10:00,72,13,809,143,True,False,18,72,True,True,True
68642,2023,MA60,2,631523,124175,124175,771,Round 2,2023-09-24,Fred Kopitzke,775,Cold Hollow Disc Golf Course,Cold Hollow Long Layout,59,18,3,10:10:00,72,13,809,147,True,False,18,72,True,True,True
68642,2023,MA60,2,631523,195353,195353,740,Round 2,2023-09-24,Jerome Mendicino,730,Cold Hollow Disc Golf Course,Cold Hollow Long Layout,59,18,4,10:10:00,74,15,790,160,True,False,18,74,True,True,True
68642,2023,MJ12,1,631524,228201,228201,787,Round 1,2023-09-24,Waylon Spring,883,Cold Hollow Disc Golf Course,Cold Hollow Short Layout,59,18,3,07:40:00,57,-2,860,117,True,False,18,57,True,True,True
68642,2023,MJ12,1,631524,198195,198195,774,Round 1,2023-09-24,Oscar Cole,,Cold Hollow Disc Golf Course,Cold Hollow Short Layout,59,18,1,07:40:00,65,6,761,128,True,False,18,65,True,True,True
68642,2023,MJ12,1,631524,198198,198198,695,Round 1,2023-09-24,Walden Cole,,Cold Hollow Disc Golf Course,Cold Hollow Short Layout,59,18,2,07:40:00,67,8,736,136,True,False,18,67,True,True,True
68642,2023,MJ12,1,631524,261284,261284,759,Round 1,2023-09-24,Blake Martino,916,Cold Hollow Disc Golf Course,Cold Hollow Short Layout,59,18,4,07:40:00,71,12,687,133,True,False,18,71,True,True,True
68642,2023,MJ12,2,631524,228201,228201,787,Round 2,2023-09-24,Waylon Spring,883,Cold Hollow Disc Golf Course,Cold Hollow Short Layout,59,18,1,07:30:00,60,1,823,117,True,False,18,60,True,True,True
68642,2023,MJ12,2,631524,198195,198195,774,Round 2,2023-09-24,Oscar Cole,,Cold Hollow Disc Golf Course,Cold Hollow Short Layout,59,18,2,07:30:00,63,4,786,128,True,False,18,63,True,True,True
68642,2023,MJ12,2,631524,261284,261284,759,Round 2,2023-09-24,Blake Martino,916,Cold Hollow Disc Golf Course,Cold Hollow Short Layout,59,18,4,07:30:00,62,3,798,133,True,False,18,62,True,True,True
68642,2023,MJ12,2,631524,198198,198198,695,Round 2,2023-09-24,Walden Cole,,Cold Hollow Disc Golf Course,Cold Hollow Short Layout,59,18,3,07:30:00,69,10,711,136,True,False,18,69,True,True,True
68642,2023,MP40,1,631523,24381,24381,944,Round 1,2023-09-24,Chris Young,937,Cold Hollow Disc Golf Course,Cold Hollow Long Layout,59,18,3,13:30:00,57,-2,953,113,True,False,18,57,True,True,True
68642,2023,MP40,1,631523,93414,93414,949,Round 1,2023-09-24,Joshua Lemieux,961,Cold Hollow Disc Golf Course,Cold Hollow Long Layout,59,18,1,13:10:00,58,-1,944,118,True,False,18,58,True,True,True
68642,2023,MP40,1,631523,120378,120378,942,Round 1,2023-09-24,Drew McDowell,952,Cold Hollow Disc Golf Course,Cold Hollow Long Layout,59,18,1,13:00:00,58,-1,944,119,True,False,18,58,True,True,True
68642,2023,MP40,1,631523,122088,122088,954,Round 1,2023-09-24,Stephane Cromp,,Cold Hollow Disc Golf Course,Cold Hollow Long Layout,59,18,2,13:00:00,58,-1,944,115,True,False,18,58,True,True,True
68642,2023,MP40,1,631523,166239,166239,932,Round 1,2023-09-24,Tom Raub,958,Cold Hollow Disc Golf Course,Cold Hollow Long Layout,59,18,2,12:50:00,59,0,934,117,True,False,18,59,True,True,True
68642,2023,MP40,1,631523,178064,178064,922,Round 1,2023-09-24,Peter Walke,,Cold Hollow Disc Golf Course,Cold Hollow Long Layout,59,18,4,13:10:00,59,0,934,118,True,False,18,59,True,True,True
68642,2023,MP40,1,631523,22318,22318,965,Round 1,2023-09-24,Aaron Smartt,965,Cold Hollow Disc Golf Course,Cold Hollow Long Layout,59,18,2,13:30:00,60,1,924,114,True,False,18,60,True,True,True
68642,2023,MP40,1,631523,53179,53179,922,Round 1,2023-09-24,Shawn Mercy,920,Cold Hollow Disc Golf Course,Cold Hollow Long Layout,59,18,3,13:20:00,60,1,924,116,True,False,18,60,True,True,True
68642,2023,MP40,1,631523,97356,97356,922,Round 1,2023-09-24,Jason Guild,934,Cold Hollow Disc Golf Course,Cold Hollow Long Layout,59,18,2,13:10:00,60,1,924,125,True,False,18,60,True,True,True
68642,2023,MP40,1,631523,49282,49282,915,Round 1,2023-09-24,Justin DeVico,931,Cold Hollow Disc Golf Course,Cold Hollow Long Layout,59,18,1,12:50:00,61,2,915,124,True,False,18,61,True,True,True
68642,2023,MP40,1,631523,94273,94273,866,Round 1,2023-09-24,Marques Pozzani,863,Cold Hollow Disc Golf Course,Cold Hollow Long Layout,59,18,3,13:10:00,61,2,915,125,True,False,18,61,True,True,True
68642,2023,MP40,1,631523,189489,189489,946,Round 1,2023-09-24,Joshua Niss,937,Cold Hollow Disc Golf Course,Cold Hollow Long Layout,59,18,4,13:30:00,61,2,915,120,True,False,18,61,True,True,True
68642,2023,MP40,1,631523,83198,83198,884,Round 1,2023-09-24,Alan Gofberg,869,Cold Hollow Disc Golf Course,Cold Hollow Long Layout,59,18,4,13:20:00,63,4,896,126,True,False,18,63,True,True,True
68642,2023,MP40,1,631523,99260,99260,873,Round 1,2023-09-24,Matthew Martell,880,Cold Hollow Disc Golf Course,Cold Hollow Long Layout,59,18,1,13:20:00,64,5,886,126,True,False,18,64,True,True,True
68642,2023,MP40,1,631523,105872,105872,920,Round 1,2023-09-24,Hugo Lefebvre,927,Cold Hollow Disc Golf Course,Cold Hollow Long Layout,59,18,3,12:50:00,64,5,886,123,True,False,18,64,True,True,True
68642,2023,MP40,1,631523,138402,138402,879,Round 1,2023-09-24,Kenneth Antonich,,Cold Hollow Disc Golf Course,Cold Hollow Long Layout,59,18,3,13:00:00,69,10,838,,True,False,18,69,True,True,True
68642,2023,MP40,1,631523,83212,83212,893,Round 1,2023-09-24,Cory Barron,885,Cold Hollow Disc Golf Course,Cold Hollow Long Layout,59,18,1,13:30:00,70,11,828,134,True,False,18,70,True,True,True
68642,2023,MP40,1,631523,93062,93062,849,Round 1,2023-09-24,Tom Slimm,,Cold Hollow Disc Golf Course,Cold Hollow Long Layout,59,18,2,13:20:00,76,17,771,,True,False,18,76,True,True,True
68642,2023,MP40,2,631523,24381,24381,944,Round 2,2023-09-24,Chris Young,937,Cold Hollow Disc Golf Course,Cold Hollow Long Layout,59,18,1,13:30:00,56,-3,963,113,True,False,18,56,True,True,True
68642,2023,MP40,2,631523,22318,22318,965,Round 2,2023-09-24,Aaron Smartt,965,Cold Hollow Disc Golf Course,Cold Hollow Long Layout,59,18,3,13:20:00,54,-5,982,114,True,False,18,54,True,True,True
68642,2023,MP40,2,631523,122088,122088,954,Round 2,2023-09-24,Stephane Cromp,,Cold Hollow Disc Golf Course,Cold Hollow Long Layout,59,18,4,13:30:00,57,-2,953,115,True,False,18,57,True,True,True
68642,2023,MP40,2,631523,53179,53179,922,Round 2,2023-09-24,Shawn Mercy,920,Cold Hollow Disc Golf Course,Cold Hollow Long Layout,59,18,4,13:20:00,56,-3,963,116,True,False,18,56,True,True,True
68642,2023,MP40,2,631523,166239,166239,932,Round 2,2023-09-24,Tom Raub,958,Cold Hollow Disc Golf Course,Cold Hollow Long Layout,59,18,1,13:20:00,58,-1,944,117,True,False,18,58,True,True,True
68642,2023,MP40,2,631523,178064,178064,922,Round 2,2023-09-24,Peter Walke,,Cold Hollow Disc Golf Course,Cold Hollow Long Layout,59,18,2,13:20:00,59,0,934,118,True,False,18,59,True,True,True
68642,2023,MP40,2,631523,93414,93414,949,Round 2,2023-09-24,Joshua Lemieux,961,Cold Hollow Disc Golf Course,Cold Hollow Long Layout,59,18,2,13:30:00,60,1,924,118,True,False,18,60,True,True,True
68642,2023,MP40,2,631523,120378,120378,942,Round 2,2023-09-24,Drew McDowell,952,Cold Hollow Disc Golf Course,Cold Hollow Long Layout,59,18,3,13:30:00,61,2,915,119,True,False,18,61,True,True,True
68642,2023,MP40,2,631523,189489,189489,946,Round 2,2023-09-24,Joshua Niss,937,Cold Hollow Disc Golf Course,Cold Hollow Long Layout,59,18,4,13:10:00,59,0,934,120,True,False,18,59,True,True,True
68642,2023,MP40,2,631523,105872,105872,920,Round 2,2023-09-24,Hugo Lefebvre,927,Cold Hollow Disc Golf Course,Cold Hollow Long Layout,59,18,3,13:00:00,59,0,934,123,True,False,18,59,True,True,True
68642,2023,MP40,2,631523,49282,49282,915,Round 2,2023-09-24,Justin DeVico,931,Cold Hollow Disc Golf Course,Cold Hollow Long Layout,59,18,2,13:10:00,63,4,896,124,True,False,18,63,True,True,True
68642,2023,MP40,2,631523,94273,94273,866,Round 2,2023-09-24,Marques Pozzani,863,Cold Hollow Disc Golf Course,Cold Hollow Long Layout,59,18,3,13:10:00,64,5,886,125,True,False,18,64,True,True,True
68642,2023,MP40,2,631523,97356,97356,922,Round 2,2023-09-24,Jason Guild,934,Cold Hollow Disc Golf Course,Cold Hollow Long Layout,59,18,1,13:10:00,65,6,876,125,True,False,18,65,True,True,True
68642,2023,MP40,2,631523,99260,99260,873,Round 2,2023-09-24,Matthew Martell,880,Cold Hollow Disc Golf Course,Cold Hollow Long Layout,59,18,2,13:00:00,62,3,905,126,True,False,18,62,True,True,True
68642,2023,MP40,2,631523,83198,83198,884,Round 2,2023-09-24,Alan Gofberg,869,Cold Hollow Disc Golf Course,Cold Hollow Long Layout,59,18,1,13:00:00,63,4,896,126,True,False,18,63,True,True,True
68642,2023,MP40,2,631523,83212,83212,893,Round 2,2023-09-24,Cory Barron,885,Cold Hollow Disc Golf Course,Cold Hollow Long Layout,59,18,4,12:50:00,64,5,886,134,True,False,18,64,True,True,True
68642,2023,MP40,2,631523,138402,138402,879,Round 2,2023-09-24,Kenneth Antonich,,Cold Hollow Disc Golf Course,Cold Hollow Long Layout,59,18,1,12:50:00,,,,,True,True,0,,False,False,False
68642,2023,MP40,2,631523,93062,93062,849,Round 2,2023-09-24,Tom Slimm,,Cold Hollow Disc Golf Course,Cold Hollow Long Layout,59,18,3,12:50:00,,,,,True,True,0,,False,False,False
68642,2023,MP50,1,631523,84880,84880,918,Round 1,2023-09-24,Marcos Miller,,Cold Hollow Disc Golf Course,Cold Hollow Long Layout,59,18,2,12:40:00,60,1,924,124,True,False,18,60,True,True,True
68642,2023,MP50,1,631523,223480,223480,846,Round 1,2023-09-24,Marc Kirkpatrick,879,Cold Hollow Disc Golf Course,Cold Hollow Long Layout,59,18,4,12:40:00,62,3,905,129,True,False,18,62,True,True,True
68642,2023,MP50,1,631523,125921,125921,890,Round 1,2023-09-24,Christopher Conk,905,Cold Hollow Disc Golf Course,Cold Hollow Long Layout,59,18,3,12:40:00,64,5,886,125,True,False,18,64,True,True,True
68642,2023,MP50,1,631523,63076,63076,906,Round 1,2023-09-24,James Schubert,907,Cold Hollow Disc Golf Course,Cold Hollow Long Layout,59,18,1,12:40:00,66,7,867,127,True,False,18,66,True,True,True
68642,2023,MP50,2,631523,84880,84880,918,Round 2,2023-09-24,Marcos Miller,,Cold Hollow Disc Golf Course,Cold Hollow Long Layout,59,18,1,12:40:00,64,5,886,124,True,False,18,64,True,True,True
68642,2023,MP50,2,631523,125921,125921,890,Round 2,2023-09-24,Christopher Conk,905,Cold Hollow Disc Golf Course,Cold Hollow Long Layout,59,18,3,12:40:00,61,2,915,125,True,False,18,61,True,True,True
68642,2023,MP50,2,631523,63076,63076,906,Round 2,2023-09-24,James Schubert,907,Cold Hollow Disc Golf Course,Cold Hollow Long Layout,59,18,4,12:40:00,61,2,915,127,True,False,18,61,True,True,True
68642,2023,MP50,2,631523,223480,223480,846,Round 2,2023-09-24,Marc Kirkpatrick,879,Cold Hollow Disc Golf Course,Cold Hollow Long Layout,59,18,2,12:40:00,67,8,857,129,True,False,18,67,True,True,True
68642,2023,MPO,1,631523,31562,31562,943,Round 1,2023-09-24,Jonathan Betts,948,Cold Hollow Disc Golf Course,Cold Hollow Long Layout,59,18,4,14:20:00,52,-7,1001,109,True,False,18,52,True,True,True
68642,2023,MPO,1,631523,69888,69888,961,Round 1,2023-09-24,Evan Shper,971,Cold Hollow Disc Golf Course,Cold Hollow Long Layout,59,18,2,15:00:00,53,-6,992,110,True,False,18,53,True,True,True
68642,2023,MPO,1,631523,103627,103627,973,Round 1,2023-09-24,Clayton Davis,,Cold Hollow Disc Golf Course,Cold Hollow Long Layout,59,18,1,14:40:00,54,-5,982,108,True,False,18,54,True,True,True
68642,2023,MPO,1,631523,75027,75027,968,Round 1,2023-09-24,Raivis Markons-Craig,965,Cold Hollow Disc Golf Course,Cold Hollow Long Layout,59,18,1,15:00:00,55,-4,972,111,True,False,18,55,True,True,True
68642,2023,MPO,1,631523,100885,100885,953,Round 1,2023-09-24,Jacob Moore,945,Cold Hollow Disc Golf Course,Cold Hollow Long Layout,59,18,3,15:10:00,55,-4,972,107,True,False,18,55,True,True,True
68642,2023,MPO,1,631523,142744,142744,965,Round 1,2023-09-24,Abel German,974,Cold Hollow Disc Golf Course,Cold Hollow Long Layout,59,18,4,14:50:00,55,-4,972,109,True,False,18,55,True,True,True
68642,2023,MPO,1,631523,176338,176338,962,Round 1,2023-09-24,Eric Vitoff,925,Cold Hollow Disc Golf Course,Cold Hollow Long Layout,59,18,1,14:10:00,55,-4,972,111,True,False,18,55,True,True,True
68642,2023,MPO,1,631523,181649,181649,983,Round 1,2023-09-24,Hubert Vachon,996,Cold Hollow Disc Golf Course,Cold Hollow Long Layout,59,18,2,14:50:00,55,-4,972,112,True,False,18,55,True,True,True
68642,2023,MPO,1,631523,241573,241573,968,Round 1,2023-09-24,Whit Stephenson,998,Cold Hollow Disc Golf Course,Cold Hollow Long Layout,59,18,3,14:00:00,55,-4,972,109,True,False,18,55,True,True,True
68642,2023,MPO,1,631523,125328,125328,934,Round 1,2023-09-24,Dana Carpenter,,Cold Hollow Disc Golf Course,Cold Hollow Long Layout,59,18,3,14:50:00,56,-3,963,113,True,False,18,56,True,True,True
68642,2023,MPO,1,631523,140098,140098,966,Round 1,2023-09-24,Angus Barstow,980,Cold Hollow Disc Golf Course,Cold Hollow Long Layout,59,18,4,15:00:00,56,-3,963,110,True,False,18,56,True,True,True
68642,2023,MPO,1,631523,128180,128180,976,Round 1,2023-09-24,Andrew Cochran,1003,Cold Hollow Disc Golf Course,Cold Hollow Long Layout,59,18,3,15:00:00,57,-2,953,112,True,False,18,57,True,True,True
68642,2023,MPO,1,631523,187845,187845,930,Round 1,2023-09-24,Shane Seals,962,Cold Hollow Disc Golf Course,Cold Hollow Long Layout,59,18,3,14:10:00,57,-2,953,111,True,False,18,57,True,True,True
68642,2023,MPO,1,631523,74240,74240,981,Round 1,2023-09-24,Christopher Martin,962,Cold Hollow Disc Golf Course,Cold Hollow Long Layout,59,18,3,14:20:00,58,-1,944,118,True,False,18,58,True,True,True
68642,2023,MPO,1,631523,102250,102250,941,Round 1,2023-09-24,Zackary Parik,,Cold Hollow Disc Golf Course,Cold Hollow Long Layout,59,18,1,14:20:00,58,-1,944,118,True,False,18,58,True,True,True
68642,2023,MPO,1,631523,118928,118928,954,Round 1,2023-09-24,Tyler Pomichter,926,Cold Hollow Disc Golf Course,Cold Hollow Long Layout,59,18,4,14:40:00,58,-1,944,117,True,False,18,58,True,True,True
68642,2023,MPO,1,631523,164118,164118,907,Round 1,2023-09-24,Fred Longchamp,945,Cold Hollow Disc Golf Course,Cold Hollow Long Layout,59,18,4,15:20:00,58,-1,944,116,True,False,18,58,True,True,True
68642,2023,MPO,1,631523,188818,188818,952,Round 1,2023-09-24,Russ Causley,,Cold Hollow Disc Golf Course,Cold Hollow Long Layout,59,18,1,14:30:00,58,-1,944,116,True,False,18,58,True,True,True
68642,2023,MPO,1,631523,93877,93877,970,Round 1,2023-09-24,Matthew Storgaard,,Cold Hollow Disc Golf Course,Cold Hollow Long Layout,59,18,3,14:40:00,59,0,934,115,True,False,18,59,True,True,True
68642,2023,MPO,1,631523,136903,136903,966,Round 1,2023-09-24,Alex Ferguson,957,Cold Hollow Disc Golf Course,Cold Hollow Long Layout,59,18,2,14:30:00,59,0,934,119,True,False,18,59,True,True,True
68642,2023,MPO,1,631523,223671,223671,,Round 1,2023-09-24,Brendan Van Tuinen,942,Cold Hollow Disc Golf Course,Cold Hollow Long Layout,59,18,2,14:00:00,59,0,934,121,True,False,18,59,True,True,True
68642,2023,MPO,1,631523,268529,268529,,Round 1,2023-09-24,James Cairn,1006,Cold Hollow Disc Golf Course,Cold Hollow Long Layout,59,18,2,15:20:00,59,0,934,117,True,False,18,59,True,True,True
68642,2023,MPO,1,631523,116370,116370,921,Round 1,2023-09-24,Tyler Moriarty,,Cold Hollow Disc Golf Course,Cold Hollow Long Layout,59,18,2,14:20:00,60,1,924,118,True,False,18,60,True,True,True
68642,2023,MPO,1,631523,123253,123253,975,Round 1,2023-09-24,Stevie Frisch,989,Cold Hollow Disc Golf Course,Cold Hollow Long Layout,59,18,2,14:10:00,60,1,924,119,True,False,18,60,True,True,True
68642,2023,MPO,1,631523,204892,204892,944,Round 1,2023-09-24,Tiernan Roland,973,Cold Hollow Disc Golf Course,Cold Hollow Long Layout,59,18,1,14:00:00,60,1,924,116,True,False,18,60,True,True,True
68642,2023,MPO,1,631523,121362,121362,957,Round 1,2023-09-24,Jonathan Russo,951,Cold Hollow Disc Golf Course,Cold Hollow Long Layout,59,18,2,15:10:00,61,2,915,118,True,False,18,61,True,True,True
68642,2023,MPO,1,631523,96030,96030,947,Round 1,2023-09-24,Alex Benson,,Cold Hollow Disc Golf Course,Cold Hollow Long Layout,59,18,4,15:10:00,64,5,886,122,True,False,18,64,True,True,True
68642,2023,MPO,1,631523,106970,106970,854,Round 1,2023-09-24,Stefan Farrell,852,Cold Hollow Disc Golf Course,Cold Hollow Long Layout,59,18,3,15:20:00,64,5,886,128,True,False,18,64,True,True,True
68642,2023,MPO,1,631523,109086,109086,953,Round 1,2023-09-24,Aaron Schlossberg,947,Cold Hollow Disc Golf Course,Cold Hollow Long Layout,59,18,1,14:50:00,64,5,886,122,True,False,18,64,True,True,True
68642,2023,MPO,1,631523,114674,114674,925,Round 1,2023-09-24,Jordan Lamson,,Cold Hollow Disc Golf Course,Cold Hollow Long Layout,59,18,1,15:10:00,64,5,886,130,True,False,18,64,True,True,True
68642,2023,MPO,1,631523,169393,169393,939,Round 1,2023-09-24,Aidan Trombley,977,Cold Hollow Disc Golf Course,Cold Hollow Long Layout,59,18,2,14:40:00,64,5,886,119,True,False,18,64,True,True,True
68642,2023,MPO,1,631523,207793,207793,902,Round 1,2023-09-24,Walker White,917,Cold Hollow Disc Golf Course,Cold Hollow Long Layout,59,18,1,15:20:00,64,5,886,125,True,False,18,64,True,True,True
68642,2023,MPO,1,631523,101763,101763,897,Round 1,2023-09-24,Spencer Sutherland,917,Cold Hollow Disc Golf Course,Cold Hollow Long Layout,59,18,3,14:30:00,67,8,857,128,True,False,18,67,True,True,True
68642,2023,MPO,2,631523,100885,100885,953,Round 2,2023-09-24,Jacob Moore,945,Cold Hollow Disc Golf Course,Cold Hollow Long Layout,59,18,1,15:10:00,52,-7,1001,107,True,False,18,52,True,True,True
68642,2023,MPO,2,631523,103627,103627,973,Round 2,2023-09-24,Clayton Davis,,Cold Hollow Disc Golf Course,Cold Hollow Long Layout,59,18,3,15:20:00,54,-5,982,108,True,False,18,54,True,True,True
68642,2023,MPO,2,631523,142744,142744,965,Round 2,2023-09-24,Abel German,974,Cold Hollow Disc Golf Course,Cold Hollow Long Layout,59,18,2,15:10:00,54,-5,982,109,True,False,18,54,True,True,True
68642,2023,MPO,2,631523,241573,241573,968,Round 2,2023-09-24,Whit Stephenson,998,Cold Hollow Disc Golf Course,Cold Hollow Long Layout,59,18,1,15:00:00,54,-5,982,109,True,False,18,54,True,True,True
68642,2023,MPO,2,631523,31562,31562,943,Round 2,2023-09-24,Jonathan Betts,948,Cold Hollow Disc Golf Course,Cold Hollow Long Layout,59,18,1,15:20:00,57,-2,953,109,True,False,18,57,True,True,True
68642,2023,MPO,2,631523,140098,140098,966,Round 2,2023-09-24,Angus Barstow,980,Cold Hollow Disc Golf Course,Cold Hollow Long Layout,59,18,3,15:00:00,54,-5,982,110,True,False,18,54,True,True,True
68642,2023,MPO,2,631523,69888,69888,961,Round 2,2023-09-24,Evan Shper,971,Cold Hollow Disc Golf Course,Cold Hollow Long Layout,59,18,2,15:20:00,57,-2,953,110,True,False,18,57,True,True,True
68642,2023,MPO,2,631523,187845,187845,930,Round 2,2023-09-24,Shane Seals,962,Cold Hollow Disc Golf Course,Cold Hollow Long Layout,59,18,1,14:50:00,54,-5,982,111,True,False,18,54,True,True,True
68642,2023,MPO,2,631523,75027,75027,968,Round 2,2023-09-24,Raivis Markons-Craig,965,Cold Hollow Disc Golf Course,Cold Hollow Long Layout,59,18,4,15:20:00,56,-3,963,111,True,False,18,56,True,True,True
68642,2023,MPO,2,631523,176338,176338,962,Round 2,2023-09-24,Eric Vitoff,925,Cold Hollow Disc Golf Course,Cold Hollow Long Layout,59,18,3,15:10:00,56,-3,963,111,True,False,18,56,True,True,True
68642,2023,MPO,2,631523,128180,128180,976,Round 2,2023-09-24,Andrew Cochran,1003,Cold Hollow Disc Golf Course,Cold Hollow Long Layout,59,18,4,15:00:00,55,-4,972,112,True,False,18,55,True,True,True
68642,2023,MPO,2,631523,181649,181649,983,Round 2,2023-09-24,Hubert Vachon,996,Cold Hollow Disc Golf Course,Cold Hollow Long Layout,59,18,4,15:10:00,57,-2,953,112,True,False,18,57,True,True,True
68642,2023,MPO,2,631523,125328,125328,934,Round 2,2023-09-24,Dana Carpenter,,Cold Hollow Disc Golf Course,Cold Hollow Long Layout,59,18,2,15:00:00,57,-2,953,113,True,False,18,57,True,True,True
68642,2023,MPO,2,631523,93877,93877,970,Round 2,2023-09-24,Matthew Storgaard,,Cold Hollow Disc Golf Course,Cold Hollow Long Layout,59,18,3,14:40:00,56,-3,963,115,True,False,18,56,True,True,True
68642,2023,MPO,2,631523,204892,204892,944,Round 2,2023-09-24,Tiernan Roland,973,Cold Hollow Disc Golf Course,Cold Hollow Long Layout,59,18,1,14:20:00,56,-3,963,116,True,False,18,56,True,True,True
68642,2023,MPO,2,631523,164118,164118,907,Round 2,2023-09-24,Fred Longchamp,945,Cold Hollow Disc Golf Course,Cold Hollow Long Layout,59,18,1,14:40:00,58,-1,944,116,True,False,18,58,True,True,True
68642,2023,MPO,2,631523,188818,188818,952,Round 2,2023-09-24,Russ Causley,,Cold Hollow Disc Golf Course,Cold Hollow Long Layout,59,18,2,14:40:00,58,-1,944,116,True,False,18,58,True,True,True
68642,2023,MPO,2,631523,268529,268529,,Round 2,2023-09-24,James Cairn,1006,Cold Hollow Disc Golf Course,Cold Hollow Long Layout,59,18,2,14:30:00,58,-1,944,117,True,False,18,58,True,True,True
68642,2023,MPO,2,631523,118928,118928,954,Round 2,2023-09-24,Tyler Pomichter,926,Cold Hollow Disc Golf Course,Cold Hollow Long Layout,59,18,4,14:50:00,59,0,934,117,True,False,18,59,True,True,True
68642,2023,MPO,2,631523,121362,121362,957,Round 2,2023-09-24,Jonathan Russo,951,Cold Hollow Disc Golf Course,Cold Hollow Long Layout,59,18,2,14:20:00,57,-2,953,118,True,False,18,57,True,True,True
68642,2023,MPO,2,631523,116370,116370,921,Round 2,2023-09-24,Tyler Moriarty,,Cold Hollow Disc Golf Course,Cold Hollow Long Layout,59,18,3,14:30:00,58,-1,944,118,True,False,18,58,True,True,True
68642,2023,MPO,2,631523,74240,74240,981,Round 2,2023-09-24,Christopher Martin,962,Cold Hollow Disc Golf Course,Cold Hollow Long Layout,59,18,2,14:50:00,60,1,924,118,True,False,18,60,True,True,True
68642,2023,MPO,2,631523,102250,102250,941,Round 2,2023-09-24,Zackary Parik,,Cold Hollow Disc Golf Course,Cold Hollow Long Layout,59,18,3,14:50:00,60,1,924,118,True,False,18,60,True,True,True
68642,2023,MPO,2,631523,169393,169393,939,Round 2,2023-09-24,Aidan Trombley,977,Cold Hollow Disc Golf Course,Cold Hollow Long Layout,59,18,1,14:00:00,55,-4,972,119,True,False,18,55,True,True,True
68642,2023,MPO,2,631523,123253,123253,975,Round 2,2023-09-24,Stevie Frisch,989,Cold Hollow Disc Golf Course,Cold Hollow Long Layout,59,18,4,14:30:00,59,0,934,119,True,False,18,59,True,True,True
68642,2023,MPO,2,631523,136903,136903,966,Round 2,2023-09-24,Alex Ferguson,957,Cold Hollow Disc Golf Course,Cold Hollow Long Layout,59,18,4,14:40:00,60,1,924,119,True,False,18,60,True,True,True
68642,2023,MPO,2,631523,223671,223671,,Round 2,2023-09-24,Brendan Van Tuinen,942,Cold Hollow Disc Golf Course,Cold Hollow Long Layout,59,18,1,14:30:00,62,3,905,121,True,False,18,62,True,True,True
68642,2023,MPO,2,631523,96030,96030,947,Round 2,2023-09-24,Alex Benson,,Cold Hollow Disc Golf Course,Cold Hollow Long Layout,59,18,3,14:20:00,58,-1,944,122,True,False,18,58,True,True,True
68642,2023,MPO,2,631523,109086,109086,953,Round 2,2023-09-24,Aaron Schlossberg,947,Cold Hollow Disc Golf Course,Cold Hollow Long Layout,59,18,2,14:10:00,58,-1,944,122,True,False,18,58,True,True,True
68642,2023,MPO,2,631523,207793,207793,902,Round 2,2023-09-24,Walker White,917,Cold Hollow Disc Golf Course,Cold Hollow Long Layout,59,18,2,14:00:00,61,2,915,125,True,False,18,61,True,True,True
68642,2023,MPO,2,631523,101763,101763,897,Round 2,2023-09-24,Spencer Sutherland,917,Cold Hollow Disc Golf Course,Cold Hollow Long Layout,59,18,3,14:00:00,61,2,915,128,True,False,18,61,True,True,True
68642,2023,MPO,2,631523,106970,106970,854,Round 2,2023-09-24,Stefan Farrell,852,Cold Hollow Disc Golf Course,Cold Hollow Long Layout,59,18,1,14:10:00,64,5,886,128,True,False,18,64,True,True,True
68642,2023,MPO,2,631523,114674,114674,925,Round 2,2023-09-24,Jordan Lamson,,Cold Hollow Disc Golf Course,Cold Hollow Long Layout,59,18,3,14:10:00,66,7,867,130,True,False,18,66,True,True,True
68786,2023,FA1,1,632750,103316,103316,755,Round 1,2023-10-08,Danielle Crevison,,Trapp Family Lodge,Long tees ,55,18,1,11:40:00,70,15,735,136,True,False,18,70,True,True,True
68786,2023,FA1,2,632750,103316,103316,755,Round 2,2023-10-08,Danielle Crevison,,Trapp Family Lodge,Long tees ,55,18,1,11:20:00,66,11,781,136,True,False,18,66,True,True,True
68786,2023,FA2,1,632750,223037,223037,524,Round 1,2023-10-08,Emily Bishop,,Trapp Family Lodge,Long tees ,55,18,4,11:40:00,75,20,677,156,True,False,18,75,True,True,True
68786,2023,FA2,2,632750,223037,223037,524,Round 2,2023-10-08,Emily Bishop,,Trapp Family Lodge,Long tees ,55,18,3,11:20:00,81,26,607,156,True,False,18,81,True,True,True
68786,2023,FA3,1,632750,228265,228265,691,Round 1,2023-10-08,Maryellen Copping,705,Trapp Family Lodge,Long tees ,55,18,2,09:00:00,75,20,677,152,True,False,18,75,True,True,True
68786,2023,FA3,1,632750,266914,266914,618,Round 1,2023-10-08,Mazie Cash,,Trapp Family Lodge,Long tees ,55,18,3,09:00:00,76,21,665,153,True,False,18,76,True,True,True
68786,2023,FA3,1,632750,259152,259152,634,Round 1,2023-10-08,Marie Norton,,Trapp Family Lodge,Long tees ,55,18,1,09:00:00,89,34,515,177,True,False,18,89,True,True,True
68786,2023,FA3,2,632750,228265,228265,691,Round 2,2023-10-08,Maryellen Copping,705,Trapp Family Lodge,Long tees ,55,18,1,09:00:00,77,22,654,152,True,False,18,77,True,True,True
68786,2023,FA3,2,632750,266914,266914,618,Round 2,2023-10-08,Mazie Cash,,Trapp Family Lodge,Long tees ,55,18,2,09:00:00,77,22,654,153,True,False,18,77,True,True,True
68786,2023,FA3,2,632750,259152,259152,634,Round 2,2023-10-08,Marie Norton,,Trapp Family Lodge,Long tees ,55,18,3,09:00:00,88,33,526,177,True,False,18,88,True,True,True
68786,2023,FA40,1,632750,192992,192992,766,Round 1,2023-10-08,Christy Fisher,705,Trapp Family Lodge,Long tees ,55,18,2,11:40:00,73,18,700,146,True,False,18,73,True,True,True
68786,2023,FA40,1,632750,name:mindy german,,,Round 1,2023-10-08,Mindy German,,Trapp Family Lodge,Long tees ,55,18,3,11:40:00,76,21,665,159,True,False,18,76,True,True,True
68786,2023,FA40,2,632750,192992,192992,766,Round 2,2023-10-08,Christy Fisher,705,Trapp Family Lodge,Long tees ,55,18,2,11:20:00,73,18,700,146,True,False,18,73,True,True,True
68786,2023,FA40,2,632750,name:mindy german,,,Round 2,2023-10-08,Mindy German,,Trapp Family Lodge,Long tees ,55,18,4,11:20:00,83,28,584,159,True,False,18,83,True,True,True
68786,2023,FPO,1,632750,122613,122613,875,Round 1,2023-10-08,Kelly Heslin,889,Trapp Family Lodge,Long tees ,55,18,1,12:40:00,61,6,839,120,True,False,18,61,True,True,True
68786,2023,FPO,1,632750,174640,174640,853,Round 1,2023-10-08,Maureen McGuinness,,Trapp Family Lodge,Long tees ,55,18,4,12:40:00,65,10,793,117,True,False,18,65,True,True,True
68786,2023,FPO,2,632750,174640,174640,853,Round 2,2023-10-08,Maureen McGuinness,,Trapp Family Lodge,Long tees ,55,18,4,13:00:00,52,-3,944,117,True,False,18,52,True,True,True
68786,2023,FPO,2,632750,122613,122613,875,Round 2,2023-10-08,Kelly Heslin,889,Trapp Family Lodge,Long tees ,55,18,2,13:00:00,59,4,863,120,True,False,18,59,True,True,True
68786,2023,MA1,1,632750,73983,73983,920,Round 1,2023-10-08,Seth Crevison,922,Trapp Family Lodge,Long tees ,55,18,1,11:50:00,51,-4,955,107,True,False,18,51,True,True,True
68786,2023,MA1,1,632750,147901,147901,930,Round 1,2023-10-08,Pete Strand,939,Trapp Family Lodge,Long tees ,55,18,1,12:20:00,51,-4,955,105,True,False,18,51,True,True,True
68786,2023,MA1,1,632750,222422,222422,871,Round 1,2023-10-08,Ryan Busalacchi,,Trapp Family Lodge,Long tees ,55,18,1,12:30:00,51,-4,955,110,True,False,18,51,True,True,True
68786,2023,MA1,1,632750,name:cj plante,,,Round 1,2023-10-08,CJ Plante,,Trapp Family Lodge,Long tees ,55,18,4,11:50:00,51,-4,955,106,True,False,18,51,True,True,True
68786,2023,MA1,1,632750,246151,246151,906,Round 1,2023-10-08,Ryan Strobel,,Trapp Family Lodge,Long tees ,55,18,3,12:10:00,52,-3,944,106,True,False,18,52,True,True,True
68786,2023,MA1,1,632750,158783,158783,885,Round 1,2023-10-08,Joseph Humes,906,Trapp Family Lodge,Long tees ,55,18,2,12:20:00,55,0,909,110,True,False,18,55,True,True,True
68786,2023,MA1,1,632750,175140,175140,910,Round 1,2023-10-08,Christian Garey,890,Trapp Family Lodge,Long tees ,55,18,2,12:10:00,55,0,909,110,True,False,18,55,True,True,True
68786,2023,MA1,1,632750,219966,219966,912,Round 1,2023-10-08,Colin Dowey,920,Trapp Family Lodge,Long tees ,55,18,3,12:30:00,55,0,909,106,True,False,18,55,True,True,True
68786,2023,MA1,1,632750,258938,258938,849,Round 1,2023-10-08,Brandon Kendall,,Trapp Family Lodge,Long tees ,55,18,2,12:30:00,55,0,909,117,True,False,18,55,True,True,True
68786,2023,MA1,1,632750,129454,129454,,Round 1,2023-10-08,Kyle O'Brien,,Trapp Family Lodge,Long tees ,55,18,2,11:50:00,56,1,897,110,True,False,18,56,True,True,True
68786,2023,MA1,1,632750,212570,212570,874,Round 1,2023-10-08,Derek Copping,874,Trapp Family Lodge,Long tees ,55,18,1,12:00:00,56,1,897,113,True,False,18,56,True,True,True
68786,2023,MA1,1,632750,262337,262337,887,Round 1,2023-10-08,Sam Nelson,946,Trapp Family Lodge,Long tees ,55,18,4,12:00:00,56,1,897,110,True,False,18,56,True,True,True
68786,2023,MA1,1,632750,268441,268441,,Round 1,2023-10-08,Patrick Jeffries,918,Trapp Family Lodge,Long tees ,55,18,4,12:10:00,56,1,897,118,True,False,18,56,True,True,True
68786,2023,MA1,1,632750,173058,173058,936,Round 1,2023-10-08,Brandon Allaire,950,Trapp Family Lodge,Long tees ,55,18,4,12:30:00,57,2,886,107,True,False,18,57,True,True,True
68786,2023,MA1,1,632750,174646,174646,884,Round 1,2023-10-08,David Oppenheimer,,Trapp Family Lodge,Long tees ,55,18,1,12:10:00,57,2,886,117,True,False,18,57,True,True,True
68786,2023,MA1,1,632750,222597,222597,878,Round 1,2023-10-08,Jack McCarthy,,Trapp Family Lodge,Long tees ,55,18,2,12:00:00,57,2,886,120,True,False,18,57,True,True,True
68786,2023,MA1,1,632750,268738,268738,,Round 1,2023-10-08,Charlie Murphy,,Trapp Family Lodge,Long tees ,55,18,4,12:20:00,58,3,874,114,True,False,18,58,True,True,True
68786,2023,MA1,1,632750,157645,157645,938,Round 1,2023-10-08,Evan Maynard,,Trapp Family Lodge,Long tees ,55,18,3,11:50:00,59,4,863,111,True,False,18,59,True,True,True
68786,2023,MA1,1,632750,248546,248546,869,Round 1,2023-10-08,Henry Mauck,,Trapp Family Lodge,Long tees ,55,18,3,12:00:00,59,4,863,116,True,False,18,59,True,True,True
68786,2023,MA1,1,632750,242103,242103,852,Round 1,2023-10-08,Nathan Oxenfeld,895,Trapp Family Lodge,Long tees ,55,18,3,12:20:00,61,6,839,120,True,False,18,61,True,True,True
68786,2023,MA1,2,632750,147901,147901,930,Round 2,2023-10-08,Pete Strand,939,Trapp Family Lodge,Long tees ,55,18,2,12:50:00,54,-1,921,105,True,False,18,54,True,True,True
68786,2023,MA1,2,632750,219966,219966,912,Round 2,2023-10-08,Colin Dowey,920,Trapp Family Lodge,Long tees ,55,18,4,12:40:00,51,-4,955,106,True,False,18,51,True,True,True
68786,2023,MA1,2,632750,246151,246151,906,Round 2,2023-10-08,Ryan Strobel,,Trapp Family Lodge,Long tees ,55,18,1,12:40:00,54,-1,921,106,True,False,18,54,True,True,True
68786,2023,MA1,2,632750,name:cj plante,,,Round 2,2023-10-08,CJ Plante,,Trapp Family Lodge,Long tees ,55,18,4,12:50:00,55,0,909,106,True,False,18,55,True,True,True
68786,2023,MA1,2,632750,173058,173058,936,Round 2,2023-10-08,Brandon Allaire,950,Trapp Family Lodge,Long tees ,55,18,2,12:20:00,50,-5,967,107,True,False,18,50,True,True,True
68786,2023,MA1,2,632750,73983,73983,920,Round 2,2023-10-08,Seth Crevison,922,Trapp Family Lodge,Long tees ,55,18,1,12:50:00,56,1,897,107,True,False,18,56,True,True,True
68786,2023,MA1,2,632750,129454,129454,,Round 2,2023-10-08,Kyle O'Brien,,Trapp Family Lodge,Long tees ,55,18,2,12:30:00,54,-1,921,110,True,False,18,54,True,True,True
68786,2023,MA1,2,632750,262337,262337,887,Round 2,2023-10-08,Sam Nelson,946,Trapp Family Lodge,Long tees ,55,18,4,12:30:00,54,-1,921,110,True,False,18,54,True,True,True
68786,2023,MA1,2,632750,158783,158783,885,Round 2,2023-10-08,Joseph Humes,906,Trapp Family Lodge,Long tees ,55,18,2,12:40:00,55,0,909,110,True,False,18,55,True,True,True
68786,2023,MA1,2,632750,175140,175140,910,Round 2,2023-10-08,Christian Garey,890,Trapp Family Lodge,Long tees ,55,18,3,12:40:00,55,0,909,110,True,False,18,55,True,True,True
68786,2023,MA1,2,632750,222422,222422,871,Round 2,2023-10-08,Ryan Busalacchi,,Trapp Family Lodge,Long tees ,55,18,3,12:50:00,59,4,863,110,True,False,18,59,True,True,True
68786,2023,MA1,2,632750,157645,157645,938,Round 2,2023-10-08,Evan Maynard,,Trapp Family Lodge,Long tees ,55,18,2,12:10:00,52,-3,944,111,True,False,18,52,True,True,True
68786,2023,MA1,2,632750,212570,212570,874,Round 2,2023-10-08,Derek Copping,874,Trapp Family Lodge,Long tees ,55,18,3,12:30:00,57,2,886,113,True,False,18,57,True,True,True
68786,2023,MA1,2,632750,268738,268738,,Round 2,2023-10-08,Charlie Murphy,,Trapp Family Lodge,Long tees ,55,18,1,12:10:00,56,1,897,114,True,False,18,56,True,True,True
68786,2023,MA1,2,632750,248546,248546,869,Round 2,2023-10-08,Henry Mauck,,Trapp Family Lodge,Long tees ,55,18,3,12:10:00,57,2,886,116,True,False,18,57,True,True,True
68786,2023,MA1,2,632750,174646,174646,884,Round 2,2023-10-08,David Oppenheimer,,Trapp Family Lodge,Long tees ,55,18,3,12:20:00,60,5,851,117,True,False,18,60,True,True,True
68786,2023,MA1,2,632750,258938,258938,849,Round 2,2023-10-08,Brandon Kendall,,Trapp Family Lodge,Long tees ,55,18,1,12:30:00,62,7,828,117,True,False,18,62,True,True,True
68786,2023,MA1,2,632750,268441,268441,,Round 2,2023-10-08,Patrick Jeffries,918,Trapp Family Lodge,Long tees ,55,18,1,12:20:00,62,7,828,118,True,False,18,62,True,True,True
68786,2023,MA1,2,632750,242103,242103,852,Round 2,2023-10-08,Nathan Oxenfeld,895,Trapp Family Lodge,Long tees ,55,18,4,12:10:00,59,4,863,120,True,False,18,59,True,True,True
68786,2023,MA1,2,632750,222597,222597,878,Round 2,2023-10-08,Jack McCarthy,,Trapp Family Lodge,Long tees ,55,18,4,12:20:00,63,8,816,120,True,False,18,63,True,True,True
68786,2023,MA2,1,632750,124203,124203,890,Round 1,2023-10-08,Ezra Koch,954,Trapp Family Lodge,Long tees ,55,18,1,09:50:00,50,-5,967,102,True,False,18,50,True,True,True
68786,2023,MA2,1,632750,159224,159224,907,Round 1,2023-10-08,Bryce McKim,,Trapp Family Lodge,Long tees ,55,18,1,10:20:00,50,-5,967,106,True,False,18,50,True,True,True
68786,2023,MA2,1,632750,268186,268186,,Round 1,2023-10-08,Brody Reed,926,Trapp Family Lodge,Long tees ,55,18,4,09:30:00,50,-5,967,105,True,False,18,50,True,True,True
68786,2023,MA2,1,632750,212853,212853,899,Round 1,2023-10-08,Derrick Hudson,954,Trapp Family Lodge,Long tees ,55,18,2,10:00:00,53,-2,932,104,True,False,18,53,True,True,True
68786,2023,MA2,1,632750,213224,213224,884,Round 1,2023-10-08,Justin Griswold,914,Trapp Family Lodge,Long tees ,55,18,3,10:30:00,54,-1,921,107,True,False,18,54,True,True,True
68786,2023,MA2,1,632750,109604,109604,919,Round 1,2023-10-08,Jeremy Hulsey,914,Trapp Family Lodge,Long tees ,55,18,1,09:40:00,55,0,909,110,True,False,18,55,True,True,True
68786,2023,MA2,1,632750,219307,219307,875,Round 1,2023-10-08,Everett Secor,935,Trapp Family Lodge,Long tees ,55,18,3,10:10:00,55,0,909,111,True,False,18,55,True,True,True
68786,2023,MA2,1,632750,242902,242902,879,Round 1,2023-10-08,Christopher Rullan,,Trapp Family Lodge,Long tees ,55,18,3,09:30:00,55,0,909,112,True,False,18,55,True,True,True
68786,2023,MA2,1,632750,177018,177018,877,Round 1,2023-10-08,Brandon Bensel,882,Trapp Family Lodge,Long tees ,55,18,1,09:30:00,56,1,897,116,True,False,18,56,True,True,True
68786,2023,MA2,1,632750,224931,224931,887,Round 1,2023-10-08,Mark Thompson,,Trapp Family Lodge,Long tees ,55,18,2,09:30:00,56,1,897,110,True,False,18,56,True,True,True
68786,2023,MA2,1,632750,160671,160671,911,Round 1,2023-10-08,Elliot Waring,,Trapp Family Lodge,Long tees ,55,18,1,10:00:00,57,2,886,114,True,False,18,57,True,True,True
68786,2023,MA2,1,632750,210681,210681,895,Round 1,2023-10-08,Kyle Anderson Andresen,911,Trapp Family Lodge,Long tees ,55,18,2,09:50:00,57,2,886,111,True,False,18,57,True,True,True
68786,2023,MA2,1,632750,221157,221157,876,Round 1,2023-10-08,Dylan Slick,915,Trapp Family Lodge,Long tees ,55,18,3,09:50:00,57,2,886,113,True,False,18,57,True,True,True
68786,2023,MA2,1,632750,63896,63896,876,Round 1,2023-10-08,Ross King,899,Trapp Family Lodge,Long tees ,55,18,2,10:40:00,58,3,874,108,True,False,18,58,True,True,True
68786,2023,MA2,1,632750,163523,163523,857,Round 1,2023-10-08,Landon Desroches,866,Trapp Family Lodge,Long tees ,55,18,1,10:10:00,58,3,874,118,True,False,18,58,True,True,True
68786,2023,MA2,1,632750,180438,180438,888,Round 1,2023-10-08,Elian Furs,,Trapp Family Lodge,Long tees ,55,18,2,10:30:00,60,5,851,117,True,False,18,60,True,True,True
68786,2023,MA2,1,632750,name:walden ng,,,Round 1,2023-10-08,Walden Ng,,Trapp Family Lodge,Long tees ,55,18,4,09:40:00,60,5,851,115,True,False,18,60,True,True,True
68786,2023,MA2,1,632750,50816,50816,876,Round 1,2023-10-08,Tristan Whitehouse,,Trapp Family Lodge,Long tees ,55,18,1,10:40:00,61,6,839,118,True,False,18,61,True,True,True
68786,2023,MA2,1,632750,196711,196711,859,Round 1,2023-10-08,Jarrett Piette,891,Trapp Family Lodge,Long tees ,55,18,3,10:20:00,61,6,839,119,True,False,18,61,True,True,True
68786,2023,MA2,1,632750,259714,259714,851,Round 1,2023-10-08,Reece Cronin,,Trapp Family Lodge,Long tees ,55,18,4,10:30:00,61,6,839,121,True,False,18,61,True,True,True
68786,2023,MA2,1,632750,259718,259718,836,Round 1,2023-10-08,Kamden Cox,906,Trapp Family Lodge,Long tees ,55,18,3,10:00:00,61,6,839,115,True,False,18,61,True,True,True
68786,2023,MA2,1,632750,263444,263444,,Round 1,2023-10-08,Nate Horlick,,Trapp Family Lodge,Long tees ,55,18,3,09:40:00,62,7,828,128,True,False,18,62,True,True,True
68786,2023,MA2,1,632750,137984,137984,871,Round 1,2023-10-08,Tristan Bryce,,Trapp Family Lodge,Long tees ,55,18,1,10:30:00,63,8,816,123,True,False,18,63,True,True,True
68786,2023,MA2,1,632750,189203,189203,878,Round 1,2023-10-08,Bobby Martino,911,Trapp Family Lodge,Long tees ,55,18,2,10:20:00,64,9,805,119,True,False,18,64,True,True,True
68786,2023,MA2,1,632750,200735,200735,842,Round 1,2023-10-08,Christopher Sheehan,,Trapp Family Lodge,Long tees ,55,18,2,10:10:00,64,9,805,124,True,False,18,64,True,True,True
68786,2023,MA2,1,632750,254922,254922,880,Round 1,2023-10-08,Benjamin Taylor,890,Trapp Family Lodge,Long tees ,55,18,4,10:20:00,65,10,793,124,True,False,18,65,True,True,True
68786,2023,MA2,1,632750,name:patrick mayhew,,,Round 1,2023-10-08,Patrick Mayhew,,Trapp Family Lodge,Long tees ,55,18,4,10:00:00,65,10,793,125,True,False,18,65,True,True,True
68786,2023,MA2,1,632750,258259,258259,808,Round 1,2023-10-08,Tony Turner,,Trapp Family Lodge,Long tees ,55,18,4,10:40:00,66,11,781,122,True,False,18,66,True,True,True
68786,2023,MA2,1,632750,239437,239437,755,Round 1,2023-10-08,Simon Bethune,830,Trapp Family Lodge,Long tees ,55,18,2,09:40:00,68,13,758,142,True,False,18,68,True,True,True
68786,2023,MA2,1,632750,244952,244952,830,Round 1,2023-10-08,Joshua Dezotell,895,Trapp Family Lodge,Long tees ,55,18,3,10:40:00,70,15,735,135,True,False,18,70,True,True,True
68786,2023,MA2,1,632750,222661,222661,813,Round 1,2023-10-08,Randall Bishop,,Trapp Family Lodge,Long tees ,55,18,4,10:10:00,71,16,723,132,True,False,18,71,True,True,True
68786,2023,MA2,2,632750,124203,124203,890,Round 2,2023-10-08,Ezra Koch,954,Trapp Family Lodge,Long tees ,55,18,1,10:50:00,52,-3,944,102,True,False,18,52,True,True,True
68786,2023,MA2,2,632750,212853,212853,899,Round 2,2023-10-08,Derrick Hudson,954,Trapp Family Lodge,Long tees ,55,18,4,10:50:00,51,-4,955,104,True,False,18,51,True,True,True
68786,2023,MA2,2,632750,268186,268186,,Round 2,2023-10-08,Brody Reed,926,Trapp Family Lodge,Long tees ,55,18,3,10:50:00,55,0,909,105,True,False,18,55,True,True,True
68786,2023,MA2,2,632750,159224,159224,907,Round 2,2023-10-08,Bryce McKim,,Trapp Family Lodge,Long tees ,55,18,2,10:50:00,56,1,897,106,True,False,18,56,True,True,True
68786,2023,MA2,2,632750,213224,213224,884,Round 2,2023-10-08,Justin Griswold,914,Trapp Family Lodge,Long tees ,55,18,1,10:40:00,53,-2,932,107,True,False,18,53,True,True,True
68786,2023,MA2,2,632750,63896,63896,876,Round 2,2023-10-08,Ross King,899,Trapp Family Lodge,Long tees ,55,18,2,10:20:00,50,-5,967,108,True,False,18,50,True,True,True
68786,2023,MA2,2,632750,224931,224931,887,Round 2,2023-10-08,Mark Thompson,,Trapp Family Lodge,Long tees ,55,18,2,10:30:00,54,-1,921,110,True,False,18,54,True,True,True
68786,2023,MA2,2,632750,109604,109604,919,Round 2,2023-10-08,Jeremy Hulsey,914,Trapp Family Lodge,Long tees ,55,18,2,10:40:00,55,0,909,110,True,False,18,55,True,True,True
68786,2023,MA2,2,632750,210681,210681,895,Round 2,2023-10-08,Kyle Anderson Andresen,911,Trapp Family Lodge,Long tees ,55,18,4,10:30:00,54,-1,921,111,True,False,18,54,True,True,True
68786,2023,MA2,2,632750,219307,219307,875,Round 2,2023-10-08,Everett Secor,935,Trapp Family Lodge,Long tees ,55,18,3,10:40:00,56,1,897,111,True,False,18,56,True,True,True
68786,2023,MA2,2,632750,242902,242902,879,Round 2,2023-10-08,Christopher Rullan,,Trapp Family Lodge,Long tees ,55,18,4,10:40:00,57,2,886,112,True,False,18,57,True,True,True
68786,2023,MA2,2,632750,221157,221157,876,Round 2,2023-10-08,Dylan Slick,915,Trapp Family Lodge,Long tees ,55,18,1,10:20:00,56,1,897,113,True,False,18,56,True,True,True
68786,2023,MA2,2,632750,160671,160671,911,Round 2,2023-10-08,Elliot Waring,,Trapp Family Lodge,Long tees ,55,18,3,10:30:00,57,2,886,114,True,False,18,57,True,True,True
68786,2023,MA2,2,632750,259718,259718,836,Round 2,2023-10-08,Kamden Cox,906,Trapp Family Lodge,Long tees ,55,18,1,10:00:00,54,-1,921,115,True,False,18,54,True,True,True
68786,2023,MA2,2,632750,name:walden ng,,,Round 2,2023-10-08,Walden Ng,,Trapp Family Lodge,Long tees ,55,18,1,10:10:00,55,0,909,115,True,False,18,55,True,True,True
68786,2023,MA2,2,632750,177018,177018,877,Round 2,2023-10-08,Brandon Bensel,882,Trapp Family Lodge,Long tees ,55,18,1,10:30:00,60,5,851,116,True,False,18,60,True,True,True
68786,2023,MA2,2,632750,180438,180438,888,Round 2,2023-10-08,Elian Furs,,Trapp Family Lodge,Long tees ,55,18,4,10:20:00,57,2,886,117,True,False,18,57,True,True,True
68786,2023,MA2,2,632750,50816,50816,876,Round 2,2023-10-08,Tristan Whitehouse,,Trapp Family Lodge,Long tees ,55,18,2,10:10:00,57,2,886,118,True,False,18,57,True,True,True
68786,2023,MA2,2,632750,163523,163523,857,Round 2,2023-10-08,Landon Desroches,866,Trapp Family Lodge,Long tees ,55,18,3,10:20:00,60,5,851,118,True,False,18,60,True,True,True
68786,2023,MA2,2,632750,189203,189203,878,Round 2,2023-10-08,Bobby Martino,911,Trapp Family Lodge,Long tees ,55,18,4,10:00:00,55,0,909,119,True,False,18,55,True,True,True
68786,2023,MA2,2,632750,196711,196711,859,Round 2,2023-10-08,Jarrett Piette,891,Trapp Family Lodge,Long tees ,55,18,3,10:10:00,58,3,874,119,True,False,18,58,True,True,True
68786,2023,MA2,2,632750,259714,259714,851,Round 2,2023-10-08,Reece Cronin,,Trapp Family Lodge,Long tees ,55,18,4,10:10:00,60,5,851,121,True,False,18,60,True,True,True
68786,2023,MA2,2,632750,258259,258259,808,Round 2,2023-10-08,Tony Turner,,Trapp Family Lodge,Long tees ,55,18,4,09:50:00,56,1,897,122,True,False,18,56,True,True,True
68786,2023,MA2,2,632750,137984,137984,871,Round 2,2023-10-08,Tristan Bryce,,Trapp Family Lodge,Long tees ,55,18,3,10:00:00,60,5,851,123,True,False,18,60,True,True,True
68786,2023,MA2,2,632750,254922,254922,880,Round 2,2023-10-08,Benjamin Taylor,890,Trapp Family Lodge,Long tees ,55,18,2,09:50:00,59,4,863,124,True,False,18,59,True,True,True
68786,2023,MA2,2,632750,200735,200735,842,Round 2,2023-10-08,Christopher Sheehan,,Trapp Family Lodge,Long tees ,55,18,1,09:50:00,60,5,851,124,True,False,18,60,True,True,True
68786,2023,MA2,2,632750,name:patrick mayhew,,,Round 2,2023-10-08,Patrick Mayhew,,Trapp Family Lodge,Long tees ,55,18,3,09:50:00,60,5,851,125,True,False,18,60,True,True,True
68786,2023,MA2,2,632750,263444,263444,,Round 2,2023-10-08,Nate Horlick,,Trapp Family Lodge,Long tees ,55,18,2,10:00:00,66,11,781,128,True,False,18,66,True,True,True
68786,2023,MA2,2,632750,222661,222661,813,Round 2,2023-10-08,Randall Bishop,,Trapp Family Lodge,Long tees ,55,18,3,09:40:00,61,6,839,132,True,False,18,61,True,True,True
68786,2023,MA2,2,632750,244952,244952,830,Round 2,2023-10-08,Joshua Dezotell,895,Trapp Family Lodge,Long tees ,55,18,2,09:40:00,65,10,793,135,True,False,18,65,True,True,True
68786,2023,MA2,2,632750,239437,239437,755,Round 2,2023-10-08,Simon Bethune,830,Trapp Family Lodge,Long tees ,55,18,1,09:40:00,74,19,689,142,True,False,18,74,True,True,True
68786,2023,MA3,1,632750,211434,211434,779,Round 1,2023-10-08,Thomas Bousquet,798,Trapp Family Lodge,Long tees ,55,18,2,09:10:00,57,2,886,118,True,False,18,57,True,True,True
68786,2023,MA3,1,632750,227703,227703,837,Round 1,2023-10-08,Joshua Berry,872,Trapp Family Lodge,Long tees ,55,18,2,09:20:00,59,4,863,118,True,False,18,59,True,True,True
68786,2023,MA3,1,632750,239719,239719,848,Round 1,2023-10-08,Thane Griswold,820,Trapp Family Lodge,Long tees ,55,18,3,09:20:00,60,5,851,124,True,False,18,60,True,True,True
68786,2023,MA3,1,632750,221831,221831,809,Round 1,2023-10-08,Ruben Furs,,Trapp Family Lodge,Long tees ,55,18,3,09:10:00,61,6,839,118,True,False,18,61,True,True,True
68786,2023,MA3,1,632750,265314,265314,837,Round 1,2023-10-08,Zac Saunders,884,Trapp Family Lodge,Long tees ,55,18,4,09:20:00,62,7,828,125,True,False,18,62,True,True,True
68786,2023,MA3,1,632750,93691,93691,853,Round 1,2023-10-08,Dakota O'Brien,,Trapp Family Lodge,Long tees ,55,18,1,09:10:00,65,10,793,127,True,False,18,65,True,True,True
68786,2023,MA3,1,632750,202948,202948,827,Round 1,2023-10-08,Nicholas Morrissey,849,Trapp Family Lodge,Long tees ,55,18,1,09:20:00,70,15,735,138,True,False,18,70,True,True,True
68786,2023,MA3,1,632750,name:glenn canaday,,,Round 1,2023-10-08,Glenn Canaday,,Trapp Family Lodge,Long tees ,55,18,4,09:10:00,77,22,654,152,True,False,18,77,True,True,True
68786,2023,MA3,2,632750,227703,227703,837,Round 2,2023-10-08,Joshua Berry,872,Trapp Family Lodge,Long tees ,55,18,2,09:30:00,59,4,863,118,True,False,18,59,True,True,True
68786,2023,MA3,2,632750,221831,221831,809,Round 2,2023-10-08,Ruben Furs,,Trapp Family Lodge,Long tees ,55,18,4,09:30:00,57,2,886,118,True,False,18,57,True,True,True
68786,2023,MA3,2,632750,211434,211434,779,Round 2,2023-10-08,Thomas Bousquet,798,Trapp Family Lodge,Long tees ,55,18,1,09:30:00,61,6,839,118,True,False,18,61,True,True,True
68786,2023,MA3,2,632750,239719,239719,848,Round 2,2023-10-08,Thane Griswold,820,Trapp Family Lodge,Long tees ,55,18,3,09:30:00,64,9,805,124,True,False,18,64,True,True,True
68786,2023,MA3,2,632750,265314,265314,837,Round 2,2023-10-08,Zac Saunders,884,Trapp Family Lodge,Long tees ,55,18,1,09:20:00,63,8,816,125,True,False,18,63,True,True,True
68786,2023,MA3,2,632750,93691,93691,853,Round 2,2023-10-08,Dakota O'Brien,,Trapp Family Lodge,Long tees ,55,18,2,09:20:00,62,7,828,127,True,False,18,62,True,True,True
68786,2023,MA3,2,632750,202948,202948,827,Round 2,2023-10-08,Nicholas Morrissey,849,Trapp Family Lodge,Long tees ,55,18,3,09:20:00,68,13,758,138,True,False,18,68,True,True,True
68786,2023,MA3,2,632750,name:glenn canaday,,,Round 2,2023-10-08,Glenn Canaday,,Trapp Family Lodge,Long tees ,55,18,4,09:20:00,75,20,677,152,True,False,18,75,True,True,True
68786,2023,MA40,1,632750,name:john lucci,,,Round 1,2023-10-08,John Lucci,,Trapp Family Lodge,Long tees ,55,18,4,11:00:00,56,1,897,116,True,False,18,56,True,True,True
68786,2023,MA40,1,632750,232320,232320,812,Round 1,2023-10-08,David Cain,,Trapp Family Lodge,Long tees ,55,18,2,11:00:00,58,3,874,117,True,False,18,58,True,True,True
68786,2023,MA40,1,632750,84935,84935,889,Round 1,2023-10-08,Droo Fisher,866,Trapp Family Lodge,Long tees ,55,18,1,11:00:00,59,4,863,122,True,False,18,59,True,True,True
68786,2023,MA40,1,632750,261729,261729,785,Round 1,2023-10-08,Ryan Baker,838,Trapp Family Lodge,Long tees ,55,18,1,10:50:00,59,4,863,116,True,False,18,59,True,True,True
68786,2023,MA40,1,632750,73588,73588,876,Round 1,2023-10-08,Will Cleland,910,Trapp Family Lodge,Long tees ,55,18,2,10:50:00,60,5,851,119,True,False,18,60,True,True,True
68786,2023,MA40,1,632750,228362,228362,865,Round 1,2023-10-08,John Howard,,Trapp Family Lodge,Long tees ,55,18,3,11:00:00,61,6,839,119,True,False,18,61,True,True,True
68786,2023,MA40,1,632750,258832,258832,819,Round 1,2023-10-08,Charles Spock,800,Trapp Family Lodge,Long tees ,55,18,3,10:50:00,64,9,805,127,True,False,18,64,True,True,True
68786,2023,MA40,1,632750,268355,268355,,Round 1,2023-10-08,Chad Blasch,,Trapp Family Lodge,Long tees ,55,18,2,11:10:00,64,9,805,128,True,False,18,64,True,True,True
68786,2023,MA40,1,632750,145666,145666,856,Round 1,2023-10-08,Wesley Pollock,,Trapp Family Lodge,Long tees ,55,18,4,10:50:00,68,13,758,131,True,False,18,68,True,True,True
68786,2023,MA40,1,632750,247751,247751,789,Round 1,2023-10-08,Jon St. Clair,761,Trapp Family Lodge,Long tees ,55,18,1,11:10:00,71,16,723,131,True,False,18,71,True,True,True
68786,2023,MA40,2,632750,name:john lucci,,,Round 2,2023-10-08,John Lucci,,Trapp Family Lodge,Long tees ,55,18,1,12:00:00,60,5,851,116,True,False,18,60,True,True,True
68786,2023,MA40,2,632750,261729,261729,785,Round 2,2023-10-08,Ryan Baker,838,Trapp Family Lodge,Long tees ,55,18,4,12:00:00,57,2,886,116,True,False,18,57,True,True,True
68786,2023,MA40,2,632750,232320,232320,812,Round 2,2023-10-08,David Cain,,Trapp Family Lodge,Long tees ,55,18,2,12:00:00,59,4,863,117,True,False,18,59,True,True,True
68786,2023,MA40,2,632750,228362,228362,865,Round 2,2023-10-08,John Howard,,Trapp Family Lodge,Long tees ,55,18,2,11:50:00,58,3,874,119,True,False,18,58,True,True,True
68786,2023,MA40,2,632750,73588,73588,876,Round 2,2023-10-08,Will Cleland,910,Trapp Family Lodge,Long tees ,55,18,1,11:50:00,59,4,863,119,True,False,18,59,True,True,True
68786,2023,MA40,2,632750,84935,84935,889,Round 2,2023-10-08,Droo Fisher,866,Trapp Family Lodge,Long tees ,55,18,3,12:00:00,63,8,816,122,True,False,18,63,True,True,True
68786,2023,MA40,2,632750,258832,258832,819,Round 2,2023-10-08,Charles Spock,800,Trapp Family Lodge,Long tees ,55,18,3,11:50:00,63,8,816,127,True,False,18,63,True,True,True
68786,2023,MA40,2,632750,268355,268355,,Round 2,2023-10-08,Chad Blasch,,Trapp Family Lodge,Long tees ,55,18,1,11:40:00,64,9,805,128,True,False,18,64,True,True,True
68786,2023,MA40,2,632750,247751,247751,789,Round 2,2023-10-08,Jon St. Clair,761,Trapp Family Lodge,Long tees ,55,18,3,11:40:00,60,5,851,131,True,False,18,60,True,True,True
68786,2023,MA40,2,632750,145666,145666,856,Round 2,2023-10-08,Wesley Pollock,,Trapp Family Lodge,Long tees ,55,18,2,11:40:00,63,8,816,131,True,False,18,63,True,True,True
68786,2023,MA50,1,632750,91301,91301,892,Round 1,2023-10-08,Michael A. Stridsberg,898,Trapp Family Lodge,Long tees ,55,18,1,11:20:00,53,-2,932,109,True,False,18,53,True,True,True
68786,2023,MA50,1,632750,154887,154887,917,Round 1,2023-10-08,Brian Hunter,941,Trapp Family Lodge,Long tees ,55,18,2,11:20:00,54,-1,921,106,True,False,18,54,True,True,True
68786,2023,MA50,1,632750,139113,139113,881,Round 1,2023-10-08,Norman Wedge,859,Trapp Family Lodge,Long tees ,55,18,3,11:10:00,57,2,886,119,True,False,18,57,True,True,True
68786,2023,MA50,1,632750,202875,202875,879,Round 1,2023-10-08,Thomas Limanek,911,Trapp Family Lodge,Long tees ,55,18,4,11:10:00,60,5,851,123,True,False,18,60,True,True,True
68786,2023,MA50,1,632750,268207,268207,,Round 1,2023-10-08,Craig Reed,757,Trapp Family Lodge,Long tees ,55,18,3,11:20:00,67,12,770,131,True,False,18,67,True,True,True
68786,2023,MA50,2,632750,154887,154887,917,Round 2,2023-10-08,Brian Hunter,941,Trapp Family Lodge,Long tees ,55,18,2,11:10:00,52,-3,944,106,True,False,18,52,True,True,True
68786,2023,MA50,2,632750,91301,91301,892,Round 2,2023-10-08,Michael A. Stridsberg,898,Trapp Family Lodge,Long tees ,55,18,1,11:10:00,56,1,897,109,True,False,18,56,True,True,True
68786,2023,MA50,2,632750,139113,139113,881,Round 2,2023-10-08,Norman Wedge,859,Trapp Family Lodge,Long tees ,55,18,3,11:10:00,62,7,828,119,True,False,18,62,True,True,True
68786,2023,MA50,2,632750,202875,202875,879,Round 2,2023-10-08,Thomas Limanek,911,Trapp Family Lodge,Long tees ,55,18,4,11:10:00,63,8,816,123,True,False,18,63,True,True,True
68786,2023,MA50,2,632750,268207,268207,,Round 2,2023-10-08,Craig Reed,757,Trapp Family Lodge,Long tees ,55,18,5,11:10:00,64,9,805,131,True,False,18,64,True,True,True
68786,2023,MA60,1,632750,74478,74478,862,Round 1,2023-10-08,John Sudarsky,845,Trapp Family Lodge,Long tees ,55,18,4,11:30:00,61,6,839,119,True,False,18,61,True,True,True
68786,2023,MA60,1,632750,131352,131352,792,Round 1,2023-10-08,David Havens,816,Trapp Family Lodge,Long tees ,55,18,3,11:30:00,62,7,828,125,True,False,18,62,True,True,True
68786,2023,MA60,1,632750,248502,248502,776,Round 1,2023-10-08,Christian Andresen,846,Trapp Family Lodge,Long tees ,55,18,1,11:30:00,63,8,816,134,True,False,18,63,True,True,True
68786,2023,MA60,1,632750,195353,195353,740,Round 1,2023-10-08,Jerome Mendicino,730,Trapp Family Lodge,Long tees ,55,18,2,11:30:00,71,16,723,140,True,False,18,71,True,True,True
68786,2023,MA60,2,632750,74478,74478,862,Round 2,2023-10-08,John Sudarsky,845,Trapp Family Lodge,Long tees ,55,18,1,11:00:00,58,3,874,119,True,False,18,58,True,True,True
68786,2023,MA60,2,632750,131352,131352,792,Round 2,2023-10-08,David Havens,816,Trapp Family Lodge,Long tees ,55,18,2,11:00:00,63,8,816,125,True,False,18,63,True,True,True
68786,2023,MA60,2,632750,248502,248502,776,Round 2,2023-10-08,Christian Andresen,846,Trapp Family Lodge,Long tees ,55,18,3,11:00:00,71,16,723,134,True,False,18,71,True,True,True
68786,2023,MA60,2,632750,195353,195353,740,Round 2,2023-10-08,Jerome Mendicino,730,Trapp Family Lodge,Long tees ,55,18,4,11:00:00,69,14,747,140,True,False,18,69,True,True,True
68786,2023,MP40,1,632750,166239,166239,932,Round 1,2023-10-08,Tom Raub,958,Trapp Family Lodge,Long tees ,55,18,1,13:30:00,52,-3,944,107,True,False,18,52,True,True,True
68786,2023,MP40,1,632750,159476,159476,903,Round 1,2023-10-08,James Lightholder,899,Trapp Family Lodge,Long tees ,55,18,2,13:30:00,55,0,909,109,True,False,18,55,True,True,True
68786,2023,MP40,1,632750,189489,189489,946,Round 1,2023-10-08,Joshua Niss,937,Trapp Family Lodge,Long tees ,55,18,3,13:30:00,57,2,886,110,True,False,18,57,True,True,True
68786,2023,MP40,2,632750,166239,166239,932,Round 2,2023-10-08,Tom Raub,958,Trapp Family Lodge,Long tees ,55,18,1,13:10:00,55,0,909,107,True,False,18,55,True,True,True
68786,2023,MP40,2,632750,159476,159476,903,Round 2,2023-10-08,James Lightholder,899,Trapp Family Lodge,Long tees ,55,18,2,13:10:00,54,-1,921,109,True,False,18,54,True,True,True
68786,2023,MP40,2,632750,189489,189489,946,Round 2,2023-10-08,Joshua Niss,937,Trapp Family Lodge,Long tees ,55,18,3,13:10:00,53,-2,932,110,True,False,18,53,True,True,True
68786,2023,MP50,1,632750,84880,84880,918,Round 1,2023-10-08,Marcos Miller,,Trapp Family Lodge,Long tees ,55,18,2,12:40:00,59,4,863,114,True,False,18,59,True,True,True
68786,2023,MP50,1,632750,223480,223480,846,Round 1,2023-10-08,Marc Kirkpatrick,879,Trapp Family Lodge,Long tees ,55,18,3,12:40:00,61,6,839,123,True,False,18,61,True,True,True
68786,2023,MP50,2,632750,84880,84880,918,Round 2,2023-10-08,Marcos Miller,,Trapp Family Lodge,Long tees ,55,18,1,13:00:00,55,0,909,114,True,False,18,55,True,True,True
68786,2023,MP50,2,632750,223480,223480,846,Round 2,2023-10-08,Marc Kirkpatrick,879,Trapp Family Lodge,Long tees ,55,18,3,13:00:00,62,7,828,123,True,False,18,62,True,True,True
68786,2023,MPO,1,632750,118928,118928,954,Round 1,2023-10-08,Tyler Pomichter,926,Trapp Family Lodge,Long tees ,55,18,4,13:00:00,46,-9,1013,97,True,False,18,46,True,True,True
68786,2023,MPO,1,632750,169393,169393,939,Round 1,2023-10-08,Aidan Trombley,977,Trapp Family Lodge,Long tees ,55,18,1,13:10:00,47,-8,1002,97,True,False,18,47,True,True,True
68786,2023,MPO,1,632750,125328,125328,934,Round 1,2023-10-08,Dana Carpenter,,Trapp Family Lodge,Long tees ,55,18,2,12:50:00,48,-7,990,106,True,False,18,48,True,True,True
68786,2023,MPO,1,632750,241573,241573,968,Round 1,2023-10-08,Whit Stephenson,998,Trapp Family Lodge,Long tees ,55,18,3,13:20:00,48,-7,990,94,True,False,18,48,True,True,True
68786,2023,MPO,1,632750,140098,140098,966,Round 1,2023-10-08,Angus Barstow,980,Trapp Family Lodge,Long tees ,55,18,2,13:10:00,49,-6,979,101,True,False,18,49,True,True,True
68786,2023,MPO,1,632750,103627,103627,973,Round 1,2023-10-08,Clayton Davis,,Trapp Family Lodge,Long tees ,55,18,3,13:00:00,50,-5,967,94,True,False,18,50,True,True,True
68786,2023,MPO,1,632750,187845,187845,930,Round 1,2023-10-08,Shane Seals,962,Trapp Family Lodge,Long tees ,55,18,1,12:50:00,50,-5,967,107,True,False,18,50,True,True,True
68786,2023,MPO,1,632750,223671,223671,,Round 1,2023-10-08,Brendan Van Tuinen,942,Trapp Family Lodge,Long tees ,55,18,2,13:20:00,50,-5,967,103,True,False,18,50,True,True,True
68786,2023,MPO,1,632750,100885,100885,953,Round 1,2023-10-08,Jacob Moore,945,Trapp Family Lodge,Long tees ,55,18,2,13:00:00,51,-4,955,100,True,False,18,51,True,True,True
68786,2023,MPO,1,632750,125586,125586,932,Round 1,2023-10-08,Matthew Avery,,Trapp Family Lodge,Long tees ,55,18,3,13:10:00,51,-4,955,108,True,False,18,51,True,True,True
68786,2023,MPO,1,632750,150997,150997,964,Round 1,2023-10-08,Adriene Khon,969,Trapp Family Lodge,Long tees ,55,18,4,13:20:00,51,-4,955,104,True,False,18,51,True,True,True
68786,2023,MPO,1,632750,109051,109051,910,Round 1,2023-10-08,Taylor Jones,866,Trapp Family Lodge,Long tees ,55,18,3,12:50:00,52,-3,944,103,True,False,18,52,True,True,True
68786,2023,MPO,1,632750,176338,176338,962,Round 1,2023-10-08,Eric Vitoff,925,Trapp Family Lodge,Long tees ,55,18,4,13:10:00,52,-3,944,104,True,False,18,52,True,True,True
68786,2023,MPO,1,632750,128180,128180,976,Round 1,2023-10-08,Andrew Cochran,1003,Trapp Family Lodge,Long tees ,55,18,1,13:00:00,53,-2,932,98,True,False,18,53,True,True,True
68786,2023,MPO,1,632750,106970,106970,854,Round 1,2023-10-08,Stefan Farrell,852,Trapp Family Lodge,Long tees ,55,18,1,13:20:00,61,6,839,119,True,False,18,61,True,True,True
68786,2023,MPO,2,632750,103627,103627,973,Round 2,2023-10-08,Clayton Davis,,Trapp Family Lodge,Long tees ,55,18,2,13:40:00,44,-11,1037,94,True,False,18,44,True,True,True
68786,2023,MPO,2,632750,241573,241573,968,Round 2,2023-10-08,Whit Stephenson,998,Trapp Family Lodge,Long tees ,55,18,4,13:50:00,46,-9,1013,94,True,False,18,46,True,True,True
68786,2023,MPO,2,632750,169393,169393,939,Round 2,2023-10-08,Aidan Trombley,977,Trapp Family Lodge,Long tees ,55,18,2,13:50:00,50,-5,967,97,True,False,18,50,True,True,True
68786,2023,MPO,2,632750,118928,118928,954,Round 2,2023-10-08,Tyler Pomichter,926,Trapp Family Lodge,Long tees ,55,18,1,13:50:00,51,-4,955,97,True,False,18,51,True,True,True
68786,2023,MPO,2,632750,128180,128180,976,Round 2,2023-10-08,Andrew Cochran,1003,Trapp Family Lodge,Long tees ,55,18,2,13:20:00,45,-10,1025,98,True,False,18,45,True,True,True
68786,2023,MPO,2,632750,100885,100885,953,Round 2,2023-10-08,Jacob Moore,945,Trapp Family Lodge,Long tees ,55,18,1,13:30:00,49,-6,979,100,True,False,18,49,True,True,True
68786,2023,MPO,2,632750,140098,140098,966,Round 2,2023-10-08,Angus Barstow,980,Trapp Family Lodge,Long tees ,55,18,1,13:40:00,52,-3,944,101,True,False,18,52,True,True,True
68786,2023,MPO,2,632750,109051,109051,910,Round 2,2023-10-08,Taylor Jones,866,Trapp Family Lodge,Long tees ,55,18,4,13:30:00,51,-4,955,103,True,False,18,51,True,True,True
68786,2023,MPO,2,632750,223671,223671,,Round 2,2023-10-08,Brendan Van Tuinen,942,Trapp Family Lodge,Long tees ,55,18,4,13:40:00,53,-2,932,103,True,False,18,53,True,True,True
68786,2023,MPO,2,632750,176338,176338,962,Round 2,2023-10-08,Eric Vitoff,925,Trapp Family Lodge,Long tees ,55,18,1,13:20:00,52,-3,944,104,True,False,18,52,True,True,True
68786,2023,MPO,2,632750,150997,150997,964,Round 2,2023-10-08,Adriene Khon,969,Trapp Family Lodge,Long tees ,55,18,3,13:30:00,53,-2,932,104,True,False,18,53,True,True,True
68786,2023,MPO,2,632750,125328,125328,934,Round 2,2023-10-08,Dana Carpenter,,Trapp Family Lodge,Long tees ,55,18,3,13:50:00,58,3,874,106,True,False,18,58,True,True,True
68786,2023,MPO,2,632750,187845,187845,930,Round 2,2023-10-08,Shane Seals,962,Trapp Family Lodge,Long tees ,55,18,3,13:40:00,57,2,886,107,True,False,18,57,True,True,True
68786,2023,MPO,2,632750,125586,125586,932,Round 2,2023-10-08,Matthew Avery,,Trapp Family Lodge,Long tees ,55,18,2,13:30:00,57,2,886,108,True,False,18,57,True,True,True
68786,2023,MPO,2,632750,106970,106970,854,Round 2,2023-10-08,Stefan Farrell,852,Trapp Family Lodge,Long tees ,55,18,3,13:20:00,58,3,874,119,True,False,18,58,True,True,True
68805,2023,FA2,1,633834,125884,125884,822,Round 1,2023-10-22,Kaidence Moore,809,Smugglers Notch Disc Golf Center - Fox Run,Fox Run Meadows White Tees,62,18,1,09:00:00,66,4,878,130,True,False,18,66,True,True,True
68805,2023,FA2,1,633834,210776,210776,807,Round 1,2023-10-22,Mel Vargo,,Smugglers Notch Disc Golf Center - Fox Run,Fox Run Meadows White Tees,62,18,4,09:10:00,66,4,878,131,True,False,18,66,True,True,True
68805,2023,FA2,1,633834,218239,218239,815,Round 1,2023-10-22,Sarina Hampton,811,Smugglers Notch Disc Golf Center - Fox Run,Fox Run Meadows White Tees,62,18,3,09:10:00,73,11,812,142,True,False,18,73,True,True,True
68805,2023,FA2,1,633834,name:madison tsao,,,Round 1,2023-10-22,Madison Tsao,,Smugglers Notch Disc Golf Center - Fox Run,Fox Run Meadows White Tees,62,18,3,09:00:00,76,14,784,148,True,False,18,76,True,True,True
68805,2023,FA2,1,633834,268005,268005,613,Round 1,2023-10-22,Heather Wiles,,Smugglers Notch Disc Golf Center - Fox Run,Fox Run Meadows White Tees,62,18,2,09:00:00,97,35,587,888,True,False,18,97,True,True,True
68805,2023,FA2,2,633832,125884,125884,822,Round 2,2023-10-22,Kaidence Moore,809,Smugglers Notch Disc Golf Center - Brewster Ridge,Brewster Ridge White Tees,62,18,1,08:40:00,64,2,844,130,True,False,18,64,True,True,True
68805,2023,FA2,2,633832,210776,210776,807,Round 2,2023-10-22,Mel Vargo,,Smugglers Notch Disc Golf Center - Brewster Ridge,Brewster Ridge White Tees,62,18,2,08:40:00,65,3,834,131,True,False,18,65,True,True,True
68805,2023,FA2,2,633832,218239,218239,815,Round 2,2023-10-22,Sarina Hampton,811,Smugglers Notch Disc Golf Center - Brewster Ridge,Brewster Ridge White Tees,62,18,3,08:40:00,69,7,792,142,True,False,18,69,True,True,True
68805,2023,FA2,2,633832,name:madison tsao,,,Round 2,2023-10-22,Madison Tsao,,Smugglers Notch Disc Golf Center - Brewster Ridge,Brewster Ridge White Tees,62,18,4,08:40:00,72,10,760,148,True,False,18,72,True,True,True
68805,2023,FA2,2,633832,268005,268005,613,Round 2,2023-10-22,Heather Wiles,,Smugglers Notch Disc Golf Center - Brewster Ridge,Brewster Ridge White Tees,62,18,3,08:30:00,888,826,,888,True,False,0,,False,False,False
68805,2023,FA3,1,633834,266914,266914,688,Round 1,2023-10-22,Mazie Cash,,Smugglers Notch Disc Golf Center - Fox Run,Fox Run Meadows White Tees,62,18,5,08:40:00,81,19,737,160,True,False,18,81,True,True,True
68805,2023,FA3,1,633834,225842,225842,683,Round 1,2023-10-22,Amy Lee,,Smugglers Notch Disc Golf Center - Fox Run,Fox Run Meadows White Tees,62,18,2,08:40:00,87,25,681,174,True,False,18,87,True,True,True
68805,2023,FA3,1,633834,228265,228265,699,Round 1,2023-10-22,Maryellen Copping,705,Smugglers Notch Disc Golf Center - Fox Run,Fox Run Meadows White Tees,62,18,3,08:40:00,88,26,671,162,True,False,18,88,True,True,True
68805,2023,FA3,1,633834,259152,259152,618,Round 1,2023-10-22,Marie Norton,,Smugglers Notch Disc Golf Center - Fox Run,Fox Run Meadows White Tees,62,18,4,08:40:00,100,38,558,195,True,False,18,100,True,True,True
68805,2023,FA3,1,633834,215341,215341,400,Round 1,2023-10-22,Teah Miller,591,Smugglers Notch Disc Golf Center - Fox Run,Fox Run Meadows White Tees,62,18,1,08:40:00,113,51,436,216,True,False,18,113,True,True,True
68805,2023,FA3,2,633832,266914,266914,688,Round 2,2023-10-22,Mazie Cash,,Smugglers Notch Disc Golf Center - Brewster Ridge,Brewster Ridge White Tees,62,18,1,08:20:00,79,17,686,160,True,False,18,79,True,True,True
68805,2023,FA3,2,633832,228265,228265,699,Round 2,2023-10-22,Maryellen Copping,705,Smugglers Notch Disc Golf Center - Brewster Ridge,Brewster Ridge White Tees,62,18,3,08:20:00,74,12,739,162,True,False,18,74,True,True,True
68805,2023,FA3,2,633832,225842,225842,683,Round 2,2023-10-22,Amy Lee,,Smugglers Notch Disc Golf Center - Brewster Ridge,Brewster Ridge White Tees,62,18,2,08:20:00,87,25,602,174,True,False,18,87,True,True,True
68805,2023,FA3,2,633832,259152,259152,618,Round 2,2023-10-22,Marie Norton,,Smugglers Notch Disc Golf Center - Brewster Ridge,Brewster Ridge White Tees,62,18,4,08:20:00,95,33,517,195,True,False,18,95,True,True,True
68805,2023,FA3,2,633832,215341,215341,400,Round 2,2023-10-22,Teah Miller,591,Smugglers Notch Disc Golf Center - Brewster Ridge,Brewster Ridge White Tees,62,18,5,08:20:00,103,41,433,216,True,False,18,103,True,True,True
68805,2023,FA40,1,633834,210907,210907,679,Round 1,2023-10-22,Kara Vargo,690,Smugglers Notch Disc Golf Center - Fox Run,Fox Run Meadows White Tees,62,18,2,09:10:00,83,21,718,157,True,False,18,83,True,True,True
68805,2023,FA40,1,633834,192992,192992,757,Round 1,2023-10-22,Christy Fisher,705,Smugglers Notch Disc Golf Center - Fox Run,Fox Run Meadows White Tees,62,18,1,09:10:00,87,25,681,,True,False,18,87,True,True,True
68805,2023,FA40,2,633832,210907,210907,679,Round 2,2023-10-22,Kara Vargo,690,Smugglers Notch Disc Golf Center - Brewster Ridge,Brewster Ridge White Tees,62,18,3,08:30:00,74,12,739,157,True,False,18,74,True,True,True
68805,2023,FA40,2,633832,192992,192992,757,Round 2,2023-10-22,Christy Fisher,705,Smugglers Notch Disc Golf Center - Brewster Ridge,Brewster Ridge White Tees,62,18,,,,,,,True,True,0,,False,False,False
68805,2023,FJ15,1,633834,name:ceili irving,,,Round 1,2023-10-22,Ceili Irving,,Smugglers Notch Disc Golf Center - Fox Run,Fox Run Meadows White Tees,62,18,4,09:00:00,90,28,652,163,True,False,18,90,True,True,True
68805,2023,FJ15,2,633832,name:ceili irving,,,Round 2,2023-10-22,Ceili Irving,,Smugglers Notch Disc Golf Center - Brewster Ridge,Brewster Ridge White Tees,62,18,4,08:30:00,73,11,749,163,True,False,18,73,True,True,True
68805,2023,FPO,1,633831,103743,103743,897,Round 1,2023-10-22,Karen Martel,927,Smugglers Notch Disc Golf Center - Brewster Ridge,Brewster Ridge Blue Tees,62,18,1,10:40:00,65,3,928,147,True,False,18,65,True,True,True
68805,2023,FPO,1,633831,174640,174640,860,Round 1,2023-10-22,Maureen McGuinness,,Smugglers Notch Disc Golf Center - Brewster Ridge,Brewster Ridge Blue Tees,62,18,2,10:50:00,66,4,919,144,True,False,18,66,True,True,True
68805,2023,FPO,1,633831,163363,163363,853,Round 1,2023-10-22,Julie Bisson,883,Smugglers Notch Disc Golf Center - Brewster Ridge,Brewster Ridge Blue Tees,62,18,3,10:50:00,72,10,868,152,True,False,18,72,True,True,True
68805,2023,FPO,1,633831,182424,182424,825,Round 1,2023-10-22,Olivia Martin,859,Smugglers Notch Disc Golf Center - Brewster Ridge,Brewster Ridge Blue Tees,62,18,4,10:50:00,73,11,859,159,True,False,18,73,True,True,True
68805,2023,FPO,1,633831,132857,132857,851,Round 1,2023-10-22,Serena Lamson,,Smugglers Notch Disc Golf Center - Brewster Ridge,Brewster Ridge Blue Tees,62,18,1,10:50:00,74,12,851,161,True,False,18,74,True,True,True
68805,2023,FPO,1,633831,207096,207096,824,Round 1,2023-10-22,Skye Alexander,847,Smugglers Notch Disc Golf Center - Brewster Ridge,Brewster Ridge Blue Tees,62,18,2,10:40:00,76,14,833,,True,False,18,76,True,True,True
68805,2023,FPO,1,633831,152971,152971,827,Round 1,2023-10-22,Isabelle Bourque,825,Smugglers Notch Disc Golf Center - Brewster Ridge,Brewster Ridge Blue Tees,62,18,3,10:40:00,77,15,825,160,True,False,18,77,True,True,True
68805,2023,FPO,2,633833,174640,174640,860,Round 2,2023-10-22,Maureen McGuinness,,Smugglers Notch Disc Golf Center - Fox Run,Fox Run Meadows Blue Tees,62,18,2,10:00:00,78,16,892,144,True,False,18,78,True,True,True
68805,2023,FPO,2,633833,103743,103743,897,Round 2,2023-10-22,Karen Martel,927,Smugglers Notch Disc Golf Center - Fox Run,Fox Run Meadows Blue Tees,62,18,1,10:00:00,82,20,863,147,True,False,18,82,True,True,True
68805,2023,FPO,2,633833,163363,163363,853,Round 2,2023-10-22,Julie Bisson,883,Smugglers Notch Disc Golf Center - Fox Run,Fox Run Meadows Blue Tees,62,18,3,10:00:00,80,18,877,152,True,False,18,80,True,True,True
68805,2023,FPO,2,633833,182424,182424,825,Round 2,2023-10-22,Olivia Martin,859,Smugglers Notch Disc Golf Center - Fox Run,Fox Run Meadows Blue Tees,62,18,4,10:00:00,86,24,834,159,True,False,18,86,True,True,True
68805,2023,FPO,2,633833,152971,152971,827,Round 2,2023-10-22,Isabelle Bourque,825,Smugglers Notch Disc Golf Center - Fox Run,Fox Run Meadows Blue Tees,62,18,3,09:50:00,83,21,856,160,True,False,18,83,True,True,True
68805,2023,FPO,2,633833,132857,132857,851,Round 2,2023-10-22,Serena Lamson,,Smugglers Notch Disc Golf Center - Fox Run,Fox Run Meadows Blue Tees,62,18,1,09:50:00,87,25,827,161,True,False,18,87,True,True,True
68805,2023,FPO,2,633833,207096,207096,824,Round 2,2023-10-22,Skye Alexander,847,Smugglers Notch Disc Golf Center - Fox Run,Fox Run Meadows Blue Tees,62,18,2,09:50:00,119,937,,,True,False,18,119,True,True,True
68805,2023,MA1,1,633805,142155,142155,940,Round 1,2023-10-22,Thomas Robinson,951,Smugglers Notch Disc Golf Center - Brewster Ridge,Brewster Ridge Gold Tees,62,18,2,08:50:00,65,3,992,127,True,False,18,65,True,True,True
68805,2023,MA1,1,633805,165231,165231,939,Round 1,2023-10-22,August Lee-Kovach,952,Smugglers Notch Disc Golf Center - Brewster Ridge,Brewster Ridge Gold Tees,62,18,3,08:30:00,68,6,971,134,True,False,18,68,True,True,True
68805,2023,MA1,1,633805,176338,176338,962,Round 1,2023-10-22,Eric Vitoff,925,Smugglers Notch Disc Golf Center - Brewster Ridge,Brewster Ridge Gold Tees,62,18,3,09:20:00,68,6,971,140,True,False,18,68,True,True,True
68805,2023,MA1,1,633805,98747,98747,946,Round 1,2023-10-22,Uriyah Kelley,982,Smugglers Notch Disc Golf Center - Brewster Ridge,Brewster Ridge Gold Tees,62,18,1,09:00:00,69,7,964,139,True,False,18,69,True,True,True
68805,2023,MA1,1,633805,173058,173058,932,Round 1,2023-10-22,Brandon Allaire,950,Smugglers Notch Disc Golf Center - Brewster Ridge,Brewster Ridge Gold Tees,62,18,3,08:50:00,69,7,964,145,True,False,18,69,True,True,True
68805,2023,MA1,1,633805,79565,79565,959,Round 1,2023-10-22,Christopher Reid,,Smugglers Notch Disc Golf Center - Brewster Ridge,Brewster Ridge Gold Tees,62,18,1,08:30:00,70,8,957,141,True,False,18,70,True,True,True
68805,2023,MA1,1,633805,102483,102483,950,Round 1,2023-10-22,Zachary Moss,,Smugglers Notch Disc Golf Center - Brewster Ridge,Brewster Ridge Gold Tees,62,18,4,08:50:00,70,8,957,139,True,False,18,70,True,True,True
68805,2023,MA1,1,633805,104226,104226,925,Round 1,2023-10-22,Beau Schofield,934,Smugglers Notch Disc Golf Center - Brewster Ridge,Brewster Ridge Gold Tees,62,18,1,09:10:00,70,8,957,134,True,False,18,70,True,True,True
68805,2023,MA1,1,633805,146710,146710,906,Round 1,2023-10-22,Nicholas Laurendeau,,Smugglers Notch Disc Golf Center - Brewster Ridge,Brewster Ridge Gold Tees,62,18,2,10:00:00,70,8,957,146,True,False,18,70,True,True,True
68805,2023,MA1,1,633805,220870,220870,927,Round 1,2023-10-22,Martin Bernard,980,Smugglers Notch Disc Golf Center - Brewster Ridge,Brewster Ridge Gold Tees,62,18,4,08:40:00,70,8,957,143,True,False,18,70,True,True,True
68805,2023,MA1,1,633805,111643,111643,928,Round 1,2023-10-22,Finn Etter,1013,Smugglers Notch Disc Golf Center - Brewster Ridge,Brewster Ridge Gold Tees,62,18,1,10:00:00,71,9,950,137,True,False,18,71,True,True,True
68805,2023,MA1,1,633805,121418,121418,947,Round 1,2023-10-22,Brian Charash,,Smugglers Notch Disc Golf Center - Brewster Ridge,Brewster Ridge Gold Tees,62,18,1,09:50:00,71,9,950,152,True,False,18,71,True,True,True
68805,2023,MA1,1,633805,195531,195531,907,Round 1,2023-10-22,Devon Mendicino,920,Smugglers Notch Disc Golf Center - Brewster Ridge,Brewster Ridge Gold Tees,62,18,4,09:40:00,72,10,943,139,True,False,18,72,True,True,True
68805,2023,MA1,1,633805,147788,147788,927,Round 1,2023-10-22,Dan Cornellier,939,Smugglers Notch Disc Golf Center - Brewster Ridge,Brewster Ridge Gold Tees,62,18,1,09:20:00,74,12,930,142,True,False,18,74,True,True,True
68805,2023,MA1,1,633805,146226,146226,911,Round 1,2023-10-22,Jason Cagney,927,Smugglers Notch Disc Golf Center - Brewster Ridge,Brewster Ridge Gold Tees,62,18,2,09:40:00,75,13,923,140,True,False,18,75,True,True,True
68805,2023,MA1,1,633805,174031,174031,893,Round 1,2023-10-22,Ian MacDonald,909,Smugglers Notch Disc Golf Center - Brewster Ridge,Brewster Ridge Gold Tees,62,18,3,09:40:00,75,13,923,149,True,False,18,75,True,True,True
68805,2023,MA1,1,633805,212529,212529,924,Round 1,2023-10-22,Mathew Darby,958,Smugglers Notch Disc Golf Center - Brewster Ridge,Brewster Ridge Gold Tees,62,18,2,08:40:00,75,13,923,153,True,False,18,75,True,True,True
68805,2023,MA1,1,633805,73983,73983,923,Round 1,2023-10-22,Seth Crevison,922,Smugglers Notch Disc Golf Center - Brewster Ridge,Brewster Ridge Gold Tees,62,18,1,09:30:00,76,14,916,148,True,False,18,76,True,True,True
68805,2023,MA1,1,633805,131201,131201,924,Round 1,2023-10-22,Tyler LaPerle,973,Smugglers Notch Disc Golf Center - Brewster Ridge,Brewster Ridge Gold Tees,62,18,1,09:40:00,76,14,916,140,True,False,18,76,True,True,True
68805,2023,MA1,1,633805,136803,136803,902,Round 1,2023-10-22,Kevin Shinnick,900,Smugglers Notch Disc Golf Center - Brewster Ridge,Brewster Ridge Gold Tees,62,18,2,09:30:00,76,14,916,162,True,False,18,76,True,True,True
68805,2023,MA1,1,633805,158783,158783,888,Round 1,2023-10-22,Joseph Humes,906,Smugglers Notch Disc Golf Center - Brewster Ridge,Brewster Ridge Gold Tees,62,18,4,10:10:00,76,14,916,153,True,False,18,76,True,True,True
68805,2023,MA1,1,633805,219966,219966,930,Round 1,2023-10-22,Colin Dowey,920,Smugglers Notch Disc Golf Center - Brewster Ridge,Brewster Ridge Gold Tees,62,18,3,09:00:00,76,14,916,148,True,False,18,76,True,True,True
68805,2023,MA1,1,633805,82340,82340,893,Round 1,2023-10-22,Justin Leonard,912,Smugglers Notch Disc Golf Center - Brewster Ridge,Brewster Ridge Gold Tees,62,18,1,10:10:00,77,15,909,157,True,False,18,77,True,True,True
68805,2023,MA1,1,633805,144983,144983,920,Round 1,2023-10-22,Wilson Kondracki,936,Smugglers Notch Disc Golf Center - Brewster Ridge,Brewster Ridge Gold Tees,62,18,3,10:10:00,77,15,909,152,True,False,18,77,True,True,True
68805,2023,MA1,1,633805,149370,149370,895,Round 1,2023-10-22,Justin Serrano,897,Smugglers Notch Disc Golf Center - Brewster Ridge,Brewster Ridge Gold Tees,62,18,2,09:20:00,77,15,909,167,True,False,18,77,True,True,True
68805,2023,MA1,1,633805,212570,212570,880,Round 1,2023-10-22,Derek Copping,874,Smugglers Notch Disc Golf Center - Brewster Ridge,Brewster Ridge Gold Tees,62,18,2,09:10:00,77,15,909,155,True,False,18,77,True,True,True
68805,2023,MA1,1,633805,110707,110707,931,Round 1,2023-10-22,Jason Wilson,927,Smugglers Notch Disc Golf Center - Brewster Ridge,Brewster Ridge Gold Tees,62,18,2,10:10:00,78,16,902,154,True,False,18,78,True,True,True
68805,2023,MA1,1,633805,222597,222597,877,Round 1,2023-10-22,Jack McCarthy,,Smugglers Notch Disc Golf Center - Brewster Ridge,Brewster Ridge Gold Tees,62,18,4,09:50:00,79,17,895,158,True,False,18,79,True,True,True
68805,2023,MA1,1,633805,138042,138042,908,Round 1,2023-10-22,Russell Freeman,925,Smugglers Notch Disc Golf Center - Brewster Ridge,Brewster Ridge Gold Tees,62,18,2,09:50:00,80,18,888,159,True,False,18,80,True,True,True
68805,2023,MA1,1,633805,175140,175140,911,Round 1,2023-10-22,Christian Garey,890,Smugglers Notch Disc Golf Center - Brewster Ridge,Brewster Ridge Gold Tees,62,18,2,08:30:00,80,18,888,162,True,False,18,80,True,True,True
68805,2023,MA1,1,633805,112678,112678,906,Round 1,2023-10-22,A.J. Krawczyk,928,Smugglers Notch Disc Golf Center - Brewster Ridge,Brewster Ridge Gold Tees,62,18,1,08:50:00,81,19,881,154,True,False,18,81,True,True,True
68805,2023,MA1,1,633805,222422,222422,896,Round 1,2023-10-22,Ryan Busalacchi,,Smugglers Notch Disc Golf Center - Brewster Ridge,Brewster Ridge Gold Tees,62,18,3,09:10:00,81,19,881,165,True,False,18,81,True,True,True
68805,2023,MA1,1,633805,242103,242103,854,Round 1,2023-10-22,Nathan Oxenfeld,895,Smugglers Notch Disc Golf Center - Brewster Ridge,Brewster Ridge Gold Tees,62,18,4,09:20:00,81,19,881,166,True,False,18,81,True,True,True
68805,2023,MA1,1,633805,247199,247199,886,Round 1,2023-10-22,Jeremy Nadeau,904,Smugglers Notch Disc Golf Center - Brewster Ridge,Brewster Ridge Gold Tees,62,18,3,10:00:00,83,21,867,158,True,False,18,83,True,True,True
68805,2023,MA1,1,633805,251964,251964,908,Round 1,2023-10-22,Hans Kindstedt,938,Smugglers Notch Disc Golf Center - Brewster Ridge,Brewster Ridge Gold Tees,62,18,4,09:30:00,83,21,867,155,True,False,18,83,True,True,True
68805,2023,MA1,1,633805,149101,149101,933,Round 1,2023-10-22,Ryan Sullivan,955,Smugglers Notch Disc Golf Center - Brewster Ridge,Brewster Ridge Gold Tees,62,18,2,09:00:00,84,22,860,166,True,False,18,84,True,True,True
68805,2023,MA1,1,633805,174646,174646,865,Round 1,2023-10-22,David Oppenheimer,,Smugglers Notch Disc Golf Center - Brewster Ridge,Brewster Ridge Gold Tees,62,18,3,09:30:00,85,23,853,162,True,False,18,85,True,True,True
68805,2023,MA1,1,633805,267039,267039,,Round 1,2023-10-22,Michael Jannuzzi,,Smugglers Notch Disc Golf Center - Brewster Ridge,Brewster Ridge Gold Tees,62,18,4,09:10:00,85,23,853,165,True,False,18,85,True,True,True
68805,2023,MA1,1,633805,248718,248718,836,Round 1,2023-10-22,Keane Roland,916,Smugglers Notch Disc Golf Center - Brewster Ridge,Brewster Ridge Gold Tees,62,18,1,08:40:00,86,24,846,187,True,False,18,86,True,True,True
68805,2023,MA1,1,633805,248546,248546,872,Round 1,2023-10-22,Henry Mauck,,Smugglers Notch Disc Golf Center - Brewster Ridge,Brewster Ridge Gold Tees,62,18,3,08:40:00,88,26,832,,True,False,18,88,True,True,True
68805,2023,MA1,1,633805,258938,258938,858,Round 1,2023-10-22,Brandon Kendall,,Smugglers Notch Disc Golf Center - Brewster Ridge,Brewster Ridge Gold Tees,62,18,3,09:50:00,89,27,825,,True,False,18,89,True,True,True
68805,2023,MA1,2,633833,142155,142155,940,Round 2,2023-10-22,Thomas Robinson,951,Smugglers Notch Disc Golf Center - Fox Run,Fox Run Meadows Blue Tees,62,18,1,09:20:00,62,0,1007,127,True,False,18,62,True,True,True
68805,2023,MA1,2,633833,104226,104226,925,Round 2,2023-10-22,Beau Schofield,934,Smugglers Notch Disc Golf Center - Fox Run,Fox Run Meadows Blue Tees,62,18,4,09:10:00,64,2,992,134,True,False,18,64,True,True,True
68805,2023,MA1,2,633833,165231,165231,939,Round 2,2023-10-22,August Lee-Kovach,952,Smugglers Notch Disc Golf Center - Fox Run,Fox Run Meadows Blue Tees,62,18,2,09:20:00,66,4,978,134,True,False,18,66,True,True,True
68805,2023,MA1,2,633833,111643,111643,928,Round 2,2023-10-22,Finn Etter,1013,Smugglers Notch Disc Golf Center - Fox Run,Fox Run Meadows Blue Tees,62,18,3,09:00:00,66,4,978,137,True,False,18,66,True,True,True
68805,2023,MA1,2,633833,195531,195531,907,Round 2,2023-10-22,Devon Mendicino,920,Smugglers Notch Disc Golf Center - Fox Run,Fox Run Meadows Blue Tees,62,18,1,08:50:00,67,5,971,139,True,False,18,67,True,True,True
68805,2023,MA1,2,633833,102483,102483,950,Round 2,2023-10-22,Zachary Moss,,Smugglers Notch Disc Golf Center - Fox Run,Fox Run Meadows Blue Tees,62,18,3,09:10:00,69,7,956,139,True,False,18,69,True,True,True
68805,2023,MA1,2,633833,98747,98747,946,Round 2,2023-10-22,Uriyah Kelley,982,Smugglers Notch Disc Golf Center - Fox Run,Fox Run Meadows Blue Tees,62,18,4,09:20:00,70,8,949,139,True,False,18,70,True,True,True
68805,2023,MA1,2,633833,131201,131201,924,Round 2,2023-10-22,Tyler LaPerle,973,Smugglers Notch Disc Golf Center - Fox Run,Fox Run Meadows Blue Tees,62,18,3,08:40:00,64,2,992,140,True,False,18,64,True,True,True
68805,2023,MA1,2,633833,146226,146226,911,Round 2,2023-10-22,Jason Cagney,927,Smugglers Notch Disc Golf Center - Fox Run,Fox Run Meadows Blue Tees,62,18,3,08:50:00,65,3,985,140,True,False,18,65,True,True,True
68805,2023,MA1,2,633833,176338,176338,962,Round 2,2023-10-22,Eric Vitoff,925,Smugglers Notch Disc Golf Center - Fox Run,Fox Run Meadows Blue Tees,62,18,3,09:20:00,72,10,935,140,True,False,18,72,True,True,True
68805,2023,MA1,2,633833,79565,79565,959,Round 2,2023-10-22,Christopher Reid,,Smugglers Notch Disc Golf Center - Fox Run,Fox Run Meadows Blue Tees,62,18,2,09:10:00,71,9,942,141,True,False,18,71,True,True,True
68805,2023,MA1,2,633833,147788,147788,927,Round 2,2023-10-22,Dan Cornellier,939,Smugglers Notch Disc Golf Center - Fox Run,Fox Run Meadows Blue Tees,62,18,2,08:50:00,68,6,964,142,True,False,18,68,True,True,True
68805,2023,MA1,2,633833,220870,220870,927,Round 2,2023-10-22,Martin Bernard,980,Smugglers Notch Disc Golf Center - Fox Run,Fox Run Meadows Blue Tees,62,18,2,09:00:00,73,11,928,143,True,False,18,73,True,True,True
68805,2023,MA1,2,633833,173058,173058,932,Round 2,2023-10-22,Brandon Allaire,950,Smugglers Notch Disc Golf Center - Fox Run,Fox Run Meadows Blue Tees,62,18,1,09:10:00,76,14,906,145,True,False,18,76,True,True,True
68805,2023,MA1,2,633833,146710,146710,906,Round 2,2023-10-22,Nicholas Laurendeau,,Smugglers Notch Disc Golf Center - Fox Run,Fox Run Meadows Blue Tees,62,18,1,09:00:00,76,14,906,146,True,False,18,76,True,True,True
68805,2023,MA1,2,633833,73983,73983,923,Round 2,2023-10-22,Seth Crevison,922,Smugglers Notch Disc Golf Center - Fox Run,Fox Run Meadows Blue Tees,62,18,2,08:40:00,72,10,935,148,True,False,18,72,True,True,True
68805,2023,MA1,2,633833,219966,219966,930,Round 2,2023-10-22,Colin Dowey,920,Smugglers Notch Disc Golf Center - Fox Run,Fox Run Meadows Blue Tees,62,18,2,08:30:00,72,10,935,148,True,False,18,72,True,True,True
68805,2023,MA1,2,633833,174031,174031,893,Round 2,2023-10-22,Ian MacDonald,909,Smugglers Notch Disc Golf Center - Fox Run,Fox Run Meadows Blue Tees,62,18,4,08:50:00,74,12,921,149,True,False,18,74,True,True,True
68805,2023,MA1,2,633833,144983,144983,920,Round 2,2023-10-22,Wilson Kondracki,936,Smugglers Notch Disc Golf Center - Fox Run,Fox Run Meadows Blue Tees,62,18,4,08:30:00,75,13,913,152,True,False,18,75,True,True,True
68805,2023,MA1,2,633833,121418,121418,947,Round 2,2023-10-22,Brian Charash,,Smugglers Notch Disc Golf Center - Fox Run,Fox Run Meadows Blue Tees,62,18,4,09:00:00,81,19,870,152,True,False,18,81,True,True,True
68805,2023,MA1,2,633833,158783,158783,888,Round 2,2023-10-22,Joseph Humes,906,Smugglers Notch Disc Golf Center - Fox Run,Fox Run Meadows Blue Tees,62,18,1,08:30:00,77,15,899,153,True,False,18,77,True,True,True
68805,2023,MA1,2,633833,212529,212529,924,Round 2,2023-10-22,Mathew Darby,958,Smugglers Notch Disc Golf Center - Fox Run,Fox Run Meadows Blue Tees,62,18,1,08:40:00,78,16,892,153,True,False,18,78,True,True,True
68805,2023,MA1,2,633833,112678,112678,906,Round 2,2023-10-22,A.J. Krawczyk,928,Smugglers Notch Disc Golf Center - Fox Run,Fox Run Meadows Blue Tees,62,18,3,08:10:00,73,11,928,154,True,False,18,73,True,True,True
68805,2023,MA1,2,633833,110707,110707,931,Round 2,2023-10-22,Jason Wilson,927,Smugglers Notch Disc Golf Center - Fox Run,Fox Run Meadows Blue Tees,62,18,3,08:20:00,76,14,906,154,True,False,18,76,True,True,True
68805,2023,MA1,2,633833,251964,251964,908,Round 2,2023-10-22,Hans Kindstedt,938,Smugglers Notch Disc Golf Center - Fox Run,Fox Run Meadows Blue Tees,62,18,3,08:00:00,72,10,935,155,True,False,18,72,True,True,True
68805,2023,MA1,2,633833,212570,212570,880,Round 2,2023-10-22,Derek Copping,874,Smugglers Notch Disc Golf Center - Fox Run,Fox Run Meadows Blue Tees,62,18,2,08:20:00,78,16,892,155,True,False,18,78,True,True,True
68805,2023,MA1,2,633833,82340,82340,893,Round 2,2023-10-22,Justin Leonard,912,Smugglers Notch Disc Golf Center - Fox Run,Fox Run Meadows Blue Tees,62,18,3,08:30:00,80,18,877,157,True,False,18,80,True,True,True
68805,2023,MA1,2,633833,247199,247199,886,Round 2,2023-10-22,Jeremy Nadeau,904,Smugglers Notch Disc Golf Center - Fox Run,Fox Run Meadows Blue Tees,62,18,2,08:00:00,75,13,913,158,True,False,18,75,True,True,True
68805,2023,MA1,2,633833,222597,222597,877,Round 2,2023-10-22,Jack McCarthy,,Smugglers Notch Disc Golf Center - Fox Run,Fox Run Meadows Blue Tees,62,18,4,08:20:00,79,17,885,158,True,False,18,79,True,True,True
68805,2023,MA1,2,633833,138042,138042,908,Round 2,2023-10-22,Russell Freeman,925,Smugglers Notch Disc Golf Center - Fox Run,Fox Run Meadows Blue Tees,62,18,1,08:10:00,79,17,885,159,True,False,18,79,True,True,True
68805,2023,MA1,2,633833,174646,174646,865,Round 2,2023-10-22,David Oppenheimer,,Smugglers Notch Disc Golf Center - Fox Run,Fox Run Meadows Blue Tees,62,18,2,07:50:00,77,15,899,162,True,False,18,77,True,True,True
68805,2023,MA1,2,633833,175140,175140,911,Round 2,2023-10-22,Christian Garey,890,Smugglers Notch Disc Golf Center - Fox Run,Fox Run Meadows Blue Tees,62,18,2,08:10:00,82,20,863,162,True,False,18,82,True,True,True
68805,2023,MA1,2,633833,136803,136803,902,Round 2,2023-10-22,Kevin Shinnick,900,Smugglers Notch Disc Golf Center - Fox Run,Fox Run Meadows Blue Tees,62,18,4,08:40:00,86,24,834,162,True,False,18,86,True,True,True
68805,2023,MA1,2,633833,267039,267039,,Round 2,2023-10-22,Michael Jannuzzi,,Smugglers Notch Disc Golf Center - Fox Run,Fox Run Meadows Blue Tees,62,18,3,07:50:00,80,18,877,165,True,False,18,80,True,True,True
68805,2023,MA1,2,633833,222422,222422,896,Round 2,2023-10-22,Ryan Busalacchi,,Smugglers Notch Disc Golf Center - Fox Run,Fox Run Meadows Blue Tees,62,18,4,08:10:00,84,22,849,165,True,False,18,84,True,True,True
68805,2023,MA1,2,633833,149101,149101,933,Round 2,2023-10-22,Ryan Sullivan,955,Smugglers Notch Disc Golf Center - Fox Run,Fox Run Meadows Blue Tees,62,18,1,07:50:00,82,20,863,166,True,False,18,82,True,True,True
68805,2023,MA1,2,633833,242103,242103,854,Round 2,2023-10-22,Nathan Oxenfeld,895,Smugglers Notch Disc Golf Center - Fox Run,Fox Run Meadows Blue Tees,62,18,1,08:00:00,85,23,841,166,True,False,18,85,True,True,True
68805,2023,MA1,2,633833,149370,149370,895,Round 2,2023-10-22,Justin Serrano,897,Smugglers Notch Disc Golf Center - Fox Run,Fox Run Meadows Blue Tees,62,18,1,08:20:00,90,28,805,167,True,False,18,90,True,True,True
68805,2023,MA1,2,633833,248718,248718,836,Round 2,2023-10-22,Keane Roland,916,Smugglers Notch Disc Golf Center - Fox Run,Fox Run Meadows Blue Tees,62,18,4,07:40:00,101,39,726,187,True,False,18,101,True,True,True
68805,2023,MA1,2,633833,248546,248546,872,Round 2,2023-10-22,Henry Mauck,,Smugglers Notch Disc Golf Center - Fox Run,Fox Run Meadows Blue Tees,62,18,2,07:40:00,,,,,True,True,0,,False,False,False
68805,2023,MA1,2,633833,258938,258938,858,Round 2,2023-10-22,Brandon Kendall,,Smugglers Notch Disc Golf Center - Fox Run,Fox Run Meadows Blue Tees,62,18,3,07:40:00,,,,,True,True,0,,False,False,False
68805,2023,MA2,1,633833,189203,189203,888,Round 1,2023-10-22,Bobby Martino,911,Smugglers Notch Disc Golf Center - Fox Run,Fox Run Meadows Blue Tees,62,18,1,12:50:00,68,6,964,134,True,False,18,68,True,True,True
68805,2023,MA2,1,633833,260064,260064,894,Round 1,2023-10-22,David Kucia,,Smugglers Notch Disc Golf Center - Fox Run,Fox Run Meadows Blue Tees,62,18,4,13:00:00,68,6,964,142,True,False,18,68,True,True,True
68805,2023,MA2,1,633833,213224,213224,884,Round 1,2023-10-22,Justin Griswold,914,Smugglers Notch Disc Golf Center - Fox Run,Fox Run Meadows Blue Tees,62,18,3,12:30:00,69,7,956,141,True,False,18,69,True,True,True
68805,2023,MA2,1,633833,159224,159224,913,Round 1,2023-10-22,Bryce McKim,,Smugglers Notch Disc Golf Center - Fox Run,Fox Run Meadows Blue Tees,62,18,3,13:20:00,71,9,942,137,True,False,18,71,True,True,True
68805,2023,MA2,1,633833,205327,205327,890,Round 1,2023-10-22,Justin Hampton,876,Smugglers Notch Disc Golf Center - Fox Run,Fox Run Meadows Blue Tees,62,18,2,12:40:00,71,9,942,141,True,False,18,71,True,True,True
68805,2023,MA2,1,633833,224931,224931,896,Round 1,2023-10-22,Mark Thompson,,Smugglers Notch Disc Golf Center - Fox Run,Fox Run Meadows Blue Tees,62,18,4,12:30:00,71,9,942,139,True,False,18,71,True,True,True
68805,2023,MA2,1,633833,136683,136683,891,Round 1,2023-10-22,Jacob Vincent,,Smugglers Notch Disc Golf Center - Fox Run,Fox Run Meadows Blue Tees,62,18,1,11:50:00,72,10,935,136,True,False,18,72,True,True,True
68805,2023,MA2,1,633833,228825,228825,928,Round 1,2023-10-22,Carter Thorne-Kaunelis,964,Smugglers Notch Disc Golf Center - Fox Run,Fox Run Meadows Blue Tees,62,18,4,13:30:00,72,10,935,130,True,False,18,72,True,True,True
68805,2023,MA2,1,633833,210681,210681,900,Round 1,2023-10-22,Kyle Anderson Andresen,911,Smugglers Notch Disc Golf Center - Fox Run,Fox Run Meadows Blue Tees,62,18,1,12:20:00,73,11,928,145,True,False,18,73,True,True,True
68805,2023,MA2,1,633833,163523,163523,857,Round 1,2023-10-22,Landon Desroches,866,Smugglers Notch Disc Golf Center - Fox Run,Fox Run Meadows Blue Tees,62,18,2,13:40:00,74,12,921,140,True,False,18,74,True,True,True
68805,2023,MA2,1,633833,177260,177260,894,Round 1,2023-10-22,Fisher Evans,,Smugglers Notch Disc Golf Center - Fox Run,Fox Run Meadows Blue Tees,62,18,1,12:10:00,74,12,921,143,True,False,18,74,True,True,True
68805,2023,MA2,1,633833,184639,184639,849,Round 1,2023-10-22,Emile Dostie,,Smugglers Notch Disc Golf Center - Fox Run,Fox Run Meadows Blue Tees,62,18,2,12:30:00,74,12,921,148,True,False,18,74,True,True,True
68805,2023,MA2,1,633833,137984,137984,868,Round 1,2023-10-22,Tristan Bryce,,Smugglers Notch Disc Golf Center - Fox Run,Fox Run Meadows Blue Tees,62,18,2,13:20:00,76,14,906,148,True,False,18,76,True,True,True
68805,2023,MA2,1,633833,221157,221157,890,Round 1,2023-10-22,Dylan Slick,915,Smugglers Notch Disc Golf Center - Fox Run,Fox Run Meadows Blue Tees,62,18,2,12:20:00,76,14,906,141,True,False,18,76,True,True,True
68805,2023,MA2,1,633833,124203,124203,894,Round 1,2023-10-22,Ezra Koch,954,Smugglers Notch Disc Golf Center - Fox Run,Fox Run Meadows Blue Tees,62,18,1,13:40:00,77,15,899,146,True,False,18,77,True,True,True
68805,2023,MA2,1,633833,207208,207208,906,Round 1,2023-10-22,Justin Abbott,918,Smugglers Notch Disc Golf Center - Fox Run,Fox Run Meadows Blue Tees,62,18,3,13:00:00,77,15,899,144,True,False,18,77,True,True,True
68805,2023,MA2,1,633833,229597,229597,889,Round 1,2023-10-22,Owen Buckley,,Smugglers Notch Disc Golf Center - Fox Run,Fox Run Meadows Blue Tees,62,18,2,12:50:00,77,15,899,155,True,False,18,77,True,True,True
68805,2023,MA2,1,633833,160671,160671,903,Round 1,2023-10-22,Elliot Waring,,Smugglers Notch Disc Golf Center - Fox Run,Fox Run Meadows Blue Tees,62,18,4,13:10:00,78,16,892,143,True,False,18,78,True,True,True
68805,2023,MA2,1,633833,180438,180438,894,Round 1,2023-10-22,Elian Furs,,Smugglers Notch Disc Golf Center - Fox Run,Fox Run Meadows Blue Tees,62,18,2,13:00:00,78,16,892,145,True,False,18,78,True,True,True
68805,2023,MA2,1,633833,220366,220366,872,Round 1,2023-10-22,Joe Talmadge,,Smugglers Notch Disc Golf Center - Fox Run,Fox Run Meadows Blue Tees,62,18,3,12:40:00,78,16,892,148,True,False,18,78,True,True,True
68805,2023,MA2,1,633833,144726,144726,879,Round 1,2023-10-22,Marc Davis,903,Smugglers Notch Disc Golf Center - Fox Run,Fox Run Meadows Blue Tees,62,18,3,13:10:00,79,17,885,147,True,False,18,79,True,True,True
68805,2023,MA2,1,633833,219307,219307,889,Round 1,2023-10-22,Everett Secor,935,Smugglers Notch Disc Golf Center - Fox Run,Fox Run Meadows Blue Tees,62,18,4,13:40:00,79,17,885,147,True,False,18,79,True,True,True
68805,2023,MA2,1,633833,268186,268186,938,Round 1,2023-10-22,Brody Reed,926,Smugglers Notch Disc Golf Center - Fox Run,Fox Run Meadows Blue Tees,62,18,4,12:10:00,79,17,885,151,True,False,18,79,True,True,True
68805,2023,MA2,1,633833,134840,134840,891,Round 1,2023-10-22,Dustin Eagar,894,Smugglers Notch Disc Golf Center - Fox Run,Fox Run Meadows Blue Tees,62,18,2,13:30:00,80,18,877,145,True,False,18,80,True,True,True
68805,2023,MA2,1,633833,142609,142609,895,Round 1,2023-10-22,Shane Leadbetter,910,Smugglers Notch Disc Golf Center - Fox Run,Fox Run Meadows Blue Tees,62,18,2,11:50:00,80,18,877,147,True,False,18,80,True,True,True
68805,2023,MA2,1,633833,229599,229599,856,Round 1,2023-10-22,Jonathan Gonelli,,Smugglers Notch Disc Golf Center - Fox Run,Fox Run Meadows Blue Tees,62,18,3,12:20:00,80,18,877,148,True,False,18,80,True,True,True
68805,2023,MA2,1,633833,63896,63896,895,Round 1,2023-10-22,Ross King,899,Smugglers Notch Disc Golf Center - Fox Run,Fox Run Meadows Blue Tees,62,18,1,12:00:00,81,19,870,149,True,False,18,81,True,True,True
68805,2023,MA2,1,633833,99400,99400,874,Round 1,2023-10-22,Jacob Hillegas,889,Smugglers Notch Disc Golf Center - Fox Run,Fox Run Meadows Blue Tees,62,18,1,12:40:00,81,19,870,152,True,False,18,81,True,True,True
68805,2023,MA2,1,633833,124608,124608,909,Round 1,2023-10-22,Skyler Phelan,942,Smugglers Notch Disc Golf Center - Fox Run,Fox Run Meadows Blue Tees,62,18,1,13:10:00,81,19,870,141,True,False,18,81,True,True,True
68805,2023,MA2,1,633833,212714,212714,861,Round 1,2023-10-22,Rocco Ceci,879,Smugglers Notch Disc Golf Center - Fox Run,Fox Run Meadows Blue Tees,62,18,3,11:50:00,81,19,870,158,True,False,18,81,True,True,True
68805,2023,MA2,1,633833,109604,109604,924,Round 1,2023-10-22,Jeremy Hulsey,914,Smugglers Notch Disc Golf Center - Fox Run,Fox Run Meadows Blue Tees,62,18,1,13:20:00,82,20,863,148,True,False,18,82,True,True,True
68805,2023,MA2,1,633833,196711,196711,860,Round 1,2023-10-22,Jarrett Piette,891,Smugglers Notch Disc Golf Center - Fox Run,Fox Run Meadows Blue Tees,62,18,3,13:40:00,82,20,863,153,True,False,18,82,True,True,True
68805,2023,MA2,1,633833,137736,137736,854,Round 1,2023-10-22,Logan Cooke,880,Smugglers Notch Disc Golf Center - Fox Run,Fox Run Meadows Blue Tees,62,18,2,13:10:00,83,21,856,159,True,False,18,83,True,True,True
68805,2023,MA2,1,633833,171544,171544,893,Round 1,2023-10-22,Dave Irving,935,Smugglers Notch Disc Golf Center - Fox Run,Fox Run Meadows Blue Tees,62,18,1,12:30:00,84,22,849,150,True,False,18,84,True,True,True
68805,2023,MA2,1,633833,254922,254922,879,Round 1,2023-10-22,Benjamin Taylor,890,Smugglers Notch Disc Golf Center - Fox Run,Fox Run Meadows Blue Tees,62,18,4,12:50:00,84,22,849,155,True,False,18,84,True,True,True
68805,2023,MA2,1,633833,195565,195565,871,Round 1,2023-10-22,Ty Goodrow,866,Smugglers Notch Disc Golf Center - Fox Run,Fox Run Meadows Blue Tees,62,18,3,13:30:00,85,23,841,156,True,False,18,85,True,True,True
68805,2023,MA2,1,633833,222661,222661,817,Round 1,2023-10-22,Randall Bishop,,Smugglers Notch Disc Golf Center - Fox Run,Fox Run Meadows Blue Tees,62,18,2,12:00:00,85,23,841,166,True,False,18,85,True,True,True
68805,2023,MA2,1,633833,242902,242902,883,Round 1,2023-10-22,Christopher Rullan,,Smugglers Notch Disc Golf Center - Fox Run,Fox Run Meadows Blue Tees,62,18,3,12:50:00,85,23,841,152,True,False,18,85,True,True,True
68805,2023,MA2,1,633833,166639,166639,846,Round 1,2023-10-22,Ryan Sweeney,883,Smugglers Notch Disc Golf Center - Fox Run,Fox Run Meadows Blue Tees,62,18,1,13:00:00,87,25,827,160,True,False,18,87,True,True,True
68805,2023,MA2,1,633833,259718,259718,851,Round 1,2023-10-22,Kamden Cox,906,Smugglers Notch Disc Golf Center - Fox Run,Fox Run Meadows Blue Tees,62,18,4,12:40:00,87,25,827,164,True,False,18,87,True,True,True
68805,2023,MA2,1,633833,126927,126927,897,Round 1,2023-10-22,David Guertin,,Smugglers Notch Disc Golf Center - Fox Run,Fox Run Meadows Blue Tees,62,18,1,13:30:00,88,26,820,163,True,False,18,88,True,True,True
68805,2023,MA2,1,633833,259714,259714,850,Round 1,2023-10-22,Reece Cronin,,Smugglers Notch Disc Golf Center - Fox Run,Fox Run Meadows Blue Tees,62,18,4,12:00:00,88,26,820,157,True,False,18,88,True,True,True
68805,2023,MA2,1,633833,244952,244952,816,Round 1,2023-10-22,Joshua Dezotell,895,Smugglers Notch Disc Golf Center - Fox Run,Fox Run Meadows Blue Tees,62,18,3,12:10:00,89,27,813,165,True,False,18,89,True,True,True
68805,2023,MA2,1,633833,268441,268441,858,Round 1,2023-10-22,Patrick Jeffries,918,Smugglers Notch Disc Golf Center - Fox Run,Fox Run Meadows Blue Tees,62,18,4,13:20:00,89,27,813,161,True,False,18,89,True,True,True
68805,2023,MA2,1,633833,259624,259624,822,Round 1,2023-10-22,James Sullivan,865,Smugglers Notch Disc Golf Center - Fox Run,Fox Run Meadows Blue Tees,62,18,3,12:00:00,93,31,784,171,True,False,18,93,True,True,True
68805,2023,MA2,1,633833,239437,239437,750,Round 1,2023-10-22,Simon Bethune,830,Smugglers Notch Disc Golf Center - Fox Run,Fox Run Meadows Blue Tees,62,18,2,12:10:00,105,43,697,198,True,False,18,105,True,True,True
68805,2023,MA2,2,633831,228825,228825,928,Round 2,2023-10-22,Carter Thorne-Kaunelis,964,Smugglers Notch Disc Golf Center - Brewster Ridge,Brewster Ridge Blue Tees,62,18,4,12:20:00,58,-4,988,130,True,False,18,58,True,True,True
68805,2023,MA2,2,633831,189203,189203,888,Round 2,2023-10-22,Bobby Martino,911,Smugglers Notch Disc Golf Center - Brewster Ridge,Brewster Ridge Blue Tees,62,18,1,12:30:00,66,4,919,134,True,False,18,66,True,True,True
68805,2023,MA2,2,633831,136683,136683,891,Round 2,2023-10-22,Jacob Vincent,,Smugglers Notch Disc Golf Center - Brewster Ridge,Brewster Ridge Blue Tees,62,18,3,12:20:00,64,2,937,136,True,False,18,64,True,True,True
68805,2023,MA2,2,633831,159224,159224,913,Round 2,2023-10-22,Bryce McKim,,Smugglers Notch Disc Golf Center - Brewster Ridge,Brewster Ridge Blue Tees,62,18,1,12:20:00,66,4,919,137,True,False,18,66,True,True,True
68805,2023,MA2,2,633831,224931,224931,896,Round 2,2023-10-22,Mark Thompson,,Smugglers Notch Disc Golf Center - Brewster Ridge,Brewster Ridge Blue Tees,62,18,4,12:30:00,68,6,902,139,True,False,18,68,True,True,True
68805,2023,MA2,2,633831,163523,163523,857,Round 2,2023-10-22,Landon Desroches,866,Smugglers Notch Disc Golf Center - Brewster Ridge,Brewster Ridge Blue Tees,62,18,2,12:10:00,66,4,919,140,True,False,18,66,True,True,True
68805,2023,MA2,2,633831,124608,124608,909,Round 2,2023-10-22,Skyler Phelan,942,Smugglers Notch Disc Golf Center - Brewster Ridge,Brewster Ridge Blue Tees,62,18,1,11:20:00,60,-2,971,141,True,False,18,60,True,True,True
68805,2023,MA2,2,633831,221157,221157,890,Round 2,2023-10-22,Dylan Slick,915,Smugglers Notch Disc Golf Center - Brewster Ridge,Brewster Ridge Blue Tees,62,18,2,12:00:00,65,3,928,141,True,False,18,65,True,True,True
68805,2023,MA2,2,633831,205327,205327,890,Round 2,2023-10-22,Justin Hampton,876,Smugglers Notch Disc Golf Center - Brewster Ridge,Brewster Ridge Blue Tees,62,18,2,12:20:00,70,8,885,141,True,False,18,70,True,True,True
68805,2023,MA2,2,633831,213224,213224,884,Round 2,2023-10-22,Justin Griswold,914,Smugglers Notch Disc Golf Center - Brewster Ridge,Brewster Ridge Blue Tees,62,18,3,12:30:00,72,10,868,141,True,False,18,72,True,True,True
68805,2023,MA2,2,633831,260064,260064,894,Round 2,2023-10-22,David Kucia,,Smugglers Notch Disc Golf Center - Brewster Ridge,Brewster Ridge Blue Tees,62,18,2,12:30:00,74,12,851,142,True,False,18,74,True,True,True
68805,2023,MA2,2,633831,160671,160671,903,Round 2,2023-10-22,Elliot Waring,,Smugglers Notch Disc Golf Center - Brewster Ridge,Brewster Ridge Blue Tees,62,18,2,11:50:00,65,3,928,143,True,False,18,65,True,True,True
68805,2023,MA2,2,633831,177260,177260,894,Round 2,2023-10-22,Fisher Evans,,Smugglers Notch Disc Golf Center - Brewster Ridge,Brewster Ridge Blue Tees,62,18,3,12:10:00,69,7,894,143,True,False,18,69,True,True,True
68805,2023,MA2,2,633831,207208,207208,906,Round 2,2023-10-22,Justin Abbott,918,Smugglers Notch Disc Golf Center - Brewster Ridge,Brewster Ridge Blue Tees,62,18,4,12:00:00,67,5,911,144,True,False,18,67,True,True,True
68805,2023,MA2,2,633831,134840,134840,891,Round 2,2023-10-22,Dustin Eagar,894,Smugglers Notch Disc Golf Center - Brewster Ridge,Brewster Ridge Blue Tees,62,18,4,11:40:00,65,3,928,145,True,False,18,65,True,True,True
68805,2023,MA2,2,633831,180438,180438,894,Round 2,2023-10-22,Elian Furs,,Smugglers Notch Disc Golf Center - Brewster Ridge,Brewster Ridge Blue Tees,62,18,3,11:50:00,67,5,911,145,True,False,18,67,True,True,True
68805,2023,MA2,2,633831,210681,210681,900,Round 2,2023-10-22,Kyle Anderson Andresen,911,Smugglers Notch Disc Golf Center - Brewster Ridge,Brewster Ridge Blue Tees,62,18,1,12:10:00,72,10,868,145,True,False,18,72,True,True,True
68805,2023,MA2,2,633831,124203,124203,894,Round 2,2023-10-22,Ezra Koch,954,Smugglers Notch Disc Golf Center - Brewster Ridge,Brewster Ridge Blue Tees,62,18,3,12:00:00,69,7,894,146,True,False,18,69,True,True,True
68805,2023,MA2,2,633831,142609,142609,895,Round 2,2023-10-22,Shane Leadbetter,910,Smugglers Notch Disc Golf Center - Brewster Ridge,Brewster Ridge Blue Tees,62,18,1,11:30:00,67,5,911,147,True,False,18,67,True,True,True
68805,2023,MA2,2,633831,144726,144726,879,Round 2,2023-10-22,Marc Davis,903,Smugglers Notch Disc Golf Center - Brewster Ridge,Brewster Ridge Blue Tees,62,18,1,11:40:00,68,6,902,147,True,False,18,68,True,True,True
68805,2023,MA2,2,633831,219307,219307,889,Round 2,2023-10-22,Everett Secor,935,Smugglers Notch Disc Golf Center - Brewster Ridge,Brewster Ridge Blue Tees,62,18,2,11:40:00,68,6,902,147,True,False,18,68,True,True,True
68805,2023,MA2,2,633831,109604,109604,924,Round 2,2023-10-22,Jeremy Hulsey,914,Smugglers Notch Disc Golf Center - Brewster Ridge,Brewster Ridge Blue Tees,62,18,3,11:20:00,66,4,919,148,True,False,18,66,True,True,True
68805,2023,MA2,2,633831,229599,229599,856,Round 2,2023-10-22,Jonathan Gonelli,,Smugglers Notch Disc Golf Center - Brewster Ridge,Brewster Ridge Blue Tees,62,18,2,11:30:00,68,6,902,148,True,False,18,68,True,True,True
68805,2023,MA2,2,633831,220366,220366,872,Round 2,2023-10-22,Joe Talmadge,,Smugglers Notch Disc Golf Center - Brewster Ridge,Brewster Ridge Blue Tees,62,18,4,11:50:00,70,8,885,148,True,False,18,70,True,True,True
68805,2023,MA2,2,633831,137984,137984,868,Round 2,2023-10-22,Tristan Bryce,,Smugglers Notch Disc Golf Center - Brewster Ridge,Brewster Ridge Blue Tees,62,18,1,12:00:00,72,10,868,148,True,False,18,72,True,True,True
68805,2023,MA2,2,633831,184639,184639,849,Round 2,2023-10-22,Emile Dostie,,Smugglers Notch Disc Golf Center - Brewster Ridge,Brewster Ridge Blue Tees,62,18,4,12:10:00,74,12,851,148,True,False,18,74,True,True,True
68805,2023,MA2,2,633831,63896,63896,895,Round 2,2023-10-22,Ross King,899,Smugglers Notch Disc Golf Center - Brewster Ridge,Brewster Ridge Blue Tees,62,18,3,11:30:00,68,6,902,149,True,False,18,68,True,True,True
68805,2023,MA2,2,633831,171544,171544,893,Round 2,2023-10-22,Dave Irving,935,Smugglers Notch Disc Golf Center - Brewster Ridge,Brewster Ridge Blue Tees,62,18,2,11:10:00,66,4,919,150,True,False,18,66,True,True,True
68805,2023,MA2,2,633831,268186,268186,938,Round 2,2023-10-22,Brody Reed,926,Smugglers Notch Disc Golf Center - Brewster Ridge,Brewster Ridge Blue Tees,62,18,3,11:40:00,72,10,868,151,True,False,18,72,True,True,True
68805,2023,MA2,2,633831,242902,242902,883,Round 2,2023-10-22,Christopher Rullan,,Smugglers Notch Disc Golf Center - Brewster Ridge,Brewster Ridge Blue Tees,62,18,2,11:00:00,67,5,911,152,True,False,18,67,True,True,True
68805,2023,MA2,2,633831,99400,99400,874,Round 2,2023-10-22,Jacob Hillegas,889,Smugglers Notch Disc Golf Center - Brewster Ridge,Brewster Ridge Blue Tees,62,18,4,11:30:00,71,9,876,152,True,False,18,71,True,True,True
68805,2023,MA2,2,633831,196711,196711,860,Round 2,2023-10-22,Jarrett Piette,891,Smugglers Notch Disc Golf Center - Brewster Ridge,Brewster Ridge Blue Tees,62,18,4,11:20:00,71,9,876,153,True,False,18,71,True,True,True
68805,2023,MA2,2,633831,254922,254922,879,Round 2,2023-10-22,Benjamin Taylor,890,Smugglers Notch Disc Golf Center - Brewster Ridge,Brewster Ridge Blue Tees,62,18,3,11:10:00,71,9,876,155,True,False,18,71,True,True,True
68805,2023,MA2,2,633831,229597,229597,889,Round 2,2023-10-22,Owen Buckley,,Smugglers Notch Disc Golf Center - Brewster Ridge,Brewster Ridge Blue Tees,62,18,1,11:50:00,78,16,816,155,True,False,18,78,True,True,True
68805,2023,MA2,2,633831,195565,195565,871,Round 2,2023-10-22,Ty Goodrow,866,Smugglers Notch Disc Golf Center - Brewster Ridge,Brewster Ridge Blue Tees,62,18,4,11:10:00,71,9,876,156,True,False,18,71,True,True,True
68805,2023,MA2,2,633831,259714,259714,850,Round 2,2023-10-22,Reece Cronin,,Smugglers Notch Disc Golf Center - Brewster Ridge,Brewster Ridge Blue Tees,62,18,2,10:50:00,69,7,894,157,True,False,18,69,True,True,True
68805,2023,MA2,2,633831,212714,212714,861,Round 2,2023-10-22,Rocco Ceci,879,Smugglers Notch Disc Golf Center - Brewster Ridge,Brewster Ridge Blue Tees,62,18,2,11:20:00,77,15,825,158,True,False,18,77,True,True,True
68805,2023,MA2,2,633831,137736,137736,854,Round 2,2023-10-22,Logan Cooke,880,Smugglers Notch Disc Golf Center - Brewster Ridge,Brewster Ridge Blue Tees,62,18,1,11:10:00,76,14,833,159,True,False,18,76,True,True,True
68805,2023,MA2,2,633831,166639,166639,846,Round 2,2023-10-22,Ryan Sweeney,883,Smugglers Notch Disc Golf Center - Brewster Ridge,Brewster Ridge Blue Tees,62,18,3,11:00:00,73,11,859,160,True,False,18,73,True,True,True
68805,2023,MA2,2,633831,268441,268441,858,Round 2,2023-10-22,Patrick Jeffries,918,Smugglers Notch Disc Golf Center - Brewster Ridge,Brewster Ridge Blue Tees,62,18,1,10:40:00,72,10,868,161,True,False,18,72,True,True,True
68805,2023,MA2,2,633831,126927,126927,897,Round 2,2023-10-22,David Guertin,,Smugglers Notch Disc Golf Center - Brewster Ridge,Brewster Ridge Blue Tees,62,18,1,10:50:00,75,13,842,163,True,False,18,75,True,True,True
68805,2023,MA2,2,633831,259718,259718,851,Round 2,2023-10-22,Kamden Cox,906,Smugglers Notch Disc Golf Center - Brewster Ridge,Brewster Ridge Blue Tees,62,18,4,11:00:00,77,15,825,164,True,False,18,77,True,True,True
68805,2023,MA2,2,633831,244952,244952,816,Round 2,2023-10-22,Joshua Dezotell,895,Smugglers Notch Disc Golf Center - Brewster Ridge,Brewster Ridge Blue Tees,62,18,3,10:50:00,76,14,833,165,True,False,18,76,True,True,True
68805,2023,MA2,2,633831,222661,222661,817,Round 2,2023-10-22,Randall Bishop,,Smugglers Notch Disc Golf Center - Brewster Ridge,Brewster Ridge Blue Tees,62,18,1,11:00:00,81,19,790,166,True,False,18,81,True,True,True
68805,2023,MA2,2,633831,259624,259624,822,Round 2,2023-10-22,James Sullivan,865,Smugglers Notch Disc Golf Center - Brewster Ridge,Brewster Ridge Blue Tees,62,18,2,10:40:00,78,16,816,171,True,False,18,78,True,True,True
68805,2023,MA2,2,633831,239437,239437,750,Round 2,2023-10-22,Simon Bethune,830,Smugglers Notch Disc Golf Center - Brewster Ridge,Brewster Ridge Blue Tees,62,18,3,10:40:00,93,31,687,198,True,False,18,93,True,True,True
68805,2023,MA3,1,633834,50816,50816,868,Round 1,2023-10-22,Tristan Whitehouse,,Smugglers Notch Disc Golf Center - Fox Run,Fox Run Meadows White Tees,62,18,1,09:50:00,63,1,906,140,True,False,18,63,True,True,True
68805,2023,MA3,1,633834,93691,93691,844,Round 1,2023-10-22,Dakota O'Brien,,Smugglers Notch Disc Golf Center - Fox Run,Fox Run Meadows White Tees,62,18,1,10:10:00,64,2,897,136,True,False,18,64,True,True,True
68805,2023,MA3,1,633834,225844,225844,814,Round 1,2023-10-22,Martin Kovach,847,Smugglers Notch Disc Golf Center - Fox Run,Fox Run Meadows White Tees,62,18,2,09:30:00,64,2,897,137,True,False,18,64,True,True,True
68805,2023,MA3,1,633834,244420,244420,850,Round 1,2023-10-22,Denver Leadbetter,943,Smugglers Notch Disc Golf Center - Fox Run,Fox Run Meadows White Tees,62,18,3,09:40:00,64,2,897,137,True,False,18,64,True,True,True
68805,2023,MA3,1,633834,172662,172662,843,Round 1,2023-10-22,Nicholas Petrarca,836,Smugglers Notch Disc Golf Center - Fox Run,Fox Run Meadows White Tees,62,18,3,10:00:00,66,4,878,141,True,False,18,66,True,True,True
68805,2023,MA3,1,633834,166637,166637,845,Round 1,2023-10-22,Ajay Shah,825,Smugglers Notch Disc Golf Center - Fox Run,Fox Run Meadows White Tees,62,18,2,10:20:00,67,5,869,147,True,False,18,67,True,True,True
68805,2023,MA3,1,633834,216349,216349,878,Round 1,2023-10-22,Justin Bassett,879,Smugglers Notch Disc Golf Center - Fox Run,Fox Run Meadows White Tees,62,18,3,09:20:00,67,5,869,144,True,False,18,67,True,True,True
68805,2023,MA3,1,633834,218639,218639,827,Round 1,2023-10-22,Scott Cole,867,Smugglers Notch Disc Golf Center - Fox Run,Fox Run Meadows White Tees,62,18,3,10:10:00,67,5,869,149,True,False,18,67,True,True,True
68805,2023,MA3,1,633834,234186,234186,851,Round 1,2023-10-22,Christopher Rajaniemi,,Smugglers Notch Disc Golf Center - Fox Run,Fox Run Meadows White Tees,62,18,4,10:00:00,67,5,869,142,True,False,18,67,True,True,True
68805,2023,MA3,1,633834,153584,153584,816,Round 1,2023-10-22,Jose Colon,,Smugglers Notch Disc Golf Center - Fox Run,Fox Run Meadows White Tees,62,18,3,09:50:00,68,6,859,,True,False,18,68,True,True,True
68805,2023,MA3,1,633834,166633,166633,867,Round 1,2023-10-22,Joshua Martin,,Smugglers Notch Disc Golf Center - Fox Run,Fox Run Meadows White Tees,62,18,1,09:40:00,69,7,850,141,True,False,18,69,True,True,True
68805,2023,MA3,1,633834,239719,239719,849,Round 1,2023-10-22,Thane Griswold,820,Smugglers Notch Disc Golf Center - Fox Run,Fox Run Meadows White Tees,62,18,2,09:40:00,70,8,840,149,True,False,18,70,True,True,True
68805,2023,MA3,1,633834,127764,127764,802,Round 1,2023-10-22,Lawrence Moore,804,Smugglers Notch Disc Golf Center - Fox Run,Fox Run Meadows White Tees,62,18,1,10:00:00,71,9,831,153,True,False,18,71,True,True,True
68805,2023,MA3,1,633834,202948,202948,817,Round 1,2023-10-22,Nicholas Morrissey,849,Smugglers Notch Disc Golf Center - Fox Run,Fox Run Meadows White Tees,62,18,3,10:20:00,72,10,822,144,True,False,18,72,True,True,True
68805,2023,MA3,1,633834,134621,134621,861,Round 1,2023-10-22,Kevin Gallant,860,Smugglers Notch Disc Golf Center - Fox Run,Fox Run Meadows White Tees,62,18,1,09:20:00,73,11,812,146,True,False,18,73,True,True,True
68805,2023,MA3,1,633834,217037,217037,847,Round 1,2023-10-22,Michael Burnett,,Smugglers Notch Disc Golf Center - Fox Run,Fox Run Meadows White Tees,62,18,2,10:10:00,73,11,812,150,True,False,18,73,True,True,True
68805,2023,MA3,1,633834,156256,156256,802,Round 1,2023-10-22,Colby Garrand,836,Smugglers Notch Disc Golf Center - Fox Run,Fox Run Meadows White Tees,62,18,1,10:20:00,74,12,803,157,True,False,18,74,True,True,True
68805,2023,MA3,1,633834,264339,264339,823,Round 1,2023-10-22,Jamie Gagner,,Smugglers Notch Disc Golf Center - Fox Run,Fox Run Meadows White Tees,62,18,3,09:30:00,74,12,803,152,True,False,18,74,True,True,True
68805,2023,MA3,1,633834,74299,74299,815,Round 1,2023-10-22,Jeff Kettle,873,Smugglers Notch Disc Golf Center - Fox Run,Fox Run Meadows White Tees,62,18,2,09:50:00,76,14,784,154,True,False,18,76,True,True,True
68805,2023,MA3,1,633834,211434,211434,792,Round 1,2023-10-22,Thomas Bousquet,798,Smugglers Notch Disc Golf Center - Fox Run,Fox Run Meadows White Tees,62,18,1,09:30:00,78,16,765,163,True,False,18,78,True,True,True
68805,2023,MA3,1,633834,260773,260773,804,Round 1,2023-10-22,Justin Stafford,801,Smugglers Notch Disc Golf Center - Fox Run,Fox Run Meadows White Tees,62,18,4,10:20:00,78,16,765,155,True,False,18,78,True,True,True
68805,2023,MA3,1,633834,155456,155456,820,Round 1,2023-10-22,David Noble,,Smugglers Notch Disc Golf Center - Fox Run,Fox Run Meadows White Tees,62,18,2,09:20:00,79,17,756,163,True,False,18,79,True,True,True
68805,2023,MA3,1,633834,258436,258436,774,Round 1,2023-10-22,Allen Bagdanovich,817,Smugglers Notch Disc Golf Center - Fox Run,Fox Run Meadows White Tees,62,18,4,09:20:00,79,17,756,170,True,False,18,79,True,True,True
68805,2023,MA3,1,633834,156066,156066,799,Round 1,2023-10-22,Roy Lancaster,834,Smugglers Notch Disc Golf Center - Fox Run,Fox Run Meadows White Tees,62,18,4,09:50:00,83,21,718,169,True,False,18,83,True,True,True
68805,2023,MA3,1,633834,148187,148187,819,Round 1,2023-10-22,Evan Miller,874,Smugglers Notch Disc Golf Center - Fox Run,Fox Run Meadows White Tees,62,18,2,10:00:00,84,22,709,159,True,False,18,84,True,True,True
68805,2023,MA3,1,633834,name:cameron whitney,,,Round 1,2023-10-22,Cameron Whitney,,Smugglers Notch Disc Golf Center - Fox Run,Fox Run Meadows White Tees,62,18,4,10:10:00,84,22,709,166,True,False,18,84,True,True,True
68805,2023,MA3,1,633834,265876,265876,816,Round 1,2023-10-22,Frédérick Allaire,893,Smugglers Notch Disc Golf Center - Fox Run,Fox Run Meadows White Tees,62,18,4,09:40:00,87,25,681,173,True,False,18,87,True,True,True
68805,2023,MA3,2,633831,93691,93691,844,Round 2,2023-10-22,Dakota O'Brien,,Smugglers Notch Disc Golf Center - Brewster Ridge,Brewster Ridge Blue Tees,62,18,2,10:30:00,72,10,868,136,True,False,18,72,True,True,True
68805,2023,MA3,2,633831,225844,225844,814,Round 2,2023-10-22,Martin Kovach,847,Smugglers Notch Disc Golf Center - Brewster Ridge,Brewster Ridge Blue Tees,62,18,3,10:30:00,73,11,859,137,True,False,18,73,True,True,True
68805,2023,MA3,2,633831,244420,244420,850,Round 2,2023-10-22,Denver Leadbetter,943,Smugglers Notch Disc Golf Center - Brewster Ridge,Brewster Ridge Blue Tees,62,18,4,10:30:00,73,11,859,137,True,False,18,73,True,True,True
68805,2023,MA3,2,633831,50816,50816,868,Round 2,2023-10-22,Tristan Whitehouse,,Smugglers Notch Disc Golf Center - Brewster Ridge,Brewster Ridge Blue Tees,62,18,1,10:30:00,77,15,825,140,True,False,18,77,True,True,True
68805,2023,MA3,2,633831,166633,166633,867,Round 2,2023-10-22,Joshua Martin,,Smugglers Notch Disc Golf Center - Brewster Ridge,Brewster Ridge Blue Tees,62,18,2,10:10:00,72,10,868,141,True,False,18,72,True,True,True
68805,2023,MA3,2,633831,172662,172662,843,Round 2,2023-10-22,Nicholas Petrarca,836,Smugglers Notch Disc Golf Center - Brewster Ridge,Brewster Ridge Blue Tees,62,18,1,10:20:00,75,13,842,141,True,False,18,75,True,True,True
68805,2023,MA3,2,633831,234186,234186,851,Round 2,2023-10-22,Christopher Rajaniemi,,Smugglers Notch Disc Golf Center - Brewster Ridge,Brewster Ridge Blue Tees,62,18,1,10:10:00,75,13,842,142,True,False,18,75,True,True,True
68805,2023,MA3,2,633831,202948,202948,817,Round 2,2023-10-22,Nicholas Morrissey,849,Smugglers Notch Disc Golf Center - Brewster Ridge,Brewster Ridge Blue Tees,62,18,2,10:00:00,72,10,868,144,True,False,18,72,True,True,True
68805,2023,MA3,2,633831,216349,216349,878,Round 2,2023-10-22,Justin Bassett,879,Smugglers Notch Disc Golf Center - Brewster Ridge,Brewster Ridge Blue Tees,62,18,3,10:20:00,77,15,825,144,True,False,18,77,True,True,True
68805,2023,MA3,2,633831,134621,134621,861,Round 2,2023-10-22,Kevin Gallant,860,Smugglers Notch Disc Golf Center - Brewster Ridge,Brewster Ridge Blue Tees,62,18,3,10:00:00,73,11,859,146,True,False,18,73,True,True,True
68805,2023,MA3,2,633831,166637,166637,845,Round 2,2023-10-22,Ajay Shah,825,Smugglers Notch Disc Golf Center - Brewster Ridge,Brewster Ridge Blue Tees,62,18,2,10:20:00,80,18,799,147,True,False,18,80,True,True,True
68805,2023,MA3,2,633831,239719,239719,849,Round 2,2023-10-22,Thane Griswold,820,Smugglers Notch Disc Golf Center - Brewster Ridge,Brewster Ridge Blue Tees,62,18,3,10:10:00,79,17,808,149,True,False,18,79,True,True,True
68805,2023,MA3,2,633831,218639,218639,827,Round 2,2023-10-22,Scott Cole,867,Smugglers Notch Disc Golf Center - Brewster Ridge,Brewster Ridge Blue Tees,62,18,4,10:20:00,82,20,782,149,True,False,18,82,True,True,True
68805,2023,MA3,2,633831,217037,217037,847,Round 2,2023-10-22,Michael Burnett,,Smugglers Notch Disc Golf Center - Brewster Ridge,Brewster Ridge Blue Tees,62,18,4,10:00:00,77,15,825,150,True,False,18,77,True,True,True
68805,2023,MA3,2,633831,264339,264339,823,Round 2,2023-10-22,Jamie Gagner,,Smugglers Notch Disc Golf Center - Brewster Ridge,Brewster Ridge Blue Tees,62,18,2,09:50:00,78,16,816,152,True,False,18,78,True,True,True
68805,2023,MA3,2,633831,127764,127764,802,Round 2,2023-10-22,Lawrence Moore,804,Smugglers Notch Disc Golf Center - Brewster Ridge,Brewster Ridge Blue Tees,62,18,1,10:00:00,82,20,782,153,True,False,18,82,True,True,True
68805,2023,MA3,2,633831,74299,74299,815,Round 2,2023-10-22,Jeff Kettle,873,Smugglers Notch Disc Golf Center - Brewster Ridge,Brewster Ridge Blue Tees,62,18,3,09:50:00,78,16,816,154,True,False,18,78,True,True,True
68805,2023,MA3,2,633831,260773,260773,804,Round 2,2023-10-22,Justin Stafford,801,Smugglers Notch Disc Golf Center - Brewster Ridge,Brewster Ridge Blue Tees,62,18,1,09:40:00,77,15,825,155,True,False,18,77,True,True,True
68805,2023,MA3,2,633831,156256,156256,802,Round 2,2023-10-22,Colby Garrand,836,Smugglers Notch Disc Golf Center - Brewster Ridge,Brewster Ridge Blue Tees,62,18,1,09:50:00,83,21,773,157,True,False,18,83,True,True,True
68805,2023,MA3,2,633831,148187,148187,819,Round 2,2023-10-22,Evan Miller,874,Smugglers Notch Disc Golf Center - Brewster Ridge,Brewster Ridge Blue Tees,62,18,1,09:30:00,75,13,842,159,True,False,18,75,True,True,True
68805,2023,MA3,2,633831,155456,155456,820,Round 2,2023-10-22,David Noble,,Smugglers Notch Disc Golf Center - Brewster Ridge,Brewster Ridge Blue Tees,62,18,2,09:40:00,84,22,765,163,True,False,18,84,True,True,True
68805,2023,MA3,2,633831,211434,211434,792,Round 2,2023-10-22,Thomas Bousquet,798,Smugglers Notch Disc Golf Center - Brewster Ridge,Brewster Ridge Blue Tees,62,18,4,09:50:00,85,23,756,163,True,False,18,85,True,True,True
68805,2023,MA3,2,633831,name:cameron whitney,,,Round 2,2023-10-22,Cameron Whitney,,Smugglers Notch Disc Golf Center - Brewster Ridge,Brewster Ridge Blue Tees,62,18,2,09:30:00,82,20,782,166,True,False,18,82,True,True,True
68805,2023,MA3,2,633831,156066,156066,799,Round 2,2023-10-22,Roy Lancaster,834,Smugglers Notch Disc Golf Center - Brewster Ridge,Brewster Ridge Blue Tees,62,18,4,09:40:00,86,24,747,169,True,False,18,86,True,True,True
68805,2023,MA3,2,633831,258436,258436,774,Round 2,2023-10-22,Allen Bagdanovich,817,Smugglers Notch Disc Golf Center - Brewster Ridge,Brewster Ridge Blue Tees,62,18,3,09:40:00,91,29,704,170,True,False,18,91,True,True,True
68805,2023,MA3,2,633831,265876,265876,816,Round 2,2023-10-22,Frédérick Allaire,893,Smugglers Notch Disc Golf Center - Brewster Ridge,Brewster Ridge Blue Tees,62,18,3,09:30:00,86,24,747,173,True,False,18,86,True,True,True
68805,2023,MA3,2,633831,153584,153584,816,Round 2,2023-10-22,Jose Colon,,Smugglers Notch Disc Golf Center - Brewster Ridge,Brewster Ridge Blue Tees,62,18,2,10:10:00,,,,,True,True,0,,False,False,False
68805,2023,MA40,1,633833,73588,73588,876,Round 1,2023-10-22,Will Cleland,910,Smugglers Notch Disc Golf Center - Fox Run,Fox Run Meadows Blue Tees,62,18,1,10:30:00,75,13,913,144,True,False,18,75,True,True,True
68805,2023,MA40,1,633833,94571,94571,904,Round 1,2023-10-22,Aaron Knickerbocker,931,Smugglers Notch Disc Golf Center - Fox Run,Fox Run Meadows Blue Tees,62,18,2,10:30:00,75,13,913,142,True,False,18,75,True,True,True
68805,2023,MA40,1,633833,146414,146414,902,Round 1,2023-10-22,Mathieu Leduc Gosselin,916,Smugglers Notch Disc Golf Center - Fox Run,Fox Run Meadows Blue Tees,62,18,2,10:40:00,75,13,913,145,True,False,18,75,True,True,True
68805,2023,MA40,1,633833,161246,161246,890,Round 1,2023-10-22,Erik Ayotte,914,Smugglers Notch Disc Golf Center - Fox Run,Fox Run Meadows Blue Tees,62,18,4,10:30:00,75,13,913,143,True,False,18,75,True,True,True
68805,2023,MA40,1,633833,228362,228362,863,Round 1,2023-10-22,John Howard,,Smugglers Notch Disc Golf Center - Fox Run,Fox Run Meadows Blue Tees,62,18,1,10:50:00,79,17,885,145,True,False,18,79,True,True,True
68805,2023,MA40,1,633833,84935,84935,879,Round 1,2023-10-22,Droo Fisher,866,Smugglers Notch Disc Golf Center - Fox Run,Fox Run Meadows Blue Tees,62,18,2,10:50:00,81,19,870,154,True,False,18,81,True,True,True
68805,2023,MA40,1,633833,145666,145666,829,Round 1,2023-10-22,Wesley Pollock,,Smugglers Notch Disc Golf Center - Fox Run,Fox Run Meadows Blue Tees,62,18,4,10:40:00,85,23,841,163,True,False,18,85,True,True,True
68805,2023,MA40,1,633833,36062,36062,854,Round 1,2023-10-22,Andrew Powell,852,Smugglers Notch Disc Golf Center - Fox Run,Fox Run Meadows Blue Tees,62,18,1,10:40:00,87,25,827,165,True,False,18,87,True,True,True
68805,2023,MA40,1,633833,258832,258832,815,Round 1,2023-10-22,Charles Spock,800,Smugglers Notch Disc Golf Center - Fox Run,Fox Run Meadows Blue Tees,62,18,3,10:40:00,91,29,798,166,True,False,18,91,True,True,True
68805,2023,MA40,1,633833,229229,229229,860,Round 1,2023-10-22,Daren Austin,,Smugglers Notch Disc Golf Center - Fox Run,Fox Run Meadows Blue Tees,62,18,3,10:30:00,97,35,755,,True,False,18,97,True,True,True
68805,2023,MA40,2,633831,94571,94571,904,Round 2,2023-10-22,Aaron Knickerbocker,931,Smugglers Notch Disc Golf Center - Brewster Ridge,Brewster Ridge Blue Tees,62,18,2,09:10:00,67,5,911,142,True,False,18,67,True,True,True
68805,2023,MA40,2,633831,161246,161246,890,Round 2,2023-10-22,Erik Ayotte,914,Smugglers Notch Disc Golf Center - Brewster Ridge,Brewster Ridge Blue Tees,62,18,4,09:10:00,68,6,902,143,True,False,18,68,True,True,True
68805,2023,MA40,2,633831,73588,73588,876,Round 2,2023-10-22,Will Cleland,910,Smugglers Notch Disc Golf Center - Brewster Ridge,Brewster Ridge Blue Tees,62,18,1,09:10:00,69,7,894,144,True,False,18,69,True,True,True
68805,2023,MA40,2,633831,228362,228362,863,Round 2,2023-10-22,John Howard,,Smugglers Notch Disc Golf Center - Brewster Ridge,Brewster Ridge Blue Tees,62,18,1,09:00:00,66,4,919,145,True,False,18,66,True,True,True
68805,2023,MA40,2,633831,146414,146414,902,Round 2,2023-10-22,Mathieu Leduc Gosselin,916,Smugglers Notch Disc Golf Center - Brewster Ridge,Brewster Ridge Blue Tees,62,18,3,09:10:00,70,8,885,145,True,False,18,70,True,True,True
68805,2023,MA40,2,633831,84935,84935,879,Round 2,2023-10-22,Droo Fisher,866,Smugglers Notch Disc Golf Center - Brewster Ridge,Brewster Ridge Blue Tees,62,18,2,09:00:00,73,11,859,154,True,False,18,73,True,True,True
68805,2023,MA40,2,633831,145666,145666,829,Round 2,2023-10-22,Wesley Pollock,,Smugglers Notch Disc Golf Center - Brewster Ridge,Brewster Ridge Blue Tees,62,18,3,09:00:00,78,16,816,163,True,False,18,78,True,True,True
68805,2023,MA40,2,633831,36062,36062,854,Round 2,2023-10-22,Andrew Powell,852,Smugglers Notch Disc Golf Center - Brewster Ridge,Brewster Ridge Blue Tees,62,18,1,08:50:00,78,16,816,165,True,False,18,78,True,True,True
68805,2023,MA40,2,633831,258832,258832,815,Round 2,2023-10-22,Charles Spock,800,Smugglers Notch Disc Golf Center - Brewster Ridge,Brewster Ridge Blue Tees,62,18,2,08:50:00,75,13,842,166,True,False,18,75,True,True,True
68805,2023,MA40,2,633831,229229,229229,860,Round 2,2023-10-22,Daren Austin,,Smugglers Notch Disc Golf Center - Brewster Ridge,Brewster Ridge Blue Tees,62,18,3,08:50:00,,,,,True,True,0,,False,False,False
68805,2023,MA50,1,633833,154887,154887,916,Round 1,2023-10-22,Brian Hunter,941,Smugglers Notch Disc Golf Center - Fox Run,Fox Run Meadows Blue Tees,62,18,4,10:50:00,67,5,971,130,True,False,18,67,True,True,True
68805,2023,MA50,1,633833,91301,91301,894,Round 1,2023-10-22,Michael A. Stridsberg,898,Smugglers Notch Disc Golf Center - Fox Run,Fox Run Meadows Blue Tees,62,18,3,10:50:00,74,12,921,142,True,False,18,74,True,True,True
68805,2023,MA50,1,633833,88247,88247,877,Round 1,2023-10-22,Tyler Bowden,884,Smugglers Notch Disc Golf Center - Fox Run,Fox Run Meadows Blue Tees,62,18,1,11:00:00,79,17,885,154,True,False,18,79,True,True,True
68805,2023,MA50,1,633833,139113,139113,870,Round 1,2023-10-22,Norman Wedge,859,Smugglers Notch Disc Golf Center - Fox Run,Fox Run Meadows Blue Tees,62,18,2,11:00:00,80,18,877,154,True,False,18,80,True,True,True
68805,2023,MA50,1,633833,177424,177424,818,Round 1,2023-10-22,Kevin Delony,817,Smugglers Notch Disc Golf Center - Fox Run,Fox Run Meadows Blue Tees,62,18,3,11:00:00,83,21,856,167,True,False,18,83,True,True,True
68805,2023,MA50,1,633833,235035,235035,855,Round 1,2023-10-22,Paul Seyler,908,Smugglers Notch Disc Golf Center - Fox Run,Fox Run Meadows Blue Tees,62,18,4,11:00:00,83,21,856,159,True,False,18,83,True,True,True
68805,2023,MA50,2,633831,154887,154887,916,Round 2,2023-10-22,Brian Hunter,941,Smugglers Notch Disc Golf Center - Brewster Ridge,Brewster Ridge Blue Tees,62,18,1,13:10:00,63,1,945,130,True,False,18,63,True,True,True
68805,2023,MA50,2,633831,91301,91301,894,Round 2,2023-10-22,Michael A. Stridsberg,898,Smugglers Notch Disc Golf Center - Brewster Ridge,Brewster Ridge Blue Tees,62,18,2,13:10:00,68,6,902,142,True,False,18,68,True,True,True
68805,2023,MA50,2,633831,139113,139113,870,Round 2,2023-10-22,Norman Wedge,859,Smugglers Notch Disc Golf Center - Brewster Ridge,Brewster Ridge Blue Tees,62,18,1,13:00:00,74,12,851,154,True,False,18,74,True,True,True
68805,2023,MA50,2,633831,88247,88247,877,Round 2,2023-10-22,Tyler Bowden,884,Smugglers Notch Disc Golf Center - Brewster Ridge,Brewster Ridge Blue Tees,62,18,3,13:10:00,75,13,842,154,True,False,18,75,True,True,True
68805,2023,MA50,2,633831,235035,235035,855,Round 2,2023-10-22,Paul Seyler,908,Smugglers Notch Disc Golf Center - Brewster Ridge,Brewster Ridge Blue Tees,62,18,3,13:00:00,76,14,833,159,True,False,18,76,True,True,True
68805,2023,MA50,2,633831,177424,177424,818,Round 2,2023-10-22,Kevin Delony,817,Smugglers Notch Disc Golf Center - Brewster Ridge,Brewster Ridge Blue Tees,62,18,2,13:00:00,84,22,765,167,True,False,18,84,True,True,True
68805,2023,MA60,1,633833,202875,202875,881,Round 1,2023-10-22,Thomas Limanek,911,Smugglers Notch Disc Golf Center - Fox Run,Fox Run Meadows Blue Tees,62,18,2,11:40:00,75,13,913,146,True,False,18,75,True,True,True
68805,2023,MA60,1,633833,4687,4687,882,Round 1,2023-10-22,Tim Herbert,917,Smugglers Notch Disc Golf Center - Fox Run,Fox Run Meadows Blue Tees,62,18,2,11:30:00,79,17,885,154,True,False,18,79,True,True,True
68805,2023,MA60,1,633833,120338,120338,845,Round 1,2023-10-22,Mark Cook,,Smugglers Notch Disc Golf Center - Fox Run,Fox Run Meadows Blue Tees,62,18,1,11:20:00,79,17,885,150,True,False,18,79,True,True,True
68805,2023,MA60,1,633833,5480,5480,867,Round 1,2023-10-22,Mike Saimond,864,Smugglers Notch Disc Golf Center - Fox Run,Fox Run Meadows Blue Tees,62,18,3,11:30:00,80,18,877,149,True,False,18,80,True,True,True
68805,2023,MA60,1,633833,74478,74478,865,Round 1,2023-10-22,John Sudarsky,845,Smugglers Notch Disc Golf Center - Fox Run,Fox Run Meadows Blue Tees,62,18,1,11:30:00,81,19,870,155,True,False,18,81,True,True,True
68805,2023,MA60,1,633833,125535,125535,849,Round 1,2023-10-22,Joe Tota,846,Smugglers Notch Disc Golf Center - Fox Run,Fox Run Meadows Blue Tees,62,18,2,11:20:00,82,20,863,154,True,False,18,82,True,True,True
68805,2023,MA60,1,633833,130713,130713,869,Round 1,2023-10-22,Ian Martin,902,Smugglers Notch Disc Golf Center - Fox Run,Fox Run Meadows Blue Tees,62,18,3,11:40:00,87,25,827,,True,False,18,87,True,True,True
68805,2023,MA60,1,633833,131352,131352,797,Round 1,2023-10-22,David Havens,816,Smugglers Notch Disc Golf Center - Fox Run,Fox Run Meadows Blue Tees,62,18,1,11:40:00,87,25,827,167,True,False,18,87,True,True,True
68805,2023,MA60,1,633833,195353,195353,738,Round 1,2023-10-22,Jerome Mendicino,730,Smugglers Notch Disc Golf Center - Fox Run,Fox Run Meadows Blue Tees,62,18,3,11:20:00,98,36,748,175,True,False,18,98,True,True,True
68805,2023,MA60,2,633831,202875,202875,881,Round 2,2023-10-22,Thomas Limanek,911,Smugglers Notch Disc Golf Center - Brewster Ridge,Brewster Ridge Blue Tees,62,18,1,12:50:00,71,9,876,146,True,False,18,71,True,True,True
68805,2023,MA60,2,633831,5480,5480,867,Round 2,2023-10-22,Mike Saimond,864,Smugglers Notch Disc Golf Center - Brewster Ridge,Brewster Ridge Blue Tees,62,18,4,12:50:00,69,7,894,149,True,False,18,69,True,True,True
68805,2023,MA60,2,633831,120338,120338,845,Round 2,2023-10-22,Mark Cook,,Smugglers Notch Disc Golf Center - Brewster Ridge,Brewster Ridge Blue Tees,62,18,3,12:50:00,71,9,876,150,True,False,18,71,True,True,True
68805,2023,MA60,2,633831,125535,125535,849,Round 2,2023-10-22,Joe Tota,846,Smugglers Notch Disc Golf Center - Brewster Ridge,Brewster Ridge Blue Tees,62,18,2,12:40:00,72,10,868,154,True,False,18,72,True,True,True
68805,2023,MA60,2,633831,4687,4687,882,Round 2,2023-10-22,Tim Herbert,917,Smugglers Notch Disc Golf Center - Brewster Ridge,Brewster Ridge Blue Tees,62,18,2,12:50:00,75,13,842,154,True,False,18,75,True,True,True
68805,2023,MA60,2,633831,74478,74478,865,Round 2,2023-10-22,John Sudarsky,845,Smugglers Notch Disc Golf Center - Brewster Ridge,Brewster Ridge Blue Tees,62,18,1,12:40:00,74,12,851,155,True,False,18,74,True,True,True
68805,2023,MA60,2,633831,131352,131352,797,Round 2,2023-10-22,David Havens,816,Smugglers Notch Disc Golf Center - Brewster Ridge,Brewster Ridge Blue Tees,62,18,3,12:40:00,80,18,799,167,True,False,18,80,True,True,True
68805,2023,MA60,2,633831,195353,195353,738,Round 2,2023-10-22,Jerome Mendicino,730,Smugglers Notch Disc Golf Center - Brewster Ridge,Brewster Ridge Blue Tees,62,18,4,12:40:00,77,15,825,175,True,False,18,77,True,True,True
68805,2023,MA60,2,633831,130713,130713,869,Round 2,2023-10-22,Ian Martin,902,Smugglers Notch Disc Golf Center - Brewster Ridge,Brewster Ridge Blue Tees,62,18,,,,,,,True,True,0,,False,False,False
68805,2023,MJ12,1,633834,221831,221831,834,Round 1,2023-10-22,Ruben Furs,,Smugglers Notch Disc Golf Center - Fox Run,Fox Run Meadows White Tees,62,18,2,08:30:00,68,6,859,130,True,False,18,68,True,True,True
68805,2023,MJ12,1,633834,175839,175839,708,Round 1,2023-10-22,Wilder Irving,875,Smugglers Notch Disc Golf Center - Fox Run,Fox Run Meadows White Tees,62,18,1,08:30:00,71,9,831,140,True,False,18,71,True,True,True
68805,2023,MJ12,1,633834,228201,228201,804,Round 1,2023-10-22,Waylon Spring,883,Smugglers Notch Disc Golf Center - Fox Run,Fox Run Meadows White Tees,62,18,3,08:30:00,76,14,784,144,True,False,18,76,True,True,True
68805,2023,MJ12,1,633834,260772,260772,806,Round 1,2023-10-22,John Benjamin Stafford,893,Smugglers Notch Disc Golf Center - Fox Run,Fox Run Meadows White Tees,62,18,4,08:30:00,77,15,775,145,True,False,18,77,True,True,True
68805,2023,MJ12,1,633834,261284,261284,755,Round 1,2023-10-22,Blake Martino,916,Smugglers Notch Disc Golf Center - Fox Run,Fox Run Meadows White Tees,62,18,5,08:30:00,84,22,709,149,True,False,18,84,True,True,True
68805,2023,MJ12,2,633832,221831,221831,834,Round 2,2023-10-22,Ruben Furs,,Smugglers Notch Disc Golf Center - Brewster Ridge,Brewster Ridge White Tees,62,18,1,08:10:00,62,0,866,130,True,False,18,62,True,True,True
68805,2023,MJ12,2,633832,175839,175839,708,Round 2,2023-10-22,Wilder Irving,875,Smugglers Notch Disc Golf Center - Brewster Ridge,Brewster Ridge White Tees,62,18,2,08:10:00,69,7,792,140,True,False,18,69,True,True,True
68805,2023,MJ12,2,633832,228201,228201,804,Round 2,2023-10-22,Waylon Spring,883,Smugglers Notch Disc Golf Center - Brewster Ridge,Brewster Ridge White Tees,62,18,3,08:10:00,68,6,802,144,True,False,18,68,True,True,True
68805,2023,MJ12,2,633832,260772,260772,806,Round 2,2023-10-22,John Benjamin Stafford,893,Smugglers Notch Disc Golf Center - Brewster Ridge,Brewster Ridge White Tees,62,18,4,08:10:00,68,6,802,145,True,False,18,68,True,True,True
68805,2023,MJ12,2,633832,261284,261284,755,Round 2,2023-10-22,Blake Martino,916,Smugglers Notch Disc Golf Center - Brewster Ridge,Brewster Ridge White Tees,62,18,5,08:10:00,65,3,834,149,True,False,18,65,True,True,True
68805,2023,MP40,1,633805,189489,189489,944,Round 1,2023-10-22,Joshua Niss,937,Smugglers Notch Disc Golf Center - Brewster Ridge,Brewster Ridge Gold Tees,62,18,3,13:30:00,67,5,978,150,True,False,18,67,True,True,True
68805,2023,MP40,1,633805,22318,22318,965,Round 1,2023-10-22,Aaron Smartt,965,Smugglers Notch Disc Golf Center - Brewster Ridge,Brewster Ridge Gold Tees,62,18,4,13:30:00,68,6,971,141,True,False,18,68,True,True,True
68805,2023,MP40,1,633805,24381,24381,945,Round 1,2023-10-22,Chris Young,937,Smugglers Notch Disc Golf Center - Brewster Ridge,Brewster Ridge Gold Tees,62,18,1,13:30:00,72,10,943,143,True,False,18,72,True,True,True
68805,2023,MP40,1,633805,120378,120378,939,Round 1,2023-10-22,Drew McDowell,952,Smugglers Notch Disc Golf Center - Brewster Ridge,Brewster Ridge Gold Tees,62,18,3,13:20:00,72,10,943,156,True,False,18,72,True,True,True
68805,2023,MP40,1,633805,132038,132038,953,Round 1,2023-10-22,Daniel Jenkins,965,Smugglers Notch Disc Golf Center - Brewster Ridge,Brewster Ridge Gold Tees,62,18,2,13:30:00,72,10,943,147,True,False,18,72,True,True,True
68805,2023,MP40,1,633805,193211,193211,923,Round 1,2023-10-22,Greg Babbin,933,Smugglers Notch Disc Golf Center - Brewster Ridge,Brewster Ridge Gold Tees,62,18,4,13:20:00,73,11,936,151,True,False,18,73,True,True,True
68805,2023,MP40,1,633805,109527,109527,901,Round 1,2023-10-22,Mike Wenzel,901,Smugglers Notch Disc Golf Center - Brewster Ridge,Brewster Ridge Gold Tees,62,18,1,13:10:00,75,13,923,170,True,False,18,75,True,True,True
68805,2023,MP40,1,633805,166239,166239,936,Round 1,2023-10-22,Tom Raub,958,Smugglers Notch Disc Golf Center - Brewster Ridge,Brewster Ridge Gold Tees,62,18,2,13:10:00,75,13,923,149,True,False,18,75,True,True,True
68805,2023,MP40,1,633805,110289,110289,923,Round 1,2023-10-22,Frank Wruk,945,Smugglers Notch Disc Golf Center - Brewster Ridge,Brewster Ridge Gold Tees,62,18,1,13:20:00,76,14,916,156,True,False,18,76,True,True,True
68805,2023,MP40,1,633805,83212,83212,906,Round 1,2023-10-22,Cory Barron,885,Smugglers Notch Disc Golf Center - Brewster Ridge,Brewster Ridge Gold Tees,62,18,3,13:10:00,80,18,888,162,True,False,18,80,True,True,True
68805,2023,MP40,1,633805,21498,21498,916,Round 1,2023-10-22,Lucas Biggers,904,Smugglers Notch Disc Golf Center - Brewster Ridge,Brewster Ridge Gold Tees,62,18,4,13:10:00,81,19,881,161,True,False,18,81,True,True,True
68805,2023,MP40,1,633805,120692,120692,896,Round 1,2023-10-22,Corey Johnson,911,Smugglers Notch Disc Golf Center - Brewster Ridge,Brewster Ridge Gold Tees,62,18,2,13:20:00,85,23,853,172,True,False,18,85,True,True,True
68805,2023,MP40,2,633807,22318,22318,965,Round 2,2023-10-22,Aaron Smartt,965,Smugglers Notch Disc Golf Center - Fox Run,Fox Run Meadows Gold Tees,62,18,2,12:30:00,73,11,967,141,True,False,18,73,True,True,True
68805,2023,MP40,2,633807,24381,24381,945,Round 2,2023-10-22,Chris Young,937,Smugglers Notch Disc Golf Center - Fox Run,Fox Run Meadows Gold Tees,62,18,3,12:30:00,71,9,980,143,True,False,18,71,True,True,True
68805,2023,MP40,2,633807,132038,132038,953,Round 2,2023-10-22,Daniel Jenkins,965,Smugglers Notch Disc Golf Center - Fox Run,Fox Run Meadows Gold Tees,62,18,1,12:20:00,75,13,955,147,True,False,18,75,True,True,True
68805,2023,MP40,2,633807,166239,166239,936,Round 2,2023-10-22,Tom Raub,958,Smugglers Notch Disc Golf Center - Fox Run,Fox Run Meadows Gold Tees,62,18,4,12:20:00,74,12,961,149,True,False,18,74,True,True,True
68805,2023,MP40,2,633807,189489,189489,944,Round 2,2023-10-22,Joshua Niss,937,Smugglers Notch Disc Golf Center - Fox Run,Fox Run Meadows Gold Tees,62,18,1,12:30:00,83,21,906,150,True,False,18,83,True,True,True
68805,2023,MP40,2,633807,193211,193211,923,Round 2,2023-10-22,Greg Babbin,933,Smugglers Notch Disc Golf Center - Fox Run,Fox Run Meadows Gold Tees,62,18,2,12:20:00,78,16,937,151,True,False,18,78,True,True,True
68805,2023,MP40,2,633807,110289,110289,923,Round 2,2023-10-22,Frank Wruk,945,Smugglers Notch Disc Golf Center - Fox Run,Fox Run Meadows Gold Tees,62,18,1,12:10:00,80,18,924,156,True,False,18,80,True,True,True
68805,2023,MP40,2,633807,120378,120378,939,Round 2,2023-10-22,Drew McDowell,952,Smugglers Notch Disc Golf Center - Fox Run,Fox Run Meadows Gold Tees,62,18,4,12:30:00,84,22,900,156,True,False,18,84,True,True,True
68805,2023,MP40,2,633807,21498,21498,916,Round 2,2023-10-22,Lucas Biggers,904,Smugglers Notch Disc Golf Center - Fox Run,Fox Run Meadows Gold Tees,62,18,3,12:10:00,80,18,924,161,True,False,18,80,True,True,True
68805,2023,MP40,2,633807,83212,83212,906,Round 2,2023-10-22,Cory Barron,885,Smugglers Notch Disc Golf Center - Fox Run,Fox Run Meadows Gold Tees,62,18,2,12:10:00,82,20,912,162,True,False,18,82,True,True,True
68805,2023,MP40,2,633807,109527,109527,901,Round 2,2023-10-22,Mike Wenzel,901,Smugglers Notch Disc Golf Center - Fox Run,Fox Run Meadows Gold Tees,62,18,3,12:20:00,95,33,832,170,True,False,18,95,True,True,True
68805,2023,MP40,2,633807,120692,120692,896,Round 2,2023-10-22,Corey Johnson,911,Smugglers Notch Disc Golf Center - Fox Run,Fox Run Meadows Gold Tees,62,18,4,12:10:00,87,25,882,172,True,False,18,87,True,True,True
68805,2023,MP50,1,633831,157577,157577,905,Round 1,2023-10-22,Ian Butman,901,Smugglers Notch Disc Golf Center - Brewster Ridge,Brewster Ridge Blue Tees,62,18,2,10:20:00,65,3,928,147,True,False,18,65,True,True,True
68805,2023,MP50,1,633831,83198,83198,898,Round 1,2023-10-22,Alan Gofberg,869,Smugglers Notch Disc Golf Center - Brewster Ridge,Brewster Ridge Blue Tees,62,18,1,10:30:00,69,7,894,147,True,False,18,69,True,True,True
68805,2023,MP50,1,633831,125921,125921,884,Round 1,2023-10-22,Christopher Conk,905,Smugglers Notch Disc Golf Center - Brewster Ridge,Brewster Ridge Blue Tees,62,18,2,10:30:00,69,7,894,152,True,False,18,69,True,True,True
68805,2023,MP50,1,633831,148818,148818,923,Round 1,2023-10-22,Jim Olson,900,Smugglers Notch Disc Golf Center - Brewster Ridge,Brewster Ridge Blue Tees,62,18,1,10:20:00,72,10,868,154,True,False,18,72,True,True,True
68805,2023,MP50,1,633831,223480,223480,857,Round 1,2023-10-22,Marc Kirkpatrick,879,Smugglers Notch Disc Golf Center - Brewster Ridge,Brewster Ridge Blue Tees,62,18,3,10:20:00,72,10,868,166,True,False,18,72,True,True,True
68805,2023,MP50,1,633831,192570,192570,876,Round 1,2023-10-22,Jim Biancolo,,Smugglers Notch Disc Golf Center - Brewster Ridge,Brewster Ridge Blue Tees,62,18,3,10:30:00,77,15,825,176,True,False,18,77,True,True,True
68805,2023,MP50,2,633833,157577,157577,905,Round 2,2023-10-22,Ian Butman,901,Smugglers Notch Disc Golf Center - Fox Run,Fox Run Meadows Blue Tees,62,18,1,09:40:00,82,20,863,147,True,False,18,82,True,True,True
68805,2023,MP50,2,633833,83198,83198,898,Round 2,2023-10-22,Alan Gofberg,869,Smugglers Notch Disc Golf Center - Fox Run,Fox Run Meadows Blue Tees,62,18,2,09:40:00,78,16,892,147,True,False,18,78,True,True,True
68805,2023,MP50,2,633833,125921,125921,884,Round 2,2023-10-22,Christopher Conk,905,Smugglers Notch Disc Golf Center - Fox Run,Fox Run Meadows Blue Tees,62,18,3,09:40:00,83,21,856,152,True,False,18,83,True,True,True
68805,2023,MP50,2,633833,148818,148818,923,Round 2,2023-10-22,Jim Olson,900,Smugglers Notch Disc Golf Center - Fox Run,Fox Run Meadows Blue Tees,62,18,1,09:30:00,82,20,863,154,True,False,18,82,True,True,True
68805,2023,MP50,2,633833,223480,223480,857,Round 2,2023-10-22,Marc Kirkpatrick,879,Smugglers Notch Disc Golf Center - Fox Run,Fox Run Meadows Blue Tees,62,18,2,09:30:00,94,32,777,166,True,False,18,94,True,True,True
68805,2023,MP50,2,633833,192570,192570,876,Round 2,2023-10-22,Jim Biancolo,,Smugglers Notch Disc Golf Center - Fox Run,Fox Run Meadows Blue Tees,62,18,3,09:30:00,99,37,741,176,True,False,18,99,True,True,True
68805,2023,MPO,1,633805,128180,128180,975,Round 1,2023-10-22,Andrew Cochran,1003,Smugglers Notch Disc Golf Center - Brewster Ridge,Brewster Ridge Gold Tees,62,18,2,12:00:00,59,-3,1034,128,True,False,18,59,True,True,True
68805,2023,MPO,1,633805,117124,117124,958,Round 1,2023-10-22,Dean Squires Jr,970,Smugglers Notch Disc Golf Center - Brewster Ridge,Brewster Ridge Gold Tees,62,18,1,11:00:00,62,0,1013,141,True,False,18,62,True,True,True
68805,2023,MPO,1,633805,143853,143853,996,Round 1,2023-10-22,Elijah Rider Brandt,1012,Smugglers Notch Disc Golf Center - Brewster Ridge,Brewster Ridge Gold Tees,62,18,2,12:50:00,63,1,1006,130,True,False,18,63,True,True,True
68805,2023,MPO,1,633805,268529,268529,939,Round 1,2023-10-22,James Cairn,1006,Smugglers Notch Disc Golf Center - Brewster Ridge,Brewster Ridge Gold Tees,62,18,3,11:00:00,65,3,992,137,True,False,18,65,True,True,True
68805,2023,MPO,1,633805,54700,54700,948,Round 1,2023-10-22,Nicholas Muth,944,Smugglers Notch Disc Golf Center - Brewster Ridge,Brewster Ridge Gold Tees,62,18,1,12:50:00,66,4,985,138,True,False,18,66,True,True,True
68805,2023,MPO,1,633805,103627,103627,976,Round 1,2023-10-22,Clayton Davis,,Smugglers Notch Disc Golf Center - Brewster Ridge,Brewster Ridge Gold Tees,62,18,3,12:20:00,66,4,985,133,True,False,18,66,True,True,True
68805,2023,MPO,1,633805,122658,122658,950,Round 1,2023-10-22,Joey Tota,945,Smugglers Notch Disc Golf Center - Brewster Ridge,Brewster Ridge Gold Tees,62,18,3,11:10:00,66,4,985,141,True,False,18,66,True,True,True
68805,2023,MPO,1,633805,118928,118928,951,Round 1,2023-10-22,Tyler Pomichter,926,Smugglers Notch Disc Golf Center - Brewster Ridge,Brewster Ridge Gold Tees,62,18,2,11:00:00,67,5,978,137,True,False,18,67,True,True,True
68805,2023,MPO,1,633805,142706,142706,958,Round 1,2023-10-22,Cédric Gilbert,965,Smugglers Notch Disc Golf Center - Brewster Ridge,Brewster Ridge Gold Tees,62,18,3,13:00:00,67,5,978,140,True,False,18,67,True,True,True
68805,2023,MPO,1,633805,241573,241573,975,Round 1,2023-10-22,Whit Stephenson,998,Smugglers Notch Disc Golf Center - Brewster Ridge,Brewster Ridge Gold Tees,62,18,4,11:30:00,67,5,978,129,True,False,18,67,True,True,True
68805,2023,MPO,1,633805,21441,21441,972,Round 1,2023-10-22,Zackary Doyle,999,Smugglers Notch Disc Golf Center - Brewster Ridge,Brewster Ridge Gold Tees,62,18,4,12:50:00,68,6,971,134,True,False,18,68,True,True,True
68805,2023,MPO,1,633805,106751,106751,929,Round 1,2023-10-22,Jeffrey Abbott,952,Smugglers Notch Disc Golf Center - Brewster Ridge,Brewster Ridge Gold Tees,62,18,2,11:20:00,68,6,971,145,True,False,18,68,True,True,True
68805,2023,MPO,1,633805,126098,126098,935,Round 1,2023-10-22,Will Macduff,893,Smugglers Notch Disc Golf Center - Brewster Ridge,Brewster Ridge Gold Tees,62,18,2,11:40:00,68,6,971,144,True,False,18,68,True,True,True
68805,2023,MPO,1,633805,130868,130868,976,Round 1,2023-10-22,Remington Gaetjens,982,Smugglers Notch Disc Golf Center - Brewster Ridge,Brewster Ridge Gold Tees,62,18,4,12:30:00,68,6,971,143,True,False,18,68,True,True,True
68805,2023,MPO,1,633805,168353,168353,932,Round 1,2023-10-22,Aaron Albert,943,Smugglers Notch Disc Golf Center - Brewster Ridge,Brewster Ridge Gold Tees,62,18,2,11:30:00,68,6,971,145,True,False,18,68,True,True,True
68805,2023,MPO,1,633805,170807,170807,940,Round 1,2023-10-22,Roger Duhaime,905,Smugglers Notch Disc Golf Center - Brewster Ridge,Brewster Ridge Gold Tees,62,18,2,11:10:00,68,6,971,147,True,False,18,68,True,True,True
68805,2023,MPO,1,633805,49211,49211,935,Round 1,2023-10-22,Joe Bishop,930,Smugglers Notch Disc Golf Center - Brewster Ridge,Brewster Ridge Gold Tees,62,18,1,11:10:00,69,7,964,153,True,False,18,69,True,True,True
68805,2023,MPO,1,633805,100885,100885,957,Round 1,2023-10-22,Jacob Moore,945,Smugglers Notch Disc Golf Center - Brewster Ridge,Brewster Ridge Gold Tees,62,18,1,12:20:00,69,7,964,142,True,False,18,69,True,True,True
68805,2023,MPO,1,633805,85970,85970,957,Round 1,2023-10-22,Ben Drogue,966,Smugglers Notch Disc Golf Center - Brewster Ridge,Brewster Ridge Gold Tees,62,18,1,11:50:00,70,8,957,152,True,False,18,70,True,True,True
68805,2023,MPO,1,633805,95343,95343,964,Round 1,2023-10-22,Dylan Adjutant,962,Smugglers Notch Disc Golf Center - Brewster Ridge,Brewster Ridge Gold Tees,62,18,3,12:40:00,70,8,957,137,True,False,18,70,True,True,True
68805,2023,MPO,1,633805,125328,125328,935,Round 1,2023-10-22,Dana Carpenter,,Smugglers Notch Disc Golf Center - Brewster Ridge,Brewster Ridge Gold Tees,62,18,1,12:00:00,70,8,957,151,True,False,18,70,True,True,True
68805,2023,MPO,1,633805,140098,140098,966,Round 1,2023-10-22,Angus Barstow,980,Smugglers Notch Disc Golf Center - Brewster Ridge,Brewster Ridge Gold Tees,62,18,4,12:10:00,70,8,957,139,True,False,18,70,True,True,True
68805,2023,MPO,1,633805,142744,142744,969,Round 1,2023-10-22,Abel German,974,Smugglers Notch Disc Golf Center - Brewster Ridge,Brewster Ridge Gold Tees,62,18,3,11:50:00,70,8,957,140,True,False,18,70,True,True,True
68805,2023,MPO,1,633805,169393,169393,946,Round 1,2023-10-22,Aidan Trombley,977,Smugglers Notch Disc Golf Center - Brewster Ridge,Brewster Ridge Gold Tees,62,18,1,12:10:00,70,8,957,134,True,False,18,70,True,True,True
68805,2023,MPO,1,633805,99835,99835,981,Round 1,2023-10-22,Conor Dannis,1003,Smugglers Notch Disc Golf Center - Brewster Ridge,Brewster Ridge Gold Tees,62,18,3,12:50:00,71,9,950,134,True,False,18,71,True,True,True
68805,2023,MPO,1,633805,121362,121362,953,Round 1,2023-10-22,Jonathan Russo,951,Smugglers Notch Disc Golf Center - Brewster Ridge,Brewster Ridge Gold Tees,62,18,2,13:00:00,71,9,950,141,True,False,18,71,True,True,True
68805,2023,MPO,1,633805,204892,204892,944,Round 1,2023-10-22,Tiernan Roland,973,Smugglers Notch Disc Golf Center - Brewster Ridge,Brewster Ridge Gold Tees,62,18,4,13:00:00,71,9,950,153,True,False,18,71,True,True,True
68805,2023,MPO,1,633805,94517,94517,939,Round 1,2023-10-22,Anthony Webb,973,Smugglers Notch Disc Golf Center - Brewster Ridge,Brewster Ridge Gold Tees,62,18,1,13:00:00,72,10,943,153,True,False,18,72,True,True,True
68805,2023,MPO,1,633805,145499,145499,957,Round 1,2023-10-22,Lukas Kreutzer,951,Smugglers Notch Disc Golf Center - Brewster Ridge,Brewster Ridge Gold Tees,62,18,3,11:20:00,72,10,943,144,True,False,18,72,True,True,True
68805,2023,MPO,1,633805,75861,75861,975,Round 1,2023-10-22,Charlie Veysey,978,Smugglers Notch Disc Golf Center - Brewster Ridge,Brewster Ridge Gold Tees,62,18,3,12:10:00,73,11,936,140,True,False,18,73,True,True,True
68805,2023,MPO,1,633805,223671,223671,935,Round 1,2023-10-22,Brendan Van Tuinen,942,Smugglers Notch Disc Golf Center - Brewster Ridge,Brewster Ridge Gold Tees,62,18,1,11:20:00,73,11,936,148,True,False,18,73,True,True,True
68805,2023,MPO,1,633805,43994,43994,922,Round 1,2023-10-22,Jeffrey Spring,938,Smugglers Notch Disc Golf Center - Brewster Ridge,Brewster Ridge Gold Tees,62,18,2,12:10:00,74,12,930,152,True,False,18,74,True,True,True
68805,2023,MPO,1,633805,96030,96030,942,Round 1,2023-10-22,Alex Benson,,Smugglers Notch Disc Golf Center - Brewster Ridge,Brewster Ridge Gold Tees,62,18,2,12:20:00,74,12,930,,True,False,18,74,True,True,True
68805,2023,MPO,1,633805,101763,101763,892,Round 1,2023-10-22,Spencer Sutherland,917,Smugglers Notch Disc Golf Center - Brewster Ridge,Brewster Ridge Gold Tees,62,18,1,11:40:00,74,12,930,158,True,False,18,74,True,True,True
68805,2023,MPO,1,633805,109086,109086,948,Round 1,2023-10-22,Aaron Schlossberg,947,Smugglers Notch Disc Golf Center - Brewster Ridge,Brewster Ridge Gold Tees,62,18,4,12:00:00,74,12,930,154,True,False,18,74,True,True,True
68805,2023,MPO,1,633805,85036,85036,921,Round 1,2023-10-22,Nolan Power,,Smugglers Notch Disc Golf Center - Brewster Ridge,Brewster Ridge Gold Tees,62,18,1,12:30:00,75,13,923,156,True,False,18,75,True,True,True
68805,2023,MPO,1,633805,125586,125586,930,Round 1,2023-10-22,Matthew Avery,,Smugglers Notch Disc Golf Center - Brewster Ridge,Brewster Ridge Gold Tees,62,18,4,12:20:00,75,13,923,152,True,False,18,75,True,True,True
68805,2023,MPO,1,633805,207793,207793,913,Round 1,2023-10-22,Walker White,917,Smugglers Notch Disc Golf Center - Brewster Ridge,Brewster Ridge Gold Tees,62,18,3,11:30:00,75,13,923,158,True,False,18,75,True,True,True
68805,2023,MPO,1,633805,106970,106970,866,Round 1,2023-10-22,Stefan Farrell,852,Smugglers Notch Disc Golf Center - Brewster Ridge,Brewster Ridge Gold Tees,62,18,1,11:30:00,76,14,916,171,True,False,18,76,True,True,True
68805,2023,MPO,1,633805,100341,100341,936,Round 1,2023-10-22,Kevin Avery,,Smugglers Notch Disc Golf Center - Brewster Ridge,Brewster Ridge Gold Tees,62,18,2,12:30:00,77,15,909,153,True,False,18,77,True,True,True
68805,2023,MPO,1,633805,146705,146705,920,Round 1,2023-10-22,James Kenney,910,Smugglers Notch Disc Golf Center - Brewster Ridge,Brewster Ridge Gold Tees,62,18,3,12:00:00,77,15,909,,True,False,18,77,True,True,True
68805,2023,MPO,1,633805,176526,176526,932,Round 1,2023-10-22,Porter Awad,,Smugglers Notch Disc Golf Center - Brewster Ridge,Brewster Ridge Gold Tees,62,18,1,12:40:00,77,15,909,153,True,False,18,77,True,True,True
68805,2023,MPO,1,633805,187845,187845,936,Round 1,2023-10-22,Shane Seals,962,Smugglers Notch Disc Golf Center - Brewster Ridge,Brewster Ridge Gold Tees,62,18,2,12:40:00,79,17,895,154,True,False,18,79,True,True,True
68805,2023,MPO,1,633805,78132,78132,908,Round 1,2023-10-22,Jairus Larson,,Smugglers Notch Disc Golf Center - Brewster Ridge,Brewster Ridge Gold Tees,62,18,2,11:50:00,80,18,888,163,True,False,18,80,True,True,True
68805,2023,MPO,1,633805,213171,213171,884,Round 1,2023-10-22,Matt Thornley,905,Smugglers Notch Disc Golf Center - Brewster Ridge,Brewster Ridge Gold Tees,62,18,3,11:40:00,82,20,874,159,True,False,18,82,True,True,True
68805,2023,MPO,1,633805,256485,256485,925,Round 1,2023-10-22,Christopher Keller,,Smugglers Notch Disc Golf Center - Brewster Ridge,Brewster Ridge Gold Tees,62,18,4,11:50:00,83,21,867,159,True,False,18,83,True,True,True
68805,2023,MPO,1,633805,136937,136937,915,Round 1,2023-10-22,Zach Bossier,,Smugglers Notch Disc Golf Center - Brewster Ridge,Brewster Ridge Gold Tees,62,18,3,12:30:00,88,26,832,,True,False,18,88,True,True,True
68805,2023,MPO,1,633805,133387,133387,958,Round 1,2023-10-22,Gavin Plourde,958,Smugglers Notch Disc Golf Center - Brewster Ridge,Brewster Ridge Gold Tees,62,18,2,12:40:00,42,937,,,True,False,10,42,False,True,False
68805,2023,MPO,2,633807,128180,128180,975,Round 2,2023-10-22,Andrew Cochran,1003,Smugglers Notch Disc Golf Center - Fox Run,Fox Run Meadows Gold Tees,62,18,1,12:00:00,69,7,992,128,True,False,18,69,True,True,True
68805,2023,MPO,2,633807,241573,241573,975,Round 2,2023-10-22,Whit Stephenson,998,Smugglers Notch Disc Golf Center - Fox Run,Fox Run Meadows Gold Tees,62,18,2,11:40:00,62,0,1035,129,True,False,18,62,True,True,True
68805,2023,MPO,2,633807,143853,143853,996,Round 2,2023-10-22,Elijah Rider Brandt,1012,Smugglers Notch Disc Golf Center - Fox Run,Fox Run Meadows Gold Tees,62,18,3,12:00:00,67,5,1004,130,True,False,18,67,True,True,True
68805,2023,MPO,2,633807,103627,103627,976,Round 2,2023-10-22,Clayton Davis,,Smugglers Notch Disc Golf Center - Fox Run,Fox Run Meadows Gold Tees,62,18,2,11:50:00,67,5,1004,133,True,False,18,67,True,True,True
68805,2023,MPO,2,633807,99835,99835,981,Round 2,2023-10-22,Conor Dannis,1003,Smugglers Notch Disc Golf Center - Fox Run,Fox Run Meadows Gold Tees,62,18,1,11:00:00,63,1,1029,134,True,False,18,63,True,True,True
68805,2023,MPO,2,633807,169393,169393,946,Round 2,2023-10-22,Aidan Trombley,977,Smugglers Notch Disc Golf Center - Fox Run,Fox Run Meadows Gold Tees,62,18,4,11:10:00,64,2,1023,134,True,False,18,64,True,True,True
68805,2023,MPO,2,633807,21441,21441,972,Round 2,2023-10-22,Zackary Doyle,999,Smugglers Notch Disc Golf Center - Fox Run,Fox Run Meadows Gold Tees,62,18,3,11:40:00,66,4,1010,134,True,False,18,66,True,True,True
68805,2023,MPO,2,633807,95343,95343,964,Round 2,2023-10-22,Dylan Adjutant,962,Smugglers Notch Disc Golf Center - Fox Run,Fox Run Meadows Gold Tees,62,18,4,11:20:00,67,5,1004,137,True,False,18,67,True,True,True
68805,2023,MPO,2,633807,118928,118928,951,Round 2,2023-10-22,Tyler Pomichter,926,Smugglers Notch Disc Golf Center - Fox Run,Fox Run Meadows Gold Tees,62,18,4,11:50:00,70,8,986,137,True,False,18,70,True,True,True
68805,2023,MPO,2,633807,268529,268529,939,Round 2,2023-10-22,James Cairn,1006,Smugglers Notch Disc Golf Center - Fox Run,Fox Run Meadows Gold Tees,62,18,4,12:00:00,72,10,974,137,True,False,18,72,True,True,True
68805,2023,MPO,2,633807,54700,54700,948,Round 2,2023-10-22,Nicholas Muth,944,Smugglers Notch Disc Golf Center - Fox Run,Fox Run Meadows Gold Tees,62,18,1,11:50:00,72,10,974,138,True,False,18,72,True,True,True
68805,2023,MPO,2,633807,140098,140098,966,Round 2,2023-10-22,Angus Barstow,980,Smugglers Notch Disc Golf Center - Fox Run,Fox Run Meadows Gold Tees,62,18,2,11:10:00,69,7,992,139,True,False,18,69,True,True,True
68805,2023,MPO,2,633807,75861,75861,975,Round 2,2023-10-22,Charlie Veysey,978,Smugglers Notch Disc Golf Center - Fox Run,Fox Run Meadows Gold Tees,62,18,2,10:50:00,67,5,1004,140,True,False,18,67,True,True,True
68805,2023,MPO,2,633807,142744,142744,969,Round 2,2023-10-22,Abel German,974,Smugglers Notch Disc Golf Center - Fox Run,Fox Run Meadows Gold Tees,62,18,3,11:10:00,70,8,986,140,True,False,18,70,True,True,True
68805,2023,MPO,2,633807,142706,142706,958,Round 2,2023-10-22,Cédric Gilbert,965,Smugglers Notch Disc Golf Center - Fox Run,Fox Run Meadows Gold Tees,62,18,1,11:40:00,73,11,967,140,True,False,18,73,True,True,True
68805,2023,MPO,2,633807,121362,121362,953,Round 2,2023-10-22,Jonathan Russo,951,Smugglers Notch Disc Golf Center - Fox Run,Fox Run Meadows Gold Tees,62,18,2,11:00:00,70,8,986,141,True,False,18,70,True,True,True
68805,2023,MPO,2,633807,122658,122658,950,Round 2,2023-10-22,Joey Tota,945,Smugglers Notch Disc Golf Center - Fox Run,Fox Run Meadows Gold Tees,62,18,3,11:50:00,75,13,955,141,True,False,18,75,True,True,True
68805,2023,MPO,2,633807,117124,117124,958,Round 2,2023-10-22,Dean Squires Jr,970,Smugglers Notch Disc Golf Center - Fox Run,Fox Run Meadows Gold Tees,62,18,2,12:00:00,79,17,931,141,True,False,18,79,True,True,True
68805,2023,MPO,2,633807,100885,100885,957,Round 2,2023-10-22,Jacob Moore,945,Smugglers Notch Disc Golf Center - Fox Run,Fox Run Meadows Gold Tees,62,18,2,11:20:00,73,11,967,142,True,False,18,73,True,True,True
68805,2023,MPO,2,633807,130868,130868,976,Round 2,2023-10-22,Remington Gaetjens,982,Smugglers Notch Disc Golf Center - Fox Run,Fox Run Meadows Gold Tees,62,18,2,11:30:00,75,13,955,143,True,False,18,75,True,True,True
68805,2023,MPO,2,633807,145499,145499,957,Round 2,2023-10-22,Lukas Kreutzer,951,Smugglers Notch Disc Golf Center - Fox Run,Fox Run Meadows Gold Tees,62,18,1,10:50:00,72,10,974,144,True,False,18,72,True,True,True
68805,2023,MPO,2,633807,126098,126098,935,Round 2,2023-10-22,Will Macduff,893,Smugglers Notch Disc Golf Center - Fox Run,Fox Run Meadows Gold Tees,62,18,1,11:30:00,76,14,949,144,True,False,18,76,True,True,True
68805,2023,MPO,2,633807,106751,106751,929,Round 2,2023-10-22,Jeffrey Abbott,952,Smugglers Notch Disc Golf Center - Fox Run,Fox Run Meadows Gold Tees,62,18,4,11:40:00,77,15,943,145,True,False,18,77,True,True,True
68805,2023,MPO,2,633807,168353,168353,932,Round 2,2023-10-22,Aaron Albert,943,Smugglers Notch Disc Golf Center - Fox Run,Fox Run Meadows Gold Tees,62,18,3,11:30:00,77,15,943,145,True,False,18,77,True,True,True
68805,2023,MPO,2,633807,170807,170807,940,Round 2,2023-10-22,Roger Duhaime,905,Smugglers Notch Disc Golf Center - Fox Run,Fox Run Meadows Gold Tees,62,18,4,11:30:00,79,17,931,147,True,False,18,79,True,True,True
68805,2023,MPO,2,633807,223671,223671,935,Round 2,2023-10-22,Brendan Van Tuinen,942,Smugglers Notch Disc Golf Center - Fox Run,Fox Run Meadows Gold Tees,62,18,3,10:50:00,75,13,955,148,True,False,18,75,True,True,True
68805,2023,MPO,2,633807,125328,125328,935,Round 2,2023-10-22,Dana Carpenter,,Smugglers Notch Disc Golf Center - Fox Run,Fox Run Meadows Gold Tees,62,18,1,11:10:00,81,19,918,151,True,False,18,81,True,True,True
68805,2023,MPO,2,633807,125586,125586,930,Round 2,2023-10-22,Matthew Avery,,Smugglers Notch Disc Golf Center - Fox Run,Fox Run Meadows Gold Tees,62,18,1,10:30:00,77,15,943,152,True,False,18,77,True,True,True
68805,2023,MPO,2,633807,43994,43994,922,Round 2,2023-10-22,Jeffrey Spring,938,Smugglers Notch Disc Golf Center - Fox Run,Fox Run Meadows Gold Tees,62,18,4,10:50:00,78,16,937,152,True,False,18,78,True,True,True
68805,2023,MPO,2,633807,85970,85970,957,Round 2,2023-10-22,Ben Drogue,966,Smugglers Notch Disc Golf Center - Fox Run,Fox Run Meadows Gold Tees,62,18,3,11:20:00,82,20,912,152,True,False,18,82,True,True,True
68805,2023,MPO,2,633807,100341,100341,936,Round 2,2023-10-22,Kevin Avery,,Smugglers Notch Disc Golf Center - Fox Run,Fox Run Meadows Gold Tees,62,18,1,10:20:00,76,14,949,153,True,False,18,76,True,True,True
68805,2023,MPO,2,633807,176526,176526,932,Round 2,2023-10-22,Porter Awad,,Smugglers Notch Disc Golf Center - Fox Run,Fox Run Meadows Gold Tees,62,18,2,10:20:00,76,14,949,153,True,False,18,76,True,True,True
68805,2023,MPO,2,633807,94517,94517,939,Round 2,2023-10-22,Anthony Webb,973,Smugglers Notch Disc Golf Center - Fox Run,Fox Run Meadows Gold Tees,62,18,4,11:00:00,81,19,918,153,True,False,18,81,True,True,True
68805,2023,MPO,2,633807,204892,204892,944,Round 2,2023-10-22,Tiernan Roland,973,Smugglers Notch Disc Golf Center - Fox Run,Fox Run Meadows Gold Tees,62,18,3,11:00:00,82,20,912,153,True,False,18,82,True,True,True
68805,2023,MPO,2,633807,49211,49211,935,Round 2,2023-10-22,Joe Bishop,930,Smugglers Notch Disc Golf Center - Fox Run,Fox Run Meadows Gold Tees,62,18,1,11:20:00,84,22,900,153,True,False,18,84,True,True,True
68805,2023,MPO,2,633807,187845,187845,936,Round 2,2023-10-22,Shane Seals,962,Smugglers Notch Disc Golf Center - Fox Run,Fox Run Meadows Gold Tees,62,18,3,10:20:00,75,13,955,154,True,False,18,75,True,True,True
68805,2023,MPO,2,633807,109086,109086,948,Round 2,2023-10-22,Aaron Schlossberg,947,Smugglers Notch Disc Golf Center - Fox Run,Fox Run Meadows Gold Tees,62,18,2,10:40:00,80,18,924,154,True,False,18,80,True,True,True
68805,2023,MPO,2,633807,85036,85036,921,Round 2,2023-10-22,Nolan Power,,Smugglers Notch Disc Golf Center - Fox Run,Fox Run Meadows Gold Tees,62,18,3,10:40:00,81,19,918,156,True,False,18,81,True,True,True
68805,2023,MPO,2,633807,207793,207793,913,Round 2,2023-10-22,Walker White,917,Smugglers Notch Disc Golf Center - Fox Run,Fox Run Meadows Gold Tees,62,18,2,10:30:00,83,21,906,158,True,False,18,83,True,True,True
68805,2023,MPO,2,633807,101763,101763,892,Round 2,2023-10-22,Spencer Sutherland,917,Smugglers Notch Disc Golf Center - Fox Run,Fox Run Meadows Gold Tees,62,18,1,10:40:00,84,22,900,158,True,False,18,84,True,True,True
68805,2023,MPO,2,633807,256485,256485,925,Round 2,2023-10-22,Christopher Keller,,Smugglers Notch Disc Golf Center - Fox Run,Fox Run Meadows Gold Tees,62,18,2,10:10:00,76,14,949,159,True,False,18,76,True,True,True
68805,2023,MPO,2,633807,213171,213171,884,Round 2,2023-10-22,Matt Thornley,905,Smugglers Notch Disc Golf Center - Fox Run,Fox Run Meadows Gold Tees,62,18,1,10:10:00,77,15,943,159,True,False,18,77,True,True,True
68805,2023,MPO,2,633807,78132,78132,908,Round 2,2023-10-22,Jairus Larson,,Smugglers Notch Disc Golf Center - Fox Run,Fox Run Meadows Gold Tees,62,18,4,10:20:00,83,21,906,163,True,False,18,83,True,True,True
68805,2023,MPO,2,633807,106970,106970,866,Round 2,2023-10-22,Stefan Farrell,852,Smugglers Notch Disc Golf Center - Fox Run,Fox Run Meadows Gold Tees,62,18,3,10:30:00,95,33,832,171,True,False,18,95,True,True,True
68805,2023,MPO,2,633807,96030,96030,942,Round 2,2023-10-22,Alex Benson,,Smugglers Notch Disc Golf Center - Fox Run,Fox Run Meadows Gold Tees,62,18,1,10:40:00,,,,,True,True,0,,False,False,False
68805,2023,MPO,2,633807,146705,146705,920,Round 2,2023-10-22,James Kenney,910,Smugglers Notch Disc Golf Center - Fox Run,Fox Run Meadows Gold Tees,62,18,4,10:30:00,,,,,True,True,0,,False,False,False
68805,2023,MPO,2,633807,136937,136937,915,Round 2,2023-10-22,Zach Bossier,,Smugglers Notch Disc Golf Center - Fox Run,Fox Run Meadows Gold Tees,62,18,3,10:10:00,,,,,True,True,0,,False,False,False
68805,2023,MPO,2,633807,133387,133387,958,Round 2,2023-10-22,Gavin Plourde,958,Smugglers Notch Disc Golf Center - Fox Run,Fox Run Meadows Gold Tees,62,18,,,,,,,True,True,0,,False,False,False
