event_id,year,division,round,layout_id,player_key,pdga_number,event_rating,round_label,round_date,player_name,current_rating,course_name,layout_name,layout_par,n_holes,card_number,tee_time,round_score,round_to_par,round_rating,grand_total,raw_completed,unfinished_999,holes_scored,hole_score_sum,all_holes_scored,hole_sum_matches,usable
77672,2024,FA1,1,667313,225671,225671,750,Round 1,2024-04-28,Amanda Dunbar,742,Willow Park,Blue Tees,57,18,4,11:20:00,76,19,726,148,True,False,18,76,True,True,True
77672,2024,FA1,2,667313,225671,225671,750,Round 2,2024-04-28,Amanda Dunbar,742,Willow Park,Blue Tees,57,18,3,11:30:00,72,15,768,148,True,False,18,72,True,True,True
77672,2024,FA2,1,667312,243272,243272,647,Round 1,2024-04-28,Cadie Wells-Robinson,730,Willow Park,Red Tees,57,18,4,08:40:00,71,14,692,139,True,False,18,71,True,True,True
77672,2024,FA2,1,667312,215341,215341,469,Round 1,2024-04-28,Teah Miller,591,Willow Park,Red Tees,57,18,3,08:40:00,76,19,631,164,True,False,18,76,True,True,True
77672,2024,FA2,2,667312,243272,243272,647,Round 2,2024-04-28,Cadie Wells-Robinson,730,Willow Park,Red Tees,57,18,1,08:30:00,68,11,729,139,True,False,18,68,True,True,True
77672,2024,FA2,2,667312,215341,215341,469,Round 2,2024-04-28,Teah Miller,591,Willow Park,Red Tees,57,18,2,08:30:00,88,31,484,164,True,False,18,88,True,True,True
77672,2024,FA3,1,667312,272570,272570,674,Round 1,2024-04-28,Megan Bursell,,Willow Park,Red Tees,57,18,2,08:30:00,67,10,741,129,True,False,18,67,True,True,True
77672,2024,FA3,1,667312,277475,277475,,Round 1,2024-04-28,Erin Rice,727,Willow Park,Red Tees,57,18,1,08:30:00,71,14,692,147,True,False,18,71,True,True,True
77672,2024,FA3,1,667312,258148,258148,650,Round 1,2024-04-28,Sherrie Ocasio,629,Willow Park,Red Tees,57,18,1,08:40:00,74,17,655,150,True,False,18,74,True,True,True
77672,2024,FA3,1,667312,217500,217500,611,Round 1,2024-04-28,Alicia Jones,,Willow Park,Red Tees,57,18,3,08:30:00,81,24,570,156,True,False,18,81,True,True,True
77672,2024,FA3,1,667312,259152,259152,593,Round 1,2024-04-28,Marie Norton,,Willow Park,Red Tees,57,18,2,08:40:00,81,24,570,163,True,False,18,81,True,True,True
77672,2024,FA3,1,667312,name:christelle nicol,,,Round 1,2024-04-28,Christelle Nicol,,Willow Park,Red Tees,57,18,4,08:30:00,87,30,496,159,True,False,18,87,True,True,True
77672,2024,FA3,2,667312,272570,272570,674,Round 2,2024-04-28,Megan Bursell,,Willow Park,Red Tees,57,18,1,08:40:00,62,5,802,129,True,False,18,62,True,True,True
77672,2024,FA3,2,667312,277475,277475,,Round 2,2024-04-28,Erin Rice,727,Willow Park,Red Tees,57,18,2,08:40:00,76,19,631,147,True,False,18,76,True,True,True
77672,2024,FA3,2,667312,258148,258148,650,Round 2,2024-04-28,Sherrie Ocasio,629,Willow Park,Red Tees,57,18,3,08:40:00,76,19,631,150,True,False,18,76,True,True,True
77672,2024,FA3,2,667312,217500,217500,611,Round 2,2024-04-28,Alicia Jones,,Willow Park,Red Tees,57,18,4,08:40:00,75,18,643,156,True,False,18,75,True,True,True
77672,2024,FA3,2,667312,name:christelle nicol,,,Round 2,2024-04-28,Christelle Nicol,,Willow Park,Red Tees,57,18,4,08:30:00,72,15,680,159,True,False,18,72,True,True,True
77672,2024,FA3,2,667312,259152,259152,593,Round 2,2024-04-28,Marie Norton,,Willow Park,Red Tees,57,18,3,08:30:00,82,25,557,163,True,False,18,82,True,True,True
77672,2024,FJ12,1,667312,261367,261367,72,Round 1,2024-04-28,Annabelle Babbin,525,Willow Park,Red Tees,57,18,3,07:40:00,131,78,-92,271,True,False,18,131,True,True,True
77672,2024,FJ12,2,667312,261367,261367,72,Round 2,2024-04-28,Annabelle Babbin,525,Willow Park,Red Tees,57,18,3,07:40:00,136,79,-104,271,True,False,18,136,True,True,True
77672,2024,MA1,1,667313,168715,168715,930,Round 1,2024-04-28,John Kirby,939,Willow Park,Blue Tees,57,18,4,12:10:00,52,-5,975,105,True,False,18,52,True,True,True
77672,2024,MA1,1,667313,89829,89829,906,Round 1,2024-04-28,Garrett Washburn,923,Willow Park,Blue Tees,57,18,1,12:30:00,54,-3,954,105,True,False,18,54,True,True,True
77672,2024,MA1,1,667313,173058,173058,932,Round 1,2024-04-28,Brandon Allaire,950,Willow Park,Blue Tees,57,18,2,11:50:00,55,-2,944,106,True,False,18,55,True,True,True
77672,2024,MA1,1,667313,82340,82340,892,Round 1,2024-04-28,Justin Leonard,912,Willow Park,Blue Tees,57,18,3,12:30:00,56,-1,934,114,True,False,18,56,True,True,True
77672,2024,MA1,1,667313,111643,111643,948,Round 1,2024-04-28,Finn Etter,1013,Willow Park,Blue Tees,57,18,1,12:40:00,56,-1,934,108,True,False,18,56,True,True,True
77672,2024,MA1,1,667313,154887,154887,920,Round 1,2024-04-28,Brian Hunter,941,Willow Park,Blue Tees,57,18,3,11:30:00,56,-1,934,111,True,False,18,56,True,True,True
77672,2024,MA1,1,667313,174031,174031,904,Round 1,2024-04-28,Ian MacDonald,909,Willow Park,Blue Tees,57,18,2,12:10:00,56,-1,934,112,True,False,18,56,True,True,True
77672,2024,MA1,1,667313,162806,162806,867,Round 1,2024-04-28,Ethan Springer,886,Willow Park,Blue Tees,57,18,3,12:00:00,57,0,923,111,True,False,18,57,True,True,True
77672,2024,MA1,1,667313,175140,175140,902,Round 1,2024-04-28,Christian Garey,890,Willow Park,Blue Tees,57,18,2,11:40:00,57,0,923,120,True,False,18,57,True,True,True
77672,2024,MA1,1,667313,228825,228825,939,Round 1,2024-04-28,Carter Thorne-Kaunelis,964,Willow Park,Blue Tees,57,18,2,12:20:00,57,0,923,109,True,False,18,57,True,True,True
77672,2024,MA1,1,667313,269263,269263,892,Round 1,2024-04-28,Nick Baccari,948,Willow Park,Blue Tees,57,18,4,12:00:00,57,0,923,112,True,False,18,57,True,True,True
77672,2024,MA1,1,667313,283430,283430,,Round 1,2024-04-28,Ian Coyne,,Willow Park,Blue Tees,57,18,4,11:40:00,57,0,923,113,True,False,18,57,True,True,True
77672,2024,MA1,1,667313,103108,103108,919,Round 1,2024-04-28,William Bogen,944,Willow Park,Blue Tees,57,18,1,12:20:00,58,1,913,112,True,False,18,58,True,True,True
77672,2024,MA1,1,667313,110707,110707,932,Round 1,2024-04-28,Jason Wilson,927,Willow Park,Blue Tees,57,18,1,12:10:00,58,1,913,110,True,False,18,58,True,True,True
77672,2024,MA1,1,667313,210681,210681,902,Round 1,2024-04-28,Kyle Anderson Andresen,911,Willow Park,Blue Tees,57,18,2,12:40:00,58,1,913,118,True,False,18,58,True,True,True
77672,2024,MA1,1,667313,218093,218093,918,Round 1,2024-04-28,Winter Thorne-Kaunelis,971,Willow Park,Blue Tees,57,18,3,12:40:00,58,1,913,110,True,False,18,58,True,True,True
77672,2024,MA1,1,667313,158783,158783,893,Round 1,2024-04-28,Joseph Humes,906,Willow Park,Blue Tees,57,18,3,12:20:00,59,2,902,120,True,False,18,59,True,True,True
77672,2024,MA1,1,667313,283479,283479,,Round 1,2024-04-28,Richard LaRocque,,Willow Park,Blue Tees,57,18,3,11:50:00,59,2,902,117,True,False,18,59,True,True,True
77672,2024,MA1,1,667313,name:nicholas garvey,,,Round 1,2024-04-28,Nicholas Garvey,,Willow Park,Blue Tees,57,18,4,12:20:00,59,2,902,120,True,False,18,59,True,True,True
77672,2024,MA1,1,667313,48058,48058,931,Round 1,2024-04-28,Nicholas Cellini,,Willow Park,Blue Tees,57,18,1,11:50:00,60,3,892,123,True,False,18,60,True,True,True
77672,2024,MA1,1,667313,124203,124203,898,Round 1,2024-04-28,Ezra Koch,954,Willow Park,Blue Tees,57,18,3,11:40:00,60,3,892,118,True,False,18,60,True,True,True
77672,2024,MA1,1,667313,188828,188828,910,Round 1,2024-04-28,Marc Franceschet,,Willow Park,Blue Tees,57,18,1,12:00:00,60,3,892,115,True,False,18,60,True,True,True
77672,2024,MA1,1,667313,189315,189315,899,Round 1,2024-04-28,Josh Smith,976,Willow Park,Blue Tees,57,18,2,12:00:00,60,3,892,115,True,False,18,60,True,True,True
77672,2024,MA1,1,667313,240494,240494,926,Round 1,2024-04-28,Derrek Eckhardt,919,Willow Park,Blue Tees,57,18,1,11:30:00,60,3,892,120,True,False,18,60,True,True,True
77672,2024,MA1,1,667313,144983,144983,919,Round 1,2024-04-28,Wilson Kondracki,936,Willow Park,Blue Tees,57,18,4,11:30:00,61,4,882,121,True,False,18,61,True,True,True
77672,2024,MA1,1,667313,118932,118932,888,Round 1,2024-04-28,Brew Reed,,Willow Park,Blue Tees,57,18,1,11:40:00,63,6,861,130,True,False,18,63,True,True,True
77672,2024,MA1,1,667313,138228,138228,898,Round 1,2024-04-28,Dan Barmore,,Willow Park,Blue Tees,57,18,2,12:30:00,63,6,861,117,True,False,18,63,True,True,True
77672,2024,MA1,1,667313,149370,149370,894,Round 1,2024-04-28,Justin Serrano,897,Willow Park,Blue Tees,57,18,3,12:10:00,63,6,861,116,True,False,18,63,True,True,True
77672,2024,MA1,1,667313,96154,96154,865,Round 1,2024-04-28,Travis Jacques,871,Willow Park,Blue Tees,57,18,2,11:30:00,65,8,840,130,True,False,18,65,True,True,True
77672,2024,MA1,1,667313,285906,285906,,Round 1,2024-04-28,Charles Whittemore,854,Willow Park,Blue Tees,57,18,4,11:50:00,75,18,736,149,True,False,18,75,True,True,True
77672,2024,MA1,2,667313,89829,89829,906,Round 2,2024-04-28,Garrett Washburn,923,Willow Park,Blue Tees,57,18,2,12:40:00,51,-6,985,105,True,False,18,51,True,True,True
77672,2024,MA1,2,667313,168715,168715,930,Round 2,2024-04-28,John Kirby,939,Willow Park,Blue Tees,57,18,1,12:40:00,53,-4,965,105,True,False,18,53,True,True,True
77672,2024,MA1,2,667313,173058,173058,932,Round 2,2024-04-28,Brandon Allaire,950,Willow Park,Blue Tees,57,18,3,12:40:00,51,-6,985,106,True,False,18,51,True,True,True
77672,2024,MA1,2,667313,111643,111643,948,Round 2,2024-04-28,Finn Etter,1013,Willow Park,Blue Tees,57,18,1,12:30:00,52,-5,975,108,True,False,18,52,True,True,True
77672,2024,MA1,2,667313,228825,228825,939,Round 2,2024-04-28,Carter Thorne-Kaunelis,964,Willow Park,Blue Tees,57,18,2,12:20:00,52,-5,975,109,True,False,18,52,True,True,True
77672,2024,MA1,2,667313,110707,110707,932,Round 2,2024-04-28,Jason Wilson,927,Willow Park,Blue Tees,57,18,2,12:10:00,52,-5,975,110,True,False,18,52,True,True,True
77672,2024,MA1,2,667313,218093,218093,918,Round 2,2024-04-28,Winter Thorne-Kaunelis,971,Willow Park,Blue Tees,57,18,4,12:10:00,52,-5,975,110,True,False,18,52,True,True,True
77672,2024,MA1,2,667313,162806,162806,867,Round 2,2024-04-28,Ethan Springer,886,Willow Park,Blue Tees,57,18,4,12:30:00,54,-3,954,111,True,False,18,54,True,True,True
77672,2024,MA1,2,667313,154887,154887,920,Round 2,2024-04-28,Brian Hunter,941,Willow Park,Blue Tees,57,18,2,12:30:00,55,-2,944,111,True,False,18,55,True,True,True
77672,2024,MA1,2,667313,103108,103108,919,Round 2,2024-04-28,William Bogen,944,Willow Park,Blue Tees,57,18,1,12:10:00,54,-3,954,112,True,False,18,54,True,True,True
77672,2024,MA1,2,667313,269263,269263,892,Round 2,2024-04-28,Nick Baccari,948,Willow Park,Blue Tees,57,18,3,12:20:00,55,-2,944,112,True,False,18,55,True,True,True
77672,2024,MA1,2,667313,174031,174031,904,Round 2,2024-04-28,Ian MacDonald,909,Willow Park,Blue Tees,57,18,3,12:30:00,56,-1,934,112,True,False,18,56,True,True,True
77672,2024,MA1,2,667313,283430,283430,,Round 2,2024-04-28,Ian Coyne,,Willow Park,Blue Tees,57,18,4,12:20:00,56,-1,934,113,True,False,18,56,True,True,True
77672,2024,MA1,2,667313,82340,82340,892,Round 2,2024-04-28,Justin Leonard,912,Willow Park,Blue Tees,57,18,4,12:40:00,58,1,913,114,True,False,18,58,True,True,True
77672,2024,MA1,2,667313,188828,188828,910,Round 2,2024-04-28,Marc Franceschet,,Willow Park,Blue Tees,57,18,2,11:50:00,55,-2,944,115,True,False,18,55,True,True,True
77672,2024,MA1,2,667313,189315,189315,899,Round 2,2024-04-28,Josh Smith,976,Willow Park,Blue Tees,57,18,3,11:50:00,55,-2,944,115,True,False,18,55,True,True,True
77672,2024,MA1,2,667313,149370,149370,894,Round 2,2024-04-28,Justin Serrano,897,Willow Park,Blue Tees,57,18,4,11:40:00,53,-4,965,116,True,False,18,53,True,True,True
77672,2024,MA1,2,667313,138228,138228,898,Round 2,2024-04-28,Dan Barmore,,Willow Park,Blue Tees,57,18,3,11:40:00,54,-3,954,117,True,False,18,54,True,True,True
77672,2024,MA1,2,667313,283479,283479,,Round 2,2024-04-28,Richard LaRocque,,Willow Park,Blue Tees,57,18,2,12:00:00,58,1,913,117,True,False,18,58,True,True,True
77672,2024,MA1,2,667313,124203,124203,898,Round 2,2024-04-28,Ezra Koch,954,Willow Park,Blue Tees,57,18,1,11:50:00,58,1,913,118,True,False,18,58,True,True,True
77672,2024,MA1,2,667313,210681,210681,902,Round 2,2024-04-28,Kyle Anderson Andresen,911,Willow Park,Blue Tees,57,18,3,12:10:00,60,3,892,118,True,False,18,60,True,True,True
77672,2024,MA1,2,667313,240494,240494,926,Round 2,2024-04-28,Derrek Eckhardt,919,Willow Park,Blue Tees,57,18,4,11:50:00,60,3,892,120,True,False,18,60,True,True,True
77672,2024,MA1,2,667313,158783,158783,893,Round 2,2024-04-28,Joseph Humes,906,Willow Park,Blue Tees,57,18,1,12:00:00,61,4,882,120,True,False,18,61,True,True,True
77672,2024,MA1,2,667313,name:nicholas garvey,,,Round 2,2024-04-28,Nicholas Garvey,,Willow Park,Blue Tees,57,18,3,12:00:00,61,4,882,120,True,False,18,61,True,True,True
77672,2024,MA1,2,667313,175140,175140,902,Round 2,2024-04-28,Christian Garey,890,Willow Park,Blue Tees,57,18,1,12:20:00,63,6,861,120,True,False,18,63,True,True,True
77672,2024,MA1,2,667313,144983,144983,919,Round 2,2024-04-28,Wilson Kondracki,936,Willow Park,Blue Tees,57,18,1,11:40:00,60,3,892,121,True,False,18,60,True,True,True
77672,2024,MA1,2,667313,48058,48058,931,Round 2,2024-04-28,Nicholas Cellini,,Willow Park,Blue Tees,57,18,4,12:00:00,63,6,861,123,True,False,18,63,True,True,True
77672,2024,MA1,2,667313,96154,96154,865,Round 2,2024-04-28,Travis Jacques,871,Willow Park,Blue Tees,57,18,1,11:30:00,65,8,840,130,True,False,18,65,True,True,True
77672,2024,MA1,2,667313,118932,118932,888,Round 2,2024-04-28,Brew Reed,,Willow Park,Blue Tees,57,18,2,11:40:00,67,10,819,130,True,False,18,67,True,True,True
77672,2024,MA1,2,667313,285906,285906,,Round 2,2024-04-28,Charles Whittemore,854,Willow Park,Blue Tees,57,18,2,11:30:00,74,17,747,149,True,False,18,74,True,True,True
77672,2024,MA2,1,667313,202214,202214,884,Round 1,2024-04-28,Daniel Alderman,906,Willow Park,Blue Tees,57,18,3,10:00:00,53,-4,965,112,True,False,18,53,True,True,True
77672,2024,MA2,1,667313,225669,225669,888,Round 1,2024-04-28,Jacob Dunbar,903,Willow Park,Blue Tees,57,18,2,09:20:00,53,-4,965,115,True,False,18,53,True,True,True
77672,2024,MA2,1,667313,236395,236395,897,Round 1,2024-04-28,Chandler Harvey,,Willow Park,Blue Tees,57,18,2,08:50:00,54,-3,954,112,True,False,18,54,True,True,True
77672,2024,MA2,1,667313,161895,161895,866,Round 1,2024-04-28,Nicholas Bohmer,,Willow Park,Blue Tees,57,18,3,10:20:00,57,0,923,114,True,False,18,57,True,True,True
77672,2024,MA2,1,667313,163691,163691,869,Round 1,2024-04-28,Tim Callahan,867,Willow Park,Blue Tees,57,18,2,10:10:00,57,0,923,115,True,False,18,57,True,True,True
77672,2024,MA2,1,667313,165655,165655,865,Round 1,2024-04-28,Ryan Senecal,,Willow Park,Blue Tees,57,18,2,10:00:00,57,0,923,117,True,False,18,57,True,True,True
77672,2024,MA2,1,667313,127782,127782,891,Round 1,2024-04-28,Ryan Phillips,875,Willow Park,Blue Tees,57,18,2,10:20:00,58,1,913,117,True,False,18,58,True,True,True
77672,2024,MA2,1,667313,221157,221157,899,Round 1,2024-04-28,Dylan Slick,915,Willow Park,Blue Tees,57,18,3,09:00:00,58,1,913,117,True,False,18,58,True,True,True
77672,2024,MA2,1,667313,63896,63896,892,Round 1,2024-04-28,Ross King,899,Willow Park,Blue Tees,57,18,1,09:00:00,59,2,902,121,True,False,18,59,True,True,True
77672,2024,MA2,1,667313,113247,113247,878,Round 1,2024-04-28,Matthew Knauf,883,Willow Park,Blue Tees,57,18,1,09:20:00,59,2,902,116,True,False,18,59,True,True,True
77672,2024,MA2,1,667313,137984,137984,869,Round 1,2024-04-28,Tristan Bryce,,Willow Park,Blue Tees,57,18,1,09:50:00,59,2,902,121,True,False,18,59,True,True,True
77672,2024,MA2,1,667313,177018,177018,875,Round 1,2024-04-28,Brandon Bensel,882,Willow Park,Blue Tees,57,18,4,10:20:00,59,2,902,121,True,False,18,59,True,True,True
77672,2024,MA2,1,667313,259718,259718,845,Round 1,2024-04-28,Kamden Cox,906,Willow Park,Blue Tees,57,18,3,09:40:00,59,2,902,115,True,False,18,59,True,True,True
77672,2024,MA2,1,667313,265220,265220,902,Round 1,2024-04-28,Ian Daughton,,Willow Park,Blue Tees,57,18,3,09:20:00,59,2,902,113,True,False,18,59,True,True,True
77672,2024,MA2,1,667313,275041,275041,,Round 1,2024-04-28,Samuel Schonberg,937,Willow Park,Blue Tees,57,18,4,09:20:00,59,2,902,114,True,False,18,59,True,True,True
77672,2024,MA2,1,667313,278286,278286,869,Round 1,2024-04-28,Trevor Hazelton,949,Willow Park,Blue Tees,57,18,4,09:50:00,59,2,902,111,True,False,18,59,True,True,True
77672,2024,MA2,1,667313,163638,163638,854,Round 1,2024-04-28,Kevin Jolin,888,Willow Park,Blue Tees,57,18,1,09:40:00,60,3,892,121,True,False,18,60,True,True,True
77672,2024,MA2,1,667313,name:syl foisy,,,Round 1,2024-04-28,Syl Foisy,,Willow Park,Blue Tees,57,18,3,08:50:00,60,3,892,119,True,False,18,60,True,True,True
77672,2024,MA2,1,667313,189203,189203,896,Round 1,2024-04-28,Bobby Martino,911,Willow Park,Blue Tees,57,18,1,08:50:00,61,4,882,119,True,False,18,61,True,True,True
77672,2024,MA2,1,667313,213224,213224,889,Round 1,2024-04-28,Justin Griswold,914,Willow Park,Blue Tees,57,18,2,09:30:00,61,4,882,120,True,False,18,61,True,True,True
77672,2024,MA2,1,667313,237135,237135,892,Round 1,2024-04-28,Peter FitzSisti,920,Willow Park,Blue Tees,57,18,2,09:40:00,61,4,882,116,True,False,18,61,True,True,True
77672,2024,MA2,1,667313,263190,263190,875,Round 1,2024-04-28,Corey Colford,,Willow Park,Blue Tees,57,18,4,09:30:00,61,4,882,121,True,False,18,61,True,True,True
77672,2024,MA2,1,667313,164891,164891,922,Round 1,2024-04-28,Joseph Melillo,918,Willow Park,Blue Tees,57,18,1,10:00:00,62,5,871,117,True,False,18,62,True,True,True
77672,2024,MA2,1,667313,265224,265224,842,Round 1,2024-04-28,Zeb Ferguson,889,Willow Park,Blue Tees,57,18,4,09:10:00,62,5,871,124,True,False,18,62,True,True,True
77672,2024,MA2,1,667313,285611,285611,,Round 1,2024-04-28,Zach Klinker,,Willow Park,Blue Tees,57,18,4,09:00:00,62,5,871,121,True,False,18,62,True,True,True
77672,2024,MA2,1,667313,name:alec nicol,,,Round 1,2024-04-28,Alec Nicol,,Willow Park,Blue Tees,57,18,4,08:50:00,62,5,871,126,True,False,18,62,True,True,True
77672,2024,MA2,1,667313,278541,278541,,Round 1,2024-04-28,Carter Langevin,,Willow Park,Blue Tees,57,18,4,10:00:00,64,7,851,128,True,False,18,64,True,True,True
77672,2024,MA2,1,667313,112821,112821,897,Round 1,2024-04-28,Ross O'Toole,917,Willow Park,Blue Tees,57,18,1,10:20:00,65,8,840,125,True,False,18,65,True,True,True
77672,2024,MA2,1,667313,166639,166639,852,Round 1,2024-04-28,Ryan Sweeney,883,Willow Park,Blue Tees,57,18,2,09:50:00,65,8,840,128,True,False,18,65,True,True,True
77672,2024,MA2,1,667313,137736,137736,846,Round 1,2024-04-28,Logan Cooke,880,Willow Park,Blue Tees,57,18,1,09:30:00,66,9,830,135,True,False,18,66,True,True,True
77672,2024,MA2,1,667313,169600,169600,874,Round 1,2024-04-28,Trevor Bryce,901,Willow Park,Blue Tees,57,18,3,10:10:00,66,9,830,127,True,False,18,66,True,True,True
77672,2024,MA2,1,667313,256887,256887,777,Round 1,2024-04-28,Alex Gambero,812,Willow Park,Blue Tees,57,18,3,09:10:00,66,9,830,134,True,False,18,66,True,True,True
77672,2024,MA2,1,667313,163523,163523,867,Round 1,2024-04-28,Landon Desroches,866,Willow Park,Blue Tees,57,18,2,09:10:00,67,10,819,128,True,False,18,67,True,True,True
77672,2024,MA2,1,667313,199954,199954,872,Round 1,2024-04-28,Trenten Reed,863,Willow Park,Blue Tees,57,18,3,09:50:00,68,11,809,129,True,False,18,68,True,True,True
77672,2024,MA2,1,667313,268458,268458,,Round 1,2024-04-28,Demetrio Gagnon,810,Willow Park,Blue Tees,57,18,4,09:40:00,69,12,799,140,True,False,18,69,True,True,True
77672,2024,MA2,1,667313,144570,144570,822,Round 1,2024-04-28,Alcide Bullett,,Willow Park,Blue Tees,57,18,1,10:10:00,70,13,788,136,True,False,18,70,True,True,True
77672,2024,MA2,1,667313,173655,173655,811,Round 1,2024-04-28,Lindsey Ruff,866,Willow Park,Blue Tees,57,18,2,09:00:00,72,15,768,135,True,False,18,72,True,True,True
77672,2024,MA2,1,667313,148187,148187,790,Round 1,2024-04-28,Evan Miller,874,Willow Park,Blue Tees,57,18,1,09:10:00,73,16,757,144,True,False,18,73,True,True,True
77672,2024,MA2,1,667313,239437,239437,733,Round 1,2024-04-28,Simon Bethune,830,Willow Park,Blue Tees,57,18,3,09:30:00,73,16,757,147,True,False,18,73,True,True,True
77672,2024,MA2,2,667313,278286,278286,869,Round 2,2024-04-28,Trevor Hazelton,949,Willow Park,Blue Tees,57,18,4,09:50:00,52,-5,975,111,True,False,18,52,True,True,True
77672,2024,MA2,2,667313,236395,236395,897,Round 2,2024-04-28,Chandler Harvey,,Willow Park,Blue Tees,57,18,3,10:20:00,58,1,913,112,True,False,18,58,True,True,True
77672,2024,MA2,2,667313,202214,202214,884,Round 2,2024-04-28,Daniel Alderman,906,Willow Park,Blue Tees,57,18,1,10:20:00,59,2,902,112,True,False,18,59,True,True,True
77672,2024,MA2,2,667313,265220,265220,902,Round 2,2024-04-28,Ian Daughton,,Willow Park,Blue Tees,57,18,2,09:50:00,54,-3,954,113,True,False,18,54,True,True,True
77672,2024,MA2,2,667313,275041,275041,,Round 2,2024-04-28,Samuel Schonberg,937,Willow Park,Blue Tees,57,18,3,09:50:00,55,-2,944,114,True,False,18,55,True,True,True
77672,2024,MA2,2,667313,161895,161895,866,Round 2,2024-04-28,Nicholas Bohmer,,Willow Park,Blue Tees,57,18,4,10:20:00,57,0,923,114,True,False,18,57,True,True,True
77672,2024,MA2,2,667313,259718,259718,845,Round 2,2024-04-28,Kamden Cox,906,Willow Park,Blue Tees,57,18,1,09:50:00,56,-1,934,115,True,False,18,56,True,True,True
77672,2024,MA2,2,667313,163691,163691,869,Round 2,2024-04-28,Tim Callahan,867,Willow Park,Blue Tees,57,18,1,10:10:00,58,1,913,115,True,False,18,58,True,True,True
77672,2024,MA2,2,667313,225669,225669,888,Round 2,2024-04-28,Jacob Dunbar,903,Willow Park,Blue Tees,57,18,2,10:20:00,62,5,871,115,True,False,18,62,True,True,True
77672,2024,MA2,2,667313,237135,237135,892,Round 2,2024-04-28,Peter FitzSisti,920,Willow Park,Blue Tees,57,18,1,09:30:00,55,-2,944,116,True,False,18,55,True,True,True
77672,2024,MA2,2,667313,113247,113247,878,Round 2,2024-04-28,Matthew Knauf,883,Willow Park,Blue Tees,57,18,2,10:00:00,57,0,923,116,True,False,18,57,True,True,True
77672,2024,MA2,2,667313,164891,164891,922,Round 2,2024-04-28,Joseph Melillo,918,Willow Park,Blue Tees,57,18,3,09:30:00,55,-2,944,117,True,False,18,55,True,True,True
77672,2024,MA2,2,667313,127782,127782,891,Round 2,2024-04-28,Ryan Phillips,875,Willow Park,Blue Tees,57,18,3,10:10:00,59,2,902,117,True,False,18,59,True,True,True
77672,2024,MA2,2,667313,221157,221157,899,Round 2,2024-04-28,Dylan Slick,915,Willow Park,Blue Tees,57,18,4,10:10:00,59,2,902,117,True,False,18,59,True,True,True
77672,2024,MA2,2,667313,165655,165655,865,Round 2,2024-04-28,Ryan Senecal,,Willow Park,Blue Tees,57,18,2,10:10:00,60,3,892,117,True,False,18,60,True,True,True
77672,2024,MA2,2,667313,189203,189203,896,Round 2,2024-04-28,Bobby Martino,911,Willow Park,Blue Tees,57,18,3,09:40:00,58,1,913,119,True,False,18,58,True,True,True
77672,2024,MA2,2,667313,name:syl foisy,,,Round 2,2024-04-28,Syl Foisy,,Willow Park,Blue Tees,57,18,2,09:40:00,59,2,902,119,True,False,18,59,True,True,True
77672,2024,MA2,2,667313,213224,213224,889,Round 2,2024-04-28,Justin Griswold,914,Willow Park,Blue Tees,57,18,4,09:40:00,59,2,902,120,True,False,18,59,True,True,True
77672,2024,MA2,2,667313,285611,285611,,Round 2,2024-04-28,Zach Klinker,,Willow Park,Blue Tees,57,18,1,09:20:00,59,2,902,121,True,False,18,59,True,True,True
77672,2024,MA2,2,667313,263190,263190,875,Round 2,2024-04-28,Corey Colford,,Willow Park,Blue Tees,57,18,2,09:30:00,60,3,892,121,True,False,18,60,True,True,True
77672,2024,MA2,2,667313,163638,163638,854,Round 2,2024-04-28,Kevin Jolin,888,Willow Park,Blue Tees,57,18,1,09:40:00,61,4,882,121,True,False,18,61,True,True,True
77672,2024,MA2,2,667313,63896,63896,892,Round 2,2024-04-28,Ross King,899,Willow Park,Blue Tees,57,18,1,10:00:00,62,5,871,121,True,False,18,62,True,True,True
77672,2024,MA2,2,667313,137984,137984,869,Round 2,2024-04-28,Tristan Bryce,,Willow Park,Blue Tees,57,18,3,10:00:00,62,5,871,121,True,False,18,62,True,True,True
77672,2024,MA2,2,667313,177018,177018,875,Round 2,2024-04-28,Brandon Bensel,882,Willow Park,Blue Tees,57,18,4,10:00:00,62,5,871,121,True,False,18,62,True,True,True
77672,2024,MA2,2,667313,265224,265224,842,Round 2,2024-04-28,Zeb Ferguson,889,Willow Park,Blue Tees,57,18,4,09:30:00,62,5,871,124,True,False,18,62,True,True,True
77672,2024,MA2,2,667313,112821,112821,897,Round 2,2024-04-28,Ross O'Toole,917,Willow Park,Blue Tees,57,18,4,09:20:00,60,3,892,125,True,False,18,60,True,True,True
77672,2024,MA2,2,667313,name:alec nicol,,,Round 2,2024-04-28,Alec Nicol,,Willow Park,Blue Tees,57,18,2,09:20:00,64,7,851,126,True,False,18,64,True,True,True
77672,2024,MA2,2,667313,169600,169600,874,Round 2,2024-04-28,Trevor Bryce,901,Willow Park,Blue Tees,57,18,3,09:10:00,61,4,882,127,True,False,18,61,True,True,True
77672,2024,MA2,2,667313,163523,163523,867,Round 2,2024-04-28,Landon Desroches,866,Willow Park,Blue Tees,57,18,1,09:00:00,61,4,882,128,True,False,18,61,True,True,True
77672,2024,MA2,2,667313,166639,166639,852,Round 2,2024-04-28,Ryan Sweeney,883,Willow Park,Blue Tees,57,18,1,09:10:00,63,6,861,128,True,False,18,63,True,True,True
77672,2024,MA2,2,667313,278541,278541,,Round 2,2024-04-28,Carter Langevin,,Willow Park,Blue Tees,57,18,3,09:20:00,64,7,851,128,True,False,18,64,True,True,True
77672,2024,MA2,2,667313,199954,199954,872,Round 2,2024-04-28,Trenten Reed,863,Willow Park,Blue Tees,57,18,2,09:00:00,61,4,882,129,True,False,18,61,True,True,True
77672,2024,MA2,2,667313,256887,256887,777,Round 2,2024-04-28,Alex Gambero,812,Willow Park,Blue Tees,57,18,4,09:10:00,68,11,809,134,True,False,18,68,True,True,True
77672,2024,MA2,2,667313,173655,173655,811,Round 2,2024-04-28,Lindsey Ruff,866,Willow Park,Blue Tees,57,18,1,08:50:00,63,6,861,135,True,False,18,63,True,True,True
77672,2024,MA2,2,667313,137736,137736,846,Round 2,2024-04-28,Logan Cooke,880,Willow Park,Blue Tees,57,18,2,09:10:00,69,12,799,135,True,False,18,69,True,True,True
77672,2024,MA2,2,667313,144570,144570,822,Round 2,2024-04-28,Alcide Bullett,,Willow Park,Blue Tees,57,18,4,09:00:00,66,9,830,136,True,False,18,66,True,True,True
77672,2024,MA2,2,667313,268458,268458,,Round 2,2024-04-28,Demetrio Gagnon,810,Willow Park,Blue Tees,57,18,3,09:00:00,71,14,778,140,True,False,18,71,True,True,True
77672,2024,MA2,2,667313,148187,148187,790,Round 2,2024-04-28,Evan Miller,874,Willow Park,Blue Tees,57,18,2,08:50:00,71,14,778,144,True,False,18,71,True,True,True
77672,2024,MA2,2,667313,239437,239437,733,Round 2,2024-04-28,Simon Bethune,830,Willow Park,Blue Tees,57,18,3,08:50:00,74,17,747,147,True,False,18,74,True,True,True
77672,2024,MA3,1,667312,166636,166636,835,Round 1,2024-04-28,Warren Bombardier,888,Willow Park,Red Tees,57,18,2,08:20:00,52,-5,925,109,True,False,18,52,True,True,True
77672,2024,MA3,1,667312,144230,144230,869,Round 1,2024-04-28,Jameson Norman,871,Willow Park,Red Tees,57,18,1,08:10:00,56,-1,876,115,True,False,18,56,True,True,True
77672,2024,MA3,1,667312,104754,104754,817,Round 1,2024-04-28,Teresa Bogen,822,Willow Park,Red Tees,57,18,3,08:00:00,57,0,864,121,True,False,18,57,True,True,True
77672,2024,MA3,1,667312,166633,166633,865,Round 1,2024-04-28,Joshua Martin,,Willow Park,Red Tees,57,18,1,08:20:00,57,0,864,114,True,False,18,57,True,True,True
77672,2024,MA3,1,667312,250342,250342,794,Round 1,2024-04-28,Daniel Barenski,860,Willow Park,Red Tees,57,18,3,08:10:00,57,0,864,116,True,False,18,57,True,True,True
77672,2024,MA3,1,667312,281608,281608,,Round 1,2024-04-28,Henry Smith,,Willow Park,Red Tees,57,18,2,08:00:00,59,2,839,122,True,False,18,59,True,True,True
77672,2024,MA3,1,667312,166637,166637,843,Round 1,2024-04-28,Ajay Shah,825,Willow Park,Red Tees,57,18,1,08:00:00,60,3,827,113,True,False,18,60,True,True,True
77672,2024,MA3,1,667312,239719,239719,845,Round 1,2024-04-28,Thane Griswold,820,Willow Park,Red Tees,57,18,4,08:10:00,60,3,827,115,True,False,18,60,True,True,True
77672,2024,MA3,1,667312,213301,213301,810,Round 1,2024-04-28,Katy Gimma,837,Willow Park,Red Tees,57,18,4,08:00:00,61,4,815,128,True,False,18,61,True,True,True
77672,2024,MA3,1,667312,261284,261284,761,Round 1,2024-04-28,Blake Martino,916,Willow Park,Red Tees,57,18,4,08:20:00,61,4,815,123,True,False,18,61,True,True,True
77672,2024,MA3,1,667312,name:ethan jeskie,,,Round 1,2024-04-28,Ethan Jeskie,,Willow Park,Red Tees,57,18,3,07:50:00,61,4,815,888,True,False,18,61,True,True,True
77672,2024,MA3,1,667312,name:john gallagher,,,Round 1,2024-04-28,John Gallagher,,Willow Park,Red Tees,57,18,2,07:50:00,62,5,802,,True,False,18,62,True,True,True
77672,2024,MA3,1,667312,194601,194601,777,Round 1,2024-04-28,Joshua Goodrich,810,Willow Park,Red Tees,57,18,1,07:50:00,63,6,790,126,True,False,18,63,True,True,True
77672,2024,MA3,1,667312,197481,197481,832,Round 1,2024-04-28,Jordan Townsend,,Willow Park,Red Tees,57,18,2,08:10:00,63,6,790,122,True,False,18,63,True,True,True
77672,2024,MA3,1,667312,211434,211434,788,Round 1,2024-04-28,Thomas Bousquet,798,Willow Park,Red Tees,57,18,3,08:20:00,63,6,790,123,True,False,18,63,True,True,True
77672,2024,MA3,2,667312,166636,166636,835,Round 2,2024-04-28,Warren Bombardier,888,Willow Park,Red Tees,57,18,1,08:20:00,57,0,864,109,True,False,18,57,True,True,True
77672,2024,MA3,2,667312,166637,166637,843,Round 2,2024-04-28,Ajay Shah,825,Willow Park,Red Tees,57,18,3,08:10:00,53,-4,913,113,True,False,18,53,True,True,True
77672,2024,MA3,2,667312,166633,166633,865,Round 2,2024-04-28,Joshua Martin,,Willow Park,Red Tees,57,18,4,08:20:00,57,0,864,114,True,False,18,57,True,True,True
77672,2024,MA3,2,667312,239719,239719,845,Round 2,2024-04-28,Thane Griswold,820,Willow Park,Red Tees,57,18,1,08:00:00,55,-2,888,115,True,False,18,55,True,True,True
77672,2024,MA3,2,667312,144230,144230,869,Round 2,2024-04-28,Jameson Norman,871,Willow Park,Red Tees,57,18,2,08:20:00,59,2,839,115,True,False,18,59,True,True,True
77672,2024,MA3,2,667312,250342,250342,794,Round 2,2024-04-28,Daniel Barenski,860,Willow Park,Red Tees,57,18,1,08:10:00,59,2,839,116,True,False,18,59,True,True,True
77672,2024,MA3,2,667312,104754,104754,817,Round 2,2024-04-28,Teresa Bogen,822,Willow Park,Red Tees,57,18,3,08:20:00,64,7,778,121,True,False,18,64,True,True,True
77672,2024,MA3,2,667312,197481,197481,832,Round 2,2024-04-28,Jordan Townsend,,Willow Park,Red Tees,57,18,2,07:50:00,59,2,839,122,True,False,18,59,True,True,True
77672,2024,MA3,2,667312,281608,281608,,Round 2,2024-04-28,Henry Smith,,Willow Park,Red Tees,57,18,2,08:10:00,63,6,790,122,True,False,18,63,True,True,True
77672,2024,MA3,2,667312,211434,211434,788,Round 2,2024-04-28,Thomas Bousquet,798,Willow Park,Red Tees,57,18,3,07:50:00,60,3,827,123,True,False,18,60,True,True,True
77672,2024,MA3,2,667312,261284,261284,761,Round 2,2024-04-28,Blake Martino,916,Willow Park,Red Tees,57,18,3,08:00:00,62,5,802,123,True,False,18,62,True,True,True
77672,2024,MA3,2,667312,194601,194601,777,Round 2,2024-04-28,Joshua Goodrich,810,Willow Park,Red Tees,57,18,1,07:50:00,63,6,790,126,True,False,18,63,True,True,True
77672,2024,MA3,2,667312,213301,213301,810,Round 2,2024-04-28,Katy Gimma,837,Willow Park,Red Tees,57,18,2,08:00:00,67,10,741,128,True,False,18,67,True,True,True
77672,2024,MA3,2,667312,name:ethan jeskie,,,Round 2,2024-04-28,Ethan Jeskie,,Willow Park,Red Tees,57,18,,,888,831,,888,True,False,0,,False,False,False
77672,2024,MA3,2,667312,name:john gallagher,,,Round 2,2024-04-28,John Gallagher,,Willow Park,Red Tees,57,18,,,,,,,True,True,0,,False,False,False
77672,2024,MA40,1,667313,73588,73588,894,Round 1,2024-04-28,Will Cleland,910,Willow Park,Blue Tees,57,18,1,11:00:00,58,1,913,116,True,False,18,58,True,True,True
77672,2024,MA40,1,667313,79565,79565,955,Round 1,2024-04-28,Christopher Reid,,Willow Park,Blue Tees,57,18,3,11:00:00,58,1,913,114,True,False,18,58,True,True,True
77672,2024,MA40,1,667313,94571,94571,911,Round 1,2024-04-28,Aaron Knickerbocker,931,Willow Park,Blue Tees,57,18,1,11:10:00,59,2,902,112,True,False,18,59,True,True,True
77672,2024,MA40,1,667313,180670,180670,906,Round 1,2024-04-28,Craig Fulcher,917,Willow Park,Blue Tees,57,18,4,11:00:00,59,2,902,117,True,False,18,59,True,True,True
77672,2024,MA40,1,667313,268865,268865,,Round 1,2024-04-28,Joseph Noury,,Willow Park,Blue Tees,57,18,2,11:00:00,65,8,840,132,True,False,18,65,True,True,True
77672,2024,MA40,1,667313,84811,84811,781,Round 1,2024-04-28,Nick Young,,Willow Park,Blue Tees,57,18,2,11:10:00,71,14,778,141,True,False,18,71,True,True,True
77672,2024,MA40,2,667313,94571,94571,911,Round 2,2024-04-28,Aaron Knickerbocker,931,Willow Park,Blue Tees,57,18,3,11:10:00,53,-4,965,112,True,False,18,53,True,True,True
77672,2024,MA40,2,667313,79565,79565,955,Round 2,2024-04-28,Christopher Reid,,Willow Park,Blue Tees,57,18,2,11:10:00,56,-1,934,114,True,False,18,56,True,True,True
77672,2024,MA40,2,667313,73588,73588,894,Round 2,2024-04-28,Will Cleland,910,Willow Park,Blue Tees,57,18,1,11:10:00,58,1,913,116,True,False,18,58,True,True,True
77672,2024,MA40,2,667313,180670,180670,906,Round 2,2024-04-28,Craig Fulcher,917,Willow Park,Blue Tees,57,18,4,11:10:00,58,1,913,117,True,False,18,58,True,True,True
77672,2024,MA40,2,667313,268865,268865,,Round 2,2024-04-28,Joseph Noury,,Willow Park,Blue Tees,57,18,1,11:00:00,67,10,819,132,True,False,18,67,True,True,True
77672,2024,MA40,2,667313,84811,84811,781,Round 2,2024-04-28,Nick Young,,Willow Park,Blue Tees,57,18,4,11:00:00,70,13,788,141,True,False,18,70,True,True,True
77672,2024,MA50,1,667313,130549,130549,899,Round 1,2024-04-28,Earl Dakers,899,Willow Park,Blue Tees,57,18,2,11:20:00,55,-2,944,116,True,False,18,55,True,True,True
77672,2024,MA50,1,667313,180673,180673,869,Round 1,2024-04-28,Stephen Malin Jr,915,Willow Park,Blue Tees,57,18,4,11:10:00,58,1,913,119,True,False,18,58,True,True,True
77672,2024,MA50,1,667313,199950,199950,867,Round 1,2024-04-28,James Reed,866,Willow Park,Blue Tees,57,18,1,11:20:00,62,5,871,121,True,False,18,62,True,True,True
77672,2024,MA50,1,667313,177045,177045,880,Round 1,2024-04-28,Shane Kelley,878,Willow Park,Blue Tees,57,18,4,10:30:00,63,6,861,124,True,False,18,63,True,True,True
77672,2024,MA50,1,667313,122583,122583,894,Round 1,2024-04-28,David Jolin,900,Willow Park,Blue Tees,57,18,3,11:10:00,66,9,830,125,True,False,18,66,True,True,True
77672,2024,MA50,1,667313,274310,274310,740,Round 1,2024-04-28,Joseph Wright,799,Willow Park,Blue Tees,57,18,3,11:20:00,69,12,799,137,True,False,18,69,True,True,True
77672,2024,MA50,2,667313,130549,130549,899,Round 2,2024-04-28,Earl Dakers,899,Willow Park,Blue Tees,57,18,1,11:20:00,61,4,882,116,True,False,18,61,True,True,True
77672,2024,MA50,2,667313,180673,180673,869,Round 2,2024-04-28,Stephen Malin Jr,915,Willow Park,Blue Tees,57,18,2,11:20:00,61,4,882,119,True,False,18,61,True,True,True
77672,2024,MA50,2,667313,199950,199950,867,Round 2,2024-04-28,James Reed,866,Willow Park,Blue Tees,57,18,3,11:20:00,59,2,902,121,True,False,18,59,True,True,True
77672,2024,MA50,2,667313,177045,177045,880,Round 2,2024-04-28,Shane Kelley,878,Willow Park,Blue Tees,57,18,4,11:20:00,61,4,882,124,True,False,18,61,True,True,True
77672,2024,MA50,2,667313,122583,122583,894,Round 2,2024-04-28,David Jolin,900,Willow Park,Blue Tees,57,18,2,11:00:00,59,2,902,125,True,False,18,59,True,True,True
77672,2024,MA50,2,667313,274310,274310,740,Round 2,2024-04-28,Joseph Wright,799,Willow Park,Blue Tees,57,18,3,11:00:00,68,11,809,137,True,False,18,68,True,True,True
77672,2024,MA60,1,667313,202875,202875,880,Round 1,2024-04-28,Thomas Limanek,911,Willow Park,Blue Tees,57,18,4,10:50:00,53,-4,965,115,True,False,18,53,True,True,True
77672,2024,MA60,1,667313,91301,91301,896,Round 1,2024-04-28,Michael A. Stridsberg,898,Willow Park,Blue Tees,57,18,1,10:50:00,57,0,923,117,True,False,18,57,True,True,True
77672,2024,MA60,1,667313,154603,154603,877,Round 1,2024-04-28,Scott “Scooter” Fort,903,Willow Park,Blue Tees,57,18,3,10:50:00,59,2,902,122,True,False,18,59,True,True,True
77672,2024,MA60,1,667313,130713,130713,876,Round 1,2024-04-28,Ian Martin,902,Willow Park,Blue Tees,57,18,2,10:30:00,62,5,871,122,True,False,18,62,True,True,True
77672,2024,MA60,1,667313,131352,131352,800,Round 1,2024-04-28,David Havens,816,Willow Park,Blue Tees,57,18,4,10:40:00,62,5,871,127,True,False,18,62,True,True,True
77672,2024,MA60,1,667313,129441,129441,797,Round 1,2024-04-28,Jim Robertson,825,Willow Park,Blue Tees,57,18,1,10:40:00,64,7,851,128,True,False,18,64,True,True,True
77672,2024,MA60,1,667313,16914,16914,805,Round 1,2024-04-28,Paul Berlind,,Willow Park,Blue Tees,57,18,3,10:40:00,66,9,830,137,True,False,18,66,True,True,True
77672,2024,MA60,1,667313,125535,125535,853,Round 1,2024-04-28,Joe Tota,846,Willow Park,Blue Tees,57,18,2,10:50:00,68,11,809,132,True,False,18,68,True,True,True
77672,2024,MA60,1,667313,85615,85615,835,Round 1,2024-04-28,Louis Davis,871,Willow Park,Blue Tees,57,18,3,10:30:00,69,12,799,136,True,False,18,69,True,True,True
77672,2024,MA60,1,667313,name:fritz eckhardt,,,Round 1,2024-04-28,Fritz Eckhardt,,Willow Park,Blue Tees,57,18,2,10:40:00,71,14,778,148,True,False,18,71,True,True,True
77672,2024,MA60,1,667313,129767,129767,722,Round 1,2024-04-28,Will Graustein,730,Willow Park,Blue Tees,57,18,1,10:30:00,74,17,747,148,True,False,18,74,True,True,True
77672,2024,MA60,2,667313,202875,202875,880,Round 2,2024-04-28,Thomas Limanek,911,Willow Park,Blue Tees,57,18,1,10:50:00,62,5,871,115,True,False,18,62,True,True,True
77672,2024,MA60,2,667313,91301,91301,896,Round 2,2024-04-28,Michael A. Stridsberg,898,Willow Park,Blue Tees,57,18,2,10:50:00,60,3,892,117,True,False,18,60,True,True,True
77672,2024,MA60,2,667313,130713,130713,876,Round 2,2024-04-28,Ian Martin,902,Willow Park,Blue Tees,57,18,4,10:50:00,60,3,892,122,True,False,18,60,True,True,True
77672,2024,MA60,2,667313,154603,154603,877,Round 2,2024-04-28,Scott “Scooter” Fort,903,Willow Park,Blue Tees,57,18,3,10:50:00,63,6,861,122,True,False,18,63,True,True,True
77672,2024,MA60,2,667313,131352,131352,800,Round 2,2024-04-28,David Havens,816,Willow Park,Blue Tees,57,18,1,10:40:00,65,8,840,127,True,False,18,65,True,True,True
77672,2024,MA60,2,667313,129441,129441,797,Round 2,2024-04-28,Jim Robertson,825,Willow Park,Blue Tees,57,18,2,10:40:00,64,7,851,128,True,False,18,64,True,True,True
77672,2024,MA60,2,667313,125535,125535,853,Round 2,2024-04-28,Joe Tota,846,Willow Park,Blue Tees,57,18,4,10:40:00,64,7,851,132,True,False,18,64,True,True,True
77672,2024,MA60,2,667313,85615,85615,835,Round 2,2024-04-28,Louis Davis,871,Willow Park,Blue Tees,57,18,1,10:30:00,67,10,819,136,True,False,18,67,True,True,True
77672,2024,MA60,2,667313,16914,16914,805,Round 2,2024-04-28,Paul Berlind,,Willow Park,Blue Tees,57,18,3,10:40:00,71,14,778,137,True,False,18,71,True,True,True
77672,2024,MA60,2,667313,129767,129767,722,Round 2,2024-04-28,Will Graustein,730,Willow Park,Blue Tees,57,18,3,10:30:00,74,17,747,148,True,False,18,74,True,True,True
77672,2024,MA60,2,667313,name:fritz eckhardt,,,Round 2,2024-04-28,Fritz Eckhardt,,Willow Park,Blue Tees,57,18,2,10:30:00,77,20,716,148,True,False,18,77,True,True,True
77672,2024,MJ15,1,667312,260772,260772,802,Round 1,2024-04-28,John Benjamin Stafford,893,Willow Park,Red Tees,57,18,1,07:40:00,52,-1,876,116,True,False,18,52,True,True,True
77672,2024,MJ15,1,667312,name:john duncan,,,Round 1,2024-04-28,John Duncan,,Willow Park,Red Tees,57,18,2,07:40:00,68,15,680,144,True,False,18,68,True,True,True
77672,2024,MJ15,2,667312,260772,260772,802,Round 2,2024-04-28,John Benjamin Stafford,893,Willow Park,Red Tees,57,18,1,07:40:00,60,3,827,116,True,False,18,60,True,True,True
77672,2024,MJ15,2,667312,name:john duncan,,,Round 2,2024-04-28,John Duncan,,Willow Park,Red Tees,57,18,2,07:40:00,72,15,680,144,True,False,18,72,True,True,True
77672,2024,MP40,1,667313,70290,70290,945,Round 1,2024-04-28,Paul Adorno,943,Willow Park,Blue Tees,57,18,2,14:10:00,56,-1,934,115,True,False,18,56,True,True,True
77672,2024,MP40,1,667313,193211,193211,946,Round 1,2024-04-28,Greg Babbin,933,Willow Park,Blue Tees,57,18,1,14:00:00,56,-1,934,109,True,False,18,56,True,True,True
77672,2024,MP40,1,667313,189489,189489,945,Round 1,2024-04-28,Joshua Niss,937,Willow Park,Blue Tees,57,18,3,14:10:00,57,0,923,112,True,False,18,57,True,True,True
77672,2024,MP40,1,667313,58542,58542,937,Round 1,2024-04-28,Travis Bushore,,Willow Park,Blue Tees,57,18,3,14:00:00,58,1,913,110,True,False,18,58,True,True,True
77672,2024,MP40,1,667313,166239,166239,936,Round 1,2024-04-28,Tom Raub,958,Willow Park,Blue Tees,57,18,3,14:20:00,58,1,913,110,True,False,18,58,True,True,True
77672,2024,MP40,1,667313,24381,24381,945,Round 1,2024-04-28,Chris Young,937,Willow Park,Blue Tees,57,18,2,14:20:00,60,3,892,116,True,False,18,60,True,True,True
77672,2024,MP40,1,667313,83212,83212,904,Round 1,2024-04-28,Cory Barron,885,Willow Park,Blue Tees,57,18,1,14:10:00,60,3,892,119,True,False,18,60,True,True,True
77672,2024,MP40,1,667313,61570,61570,920,Round 1,2024-04-28,Chris Tolar,,Willow Park,Blue Tees,57,18,2,14:00:00,61,4,882,119,True,False,18,61,True,True,True
77672,2024,MP40,1,667313,109527,109527,892,Round 1,2024-04-28,Mike Wenzel,901,Willow Park,Blue Tees,57,18,1,14:20:00,72,15,768,139,True,False,18,72,True,True,True
77672,2024,MP40,2,667313,193211,193211,946,Round 2,2024-04-28,Greg Babbin,933,Willow Park,Blue Tees,57,18,2,14:40:00,53,-4,965,109,True,False,18,53,True,True,True
77672,2024,MP40,2,667313,58542,58542,937,Round 2,2024-04-28,Travis Bushore,,Willow Park,Blue Tees,57,18,4,14:40:00,52,-5,975,110,True,False,18,52,True,True,True
77672,2024,MP40,2,667313,166239,166239,936,Round 2,2024-04-28,Tom Raub,958,Willow Park,Blue Tees,57,18,1,14:20:00,52,-5,975,110,True,False,18,52,True,True,True
77672,2024,MP40,2,667313,189489,189489,945,Round 2,2024-04-28,Joshua Niss,937,Willow Park,Blue Tees,57,18,3,14:40:00,55,-2,944,112,True,False,18,55,True,True,True
77672,2024,MP40,2,667313,70290,70290,945,Round 2,2024-04-28,Paul Adorno,943,Willow Park,Blue Tees,57,18,1,14:40:00,59,2,902,115,True,False,18,59,True,True,True
77672,2024,MP40,2,667313,24381,24381,945,Round 2,2024-04-28,Chris Young,937,Willow Park,Blue Tees,57,18,2,14:20:00,56,-1,934,116,True,False,18,56,True,True,True
77672,2024,MP40,2,667313,61570,61570,920,Round 2,2024-04-28,Chris Tolar,,Willow Park,Blue Tees,57,18,4,14:20:00,58,1,913,119,True,False,18,58,True,True,True
77672,2024,MP40,2,667313,83212,83212,904,Round 2,2024-04-28,Cory Barron,885,Willow Park,Blue Tees,57,18,3,14:20:00,59,2,902,119,True,False,18,59,True,True,True
77672,2024,MP40,2,667313,109527,109527,892,Round 2,2024-04-28,Mike Wenzel,901,Willow Park,Blue Tees,57,18,5,14:20:00,67,10,819,139,True,False,18,67,True,True,True
77672,2024,MP50,1,667313,226424,226424,878,Round 1,2024-04-28,Eric Potter,890,Willow Park,Blue Tees,57,18,2,14:30:00,57,0,923,118,True,False,18,57,True,True,True
77672,2024,MP50,1,667313,223480,223480,856,Round 1,2024-04-28,Marc Kirkpatrick,879,Willow Park,Blue Tees,57,18,4,14:30:00,59,2,902,120,True,False,18,59,True,True,True
77672,2024,MP50,1,667313,94467,94467,933,Round 1,2024-04-28,Steve Heroux,938,Willow Park,Blue Tees,57,18,3,14:30:00,61,4,882,119,True,False,18,61,True,True,True
77672,2024,MP50,1,667313,125921,125921,884,Round 1,2024-04-28,Christopher Conk,905,Willow Park,Blue Tees,57,18,1,14:30:00,61,4,882,117,True,False,18,61,True,True,True
77672,2024,MP50,1,667313,148818,148818,891,Round 1,2024-04-28,Jim Olson,900,Willow Park,Blue Tees,57,18,5,14:30:00,61,4,882,124,True,False,18,61,True,True,True
77672,2024,MP50,2,667313,125921,125921,884,Round 2,2024-04-28,Christopher Conk,905,Willow Park,Blue Tees,57,18,4,12:50:00,56,-1,934,117,True,False,18,56,True,True,True
77672,2024,MP50,2,667313,226424,226424,878,Round 2,2024-04-28,Eric Potter,890,Willow Park,Blue Tees,57,18,1,12:50:00,61,4,882,118,True,False,18,61,True,True,True
77672,2024,MP50,2,667313,94467,94467,933,Round 2,2024-04-28,Steve Heroux,938,Willow Park,Blue Tees,57,18,3,12:50:00,58,1,913,119,True,False,18,58,True,True,True
77672,2024,MP50,2,667313,223480,223480,856,Round 2,2024-04-28,Marc Kirkpatrick,879,Willow Park,Blue Tees,57,18,2,12:50:00,61,4,882,120,True,False,18,61,True,True,True
77672,2024,MP50,2,667313,148818,148818,891,Round 2,2024-04-28,Jim Olson,900,Willow Park,Blue Tees,57,18,5,12:50:00,63,6,861,124,True,False,18,63,True,True,True
77672,2024,MPO,1,667313,241573,241573,980,Round 1,2024-04-28,Whit Stephenson,998,Willow Park,Blue Tees,57,18,2,13:30:00,51,-6,985,101,True,False,18,51,True,True,True
77672,2024,MPO,1,667313,89460,89460,998,Round 1,2024-04-28,Wyatt Mahoney,1023,Willow Park,Blue Tees,57,18,2,13:10:00,52,-5,975,105,True,False,18,52,True,True,True
77672,2024,MPO,1,667313,164158,164158,964,Round 1,2024-04-28,Alex Raub,,Willow Park,Blue Tees,57,18,1,13:10:00,52,-5,975,100,True,False,18,52,True,True,True
77672,2024,MPO,1,667313,106751,106751,939,Round 1,2024-04-28,Jeffrey Abbott,952,Willow Park,Blue Tees,57,18,4,13:20:00,53,-4,965,109,True,False,18,53,True,True,True
77672,2024,MPO,1,667313,118928,118928,957,Round 1,2024-04-28,Tyler Pomichter,926,Willow Park,Blue Tees,57,18,1,13:20:00,54,-3,954,,True,False,18,54,True,True,True
77672,2024,MPO,1,667313,167479,167479,956,Round 1,2024-04-28,Joshua Bilodeau,966,Willow Park,Blue Tees,57,18,3,13:40:00,54,-3,954,108,True,False,18,54,True,True,True
77672,2024,MPO,1,667313,187845,187845,938,Round 1,2024-04-28,Shane Seals,962,Willow Park,Blue Tees,57,18,2,13:00:00,54,-3,954,106,True,False,18,54,True,True,True
77672,2024,MPO,1,667313,91216,91216,956,Round 1,2024-04-28,Chris Spear,932,Willow Park,Blue Tees,57,18,1,13:40:00,55,-2,944,111,True,False,18,55,True,True,True
77672,2024,MPO,1,667313,94450,94450,959,Round 1,2024-04-28,Brendan Rollins,958,Willow Park,Blue Tees,57,18,3,13:10:00,55,-2,944,109,True,False,18,55,True,True,True
77672,2024,MPO,1,667313,109086,109086,945,Round 1,2024-04-28,Aaron Schlossberg,947,Willow Park,Blue Tees,57,18,1,13:30:00,55,-2,944,106,True,False,18,55,True,True,True
77672,2024,MPO,1,667313,150908,150908,950,Round 1,2024-04-28,Jacob Steinman,,Willow Park,Blue Tees,57,18,2,13:50:00,57,0,923,110,True,False,18,57,True,True,True
77672,2024,MPO,1,667313,181649,181649,981,Round 1,2024-04-28,Hubert Vachon,996,Willow Park,Blue Tees,57,18,4,13:10:00,57,0,923,110,True,False,18,57,True,True,True
77672,2024,MPO,1,667313,100885,100885,959,Round 1,2024-04-28,Jacob Moore,945,Willow Park,Blue Tees,57,18,3,13:20:00,58,1,913,112,True,False,18,58,True,True,True
77672,2024,MPO,1,667313,186868,186868,909,Round 1,2024-04-28,David Hojnowski,,Willow Park,Blue Tees,57,18,2,12:50:00,58,1,913,118,True,False,18,58,True,True,True
77672,2024,MPO,1,667313,122658,122658,954,Round 1,2024-04-28,Joey Tota,945,Willow Park,Blue Tees,57,18,4,13:30:00,59,2,902,115,True,False,18,59,True,True,True
77672,2024,MPO,1,667313,123968,123968,885,Round 1,2024-04-28,James Hurley,,Willow Park,Blue Tees,57,18,3,13:50:00,59,2,902,113,True,False,18,59,True,True,True
77672,2024,MPO,1,667313,169393,169393,952,Round 1,2024-04-28,Aidan Trombley,977,Willow Park,Blue Tees,57,18,2,13:20:00,59,2,902,119,True,False,18,59,True,True,True
77672,2024,MPO,1,667313,279199,279199,,Round 1,2024-04-28,Ryan Youngs,,Willow Park,Blue Tees,57,18,3,12:50:00,59,2,902,117,True,False,18,59,True,True,True
77672,2024,MPO,1,667313,168047,168047,887,Round 1,2024-04-28,Jim Desisto,915,Willow Park,Blue Tees,57,18,4,13:50:00,60,3,892,120,True,False,18,60,True,True,True
77672,2024,MPO,1,667313,126144,126144,933,Round 1,2024-04-28,Gregory Miller,,Willow Park,Blue Tees,57,18,3,13:00:00,62,5,871,119,True,False,18,62,True,True,True
77672,2024,MPO,1,667313,221449,221449,872,Round 1,2024-04-28,Shane Proctor,885,Willow Park,Blue Tees,57,18,1,12:50:00,63,6,861,124,True,False,18,63,True,True,True
77672,2024,MPO,1,667313,100341,100341,933,Round 1,2024-04-28,Kevin Avery,,Willow Park,Blue Tees,57,18,3,13:30:00,64,7,851,122,True,False,18,64,True,True,True
77672,2024,MPO,1,667313,106970,106970,865,Round 1,2024-04-28,Stefan Farrell,852,Willow Park,Blue Tees,57,18,4,13:40:00,64,7,851,123,True,False,18,64,True,True,True
77672,2024,MPO,1,667313,105384,105384,884,Round 1,2024-04-28,James White II,,Willow Park,Blue Tees,57,18,2,13:40:00,69,12,799,127,True,False,18,69,True,True,True
77672,2024,MPO,1,667313,109051,109051,926,Round 1,2024-04-28,Taylor Jones,866,Willow Park,Blue Tees,57,18,1,13:00:00,69,12,799,138,True,False,18,69,True,True,True
77672,2024,MPO,1,667313,139688,139688,829,Round 1,2024-04-28,Colton McLean,,Willow Park,Blue Tees,57,18,1,13:50:00,71,14,778,135,True,False,18,71,True,True,True
77672,2024,MPO,2,667313,164158,164158,964,Round 2,2024-04-28,Alex Raub,,Willow Park,Blue Tees,57,18,3,14:10:00,48,-9,1017,100,True,False,18,48,True,True,True
77672,2024,MPO,2,667313,241573,241573,980,Round 2,2024-04-28,Whit Stephenson,998,Willow Park,Blue Tees,57,18,1,14:10:00,50,-7,996,101,True,False,18,50,True,True,True
77672,2024,MPO,2,667313,89460,89460,998,Round 2,2024-04-28,Wyatt Mahoney,1023,Willow Park,Blue Tees,57,18,2,14:10:00,53,-4,965,105,True,False,18,53,True,True,True
77672,2024,MPO,2,667313,109086,109086,945,Round 2,2024-04-28,Aaron Schlossberg,947,Willow Park,Blue Tees,57,18,2,13:50:00,51,-6,985,106,True,False,18,51,True,True,True
77672,2024,MPO,2,667313,187845,187845,938,Round 2,2024-04-28,Shane Seals,962,Willow Park,Blue Tees,57,18,2,14:00:00,52,-5,975,106,True,False,18,52,True,True,True
77672,2024,MPO,2,667313,167479,167479,956,Round 2,2024-04-28,Joshua Bilodeau,966,Willow Park,Blue Tees,57,18,1,14:00:00,54,-3,954,108,True,False,18,54,True,True,True
77672,2024,MPO,2,667313,94450,94450,959,Round 2,2024-04-28,Brendan Rollins,958,Willow Park,Blue Tees,57,18,1,13:50:00,54,-3,954,109,True,False,18,54,True,True,True
77672,2024,MPO,2,667313,106751,106751,939,Round 2,2024-04-28,Jeffrey Abbott,952,Willow Park,Blue Tees,57,18,4,14:10:00,56,-1,934,109,True,False,18,56,True,True,True
77672,2024,MPO,2,667313,150908,150908,950,Round 2,2024-04-28,Jacob Steinman,,Willow Park,Blue Tees,57,18,3,13:50:00,53,-4,965,110,True,False,18,53,True,True,True
77672,2024,MPO,2,667313,181649,181649,981,Round 2,2024-04-28,Hubert Vachon,996,Willow Park,Blue Tees,57,18,4,13:50:00,53,-4,965,110,True,False,18,53,True,True,True
77672,2024,MPO,2,667313,91216,91216,956,Round 2,2024-04-28,Chris Spear,932,Willow Park,Blue Tees,57,18,3,14:00:00,56,-1,934,111,True,False,18,56,True,True,True
77672,2024,MPO,2,667313,100885,100885,959,Round 2,2024-04-28,Jacob Moore,945,Willow Park,Blue Tees,57,18,1,13:40:00,54,-3,954,112,True,False,18,54,True,True,True
77672,2024,MPO,2,667313,123968,123968,885,Round 2,2024-04-28,James Hurley,,Willow Park,Blue Tees,57,18,4,13:40:00,54,-3,954,113,True,False,18,54,True,True,True
77672,2024,MPO,2,667313,122658,122658,954,Round 2,2024-04-28,Joey Tota,945,Willow Park,Blue Tees,57,18,3,13:40:00,56,-1,934,115,True,False,18,56,True,True,True
77672,2024,MPO,2,667313,279199,279199,,Round 2,2024-04-28,Ryan Youngs,,Willow Park,Blue Tees,57,18,2,13:30:00,58,1,913,117,True,False,18,58,True,True,True
77672,2024,MPO,2,667313,186868,186868,909,Round 2,2024-04-28,David Hojnowski,,Willow Park,Blue Tees,57,18,2,13:40:00,60,3,892,118,True,False,18,60,True,True,True
77672,2024,MPO,2,667313,126144,126144,933,Round 2,2024-04-28,Gregory Miller,,Willow Park,Blue Tees,57,18,4,13:30:00,57,0,923,119,True,False,18,57,True,True,True
77672,2024,MPO,2,667313,169393,169393,952,Round 2,2024-04-28,Aidan Trombley,977,Willow Park,Blue Tees,57,18,1,13:30:00,58,3,892,119,True,False,18,58,True,True,True
77672,2024,MPO,2,667313,168047,168047,887,Round 2,2024-04-28,Jim Desisto,915,Willow Park,Blue Tees,57,18,3,13:30:00,60,3,892,120,True,False,18,60,True,True,True
77672,2024,MPO,2,667313,100341,100341,933,Round 2,2024-04-28,Kevin Avery,,Willow Park,Blue Tees,57,18,2,13:20:00,58,1,913,122,True,False,18,58,True,True,True
77672,2024,MPO,2,667313,106970,106970,865,Round 2,2024-04-28,Stefan Farrell,852,Willow Park,Blue Tees,57,18,3,13:20:00,59,2,902,123,True,False,18,59,True,True,True
77672,2024,MPO,2,667313,221449,221449,872,Round 2,2024-04-28,Shane Proctor,885,Willow Park,Blue Tees,57,18,1,13:20:00,61,4,882,124,True,False,18,61,True,True,True
77672,2024,MPO,2,667313,105384,105384,884,Round 2,2024-04-28,James White II,,Willow Park,Blue Tees,57,18,1,13:10:00,58,1,913,127,True,False,18,58,True,True,True
77672,2024,MPO,2,667313,139688,139688,829,Round 2,2024-04-28,Colton McLean,,Willow Park,Blue Tees,57,18,3,13:10:00,64,7,851,135,True,False,18,64,True,True,True
77672,2024,MPO,2,667313,109051,109051,926,Round 2,2024-04-28,Taylor Jones,866,Willow Park,Blue Tees,57,18,2,13:10:00,69,12,799,138,True,False,18,69,True,True,True
77672,2024,MPO,2,667313,118928,118928,957,Round 2,2024-04-28,Tyler Pomichter,926,Willow Park,Blue Tees,57,18,1,14:00:00,32,942,,,True,False,9,32,False,True,False
77674,2024,FA1,1,669288,228248,228248,765,Round 1,2024-05-12,Isza Parchini,802,White River Disc Golf Course,Blue tees,54,18,2,11:30:00,56,2,829,112,True,False,18,56,True,True,True
77674,2024,FA1,1,669288,246656,246656,816,Round 1,2024-05-12,Sarah Bedard,807,White River Disc Golf Course,Blue tees,54,18,3,11:30:00,58,4,802,111,True,False,18,58,True,True,True
77674,2024,FA1,1,669288,150234,150234,783,Round 1,2024-05-12,Erica Randall,,White River Disc Golf Course,Blue tees,54,18,1,11:30:00,60,6,775,119,True,False,18,60,True,True,True
77674,2024,FA1,1,669288,288115,288115,,Round 1,2024-05-12,Kayla Findish,,White River Disc Golf Course,Blue tees,54,18,3,11:20:00,62,8,748,126,True,False,18,62,True,True,True
77674,2024,FA1,1,669288,282534,282534,,Round 1,2024-05-12,Kayla Neumeister,752,White River Disc Golf Course,Blue tees,54,18,4,11:30:00,63,9,734,125,True,False,18,63,True,True,True
77674,2024,FA1,2,669288,246656,246656,816,Round 2,2024-05-12,Sarah Bedard,807,White River Disc Golf Course,Blue tees,54,18,2,11:40:00,53,-1,869,111,True,False,18,53,True,True,True
77674,2024,FA1,2,669288,228248,228248,765,Round 2,2024-05-12,Isza Parchini,802,White River Disc Golf Course,Blue tees,54,18,1,11:40:00,56,2,829,112,True,False,18,56,True,True,True
77674,2024,FA1,2,669288,150234,150234,783,Round 2,2024-05-12,Erica Randall,,White River Disc Golf Course,Blue tees,54,18,3,11:40:00,59,5,788,119,True,False,18,59,True,True,True
77674,2024,FA1,2,669288,282534,282534,,Round 2,2024-05-12,Kayla Neumeister,752,White River Disc Golf Course,Blue tees,54,18,5,11:40:00,62,8,748,125,True,False,18,62,True,True,True
77674,2024,FA1,2,669288,288115,288115,,Round 2,2024-05-12,Kayla Findish,,White River Disc Golf Course,Blue tees,54,18,4,11:40:00,64,10,721,126,True,False,18,64,True,True,True
77674,2024,FA2,1,669288,210776,210776,815,Round 1,2024-05-12,Mel Vargo,,White River Disc Golf Course,Blue tees,54,18,1,09:20:00,54,0,856,109,True,False,18,54,True,True,True
77674,2024,FA2,1,669288,name:meagan grivois,,,Round 1,2024-05-12,Meagan Grivois,,White River Disc Golf Course,Blue tees,54,18,2,09:20:00,64,10,721,129,True,False,18,64,True,True,True
77674,2024,FA2,1,669288,name:kristy tabor,,,Round 1,2024-05-12,Kristy Tabor,,White River Disc Golf Course,Blue tees,54,18,3,09:20:00,69,15,653,133,True,False,18,69,True,True,True
77674,2024,FA2,1,669288,name:lea white,,,Round 1,2024-05-12,Lea White,,White River Disc Golf Course,Blue tees,54,18,4,09:20:00,76,22,559,151,True,False,18,76,True,True,True
77674,2024,FA2,2,669288,210776,210776,815,Round 2,2024-05-12,Mel Vargo,,White River Disc Golf Course,Blue tees,54,18,1,09:30:00,55,1,842,109,True,False,18,55,True,True,True
77674,2024,FA2,2,669288,name:meagan grivois,,,Round 2,2024-05-12,Meagan Grivois,,White River Disc Golf Course,Blue tees,54,18,2,09:30:00,65,11,707,129,True,False,18,65,True,True,True
77674,2024,FA2,2,669288,name:kristy tabor,,,Round 2,2024-05-12,Kristy Tabor,,White River Disc Golf Course,Blue tees,54,18,3,09:30:00,64,10,721,133,True,False,18,64,True,True,True
77674,2024,FA2,2,669288,name:lea white,,,Round 2,2024-05-12,Lea White,,White River Disc Golf Course,Blue tees,54,18,4,09:30:00,75,21,572,151,True,False,18,75,True,True,True
77674,2024,FA3,1,669288,259152,259152,593,Round 1,2024-05-12,Marie Norton,,White River Disc Golf Course,Blue tees,54,18,3,08:50:00,73,19,599,150,True,False,18,73,True,True,True
77674,2024,FA3,1,669288,277475,277475,,Round 1,2024-05-12,Erin Rice,727,White River Disc Golf Course,Blue tees,54,18,2,08:40:00,73,19,599,143,True,False,18,73,True,True,True
77674,2024,FA3,1,669288,278389,278389,,Round 1,2024-05-12,Jessica Davenport,766,White River Disc Golf Course,Blue tees,54,18,3,08:40:00,79,25,518,156,True,False,18,79,True,True,True
77674,2024,FA3,1,669288,228978,228978,481,Round 1,2024-05-12,Nicole Meyer,,White River Disc Golf Course,Blue tees,54,18,1,08:40:00,82,28,478,169,True,False,18,82,True,True,True
77674,2024,FA3,1,669288,215341,215341,469,Round 1,2024-05-12,Teah Miller,591,White River Disc Golf Course,Blue tees,54,18,2,08:50:00,87,33,410,167,True,False,18,87,True,True,True
77674,2024,FA3,2,669288,277475,277475,,Round 2,2024-05-12,Erin Rice,727,White River Disc Golf Course,Blue tees,54,18,2,08:40:00,70,16,640,143,True,False,18,70,True,True,True
77674,2024,FA3,2,669288,259152,259152,593,Round 2,2024-05-12,Marie Norton,,White River Disc Golf Course,Blue tees,54,18,1,08:40:00,77,23,545,150,True,False,18,77,True,True,True
77674,2024,FA3,2,669288,278389,278389,,Round 2,2024-05-12,Jessica Davenport,766,White River Disc Golf Course,Blue tees,54,18,3,08:40:00,77,23,545,156,True,False,18,77,True,True,True
77674,2024,FA3,2,669288,215341,215341,469,Round 2,2024-05-12,Teah Miller,591,White River Disc Golf Course,Blue tees,54,18,5,08:40:00,80,26,505,167,True,False,18,80,True,True,True
77674,2024,FA3,2,669288,228978,228978,481,Round 2,2024-05-12,Nicole Meyer,,White River Disc Golf Course,Blue tees,54,18,4,08:40:00,87,33,410,169,True,False,18,87,True,True,True
77674,2024,FA40,1,669288,94272,94272,797,Round 1,2024-05-12,Gabrielle Pozzani,818,White River Disc Golf Course,Blue tees,54,18,2,11:20:00,57,3,815,117,True,False,18,57,True,True,True
77674,2024,FA40,1,669288,213173,213173,764,Round 1,2024-05-12,Elizabeth Carrell,775,White River Disc Golf Course,Blue tees,54,18,3,11:10:00,60,6,775,124,True,False,18,60,True,True,True
77674,2024,FA40,1,669288,228265,228265,696,Round 1,2024-05-12,Maryellen Copping,705,White River Disc Golf Course,Blue tees,54,18,4,11:10:00,63,9,734,129,True,False,18,63,True,True,True
77674,2024,FA40,1,669288,161647,161647,662,Round 1,2024-05-12,Michele Sargent,611,White River Disc Golf Course,Blue tees,54,18,1,11:20:00,72,18,613,141,True,False,18,72,True,True,True
77674,2024,FA40,2,669288,94272,94272,797,Round 2,2024-05-12,Gabrielle Pozzani,818,White River Disc Golf Course,Blue tees,54,18,1,11:00:00,60,6,775,117,True,False,18,60,True,True,True
77674,2024,FA40,2,669288,213173,213173,764,Round 2,2024-05-12,Elizabeth Carrell,775,White River Disc Golf Course,Blue tees,54,18,2,11:00:00,64,10,721,124,True,False,18,64,True,True,True
77674,2024,FA40,2,669288,228265,228265,696,Round 2,2024-05-12,Maryellen Copping,705,White River Disc Golf Course,Blue tees,54,18,3,11:00:00,66,12,694,129,True,False,18,66,True,True,True
77674,2024,FA40,2,669288,161647,161647,662,Round 2,2024-05-12,Michele Sargent,611,White River Disc Golf Course,Blue tees,54,18,4,11:00:00,69,15,653,141,True,False,18,69,True,True,True
77674,2024,FJ12,1,669288,261367,261367,72,Round 1,2024-05-12,Annabelle Babbin,525,White River Disc Golf Course,Blue tees,54,18,2,08:30:00,126,72,-117,233,True,False,18,126,True,True,True
77674,2024,FJ12,2,669288,261367,261367,72,Round 2,2024-05-12,Annabelle Babbin,525,White River Disc Golf Course,Blue tees,54,18,3,08:30:00,107,53,140,233,True,False,18,107,True,True,True
77674,2024,FPO,1,669288,132857,132857,852,Round 1,2024-05-12,Serena Lamson,,White River Disc Golf Course,Blue tees,54,18,2,13:20:00,54,0,856,99,True,False,18,54,True,True,True
77674,2024,FPO,1,669288,122613,122613,869,Round 1,2024-05-12,Kelly Heslin,889,White River Disc Golf Course,Blue tees,54,18,1,13:20:00,58,4,802,104,True,False,18,58,True,True,True
77674,2024,FPO,2,669288,132857,132857,852,Round 2,2024-05-12,Serena Lamson,,White River Disc Golf Course,Blue tees,54,18,1,13:40:00,45,-9,978,99,True,False,18,45,True,True,True
77674,2024,FPO,2,669288,122613,122613,869,Round 2,2024-05-12,Kelly Heslin,889,White River Disc Golf Course,Blue tees,54,18,4,13:40:00,46,-8,964,104,True,False,18,46,True,True,True
77674,2024,MA1,1,669288,168663,168663,929,Round 1,2024-05-12,Austin Neddo,,White River Disc Golf Course,Blue tees,54,18,1,12:00:00,45,-9,978,88,True,False,18,45,True,True,True
77674,2024,MA1,1,669288,110707,110707,932,Round 1,2024-05-12,Jason Wilson,927,White River Disc Golf Course,Blue tees,54,18,1,12:30:00,47,-7,950,95,True,False,18,47,True,True,True
77674,2024,MA1,1,669288,146710,146710,911,Round 1,2024-05-12,Nicholas Laurendeau,,White River Disc Golf Course,Blue tees,54,18,2,12:20:00,48,-6,937,95,True,False,18,48,True,True,True
77674,2024,MA1,1,669288,235658,235658,946,Round 1,2024-05-12,Brandon Westburg,963,White River Disc Golf Course,Blue tees,54,18,3,12:00:00,48,-6,937,94,True,False,18,48,True,True,True
77674,2024,MA1,1,669288,173058,173058,932,Round 1,2024-05-12,Brandon Allaire,950,White River Disc Golf Course,Blue tees,54,18,4,12:00:00,49,-5,923,95,True,False,18,49,True,True,True
77674,2024,MA1,1,669288,275041,275041,,Round 1,2024-05-12,Samuel Schonberg,937,White River Disc Golf Course,Blue tees,54,18,3,11:40:00,49,-5,923,102,True,False,18,49,True,True,True
77674,2024,MA1,1,669288,124203,124203,898,Round 1,2024-05-12,Ezra Koch,954,White River Disc Golf Course,Blue tees,54,18,1,12:20:00,50,-4,910,104,True,False,18,50,True,True,True
77674,2024,MA1,1,669288,158783,158783,893,Round 1,2024-05-12,Joseph Humes,906,White River Disc Golf Course,Blue tees,54,18,2,11:50:00,50,-4,910,99,True,False,18,50,True,True,True
77674,2024,MA1,1,669288,168715,168715,930,Round 1,2024-05-12,John Kirby,939,White River Disc Golf Course,Blue tees,54,18,2,11:40:00,50,-4,910,96,True,False,18,50,True,True,True
77674,2024,MA1,1,669288,210681,210681,902,Round 1,2024-05-12,Kyle Anderson Andresen,911,White River Disc Golf Course,Blue tees,54,18,2,12:30:00,50,-4,910,106,True,False,18,50,True,True,True
77674,2024,MA1,1,669288,236206,236206,861,Round 1,2024-05-12,Chris Sigmund,879,White River Disc Golf Course,Blue tees,54,18,3,12:30:00,50,-4,910,105,True,False,18,50,True,True,True
77674,2024,MA1,1,669288,136942,136942,847,Round 1,2024-05-12,Christopher Larock,,White River Disc Golf Course,Blue tees,54,18,1,11:50:00,52,-2,883,102,True,False,18,52,True,True,True
77674,2024,MA1,1,669288,218262,218262,888,Round 1,2024-05-12,Jerry Jackman,913,White River Disc Golf Course,Blue tees,54,18,4,12:20:00,52,-2,883,104,True,False,18,52,True,True,True
77674,2024,MA1,1,669288,219307,219307,892,Round 1,2024-05-12,Everett Secor,935,White River Disc Golf Course,Blue tees,54,18,3,11:50:00,52,-2,883,99,True,False,18,52,True,True,True
77674,2024,MA1,1,669288,283430,283430,,Round 1,2024-05-12,Ian Coyne,,White River Disc Golf Course,Blue tees,54,18,1,11:40:00,52,-2,883,104,True,False,18,52,True,True,True
77674,2024,MA1,1,669288,name:cj plante,,,Round 1,2024-05-12,CJ Plante,,White River Disc Golf Course,Blue tees,54,18,4,12:30:00,52,-2,883,104,True,False,18,52,True,True,True
77674,2024,MA1,1,669288,48058,48058,931,Round 1,2024-05-12,Nicholas Cellini,,White River Disc Golf Course,Blue tees,54,18,1,12:10:00,53,-1,869,104,True,False,18,53,True,True,True
77674,2024,MA1,1,669288,137408,137408,824,Round 1,2024-05-12,Aaron Gingras,,White River Disc Golf Course,Blue tees,54,18,3,12:10:00,54,0,856,110,True,False,18,54,True,True,True
77674,2024,MA1,1,669288,162806,162806,867,Round 1,2024-05-12,Ethan Springer,886,White River Disc Golf Course,Blue tees,54,18,3,12:20:00,54,0,856,106,True,False,18,54,True,True,True
77674,2024,MA1,1,669288,175140,175140,902,Round 1,2024-05-12,Christian Garey,890,White River Disc Golf Course,Blue tees,54,18,4,12:10:00,54,0,856,107,True,False,18,54,True,True,True
77674,2024,MA1,1,669288,89829,89829,906,Round 1,2024-05-12,Garrett Washburn,923,White River Disc Golf Course,Blue tees,54,18,4,11:50:00,55,1,842,102,True,False,18,55,True,True,True
77674,2024,MA1,1,669288,174646,174646,868,Round 1,2024-05-12,David Oppenheimer,,White River Disc Golf Course,Blue tees,54,18,2,12:00:00,55,1,842,109,True,False,18,55,True,True,True
77674,2024,MA1,1,669288,128670,128670,881,Round 1,2024-05-12,Steven Colbert,,White River Disc Golf Course,Blue tees,54,18,2,12:10:00,58,4,802,114,True,False,18,58,True,True,True
77674,2024,MA1,2,669288,168663,168663,929,Round 2,2024-05-12,Austin Neddo,,White River Disc Golf Course,Blue tees,54,18,1,12:50:00,43,-11,1005,88,True,False,18,43,True,True,True
77674,2024,MA1,2,669288,235658,235658,946,Round 2,2024-05-12,Brandon Westburg,963,White River Disc Golf Course,Blue tees,54,18,4,12:50:00,46,-8,964,94,True,False,18,46,True,True,True
77674,2024,MA1,2,669288,173058,173058,932,Round 2,2024-05-12,Brandon Allaire,950,White River Disc Golf Course,Blue tees,54,18,1,12:40:00,46,-8,964,95,True,False,18,46,True,True,True
77674,2024,MA1,2,669288,146710,146710,911,Round 2,2024-05-12,Nicholas Laurendeau,,White River Disc Golf Course,Blue tees,54,18,3,12:50:00,47,-7,950,95,True,False,18,47,True,True,True
77674,2024,MA1,2,669288,110707,110707,932,Round 2,2024-05-12,Jason Wilson,927,White River Disc Golf Course,Blue tees,54,18,2,12:50:00,48,-6,937,95,True,False,18,48,True,True,True
77674,2024,MA1,2,669288,168715,168715,930,Round 2,2024-05-12,John Kirby,939,White River Disc Golf Course,Blue tees,54,18,1,12:30:00,46,-8,964,96,True,False,18,46,True,True,True
77674,2024,MA1,2,669288,219307,219307,892,Round 2,2024-05-12,Everett Secor,935,White River Disc Golf Course,Blue tees,54,18,2,12:20:00,47,-7,950,99,True,False,18,47,True,True,True
77674,2024,MA1,2,669288,158783,158783,893,Round 2,2024-05-12,Joseph Humes,906,White River Disc Golf Course,Blue tees,54,18,4,12:40:00,49,-5,923,99,True,False,18,49,True,True,True
77674,2024,MA1,2,669288,89829,89829,906,Round 2,2024-05-12,Garrett Washburn,923,White River Disc Golf Course,Blue tees,54,18,1,12:00:00,47,-7,950,102,True,False,18,47,True,True,True
77674,2024,MA1,2,669288,136942,136942,847,Round 2,2024-05-12,Christopher Larock,,White River Disc Golf Course,Blue tees,54,18,4,12:30:00,50,-4,910,102,True,False,18,50,True,True,True
77674,2024,MA1,2,669288,275041,275041,,Round 2,2024-05-12,Samuel Schonberg,937,White River Disc Golf Course,Blue tees,54,18,2,12:40:00,53,-1,869,102,True,False,18,53,True,True,True
77674,2024,MA1,2,669288,48058,48058,931,Round 2,2024-05-12,Nicholas Cellini,,White River Disc Golf Course,Blue tees,54,18,1,12:10:00,51,-3,896,104,True,False,18,51,True,True,True
77674,2024,MA1,2,669288,218262,218262,888,Round 2,2024-05-12,Jerry Jackman,913,White River Disc Golf Course,Blue tees,54,18,1,12:20:00,52,-2,883,104,True,False,18,52,True,True,True
77674,2024,MA1,2,669288,283430,283430,,Round 2,2024-05-12,Ian Coyne,,White River Disc Golf Course,Blue tees,54,18,3,12:20:00,52,-2,883,104,True,False,18,52,True,True,True
77674,2024,MA1,2,669288,name:cj plante,,,Round 2,2024-05-12,CJ Plante,,White River Disc Golf Course,Blue tees,54,18,4,12:20:00,52,-2,883,104,True,False,18,52,True,True,True
77674,2024,MA1,2,669288,124203,124203,898,Round 2,2024-05-12,Ezra Koch,954,White River Disc Golf Course,Blue tees,54,18,3,12:40:00,54,0,856,104,True,False,18,54,True,True,True
77674,2024,MA1,2,669288,236206,236206,861,Round 2,2024-05-12,Chris Sigmund,879,White River Disc Golf Course,Blue tees,54,18,3,12:30:00,55,1,842,105,True,False,18,55,True,True,True
77674,2024,MA1,2,669288,162806,162806,867,Round 2,2024-05-12,Ethan Springer,886,White River Disc Golf Course,Blue tees,54,18,3,12:10:00,52,-2,883,106,True,False,18,52,True,True,True
77674,2024,MA1,2,669288,210681,210681,902,Round 2,2024-05-12,Kyle Anderson Andresen,911,White River Disc Golf Course,Blue tees,54,18,2,12:30:00,56,2,829,106,True,False,18,56,True,True,True
77674,2024,MA1,2,669288,175140,175140,902,Round 2,2024-05-12,Christian Garey,890,White River Disc Golf Course,Blue tees,54,18,4,12:10:00,53,-1,869,107,True,False,18,53,True,True,True
77674,2024,MA1,2,669288,174646,174646,868,Round 2,2024-05-12,David Oppenheimer,,White River Disc Golf Course,Blue tees,54,18,2,12:00:00,54,0,856,109,True,False,18,54,True,True,True
77674,2024,MA1,2,669288,137408,137408,824,Round 2,2024-05-12,Aaron Gingras,,White River Disc Golf Course,Blue tees,54,18,2,12:10:00,56,2,829,110,True,False,18,56,True,True,True
77674,2024,MA1,2,669288,128670,128670,881,Round 2,2024-05-12,Steven Colbert,,White River Disc Golf Course,Blue tees,54,18,3,12:00:00,56,2,829,114,True,False,18,56,True,True,True
77674,2024,MA2,1,669288,63896,63896,892,Round 1,2024-05-12,Ross King,899,White River Disc Golf Course,Blue tees,54,18,1,10:00:00,48,-6,937,100,True,False,18,48,True,True,True
77674,2024,MA2,1,669288,213224,213224,889,Round 1,2024-05-12,Justin Griswold,914,White River Disc Golf Course,Blue tees,54,18,3,10:00:00,49,-5,923,100,True,False,18,49,True,True,True
77674,2024,MA2,1,669288,278541,278541,,Round 1,2024-05-12,Carter Langevin,,White River Disc Golf Course,Blue tees,54,18,4,09:30:00,51,-3,896,101,True,False,18,51,True,True,True
77674,2024,MA2,1,669288,159224,159224,915,Round 1,2024-05-12,Bryce McKim,,White River Disc Golf Course,Blue tees,54,18,1,09:40:00,52,-2,883,105,True,False,18,52,True,True,True
77674,2024,MA2,1,669288,244952,244952,815,Round 1,2024-05-12,Joshua Dezotell,895,White River Disc Golf Course,Blue tees,54,18,1,09:50:00,53,-1,869,108,True,False,18,53,True,True,True
77674,2024,MA2,1,669288,254922,254922,873,Round 1,2024-05-12,Benjamin Taylor,890,White River Disc Golf Course,Blue tees,54,18,2,09:50:00,53,-1,869,106,True,False,18,53,True,True,True
77674,2024,MA2,1,669288,270720,270720,827,Round 1,2024-05-12,Justin Silva,,White River Disc Golf Course,Blue tees,54,18,3,09:50:00,53,-1,869,106,True,False,18,53,True,True,True
77674,2024,MA2,1,669288,189203,189203,896,Round 1,2024-05-12,Bobby Martino,911,White River Disc Golf Course,Blue tees,54,18,2,10:00:00,54,0,856,106,True,False,18,54,True,True,True
77674,2024,MA2,1,669288,278390,278390,,Round 1,2024-05-12,Edward Blow,,White River Disc Golf Course,Blue tees,54,18,4,09:50:00,54,0,856,104,True,False,18,54,True,True,True
77674,2024,MA2,1,669288,148187,148187,790,Round 1,2024-05-12,Evan Miller,874,White River Disc Golf Course,Blue tees,54,18,1,09:30:00,55,1,842,108,True,False,18,55,True,True,True
77674,2024,MA2,1,669288,256887,256887,777,Round 1,2024-05-12,Alex Gambero,812,White River Disc Golf Course,Blue tees,54,18,4,09:40:00,57,3,815,126,True,False,18,57,True,True,True
77674,2024,MA2,1,669288,166636,166636,835,Round 1,2024-05-12,Warren Bombardier,888,White River Disc Golf Course,Blue tees,54,18,2,09:30:00,58,4,802,120,True,False,18,58,True,True,True
77674,2024,MA2,1,669288,242902,242902,881,Round 1,2024-05-12,Christopher Rullan,,White River Disc Golf Course,Blue tees,54,18,3,09:40:00,58,4,802,111,True,False,18,58,True,True,True
77674,2024,MA2,1,669288,name:tom zani,,,Round 1,2024-05-12,Tom Zani,,White River Disc Golf Course,Blue tees,54,18,4,10:00:00,58,4,802,116,True,False,18,58,True,True,True
77674,2024,MA2,1,669288,name:mark peterman,,,Round 1,2024-05-12,Mark Peterman,,White River Disc Golf Course,Blue tees,54,18,2,10:30:00,58,4,802,118,True,False,18,58,True,True,True
77674,2024,MA2,1,669288,261570,261570,786,Round 1,2024-05-12,John Beaudin,911,White River Disc Golf Course,Blue tees,54,18,3,09:30:00,59,5,788,111,True,False,18,59,True,True,True
77674,2024,MA2,1,669288,239437,239437,733,Round 1,2024-05-12,Simon Bethune,830,White River Disc Golf Course,Blue tees,54,18,2,09:40:00,67,13,680,129,True,False,18,67,True,True,True
77674,2024,MA2,2,669288,63896,63896,892,Round 2,2024-05-12,Ross King,899,White River Disc Golf Course,Blue tees,54,18,1,10:20:00,52,-2,883,100,True,False,18,52,True,True,True
77674,2024,MA2,2,669288,213224,213224,889,Round 2,2024-05-12,Justin Griswold,914,White River Disc Golf Course,Blue tees,54,18,2,10:20:00,51,-3,896,100,True,False,18,51,True,True,True
77674,2024,MA2,2,669288,278541,278541,,Round 2,2024-05-12,Carter Langevin,,White River Disc Golf Course,Blue tees,54,18,3,10:20:00,50,-4,910,101,True,False,18,50,True,True,True
77674,2024,MA2,2,669288,278390,278390,,Round 2,2024-05-12,Edward Blow,,White River Disc Golf Course,Blue tees,54,18,1,10:00:00,50,-4,910,104,True,False,18,50,True,True,True
77674,2024,MA2,2,669288,159224,159224,915,Round 2,2024-05-12,Bryce McKim,,White River Disc Golf Course,Blue tees,54,18,4,10:20:00,53,-1,869,105,True,False,18,53,True,True,True
77674,2024,MA2,2,669288,189203,189203,896,Round 2,2024-05-12,Bobby Martino,911,White River Disc Golf Course,Blue tees,54,18,4,10:10:00,52,-2,883,106,True,False,18,52,True,True,True
77674,2024,MA2,2,669288,254922,254922,873,Round 2,2024-05-12,Benjamin Taylor,890,White River Disc Golf Course,Blue tees,54,18,2,10:10:00,53,-1,869,106,True,False,18,53,True,True,True
77674,2024,MA2,2,669288,270720,270720,827,Round 2,2024-05-12,Justin Silva,,White River Disc Golf Course,Blue tees,54,18,3,10:10:00,53,-1,869,106,True,False,18,53,True,True,True
77674,2024,MA2,2,669288,148187,148187,790,Round 2,2024-05-12,Evan Miller,874,White River Disc Golf Course,Blue tees,54,18,2,10:00:00,53,-1,869,108,True,False,18,53,True,True,True
77674,2024,MA2,2,669288,244952,244952,815,Round 2,2024-05-12,Joshua Dezotell,895,White River Disc Golf Course,Blue tees,54,18,1,10:10:00,55,1,842,108,True,False,18,55,True,True,True
77674,2024,MA2,2,669288,261570,261570,786,Round 2,2024-05-12,John Beaudin,911,White River Disc Golf Course,Blue tees,54,18,2,09:40:00,52,-2,883,111,True,False,18,52,True,True,True
77674,2024,MA2,2,669288,242902,242902,881,Round 2,2024-05-12,Christopher Rullan,,White River Disc Golf Course,Blue tees,54,18,2,09:50:00,53,-1,869,111,True,False,18,53,True,True,True
77674,2024,MA2,2,669288,name:tom zani,,,Round 2,2024-05-12,Tom Zani,,White River Disc Golf Course,Blue tees,54,18,1,09:40:00,58,4,802,116,True,False,18,58,True,True,True
77674,2024,MA2,2,669288,name:mark peterman,,,Round 2,2024-05-12,Mark Peterman,,White River Disc Golf Course,Blue tees,54,18,3,09:50:00,60,6,775,118,True,False,18,60,True,True,True
77674,2024,MA2,2,669288,166636,166636,835,Round 2,2024-05-12,Warren Bombardier,888,White River Disc Golf Course,Blue tees,54,18,1,09:50:00,62,8,748,120,True,False,18,62,True,True,True
77674,2024,MA2,2,669288,256887,256887,777,Round 2,2024-05-12,Alex Gambero,812,White River Disc Golf Course,Blue tees,54,18,3,10:00:00,69,15,653,126,True,False,18,69,True,True,True
77674,2024,MA2,2,669288,239437,239437,733,Round 2,2024-05-12,Simon Bethune,830,White River Disc Golf Course,Blue tees,54,18,3,09:40:00,62,8,748,129,True,False,18,62,True,True,True
77674,2024,MA3,1,669288,279372,279372,851,Round 1,2024-05-12,Cale Bombardier,920,White River Disc Golf Course,Blue tees,54,18,2,09:00:00,53,-1,869,109,True,False,18,53,True,True,True
77674,2024,MA3,1,669288,259624,259624,813,Round 1,2024-05-12,James Sullivan,865,White River Disc Golf Course,Blue tees,54,18,4,09:00:00,55,1,842,110,True,False,18,55,True,True,True
77674,2024,MA3,1,669288,239719,239719,845,Round 1,2024-05-12,Thane Griswold,820,White River Disc Golf Course,Blue tees,54,18,3,09:00:00,56,2,829,113,True,False,18,56,True,True,True
77674,2024,MA3,1,669288,240339,240339,808,Round 1,2024-05-12,Matt Smith,,White River Disc Golf Course,Blue tees,54,18,4,09:10:00,56,2,829,110,True,False,18,56,True,True,True
77674,2024,MA3,1,669288,261284,261284,761,Round 1,2024-05-12,Blake Martino,916,White River Disc Golf Course,Blue tees,54,18,4,08:50:00,56,2,829,113,True,False,18,56,True,True,True
77674,2024,MA3,1,669288,155933,155933,797,Round 1,2024-05-12,Mourning Fox,,White River Disc Golf Course,Blue tees,54,18,1,09:10:00,61,7,761,119,True,False,18,61,True,True,True
77674,2024,MA3,1,669288,179422,179422,800,Round 1,2024-05-12,Patrick Mayhew,869,White River Disc Golf Course,Blue tees,54,18,1,09:00:00,61,7,761,120,True,False,18,61,True,True,True
77674,2024,MA3,1,669288,278723,278723,,Round 1,2024-05-12,Jeffrey Poplawski,776,White River Disc Golf Course,Blue tees,54,18,2,09:10:00,62,8,748,125,True,False,18,62,True,True,True
77674,2024,MA3,1,669288,211434,211434,788,Round 1,2024-05-12,Thomas Bousquet,798,White River Disc Golf Course,Blue tees,54,18,1,08:50:00,63,9,734,128,True,False,18,63,True,True,True
77674,2024,MA3,1,669288,282826,282826,,Round 1,2024-05-12,Brady Blanton,,White River Disc Golf Course,Blue tees,54,18,3,09:10:00,63,9,734,123,True,False,18,63,True,True,True
77674,2024,MA3,2,669288,279372,279372,851,Round 2,2024-05-12,Cale Bombardier,920,White River Disc Golf Course,Blue tees,54,18,1,09:20:00,56,2,829,109,True,False,18,56,True,True,True
77674,2024,MA3,2,669288,240339,240339,808,Round 2,2024-05-12,Matt Smith,,White River Disc Golf Course,Blue tees,54,18,4,09:20:00,54,0,856,110,True,False,18,54,True,True,True
77674,2024,MA3,2,669288,259624,259624,813,Round 2,2024-05-12,James Sullivan,865,White River Disc Golf Course,Blue tees,54,18,2,09:20:00,55,1,842,110,True,False,18,55,True,True,True
77674,2024,MA3,2,669288,239719,239719,845,Round 2,2024-05-12,Thane Griswold,820,White River Disc Golf Course,Blue tees,54,18,3,09:20:00,57,3,815,113,True,False,18,57,True,True,True
77674,2024,MA3,2,669288,261284,261284,761,Round 2,2024-05-12,Blake Martino,916,White River Disc Golf Course,Blue tees,54,18,1,09:10:00,57,3,815,113,True,False,18,57,True,True,True
77674,2024,MA3,2,669288,155933,155933,797,Round 2,2024-05-12,Mourning Fox,,White River Disc Golf Course,Blue tees,54,18,2,09:10:00,58,4,802,119,True,False,18,58,True,True,True
77674,2024,MA3,2,669288,179422,179422,800,Round 2,2024-05-12,Patrick Mayhew,869,White River Disc Golf Course,Blue tees,54,18,3,09:10:00,59,5,788,120,True,False,18,59,True,True,True
77674,2024,MA3,2,669288,282826,282826,,Round 2,2024-05-12,Brady Blanton,,White River Disc Golf Course,Blue tees,54,18,3,09:00:00,60,6,775,123,True,False,18,60,True,True,True
77674,2024,MA3,2,669288,278723,278723,,Round 2,2024-05-12,Jeffrey Poplawski,776,White River Disc Golf Course,Blue tees,54,18,1,09:00:00,63,9,734,125,True,False,18,63,True,True,True
77674,2024,MA3,2,669288,211434,211434,788,Round 2,2024-05-12,Thomas Bousquet,798,White River Disc Golf Course,Blue tees,54,18,2,09:00:00,65,11,707,128,True,False,18,65,True,True,True
77674,2024,MA40,1,669288,73588,73588,894,Round 1,2024-05-12,Will Cleland,910,White River Disc Golf Course,Blue tees,54,18,1,10:40:00,49,-5,923,110,True,False,18,49,True,True,True
77674,2024,MA40,1,669288,205696,205696,850,Round 1,2024-05-12,Matthew Smith,856,White River Disc Golf Course,Blue tees,54,18,4,10:50:00,51,-3,896,105,True,False,18,51,True,True,True
77674,2024,MA40,1,669288,216349,216349,867,Round 1,2024-05-12,Justin Bassett,879,White River Disc Golf Course,Blue tees,54,18,4,10:30:00,53,-1,869,108,True,False,18,53,True,True,True
77674,2024,MA40,1,669288,161644,161644,809,Round 1,2024-05-12,Garrett Sargent,818,White River Disc Golf Course,Blue tees,54,18,1,10:50:00,56,2,829,107,True,False,18,56,True,True,True
77674,2024,MA40,1,669288,261729,261729,830,Round 1,2024-05-12,Ryan Baker,838,White River Disc Golf Course,Blue tees,54,18,3,10:20:00,57,3,815,113,True,False,18,57,True,True,True
77674,2024,MA40,1,669288,84935,84935,878,Round 1,2024-05-12,Droo Fisher,866,White River Disc Golf Course,Blue tees,54,18,2,10:50:00,58,4,802,110,True,False,18,58,True,True,True
77674,2024,MA40,1,669288,225059,225059,,Round 1,2024-05-12,Jon Kaplan,796,White River Disc Golf Course,Blue tees,54,18,1,10:30:00,58,4,802,119,True,False,18,58,True,True,True
77674,2024,MA40,1,669288,96296,96296,823,Round 1,2024-05-12,Phil Christian,,White River Disc Golf Course,Blue tees,54,18,4,10:40:00,59,5,788,123,True,False,18,59,True,True,True
77674,2024,MA40,1,669288,247751,247751,788,Round 1,2024-05-12,Jon St. Clair,761,White River Disc Golf Course,Blue tees,54,18,3,10:30:00,59,5,788,118,True,False,18,59,True,True,True
77674,2024,MA40,1,669288,130713,130713,876,Round 1,2024-05-12,Ian Martin,902,White River Disc Golf Course,Blue tees,54,18,2,10:40:00,60,6,775,115,True,False,18,60,True,True,True
77674,2024,MA40,1,669288,231479,231479,819,Round 1,2024-05-12,Shawn Eldred,,White River Disc Golf Course,Blue tees,54,18,4,10:20:00,62,8,748,121,True,False,18,62,True,True,True
77674,2024,MA40,1,669288,84811,84811,781,Round 1,2024-05-12,Nick Young,,White River Disc Golf Course,Blue tees,54,18,3,10:50:00,63,9,734,122,True,False,18,63,True,True,True
77674,2024,MA40,1,669288,159285,159285,744,Round 1,2024-05-12,Todd Lewis,,White River Disc Golf Course,Blue tees,54,18,3,10:40:00,65,11,707,131,True,False,18,65,True,True,True
77674,2024,MA40,2,669288,205696,205696,850,Round 2,2024-05-12,Matthew Smith,856,White River Disc Golf Course,Blue tees,54,18,2,11:30:00,54,0,856,105,True,False,18,54,True,True,True
77674,2024,MA40,2,669288,161644,161644,809,Round 2,2024-05-12,Garrett Sargent,818,White River Disc Golf Course,Blue tees,54,18,4,11:30:00,51,-3,896,107,True,False,18,51,True,True,True
77674,2024,MA40,2,669288,216349,216349,867,Round 2,2024-05-12,Justin Bassett,879,White River Disc Golf Course,Blue tees,54,18,3,11:30:00,55,1,842,108,True,False,18,55,True,True,True
77674,2024,MA40,2,669288,84935,84935,878,Round 2,2024-05-12,Droo Fisher,866,White River Disc Golf Course,Blue tees,54,18,2,11:20:00,52,-2,883,110,True,False,18,52,True,True,True
77674,2024,MA40,2,669288,73588,73588,894,Round 2,2024-05-12,Will Cleland,910,White River Disc Golf Course,Blue tees,54,18,1,11:30:00,61,7,761,110,True,False,18,61,True,True,True
77674,2024,MA40,2,669288,261729,261729,830,Round 2,2024-05-12,Ryan Baker,838,White River Disc Golf Course,Blue tees,54,18,1,11:20:00,56,2,829,113,True,False,18,56,True,True,True
77674,2024,MA40,2,669288,130713,130713,876,Round 2,2024-05-12,Ian Martin,902,White River Disc Golf Course,Blue tees,54,18,2,11:10:00,55,1,842,115,True,False,18,55,True,True,True
77674,2024,MA40,2,669288,247751,247751,788,Round 2,2024-05-12,Jon St. Clair,761,White River Disc Golf Course,Blue tees,54,18,1,11:10:00,59,5,788,118,True,False,18,59,True,True,True
77674,2024,MA40,2,669288,225059,225059,,Round 2,2024-05-12,Jon Kaplan,796,White River Disc Golf Course,Blue tees,54,18,3,11:20:00,61,7,761,119,True,False,18,61,True,True,True
77674,2024,MA40,2,669288,231479,231479,819,Round 2,2024-05-12,Shawn Eldred,,White River Disc Golf Course,Blue tees,54,18,3,11:10:00,59,5,788,121,True,False,18,59,True,True,True
77674,2024,MA40,2,669288,84811,84811,781,Round 2,2024-05-12,Nick Young,,White River Disc Golf Course,Blue tees,54,18,3,10:30:00,59,5,788,122,True,False,18,59,True,True,True
77674,2024,MA40,2,669288,96296,96296,823,Round 2,2024-05-12,Phil Christian,,White River Disc Golf Course,Blue tees,54,18,4,11:20:00,64,10,721,123,True,False,18,64,True,True,True
77674,2024,MA40,2,669288,159285,159285,744,Round 2,2024-05-12,Todd Lewis,,White River Disc Golf Course,Blue tees,54,18,4,10:30:00,66,12,694,131,True,False,18,66,True,True,True
77674,2024,MA50,1,669288,171544,171544,887,Round 1,2024-05-12,Dave Irving,935,White River Disc Golf Course,Blue tees,54,18,3,11:00:00,49,-5,923,100,True,False,18,49,True,True,True
77674,2024,MA50,1,669288,158407,158407,836,Round 1,2024-05-12,Brian Murphy,,White River Disc Golf Course,Blue tees,54,18,2,11:10:00,56,2,829,111,True,False,18,56,True,True,True
77674,2024,MA50,1,669288,139113,139113,870,Round 1,2024-05-12,Norman Wedge,859,White River Disc Golf Course,Blue tees,54,18,1,11:10:00,57,3,815,114,True,False,18,57,True,True,True
77674,2024,MA50,1,669288,140732,140732,820,Round 1,2024-05-12,Matt Saltus,821,White River Disc Golf Course,Blue tees,54,18,2,11:00:00,59,5,788,117,True,False,18,59,True,True,True
77674,2024,MA50,1,669288,179138,179138,851,Round 1,2024-05-12,Chris Hancewicz,831,White River Disc Golf Course,Blue tees,54,18,1,11:00:00,59,5,788,115,True,False,18,59,True,True,True
77674,2024,MA50,2,669288,171544,171544,887,Round 2,2024-05-12,Dave Irving,935,White River Disc Golf Course,Blue tees,54,18,1,10:50:00,51,-3,896,100,True,False,18,51,True,True,True
77674,2024,MA50,2,669288,158407,158407,836,Round 2,2024-05-12,Brian Murphy,,White River Disc Golf Course,Blue tees,54,18,2,10:50:00,55,1,842,111,True,False,18,55,True,True,True
77674,2024,MA50,2,669288,139113,139113,870,Round 2,2024-05-12,Norman Wedge,859,White River Disc Golf Course,Blue tees,54,18,3,10:50:00,57,3,815,114,True,False,18,57,True,True,True
77674,2024,MA50,2,669288,179138,179138,851,Round 2,2024-05-12,Chris Hancewicz,831,White River Disc Golf Course,Blue tees,54,18,5,10:50:00,56,2,829,115,True,False,18,56,True,True,True
77674,2024,MA50,2,669288,140732,140732,820,Round 2,2024-05-12,Matt Saltus,821,White River Disc Golf Course,Blue tees,54,18,4,10:50:00,58,4,802,117,True,False,18,58,True,True,True
77674,2024,MA60,1,669288,202875,202875,880,Round 1,2024-05-12,Thomas Limanek,911,White River Disc Golf Course,Blue tees,54,18,3,10:10:00,45,-9,978,91,True,False,18,45,True,True,True
77674,2024,MA60,1,669288,4687,4687,882,Round 1,2024-05-12,Tim Herbert,917,White River Disc Golf Course,Blue tees,54,18,1,10:20:00,51,-3,896,101,True,False,18,51,True,True,True
77674,2024,MA60,1,669288,91301,91301,896,Round 1,2024-05-12,Michael A. Stridsberg,898,White River Disc Golf Course,Blue tees,54,18,2,10:10:00,52,-2,883,108,True,False,18,52,True,True,True
77674,2024,MA60,1,669288,74478,74478,864,Round 1,2024-05-12,John Sudarsky,845,White River Disc Golf Course,Blue tees,54,18,1,10:10:00,54,0,856,107,True,False,18,54,True,True,True
77674,2024,MA60,1,669288,131352,131352,800,Round 1,2024-05-12,David Havens,816,White River Disc Golf Course,Blue tees,54,18,4,10:10:00,57,3,815,109,True,False,18,57,True,True,True
77674,2024,MA60,1,669288,287097,287097,,Round 1,2024-05-12,Todd Sternbach,817,White River Disc Golf Course,Blue tees,54,18,2,10:20:00,57,3,815,112,True,False,18,57,True,True,True
77674,2024,MA60,2,669288,202875,202875,880,Round 2,2024-05-12,Thomas Limanek,911,White River Disc Golf Course,Blue tees,54,18,1,10:40:00,46,-8,964,91,True,False,18,46,True,True,True
77674,2024,MA60,2,669288,4687,4687,882,Round 2,2024-05-12,Tim Herbert,917,White River Disc Golf Course,Blue tees,54,18,2,10:40:00,50,-4,910,101,True,False,18,50,True,True,True
77674,2024,MA60,2,669288,74478,74478,864,Round 2,2024-05-12,John Sudarsky,845,White River Disc Golf Course,Blue tees,54,18,4,10:40:00,53,-1,869,107,True,False,18,53,True,True,True
77674,2024,MA60,2,669288,91301,91301,896,Round 2,2024-05-12,Michael A. Stridsberg,898,White River Disc Golf Course,Blue tees,54,18,3,10:40:00,56,2,829,108,True,False,18,56,True,True,True
77674,2024,MA60,2,669288,131352,131352,800,Round 2,2024-05-12,David Havens,816,White River Disc Golf Course,Blue tees,54,18,1,10:30:00,52,-2,883,109,True,False,18,52,True,True,True
77674,2024,MA60,2,669288,287097,287097,,Round 2,2024-05-12,Todd Sternbach,817,White River Disc Golf Course,Blue tees,54,18,2,10:30:00,55,1,842,112,True,False,18,55,True,True,True
77674,2024,MJ12,1,669288,228201,228201,797,Round 1,2024-05-12,Waylon Spring,883,White River Disc Golf Course,Blue tees,54,18,1,08:30:00,57,3,815,119,True,False,18,57,True,True,True
77674,2024,MJ12,1,669288,name:peyton dozer,,,Round 1,2024-05-12,Peyton Dozer,,White River Disc Golf Course,Blue tees,54,18,3,08:30:00,89,35,383,177,True,False,18,89,True,True,True
77674,2024,MJ12,2,669288,228201,228201,797,Round 2,2024-05-12,Waylon Spring,883,White River Disc Golf Course,Blue tees,54,18,1,08:30:00,62,8,748,119,True,False,18,62,True,True,True
77674,2024,MJ12,2,669288,name:peyton dozer,,,Round 2,2024-05-12,Peyton Dozer,,White River Disc Golf Course,Blue tees,54,18,2,08:30:00,88,34,396,177,True,False,18,88,True,True,True
77674,2024,MP40,1,669288,12667,12667,906,Round 1,2024-05-12,Scott Shepardson,906,White River Disc Golf Course,Blue tees,54,18,1,12:50:00,48,-6,937,98,True,False,18,48,True,True,True
77674,2024,MP40,1,669288,24381,24381,945,Round 1,2024-05-12,Chris Young,937,White River Disc Golf Course,Blue tees,54,18,1,13:10:00,48,-6,937,96,True,False,18,48,True,True,True
77674,2024,MP40,1,669288,96621,96621,949,Round 1,2024-05-12,Jeremy McKittrick,932,White River Disc Golf Course,Blue tees,54,18,2,13:00:00,48,-6,937,98,True,False,18,48,True,True,True
77674,2024,MP40,1,669288,193211,193211,946,Round 1,2024-05-12,Greg Babbin,933,White River Disc Golf Course,Blue tees,54,18,2,12:50:00,48,-6,937,97,True,False,18,48,True,True,True
77674,2024,MP40,1,669288,94273,94273,877,Round 1,2024-05-12,Marques Pozzani,863,White River Disc Golf Course,Blue tees,54,18,3,13:00:00,50,-4,910,105,True,False,18,50,True,True,True
77674,2024,MP40,1,669288,178064,178064,924,Round 1,2024-05-12,Peter Walke,,White River Disc Golf Course,Blue tees,54,18,2,13:10:00,50,-4,910,95,True,False,18,50,True,True,True
77674,2024,MP40,1,669288,83212,83212,904,Round 1,2024-05-12,Cory Barron,885,White River Disc Golf Course,Blue tees,54,18,4,13:10:00,51,-3,896,97,True,False,18,51,True,True,True
77674,2024,MP40,1,669288,93414,93414,949,Round 1,2024-05-12,Joshua Lemieux,961,White River Disc Golf Course,Blue tees,54,18,3,13:10:00,52,-2,883,100,True,False,18,52,True,True,True
77674,2024,MP40,1,669288,109527,109527,892,Round 1,2024-05-12,Mike Wenzel,901,White River Disc Golf Course,Blue tees,54,18,3,12:50:00,54,0,856,109,True,False,18,54,True,True,True
77674,2024,MP40,1,669288,83198,83198,898,Round 1,2024-05-12,Alan Gofberg,869,White River Disc Golf Course,Blue tees,54,18,1,13:00:00,55,1,842,113,True,False,18,55,True,True,True
77674,2024,MP40,2,669288,178064,178064,924,Round 2,2024-05-12,Peter Walke,,White River Disc Golf Course,Blue tees,54,18,2,13:20:00,45,-9,978,95,True,False,18,45,True,True,True
77674,2024,MP40,2,669288,24381,24381,945,Round 2,2024-05-12,Chris Young,937,White River Disc Golf Course,Blue tees,54,18,2,13:30:00,48,-6,937,96,True,False,18,48,True,True,True
77674,2024,MP40,2,669288,83212,83212,904,Round 2,2024-05-12,Cory Barron,885,White River Disc Golf Course,Blue tees,54,18,3,13:20:00,46,-8,964,97,True,False,18,46,True,True,True
77674,2024,MP40,2,669288,193211,193211,946,Round 2,2024-05-12,Greg Babbin,933,White River Disc Golf Course,Blue tees,54,18,4,13:30:00,49,-5,923,97,True,False,18,49,True,True,True
77674,2024,MP40,2,669288,12667,12667,906,Round 2,2024-05-12,Scott Shepardson,906,White River Disc Golf Course,Blue tees,54,18,1,13:30:00,50,-4,910,98,True,False,18,50,True,True,True
77674,2024,MP40,2,669288,96621,96621,949,Round 2,2024-05-12,Jeremy McKittrick,932,White River Disc Golf Course,Blue tees,54,18,3,13:30:00,50,-4,910,98,True,False,18,50,True,True,True
77674,2024,MP40,2,669288,93414,93414,949,Round 2,2024-05-12,Joshua Lemieux,961,White River Disc Golf Course,Blue tees,54,18,1,13:10:00,48,-6,937,100,True,False,18,48,True,True,True
77674,2024,MP40,2,669288,94273,94273,877,Round 2,2024-05-12,Marques Pozzani,863,White River Disc Golf Course,Blue tees,54,18,1,13:20:00,55,1,842,105,True,False,18,55,True,True,True
77674,2024,MP40,2,669288,109527,109527,892,Round 2,2024-05-12,Mike Wenzel,901,White River Disc Golf Course,Blue tees,54,18,2,13:10:00,55,1,842,109,True,False,18,55,True,True,True
77674,2024,MP40,2,669288,83198,83198,898,Round 2,2024-05-12,Alan Gofberg,869,White River Disc Golf Course,Blue tees,54,18,3,13:10:00,58,4,802,113,True,False,18,58,True,True,True
77674,2024,MP50,1,669288,77623,77623,924,Round 1,2024-05-12,Cary Powell,909,White River Disc Golf Course,Blue tees,54,18,1,12:40:00,47,-7,950,95,True,False,18,47,True,True,True
77674,2024,MP50,1,669288,223480,223480,856,Round 1,2024-05-12,Marc Kirkpatrick,879,White River Disc Golf Course,Blue tees,54,18,4,12:40:00,47,-7,950,101,True,False,18,47,True,True,True
77674,2024,MP50,1,669288,84880,84880,905,Round 1,2024-05-12,Marcos Miller,,White River Disc Golf Course,Blue tees,54,18,2,12:40:00,53,-1,869,102,True,False,18,53,True,True,True
77674,2024,MP50,1,669288,125921,125921,884,Round 1,2024-05-12,Christopher Conk,905,White River Disc Golf Course,Blue tees,54,18,3,12:40:00,53,-1,869,109,True,False,18,53,True,True,True
77674,2024,MP50,2,669288,77623,77623,924,Round 2,2024-05-12,Cary Powell,909,White River Disc Golf Course,Blue tees,54,18,1,13:00:00,48,-6,937,95,True,False,18,48,True,True,True
77674,2024,MP50,2,669288,223480,223480,856,Round 2,2024-05-12,Marc Kirkpatrick,879,White River Disc Golf Course,Blue tees,54,18,2,13:00:00,54,0,856,101,True,False,18,54,True,True,True
77674,2024,MP50,2,669288,84880,84880,905,Round 2,2024-05-12,Marcos Miller,,White River Disc Golf Course,Blue tees,54,18,3,13:00:00,49,-5,923,102,True,False,18,49,True,True,True
77674,2024,MP50,2,669288,125921,125921,884,Round 2,2024-05-12,Christopher Conk,905,White River Disc Golf Course,Blue tees,54,18,4,13:00:00,56,2,829,109,True,False,18,56,True,True,True
77674,2024,MPO,1,669288,100885,100885,959,Round 1,2024-05-12,Jacob Moore,945,White River Disc Golf Course,Blue tees,54,18,3,14:00:00,43,-11,1005,88,True,False,18,43,True,True,True
77674,2024,MPO,1,669288,103627,103627,979,Round 1,2024-05-12,Clayton Davis,,White River Disc Golf Course,Blue tees,54,18,4,14:00:00,44,-10,991,89,True,False,18,44,True,True,True
77674,2024,MPO,1,669288,82340,82340,892,Round 1,2024-05-12,Justin Leonard,912,White River Disc Golf Course,Blue tees,54,18,4,13:50:00,46,-8,964,95,True,False,18,46,True,True,True
77674,2024,MPO,1,669288,164118,164118,919,Round 1,2024-05-12,Fred Longchamp,945,White River Disc Golf Course,Blue tees,54,18,3,13:30:00,46,-8,964,92,True,False,18,46,True,True,True
77674,2024,MPO,1,669288,207793,207793,910,Round 1,2024-05-12,Walker White,917,White River Disc Golf Course,Blue tees,54,18,3,13:50:00,46,-8,964,93,True,False,18,46,True,True,True
77674,2024,MPO,1,669288,91216,91216,956,Round 1,2024-05-12,Chris Spear,932,White River Disc Golf Course,Blue tees,54,18,4,13:20:00,48,-6,937,90,True,False,18,48,True,True,True
77674,2024,MPO,1,669288,109749,109749,915,Round 1,2024-05-12,Taylor Douglass,,White River Disc Golf Course,Blue tees,54,18,2,13:40:00,48,-6,937,100,True,False,18,48,True,True,True
77674,2024,MPO,1,669288,138228,138228,898,Round 1,2024-05-12,Dan Barmore,,White River Disc Golf Course,Blue tees,54,18,2,14:00:00,48,-6,937,93,True,False,18,48,True,True,True
77674,2024,MPO,1,669288,140098,140098,975,Round 1,2024-05-12,Angus Barstow,980,White River Disc Golf Course,Blue tees,54,18,1,13:50:00,48,-6,937,94,True,False,18,48,True,True,True
77674,2024,MPO,1,669288,221449,221449,872,Round 1,2024-05-12,Shane Proctor,885,White River Disc Golf Course,Blue tees,54,18,2,14:10:00,48,-6,937,100,True,False,18,48,True,True,True
77674,2024,MPO,1,669288,223671,223671,939,Round 1,2024-05-12,Brendan Van Tuinen,942,White River Disc Golf Course,Blue tees,54,18,1,13:40:00,48,-6,937,99,True,False,18,48,True,True,True
77674,2024,MPO,1,669288,164377,164377,918,Round 1,2024-05-12,Robert Wix,927,White River Disc Golf Course,Blue tees,54,18,2,13:30:00,49,-5,923,96,True,False,18,49,True,True,True
77674,2024,MPO,1,669288,252153,252153,896,Round 1,2024-05-12,Tyler Pelkey,,White River Disc Golf Course,Blue tees,54,18,4,14:10:00,50,-4,910,94,True,False,18,50,True,True,True
77674,2024,MPO,1,669288,109051,109051,926,Round 1,2024-05-12,Taylor Jones,866,White River Disc Golf Course,Blue tees,54,18,1,13:30:00,51,-3,896,98,True,False,18,51,True,True,True
77674,2024,MPO,1,669288,114674,114674,919,Round 1,2024-05-12,Jordan Lamson,,White River Disc Golf Course,Blue tees,54,18,1,14:00:00,51,-3,896,101,True,False,18,51,True,True,True
77674,2024,MPO,1,669288,131201,131201,930,Round 1,2024-05-12,Tyler LaPerle,973,White River Disc Golf Course,Blue tees,54,18,2,13:50:00,51,-3,896,98,True,False,18,51,True,True,True
77674,2024,MPO,1,669288,106970,106970,865,Round 1,2024-05-12,Stefan Farrell,852,White River Disc Golf Course,Blue tees,54,18,1,14:10:00,52,-2,883,102,True,False,18,52,True,True,True
77674,2024,MPO,1,669288,136937,136937,899,Round 1,2024-05-12,Zach Bossier,,White River Disc Golf Course,Blue tees,54,18,3,13:20:00,52,-2,883,96,True,False,18,52,True,True,True
77674,2024,MPO,1,669288,212570,212570,889,Round 1,2024-05-12,Derek Copping,874,White River Disc Golf Course,Blue tees,54,18,4,13:30:00,53,-1,869,103,True,False,18,53,True,True,True
77674,2024,MPO,1,669288,257327,257327,927,Round 1,2024-05-12,Owen Motyka,920,White River Disc Golf Course,Blue tees,54,18,4,13:40:00,53,-1,869,105,True,False,18,53,True,True,True
77674,2024,MPO,1,669288,175583,175583,900,Round 1,2024-05-12,Rob Salter,948,White River Disc Golf Course,Blue tees,54,18,3,14:10:00,55,1,842,105,True,False,18,55,True,True,True
77674,2024,MPO,1,669288,268865,268865,,Round 1,2024-05-12,Joseph Noury,,White River Disc Golf Course,Blue tees,54,18,3,13:40:00,56,2,829,113,True,False,18,56,True,True,True
77674,2024,MPO,2,669288,100885,100885,959,Round 2,2024-05-12,Jacob Moore,945,White River Disc Golf Course,Blue tees,54,18,1,14:30:00,45,-9,978,88,True,False,18,45,True,True,True
77674,2024,MPO,2,669288,103627,103627,979,Round 2,2024-05-12,Clayton Davis,,White River Disc Golf Course,Blue tees,54,18,2,14:30:00,45,-9,978,89,True,False,18,45,True,True,True
77674,2024,MPO,2,669288,91216,91216,956,Round 2,2024-05-12,Chris Spear,932,White River Disc Golf Course,Blue tees,54,18,2,14:20:00,42,-12,1018,90,True,False,18,42,True,True,True
77674,2024,MPO,2,669288,164118,164118,919,Round 2,2024-05-12,Fred Longchamp,945,White River Disc Golf Course,Blue tees,54,18,4,14:30:00,46,-8,964,92,True,False,18,46,True,True,True
77674,2024,MPO,2,669288,138228,138228,898,Round 2,2024-05-12,Dan Barmore,,White River Disc Golf Course,Blue tees,54,18,4,14:20:00,45,-9,978,93,True,False,18,45,True,True,True
77674,2024,MPO,2,669288,207793,207793,910,Round 2,2024-05-12,Walker White,917,White River Disc Golf Course,Blue tees,54,18,1,14:20:00,47,-7,950,93,True,False,18,47,True,True,True
77674,2024,MPO,2,669288,252153,252153,896,Round 2,2024-05-12,Tyler Pelkey,,White River Disc Golf Course,Blue tees,54,18,1,14:00:00,44,-10,991,94,True,False,18,44,True,True,True
77674,2024,MPO,2,669288,140098,140098,975,Round 2,2024-05-12,Angus Barstow,980,White River Disc Golf Course,Blue tees,54,18,1,14:10:00,46,-8,964,94,True,False,18,46,True,True,True
77674,2024,MPO,2,669288,82340,82340,892,Round 2,2024-05-12,Justin Leonard,912,White River Disc Golf Course,Blue tees,54,18,3,14:30:00,49,-5,923,95,True,False,18,49,True,True,True
77674,2024,MPO,2,669288,136937,136937,899,Round 2,2024-05-12,Zach Bossier,,White River Disc Golf Course,Blue tees,54,18,2,13:50:00,44,-10,991,96,True,False,18,44,True,True,True
77674,2024,MPO,2,669288,164377,164377,918,Round 2,2024-05-12,Robert Wix,927,White River Disc Golf Course,Blue tees,54,18,4,14:10:00,47,-7,950,96,True,False,18,47,True,True,True
77674,2024,MPO,2,669288,109051,109051,926,Round 2,2024-05-12,Taylor Jones,866,White River Disc Golf Course,Blue tees,54,18,2,14:00:00,47,-7,950,98,True,False,18,47,True,True,True
77674,2024,MPO,2,669288,131201,131201,930,Round 2,2024-05-12,Tyler LaPerle,973,White River Disc Golf Course,Blue tees,54,18,4,14:00:00,47,-7,950,98,True,False,18,47,True,True,True
77674,2024,MPO,2,669288,223671,223671,939,Round 2,2024-05-12,Brendan Van Tuinen,942,White River Disc Golf Course,Blue tees,54,18,3,14:10:00,51,-3,896,99,True,False,18,51,True,True,True
77674,2024,MPO,2,669288,109749,109749,915,Round 2,2024-05-12,Taylor Douglass,,White River Disc Golf Course,Blue tees,54,18,3,14:20:00,52,-2,883,100,True,False,18,52,True,True,True
77674,2024,MPO,2,669288,221449,221449,872,Round 2,2024-05-12,Shane Proctor,885,White River Disc Golf Course,Blue tees,54,18,2,14:10:00,52,-2,883,100,True,False,18,52,True,True,True
77674,2024,MPO,2,669288,114674,114674,919,Round 2,2024-05-12,Jordan Lamson,,White River Disc Golf Course,Blue tees,54,18,3,14:00:00,50,-4,910,101,True,False,18,50,True,True,True
77674,2024,MPO,2,669288,106970,106970,865,Round 2,2024-05-12,Stefan Farrell,852,White River Disc Golf Course,Blue tees,54,18,1,13:50:00,50,-4,910,102,True,False,18,50,True,True,True
77674,2024,MPO,2,669288,212570,212570,889,Round 2,2024-05-12,Derek Copping,874,White River Disc Golf Course,Blue tees,54,18,3,13:50:00,50,-4,910,103,True,False,18,50,True,True,True
77674,2024,MPO,2,669288,175583,175583,900,Round 2,2024-05-12,Rob Salter,948,White River Disc Golf Course,Blue tees,54,18,2,13:40:00,50,-4,910,105,True,False,18,50,True,True,True
77674,2024,MPO,2,669288,257327,257327,927,Round 2,2024-05-12,Owen Motyka,920,White River Disc Golf Course,Blue tees,54,18,4,13:50:00,52,-2,883,105,True,False,18,52,True,True,True
77674,2024,MPO,2,669288,268865,268865,,Round 2,2024-05-12,Joseph Noury,,White River Disc Golf Course,Blue tees,54,18,3,13:40:00,57,3,815,113,True,False,18,57,True,True,True
77909,2024,FA1,1,671393,228248,228248,779,Round 1,2024-05-26,Isza Parchini,802,The Quarries Disc Golf ,Blue Tees,61,18,3,11:20:00,70,9,828,141,True,False,18,70,True,True,True
77909,2024,FA1,1,671393,170015,170015,788,Round 1,2024-05-26,Alyssa Nichols,828,The Quarries Disc Golf ,Blue Tees,61,18,2,11:20:00,76,15,770,150,True,False,18,76,True,True,True
77909,2024,FA1,1,671393,150234,150234,784,Round 1,2024-05-26,Erica Randall,,The Quarries Disc Golf ,Blue Tees,61,18,1,11:20:00,80,19,732,152,True,False,18,80,True,True,True
77909,2024,FA1,1,671393,243272,243272,666,Round 1,2024-05-26,Cadie Wells-Robinson,730,The Quarries Disc Golf ,Blue Tees,61,18,4,11:20:00,85,24,684,168,True,False,18,85,True,True,True
77909,2024,FA1,2,671393,228248,228248,779,Round 2,2024-05-26,Isza Parchini,802,The Quarries Disc Golf ,Blue Tees,61,18,1,11:20:00,71,10,818,141,True,False,18,71,True,True,True
77909,2024,FA1,2,671393,170015,170015,788,Round 2,2024-05-26,Alyssa Nichols,828,The Quarries Disc Golf ,Blue Tees,61,18,2,11:20:00,74,13,790,150,True,False,18,74,True,True,True
77909,2024,FA1,2,671393,150234,150234,784,Round 2,2024-05-26,Erica Randall,,The Quarries Disc Golf ,Blue Tees,61,18,3,11:20:00,72,11,809,152,True,False,18,72,True,True,True
77909,2024,FA1,2,671393,243272,243272,666,Round 2,2024-05-26,Cadie Wells-Robinson,730,The Quarries Disc Golf ,Blue Tees,61,18,4,11:20:00,83,22,703,168,True,False,18,83,True,True,True
77909,2024,FA3,1,671394,288115,288115,,Round 1,2024-05-26,Kayla Findish,,The Quarries Disc Golf ,White Tees,61,18,1,08:30:00,72,11,727,142,True,False,18,72,True,True,True
77909,2024,FA3,1,671394,277475,277475,641,Round 1,2024-05-26,Erin Rice,727,The Quarries Disc Golf ,White Tees,61,18,3,08:30:00,76,15,682,154,True,False,18,76,True,True,True
77909,2024,FA3,1,671394,278389,278389,532,Round 1,2024-05-26,Jessica Davenport,766,The Quarries Disc Golf ,White Tees,61,18,2,08:30:00,83,22,603,167,True,False,18,83,True,True,True
77909,2024,FA3,1,671394,283965,283965,,Round 1,2024-05-26,Jennifer Soutar,731,The Quarries Disc Golf ,White Tees,61,18,3,08:40:00,83,22,603,172,True,False,18,83,True,True,True
77909,2024,FA3,1,671394,259152,259152,591,Round 1,2024-05-26,Marie Norton,,The Quarries Disc Golf ,White Tees,61,18,4,08:40:00,85,24,581,169,True,False,18,85,True,True,True
77909,2024,FA3,2,671394,288115,288115,,Round 2,2024-05-26,Kayla Findish,,The Quarries Disc Golf ,White Tees,61,18,1,08:40:00,70,9,750,142,True,False,18,70,True,True,True
77909,2024,FA3,2,671394,277475,277475,641,Round 2,2024-05-26,Erin Rice,727,The Quarries Disc Golf ,White Tees,61,18,2,08:40:00,78,17,660,154,True,False,18,78,True,True,True
77909,2024,FA3,2,671394,278389,278389,532,Round 2,2024-05-26,Jessica Davenport,766,The Quarries Disc Golf ,White Tees,61,18,3,08:40:00,84,23,592,167,True,False,18,84,True,True,True
77909,2024,FA3,2,671394,259152,259152,591,Round 2,2024-05-26,Marie Norton,,The Quarries Disc Golf ,White Tees,61,18,2,08:30:00,84,23,592,169,True,False,18,84,True,True,True
77909,2024,FA3,2,671394,283965,283965,,Round 2,2024-05-26,Jennifer Soutar,731,The Quarries Disc Golf ,White Tees,61,18,4,08:40:00,89,28,536,172,True,False,18,89,True,True,True
77909,2024,FA40,1,671394,213173,213173,771,Round 1,2024-05-26,Elizabeth Carrell,775,The Quarries Disc Golf ,White Tees,61,18,2,08:50:00,65,4,806,130,True,False,18,65,True,True,True
77909,2024,FA40,1,671394,261710,261710,750,Round 1,2024-05-26,Sally Blanchette,812,The Quarries Disc Golf ,White Tees,61,18,2,08:40:00,68,7,772,140,True,False,18,68,True,True,True
77909,2024,FA40,1,671394,197269,197269,734,Round 1,2024-05-26,Wendie Salmi,723,The Quarries Disc Golf ,White Tees,61,18,4,08:50:00,72,11,727,147,True,False,18,72,True,True,True
77909,2024,FA40,1,671394,228265,228265,702,Round 1,2024-05-26,Maryellen Copping,705,The Quarries Disc Golf ,White Tees,61,18,3,08:50:00,74,13,705,150,True,False,18,74,True,True,True
77909,2024,FA40,1,671394,172895,172895,745,Round 1,2024-05-26,Cara Tatro,737,The Quarries Disc Golf ,White Tees,61,18,1,08:50:00,78,17,660,155,True,False,18,78,True,True,True
77909,2024,FA40,1,671394,268005,268005,599,Round 1,2024-05-26,Heather Wiles,,The Quarries Disc Golf ,White Tees,61,18,1,08:40:00,85,24,581,167,True,False,18,85,True,True,True
77909,2024,FA40,2,671394,213173,213173,771,Round 2,2024-05-26,Elizabeth Carrell,775,The Quarries Disc Golf ,White Tees,61,18,1,08:50:00,65,4,806,130,True,False,18,65,True,True,True
77909,2024,FA40,2,671394,261710,261710,750,Round 2,2024-05-26,Sally Blanchette,812,The Quarries Disc Golf ,White Tees,61,18,2,08:50:00,72,11,727,140,True,False,18,72,True,True,True
77909,2024,FA40,2,671394,197269,197269,734,Round 2,2024-05-26,Wendie Salmi,723,The Quarries Disc Golf ,White Tees,61,18,3,08:50:00,75,14,693,147,True,False,18,75,True,True,True
77909,2024,FA40,2,671394,228265,228265,702,Round 2,2024-05-26,Maryellen Copping,705,The Quarries Disc Golf ,White Tees,61,18,4,08:50:00,76,15,682,150,True,False,18,76,True,True,True
77909,2024,FA40,2,671394,172895,172895,745,Round 2,2024-05-26,Cara Tatro,737,The Quarries Disc Golf ,White Tees,61,18,1,08:30:00,77,16,671,155,True,False,18,77,True,True,True
77909,2024,FA40,2,671394,268005,268005,599,Round 2,2024-05-26,Heather Wiles,,The Quarries Disc Golf ,White Tees,61,18,3,08:30:00,82,21,615,167,True,False,18,82,True,True,True
77909,2024,MA1,1,671393,111643,111643,947,Round 1,2024-05-26,Finn Etter,1013,The Quarries Disc Golf ,Blue Tees,61,18,2,12:40:00,52,-9,1001,108,True,False,18,52,True,True,True
77909,2024,MA1,1,671393,154887,154887,920,Round 1,2024-05-26,Brian Hunter,941,The Quarries Disc Golf ,Blue Tees,61,18,2,12:20:00,56,-5,963,111,True,False,18,56,True,True,True
77909,2024,MA1,1,671393,168663,168663,954,Round 1,2024-05-26,Austin Neddo,,The Quarries Disc Golf ,Blue Tees,61,18,3,12:20:00,56,-5,963,119,True,False,18,56,True,True,True
77909,2024,MA1,1,671393,124203,124203,898,Round 1,2024-05-26,Ezra Koch,954,The Quarries Disc Golf ,Blue Tees,61,18,2,12:10:00,57,-4,953,117,True,False,18,57,True,True,True
77909,2024,MA1,1,671393,149919,149919,939,Round 1,2024-05-26,Matthew Garner,,The Quarries Disc Golf ,Blue Tees,61,18,1,11:30:00,57,-4,953,116,True,False,18,57,True,True,True
77909,2024,MA1,1,671393,110707,110707,932,Round 1,2024-05-26,Jason Wilson,927,The Quarries Disc Golf ,Blue Tees,61,18,1,12:20:00,58,-3,943,119,True,False,18,58,True,True,True
77909,2024,MA1,1,671393,129859,129859,919,Round 1,2024-05-26,Seth Marcil,944,The Quarries Disc Golf ,Blue Tees,61,18,1,12:00:00,58,-3,943,119,True,False,18,58,True,True,True
77909,2024,MA1,1,671393,192901,192901,842,Round 1,2024-05-26,Micah Munro,890,The Quarries Disc Golf ,Blue Tees,61,18,3,11:50:00,58,-3,943,114,True,False,18,58,True,True,True
77909,2024,MA1,1,671393,212570,212570,889,Round 1,2024-05-26,Derek Copping,874,The Quarries Disc Golf ,Blue Tees,61,18,2,12:50:00,58,-3,943,118,True,False,18,58,True,True,True
77909,2024,MA1,1,671393,147788,147788,941,Round 1,2024-05-26,Dan Cornellier,939,The Quarries Disc Golf ,Blue Tees,61,18,3,12:30:00,59,-2,934,118,True,False,18,59,True,True,True
77909,2024,MA1,1,671393,218262,218262,884,Round 1,2024-05-26,Jerry Jackman,913,The Quarries Disc Golf ,Blue Tees,61,18,4,12:10:00,59,-2,934,118,True,False,18,59,True,True,True
77909,2024,MA1,1,671393,82340,82340,900,Round 1,2024-05-26,Justin Leonard,912,The Quarries Disc Golf ,Blue Tees,61,18,1,12:50:00,60,-1,924,123,True,False,18,60,True,True,True
77909,2024,MA1,1,671393,97356,97356,918,Round 1,2024-05-26,Jason Guild,934,The Quarries Disc Golf ,Blue Tees,61,18,1,12:30:00,60,-1,924,122,True,False,18,60,True,True,True
77909,2024,MA1,1,671393,109604,109604,920,Round 1,2024-05-26,Jeremy Hulsey,914,The Quarries Disc Golf ,Blue Tees,61,18,1,11:40:00,60,-1,924,117,True,False,18,60,True,True,True
77909,2024,MA1,1,671393,175140,175140,896,Round 1,2024-05-26,Christian Garey,890,The Quarries Disc Golf ,Blue Tees,61,18,4,12:30:00,60,-1,924,121,True,False,18,60,True,True,True
77909,2024,MA1,1,671393,219307,219307,888,Round 1,2024-05-26,Everett Secor,935,The Quarries Disc Golf ,Blue Tees,61,18,4,11:50:00,60,-1,924,119,True,False,18,60,True,True,True
77909,2024,MA1,1,671393,287174,287174,,Round 1,2024-05-26,CJ Plante,,The Quarries Disc Golf ,Blue Tees,61,18,4,12:00:00,60,-1,924,119,True,False,18,60,True,True,True
77909,2024,MA1,1,671393,89829,89829,919,Round 1,2024-05-26,Garrett Washburn,923,The Quarries Disc Golf ,Blue Tees,61,18,1,11:50:00,61,0,915,116,True,False,18,61,True,True,True
77909,2024,MA1,1,671393,138228,138228,914,Round 1,2024-05-26,Dan Barmore,,The Quarries Disc Golf ,Blue Tees,61,18,3,11:40:00,61,0,915,124,True,False,18,61,True,True,True
77909,2024,MA1,1,671393,158783,158783,893,Round 1,2024-05-26,Joseph Humes,906,The Quarries Disc Golf ,Blue Tees,61,18,2,12:00:00,61,0,915,119,True,False,18,61,True,True,True
77909,2024,MA1,1,671393,173058,173058,938,Round 1,2024-05-26,Brandon Allaire,950,The Quarries Disc Golf ,Blue Tees,61,18,3,12:00:00,61,0,915,121,True,False,18,61,True,True,True
77909,2024,MA1,1,671393,278286,278286,904,Round 1,2024-05-26,Trevor Hazelton,949,The Quarries Disc Golf ,Blue Tees,61,18,4,11:30:00,61,0,915,128,True,False,18,61,True,True,True
77909,2024,MA1,1,671393,174646,174646,868,Round 1,2024-05-26,David Oppenheimer,,The Quarries Disc Golf ,Blue Tees,61,18,4,12:40:00,62,1,905,123,True,False,18,62,True,True,True
77909,2024,MA1,1,671393,146226,146226,917,Round 1,2024-05-26,Jason Cagney,927,The Quarries Disc Golf ,Blue Tees,61,18,2,12:30:00,63,2,895,127,True,False,18,63,True,True,True
77909,2024,MA1,1,671393,236206,236206,869,Round 1,2024-05-26,Chris Sigmund,879,The Quarries Disc Golf ,Blue Tees,61,18,4,12:50:00,63,2,895,130,True,False,18,63,True,True,True
77909,2024,MA1,1,671393,96154,96154,867,Round 1,2024-05-26,Travis Jacques,871,The Quarries Disc Golf ,Blue Tees,61,18,1,12:40:00,64,3,886,127,True,False,18,64,True,True,True
77909,2024,MA1,1,671393,163224,163224,908,Round 1,2024-05-26,Taylor Pearson,,The Quarries Disc Golf ,Blue Tees,61,18,2,11:50:00,64,3,886,123,True,False,18,64,True,True,True
77909,2024,MA1,1,671393,210681,210681,902,Round 1,2024-05-26,Kyle Anderson Andresen,911,The Quarries Disc Golf ,Blue Tees,61,18,2,11:30:00,64,3,886,125,True,False,18,64,True,True,True
77909,2024,MA1,1,671393,235658,235658,926,Round 1,2024-05-26,Brandon Westburg,963,The Quarries Disc Golf ,Blue Tees,61,18,3,12:50:00,64,3,886,121,True,False,18,64,True,True,True
77909,2024,MA1,1,671393,48058,48058,880,Round 1,2024-05-26,Nicholas Cellini,,The Quarries Disc Golf ,Blue Tees,61,18,1,12:10:00,66,5,866,123,True,False,18,66,True,True,True
77909,2024,MA1,1,671393,136942,136942,864,Round 1,2024-05-26,Christopher Larock,,The Quarries Disc Golf ,Blue Tees,61,18,2,11:40:00,66,5,866,139,True,False,18,66,True,True,True
77909,2024,MA1,1,671393,162806,162806,889,Round 1,2024-05-26,Ethan Springer,886,The Quarries Disc Golf ,Blue Tees,61,18,3,12:10:00,66,5,866,128,True,False,18,66,True,True,True
77909,2024,MA1,1,671393,168715,168715,936,Round 1,2024-05-26,John Kirby,939,The Quarries Disc Golf ,Blue Tees,61,18,3,12:40:00,67,6,857,130,True,False,18,67,True,True,True
77909,2024,MA1,1,671393,174031,174031,914,Round 1,2024-05-26,Ian MacDonald,909,The Quarries Disc Golf ,Blue Tees,61,18,4,11:40:00,67,6,857,130,True,False,18,67,True,True,True
77909,2024,MA1,1,671393,275041,275041,910,Round 1,2024-05-26,Samuel Schonberg,937,The Quarries Disc Golf ,Blue Tees,61,18,3,11:30:00,69,8,838,137,True,False,18,69,True,True,True
77909,2024,MA1,1,671393,273177,273177,,Round 1,2024-05-26,Greg Allard,,The Quarries Disc Golf ,Blue Tees,61,18,4,12:20:00,72,11,809,137,True,False,18,72,True,True,True
77909,2024,MA1,2,671393,111643,111643,947,Round 2,2024-05-26,Finn Etter,1013,The Quarries Disc Golf ,Blue Tees,61,18,1,12:50:00,56,-5,963,108,True,False,18,56,True,True,True
77909,2024,MA1,2,671393,154887,154887,920,Round 2,2024-05-26,Brian Hunter,941,The Quarries Disc Golf ,Blue Tees,61,18,2,12:50:00,55,-6,972,111,True,False,18,55,True,True,True
77909,2024,MA1,2,671393,192901,192901,842,Round 2,2024-05-26,Micah Munro,890,The Quarries Disc Golf ,Blue Tees,61,18,4,12:40:00,56,-5,963,114,True,False,18,56,True,True,True
77909,2024,MA1,2,671393,89829,89829,919,Round 2,2024-05-26,Garrett Washburn,923,The Quarries Disc Golf ,Blue Tees,61,18,2,12:10:00,55,-6,972,116,True,False,18,55,True,True,True
77909,2024,MA1,2,671393,149919,149919,939,Round 2,2024-05-26,Matthew Garner,,The Quarries Disc Golf ,Blue Tees,61,18,1,12:40:00,59,-2,934,116,True,False,18,59,True,True,True
77909,2024,MA1,2,671393,109604,109604,920,Round 2,2024-05-26,Jeremy Hulsey,914,The Quarries Disc Golf ,Blue Tees,61,18,2,12:20:00,57,-4,953,117,True,False,18,57,True,True,True
77909,2024,MA1,2,671393,124203,124203,898,Round 2,2024-05-26,Ezra Koch,954,The Quarries Disc Golf ,Blue Tees,61,18,4,12:50:00,60,-1,924,117,True,False,18,60,True,True,True
77909,2024,MA1,2,671393,147788,147788,941,Round 2,2024-05-26,Dan Cornellier,939,The Quarries Disc Golf ,Blue Tees,61,18,2,12:30:00,59,-2,934,118,True,False,18,59,True,True,True
77909,2024,MA1,2,671393,218262,218262,884,Round 2,2024-05-26,Jerry Jackman,913,The Quarries Disc Golf ,Blue Tees,61,18,3,12:30:00,59,-2,934,118,True,False,18,59,True,True,True
77909,2024,MA1,2,671393,212570,212570,889,Round 2,2024-05-26,Derek Copping,874,The Quarries Disc Golf ,Blue Tees,61,18,1,12:30:00,60,-1,924,118,True,False,18,60,True,True,True
77909,2024,MA1,2,671393,158783,158783,893,Round 2,2024-05-26,Joseph Humes,906,The Quarries Disc Golf ,Blue Tees,61,18,4,12:10:00,58,-3,943,119,True,False,18,58,True,True,True
77909,2024,MA1,2,671393,219307,219307,888,Round 2,2024-05-26,Everett Secor,935,The Quarries Disc Golf ,Blue Tees,61,18,4,12:20:00,59,-2,934,119,True,False,18,59,True,True,True
77909,2024,MA1,2,671393,287174,287174,,Round 2,2024-05-26,CJ Plante,,The Quarries Disc Golf ,Blue Tees,61,18,1,12:10:00,59,-2,934,119,True,False,18,59,True,True,True
77909,2024,MA1,2,671393,110707,110707,932,Round 2,2024-05-26,Jason Wilson,927,The Quarries Disc Golf ,Blue Tees,61,18,2,12:40:00,61,0,915,119,True,False,18,61,True,True,True
77909,2024,MA1,2,671393,129859,129859,919,Round 2,2024-05-26,Seth Marcil,944,The Quarries Disc Golf ,Blue Tees,61,18,3,12:40:00,61,0,915,119,True,False,18,61,True,True,True
77909,2024,MA1,2,671393,168663,168663,954,Round 2,2024-05-26,Austin Neddo,,The Quarries Disc Golf ,Blue Tees,61,18,3,12:50:00,63,2,895,119,True,False,18,63,True,True,True
77909,2024,MA1,2,671393,235658,235658,926,Round 2,2024-05-26,Brandon Westburg,963,The Quarries Disc Golf ,Blue Tees,61,18,1,11:40:00,57,-4,953,121,True,False,18,57,True,True,True
77909,2024,MA1,2,671393,173058,173058,938,Round 2,2024-05-26,Brandon Allaire,950,The Quarries Disc Golf ,Blue Tees,61,18,1,12:00:00,60,-1,924,121,True,False,18,60,True,True,True
77909,2024,MA1,2,671393,175140,175140,896,Round 2,2024-05-26,Christian Garey,890,The Quarries Disc Golf ,Blue Tees,61,18,3,12:20:00,61,0,915,121,True,False,18,61,True,True,True
77909,2024,MA1,2,671393,97356,97356,918,Round 2,2024-05-26,Jason Guild,934,The Quarries Disc Golf ,Blue Tees,61,18,1,12:20:00,62,1,905,122,True,False,18,62,True,True,True
77909,2024,MA1,2,671393,48058,48058,880,Round 2,2024-05-26,Nicholas Cellini,,The Quarries Disc Golf ,Blue Tees,61,18,2,11:40:00,57,-4,953,123,True,False,18,57,True,True,True
77909,2024,MA1,2,671393,163224,163224,908,Round 2,2024-05-26,Taylor Pearson,,The Quarries Disc Golf ,Blue Tees,61,18,3,11:50:00,59,-2,934,123,True,False,18,59,True,True,True
77909,2024,MA1,2,671393,174646,174646,868,Round 2,2024-05-26,David Oppenheimer,,The Quarries Disc Golf ,Blue Tees,61,18,3,12:00:00,61,0,915,123,True,False,18,61,True,True,True
77909,2024,MA1,2,671393,82340,82340,900,Round 2,2024-05-26,Justin Leonard,912,The Quarries Disc Golf ,Blue Tees,61,18,4,12:30:00,63,2,895,123,True,False,18,63,True,True,True
77909,2024,MA1,2,671393,138228,138228,914,Round 2,2024-05-26,Dan Barmore,,The Quarries Disc Golf ,Blue Tees,61,18,3,12:10:00,63,2,895,124,True,False,18,63,True,True,True
77909,2024,MA1,2,671393,210681,210681,902,Round 2,2024-05-26,Kyle Anderson Andresen,911,The Quarries Disc Golf ,Blue Tees,61,18,4,11:50:00,61,0,915,125,True,False,18,61,True,True,True
77909,2024,MA1,2,671393,96154,96154,867,Round 2,2024-05-26,Travis Jacques,871,The Quarries Disc Golf ,Blue Tees,61,18,2,11:50:00,63,2,895,127,True,False,18,63,True,True,True
77909,2024,MA1,2,671393,146226,146226,917,Round 2,2024-05-26,Jason Cagney,927,The Quarries Disc Golf ,Blue Tees,61,18,4,12:00:00,64,3,886,127,True,False,18,64,True,True,True
77909,2024,MA1,2,671393,162806,162806,889,Round 2,2024-05-26,Ethan Springer,886,The Quarries Disc Golf ,Blue Tees,61,18,4,11:40:00,62,1,905,128,True,False,18,62,True,True,True
77909,2024,MA1,2,671393,278286,278286,904,Round 2,2024-05-26,Trevor Hazelton,949,The Quarries Disc Golf ,Blue Tees,61,18,2,12:00:00,67,6,857,128,True,False,18,67,True,True,True
77909,2024,MA1,2,671393,168715,168715,936,Round 2,2024-05-26,John Kirby,939,The Quarries Disc Golf ,Blue Tees,61,18,1,11:30:00,63,2,895,130,True,False,18,63,True,True,True
77909,2024,MA1,2,671393,174031,174031,914,Round 2,2024-05-26,Ian MacDonald,909,The Quarries Disc Golf ,Blue Tees,61,18,2,11:30:00,63,2,895,130,True,False,18,63,True,True,True
77909,2024,MA1,2,671393,236206,236206,869,Round 2,2024-05-26,Chris Sigmund,879,The Quarries Disc Golf ,Blue Tees,61,18,1,11:50:00,67,6,857,130,True,False,18,67,True,True,True
77909,2024,MA1,2,671393,273177,273177,,Round 2,2024-05-26,Greg Allard,,The Quarries Disc Golf ,Blue Tees,61,18,4,11:30:00,65,4,876,137,True,False,18,65,True,True,True
77909,2024,MA1,2,671393,275041,275041,910,Round 2,2024-05-26,Samuel Schonberg,937,The Quarries Disc Golf ,Blue Tees,61,18,3,11:30:00,68,7,847,137,True,False,18,68,True,True,True
77909,2024,MA1,2,671393,136942,136942,864,Round 2,2024-05-26,Christopher Larock,,The Quarries Disc Golf ,Blue Tees,61,18,3,11:40:00,71,12,799,139,True,False,18,71,True,True,True
77909,2024,MA2,1,671393,159224,159224,907,Round 1,2024-05-26,Bryce McKim,,The Quarries Disc Golf ,Blue Tees,61,18,1,09:40:00,58,-3,943,121,True,False,18,58,True,True,True
77909,2024,MA2,1,671393,212441,212441,922,Round 1,2024-05-26,Bobby Hallum,962,The Quarries Disc Golf ,Blue Tees,61,18,1,09:10:00,58,-3,943,115,True,False,18,58,True,True,True
77909,2024,MA2,1,671393,286623,286623,,Round 1,2024-05-26,Ethan Santor,916,The Quarries Disc Golf ,Blue Tees,61,18,4,09:30:00,58,-3,943,121,True,False,18,58,True,True,True
77909,2024,MA2,1,671393,254922,254922,874,Round 1,2024-05-26,Benjamin Taylor,890,The Quarries Disc Golf ,Blue Tees,61,18,2,09:10:00,59,-2,934,126,True,False,18,59,True,True,True
77909,2024,MA2,1,671393,137984,137984,871,Round 1,2024-05-26,Tristan Bryce,,The Quarries Disc Golf ,Blue Tees,61,18,2,10:00:00,60,-1,924,125,True,False,18,60,True,True,True
77909,2024,MA2,1,671393,63896,63896,891,Round 1,2024-05-26,Ross King,899,The Quarries Disc Golf ,Blue Tees,61,18,1,10:00:00,61,0,915,125,True,False,18,61,True,True,True
77909,2024,MA2,1,671393,213224,213224,891,Round 1,2024-05-26,Justin Griswold,914,The Quarries Disc Golf ,Blue Tees,61,18,2,09:50:00,61,0,915,116,True,False,18,61,True,True,True
77909,2024,MA2,1,671393,247999,247999,904,Round 1,2024-05-26,Zacarie Brassard,941,The Quarries Disc Golf ,Blue Tees,61,18,1,09:00:00,61,0,915,124,True,False,18,61,True,True,True
77909,2024,MA2,1,671393,163523,163523,864,Round 1,2024-05-26,Landon Desroches,866,The Quarries Disc Golf ,Blue Tees,61,18,1,09:20:00,63,2,895,124,True,False,18,63,True,True,True
77909,2024,MA2,1,671393,242902,242902,873,Round 1,2024-05-26,Christopher Rullan,,The Quarries Disc Golf ,Blue Tees,61,18,3,09:40:00,63,2,895,127,True,False,18,63,True,True,True
77909,2024,MA2,1,671393,278390,278390,883,Round 1,2024-05-26,Edward Blow,,The Quarries Disc Golf ,Blue Tees,61,18,4,09:20:00,63,2,895,124,True,False,18,63,True,True,True
77909,2024,MA2,1,671393,261570,261570,809,Round 1,2024-05-26,John Beaudin,911,The Quarries Disc Golf ,Blue Tees,61,18,4,09:40:00,64,3,886,126,True,False,18,64,True,True,True
77909,2024,MA2,1,671393,151274,151274,894,Round 1,2024-05-26,Nick Norwood,,The Quarries Disc Golf ,Blue Tees,61,18,1,09:30:00,65,4,876,128,True,False,18,65,True,True,True
77909,2024,MA2,1,671393,202875,202875,893,Round 1,2024-05-26,Thomas Limanek,911,The Quarries Disc Golf ,Blue Tees,61,18,1,09:50:00,65,4,876,125,True,False,18,65,True,True,True
77909,2024,MA2,1,671393,212714,212714,863,Round 1,2024-05-26,Rocco Ceci,879,The Quarries Disc Golf ,Blue Tees,61,18,2,10:10:00,65,4,876,127,True,False,18,65,True,True,True
77909,2024,MA2,1,671393,286421,286421,,Round 1,2024-05-26,Peter Florucci,920,The Quarries Disc Golf ,Blue Tees,61,18,4,09:10:00,66,5,866,126,True,False,18,66,True,True,True
77909,2024,MA2,1,671393,227412,227412,860,Round 1,2024-05-26,Alex Emery,860,The Quarries Disc Golf ,Blue Tees,61,18,2,09:40:00,67,6,857,130,True,False,18,67,True,True,True
77909,2024,MA2,1,671393,270720,270720,849,Round 1,2024-05-26,Justin Silva,,The Quarries Disc Golf ,Blue Tees,61,18,4,10:00:00,67,6,857,136,True,False,18,67,True,True,True
77909,2024,MA2,1,671393,169600,169600,875,Round 1,2024-05-26,Trevor Bryce,901,The Quarries Disc Golf ,Blue Tees,61,18,2,09:20:00,68,7,847,,True,False,18,68,True,True,True
77909,2024,MA2,1,671393,221157,221157,908,Round 1,2024-05-26,Dylan Slick,915,The Quarries Disc Golf ,Blue Tees,61,18,3,10:10:00,69,8,838,131,True,False,18,69,True,True,True
77909,2024,MA2,1,671393,240418,240418,923,Round 1,2024-05-26,Marc Giard-Larivière,936,The Quarries Disc Golf ,Blue Tees,61,18,3,09:20:00,69,8,838,128,True,False,18,69,True,True,True
77909,2024,MA2,1,671393,259718,259718,870,Round 1,2024-05-26,Kamden Cox,906,The Quarries Disc Golf ,Blue Tees,61,18,3,09:10:00,69,8,838,141,True,False,18,69,True,True,True
77909,2024,MA2,1,671393,189203,189203,889,Round 1,2024-05-26,Bobby Martino,911,The Quarries Disc Golf ,Blue Tees,61,18,2,09:30:00,70,9,828,125,True,False,18,70,True,True,True
77909,2024,MA2,1,671393,244952,244952,827,Round 1,2024-05-26,Joshua Dezotell,895,The Quarries Disc Golf ,Blue Tees,61,18,3,09:50:00,70,9,828,138,True,False,18,70,True,True,True
77909,2024,MA2,1,671393,287102,287102,,Round 1,2024-05-26,Ethan Robie,919,The Quarries Disc Golf ,Blue Tees,61,18,3,09:00:00,70,9,828,135,True,False,18,70,True,True,True
77909,2024,MA2,1,671393,256887,256887,793,Round 1,2024-05-26,Alex Gambero,812,The Quarries Disc Golf ,Blue Tees,61,18,4,09:50:00,73,12,799,147,True,False,18,73,True,True,True
77909,2024,MA2,1,671393,285906,285906,742,Round 1,2024-05-26,Charles Whittemore,854,The Quarries Disc Golf ,Blue Tees,61,18,4,10:10:00,73,12,799,145,True,False,18,73,True,True,True
77909,2024,MA2,1,671393,259714,259714,850,Round 1,2024-05-26,Reece Cronin,,The Quarries Disc Golf ,Blue Tees,61,18,3,10:00:00,74,13,790,138,True,False,18,74,True,True,True
77909,2024,MA2,1,671393,278541,278541,877,Round 1,2024-05-26,Carter Langevin,,The Quarries Disc Golf ,Blue Tees,61,18,2,09:00:00,74,13,790,142,True,False,18,74,True,True,True
77909,2024,MA2,1,671393,268458,268458,789,Round 1,2024-05-26,Demetrio Gagnon,810,The Quarries Disc Golf ,Blue Tees,61,18,3,09:30:00,82,21,713,151,True,False,18,82,True,True,True
77909,2024,MA2,1,671393,17850,17850,854,Round 1,2024-05-26,Elliot Harik,878,The Quarries Disc Golf ,Blue Tees,61,18,1,10:10:00,72,938,,,True,False,18,72,True,True,True
77909,2024,MA2,2,671393,212441,212441,922,Round 2,2024-05-26,Bobby Hallum,962,The Quarries Disc Golf ,Blue Tees,61,18,2,10:10:00,57,-4,953,115,True,False,18,57,True,True,True
77909,2024,MA2,2,671393,213224,213224,891,Round 2,2024-05-26,Justin Griswold,914,The Quarries Disc Golf ,Blue Tees,61,18,3,10:00:00,55,-6,972,116,True,False,18,55,True,True,True
77909,2024,MA2,2,671393,159224,159224,907,Round 2,2024-05-26,Bryce McKim,,The Quarries Disc Golf ,Blue Tees,61,18,1,10:10:00,63,2,895,121,True,False,18,63,True,True,True
77909,2024,MA2,2,671393,286623,286623,,Round 2,2024-05-26,Ethan Santor,916,The Quarries Disc Golf ,Blue Tees,61,18,3,10:10:00,63,2,895,121,True,False,18,63,True,True,True
77909,2024,MA2,2,671393,163523,163523,864,Round 2,2024-05-26,Landon Desroches,866,The Quarries Disc Golf ,Blue Tees,61,18,1,09:50:00,61,0,915,124,True,False,18,61,True,True,True
77909,2024,MA2,2,671393,278390,278390,883,Round 2,2024-05-26,Edward Blow,,The Quarries Disc Golf ,Blue Tees,61,18,3,09:50:00,61,0,915,124,True,False,18,61,True,True,True
77909,2024,MA2,2,671393,247999,247999,904,Round 2,2024-05-26,Zacarie Brassard,941,The Quarries Disc Golf ,Blue Tees,61,18,4,10:00:00,63,2,895,124,True,False,18,63,True,True,True
77909,2024,MA2,2,671393,189203,189203,889,Round 2,2024-05-26,Bobby Martino,911,The Quarries Disc Golf ,Blue Tees,61,18,3,09:20:00,55,-6,972,125,True,False,18,55,True,True,True
77909,2024,MA2,2,671393,202875,202875,893,Round 2,2024-05-26,Thomas Limanek,911,The Quarries Disc Golf ,Blue Tees,61,18,2,09:40:00,60,-1,924,125,True,False,18,60,True,True,True
77909,2024,MA2,2,671393,63896,63896,891,Round 2,2024-05-26,Ross King,899,The Quarries Disc Golf ,Blue Tees,61,18,2,10:00:00,64,3,886,125,True,False,18,64,True,True,True
77909,2024,MA2,2,671393,137984,137984,871,Round 2,2024-05-26,Tristan Bryce,,The Quarries Disc Golf ,Blue Tees,61,18,1,10:00:00,65,4,876,125,True,False,18,65,True,True,True
77909,2024,MA2,2,671393,286421,286421,,Round 2,2024-05-26,Peter Florucci,920,The Quarries Disc Golf ,Blue Tees,61,18,4,09:40:00,60,-1,924,126,True,False,18,60,True,True,True
77909,2024,MA2,2,671393,261570,261570,809,Round 2,2024-05-26,John Beaudin,911,The Quarries Disc Golf ,Blue Tees,61,18,4,09:50:00,62,1,905,126,True,False,18,62,True,True,True
77909,2024,MA2,2,671393,254922,254922,874,Round 2,2024-05-26,Benjamin Taylor,890,The Quarries Disc Golf ,Blue Tees,61,18,4,10:10:00,67,6,857,126,True,False,18,67,True,True,True
77909,2024,MA2,2,671393,212714,212714,863,Round 2,2024-05-26,Rocco Ceci,879,The Quarries Disc Golf ,Blue Tees,61,18,3,09:40:00,62,1,905,127,True,False,18,62,True,True,True
77909,2024,MA2,2,671393,242902,242902,873,Round 2,2024-05-26,Christopher Rullan,,The Quarries Disc Golf ,Blue Tees,61,18,2,09:50:00,64,3,886,127,True,False,18,64,True,True,True
77909,2024,MA2,2,671393,240418,240418,923,Round 2,2024-05-26,Marc Giard-Larivière,936,The Quarries Disc Golf ,Blue Tees,61,18,1,09:20:00,59,-2,934,128,True,False,18,59,True,True,True
77909,2024,MA2,2,671393,151274,151274,894,Round 2,2024-05-26,Nick Norwood,,The Quarries Disc Golf ,Blue Tees,61,18,1,09:40:00,63,2,895,128,True,False,18,63,True,True,True
77909,2024,MA2,2,671393,227412,227412,860,Round 2,2024-05-26,Alex Emery,860,The Quarries Disc Golf ,Blue Tees,61,18,1,09:30:00,63,2,895,130,True,False,18,63,True,True,True
77909,2024,MA2,2,671393,221157,221157,908,Round 2,2024-05-26,Dylan Slick,915,The Quarries Disc Golf ,Blue Tees,61,18,3,09:30:00,62,1,905,131,True,False,18,62,True,True,True
77909,2024,MA2,2,671393,287102,287102,,Round 2,2024-05-26,Ethan Robie,919,The Quarries Disc Golf ,Blue Tees,61,18,1,09:10:00,65,4,876,135,True,False,18,65,True,True,True
77909,2024,MA2,2,671393,270720,270720,849,Round 2,2024-05-26,Justin Silva,,The Quarries Disc Golf ,Blue Tees,61,18,2,09:30:00,69,8,838,136,True,False,18,69,True,True,True
77909,2024,MA2,2,671393,259714,259714,850,Round 2,2024-05-26,Reece Cronin,,The Quarries Disc Golf ,Blue Tees,61,18,1,09:00:00,64,3,886,138,True,False,18,64,True,True,True
77909,2024,MA2,2,671393,244952,244952,827,Round 2,2024-05-26,Joshua Dezotell,895,The Quarries Disc Golf ,Blue Tees,61,18,4,09:20:00,68,7,847,138,True,False,18,68,True,True,True
77909,2024,MA2,2,671393,259718,259718,870,Round 2,2024-05-26,Kamden Cox,906,The Quarries Disc Golf ,Blue Tees,61,18,2,09:20:00,72,11,809,141,True,False,18,72,True,True,True
77909,2024,MA2,2,671393,278541,278541,877,Round 2,2024-05-26,Carter Langevin,,The Quarries Disc Golf ,Blue Tees,61,18,2,09:00:00,68,7,847,142,True,False,18,68,True,True,True
77909,2024,MA2,2,671393,285906,285906,742,Round 2,2024-05-26,Charles Whittemore,854,The Quarries Disc Golf ,Blue Tees,61,18,3,09:10:00,72,11,809,145,True,False,18,72,True,True,True
77909,2024,MA2,2,671393,256887,256887,793,Round 2,2024-05-26,Alex Gambero,812,The Quarries Disc Golf ,Blue Tees,61,18,2,09:10:00,74,13,790,147,True,False,18,74,True,True,True
77909,2024,MA2,2,671393,268458,268458,789,Round 2,2024-05-26,Demetrio Gagnon,810,The Quarries Disc Golf ,Blue Tees,61,18,3,09:00:00,69,8,838,151,True,False,18,69,True,True,True
77909,2024,MA2,2,671393,169600,169600,875,Round 2,2024-05-26,Trevor Bryce,901,The Quarries Disc Golf ,Blue Tees,61,18,,,,,,,True,True,0,,False,False,False
77909,2024,MA2,2,671393,17850,17850,854,Round 2,2024-05-26,Elliot Harik,878,The Quarries Disc Golf ,Blue Tees,61,18,,,,,,,True,True,0,,False,False,False
77909,2024,MA3,1,671394,258870,258870,878,Round 1,2024-05-26,Brad Vaughn,857,The Quarries Disc Golf ,White Tees,61,18,2,08:20:00,55,-6,919,117,True,False,18,55,True,True,True
77909,2024,MA3,1,671394,279372,279372,855,Round 1,2024-05-26,Cale Bombardier,920,The Quarries Disc Golf ,White Tees,61,18,4,08:00:00,56,-5,908,114,True,False,18,56,True,True,True
77909,2024,MA3,1,671394,166639,166639,850,Round 1,2024-05-26,Ryan Sweeney,883,The Quarries Disc Golf ,White Tees,61,18,1,08:10:00,57,-4,896,113,True,False,18,57,True,True,True
77909,2024,MA3,1,671394,166636,166636,849,Round 1,2024-05-26,Warren Bombardier,888,The Quarries Disc Golf ,White Tees,61,18,3,08:10:00,59,-2,874,121,True,False,18,59,True,True,True
77909,2024,MA3,1,671394,166633,166633,863,Round 1,2024-05-26,Joshua Martin,,The Quarries Disc Golf ,White Tees,61,18,2,08:00:00,60,-1,863,121,True,False,18,60,True,True,True
77909,2024,MA3,1,671394,140404,140404,836,Round 1,2024-05-26,Michael Perry,,The Quarries Disc Golf ,White Tees,61,18,4,08:20:00,62,1,840,121,True,False,18,62,True,True,True
77909,2024,MA3,1,671394,155933,155933,794,Round 1,2024-05-26,Mourning Fox,,The Quarries Disc Golf ,White Tees,61,18,1,08:20:00,63,2,829,135,True,False,18,63,True,True,True
77909,2024,MA3,1,671394,239719,239719,847,Round 1,2024-05-26,Thane Griswold,820,The Quarries Disc Golf ,White Tees,61,18,2,08:10:00,65,4,806,122,True,False,18,65,True,True,True
77909,2024,MA3,1,671394,261284,261284,801,Round 1,2024-05-26,Blake Martino,916,The Quarries Disc Golf ,White Tees,61,18,1,08:00:00,67,6,784,124,True,False,18,67,True,True,True
77909,2024,MA3,1,671394,288116,288116,,Round 1,2024-05-26,Mark Peterman,,The Quarries Disc Golf ,White Tees,61,18,3,08:00:00,67,6,784,133,True,False,18,67,True,True,True
77909,2024,MA3,1,671394,278723,278723,742,Round 1,2024-05-26,Jeffrey Poplawski,776,The Quarries Disc Golf ,White Tees,61,18,1,07:50:00,69,8,761,141,True,False,18,69,True,True,True
77909,2024,MA3,1,671394,260099,260099,,Round 1,2024-05-26,Tyler Davis,,The Quarries Disc Golf ,White Tees,61,18,3,08:20:00,70,9,750,134,True,False,18,70,True,True,True
77909,2024,MA3,1,671394,243670,243670,765,Round 1,2024-05-26,Jake Woodward,,The Quarries Disc Golf ,White Tees,61,18,2,07:50:00,71,10,739,138,True,False,18,71,True,True,True
77909,2024,MA3,2,671394,166639,166639,850,Round 2,2024-05-26,Ryan Sweeney,883,The Quarries Disc Golf ,White Tees,61,18,3,08:20:00,56,-5,908,113,True,False,18,56,True,True,True
77909,2024,MA3,2,671394,279372,279372,855,Round 2,2024-05-26,Cale Bombardier,920,The Quarries Disc Golf ,White Tees,61,18,2,08:20:00,58,-3,885,114,True,False,18,58,True,True,True
77909,2024,MA3,2,671394,258870,258870,878,Round 2,2024-05-26,Brad Vaughn,857,The Quarries Disc Golf ,White Tees,61,18,1,08:20:00,62,1,840,117,True,False,18,62,True,True,True
77909,2024,MA3,2,671394,140404,140404,836,Round 2,2024-05-26,Michael Perry,,The Quarries Disc Golf ,White Tees,61,18,2,08:10:00,59,-2,874,121,True,False,18,59,True,True,True
77909,2024,MA3,2,671394,166633,166633,863,Round 2,2024-05-26,Joshua Martin,,The Quarries Disc Golf ,White Tees,61,18,1,08:10:00,61,0,851,121,True,False,18,61,True,True,True
77909,2024,MA3,2,671394,166636,166636,849,Round 2,2024-05-26,Warren Bombardier,888,The Quarries Disc Golf ,White Tees,61,18,4,08:20:00,62,1,840,121,True,False,18,62,True,True,True
77909,2024,MA3,2,671394,239719,239719,847,Round 2,2024-05-26,Thane Griswold,820,The Quarries Disc Golf ,White Tees,61,18,4,08:10:00,57,-4,896,122,True,False,18,57,True,True,True
77909,2024,MA3,2,671394,261284,261284,801,Round 2,2024-05-26,Blake Martino,916,The Quarries Disc Golf ,White Tees,61,18,1,08:00:00,57,-4,896,124,True,False,18,57,True,True,True
77909,2024,MA3,2,671394,288116,288116,,Round 2,2024-05-26,Mark Peterman,,The Quarries Disc Golf ,White Tees,61,18,2,08:00:00,66,5,795,133,True,False,18,66,True,True,True
77909,2024,MA3,2,671394,260099,260099,,Round 2,2024-05-26,Tyler Davis,,The Quarries Disc Golf ,White Tees,61,18,2,07:50:00,64,3,817,134,True,False,18,64,True,True,True
77909,2024,MA3,2,671394,155933,155933,794,Round 2,2024-05-26,Mourning Fox,,The Quarries Disc Golf ,White Tees,61,18,3,08:10:00,72,11,727,135,True,False,18,72,True,True,True
77909,2024,MA3,2,671394,243670,243670,765,Round 2,2024-05-26,Jake Woodward,,The Quarries Disc Golf ,White Tees,61,18,3,07:50:00,67,6,784,138,True,False,18,67,True,True,True
77909,2024,MA3,2,671394,278723,278723,742,Round 2,2024-05-26,Jeffrey Poplawski,776,The Quarries Disc Golf ,White Tees,61,18,3,08:00:00,72,11,727,141,True,False,18,72,True,True,True
77909,2024,MA40,1,671393,221225,221225,900,Round 1,2024-05-26,James Winny,906,The Quarries Disc Golf ,Blue Tees,61,18,1,11:10:00,60,-1,924,123,True,False,18,60,True,True,True
77909,2024,MA40,1,671393,73588,73588,900,Round 1,2024-05-26,Will Cleland,910,The Quarries Disc Golf ,Blue Tees,61,18,2,10:40:00,63,2,895,126,True,False,18,63,True,True,True
77909,2024,MA40,1,671393,36062,36062,807,Round 1,2024-05-26,Andrew Powell,852,The Quarries Disc Golf ,Blue Tees,61,18,3,10:50:00,65,4,876,126,True,False,18,65,True,True,True
77909,2024,MA40,1,671393,84935,84935,879,Round 1,2024-05-26,Droo Fisher,866,The Quarries Disc Golf ,Blue Tees,61,18,3,11:00:00,65,4,876,131,True,False,18,65,True,True,True
77909,2024,MA40,1,671393,91094,91094,896,Round 1,2024-05-26,Travis Winkleman,,The Quarries Disc Golf ,Blue Tees,61,18,4,11:00:00,66,5,866,131,True,False,18,66,True,True,True
77909,2024,MA40,1,671393,268865,268865,826,Round 1,2024-05-26,Joseph Noury,,The Quarries Disc Golf ,Blue Tees,61,18,2,11:00:00,67,6,857,132,True,False,18,67,True,True,True
77909,2024,MA40,1,671393,205696,205696,863,Round 1,2024-05-26,Matthew Smith,856,The Quarries Disc Golf ,Blue Tees,61,18,2,10:50:00,68,7,847,131,True,False,18,68,True,True,True
77909,2024,MA40,1,671393,96296,96296,755,Round 1,2024-05-26,Phil Christian,,The Quarries Disc Golf ,Blue Tees,61,18,1,10:50:00,70,9,828,142,True,False,18,70,True,True,True
77909,2024,MA40,1,671393,216349,216349,864,Round 1,2024-05-26,Justin Bassett,879,The Quarries Disc Golf ,Blue Tees,61,18,4,10:50:00,70,9,828,141,True,False,18,70,True,True,True
77909,2024,MA40,1,671393,256715,256715,861,Round 1,2024-05-26,Parker Shper,,The Quarries Disc Golf ,Blue Tees,61,18,1,10:40:00,72,11,809,140,True,False,18,72,True,True,True
77909,2024,MA40,1,671393,84811,84811,773,Round 1,2024-05-26,Nick Young,,The Quarries Disc Golf ,Blue Tees,61,18,1,11:00:00,75,14,780,152,True,False,18,75,True,True,True
77909,2024,MA40,1,671393,229229,229229,860,Round 1,2024-05-26,Daren Austin,,The Quarries Disc Golf ,Blue Tees,61,18,3,10:40:00,76,15,770,148,True,False,18,76,True,True,True
77909,2024,MA40,1,671393,174749,174749,,Round 1,2024-05-26,Justus Keith,,The Quarries Disc Golf ,Blue Tees,61,18,2,11:10:00,77,16,761,151,True,False,18,77,True,True,True
77909,2024,MA40,2,671393,221225,221225,900,Round 2,2024-05-26,James Winny,906,The Quarries Disc Golf ,Blue Tees,61,18,1,10:50:00,63,2,895,123,True,False,18,63,True,True,True
77909,2024,MA40,2,671393,36062,36062,807,Round 2,2024-05-26,Andrew Powell,852,The Quarries Disc Golf ,Blue Tees,61,18,3,10:50:00,61,0,915,126,True,False,18,61,True,True,True
77909,2024,MA40,2,671393,73588,73588,900,Round 2,2024-05-26,Will Cleland,910,The Quarries Disc Golf ,Blue Tees,61,18,2,10:50:00,63,2,895,126,True,False,18,63,True,True,True
77909,2024,MA40,2,671393,205696,205696,863,Round 2,2024-05-26,Matthew Smith,856,The Quarries Disc Golf ,Blue Tees,61,18,3,10:40:00,63,2,895,131,True,False,18,63,True,True,True
77909,2024,MA40,2,671393,91094,91094,896,Round 2,2024-05-26,Travis Winkleman,,The Quarries Disc Golf ,Blue Tees,61,18,1,10:40:00,65,4,876,131,True,False,18,65,True,True,True
77909,2024,MA40,2,671393,84935,84935,879,Round 2,2024-05-26,Droo Fisher,866,The Quarries Disc Golf ,Blue Tees,61,18,4,10:50:00,66,5,866,131,True,False,18,66,True,True,True
77909,2024,MA40,2,671393,268865,268865,826,Round 2,2024-05-26,Joseph Noury,,The Quarries Disc Golf ,Blue Tees,61,18,2,10:40:00,65,4,876,132,True,False,18,65,True,True,True
77909,2024,MA40,2,671393,256715,256715,861,Round 2,2024-05-26,Parker Shper,,The Quarries Disc Golf ,Blue Tees,61,18,3,10:30:00,68,7,847,140,True,False,18,68,True,True,True
77909,2024,MA40,2,671393,216349,216349,864,Round 2,2024-05-26,Justin Bassett,879,The Quarries Disc Golf ,Blue Tees,61,18,2,10:30:00,71,10,818,141,True,False,18,71,True,True,True
77909,2024,MA40,2,671393,96296,96296,755,Round 2,2024-05-26,Phil Christian,,The Quarries Disc Golf ,Blue Tees,61,18,1,10:30:00,72,11,809,142,True,False,18,72,True,True,True
77909,2024,MA40,2,671393,229229,229229,860,Round 2,2024-05-26,Daren Austin,,The Quarries Disc Golf ,Blue Tees,61,18,2,10:20:00,72,11,809,148,True,False,18,72,True,True,True
77909,2024,MA40,2,671393,174749,174749,,Round 2,2024-05-26,Justus Keith,,The Quarries Disc Golf ,Blue Tees,61,18,3,10:20:00,74,13,790,151,True,False,18,74,True,True,True
77909,2024,MA40,2,671393,84811,84811,773,Round 2,2024-05-26,Nick Young,,The Quarries Disc Golf ,Blue Tees,61,18,1,10:20:00,77,16,761,152,True,False,18,77,True,True,True
77909,2024,MA50,1,671393,176159,176159,906,Round 1,2024-05-26,Guy Norwood,,The Quarries Disc Golf ,Blue Tees,61,18,1,10:20:00,59,-2,934,118,True,False,18,59,True,True,True
77909,2024,MA50,1,671393,251178,251178,870,Round 1,2024-05-26,Dan Rico,876,The Quarries Disc Golf ,Blue Tees,61,18,3,10:20:00,65,4,876,130,True,False,18,65,True,True,True
77909,2024,MA50,1,671393,235035,235035,883,Round 1,2024-05-26,Paul Seyler,908,The Quarries Disc Golf ,Blue Tees,61,18,2,10:20:00,70,9,828,137,True,False,18,70,True,True,True
77909,2024,MA50,2,671393,176159,176159,906,Round 2,2024-05-26,Guy Norwood,,The Quarries Disc Golf ,Blue Tees,61,18,1,11:00:00,59,-2,934,118,True,False,18,59,True,True,True
77909,2024,MA50,2,671393,251178,251178,870,Round 2,2024-05-26,Dan Rico,876,The Quarries Disc Golf ,Blue Tees,61,18,2,11:00:00,65,4,876,130,True,False,18,65,True,True,True
77909,2024,MA50,2,671393,235035,235035,883,Round 2,2024-05-26,Paul Seyler,908,The Quarries Disc Golf ,Blue Tees,61,18,3,11:00:00,67,6,857,137,True,False,18,67,True,True,True
77909,2024,MA60,1,671393,91301,91301,892,Round 1,2024-05-26,Michael A. Stridsberg,898,The Quarries Disc Golf ,Blue Tees,61,18,1,10:30:00,59,-2,934,123,True,False,18,59,True,True,True
77909,2024,MA60,1,671393,4687,4687,884,Round 1,2024-05-26,Tim Herbert,917,The Quarries Disc Golf ,Blue Tees,61,18,3,10:30:00,62,1,905,125,True,False,18,62,True,True,True
77909,2024,MA60,1,671393,130713,130713,875,Round 1,2024-05-26,Ian Martin,902,The Quarries Disc Golf ,Blue Tees,61,18,2,10:30:00,66,5,866,133,True,False,18,66,True,True,True
77909,2024,MA60,1,671393,248502,248502,775,Round 1,2024-05-26,Christian Andresen,846,The Quarries Disc Golf ,Blue Tees,61,18,3,11:10:00,78,17,751,151,True,False,18,78,True,True,True
77909,2024,MA60,1,671393,140345,140345,829,Round 1,2024-05-26,Charles Abry,,The Quarries Disc Golf ,Blue Tees,61,18,4,11:10:00,56,938,,,True,False,13,56,False,True,False
77909,2024,MA60,2,671393,91301,91301,892,Round 2,2024-05-26,Michael A. Stridsberg,898,The Quarries Disc Golf ,Blue Tees,61,18,1,11:10:00,64,3,886,123,True,False,18,64,True,True,True
77909,2024,MA60,2,671393,4687,4687,884,Round 2,2024-05-26,Tim Herbert,917,The Quarries Disc Golf ,Blue Tees,61,18,2,11:10:00,63,2,895,125,True,False,18,63,True,True,True
77909,2024,MA60,2,671393,130713,130713,875,Round 2,2024-05-26,Ian Martin,902,The Quarries Disc Golf ,Blue Tees,61,18,3,11:10:00,67,6,857,133,True,False,18,67,True,True,True
77909,2024,MA60,2,671393,248502,248502,775,Round 2,2024-05-26,Christian Andresen,846,The Quarries Disc Golf ,Blue Tees,61,18,4,11:10:00,73,12,799,151,True,False,18,73,True,True,True
77909,2024,MA60,2,671393,140345,140345,829,Round 2,2024-05-26,Charles Abry,,The Quarries Disc Golf ,Blue Tees,61,18,,,0,0,,,True,False,0,,False,False,False
77909,2024,MJ15,1,671394,228201,228201,790,Round 1,2024-05-26,Waylon Spring,883,The Quarries Disc Golf ,White Tees,61,18,3,07:50:00,60,-1,863,120,True,False,18,60,True,True,True
77909,2024,MJ15,2,671394,228201,228201,790,Round 2,2024-05-26,Waylon Spring,883,The Quarries Disc Golf ,White Tees,61,18,1,07:50:00,60,-1,863,120,True,False,18,60,True,True,True
77909,2024,MP40,1,671393,22318,22318,967,Round 1,2024-05-26,Aaron Smartt,965,The Quarries Disc Golf ,Blue Tees,61,18,2,13:40:00,58,-3,943,114,True,False,18,58,True,True,True
77909,2024,MP40,1,671393,93414,93414,950,Round 1,2024-05-26,Joshua Lemieux,961,The Quarries Disc Golf ,Blue Tees,61,18,1,13:40:00,58,-3,943,115,True,False,18,58,True,True,True
77909,2024,MP40,1,671393,24381,24381,944,Round 1,2024-05-26,Chris Young,937,The Quarries Disc Golf ,Blue Tees,61,18,3,13:40:00,59,-2,934,120,True,False,18,59,True,True,True
77909,2024,MP40,1,671393,110289,110289,931,Round 1,2024-05-26,Frank Wruk,945,The Quarries Disc Golf ,Blue Tees,61,18,4,13:10:00,59,-2,934,120,True,False,18,59,True,True,True
77909,2024,MP40,1,671393,193211,193211,941,Round 1,2024-05-26,Greg Babbin,933,The Quarries Disc Golf ,Blue Tees,61,18,1,13:20:00,59,-2,934,116,True,False,18,59,True,True,True
77909,2024,MP40,1,671393,96621,96621,945,Round 1,2024-05-26,Jeremy McKittrick,932,The Quarries Disc Golf ,Blue Tees,61,18,3,13:30:00,60,-1,924,118,True,False,18,60,True,True,True
77909,2024,MP40,1,671393,166239,166239,937,Round 1,2024-05-26,Tom Raub,958,The Quarries Disc Golf ,Blue Tees,61,18,2,13:30:00,60,-1,924,120,True,False,18,60,True,True,True
77909,2024,MP40,1,671393,189489,189489,945,Round 1,2024-05-26,Joshua Niss,937,The Quarries Disc Golf ,Blue Tees,61,18,4,13:30:00,61,0,915,120,True,False,18,61,True,True,True
77909,2024,MP40,1,671393,83212,83212,908,Round 1,2024-05-26,Cory Barron,885,The Quarries Disc Golf ,Blue Tees,61,18,4,13:40:00,63,2,895,125,True,False,18,63,True,True,True
77909,2024,MP40,1,671393,159476,159476,909,Round 1,2024-05-26,James Lightholder,899,The Quarries Disc Golf ,Blue Tees,61,18,1,13:30:00,63,2,895,126,True,False,18,63,True,True,True
77909,2024,MP40,1,671393,109527,109527,877,Round 1,2024-05-26,Mike Wenzel,901,The Quarries Disc Golf ,Blue Tees,61,18,3,13:20:00,64,3,886,139,True,False,18,64,True,True,True
77909,2024,MP40,1,671393,274055,274055,,Round 1,2024-05-26,Michael Briggs,,The Quarries Disc Golf ,Blue Tees,61,18,4,13:20:00,67,6,857,127,True,False,18,67,True,True,True
77909,2024,MP40,1,671393,49282,49282,917,Round 1,2024-05-26,Justin DeVico,931,The Quarries Disc Golf ,Blue Tees,61,18,2,13:20:00,77,16,761,,True,False,18,77,True,True,True
77909,2024,MP40,2,671393,22318,22318,967,Round 2,2024-05-26,Aaron Smartt,965,The Quarries Disc Golf ,Blue Tees,61,18,1,13:30:00,56,-5,963,114,True,False,18,56,True,True,True
77909,2024,MP40,2,671393,93414,93414,950,Round 2,2024-05-26,Joshua Lemieux,961,The Quarries Disc Golf ,Blue Tees,61,18,2,13:30:00,57,-4,953,115,True,False,18,57,True,True,True
77909,2024,MP40,2,671393,193211,193211,941,Round 2,2024-05-26,Greg Babbin,933,The Quarries Disc Golf ,Blue Tees,61,18,1,13:20:00,57,-4,953,116,True,False,18,57,True,True,True
77909,2024,MP40,2,671393,96621,96621,945,Round 2,2024-05-26,Jeremy McKittrick,932,The Quarries Disc Golf ,Blue Tees,61,18,2,13:20:00,58,-3,943,118,True,False,18,58,True,True,True
77909,2024,MP40,2,671393,189489,189489,945,Round 2,2024-05-26,Joshua Niss,937,The Quarries Disc Golf ,Blue Tees,61,18,4,13:20:00,59,-2,934,120,True,False,18,59,True,True,True
77909,2024,MP40,2,671393,166239,166239,937,Round 2,2024-05-26,Tom Raub,958,The Quarries Disc Golf ,Blue Tees,61,18,3,13:20:00,60,-1,924,120,True,False,18,60,True,True,True
77909,2024,MP40,2,671393,24381,24381,944,Round 2,2024-05-26,Chris Young,937,The Quarries Disc Golf ,Blue Tees,61,18,3,13:30:00,61,0,915,120,True,False,18,61,True,True,True
77909,2024,MP40,2,671393,110289,110289,931,Round 2,2024-05-26,Frank Wruk,945,The Quarries Disc Golf ,Blue Tees,61,18,4,13:30:00,61,0,915,120,True,False,18,61,True,True,True
77909,2024,MP40,2,671393,83212,83212,908,Round 2,2024-05-26,Cory Barron,885,The Quarries Disc Golf ,Blue Tees,61,18,1,13:10:00,62,1,905,125,True,False,18,62,True,True,True
77909,2024,MP40,2,671393,159476,159476,909,Round 2,2024-05-26,James Lightholder,899,The Quarries Disc Golf ,Blue Tees,61,18,2,13:10:00,63,2,895,126,True,False,18,63,True,True,True
77909,2024,MP40,2,671393,274055,274055,,Round 2,2024-05-26,Michael Briggs,,The Quarries Disc Golf ,Blue Tees,61,18,4,13:10:00,60,-1,924,127,True,False,18,60,True,True,True
77909,2024,MP40,2,671393,109527,109527,877,Round 2,2024-05-26,Mike Wenzel,901,The Quarries Disc Golf ,Blue Tees,61,18,3,13:10:00,75,14,780,139,True,False,18,75,True,True,True
77909,2024,MP40,2,671393,49282,49282,917,Round 2,2024-05-26,Justin DeVico,931,The Quarries Disc Golf ,Blue Tees,61,18,,,,,,,True,True,0,,False,False,False
77909,2024,MP50,1,671393,226424,226424,884,Round 1,2024-05-26,Eric Potter,890,The Quarries Disc Golf ,Blue Tees,61,18,5,13:00:00,61,0,915,122,True,False,18,61,True,True,True
77909,2024,MP50,1,671393,84880,84880,905,Round 1,2024-05-26,Marcos Miller,,The Quarries Disc Golf ,Blue Tees,61,18,1,13:10:00,62,1,905,121,True,False,18,62,True,True,True
77909,2024,MP50,1,671393,120692,120692,897,Round 1,2024-05-26,Corey Johnson,911,The Quarries Disc Golf ,Blue Tees,61,18,2,13:10:00,64,3,886,125,True,False,18,64,True,True,True
77909,2024,MP50,1,671393,223480,223480,872,Round 1,2024-05-26,Marc Kirkpatrick,879,The Quarries Disc Golf ,Blue Tees,61,18,3,13:00:00,67,6,857,132,True,False,18,67,True,True,True
77909,2024,MP50,2,671393,84880,84880,905,Round 2,2024-05-26,Marcos Miller,,The Quarries Disc Golf ,Blue Tees,61,18,2,13:00:00,59,-2,934,121,True,False,18,59,True,True,True
77909,2024,MP50,2,671393,226424,226424,884,Round 2,2024-05-26,Eric Potter,890,The Quarries Disc Golf ,Blue Tees,61,18,1,13:00:00,61,0,915,122,True,False,18,61,True,True,True
77909,2024,MP50,2,671393,120692,120692,897,Round 2,2024-05-26,Corey Johnson,911,The Quarries Disc Golf ,Blue Tees,61,18,3,13:00:00,61,0,915,125,True,False,18,61,True,True,True
77909,2024,MP50,2,671393,223480,223480,872,Round 2,2024-05-26,Marc Kirkpatrick,879,The Quarries Disc Golf ,Blue Tees,61,18,4,13:00:00,65,4,876,132,True,False,18,65,True,True,True
77909,2024,MPO,1,671393,43527,43527,965,Round 1,2024-05-26,Kyle Sawtelle,939,The Quarries Disc Golf ,Blue Tees,61,18,1,14:50:00,52,-9,1001,108,True,False,18,52,True,True,True
77909,2024,MPO,1,671393,164158,164158,975,Round 1,2024-05-26,Alex Raub,,The Quarries Disc Golf ,Blue Tees,61,18,3,14:40:00,54,-7,982,108,True,False,18,54,True,True,True
77909,2024,MPO,1,671393,252153,252153,915,Round 1,2024-05-26,Tyler Pelkey,,The Quarries Disc Golf ,Blue Tees,61,18,4,14:40:00,55,-6,972,114,True,False,18,55,True,True,True
77909,2024,MPO,1,671393,91216,91216,956,Round 1,2024-05-26,Chris Spear,932,The Quarries Disc Golf ,Blue Tees,61,18,3,13:50:00,56,-5,963,115,True,False,18,56,True,True,True
77909,2024,MPO,1,671393,103627,103627,984,Round 1,2024-05-26,Clayton Davis,,The Quarries Disc Golf ,Blue Tees,61,18,4,14:20:00,56,-5,963,112,True,False,18,56,True,True,True
77909,2024,MPO,1,671393,109086,109086,949,Round 1,2024-05-26,Aaron Schlossberg,947,The Quarries Disc Golf ,Blue Tees,61,18,2,14:30:00,56,-5,963,113,True,False,18,56,True,True,True
77909,2024,MPO,1,671393,187845,187845,936,Round 1,2024-05-26,Shane Seals,962,The Quarries Disc Golf ,Blue Tees,61,18,2,14:00:00,56,-5,963,111,True,False,18,56,True,True,True
77909,2024,MPO,1,671393,85970,85970,953,Round 1,2024-05-26,Ben Drogue,966,The Quarries Disc Golf ,Blue Tees,61,18,2,14:50:00,57,-4,953,116,True,False,18,57,True,True,True
77909,2024,MPO,1,671393,94450,94450,957,Round 1,2024-05-26,Brendan Rollins,958,The Quarries Disc Golf ,Blue Tees,61,18,1,14:00:00,57,-4,953,109,True,False,18,57,True,True,True
77909,2024,MPO,1,671393,121362,121362,952,Round 1,2024-05-26,Jonathan Russo,951,The Quarries Disc Golf ,Blue Tees,61,18,1,14:10:00,57,-4,953,112,True,False,18,57,True,True,True
77909,2024,MPO,1,671393,142744,142744,963,Round 1,2024-05-26,Abel German,974,The Quarries Disc Golf ,Blue Tees,61,18,4,14:30:00,58,-3,943,115,True,False,18,58,True,True,True
77909,2024,MPO,1,671393,221449,221449,900,Round 1,2024-05-26,Shane Proctor,885,The Quarries Disc Golf ,Blue Tees,61,18,1,14:40:00,58,-3,943,122,True,False,18,58,True,True,True
77909,2024,MPO,1,671393,100885,100885,963,Round 1,2024-05-26,Jacob Moore,945,The Quarries Disc Golf ,Blue Tees,61,18,1,14:20:00,59,-2,934,114,True,False,18,59,True,True,True
77909,2024,MPO,1,671393,101829,101829,934,Round 1,2024-05-26,Joshua Storgaard,,The Quarries Disc Golf ,Blue Tees,61,18,1,14:30:00,59,-2,934,117,True,False,18,59,True,True,True
77909,2024,MPO,1,671393,125328,125328,936,Round 1,2024-05-26,Dana Carpenter,,The Quarries Disc Golf ,Blue Tees,61,18,4,14:10:00,59,-2,934,116,True,False,18,59,True,True,True
77909,2024,MPO,1,671393,161510,161510,912,Round 1,2024-05-26,TJ Rubin,919,The Quarries Disc Golf ,Blue Tees,61,18,4,14:00:00,59,-2,934,117,True,False,18,59,True,True,True
77909,2024,MPO,1,671393,164118,164118,929,Round 1,2024-05-26,Fred Longchamp,945,The Quarries Disc Golf ,Blue Tees,61,18,4,14:50:00,59,-2,934,117,True,False,18,59,True,True,True
77909,2024,MPO,1,671393,118928,118928,959,Round 1,2024-05-26,Tyler Pomichter,926,The Quarries Disc Golf ,Blue Tees,61,18,3,14:50:00,60,-1,924,122,True,False,18,60,True,True,True
77909,2024,MPO,1,671393,131201,131201,930,Round 1,2024-05-26,Tyler LaPerle,973,The Quarries Disc Golf ,Blue Tees,61,18,2,14:20:00,60,-1,924,115,True,False,18,60,True,True,True
77909,2024,MPO,1,671393,136903,136903,960,Round 1,2024-05-26,Alex Ferguson,957,The Quarries Disc Golf ,Blue Tees,61,18,2,14:10:00,61,0,915,121,True,False,18,61,True,True,True
77909,2024,MPO,1,671393,175583,175583,906,Round 1,2024-05-26,Rob Salter,948,The Quarries Disc Golf ,Blue Tees,61,18,3,14:10:00,61,0,915,127,True,False,18,61,True,True,True
77909,2024,MPO,1,671393,186868,186868,906,Round 1,2024-05-26,David Hojnowski,,The Quarries Disc Golf ,Blue Tees,61,18,1,13:50:00,61,0,915,119,True,False,18,61,True,True,True
77909,2024,MPO,1,671393,109051,109051,891,Round 1,2024-05-26,Taylor Jones,866,The Quarries Disc Golf ,Blue Tees,61,18,3,14:00:00,62,1,905,124,True,False,18,62,True,True,True
77909,2024,MPO,1,671393,168047,168047,882,Round 1,2024-05-26,Jim Desisto,915,The Quarries Disc Golf ,Blue Tees,61,18,2,13:50:00,62,1,905,122,True,False,18,62,True,True,True
77909,2024,MPO,1,671393,223671,223671,933,Round 1,2024-05-26,Brendan Van Tuinen,942,The Quarries Disc Golf ,Blue Tees,61,18,3,14:20:00,62,1,905,124,True,False,18,62,True,True,True
77909,2024,MPO,1,671393,136937,136937,923,Round 1,2024-05-26,Zach Bossier,,The Quarries Disc Golf ,Blue Tees,61,18,2,14:40:00,64,3,886,123,True,False,18,64,True,True,True
77909,2024,MPO,1,671393,106970,106970,873,Round 1,2024-05-26,Stefan Farrell,852,The Quarries Disc Golf ,Blue Tees,61,18,3,14:30:00,65,4,876,134,True,False,18,65,True,True,True
77909,2024,MPO,2,671393,164158,164158,975,Round 2,2024-05-26,Alex Raub,,The Quarries Disc Golf ,Blue Tees,61,18,2,14:40:00,54,-7,982,108,True,False,18,54,True,True,True
77909,2024,MPO,2,671393,43527,43527,965,Round 2,2024-05-26,Kyle Sawtelle,939,The Quarries Disc Golf ,Blue Tees,61,18,1,14:40:00,56,-5,963,108,True,False,18,56,True,True,True
77909,2024,MPO,2,671393,94450,94450,957,Round 2,2024-05-26,Brendan Rollins,958,The Quarries Disc Golf ,Blue Tees,61,18,1,14:20:00,52,-9,1001,109,True,False,18,52,True,True,True
77909,2024,MPO,2,671393,187845,187845,936,Round 2,2024-05-26,Shane Seals,962,The Quarries Disc Golf ,Blue Tees,61,18,3,14:30:00,55,-6,972,111,True,False,18,55,True,True,True
77909,2024,MPO,2,671393,121362,121362,952,Round 2,2024-05-26,Jonathan Russo,951,The Quarries Disc Golf ,Blue Tees,61,18,2,14:20:00,55,-6,972,112,True,False,18,55,True,True,True
77909,2024,MPO,2,671393,103627,103627,984,Round 2,2024-05-26,Clayton Davis,,The Quarries Disc Golf ,Blue Tees,61,18,1,14:30:00,56,-5,963,112,True,False,18,56,True,True,True
77909,2024,MPO,2,671393,109086,109086,949,Round 2,2024-05-26,Aaron Schlossberg,947,The Quarries Disc Golf ,Blue Tees,61,18,2,14:30:00,57,-4,953,113,True,False,18,57,True,True,True
77909,2024,MPO,2,671393,100885,100885,963,Round 2,2024-05-26,Jacob Moore,945,The Quarries Disc Golf ,Blue Tees,61,18,1,14:10:00,55,-6,972,114,True,False,18,55,True,True,True
77909,2024,MPO,2,671393,252153,252153,915,Round 2,2024-05-26,Tyler Pelkey,,The Quarries Disc Golf ,Blue Tees,61,18,3,14:40:00,59,-2,934,114,True,False,18,59,True,True,True
77909,2024,MPO,2,671393,131201,131201,930,Round 2,2024-05-26,Tyler LaPerle,973,The Quarries Disc Golf ,Blue Tees,61,18,3,14:00:00,55,-6,972,115,True,False,18,55,True,True,True
77909,2024,MPO,2,671393,142744,142744,963,Round 2,2024-05-26,Abel German,974,The Quarries Disc Golf ,Blue Tees,61,18,3,14:20:00,57,-4,953,115,True,False,18,57,True,True,True
77909,2024,MPO,2,671393,91216,91216,956,Round 2,2024-05-26,Chris Spear,932,The Quarries Disc Golf ,Blue Tees,61,18,4,14:40:00,59,-2,934,115,True,False,18,59,True,True,True
77909,2024,MPO,2,671393,125328,125328,936,Round 2,2024-05-26,Dana Carpenter,,The Quarries Disc Golf ,Blue Tees,61,18,3,14:10:00,57,-4,953,116,True,False,18,57,True,True,True
77909,2024,MPO,2,671393,85970,85970,953,Round 2,2024-05-26,Ben Drogue,966,The Quarries Disc Golf ,Blue Tees,61,18,4,14:30:00,59,-2,934,116,True,False,18,59,True,True,True
77909,2024,MPO,2,671393,101829,101829,934,Round 2,2024-05-26,Joshua Storgaard,,The Quarries Disc Golf ,Blue Tees,61,18,2,14:10:00,58,-3,943,117,True,False,18,58,True,True,True
77909,2024,MPO,2,671393,161510,161510,912,Round 2,2024-05-26,TJ Rubin,919,The Quarries Disc Golf ,Blue Tees,61,18,4,14:10:00,58,-3,943,117,True,False,18,58,True,True,True
77909,2024,MPO,2,671393,164118,164118,929,Round 2,2024-05-26,Fred Longchamp,945,The Quarries Disc Golf ,Blue Tees,61,18,1,14:00:00,58,-3,943,117,True,False,18,58,True,True,True
77909,2024,MPO,2,671393,186868,186868,906,Round 2,2024-05-26,David Hojnowski,,The Quarries Disc Golf ,Blue Tees,61,18,2,13:50:00,58,-3,943,119,True,False,18,58,True,True,True
77909,2024,MPO,2,671393,136903,136903,960,Round 2,2024-05-26,Alex Ferguson,957,The Quarries Disc Golf ,Blue Tees,61,18,4,14:00:00,60,-1,924,121,True,False,18,60,True,True,True
77909,2024,MPO,2,671393,168047,168047,882,Round 2,2024-05-26,Jim Desisto,915,The Quarries Disc Golf ,Blue Tees,61,18,4,13:50:00,60,-1,924,122,True,False,18,60,True,True,True
77909,2024,MPO,2,671393,118928,118928,959,Round 2,2024-05-26,Tyler Pomichter,926,The Quarries Disc Golf ,Blue Tees,61,18,2,14:00:00,62,1,905,122,True,False,18,62,True,True,True
77909,2024,MPO,2,671393,221449,221449,900,Round 2,2024-05-26,Shane Proctor,885,The Quarries Disc Golf ,Blue Tees,61,18,4,14:20:00,64,3,886,122,True,False,18,64,True,True,True
77909,2024,MPO,2,671393,136937,136937,923,Round 2,2024-05-26,Zach Bossier,,The Quarries Disc Golf ,Blue Tees,61,18,2,13:40:00,59,-2,934,123,True,False,18,59,True,True,True
77909,2024,MPO,2,671393,109051,109051,891,Round 2,2024-05-26,Taylor Jones,866,The Quarries Disc Golf ,Blue Tees,61,18,3,13:50:00,62,1,905,124,True,False,18,62,True,True,True
77909,2024,MPO,2,671393,223671,223671,933,Round 2,2024-05-26,Brendan Van Tuinen,942,The Quarries Disc Golf ,Blue Tees,61,18,1,13:40:00,62,1,905,124,True,False,18,62,True,True,True
77909,2024,MPO,2,671393,175583,175583,906,Round 2,2024-05-26,Rob Salter,948,The Quarries Disc Golf ,Blue Tees,61,18,1,13:50:00,66,5,866,127,True,False,18,66,True,True,True
77909,2024,MPO,2,671393,106970,106970,873,Round 2,2024-05-26,Stefan Farrell,852,The Quarries Disc Golf ,Blue Tees,61,18,3,13:40:00,69,8,838,134,True,False,18,69,True,True,True
77695,2024,FA1,1,673848,228248,228248,779,Round 1,2024-06-09,Isza Parchini,802,Center Chains DGC at Hope A. Davey Park,Blue Tees,54,18,3,11:30:00,60,6,833,122,True,False,18,60,True,True,True
77695,2024,FA1,1,673848,125884,125884,829,Round 1,2024-06-09,Kaidence Moore,809,Center Chains DGC at Hope A. Davey Park,Blue Tees,54,18,1,11:30:00,63,9,797,123,True,False,18,63,True,True,True
77695,2024,FA1,1,673848,282534,282534,742,Round 1,2024-06-09,Kayla Neumeister,752,Center Chains DGC at Hope A. Davey Park,Blue Tees,54,18,4,11:30:00,69,15,724,136,True,False,18,69,True,True,True
77695,2024,FA1,1,673848,150234,150234,784,Round 1,2024-06-09,Erica Randall,,Center Chains DGC at Hope A. Davey Park,Blue Tees,54,18,2,11:30:00,72,18,688,136,True,False,18,72,True,True,True
77695,2024,FA1,2,673848,228248,228248,779,Round 2,2024-06-09,Isza Parchini,802,Center Chains DGC at Hope A. Davey Park,Blue Tees,54,18,1,12:00:00,62,8,809,122,True,False,18,62,True,True,True
77695,2024,FA1,2,673848,125884,125884,829,Round 2,2024-06-09,Kaidence Moore,809,Center Chains DGC at Hope A. Davey Park,Blue Tees,54,18,2,12:00:00,60,6,833,123,True,False,18,60,True,True,True
77695,2024,FA1,2,673848,150234,150234,784,Round 2,2024-06-09,Erica Randall,,Center Chains DGC at Hope A. Davey Park,Blue Tees,54,18,4,12:00:00,64,10,785,136,True,False,18,64,True,True,True
77695,2024,FA1,2,673848,282534,282534,742,Round 2,2024-06-09,Kayla Neumeister,752,Center Chains DGC at Hope A. Davey Park,Blue Tees,54,18,3,12:00:00,67,13,749,136,True,False,18,67,True,True,True
77695,2024,FA2,1,673849,243272,243272,666,Round 1,2024-06-09,Cadie Wells-Robinson,730,Center Chains DGC at Hope A. Davey Park,White Tees,54,18,3,07:50:00,64,10,696,121,True,False,18,64,True,True,True
77695,2024,FA2,2,673849,243272,243272,666,Round 2,2024-06-09,Cadie Wells-Robinson,730,Center Chains DGC at Hope A. Davey Park,White Tees,54,18,1,09:20:00,57,3,794,121,True,False,18,57,True,True,True
77695,2024,FA3,1,673849,288115,288115,,Round 1,2024-06-09,Kayla Findish,,Center Chains DGC at Hope A. Davey Park,White Tees,54,18,1,09:00:00,59,5,766,120,True,False,18,59,True,True,True
77695,2024,FA3,1,673849,277475,277475,641,Round 1,2024-06-09,Erin Rice,727,Center Chains DGC at Hope A. Davey Park,White Tees,54,18,2,09:00:00,63,9,710,125,True,False,18,63,True,True,True
77695,2024,FA3,1,673849,278389,278389,532,Round 1,2024-06-09,Jessica Davenport,766,Center Chains DGC at Hope A. Davey Park,White Tees,54,18,3,09:00:00,66,12,668,129,True,False,18,66,True,True,True
77695,2024,FA3,1,673849,228978,228978,469,Round 1,2024-06-09,Nicole Meyer,,Center Chains DGC at Hope A. Davey Park,White Tees,54,18,4,09:00:00,75,21,542,149,True,False,18,75,True,True,True
77695,2024,FA3,2,673849,288115,288115,,Round 2,2024-06-09,Kayla Findish,,Center Chains DGC at Hope A. Davey Park,White Tees,54,18,1,09:10:00,61,7,738,120,True,False,18,61,True,True,True
77695,2024,FA3,2,673849,277475,277475,641,Round 2,2024-06-09,Erin Rice,727,Center Chains DGC at Hope A. Davey Park,White Tees,54,18,2,09:10:00,62,8,724,125,True,False,18,62,True,True,True
77695,2024,FA3,2,673849,278389,278389,532,Round 2,2024-06-09,Jessica Davenport,766,Center Chains DGC at Hope A. Davey Park,White Tees,54,18,3,09:10:00,63,9,710,129,True,False,18,63,True,True,True
77695,2024,FA3,2,673849,228978,228978,469,Round 2,2024-06-09,Nicole Meyer,,Center Chains DGC at Hope A. Davey Park,White Tees,54,18,4,09:10:00,74,20,556,149,True,False,18,74,True,True,True
77695,2024,FA40,1,673849,172895,172895,745,Round 1,2024-06-09,Cara Tatro,737,Center Chains DGC at Hope A. Davey Park,White Tees,54,18,1,08:50:00,57,3,794,116,True,False,18,57,True,True,True
77695,2024,FA40,1,673849,213173,213173,771,Round 1,2024-06-09,Elizabeth Carrell,775,Center Chains DGC at Hope A. Davey Park,White Tees,54,18,1,08:40:00,57,3,794,115,True,False,18,57,True,True,True
77695,2024,FA40,1,673849,275115,275115,,Round 1,2024-06-09,Mindy German,805,Center Chains DGC at Hope A. Davey Park,White Tees,54,18,2,08:50:00,59,5,766,122,True,False,18,59,True,True,True
77695,2024,FA40,1,673849,259152,259152,591,Round 1,2024-06-09,Marie Norton,,Center Chains DGC at Hope A. Davey Park,White Tees,54,18,2,08:40:00,67,13,654,139,True,False,18,67,True,True,True
77695,2024,FA40,1,673849,293462,293462,,Round 1,2024-06-09,Jennifer MacDonough,687,Center Chains DGC at Hope A. Davey Park,White Tees,54,18,3,08:50:00,68,14,640,136,True,False,18,68,True,True,True
77695,2024,FA40,1,673849,268005,268005,599,Round 1,2024-06-09,Heather Wiles,,Center Chains DGC at Hope A. Davey Park,White Tees,54,18,3,08:40:00,72,18,584,144,True,False,18,72,True,True,True
77695,2024,FA40,2,673849,213173,213173,771,Round 2,2024-06-09,Elizabeth Carrell,775,Center Chains DGC at Hope A. Davey Park,White Tees,54,18,2,09:30:00,58,4,780,115,True,False,18,58,True,True,True
77695,2024,FA40,2,673849,172895,172895,745,Round 2,2024-06-09,Cara Tatro,737,Center Chains DGC at Hope A. Davey Park,White Tees,54,18,1,09:30:00,59,5,766,116,True,False,18,59,True,True,True
77695,2024,FA40,2,673849,275115,275115,,Round 2,2024-06-09,Mindy German,805,Center Chains DGC at Hope A. Davey Park,White Tees,54,18,3,09:30:00,63,9,710,122,True,False,18,63,True,True,True
77695,2024,FA40,2,673849,293462,293462,,Round 2,2024-06-09,Jennifer MacDonough,687,Center Chains DGC at Hope A. Davey Park,White Tees,54,18,2,09:20:00,68,14,640,136,True,False,18,68,True,True,True
77695,2024,FA40,2,673849,259152,259152,591,Round 2,2024-06-09,Marie Norton,,Center Chains DGC at Hope A. Davey Park,White Tees,54,18,4,09:30:00,72,18,584,139,True,False,18,72,True,True,True
77695,2024,FA40,2,673849,268005,268005,599,Round 2,2024-06-09,Heather Wiles,,Center Chains DGC at Hope A. Davey Park,White Tees,54,18,3,09:20:00,72,18,584,144,True,False,18,72,True,True,True
77695,2024,FJ08,1,673849,name:mila fisher,,,Round 1,2024-06-09,Mila Fisher,,Center Chains DGC at Hope A. Davey Park,White Tees,54,18,3,07:40:00,98,44,219,206,True,False,18,98,True,True,True
77695,2024,FJ08,2,673849,name:mila fisher,,,Round 2,2024-06-09,Mila Fisher,,Center Chains DGC at Hope A. Davey Park,White Tees,54,18,2,08:00:00,108,54,79,206,True,False,18,108,True,True,True
77695,2024,FJ12,1,673849,261367,261367,106,Round 1,2024-06-09,Annabelle Babbin,525,Center Chains DGC at Hope A. Davey Park,White Tees,54,18,4,07:40:00,100,46,191,198,True,False,18,100,True,True,True
77695,2024,FJ12,1,673849,name:mayple collier,,,Round 1,2024-06-09,Mayple Collier,,Center Chains DGC at Hope A. Davey Park,White Tees,54,18,1,07:40:00,101,47,177,204,True,False,18,101,True,True,True
77695,2024,FJ12,2,673849,261367,261367,106,Round 2,2024-06-09,Annabelle Babbin,525,Center Chains DGC at Hope A. Davey Park,White Tees,54,18,3,08:00:00,98,44,219,198,True,False,18,98,True,True,True
77695,2024,FJ12,2,673849,name:mayple collier,,,Round 2,2024-06-09,Mayple Collier,,Center Chains DGC at Hope A. Davey Park,White Tees,54,18,4,08:00:00,103,49,149,204,True,False,18,103,True,True,True
77695,2024,FPO,1,673848,96030,96030,943,Round 1,2024-06-09,Alex Benson,,Center Chains DGC at Hope A. Davey Park,Blue Tees,54,18,1,13:20:00,48,-6,978,100,True,False,18,48,True,True,True
77695,2024,FPO,1,673848,132857,132857,872,Round 1,2024-06-09,Serena Lamson,,Center Chains DGC at Hope A. Davey Park,Blue Tees,54,18,2,13:20:00,55,1,894,118,True,False,18,55,True,True,True
77695,2024,FPO,1,673848,174640,174640,866,Round 1,2024-06-09,Maureen McGuinness,,Center Chains DGC at Hope A. Davey Park,Blue Tees,54,18,3,13:20:00,60,6,833,120,True,False,18,60,True,True,True
77695,2024,FPO,2,673848,96030,96030,943,Round 2,2024-06-09,Alex Benson,,Center Chains DGC at Hope A. Davey Park,Blue Tees,54,18,1,13:40:00,52,-2,930,100,True,False,18,52,True,True,True
77695,2024,FPO,2,673848,132857,132857,872,Round 2,2024-06-09,Serena Lamson,,Center Chains DGC at Hope A. Davey Park,Blue Tees,54,18,2,13:40:00,63,9,797,118,True,False,18,63,True,True,True
77695,2024,FPO,2,673848,174640,174640,866,Round 2,2024-06-09,Maureen McGuinness,,Center Chains DGC at Hope A. Davey Park,Blue Tees,54,18,3,13:40:00,60,6,833,120,True,False,18,60,True,True,True
77695,2024,MA1,1,673848,244554,244554,959,Round 1,2024-06-09,Jacob Decatur,,Center Chains DGC at Hope A. Davey Park,Blue Tees,54,18,3,12:20:00,47,-7,990,96,True,False,18,47,True,True,True
77695,2024,MA1,1,673848,114660,114660,941,Round 1,2024-06-09,Scott Thomas,942,Center Chains DGC at Hope A. Davey Park,Blue Tees,54,18,2,12:20:00,51,-3,942,102,True,False,18,51,True,True,True
77695,2024,MA1,1,673848,97356,97356,918,Round 1,2024-06-09,Jason Guild,934,Center Chains DGC at Hope A. Davey Park,Blue Tees,54,18,2,12:40:00,52,-2,930,104,True,False,18,52,True,True,True
77695,2024,MA1,1,673848,110707,110707,932,Round 1,2024-06-09,Jason Wilson,927,Center Chains DGC at Hope A. Davey Park,Blue Tees,54,18,2,12:30:00,52,-2,930,102,True,False,18,52,True,True,True
77695,2024,MA1,1,673848,154887,154887,920,Round 1,2024-06-09,Brian Hunter,941,Center Chains DGC at Hope A. Davey Park,Blue Tees,54,18,2,12:10:00,53,-1,918,106,True,False,18,53,True,True,True
77695,2024,MA1,1,673848,287174,287174,,Round 1,2024-06-09,CJ Plante,,Center Chains DGC at Hope A. Davey Park,Blue Tees,54,18,3,11:50:00,53,-1,918,101,True,False,18,53,True,True,True
77695,2024,MA1,1,673848,275420,275420,,Round 1,2024-06-09,Willy MacGowan,,Center Chains DGC at Hope A. Davey Park,Blue Tees,54,18,4,12:00:00,54,0,906,103,True,False,18,54,True,True,True
77695,2024,MA1,1,673848,96154,96154,867,Round 1,2024-06-09,Travis Jacques,871,Center Chains DGC at Hope A. Davey Park,Blue Tees,54,18,1,12:40:00,55,1,894,111,True,False,18,55,True,True,True
77695,2024,MA1,1,673848,212570,212570,889,Round 1,2024-06-09,Derek Copping,874,Center Chains DGC at Hope A. Davey Park,Blue Tees,54,18,4,12:30:00,56,2,881,110,True,False,18,56,True,True,True
77695,2024,MA1,1,673848,275041,275041,910,Round 1,2024-06-09,Samuel Schonberg,937,Center Chains DGC at Hope A. Davey Park,Blue Tees,54,18,3,12:10:00,56,2,881,114,True,False,18,56,True,True,True
77695,2024,MA1,1,673848,89829,89829,919,Round 1,2024-06-09,Garrett Washburn,923,Center Chains DGC at Hope A. Davey Park,Blue Tees,54,18,1,12:30:00,57,3,869,109,True,False,18,57,True,True,True
77695,2024,MA1,1,673848,124203,124203,898,Round 1,2024-06-09,Ezra Koch,954,Center Chains DGC at Hope A. Davey Park,Blue Tees,54,18,1,12:10:00,57,3,869,109,True,False,18,57,True,True,True
77695,2024,MA1,1,673848,128670,128670,865,Round 1,2024-06-09,Steven Colbert,,Center Chains DGC at Hope A. Davey Park,Blue Tees,54,18,3,12:40:00,57,3,869,114,True,False,18,57,True,True,True
77695,2024,MA1,1,673848,136937,136937,923,Round 1,2024-06-09,Zach Bossier,,Center Chains DGC at Hope A. Davey Park,Blue Tees,54,18,3,12:30:00,57,3,869,108,True,False,18,57,True,True,True
77695,2024,MA1,1,673848,175140,175140,896,Round 1,2024-06-09,Christian Garey,890,Center Chains DGC at Hope A. Davey Park,Blue Tees,54,18,2,12:00:00,57,3,869,111,True,False,18,57,True,True,True
77695,2024,MA1,1,673848,287515,287515,,Round 1,2024-06-09,Caleb Morehouse,,Center Chains DGC at Hope A. Davey Park,Blue Tees,54,18,4,12:20:00,57,3,869,,True,False,18,57,True,True,True
77695,2024,MA1,1,673848,109604,109604,920,Round 1,2024-06-09,Jeremy Hulsey,914,Center Chains DGC at Hope A. Davey Park,Blue Tees,54,18,1,12:20:00,58,4,857,110,True,False,18,58,True,True,True
77695,2024,MA1,1,673848,136942,136942,864,Round 1,2024-06-09,Christopher Larock,,Center Chains DGC at Hope A. Davey Park,Blue Tees,54,18,1,11:50:00,58,4,857,113,True,False,18,58,True,True,True
77695,2024,MA1,1,673848,174646,174646,868,Round 1,2024-06-09,David Oppenheimer,,Center Chains DGC at Hope A. Davey Park,Blue Tees,54,18,1,12:00:00,58,4,857,111,True,False,18,58,True,True,True
77695,2024,MA1,1,673848,210681,210681,902,Round 1,2024-06-09,Kyle Anderson Andresen,911,Center Chains DGC at Hope A. Davey Park,Blue Tees,54,18,2,11:50:00,58,4,857,112,True,False,18,58,True,True,True
77695,2024,MA1,1,673848,219307,219307,888,Round 1,2024-06-09,Everett Secor,935,Center Chains DGC at Hope A. Davey Park,Blue Tees,54,18,3,12:00:00,58,4,857,113,True,False,18,58,True,True,True
77695,2024,MA1,1,673848,259548,259548,883,Round 1,2024-06-09,Oliver Marchildon,,Center Chains DGC at Hope A. Davey Park,Blue Tees,54,18,4,12:40:00,59,5,845,114,True,False,18,59,True,True,True
77695,2024,MA1,2,673848,244554,244554,959,Round 2,2024-06-09,Jacob Decatur,,Center Chains DGC at Hope A. Davey Park,Blue Tees,54,18,1,13:00:00,49,-5,966,96,True,False,18,49,True,True,True
77695,2024,MA1,2,673848,287174,287174,,Round 2,2024-06-09,CJ Plante,,Center Chains DGC at Hope A. Davey Park,Blue Tees,54,18,2,12:50:00,48,-6,978,101,True,False,18,48,True,True,True
77695,2024,MA1,2,673848,110707,110707,932,Round 2,2024-06-09,Jason Wilson,927,Center Chains DGC at Hope A. Davey Park,Blue Tees,54,18,4,13:00:00,50,-4,954,102,True,False,18,50,True,True,True
77695,2024,MA1,2,673848,114660,114660,941,Round 2,2024-06-09,Scott Thomas,942,Center Chains DGC at Hope A. Davey Park,Blue Tees,54,18,2,13:00:00,51,-3,942,102,True,False,18,51,True,True,True
77695,2024,MA1,2,673848,275420,275420,,Round 2,2024-06-09,Willy MacGowan,,Center Chains DGC at Hope A. Davey Park,Blue Tees,54,18,3,12:50:00,49,-5,966,103,True,False,18,49,True,True,True
77695,2024,MA1,2,673848,97356,97356,918,Round 2,2024-06-09,Jason Guild,934,Center Chains DGC at Hope A. Davey Park,Blue Tees,54,18,3,13:00:00,52,-2,930,104,True,False,18,52,True,True,True
77695,2024,MA1,2,673848,154887,154887,920,Round 2,2024-06-09,Brian Hunter,941,Center Chains DGC at Hope A. Davey Park,Blue Tees,54,18,1,12:50:00,53,-1,918,106,True,False,18,53,True,True,True
77695,2024,MA1,2,673848,136937,136937,923,Round 2,2024-06-09,Zach Bossier,,Center Chains DGC at Hope A. Davey Park,Blue Tees,54,18,2,12:30:00,51,-3,942,108,True,False,18,51,True,True,True
77695,2024,MA1,2,673848,89829,89829,919,Round 2,2024-06-09,Garrett Washburn,923,Center Chains DGC at Hope A. Davey Park,Blue Tees,54,18,3,12:40:00,52,-2,930,109,True,False,18,52,True,True,True
77695,2024,MA1,2,673848,124203,124203,898,Round 2,2024-06-09,Ezra Koch,954,Center Chains DGC at Hope A. Davey Park,Blue Tees,54,18,4,12:40:00,52,-2,930,109,True,False,18,52,True,True,True
77695,2024,MA1,2,673848,109604,109604,920,Round 2,2024-06-09,Jeremy Hulsey,914,Center Chains DGC at Hope A. Davey Park,Blue Tees,54,18,1,12:20:00,52,-2,930,110,True,False,18,52,True,True,True
77695,2024,MA1,2,673848,212570,212570,889,Round 2,2024-06-09,Derek Copping,874,Center Chains DGC at Hope A. Davey Park,Blue Tees,54,18,1,12:40:00,54,0,906,110,True,False,18,54,True,True,True
77695,2024,MA1,2,673848,174646,174646,868,Round 2,2024-06-09,David Oppenheimer,,Center Chains DGC at Hope A. Davey Park,Blue Tees,54,18,3,12:20:00,53,-1,918,111,True,False,18,53,True,True,True
77695,2024,MA1,2,673848,175140,175140,896,Round 2,2024-06-09,Christian Garey,890,Center Chains DGC at Hope A. Davey Park,Blue Tees,54,18,3,12:30:00,54,0,906,111,True,False,18,54,True,True,True
77695,2024,MA1,2,673848,96154,96154,867,Round 2,2024-06-09,Travis Jacques,871,Center Chains DGC at Hope A. Davey Park,Blue Tees,54,18,4,12:50:00,56,2,881,111,True,False,18,56,True,True,True
77695,2024,MA1,2,673848,210681,210681,902,Round 2,2024-06-09,Kyle Anderson Andresen,911,Center Chains DGC at Hope A. Davey Park,Blue Tees,54,18,1,12:10:00,54,0,906,112,True,False,18,54,True,True,True
77695,2024,MA1,2,673848,136942,136942,864,Round 2,2024-06-09,Christopher Larock,,Center Chains DGC at Hope A. Davey Park,Blue Tees,54,18,2,12:20:00,55,1,894,113,True,False,18,55,True,True,True
77695,2024,MA1,2,673848,219307,219307,888,Round 2,2024-06-09,Everett Secor,935,Center Chains DGC at Hope A. Davey Park,Blue Tees,54,18,2,12:10:00,55,1,894,113,True,False,18,55,True,True,True
77695,2024,MA1,2,673848,259548,259548,883,Round 2,2024-06-09,Oliver Marchildon,,Center Chains DGC at Hope A. Davey Park,Blue Tees,54,18,3,12:10:00,55,1,894,114,True,False,18,55,True,True,True
77695,2024,MA1,2,673848,128670,128670,865,Round 2,2024-06-09,Steven Colbert,,Center Chains DGC at Hope A. Davey Park,Blue Tees,54,18,1,12:30:00,57,3,869,114,True,False,18,57,True,True,True
77695,2024,MA1,2,673848,275041,275041,910,Round 2,2024-06-09,Samuel Schonberg,937,Center Chains DGC at Hope A. Davey Park,Blue Tees,54,18,2,12:40:00,58,4,857,114,True,False,18,58,True,True,True
77695,2024,MA1,2,673848,287515,287515,,Round 2,2024-06-09,Caleb Morehouse,,Center Chains DGC at Hope A. Davey Park,Blue Tees,54,18,,,,,,,True,True,0,,False,False,False
77695,2024,MA2,1,673848,189203,189203,889,Round 1,2024-06-09,Bobby Martino,911,Center Chains DGC at Hope A. Davey Park,Blue Tees,54,18,1,09:30:00,51,-3,942,101,True,False,18,51,True,True,True
77695,2024,MA2,1,673848,224931,224931,900,Round 1,2024-06-09,Mark Thompson,,Center Chains DGC at Hope A. Davey Park,Blue Tees,54,18,1,09:50:00,52,-2,930,110,True,False,18,52,True,True,True
77695,2024,MA2,1,673848,288337,288337,,Round 1,2024-06-09,Nathaniel McVeigh,,Center Chains DGC at Hope A. Davey Park,Blue Tees,54,18,4,09:20:00,52,-2,930,106,True,False,18,52,True,True,True
77695,2024,MA2,1,673848,137984,137984,871,Round 1,2024-06-09,Tristan Bryce,,Center Chains DGC at Hope A. Davey Park,Blue Tees,54,18,1,09:20:00,53,-1,918,108,True,False,18,53,True,True,True
77695,2024,MA2,1,673848,180438,180438,899,Round 1,2024-06-09,Elian Furs,,Center Chains DGC at Hope A. Davey Park,Blue Tees,54,18,3,10:10:00,53,-1,918,101,True,False,18,53,True,True,True
77695,2024,MA2,1,673848,259718,259718,870,Round 1,2024-06-09,Kamden Cox,906,Center Chains DGC at Hope A. Davey Park,Blue Tees,54,18,2,09:30:00,53,-1,918,104,True,False,18,53,True,True,True
77695,2024,MA2,1,673848,286623,286623,,Round 1,2024-06-09,Ethan Santor,916,Center Chains DGC at Hope A. Davey Park,Blue Tees,54,18,4,09:40:00,54,0,906,108,True,False,18,54,True,True,True
77695,2024,MA2,1,673848,159224,159224,907,Round 1,2024-06-09,Bryce McKim,,Center Chains DGC at Hope A. Davey Park,Blue Tees,54,18,2,09:20:00,55,1,894,109,True,False,18,55,True,True,True
77695,2024,MA2,1,673848,213224,213224,891,Round 1,2024-06-09,Justin Griswold,914,Center Chains DGC at Hope A. Davey Park,Blue Tees,54,18,4,10:10:00,55,1,894,112,True,False,18,55,True,True,True
77695,2024,MA2,1,673848,235035,235035,883,Round 1,2024-06-09,Paul Seyler,908,Center Chains DGC at Hope A. Davey Park,Blue Tees,54,18,1,10:00:00,55,1,894,112,True,False,18,55,True,True,True
77695,2024,MA2,1,673848,275802,275802,,Round 1,2024-06-09,Tyler Jarrett,907,Center Chains DGC at Hope A. Davey Park,Blue Tees,54,18,3,09:50:00,55,1,894,112,True,False,18,55,True,True,True
77695,2024,MA2,1,673848,278286,278286,904,Round 1,2024-06-09,Trevor Hazelton,949,Center Chains DGC at Hope A. Davey Park,Blue Tees,54,18,4,10:00:00,55,1,894,109,True,False,18,55,True,True,True
77695,2024,MA2,1,673848,287571,287571,,Round 1,2024-06-09,Garrett Keraga,901,Center Chains DGC at Hope A. Davey Park,Blue Tees,54,18,4,09:50:00,55,1,894,113,True,False,18,55,True,True,True
77695,2024,MA2,1,673848,261570,261570,809,Round 1,2024-06-09,John Beaudin,911,Center Chains DGC at Hope A. Davey Park,Blue Tees,54,18,2,09:40:00,56,2,881,107,True,False,18,56,True,True,True
77695,2024,MA2,1,673848,270720,270720,849,Round 1,2024-06-09,Justin Silva,,Center Chains DGC at Hope A. Davey Park,Blue Tees,54,18,2,09:50:00,56,2,881,108,True,False,18,56,True,True,True
77695,2024,MA2,1,673848,288448,288448,,Round 1,2024-06-09,Walker Stapleton,,Center Chains DGC at Hope A. Davey Park,Blue Tees,54,18,4,09:10:00,56,2,881,110,True,False,18,56,True,True,True
77695,2024,MA2,1,673848,148187,148187,813,Round 1,2024-06-09,Evan Miller,874,Center Chains DGC at Hope A. Davey Park,Blue Tees,54,18,1,10:20:00,57,3,869,112,True,False,18,57,True,True,True
77695,2024,MA2,1,673848,166639,166639,850,Round 1,2024-06-09,Ryan Sweeney,883,Center Chains DGC at Hope A. Davey Park,Blue Tees,54,18,1,09:10:00,58,4,857,116,True,False,18,58,True,True,True
77695,2024,MA2,1,673848,244952,244952,827,Round 1,2024-06-09,Joshua Dezotell,895,Center Chains DGC at Hope A. Davey Park,Blue Tees,54,18,4,10:20:00,58,4,857,113,True,False,18,58,True,True,True
77695,2024,MA2,1,673848,258259,258259,816,Round 1,2024-06-09,Tony Turner,,Center Chains DGC at Hope A. Davey Park,Blue Tees,54,18,2,10:00:00,58,4,857,110,True,False,18,58,True,True,True
77695,2024,MA2,1,673848,261930,261930,838,Round 1,2024-06-09,Connor Shlatz,,Center Chains DGC at Hope A. Davey Park,Blue Tees,54,18,3,09:30:00,58,4,857,118,True,False,18,58,True,True,True
77695,2024,MA2,1,673848,278390,278390,883,Round 1,2024-06-09,Edward Blow,,Center Chains DGC at Hope A. Davey Park,Blue Tees,54,18,3,09:40:00,58,4,857,111,True,False,18,58,True,True,True
77695,2024,MA2,1,673848,278541,278541,877,Round 1,2024-06-09,Carter Langevin,,Center Chains DGC at Hope A. Davey Park,Blue Tees,54,18,3,09:10:00,58,4,857,114,True,False,18,58,True,True,True
77695,2024,MA2,1,673848,162090,162090,850,Round 1,2024-06-09,Grant Fortier,885,Center Chains DGC at Hope A. Davey Park,Blue Tees,54,18,2,10:20:00,59,5,845,114,True,False,18,59,True,True,True
77695,2024,MA2,1,673848,169600,169600,875,Round 1,2024-06-09,Trevor Bryce,901,Center Chains DGC at Hope A. Davey Park,Blue Tees,54,18,2,10:10:00,59,5,845,116,True,False,18,59,True,True,True
77695,2024,MA2,1,673848,254922,254922,874,Round 1,2024-06-09,Benjamin Taylor,890,Center Chains DGC at Hope A. Davey Park,Blue Tees,54,18,3,09:20:00,59,5,845,117,True,False,18,59,True,True,True
77695,2024,MA2,1,673848,163523,163523,864,Round 1,2024-06-09,Landon Desroches,866,Center Chains DGC at Hope A. Davey Park,Blue Tees,54,18,1,10:10:00,60,6,833,111,True,False,18,60,True,True,True
77695,2024,MA2,1,673848,221157,221157,908,Round 1,2024-06-09,Dylan Slick,915,Center Chains DGC at Hope A. Davey Park,Blue Tees,54,18,3,10:20:00,60,6,833,113,True,False,18,60,True,True,True
77695,2024,MA2,1,673848,259714,259714,850,Round 1,2024-06-09,Reece Cronin,,Center Chains DGC at Hope A. Davey Park,Blue Tees,54,18,3,10:00:00,60,6,833,115,True,False,18,60,True,True,True
77695,2024,MA2,1,673848,287102,287102,,Round 1,2024-06-09,Ethan Robie,919,Center Chains DGC at Hope A. Davey Park,Blue Tees,54,18,4,09:30:00,60,6,833,113,True,False,18,60,True,True,True
77695,2024,MA2,1,673848,227412,227412,860,Round 1,2024-06-09,Alex Emery,860,Center Chains DGC at Hope A. Davey Park,Blue Tees,54,18,1,09:40:00,61,7,821,122,True,False,18,61,True,True,True
77695,2024,MA2,1,673848,256887,256887,793,Round 1,2024-06-09,Alex Gambero,812,Center Chains DGC at Hope A. Davey Park,Blue Tees,54,18,2,09:10:00,67,13,749,143,True,False,18,67,True,True,True
77695,2024,MA2,2,673848,180438,180438,899,Round 2,2024-06-09,Elian Furs,,Center Chains DGC at Hope A. Davey Park,Blue Tees,54,18,1,10:40:00,48,-6,978,101,True,False,18,48,True,True,True
77695,2024,MA2,2,673848,189203,189203,889,Round 2,2024-06-09,Bobby Martino,911,Center Chains DGC at Hope A. Davey Park,Blue Tees,54,18,1,10:50:00,50,-4,954,101,True,False,18,50,True,True,True
77695,2024,MA2,2,673848,259718,259718,870,Round 2,2024-06-09,Kamden Cox,906,Center Chains DGC at Hope A. Davey Park,Blue Tees,54,18,2,10:40:00,51,-3,942,104,True,False,18,51,True,True,True
77695,2024,MA2,2,673848,288337,288337,,Round 2,2024-06-09,Nathaniel McVeigh,,Center Chains DGC at Hope A. Davey Park,Blue Tees,54,18,3,10:50:00,54,0,906,106,True,False,18,54,True,True,True
77695,2024,MA2,2,673848,261570,261570,809,Round 2,2024-06-09,John Beaudin,911,Center Chains DGC at Hope A. Davey Park,Blue Tees,54,18,2,10:20:00,51,-3,942,107,True,False,18,51,True,True,True
77695,2024,MA2,2,673848,270720,270720,849,Round 2,2024-06-09,Justin Silva,,Center Chains DGC at Hope A. Davey Park,Blue Tees,54,18,3,10:20:00,52,-2,930,108,True,False,18,52,True,True,True
77695,2024,MA2,2,673848,286623,286623,,Round 2,2024-06-09,Ethan Santor,916,Center Chains DGC at Hope A. Davey Park,Blue Tees,54,18,3,10:40:00,54,0,906,108,True,False,18,54,True,True,True
77695,2024,MA2,2,673848,137984,137984,871,Round 2,2024-06-09,Tristan Bryce,,Center Chains DGC at Hope A. Davey Park,Blue Tees,54,18,4,10:50:00,55,1,894,108,True,False,18,55,True,True,True
77695,2024,MA2,2,673848,159224,159224,907,Round 2,2024-06-09,Bryce McKim,,Center Chains DGC at Hope A. Davey Park,Blue Tees,54,18,4,10:40:00,54,0,906,109,True,False,18,54,True,True,True
77695,2024,MA2,2,673848,278286,278286,904,Round 2,2024-06-09,Trevor Hazelton,949,Center Chains DGC at Hope A. Davey Park,Blue Tees,54,18,4,10:30:00,54,0,906,109,True,False,18,54,True,True,True
77695,2024,MA2,2,673848,258259,258259,816,Round 2,2024-06-09,Tony Turner,,Center Chains DGC at Hope A. Davey Park,Blue Tees,54,18,4,10:10:00,52,-2,930,110,True,False,18,52,True,True,True
77695,2024,MA2,2,673848,288448,288448,,Round 2,2024-06-09,Walker Stapleton,,Center Chains DGC at Hope A. Davey Park,Blue Tees,54,18,4,10:20:00,54,0,906,110,True,False,18,54,True,True,True
77695,2024,MA2,2,673848,224931,224931,900,Round 2,2024-06-09,Mark Thompson,,Center Chains DGC at Hope A. Davey Park,Blue Tees,54,18,2,10:50:00,58,4,857,110,True,False,18,58,True,True,True
77695,2024,MA2,2,673848,163523,163523,864,Round 2,2024-06-09,Landon Desroches,866,Center Chains DGC at Hope A. Davey Park,Blue Tees,54,18,3,09:50:00,51,-3,942,111,True,False,18,51,True,True,True
77695,2024,MA2,2,673848,278390,278390,883,Round 2,2024-06-09,Edward Blow,,Center Chains DGC at Hope A. Davey Park,Blue Tees,54,18,2,10:00:00,53,-1,918,111,True,False,18,53,True,True,True
77695,2024,MA2,2,673848,148187,148187,813,Round 2,2024-06-09,Evan Miller,874,Center Chains DGC at Hope A. Davey Park,Blue Tees,54,18,1,10:10:00,55,1,894,112,True,False,18,55,True,True,True
77695,2024,MA2,2,673848,213224,213224,891,Round 2,2024-06-09,Justin Griswold,914,Center Chains DGC at Hope A. Davey Park,Blue Tees,54,18,1,10:30:00,57,3,869,112,True,False,18,57,True,True,True
77695,2024,MA2,2,673848,235035,235035,883,Round 2,2024-06-09,Paul Seyler,908,Center Chains DGC at Hope A. Davey Park,Blue Tees,54,18,2,10:30:00,57,3,869,112,True,False,18,57,True,True,True
77695,2024,MA2,2,673848,275802,275802,,Round 2,2024-06-09,Tyler Jarrett,907,Center Chains DGC at Hope A. Davey Park,Blue Tees,54,18,3,10:30:00,57,3,869,112,True,False,18,57,True,True,True
77695,2024,MA2,2,673848,221157,221157,908,Round 2,2024-06-09,Dylan Slick,915,Center Chains DGC at Hope A. Davey Park,Blue Tees,54,18,4,09:50:00,53,-1,918,113,True,False,18,53,True,True,True
77695,2024,MA2,2,673848,287102,287102,,Round 2,2024-06-09,Ethan Robie,919,Center Chains DGC at Hope A. Davey Park,Blue Tees,54,18,2,09:40:00,53,-1,918,113,True,False,18,53,True,True,True
77695,2024,MA2,2,673848,244952,244952,827,Round 2,2024-06-09,Joshua Dezotell,895,Center Chains DGC at Hope A. Davey Park,Blue Tees,54,18,3,10:10:00,55,1,894,113,True,False,18,55,True,True,True
77695,2024,MA2,2,673848,287571,287571,,Round 2,2024-06-09,Garrett Keraga,901,Center Chains DGC at Hope A. Davey Park,Blue Tees,54,18,1,10:20:00,58,4,857,113,True,False,18,58,True,True,True
77695,2024,MA2,2,673848,162090,162090,850,Round 2,2024-06-09,Grant Fortier,885,Center Chains DGC at Hope A. Davey Park,Blue Tees,54,18,4,10:00:00,55,1,894,114,True,False,18,55,True,True,True
77695,2024,MA2,2,673848,278541,278541,877,Round 2,2024-06-09,Carter Langevin,,Center Chains DGC at Hope A. Davey Park,Blue Tees,54,18,3,10:00:00,56,2,881,114,True,False,18,56,True,True,True
77695,2024,MA2,2,673848,259714,259714,850,Round 2,2024-06-09,Reece Cronin,,Center Chains DGC at Hope A. Davey Park,Blue Tees,54,18,1,09:40:00,55,1,894,115,True,False,18,55,True,True,True
77695,2024,MA2,2,673848,169600,169600,875,Round 2,2024-06-09,Trevor Bryce,901,Center Chains DGC at Hope A. Davey Park,Blue Tees,54,18,1,09:50:00,57,3,869,116,True,False,18,57,True,True,True
77695,2024,MA2,2,673848,166639,166639,850,Round 2,2024-06-09,Ryan Sweeney,883,Center Chains DGC at Hope A. Davey Park,Blue Tees,54,18,2,10:10:00,58,4,857,116,True,False,18,58,True,True,True
77695,2024,MA2,2,673848,254922,254922,874,Round 2,2024-06-09,Benjamin Taylor,890,Center Chains DGC at Hope A. Davey Park,Blue Tees,54,18,2,09:50:00,58,4,857,117,True,False,18,58,True,True,True
77695,2024,MA2,2,673848,261930,261930,838,Round 2,2024-06-09,Connor Shlatz,,Center Chains DGC at Hope A. Davey Park,Blue Tees,54,18,1,10:00:00,60,6,833,118,True,False,18,60,True,True,True
77695,2024,MA2,2,673848,227412,227412,860,Round 2,2024-06-09,Alex Emery,860,Center Chains DGC at Hope A. Davey Park,Blue Tees,54,18,3,09:40:00,61,7,821,122,True,False,18,61,True,True,True
77695,2024,MA2,2,673848,256887,256887,793,Round 2,2024-06-09,Alex Gambero,812,Center Chains DGC at Hope A. Davey Park,Blue Tees,54,18,4,09:40:00,76,22,640,143,True,False,18,76,True,True,True
77695,2024,MA3,1,673849,166633,166633,863,Round 1,2024-06-09,Joshua Martin,,Center Chains DGC at Hope A. Davey Park,White Tees,54,18,1,08:00:00,48,-6,920,95,True,False,18,48,True,True,True
77695,2024,MA3,1,673849,221831,221831,841,Round 1,2024-06-09,Ruben Furs,,Center Chains DGC at Hope A. Davey Park,White Tees,54,18,3,08:00:00,49,-5,906,99,True,False,18,49,True,True,True
77695,2024,MA3,1,673849,289367,289367,,Round 1,2024-06-09,Tyler Karnes,836,Center Chains DGC at Hope A. Davey Park,White Tees,54,18,4,08:10:00,51,-3,878,112,True,False,18,51,True,True,True
77695,2024,MA3,1,673849,166637,166637,845,Round 1,2024-06-09,Ajay Shah,825,Center Chains DGC at Hope A. Davey Park,White Tees,54,18,2,08:00:00,52,-2,864,104,True,False,18,52,True,True,True
77695,2024,MA3,1,673849,273934,273934,842,Round 1,2024-06-09,Tony Morse,,Center Chains DGC at Hope A. Davey Park,White Tees,54,18,2,08:30:00,52,-2,864,99,True,False,18,52,True,True,True
77695,2024,MA3,1,673849,211434,211434,781,Round 1,2024-06-09,Thomas Bousquet,798,Center Chains DGC at Hope A. Davey Park,White Tees,54,18,2,08:20:00,53,-1,850,108,True,False,18,53,True,True,True
77695,2024,MA3,1,673849,261284,261284,801,Round 1,2024-06-09,Blake Martino,916,Center Chains DGC at Hope A. Davey Park,White Tees,54,18,4,08:20:00,53,-1,850,105,True,False,18,53,True,True,True
77695,2024,MA3,1,673849,name:chris leppla,,,Round 1,2024-06-09,Chris Leppla,,Center Chains DGC at Hope A. Davey Park,White Tees,54,18,4,08:00:00,53,-1,850,105,True,False,18,53,True,True,True
77695,2024,MA3,1,673849,202948,202948,821,Round 1,2024-06-09,Nicholas Morrissey,849,Center Chains DGC at Hope A. Davey Park,White Tees,54,18,2,08:10:00,54,0,836,111,True,False,18,54,True,True,True
77695,2024,MA3,1,673849,248855,248855,742,Round 1,2024-06-09,Nate Imbergamo,,Center Chains DGC at Hope A. Davey Park,White Tees,54,18,3,08:10:00,54,0,836,108,True,False,18,54,True,True,True
77695,2024,MA3,1,673849,266150,266150,790,Round 1,2024-06-09,James Sheehan,864,Center Chains DGC at Hope A. Davey Park,White Tees,54,18,4,08:30:00,54,0,836,109,True,False,18,54,True,True,True
77695,2024,MA3,1,673849,258870,258870,878,Round 1,2024-06-09,Brad Vaughn,857,Center Chains DGC at Hope A. Davey Park,White Tees,54,18,1,08:30:00,56,2,808,111,True,False,18,56,True,True,True
77695,2024,MA3,1,673849,140404,140404,836,Round 1,2024-06-09,Michael Perry,,Center Chains DGC at Hope A. Davey Park,White Tees,54,18,1,07:50:00,58,4,780,115,True,False,18,58,True,True,True
77695,2024,MA3,1,673849,288116,288116,,Round 1,2024-06-09,Mark Peterman,,Center Chains DGC at Hope A. Davey Park,White Tees,54,18,3,08:30:00,58,4,780,119,True,False,18,58,True,True,True
77695,2024,MA3,1,673849,156256,156256,803,Round 1,2024-06-09,Colby Garrand,836,Center Chains DGC at Hope A. Davey Park,White Tees,54,18,1,08:10:00,60,6,752,,True,False,18,60,True,True,True
77695,2024,MA3,1,673849,228201,228201,790,Round 1,2024-06-09,Waylon Spring,883,Center Chains DGC at Hope A. Davey Park,White Tees,54,18,1,08:20:00,60,6,752,115,True,False,18,60,True,True,True
77695,2024,MA3,1,673849,248621,248621,,Round 1,2024-06-09,Sean McGurn,,Center Chains DGC at Hope A. Davey Park,White Tees,54,18,2,07:50:00,60,6,752,117,True,False,18,60,True,True,True
77695,2024,MA3,1,673849,278723,278723,742,Round 1,2024-06-09,Jeffrey Poplawski,776,Center Chains DGC at Hope A. Davey Park,White Tees,54,18,3,08:20:00,60,6,752,123,True,False,18,60,True,True,True
77695,2024,MA3,2,673849,166633,166633,863,Round 2,2024-06-09,Joshua Martin,,Center Chains DGC at Hope A. Davey Park,White Tees,54,18,1,09:00:00,47,-7,934,95,True,False,18,47,True,True,True
77695,2024,MA3,2,673849,273934,273934,842,Round 2,2024-06-09,Tony Morse,,Center Chains DGC at Hope A. Davey Park,White Tees,54,18,1,08:50:00,47,-7,934,99,True,False,18,47,True,True,True
77695,2024,MA3,2,673849,221831,221831,841,Round 2,2024-06-09,Ruben Furs,,Center Chains DGC at Hope A. Davey Park,White Tees,54,18,2,09:00:00,50,-4,892,99,True,False,18,50,True,True,True
77695,2024,MA3,2,673849,166637,166637,845,Round 2,2024-06-09,Ajay Shah,825,Center Chains DGC at Hope A. Davey Park,White Tees,54,18,4,09:00:00,52,-2,864,104,True,False,18,52,True,True,True
77695,2024,MA3,2,673849,261284,261284,801,Round 2,2024-06-09,Blake Martino,916,Center Chains DGC at Hope A. Davey Park,White Tees,54,18,3,08:50:00,52,-2,864,105,True,False,18,52,True,True,True
77695,2024,MA3,2,673849,name:chris leppla,,,Round 2,2024-06-09,Chris Leppla,,Center Chains DGC at Hope A. Davey Park,White Tees,54,18,4,08:50:00,52,-2,864,105,True,False,18,52,True,True,True
77695,2024,MA3,2,673849,248855,248855,742,Round 2,2024-06-09,Nate Imbergamo,,Center Chains DGC at Hope A. Davey Park,White Tees,54,18,2,08:40:00,54,0,836,108,True,False,18,54,True,True,True
77695,2024,MA3,2,673849,211434,211434,781,Round 2,2024-06-09,Thomas Bousquet,798,Center Chains DGC at Hope A. Davey Park,White Tees,54,18,2,08:50:00,55,1,822,108,True,False,18,55,True,True,True
77695,2024,MA3,2,673849,266150,266150,790,Round 2,2024-06-09,James Sheehan,864,Center Chains DGC at Hope A. Davey Park,White Tees,54,18,3,08:40:00,55,1,822,109,True,False,18,55,True,True,True
77695,2024,MA3,2,673849,258870,258870,878,Round 2,2024-06-09,Brad Vaughn,857,Center Chains DGC at Hope A. Davey Park,White Tees,54,18,4,08:40:00,55,1,822,111,True,False,18,55,True,True,True
77695,2024,MA3,2,673849,202948,202948,821,Round 2,2024-06-09,Nicholas Morrissey,849,Center Chains DGC at Hope A. Davey Park,White Tees,54,18,1,08:40:00,57,3,794,111,True,False,18,57,True,True,True
77695,2024,MA3,2,673849,289367,289367,,Round 2,2024-06-09,Tyler Karnes,836,Center Chains DGC at Hope A. Davey Park,White Tees,54,18,3,09:00:00,61,7,738,112,True,False,18,61,True,True,True
77695,2024,MA3,2,673849,228201,228201,790,Round 2,2024-06-09,Waylon Spring,883,Center Chains DGC at Hope A. Davey Park,White Tees,54,18,3,08:20:00,55,1,822,115,True,False,18,55,True,True,True
77695,2024,MA3,2,673849,140404,140404,836,Round 2,2024-06-09,Michael Perry,,Center Chains DGC at Hope A. Davey Park,White Tees,54,18,1,08:20:00,57,3,794,115,True,False,18,57,True,True,True
77695,2024,MA3,2,673849,248621,248621,,Round 2,2024-06-09,Sean McGurn,,Center Chains DGC at Hope A. Davey Park,White Tees,54,18,4,08:20:00,57,3,794,117,True,False,18,57,True,True,True
77695,2024,MA3,2,673849,288116,288116,,Round 2,2024-06-09,Mark Peterman,,Center Chains DGC at Hope A. Davey Park,White Tees,54,18,2,08:20:00,61,7,738,119,True,False,18,61,True,True,True
77695,2024,MA3,2,673849,278723,278723,742,Round 2,2024-06-09,Jeffrey Poplawski,776,Center Chains DGC at Hope A. Davey Park,White Tees,54,18,5,08:20:00,63,9,710,123,True,False,18,63,True,True,True
77695,2024,MA3,2,673849,156256,156256,803,Round 2,2024-06-09,Colby Garrand,836,Center Chains DGC at Hope A. Davey Park,White Tees,54,18,,,,,,,True,True,0,,False,False,False
77695,2024,MA40,1,673848,221225,221225,900,Round 1,2024-06-09,James Winny,906,Center Chains DGC at Hope A. Davey Park,Blue Tees,54,18,2,10:30:00,54,0,906,108,True,False,18,54,True,True,True
77695,2024,MA40,1,673848,73588,73588,900,Round 1,2024-06-09,Will Cleland,910,Center Chains DGC at Hope A. Davey Park,Blue Tees,54,18,1,10:30:00,56,2,881,111,True,False,18,56,True,True,True
77695,2024,MA40,1,673848,84935,84935,879,Round 1,2024-06-09,Droo Fisher,866,Center Chains DGC at Hope A. Davey Park,Blue Tees,54,18,3,10:40:00,56,2,881,112,True,False,18,56,True,True,True
77695,2024,MA40,1,673848,205696,205696,863,Round 1,2024-06-09,Matthew Smith,856,Center Chains DGC at Hope A. Davey Park,Blue Tees,54,18,3,10:30:00,63,9,797,123,True,False,18,63,True,True,True
77695,2024,MA40,1,673848,275118,275118,,Round 1,2024-06-09,Matthew German,905,Center Chains DGC at Hope A. Davey Park,Blue Tees,54,18,4,10:40:00,64,10,785,122,True,False,18,64,True,True,True
77695,2024,MA40,1,673848,229229,229229,860,Round 1,2024-06-09,Daren Austin,,Center Chains DGC at Hope A. Davey Park,Blue Tees,54,18,4,10:30:00,65,11,773,124,True,False,18,65,True,True,True
77695,2024,MA40,1,673848,245070,245070,814,Round 1,2024-06-09,William Lamont,,Center Chains DGC at Hope A. Davey Park,Blue Tees,54,18,1,10:40:00,65,11,773,121,True,False,18,65,True,True,True
77695,2024,MA40,1,673848,247751,247751,798,Round 1,2024-06-09,Jon St. Clair,761,Center Chains DGC at Hope A. Davey Park,Blue Tees,54,18,2,10:40:00,69,15,724,133,True,False,18,69,True,True,True
77695,2024,MA40,2,673848,221225,221225,900,Round 2,2024-06-09,James Winny,906,Center Chains DGC at Hope A. Davey Park,Blue Tees,54,18,1,11:10:00,54,0,906,108,True,False,18,54,True,True,True
77695,2024,MA40,2,673848,73588,73588,900,Round 2,2024-06-09,Will Cleland,910,Center Chains DGC at Hope A. Davey Park,Blue Tees,54,18,2,11:10:00,55,1,894,111,True,False,18,55,True,True,True
77695,2024,MA40,2,673848,84935,84935,879,Round 2,2024-06-09,Droo Fisher,866,Center Chains DGC at Hope A. Davey Park,Blue Tees,54,18,3,11:10:00,56,2,881,112,True,False,18,56,True,True,True
77695,2024,MA40,2,673848,245070,245070,814,Round 2,2024-06-09,William Lamont,,Center Chains DGC at Hope A. Davey Park,Blue Tees,54,18,3,11:00:00,56,2,881,121,True,False,18,56,True,True,True
77695,2024,MA40,2,673848,275118,275118,,Round 2,2024-06-09,Matthew German,905,Center Chains DGC at Hope A. Davey Park,Blue Tees,54,18,1,11:00:00,58,4,857,122,True,False,18,58,True,True,True
77695,2024,MA40,2,673848,205696,205696,863,Round 2,2024-06-09,Matthew Smith,856,Center Chains DGC at Hope A. Davey Park,Blue Tees,54,18,4,11:10:00,60,6,833,123,True,False,18,60,True,True,True
77695,2024,MA40,2,673848,229229,229229,860,Round 2,2024-06-09,Daren Austin,,Center Chains DGC at Hope A. Davey Park,Blue Tees,54,18,2,11:00:00,59,5,845,124,True,False,18,59,True,True,True
77695,2024,MA40,2,673848,247751,247751,798,Round 2,2024-06-09,Jon St. Clair,761,Center Chains DGC at Hope A. Davey Park,Blue Tees,54,18,4,11:00:00,64,10,785,133,True,False,18,64,True,True,True
77695,2024,MA50,1,673848,171544,171544,896,Round 1,2024-06-09,Dave Irving,935,Center Chains DGC at Hope A. Davey Park,Blue Tees,54,18,1,11:00:00,51,-3,942,101,True,False,18,51,True,True,True
77695,2024,MA50,1,673848,140732,140732,807,Round 1,2024-06-09,Matt Saltus,821,Center Chains DGC at Hope A. Davey Park,Blue Tees,54,18,2,10:50:00,59,5,845,117,True,False,18,59,True,True,True
77695,2024,MA50,1,673848,139113,139113,862,Round 1,2024-06-09,Norman Wedge,859,Center Chains DGC at Hope A. Davey Park,Blue Tees,54,18,1,10:50:00,60,6,833,115,True,False,18,60,True,True,True
77695,2024,MA50,1,673848,179138,179138,845,Round 1,2024-06-09,Chris Hancewicz,831,Center Chains DGC at Hope A. Davey Park,Blue Tees,54,18,4,10:50:00,60,6,833,114,True,False,18,60,True,True,True
77695,2024,MA50,1,673848,177424,177424,810,Round 1,2024-06-09,Kevin Delony,817,Center Chains DGC at Hope A. Davey Park,Blue Tees,54,18,2,11:00:00,62,8,809,122,True,False,18,62,True,True,True
77695,2024,MA50,1,673848,155933,155933,794,Round 1,2024-06-09,Mourning Fox,,Center Chains DGC at Hope A. Davey Park,Blue Tees,54,18,3,10:50:00,68,14,736,133,True,False,18,68,True,True,True
77695,2024,MA50,2,673848,171544,171544,896,Round 2,2024-06-09,Dave Irving,935,Center Chains DGC at Hope A. Davey Park,Blue Tees,54,18,1,11:30:00,50,-4,954,101,True,False,18,50,True,True,True
77695,2024,MA50,2,673848,179138,179138,845,Round 2,2024-06-09,Chris Hancewicz,831,Center Chains DGC at Hope A. Davey Park,Blue Tees,54,18,1,11:20:00,54,0,906,114,True,False,18,54,True,True,True
77695,2024,MA50,2,673848,139113,139113,862,Round 2,2024-06-09,Norman Wedge,859,Center Chains DGC at Hope A. Davey Park,Blue Tees,54,18,3,11:30:00,55,1,894,115,True,False,18,55,True,True,True
77695,2024,MA50,2,673848,140732,140732,807,Round 2,2024-06-09,Matt Saltus,821,Center Chains DGC at Hope A. Davey Park,Blue Tees,54,18,2,11:30:00,58,4,857,117,True,False,18,58,True,True,True
77695,2024,MA50,2,673848,177424,177424,810,Round 2,2024-06-09,Kevin Delony,817,Center Chains DGC at Hope A. Davey Park,Blue Tees,54,18,2,11:20:00,60,6,833,122,True,False,18,60,True,True,True
77695,2024,MA50,2,673848,155933,155933,794,Round 2,2024-06-09,Mourning Fox,,Center Chains DGC at Hope A. Davey Park,Blue Tees,54,18,3,11:20:00,65,11,773,133,True,False,18,65,True,True,True
77695,2024,MA60,1,673848,91301,91301,892,Round 1,2024-06-09,Michael A. Stridsberg,898,Center Chains DGC at Hope A. Davey Park,Blue Tees,54,18,4,11:00:00,56,2,881,108,True,False,18,56,True,True,True
77695,2024,MA60,1,673848,109009,109009,872,Round 1,2024-06-09,José de Ondarza,870,Center Chains DGC at Hope A. Davey Park,Blue Tees,54,18,3,11:00:00,56,2,881,113,True,False,18,56,True,True,True
77695,2024,MA60,1,673848,202875,202875,893,Round 1,2024-06-09,Thomas Limanek,911,Center Chains DGC at Hope A. Davey Park,Blue Tees,54,18,2,11:10:00,56,2,881,114,True,False,18,56,True,True,True
77695,2024,MA60,1,673848,131352,131352,811,Round 1,2024-06-09,David Havens,816,Center Chains DGC at Hope A. Davey Park,Blue Tees,54,18,3,11:10:00,59,5,845,125,True,False,18,59,True,True,True
77695,2024,MA60,1,673848,74478,74478,863,Round 1,2024-06-09,John Sudarsky,845,Center Chains DGC at Hope A. Davey Park,Blue Tees,54,18,1,11:10:00,60,6,833,116,True,False,18,60,True,True,True
77695,2024,MA60,1,673848,124175,124175,783,Round 1,2024-06-09,Fred Kopitzke,775,Center Chains DGC at Hope A. Davey Park,Blue Tees,54,18,2,11:20:00,64,10,785,130,True,False,18,64,True,True,True
77695,2024,MA60,1,673848,195353,195353,748,Round 1,2024-06-09,Jerome Mendicino,730,Center Chains DGC at Hope A. Davey Park,Blue Tees,54,18,1,11:20:00,67,13,749,136,True,False,18,67,True,True,True
77695,2024,MA60,1,673848,248502,248502,775,Round 1,2024-06-09,Christian Andresen,846,Center Chains DGC at Hope A. Davey Park,Blue Tees,54,18,3,11:20:00,67,13,749,127,True,False,18,67,True,True,True
77695,2024,MA60,2,673848,91301,91301,892,Round 2,2024-06-09,Michael A. Stridsberg,898,Center Chains DGC at Hope A. Davey Park,Blue Tees,54,18,1,11:50:00,52,-2,930,108,True,False,18,52,True,True,True
77695,2024,MA60,2,673848,109009,109009,872,Round 2,2024-06-09,José de Ondarza,870,Center Chains DGC at Hope A. Davey Park,Blue Tees,54,18,2,11:50:00,57,3,869,113,True,False,18,57,True,True,True
77695,2024,MA60,2,673848,202875,202875,893,Round 2,2024-06-09,Thomas Limanek,911,Center Chains DGC at Hope A. Davey Park,Blue Tees,54,18,3,11:50:00,58,4,857,114,True,False,18,58,True,True,True
77695,2024,MA60,2,673848,74478,74478,863,Round 2,2024-06-09,John Sudarsky,845,Center Chains DGC at Hope A. Davey Park,Blue Tees,54,18,1,11:40:00,56,2,881,116,True,False,18,56,True,True,True
77695,2024,MA60,2,673848,131352,131352,811,Round 2,2024-06-09,David Havens,816,Center Chains DGC at Hope A. Davey Park,Blue Tees,54,18,4,11:50:00,66,12,761,125,True,False,18,66,True,True,True
77695,2024,MA60,2,673848,248502,248502,775,Round 2,2024-06-09,Christian Andresen,846,Center Chains DGC at Hope A. Davey Park,Blue Tees,54,18,4,11:40:00,60,6,833,127,True,False,18,60,True,True,True
77695,2024,MA60,2,673848,124175,124175,783,Round 2,2024-06-09,Fred Kopitzke,775,Center Chains DGC at Hope A. Davey Park,Blue Tees,54,18,2,11:40:00,66,12,761,130,True,False,18,66,True,True,True
77695,2024,MA60,2,673848,195353,195353,748,Round 2,2024-06-09,Jerome Mendicino,730,Center Chains DGC at Hope A. Davey Park,Blue Tees,54,18,3,11:40:00,69,15,724,136,True,False,18,69,True,True,True
77695,2024,MJ12,1,673849,name:peyton dozer,,,Round 1,2024-06-09,Peyton Dozer,,Center Chains DGC at Hope A. Davey Park,White Tees,54,18,2,07:40:00,85,31,401,159,True,False,18,85,True,True,True
77695,2024,MJ12,2,673849,name:peyton dozer,,,Round 2,2024-06-09,Peyton Dozer,,Center Chains DGC at Hope A. Davey Park,White Tees,54,18,1,08:00:00,74,20,556,159,True,False,18,74,True,True,True
77695,2024,MP40,1,673848,83212,83212,908,Round 1,2024-06-09,Cory Barron,885,Center Chains DGC at Hope A. Davey Park,Blue Tees,54,18,2,13:10:00,50,-4,954,101,True,False,18,50,True,True,True
77695,2024,MP40,1,673848,193211,193211,941,Round 1,2024-06-09,Greg Babbin,933,Center Chains DGC at Hope A. Davey Park,Blue Tees,54,18,2,13:00:00,52,-2,930,106,True,False,18,52,True,True,True
77695,2024,MP40,1,673848,160671,160671,906,Round 1,2024-06-09,Elliot Waring,,Center Chains DGC at Hope A. Davey Park,Blue Tees,54,18,3,13:10:00,53,-1,918,107,True,False,18,53,True,True,True
77695,2024,MP40,1,673848,159476,159476,909,Round 1,2024-06-09,James Lightholder,899,Center Chains DGC at Hope A. Davey Park,Blue Tees,54,18,1,13:00:00,54,0,906,104,True,False,18,54,True,True,True
77695,2024,MP40,1,673848,24381,24381,944,Round 1,2024-06-09,Chris Young,937,Center Chains DGC at Hope A. Davey Park,Blue Tees,54,18,1,13:10:00,55,1,894,111,True,False,18,55,True,True,True
77695,2024,MP40,1,673848,99260,99260,877,Round 1,2024-06-09,Matthew Martell,880,Center Chains DGC at Hope A. Davey Park,Blue Tees,54,18,3,13:00:00,57,3,869,112,True,False,18,57,True,True,True
77695,2024,MP40,2,673848,83212,83212,908,Round 2,2024-06-09,Cory Barron,885,Center Chains DGC at Hope A. Davey Park,Blue Tees,54,18,1,13:30:00,51,-3,942,101,True,False,18,51,True,True,True
77695,2024,MP40,2,673848,159476,159476,909,Round 2,2024-06-09,James Lightholder,899,Center Chains DGC at Hope A. Davey Park,Blue Tees,54,18,1,13:20:00,50,-4,954,104,True,False,18,50,True,True,True
77695,2024,MP40,2,673848,193211,193211,941,Round 2,2024-06-09,Greg Babbin,933,Center Chains DGC at Hope A. Davey Park,Blue Tees,54,18,2,13:30:00,54,0,906,106,True,False,18,54,True,True,True
77695,2024,MP40,2,673848,160671,160671,906,Round 2,2024-06-09,Elliot Waring,,Center Chains DGC at Hope A. Davey Park,Blue Tees,54,18,3,13:30:00,54,0,906,107,True,False,18,54,True,True,True
77695,2024,MP40,2,673848,24381,24381,944,Round 2,2024-06-09,Chris Young,937,Center Chains DGC at Hope A. Davey Park,Blue Tees,54,18,2,13:20:00,56,2,881,111,True,False,18,56,True,True,True
77695,2024,MP40,2,673848,99260,99260,877,Round 2,2024-06-09,Matthew Martell,880,Center Chains DGC at Hope A. Davey Park,Blue Tees,54,18,3,13:20:00,55,1,894,112,True,False,18,55,True,True,True
77695,2024,MP50,1,673848,125921,125921,888,Round 1,2024-06-09,Christopher Conk,905,Center Chains DGC at Hope A. Davey Park,Blue Tees,54,18,3,12:50:00,56,2,881,116,True,False,18,56,True,True,True
77695,2024,MP50,1,673848,223480,223480,872,Round 1,2024-06-09,Marc Kirkpatrick,879,Center Chains DGC at Hope A. Davey Park,Blue Tees,54,18,4,12:50:00,56,2,881,109,True,False,18,56,True,True,True
77695,2024,MP50,1,673848,84880,84880,905,Round 1,2024-06-09,Marcos Miller,,Center Chains DGC at Hope A. Davey Park,Blue Tees,54,18,2,12:50:00,58,4,857,110,True,False,18,58,True,True,True
77695,2024,MP50,1,673848,73991,73991,874,Round 1,2024-06-09,Jeff Milchen,855,Center Chains DGC at Hope A. Davey Park,Blue Tees,54,18,1,12:50:00,66,12,761,120,True,False,18,66,True,True,True
77695,2024,MP50,2,673848,223480,223480,872,Round 2,2024-06-09,Marc Kirkpatrick,879,Center Chains DGC at Hope A. Davey Park,Blue Tees,54,18,2,13:10:00,53,-1,918,109,True,False,18,53,True,True,True
77695,2024,MP50,2,673848,84880,84880,905,Round 2,2024-06-09,Marcos Miller,,Center Chains DGC at Hope A. Davey Park,Blue Tees,54,18,3,13:10:00,52,-2,930,110,True,False,18,52,True,True,True
77695,2024,MP50,2,673848,125921,125921,888,Round 2,2024-06-09,Christopher Conk,905,Center Chains DGC at Hope A. Davey Park,Blue Tees,54,18,1,13:10:00,60,6,833,116,True,False,18,60,True,True,True
77695,2024,MP50,2,673848,73991,73991,874,Round 2,2024-06-09,Jeff Milchen,855,Center Chains DGC at Hope A. Davey Park,Blue Tees,54,18,4,13:10:00,54,0,906,120,True,False,18,54,True,True,True
77695,2024,MPO,1,673848,241573,241573,986,Round 1,2024-06-09,Whit Stephenson,998,Center Chains DGC at Hope A. Davey Park,Blue Tees,54,18,4,13:40:00,43,-11,1039,90,True,False,18,43,True,True,True
77695,2024,MPO,1,673848,187845,187845,936,Round 1,2024-06-09,Shane Seals,962,Center Chains DGC at Hope A. Davey Park,Blue Tees,54,18,2,13:40:00,44,-10,1026,88,True,False,18,44,True,True,True
77695,2024,MPO,1,673848,101589,101589,950,Round 1,2024-06-09,Joey de Ondarza,948,Center Chains DGC at Hope A. Davey Park,Blue Tees,54,18,2,14:20:00,48,-6,978,101,True,False,18,48,True,True,True
77695,2024,MPO,1,673848,180969,180969,934,Round 1,2024-06-09,Dalton Beighley,944,Center Chains DGC at Hope A. Davey Park,Blue Tees,54,18,4,13:50:00,48,-6,978,96,True,False,18,48,True,True,True
77695,2024,MPO,1,673848,287058,287058,,Round 1,2024-06-09,Ryan Gallagher,,Center Chains DGC at Hope A. Davey Park,Blue Tees,54,18,1,13:30:00,48,-6,978,100,True,False,18,48,True,True,True
77695,2024,MPO,1,673848,103627,103627,984,Round 1,2024-06-09,Clayton Davis,,Center Chains DGC at Hope A. Davey Park,Blue Tees,54,18,1,13:40:00,50,-4,954,96,True,False,18,50,True,True,True
77695,2024,MPO,1,673848,109497,109497,902,Round 1,2024-06-09,Michael Casey,,Center Chains DGC at Hope A. Davey Park,Blue Tees,54,18,3,14:20:00,50,-4,954,99,True,False,18,50,True,True,True
77695,2024,MPO,1,673848,168047,168047,882,Round 1,2024-06-09,Jim Desisto,915,Center Chains DGC at Hope A. Davey Park,Blue Tees,54,18,1,14:10:00,51,-3,942,109,True,False,18,51,True,True,True
77695,2024,MPO,1,673848,114674,114674,915,Round 1,2024-06-09,Jordan Lamson,,Center Chains DGC at Hope A. Davey Park,Blue Tees,54,18,1,14:00:00,53,-1,918,108,True,False,18,53,True,True,True
77695,2024,MPO,1,673848,125328,125328,936,Round 1,2024-06-09,Dana Carpenter,,Center Chains DGC at Hope A. Davey Park,Blue Tees,54,18,2,14:10:00,53,-1,918,107,True,False,18,53,True,True,True
77695,2024,MPO,1,673848,136903,136903,960,Round 1,2024-06-09,Alex Ferguson,957,Center Chains DGC at Hope A. Davey Park,Blue Tees,54,18,3,13:30:00,53,-1,918,99,True,False,18,53,True,True,True
77695,2024,MPO,1,673848,274055,274055,,Round 1,2024-06-09,Michael Briggs,,Center Chains DGC at Hope A. Davey Park,Blue Tees,54,18,1,14:20:00,53,-1,918,106,True,False,18,53,True,True,True
77695,2024,MPO,1,673848,175583,175583,906,Round 1,2024-06-09,Rob Salter,948,Center Chains DGC at Hope A. Davey Park,Blue Tees,54,18,3,13:50:00,54,0,906,109,True,False,18,54,True,True,True
77695,2024,MPO,1,673848,176526,176526,935,Round 1,2024-06-09,Porter Awad,,Center Chains DGC at Hope A. Davey Park,Blue Tees,54,18,3,14:00:00,55,1,894,109,True,False,18,55,True,True,True
77695,2024,MPO,1,673848,100885,100885,963,Round 1,2024-06-09,Jacob Moore,945,Center Chains DGC at Hope A. Davey Park,Blue Tees,54,18,2,14:00:00,56,2,881,105,True,False,18,56,True,True,True
77695,2024,MPO,1,673848,109051,109051,891,Round 1,2024-06-09,Taylor Jones,866,Center Chains DGC at Hope A. Davey Park,Blue Tees,54,18,1,13:50:00,56,2,881,115,True,False,18,56,True,True,True
77695,2024,MPO,1,673848,106970,106970,873,Round 1,2024-06-09,Stefan Farrell,852,Center Chains DGC at Hope A. Davey Park,Blue Tees,54,18,3,14:10:00,57,3,869,110,True,False,18,57,True,True,True
77695,2024,MPO,1,673848,221449,221449,900,Round 1,2024-06-09,Shane Proctor,885,Center Chains DGC at Hope A. Davey Park,Blue Tees,54,18,2,13:30:00,58,4,857,111,True,False,18,58,True,True,True
77695,2024,MPO,1,673848,241286,241286,888,Round 1,2024-06-09,Justin Burklow,951,Center Chains DGC at Hope A. Davey Park,Blue Tees,54,18,2,13:50:00,59,5,845,111,True,False,18,59,True,True,True
77695,2024,MPO,1,673848,257327,257327,902,Round 1,2024-06-09,Owen Motyka,920,Center Chains DGC at Hope A. Davey Park,Blue Tees,54,18,4,14:20:00,59,5,845,118,True,False,18,59,True,True,True
77695,2024,MPO,1,673848,223671,223671,933,Round 1,2024-06-09,Brendan Van Tuinen,942,Center Chains DGC at Hope A. Davey Park,Blue Tees,54,18,3,13:40:00,60,6,833,111,True,False,18,60,True,True,True
77695,2024,MPO,1,673848,142744,142744,963,Round 1,2024-06-09,Abel German,974,Center Chains DGC at Hope A. Davey Park,Blue Tees,54,18,4,14:10:00,61,7,821,117,True,False,18,61,True,True,True
77695,2024,MPO,1,673848,239437,239437,735,Round 1,2024-06-09,Simon Bethune,830,Center Chains DGC at Hope A. Davey Park,Blue Tees,54,18,4,13:30:00,69,15,724,142,True,False,18,69,True,True,True
77695,2024,MPO,2,673848,187845,187845,936,Round 2,2024-06-09,Shane Seals,962,Center Chains DGC at Hope A. Davey Park,Blue Tees,54,18,2,14:40:00,44,-10,1026,88,True,False,18,44,True,True,True
77695,2024,MPO,2,673848,241573,241573,986,Round 2,2024-06-09,Whit Stephenson,998,Center Chains DGC at Hope A. Davey Park,Blue Tees,54,18,1,14:40:00,47,-7,990,90,True,False,18,47,True,True,True
77695,2024,MPO,2,673848,103627,103627,984,Round 2,2024-06-09,Clayton Davis,,Center Chains DGC at Hope A. Davey Park,Blue Tees,54,18,2,14:30:00,46,-8,1002,96,True,False,18,46,True,True,True
77695,2024,MPO,2,673848,180969,180969,934,Round 2,2024-06-09,Dalton Beighley,944,Center Chains DGC at Hope A. Davey Park,Blue Tees,54,18,4,14:40:00,48,-6,978,96,True,False,18,48,True,True,True
77695,2024,MPO,2,673848,136903,136903,960,Round 2,2024-06-09,Alex Ferguson,957,Center Chains DGC at Hope A. Davey Park,Blue Tees,54,18,3,14:20:00,46,-8,1002,99,True,False,18,46,True,True,True
77695,2024,MPO,2,673848,109497,109497,902,Round 2,2024-06-09,Michael Casey,,Center Chains DGC at Hope A. Davey Park,Blue Tees,54,18,3,14:30:00,49,-5,966,99,True,False,18,49,True,True,True
77695,2024,MPO,2,673848,287058,287058,,Round 2,2024-06-09,Ryan Gallagher,,Center Chains DGC at Hope A. Davey Park,Blue Tees,54,18,1,14:30:00,52,-2,930,100,True,False,18,52,True,True,True
77695,2024,MPO,2,673848,101589,101589,950,Round 2,2024-06-09,Joey de Ondarza,948,Center Chains DGC at Hope A. Davey Park,Blue Tees,54,18,3,14:40:00,53,-1,918,101,True,False,18,53,True,True,True
77695,2024,MPO,2,673848,100885,100885,963,Round 2,2024-06-09,Jacob Moore,945,Center Chains DGC at Hope A. Davey Park,Blue Tees,54,18,3,14:10:00,49,-5,966,105,True,False,18,49,True,True,True
77695,2024,MPO,2,673848,274055,274055,,Round 2,2024-06-09,Michael Briggs,,Center Chains DGC at Hope A. Davey Park,Blue Tees,54,18,4,14:20:00,53,-1,918,106,True,False,18,53,True,True,True
77695,2024,MPO,2,673848,125328,125328,936,Round 2,2024-06-09,Dana Carpenter,,Center Chains DGC at Hope A. Davey Park,Blue Tees,54,18,2,14:20:00,54,0,906,107,True,False,18,54,True,True,True
77695,2024,MPO,2,673848,114674,114674,915,Round 2,2024-06-09,Jordan Lamson,,Center Chains DGC at Hope A. Davey Park,Blue Tees,54,18,1,14:20:00,55,1,894,108,True,False,18,55,True,True,True
77695,2024,MPO,2,673848,176526,176526,935,Round 2,2024-06-09,Porter Awad,,Center Chains DGC at Hope A. Davey Park,Blue Tees,54,18,2,14:10:00,54,0,906,109,True,False,18,54,True,True,True
77695,2024,MPO,2,673848,175583,175583,906,Round 2,2024-06-09,Rob Salter,948,Center Chains DGC at Hope A. Davey Park,Blue Tees,54,18,1,14:10:00,55,1,894,109,True,False,18,55,True,True,True
77695,2024,MPO,2,673848,168047,168047,882,Round 2,2024-06-09,Jim Desisto,915,Center Chains DGC at Hope A. Davey Park,Blue Tees,54,18,4,14:30:00,58,4,857,109,True,False,18,58,True,True,True
77695,2024,MPO,2,673848,106970,106970,873,Round 2,2024-06-09,Stefan Farrell,852,Center Chains DGC at Hope A. Davey Park,Blue Tees,54,18,1,14:00:00,53,-1,918,110,True,False,18,53,True,True,True
77695,2024,MPO,2,673848,223671,223671,933,Round 2,2024-06-09,Brendan Van Tuinen,942,Center Chains DGC at Hope A. Davey Park,Blue Tees,54,18,1,13:50:00,51,-3,942,111,True,False,18,51,True,True,True
77695,2024,MPO,2,673848,241286,241286,888,Round 2,2024-06-09,Justin Burklow,951,Center Chains DGC at Hope A. Davey Park,Blue Tees,54,18,3,14:00:00,52,-2,930,111,True,False,18,52,True,True,True
77695,2024,MPO,2,673848,221449,221449,900,Round 2,2024-06-09,Shane Proctor,885,Center Chains DGC at Hope A. Davey Park,Blue Tees,54,18,2,14:00:00,53,-1,918,111,True,False,18,53,True,True,True
77695,2024,MPO,2,673848,109051,109051,891,Round 2,2024-06-09,Taylor Jones,866,Center Chains DGC at Hope A. Davey Park,Blue Tees,54,18,4,14:10:00,59,5,845,115,True,False,18,59,True,True,True
77695,2024,MPO,2,673848,142744,142744,963,Round 2,2024-06-09,Abel German,974,Center Chains DGC at Hope A. Davey Park,Blue Tees,54,18,2,13:50:00,56,2,881,117,True,False,18,56,True,True,True
77695,2024,MPO,2,673848,257327,257327,902,Round 2,2024-06-09,Owen Motyka,920,Center Chains DGC at Hope A. Davey Park,Blue Tees,54,18,4,14:00:00,59,5,845,118,True,False,18,59,True,True,True
77695,2024,MPO,2,673848,239437,239437,735,Round 2,2024-06-09,Simon Bethune,830,Center Chains DGC at Hope A. Davey Park,Blue Tees,54,18,3,13:50:00,73,19,676,142,True,False,18,73,True,True,True
76286,2024,FA1,1,675537,193364,193364,830,Round 1,2024-06-23,Taylor Jarest,859,Smugglers Notch Disc Golf Center - Brewster Ridge,Brewster Ridge Blue Tees,62,18,3,12:40:00,67,5,887,209,True,False,18,67,True,True,True
76286,2024,FA1,1,675537,227026,227026,855,Round 1,2024-06-23,Allie Lawler,867,Smugglers Notch Disc Golf Center - Brewster Ridge,Brewster Ridge Blue Tees,62,18,4,12:30:00,71,9,851,217,True,False,18,71,True,True,True
76286,2024,FA1,1,675537,125884,125884,826,Round 1,2024-06-23,Kaidence Moore,809,Smugglers Notch Disc Golf Center - Brewster Ridge,Brewster Ridge Blue Tees,62,18,1,12:40:00,72,10,842,213,True,False,18,72,True,True,True
76286,2024,FA1,1,675537,150312,150312,856,Round 1,2024-06-23,Nicole Kading,844,Smugglers Notch Disc Golf Center - Brewster Ridge,Brewster Ridge Blue Tees,62,18,1,12:20:00,72,10,842,203,True,False,18,72,True,True,True
76286,2024,FA1,1,675537,182424,182424,833,Round 1,2024-06-23,Olivia Martin,859,Smugglers Notch Disc Golf Center - Brewster Ridge,Brewster Ridge Blue Tees,62,18,2,12:40:00,72,10,842,226,True,False,18,72,True,True,True
76286,2024,FA1,1,675537,174497,174497,838,Round 1,2024-06-23,Lizzy Marquis,854,Smugglers Notch Disc Golf Center - Brewster Ridge,Brewster Ridge Blue Tees,62,18,3,12:30:00,73,11,833,212,True,False,18,73,True,True,True
76286,2024,FA1,1,675537,228248,228248,818,Round 1,2024-06-23,Isza Parchini,802,Smugglers Notch Disc Golf Center - Brewster Ridge,Brewster Ridge Blue Tees,62,18,3,12:20:00,74,12,824,227,True,False,18,74,True,True,True
76286,2024,FA1,1,675537,176941,176941,853,Round 1,2024-06-23,Mckayla Haley,873,Smugglers Notch Disc Golf Center - Brewster Ridge,Brewster Ridge Blue Tees,62,18,2,12:20:00,75,13,815,216,True,False,18,75,True,True,True
76286,2024,FA1,1,675537,121311,121311,774,Round 1,2024-06-23,Emily Braun,845,Smugglers Notch Disc Golf Center - Brewster Ridge,Brewster Ridge Blue Tees,62,18,1,12:30:00,80,18,769,227,True,False,18,80,True,True,True
76286,2024,FA1,1,675537,150234,150234,781,Round 1,2024-06-23,Erica Randall,,Smugglers Notch Disc Golf Center - Brewster Ridge,Brewster Ridge Blue Tees,62,18,2,12:30:00,83,21,742,243,True,False,18,83,True,True,True
76286,2024,FA1,1,675537,282534,282534,739,Round 1,2024-06-23,Kayla Neumeister,752,Smugglers Notch Disc Golf Center - Brewster Ridge,Brewster Ridge Blue Tees,62,18,4,12:20:00,87,25,706,264,True,False,18,87,True,True,True
76286,2024,FA1,2,675541,150312,150312,856,Round 2,2024-06-23,Nicole Kading,844,Smugglers Notch Disc Golf Center - Fox Run,Fox Run Meadows White Tees,62,18,4,10:20:00,62,0,904,203,True,False,18,62,True,True,True
76286,2024,FA1,2,675541,193364,193364,830,Round 2,2024-06-23,Taylor Jarest,859,Smugglers Notch Disc Golf Center - Fox Run,Fox Run Meadows White Tees,62,18,1,10:20:00,67,5,856,209,True,False,18,67,True,True,True
76286,2024,FA1,2,675541,125884,125884,826,Round 2,2024-06-23,Kaidence Moore,809,Smugglers Notch Disc Golf Center - Fox Run,Fox Run Meadows White Tees,62,18,3,10:20:00,66,4,865,213,True,False,18,66,True,True,True
76286,2024,FA1,2,675541,176941,176941,853,Round 2,2024-06-23,Mckayla Haley,873,Smugglers Notch Disc Golf Center - Fox Run,Fox Run Meadows White Tees,62,18,4,10:10:00,67,5,856,216,True,False,18,67,True,True,True
76286,2024,FA1,2,675541,182424,182424,833,Round 2,2024-06-23,Olivia Martin,859,Smugglers Notch Disc Golf Center - Fox Run,Fox Run Meadows White Tees,62,18,1,10:10:00,71,9,817,226,True,False,18,71,True,True,True
76286,2024,FA1,2,675541,174497,174497,838,Round 2,2024-06-23,Lizzy Marquis,854,Smugglers Notch Disc Golf Center - Fox Run,Fox Run Meadows White Tees,62,18,2,10:10:00,72,10,808,212,True,False,18,72,True,True,True
76286,2024,FA1,2,675541,227026,227026,855,Round 2,2024-06-23,Allie Lawler,867,Smugglers Notch Disc Golf Center - Fox Run,Fox Run Meadows White Tees,62,18,2,10:20:00,74,12,788,217,True,False,18,74,True,True,True
76286,2024,FA1,2,675541,228248,228248,818,Round 2,2024-06-23,Isza Parchini,802,Smugglers Notch Disc Golf Center - Fox Run,Fox Run Meadows White Tees,62,18,3,10:10:00,72,10,808,227,True,False,18,72,True,True,True
76286,2024,FA1,2,675541,121311,121311,774,Round 2,2024-06-23,Emily Braun,845,Smugglers Notch Disc Golf Center - Fox Run,Fox Run Meadows White Tees,62,18,1,10:00:00,69,7,836,227,True,False,18,69,True,True,True
76286,2024,FA1,2,675541,150234,150234,781,Round 2,2024-06-23,Erica Randall,,Smugglers Notch Disc Golf Center - Fox Run,Fox Run Meadows White Tees,62,18,2,10:00:00,81,19,721,243,True,False,18,81,True,True,True
76286,2024,FA1,2,675541,282534,282534,739,Round 2,2024-06-23,Kayla Neumeister,752,Smugglers Notch Disc Golf Center - Fox Run,Fox Run Meadows White Tees,62,18,3,10:00:00,91,29,625,264,True,False,18,91,True,True,True
76286,2024,FA1,3,677300,150312,150312,856,Round 3,2024-06-23,Nicole Kading,844,Smugglers Notch Disc Golf Center - Brewster Ridge,Brewster Ridge Blue Tees Rd3,62,18,1,12:30:00,69,7,879,203,True,False,18,69,True,True,True
76286,2024,FA1,3,677300,193364,193364,830,Round 3,2024-06-23,Taylor Jarest,859,Smugglers Notch Disc Golf Center - Brewster Ridge,Brewster Ridge Blue Tees Rd3,62,18,2,12:30:00,75,13,825,209,True,False,18,75,True,True,True
76286,2024,FA1,3,677300,174497,174497,838,Round 3,2024-06-23,Lizzy Marquis,854,Smugglers Notch Disc Golf Center - Brewster Ridge,Brewster Ridge Blue Tees Rd3,62,18,2,12:20:00,67,5,896,212,True,False,18,67,True,True,True
76286,2024,FA1,3,677300,125884,125884,826,Round 3,2024-06-23,Kaidence Moore,809,Smugglers Notch Disc Golf Center - Brewster Ridge,Brewster Ridge Blue Tees Rd3,62,18,3,12:30:00,75,13,825,213,True,False,18,75,True,True,True
76286,2024,FA1,3,677300,176941,176941,853,Round 3,2024-06-23,Mckayla Haley,873,Smugglers Notch Disc Golf Center - Brewster Ridge,Brewster Ridge Blue Tees Rd3,62,18,4,12:30:00,74,12,834,216,True,False,18,74,True,True,True
76286,2024,FA1,3,677300,227026,227026,855,Round 3,2024-06-23,Allie Lawler,867,Smugglers Notch Disc Golf Center - Brewster Ridge,Brewster Ridge Blue Tees Rd3,62,18,3,12:20:00,72,10,852,217,True,False,18,72,True,True,True
76286,2024,FA1,3,677300,182424,182424,833,Round 3,2024-06-23,Olivia Martin,859,Smugglers Notch Disc Golf Center - Brewster Ridge,Brewster Ridge Blue Tees Rd3,62,18,1,12:20:00,83,21,754,226,True,False,18,83,True,True,True
76286,2024,FA1,3,677300,121311,121311,774,Round 3,2024-06-23,Emily Braun,845,Smugglers Notch Disc Golf Center - Brewster Ridge,Brewster Ridge Blue Tees Rd3,62,18,1,12:10:00,78,16,799,227,True,False,18,78,True,True,True
76286,2024,FA1,3,677300,228248,228248,818,Round 3,2024-06-23,Isza Parchini,802,Smugglers Notch Disc Golf Center - Brewster Ridge,Brewster Ridge Blue Tees Rd3,62,18,4,12:20:00,81,19,772,227,True,False,18,81,True,True,True
76286,2024,FA1,3,677300,150234,150234,781,Round 3,2024-06-23,Erica Randall,,Smugglers Notch Disc Golf Center - Brewster Ridge,Brewster Ridge Blue Tees Rd3,62,18,2,12:10:00,79,17,790,243,True,False,18,79,True,True,True
76286,2024,FA1,3,677300,282534,282534,739,Round 3,2024-06-23,Kayla Neumeister,752,Smugglers Notch Disc Golf Center - Brewster Ridge,Brewster Ridge Blue Tees Rd3,62,18,3,12:10:00,86,24,727,264,True,False,18,86,True,True,True
76286,2024,FA2,1,675545,159875,159875,766,Round 1,2024-06-23,Jean Saunders,,Smugglers Notch Disc Golf Center - Brewster Ridge,Brewster Ridge White Tees,62,18,1,08:40:00,63,1,820,201,True,False,18,63,True,True,True
76286,2024,FA2,1,675545,214980,214980,783,Round 1,2024-06-23,Shannon Nightingale,796,Smugglers Notch Disc Golf Center - Brewster Ridge,Brewster Ridge White Tees,62,18,2,08:50:00,64,2,808,196,True,False,18,64,True,True,True
76286,2024,FA2,1,675545,170809,170809,698,Round 1,2024-06-23,Brita Tirrell,777,Smugglers Notch Disc Golf Center - Brewster Ridge,Brewster Ridge White Tees,62,18,2,08:40:00,67,5,774,217,True,False,18,67,True,True,True
76286,2024,FA2,1,675545,213568,213568,785,Round 1,2024-06-23,Annie Lamontagne,,Smugglers Notch Disc Golf Center - Brewster Ridge,Brewster Ridge White Tees,62,18,3,08:40:00,67,5,774,195,True,False,18,67,True,True,True
76286,2024,FA2,1,675545,282515,282515,,Round 1,2024-06-23,Stephanie Volk,,Smugglers Notch Disc Golf Center - Brewster Ridge,Brewster Ridge White Tees,62,18,4,08:40:00,67,5,774,191,True,False,18,67,True,True,True
76286,2024,FA2,1,675545,149174,149174,796,Round 1,2024-06-23,Nikki McLaughlin,,Smugglers Notch Disc Golf Center - Brewster Ridge,Brewster Ridge White Tees,62,18,1,08:50:00,69,7,751,222,True,False,18,69,True,True,True
76286,2024,FA2,1,675545,279507,279507,777,Round 1,2024-06-23,Madison Tsao,,Smugglers Notch Disc Golf Center - Brewster Ridge,Brewster Ridge White Tees,62,18,4,08:50:00,70,8,739,219,True,False,18,70,True,True,True
76286,2024,FA2,1,675545,243272,243272,681,Round 1,2024-06-23,Cadie Wells-Robinson,730,Smugglers Notch Disc Golf Center - Brewster Ridge,Brewster Ridge White Tees,62,18,3,08:50:00,78,16,647,212,True,False,18,78,True,True,True
76286,2024,FA2,2,675546,282515,282515,,Round 2,2024-06-23,Stephanie Volk,,Smugglers Notch Disc Golf Center - Fox Run,Fox Run Meadows Red Tees,63,18,1,08:20:00,58,-5,874,191,True,False,18,58,True,True,True
76286,2024,FA2,2,675546,213568,213568,785,Round 2,2024-06-23,Annie Lamontagne,,Smugglers Notch Disc Golf Center - Fox Run,Fox Run Meadows Red Tees,63,18,4,08:30:00,65,2,793,195,True,False,18,65,True,True,True
76286,2024,FA2,2,675546,159875,159875,766,Round 2,2024-06-23,Jean Saunders,,Smugglers Notch Disc Golf Center - Fox Run,Fox Run Meadows Red Tees,63,18,1,08:30:00,71,8,723,201,True,False,18,71,True,True,True
76286,2024,FA2,2,675546,214980,214980,783,Round 2,2024-06-23,Shannon Nightingale,796,Smugglers Notch Disc Golf Center - Fox Run,Fox Run Meadows Red Tees,63,18,2,08:30:00,72,9,712,196,True,False,18,72,True,True,True
76286,2024,FA2,2,675546,243272,243272,681,Round 2,2024-06-23,Cadie Wells-Robinson,730,Smugglers Notch Disc Golf Center - Fox Run,Fox Run Meadows Red Tees,63,18,4,08:20:00,60,-3,851,212,True,False,18,60,True,True,True
76286,2024,FA2,2,675546,149174,149174,796,Round 2,2024-06-23,Nikki McLaughlin,,Smugglers Notch Disc Golf Center - Fox Run,Fox Run Meadows Red Tees,63,18,2,08:20:00,71,8,723,222,True,False,18,71,True,True,True
76286,2024,FA2,2,675546,170809,170809,698,Round 2,2024-06-23,Brita Tirrell,777,Smugglers Notch Disc Golf Center - Fox Run,Fox Run Meadows Red Tees,63,18,3,08:30:00,73,10,700,217,True,False,18,73,True,True,True
76286,2024,FA2,2,675546,279507,279507,777,Round 2,2024-06-23,Madison Tsao,,Smugglers Notch Disc Golf Center - Fox Run,Fox Run Meadows Red Tees,63,18,3,08:20:00,78,15,642,219,True,False,18,78,True,True,True
76286,2024,FA2,3,677298,282515,282515,,Round 3,2024-06-23,Stephanie Volk,,Smugglers Notch Disc Golf Center - Brewster Ridge,Brewster Ridge White Tees Rd3,62,18,1,08:40:00,66,4,793,191,True,False,18,66,True,True,True
76286,2024,FA2,3,677298,213568,213568,785,Round 3,2024-06-23,Annie Lamontagne,,Smugglers Notch Disc Golf Center - Brewster Ridge,Brewster Ridge White Tees Rd3,62,18,2,08:40:00,63,1,827,195,True,False,18,63,True,True,True
76286,2024,FA2,3,677298,214980,214980,783,Round 3,2024-06-23,Shannon Nightingale,796,Smugglers Notch Disc Golf Center - Brewster Ridge,Brewster Ridge White Tees Rd3,62,18,4,08:40:00,60,-2,861,196,True,False,18,60,True,True,True
76286,2024,FA2,3,677298,159875,159875,766,Round 3,2024-06-23,Jean Saunders,,Smugglers Notch Disc Golf Center - Brewster Ridge,Brewster Ridge White Tees Rd3,62,18,3,08:40:00,67,5,782,201,True,False,18,67,True,True,True
76286,2024,FA2,3,677298,243272,243272,681,Round 3,2024-06-23,Cadie Wells-Robinson,730,Smugglers Notch Disc Golf Center - Brewster Ridge,Brewster Ridge White Tees Rd3,62,18,1,08:30:00,74,12,703,212,True,False,18,74,True,True,True
76286,2024,FA2,3,677298,170809,170809,698,Round 3,2024-06-23,Brita Tirrell,777,Smugglers Notch Disc Golf Center - Brewster Ridge,Brewster Ridge White Tees Rd3,62,18,3,08:30:00,77,15,669,217,True,False,18,77,True,True,True
76286,2024,FA2,3,677298,279507,279507,777,Round 3,2024-06-23,Madison Tsao,,Smugglers Notch Disc Golf Center - Brewster Ridge,Brewster Ridge White Tees Rd3,62,18,4,08:30:00,71,9,737,219,True,False,18,71,True,True,True
76286,2024,FA2,3,677298,149174,149174,796,Round 3,2024-06-23,Nikki McLaughlin,,Smugglers Notch Disc Golf Center - Brewster Ridge,Brewster Ridge White Tees Rd3,62,18,2,08:30:00,82,20,612,222,True,False,18,82,True,True,True
76286,2024,FA3,1,675545,250515,250515,746,Round 1,2024-06-23,Kirstin Theriault,,Smugglers Notch Disc Golf Center - Brewster Ridge,Brewster Ridge White Tees,62,18,2,08:00:00,63,1,820,196,True,False,18,63,True,True,True
76286,2024,FA3,1,675545,280966,280966,771,Round 1,2024-06-23,Jocelyn Cardenas,,Smugglers Notch Disc Golf Center - Brewster Ridge,Brewster Ridge White Tees,62,18,4,08:00:00,65,3,797,192,True,False,18,65,True,True,True
76286,2024,FA3,1,675545,189441,189441,771,Round 1,2024-06-23,Lindsay Flammey,,Smugglers Notch Disc Golf Center - Brewster Ridge,Brewster Ridge White Tees,62,18,1,08:00:00,75,13,682,212,True,False,18,75,True,True,True
76286,2024,FA3,1,675545,277475,277475,689,Round 1,2024-06-23,Erin Rice,727,Smugglers Notch Disc Golf Center - Brewster Ridge,Brewster Ridge White Tees,62,18,3,08:00:00,78,16,647,232,True,False,18,78,True,True,True
76286,2024,FA3,2,675546,280966,280966,771,Round 2,2024-06-23,Jocelyn Cardenas,,Smugglers Notch Disc Golf Center - Fox Run,Fox Run Meadows Red Tees,63,18,2,08:10:00,61,-2,839,192,True,False,18,61,True,True,True
76286,2024,FA3,2,675546,250515,250515,746,Round 2,2024-06-23,Kirstin Theriault,,Smugglers Notch Disc Golf Center - Fox Run,Fox Run Meadows Red Tees,63,18,1,08:10:00,64,1,805,196,True,False,18,64,True,True,True
76286,2024,FA3,2,675546,189441,189441,771,Round 2,2024-06-23,Lindsay Flammey,,Smugglers Notch Disc Golf Center - Fox Run,Fox Run Meadows Red Tees,63,18,3,08:10:00,68,5,758,212,True,False,18,68,True,True,True
76286,2024,FA3,2,675546,277475,277475,689,Round 2,2024-06-23,Erin Rice,727,Smugglers Notch Disc Golf Center - Fox Run,Fox Run Meadows Red Tees,63,18,4,08:10:00,80,17,619,232,True,False,18,80,True,True,True
76286,2024,FA3,3,677298,280966,280966,771,Round 3,2024-06-23,Jocelyn Cardenas,,Smugglers Notch Disc Golf Center - Brewster Ridge,Brewster Ridge White Tees Rd3,62,18,1,07:50:00,66,4,793,192,True,False,18,66,True,True,True
76286,2024,FA3,3,677298,250515,250515,746,Round 3,2024-06-23,Kirstin Theriault,,Smugglers Notch Disc Golf Center - Brewster Ridge,Brewster Ridge White Tees Rd3,62,18,2,07:50:00,69,7,759,196,True,False,18,69,True,True,True
76286,2024,FA3,3,677298,189441,189441,771,Round 3,2024-06-23,Lindsay Flammey,,Smugglers Notch Disc Golf Center - Brewster Ridge,Brewster Ridge White Tees Rd3,62,18,3,07:50:00,69,7,759,212,True,False,18,69,True,True,True
76286,2024,FA3,3,677298,277475,277475,689,Round 3,2024-06-23,Erin Rice,727,Smugglers Notch Disc Golf Center - Brewster Ridge,Brewster Ridge White Tees Rd3,62,18,4,07:50:00,74,12,703,232,True,False,18,74,True,True,True
76286,2024,FA40,1,675537,95197,95197,819,Round 1,2024-06-23,Pamela Dugas,831,Smugglers Notch Disc Golf Center - Brewster Ridge,Brewster Ridge Blue Tees,62,18,2,11:40:00,74,12,824,236,True,False,18,74,True,True,True
76286,2024,FA40,1,675537,77775,77775,859,Round 1,2024-06-23,Nathali Palencia Martin,857,Smugglers Notch Disc Golf Center - Brewster Ridge,Brewster Ridge Blue Tees,62,18,1,11:40:00,79,17,779,228,True,False,18,79,True,True,True
76286,2024,FA40,1,675537,126661,126661,772,Round 1,2024-06-23,Carla Strecker,,Smugglers Notch Disc Golf Center - Brewster Ridge,Brewster Ridge Blue Tees,62,18,3,11:40:00,79,17,779,236,True,False,18,79,True,True,True
76286,2024,FA40,1,675537,170432,170432,786,Round 1,2024-06-23,Rene Albee,,Smugglers Notch Disc Golf Center - Brewster Ridge,Brewster Ridge Blue Tees,62,18,4,11:40:00,84,22,733,248,True,False,18,84,True,True,True
76286,2024,FA40,2,675541,77775,77775,859,Round 2,2024-06-23,Nathali Palencia Martin,857,Smugglers Notch Disc Golf Center - Fox Run,Fox Run Meadows White Tees,62,18,2,09:50:00,74,12,788,228,True,False,18,74,True,True,True
76286,2024,FA40,2,675541,95197,95197,819,Round 2,2024-06-23,Pamela Dugas,831,Smugglers Notch Disc Golf Center - Fox Run,Fox Run Meadows White Tees,62,18,1,09:50:00,79,17,740,236,True,False,18,79,True,True,True
76286,2024,FA40,2,675541,126661,126661,772,Round 2,2024-06-23,Carla Strecker,,Smugglers Notch Disc Golf Center - Fox Run,Fox Run Meadows White Tees,62,18,3,09:50:00,80,18,730,236,True,False,18,80,True,True,True
76286,2024,FA40,2,675541,170432,170432,786,Round 2,2024-06-23,Rene Albee,,Smugglers Notch Disc Golf Center - Fox Run,Fox Run Meadows White Tees,62,18,4,09:50:00,79,17,740,248,True,False,18,79,True,True,True
76286,2024,FA40,3,677300,77775,77775,859,Round 3,2024-06-23,Nathali Palencia Martin,857,Smugglers Notch Disc Golf Center - Brewster Ridge,Brewster Ridge Blue Tees Rd3,62,18,1,11:30:00,75,13,825,228,True,False,18,75,True,True,True
76286,2024,FA40,3,677300,126661,126661,772,Round 3,2024-06-23,Carla Strecker,,Smugglers Notch Disc Golf Center - Brewster Ridge,Brewster Ridge Blue Tees Rd3,62,18,3,11:30:00,77,15,807,236,True,False,18,77,True,True,True
76286,2024,FA40,3,677300,95197,95197,819,Round 3,2024-06-23,Pamela Dugas,831,Smugglers Notch Disc Golf Center - Brewster Ridge,Brewster Ridge Blue Tees Rd3,62,18,2,11:30:00,83,21,754,236,True,False,18,83,True,True,True
76286,2024,FA40,3,677300,170432,170432,786,Round 3,2024-06-23,Rene Albee,,Smugglers Notch Disc Golf Center - Brewster Ridge,Brewster Ridge Blue Tees Rd3,62,18,4,11:30:00,85,23,736,248,True,False,18,85,True,True,True
76286,2024,FP40,1,675541,31014,31014,861,Round 1,2024-06-23,Maureen McErlean,851,Smugglers Notch Disc Golf Center - Fox Run,Fox Run Meadows White Tees,62,18,1,07:50:00,69,7,836,214,True,False,18,69,True,True,True
76286,2024,FP40,1,675541,108158,108158,805,Round 1,2024-06-23,Toni Marston,,Smugglers Notch Disc Golf Center - Fox Run,Fox Run Meadows White Tees,62,18,3,07:50:00,71,9,817,231,True,False,18,71,True,True,True
76286,2024,FP40,1,675541,91441,91441,823,Round 1,2024-06-23,Fallon Enman,,Smugglers Notch Disc Golf Center - Fox Run,Fox Run Meadows White Tees,62,18,2,07:50:00,82,20,711,234,True,False,18,82,True,True,True
76286,2024,FP40,2,675537,31014,31014,861,Round 2,2024-06-23,Maureen McErlean,851,Smugglers Notch Disc Golf Center - Brewster Ridge,Brewster Ridge Blue Tees,62,18,1,08:00:00,70,8,860,214,True,False,18,70,True,True,True
76286,2024,FP40,2,675537,108158,108158,805,Round 2,2024-06-23,Toni Marston,,Smugglers Notch Disc Golf Center - Brewster Ridge,Brewster Ridge Blue Tees,62,18,2,08:00:00,82,20,751,231,True,False,18,82,True,True,True
76286,2024,FP40,2,675537,91441,91441,823,Round 2,2024-06-23,Fallon Enman,,Smugglers Notch Disc Golf Center - Brewster Ridge,Brewster Ridge Blue Tees,62,18,3,08:00:00,75,13,815,234,True,False,18,75,True,True,True
76286,2024,FP40,3,677295,31014,31014,861,Round 3,2024-06-23,Maureen McErlean,851,Smugglers Notch Disc Golf Center - Fox Run,Fox Run Meadows White Tees Rd3,62,18,1,07:40:00,75,13,812,214,True,False,18,75,True,True,True
76286,2024,FP40,3,677295,108158,108158,805,Round 3,2024-06-23,Toni Marston,,Smugglers Notch Disc Golf Center - Fox Run,Fox Run Meadows White Tees Rd3,62,18,2,07:40:00,78,16,785,231,True,False,18,78,True,True,True
76286,2024,FP40,3,677295,91441,91441,823,Round 3,2024-06-23,Fallon Enman,,Smugglers Notch Disc Golf Center - Fox Run,Fox Run Meadows White Tees Rd3,62,18,3,07:40:00,77,15,794,234,True,False,18,77,True,True,True
76286,2024,FPO,1,675542,96030,96030,942,Round 1,2024-06-23,Alex Benson,,Smugglers Notch Disc Golf Center - Fox Run,Fox Run Meadows Blue Tees,62,18,3,08:50:00,70,8,923,207,True,False,18,70,True,True,True
76286,2024,FPO,1,675542,125178,125178,903,Round 1,2024-06-23,Kaitlyn Clay,905,Smugglers Notch Disc Golf Center - Fox Run,Fox Run Meadows Blue Tees,62,18,3,09:00:00,71,9,915,216,True,False,18,71,True,True,True
76286,2024,FPO,1,675542,137796,137796,888,Round 1,2024-06-23,Jenna Gosselin,,Smugglers Notch Disc Golf Center - Fox Run,Fox Run Meadows Blue Tees,62,18,4,08:40:00,71,9,915,206,True,False,18,71,True,True,True
76286,2024,FPO,1,675542,203952,203952,876,Round 1,2024-06-23,Nicole Gonsalves,904,Smugglers Notch Disc Golf Center - Fox Run,Fox Run Meadows Blue Tees,62,18,4,09:00:00,71,9,915,210,True,False,18,71,True,True,True
76286,2024,FPO,1,675542,103743,103743,895,Round 1,2024-06-23,Karen Martel,927,Smugglers Notch Disc Golf Center - Fox Run,Fox Run Meadows Blue Tees,62,18,1,08:50:00,73,11,899,216,True,False,18,73,True,True,True
76286,2024,FPO,1,675542,122613,122613,864,Round 1,2024-06-23,Kelly Heslin,889,Smugglers Notch Disc Golf Center - Fox Run,Fox Run Meadows Blue Tees,62,18,2,08:40:00,73,11,899,222,True,False,18,73,True,True,True
76286,2024,FPO,1,675542,87094,87094,902,Round 1,2024-06-23,Rose Shertick,922,Smugglers Notch Disc Golf Center - Fox Run,Fox Run Meadows Blue Tees,62,18,1,09:10:00,74,12,891,215,True,False,18,74,True,True,True
76286,2024,FPO,1,675542,236328,236328,842,Round 1,2024-06-23,Brie Smith,900,Smugglers Notch Disc Golf Center - Fox Run,Fox Run Meadows Blue Tees,62,18,2,08:30:00,74,12,891,220,True,False,18,74,True,True,True
76286,2024,FPO,1,675542,166387,166387,841,Round 1,2024-06-23,Emily Sievert,850,Smugglers Notch Disc Golf Center - Fox Run,Fox Run Meadows Blue Tees,62,18,2,08:50:00,75,13,884,229,True,False,18,75,True,True,True
76286,2024,FPO,1,675542,174640,174640,865,Round 1,2024-06-23,Maureen McGuinness,,Smugglers Notch Disc Golf Center - Fox Run,Fox Run Meadows Blue Tees,62,18,3,09:10:00,74,14,876,225,True,False,18,74,True,True,True
76286,2024,FPO,1,675542,88131,88131,905,Round 1,2024-06-23,Nicole Russell,883,Smugglers Notch Disc Golf Center - Fox Run,Fox Run Meadows Blue Tees,62,18,4,09:10:00,77,15,868,222,True,False,18,77,True,True,True
76286,2024,FPO,1,675542,137170,137170,874,Round 1,2024-06-23,Elizabeth Cipar,903,Smugglers Notch Disc Golf Center - Fox Run,Fox Run Meadows Blue Tees,62,18,1,09:00:00,78,16,860,231,True,False,18,78,True,True,True
76286,2024,FPO,1,675542,163363,163363,860,Round 1,2024-06-23,Julie Bisson,883,Smugglers Notch Disc Golf Center - Fox Run,Fox Run Meadows Blue Tees,62,18,1,08:30:00,78,16,860,230,True,False,18,78,True,True,True
76286,2024,FPO,1,675542,83376,83376,884,Round 1,2024-06-23,Cassandra Lioi,891,Smugglers Notch Disc Golf Center - Fox Run,Fox Run Meadows Blue Tees,62,18,1,08:40:00,79,17,852,222,True,False,18,79,True,True,True
76286,2024,FPO,1,675542,132857,132857,867,Round 1,2024-06-23,Serena Lamson,,Smugglers Notch Disc Golf Center - Fox Run,Fox Run Meadows Blue Tees,62,18,2,09:10:00,79,17,852,243,True,False,18,79,True,True,True
76286,2024,FPO,1,675542,224820,224820,836,Round 1,2024-06-23,Ali Cavanaugh,834,Smugglers Notch Disc Golf Center - Fox Run,Fox Run Meadows Blue Tees,62,18,4,08:50:00,79,17,852,244,True,False,18,79,True,True,True
76286,2024,FPO,1,675542,229455,229455,853,Round 1,2024-06-23,Erin Smith,,Smugglers Notch Disc Golf Center - Fox Run,Fox Run Meadows Blue Tees,62,18,3,08:30:00,83,21,821,233,True,False,18,83,True,True,True
76286,2024,FPO,1,675542,91335,91335,865,Round 1,2024-06-23,Allison Haggett,863,Smugglers Notch Disc Golf Center - Fox Run,Fox Run Meadows Blue Tees,62,18,2,09:00:00,84,22,813,,True,False,18,84,True,True,True
76286,2024,FPO,1,675542,207096,207096,825,Round 1,2024-06-23,Skye Alexander,847,Smugglers Notch Disc Golf Center - Fox Run,Fox Run Meadows Blue Tees,62,18,3,08:40:00,85,23,805,239,True,False,18,85,True,True,True
76286,2024,FPO,2,675537,137796,137796,888,Round 2,2024-06-23,Jenna Gosselin,,Smugglers Notch Disc Golf Center - Brewster Ridge,Brewster Ridge Blue Tees,62,18,3,09:00:00,60,-2,951,206,True,False,18,60,True,True,True
76286,2024,FPO,2,675537,203952,203952,876,Round 2,2024-06-23,Nicole Gonsalves,904,Smugglers Notch Disc Golf Center - Brewster Ridge,Brewster Ridge Blue Tees,62,18,4,09:00:00,61,-1,942,210,True,False,18,61,True,True,True
76286,2024,FPO,2,675537,125178,125178,903,Round 2,2024-06-23,Kaitlyn Clay,905,Smugglers Notch Disc Golf Center - Brewster Ridge,Brewster Ridge Blue Tees,62,18,2,09:00:00,64,2,914,216,True,False,18,64,True,True,True
76286,2024,FPO,2,675537,96030,96030,942,Round 2,2024-06-23,Alex Benson,,Smugglers Notch Disc Golf Center - Brewster Ridge,Brewster Ridge Blue Tees,62,18,1,09:00:00,65,3,905,207,True,False,18,65,True,True,True
76286,2024,FPO,2,675537,87094,87094,902,Round 2,2024-06-23,Rose Shertick,922,Smugglers Notch Disc Golf Center - Brewster Ridge,Brewster Ridge Blue Tees,62,18,3,08:50:00,65,3,905,215,True,False,18,65,True,True,True
76286,2024,FPO,2,675537,236328,236328,842,Round 2,2024-06-23,Brie Smith,900,Smugglers Notch Disc Golf Center - Brewster Ridge,Brewster Ridge Blue Tees,62,18,4,08:50:00,66,4,896,220,True,False,18,66,True,True,True
76286,2024,FPO,2,675537,122613,122613,864,Round 2,2024-06-23,Kelly Heslin,889,Smugglers Notch Disc Golf Center - Brewster Ridge,Brewster Ridge Blue Tees,62,18,2,08:50:00,67,5,887,222,True,False,18,67,True,True,True
76286,2024,FPO,2,675537,103743,103743,895,Round 2,2024-06-23,Karen Martel,927,Smugglers Notch Disc Golf Center - Brewster Ridge,Brewster Ridge Blue Tees,62,18,1,08:50:00,69,7,869,216,True,False,18,69,True,True,True
76286,2024,FPO,2,675537,174640,174640,865,Round 2,2024-06-23,Maureen McGuinness,,Smugglers Notch Disc Golf Center - Brewster Ridge,Brewster Ridge Blue Tees,62,18,2,08:40:00,67,5,887,225,True,False,18,67,True,True,True
76286,2024,FPO,2,675537,88131,88131,905,Round 2,2024-06-23,Nicole Russell,883,Smugglers Notch Disc Golf Center - Brewster Ridge,Brewster Ridge Blue Tees,62,18,3,08:40:00,67,5,887,222,True,False,18,67,True,True,True
76286,2024,FPO,2,675537,166387,166387,841,Round 2,2024-06-23,Emily Sievert,850,Smugglers Notch Disc Golf Center - Brewster Ridge,Brewster Ridge Blue Tees,62,18,1,08:40:00,71,9,851,229,True,False,18,71,True,True,True
76286,2024,FPO,2,675537,83376,83376,884,Round 2,2024-06-23,Cassandra Lioi,891,Smugglers Notch Disc Golf Center - Brewster Ridge,Brewster Ridge Blue Tees,62,18,2,08:30:00,69,7,869,222,True,False,18,69,True,True,True
76286,2024,FPO,2,675537,132857,132857,867,Round 2,2024-06-23,Serena Lamson,,Smugglers Notch Disc Golf Center - Brewster Ridge,Brewster Ridge Blue Tees,62,18,3,08:30:00,70,8,860,243,True,False,18,70,True,True,True
76286,2024,FPO,2,675537,224820,224820,836,Round 2,2024-06-23,Ali Cavanaugh,834,Smugglers Notch Disc Golf Center - Brewster Ridge,Brewster Ridge Blue Tees,62,18,4,08:30:00,70,8,860,244,True,False,18,70,True,True,True
76286,2024,FPO,2,675537,137170,137170,874,Round 2,2024-06-23,Elizabeth Cipar,903,Smugglers Notch Disc Golf Center - Brewster Ridge,Brewster Ridge Blue Tees,62,18,4,08:40:00,72,10,842,231,True,False,18,72,True,True,True
76286,2024,FPO,2,675537,229455,229455,853,Round 2,2024-06-23,Erin Smith,,Smugglers Notch Disc Golf Center - Brewster Ridge,Brewster Ridge Blue Tees,62,18,2,08:20:00,70,8,860,233,True,False,18,70,True,True,True
76286,2024,FPO,2,675537,163363,163363,860,Round 2,2024-06-23,Julie Bisson,883,Smugglers Notch Disc Golf Center - Brewster Ridge,Brewster Ridge Blue Tees,62,18,1,08:30:00,75,13,815,230,True,False,18,75,True,True,True
76286,2024,FPO,2,675537,207096,207096,825,Round 2,2024-06-23,Skye Alexander,847,Smugglers Notch Disc Golf Center - Brewster Ridge,Brewster Ridge Blue Tees,62,18,4,08:20:00,70,8,860,239,True,False,18,70,True,True,True
76286,2024,FPO,2,675537,91335,91335,865,Round 2,2024-06-23,Allison Haggett,863,Smugglers Notch Disc Golf Center - Brewster Ridge,Brewster Ridge Blue Tees,62,18,3,08:20:00,74,12,824,,True,False,18,74,True,True,True
76286,2024,FPO,3,677297,137796,137796,888,Round 3,2024-06-23,Jenna Gosselin,,Smugglers Notch Disc Golf Center - Fox Run,Fox Run Meadows Blue Tees Rd3,62,18,1,09:00:00,75,13,912,206,True,False,18,75,True,True,True
76286,2024,FPO,3,677297,96030,96030,942,Round 3,2024-06-23,Alex Benson,,Smugglers Notch Disc Golf Center - Fox Run,Fox Run Meadows Blue Tees Rd3,62,18,4,09:00:00,72,10,934,207,True,False,18,72,True,True,True
76286,2024,FPO,3,677297,203952,203952,876,Round 3,2024-06-23,Nicole Gonsalves,904,Smugglers Notch Disc Golf Center - Fox Run,Fox Run Meadows Blue Tees Rd3,62,18,2,09:00:00,78,16,891,210,True,False,18,78,True,True,True
76286,2024,FPO,3,677297,87094,87094,902,Round 3,2024-06-23,Rose Shertick,922,Smugglers Notch Disc Golf Center - Fox Run,Fox Run Meadows Blue Tees Rd3,62,18,1,08:50:00,76,14,905,215,True,False,18,76,True,True,True
76286,2024,FPO,3,677297,103743,103743,895,Round 3,2024-06-23,Karen Martel,927,Smugglers Notch Disc Golf Center - Fox Run,Fox Run Meadows Blue Tees Rd3,62,18,4,08:50:00,74,12,920,216,True,False,18,74,True,True,True
76286,2024,FPO,3,677297,125178,125178,903,Round 3,2024-06-23,Kaitlyn Clay,905,Smugglers Notch Disc Golf Center - Fox Run,Fox Run Meadows Blue Tees Rd3,62,18,3,09:00:00,81,19,869,216,True,False,18,81,True,True,True
76286,2024,FPO,3,677297,236328,236328,842,Round 3,2024-06-23,Brie Smith,900,Smugglers Notch Disc Golf Center - Fox Run,Fox Run Meadows Blue Tees Rd3,62,18,2,08:50:00,80,18,876,220,True,False,18,80,True,True,True
76286,2024,FPO,3,677297,83376,83376,884,Round 3,2024-06-23,Cassandra Lioi,891,Smugglers Notch Disc Golf Center - Fox Run,Fox Run Meadows Blue Tees Rd3,62,18,4,08:40:00,74,12,920,222,True,False,18,74,True,True,True
76286,2024,FPO,3,677297,88131,88131,905,Round 3,2024-06-23,Nicole Russell,883,Smugglers Notch Disc Golf Center - Fox Run,Fox Run Meadows Blue Tees Rd3,62,18,2,08:40:00,78,16,891,222,True,False,18,78,True,True,True
76286,2024,FPO,3,677297,122613,122613,864,Round 3,2024-06-23,Kelly Heslin,889,Smugglers Notch Disc Golf Center - Fox Run,Fox Run Meadows Blue Tees Rd3,62,18,3,08:50:00,82,20,862,222,True,False,18,82,True,True,True
76286,2024,FPO,3,677297,174640,174640,865,Round 3,2024-06-23,Maureen McGuinness,,Smugglers Notch Disc Golf Center - Fox Run,Fox Run Meadows Blue Tees Rd3,62,18,1,08:40:00,82,20,862,225,True,False,18,82,True,True,True
76286,2024,FPO,3,677297,166387,166387,841,Round 3,2024-06-23,Emily Sievert,850,Smugglers Notch Disc Golf Center - Fox Run,Fox Run Meadows Blue Tees Rd3,62,18,3,08:40:00,83,21,855,229,True,False,18,83,True,True,True
76286,2024,FPO,3,677297,163363,163363,860,Round 3,2024-06-23,Julie Bisson,883,Smugglers Notch Disc Golf Center - Fox Run,Fox Run Meadows Blue Tees Rd3,62,18,1,08:20:00,77,15,898,230,True,False,18,77,True,True,True
76286,2024,FPO,3,677297,137170,137170,874,Round 3,2024-06-23,Elizabeth Cipar,903,Smugglers Notch Disc Golf Center - Fox Run,Fox Run Meadows Blue Tees Rd3,62,18,3,08:30:00,81,19,869,231,True,False,18,81,True,True,True
76286,2024,FPO,3,677297,229455,229455,853,Round 3,2024-06-23,Erin Smith,,Smugglers Notch Disc Golf Center - Fox Run,Fox Run Meadows Blue Tees Rd3,62,18,4,08:30:00,80,18,876,233,True,False,18,80,True,True,True
76286,2024,FPO,3,677297,207096,207096,825,Round 3,2024-06-23,Skye Alexander,847,Smugglers Notch Disc Golf Center - Fox Run,Fox Run Meadows Blue Tees Rd3,62,18,3,08:20:00,84,22,848,239,True,False,18,84,True,True,True
76286,2024,FPO,3,677297,132857,132857,867,Round 3,2024-06-23,Serena Lamson,,Smugglers Notch Disc Golf Center - Fox Run,Fox Run Meadows Blue Tees Rd3,62,18,1,08:30:00,94,32,775,243,True,False,18,94,True,True,True
76286,2024,FPO,3,677297,224820,224820,836,Round 3,2024-06-23,Ali Cavanaugh,834,Smugglers Notch Disc Golf Center - Fox Run,Fox Run Meadows Blue Tees Rd3,62,18,2,08:30:00,95,33,768,244,True,False,18,95,True,True,True
76286,2024,FPO,3,677297,91335,91335,865,Round 3,2024-06-23,Allison Haggett,863,Smugglers Notch Disc Golf Center - Fox Run,Fox Run Meadows Blue Tees Rd3,62,18,4,08:20:00,,,,,True,True,0,,False,False,False
76286,2024,MA1,1,675540,94129,94129,940,Round 1,2024-06-23,Griffin Swinburne,962,Smugglers Notch Disc Golf Center - Brewster Ridge,Brewster Ridge Gold Tees,62,18,1,14:00:00,62,0,999,190,True,False,18,62,True,True,True
76286,2024,MA1,1,675540,147788,147788,940,Round 1,2024-06-23,Dan Cornellier,939,Smugglers Notch Disc Golf Center - Brewster Ridge,Brewster Ridge Gold Tees,62,18,3,14:40:00,62,0,999,188,True,False,18,62,True,True,True
76286,2024,MA1,1,675540,247199,247199,887,Round 1,2024-06-23,Jeremy Nadeau,904,Smugglers Notch Disc Golf Center - Brewster Ridge,Brewster Ridge Gold Tees,62,18,4,14:40:00,63,1,992,223,True,False,18,63,True,True,True
76286,2024,MA1,1,675540,106751,106751,942,Round 1,2024-06-23,Jeffrey Abbott,952,Smugglers Notch Disc Golf Center - Brewster Ridge,Brewster Ridge Gold Tees,62,18,2,15:00:00,64,2,984,198,True,False,18,64,True,True,True
76286,2024,MA1,1,675540,155926,155926,924,Round 1,2024-06-23,Tim Auger,940,Smugglers Notch Disc Golf Center - Brewster Ridge,Brewster Ridge Gold Tees,62,18,3,13:50:00,65,3,977,200,True,False,18,65,True,True,True
76286,2024,MA1,1,675540,164744,164744,947,Round 1,2024-06-23,Kevin Nosek,941,Smugglers Notch Disc Golf Center - Brewster Ridge,Brewster Ridge Gold Tees,62,18,3,13:20:00,65,3,977,210,True,False,18,65,True,True,True
76286,2024,MA1,1,675540,238142,238142,923,Round 1,2024-06-23,Michael Drolet,939,Smugglers Notch Disc Golf Center - Brewster Ridge,Brewster Ridge Gold Tees,62,18,3,13:00:00,65,3,977,198,True,False,18,65,True,True,True
76286,2024,MA1,1,675540,93973,93973,920,Round 1,2024-06-23,Bill DeMarino,951,Smugglers Notch Disc Golf Center - Brewster Ridge,Brewster Ridge Gold Tees,62,18,2,14:30:00,66,4,969,195,True,False,18,66,True,True,True
76286,2024,MA1,1,675540,209741,209741,948,Round 1,2024-06-23,Josh Graning,956,Smugglers Notch Disc Golf Center - Brewster Ridge,Brewster Ridge Gold Tees,62,18,4,14:00:00,66,4,969,197,True,False,18,66,True,True,True
76286,2024,MA1,1,675540,106118,106118,949,Round 1,2024-06-23,John Kelley III,957,Smugglers Notch Disc Golf Center - Brewster Ridge,Brewster Ridge Gold Tees,62,18,1,13:10:00,67,5,962,190,True,False,18,67,True,True,True
76286,2024,MA1,1,675540,120271,120271,938,Round 1,2024-06-23,Jeremy Kasprick,949,Smugglers Notch Disc Golf Center - Brewster Ridge,Brewster Ridge Gold Tees,62,18,1,14:10:00,67,5,962,206,True,False,18,67,True,True,True
76286,2024,MA1,1,675540,124203,124203,907,Round 1,2024-06-23,Ezra Koch,954,Smugglers Notch Disc Golf Center - Brewster Ridge,Brewster Ridge Gold Tees,62,18,2,13:20:00,67,5,962,219,True,False,18,67,True,True,True
76286,2024,MA1,1,675540,131877,131877,929,Round 1,2024-06-23,Noah Buenaflor,,Smugglers Notch Disc Golf Center - Brewster Ridge,Brewster Ridge Gold Tees,62,18,1,13:00:00,67,5,962,199,True,False,18,67,True,True,True
76286,2024,MA1,1,675540,117308,117308,942,Round 1,2024-06-23,Bruce Moschetti II,935,Smugglers Notch Disc Golf Center - Brewster Ridge,Brewster Ridge Gold Tees,62,18,2,13:10:00,68,6,954,210,True,False,18,68,True,True,True
76286,2024,MA1,1,675540,132702,132702,963,Round 1,2024-06-23,Egin Tollkuci,979,Smugglers Notch Disc Golf Center - Brewster Ridge,Brewster Ridge Gold Tees,62,18,2,14:50:00,68,6,954,205,True,False,18,68,True,True,True
76286,2024,MA1,1,675540,143032,143032,924,Round 1,2024-06-23,Nick Webster,,Smugglers Notch Disc Golf Center - Brewster Ridge,Brewster Ridge Gold Tees,62,18,2,13:50:00,68,6,954,,True,False,18,68,True,True,True
76286,2024,MA1,1,675540,159336,159336,915,Round 1,2024-06-23,Jacob Schwartz,936,Smugglers Notch Disc Golf Center - Brewster Ridge,Brewster Ridge Gold Tees,62,18,2,12:50:00,68,6,954,209,True,False,18,68,True,True,True
76286,2024,MA1,1,675540,242035,242035,926,Round 1,2024-06-23,Zac Montrief,948,Smugglers Notch Disc Golf Center - Brewster Ridge,Brewster Ridge Gold Tees,62,18,4,14:10:00,68,6,954,216,True,False,18,68,True,True,True
76286,2024,MA1,1,675540,77356,77356,941,Round 1,2024-06-23,Kurt Niebanck,949,Smugglers Notch Disc Golf Center - Brewster Ridge,Brewster Ridge Gold Tees,62,18,1,14:30:00,69,7,947,200,True,False,18,69,True,True,True
76286,2024,MA1,1,675540,110707,110707,934,Round 1,2024-06-23,Jason Wilson,927,Smugglers Notch Disc Golf Center - Brewster Ridge,Brewster Ridge Gold Tees,62,18,4,13:00:00,69,7,947,211,True,False,18,69,True,True,True
76286,2024,MA1,1,675540,146525,146525,932,Round 1,2024-06-23,John Hafner,942,Smugglers Notch Disc Golf Center - Brewster Ridge,Brewster Ridge Gold Tees,62,18,1,13:40:00,69,7,947,212,True,False,18,69,True,True,True
76286,2024,MA1,1,675540,172204,172204,940,Round 1,2024-06-23,Calder Favreau,,Smugglers Notch Disc Golf Center - Brewster Ridge,Brewster Ridge Gold Tees,62,18,4,13:10:00,69,7,947,202,True,False,18,69,True,True,True
76286,2024,MA1,1,675540,181257,181257,925,Round 1,2024-06-23,Benjamin Kenney,955,Smugglers Notch Disc Golf Center - Brewster Ridge,Brewster Ridge Gold Tees,62,18,4,13:50:00,69,7,947,204,True,False,18,69,True,True,True
76286,2024,MA1,1,675540,266778,266778,907,Round 1,2024-06-23,Ian Lacquement,966,Smugglers Notch Disc Golf Center - Brewster Ridge,Brewster Ridge Gold Tees,62,18,4,12:50:00,69,7,947,225,True,False,18,69,True,True,True
76286,2024,MA1,1,675540,93779,93779,931,Round 1,2024-06-23,Bryant Chamberlin,926,Smugglers Notch Disc Golf Center - Brewster Ridge,Brewster Ridge Gold Tees,62,18,2,14:40:00,70,8,939,213,True,False,18,70,True,True,True
76286,2024,MA1,1,675540,147848,147848,915,Round 1,2024-06-23,Ben Bacher,937,Smugglers Notch Disc Golf Center - Brewster Ridge,Brewster Ridge Gold Tees,62,18,4,13:30:00,70,8,939,219,True,False,18,70,True,True,True
76286,2024,MA1,1,675540,212529,212529,935,Round 1,2024-06-23,Mathew Darby,958,Smugglers Notch Disc Golf Center - Brewster Ridge,Brewster Ridge Gold Tees,62,18,2,13:00:00,70,8,939,206,True,False,18,70,True,True,True
76286,2024,MA1,1,675540,258543,258543,914,Round 1,2024-06-23,Dima Mikhaylov,928,Smugglers Notch Disc Golf Center - Brewster Ridge,Brewster Ridge Gold Tees,62,18,4,14:20:00,70,8,939,225,True,False,18,70,True,True,True
76286,2024,MA1,1,675540,104226,104226,927,Round 1,2024-06-23,Beau Schofield,934,Smugglers Notch Disc Golf Center - Brewster Ridge,Brewster Ridge Gold Tees,62,18,2,14:00:00,71,9,932,198,True,False,18,71,True,True,True
76286,2024,MA1,1,675540,109604,109604,930,Round 1,2024-06-23,Jeremy Hulsey,914,Smugglers Notch Disc Golf Center - Brewster Ridge,Brewster Ridge Gold Tees,62,18,1,14:20:00,71,9,932,217,True,False,18,71,True,True,True
76286,2024,MA1,1,675540,126401,126401,936,Round 1,2024-06-23,Andrew Clark,933,Smugglers Notch Disc Golf Center - Brewster Ridge,Brewster Ridge Gold Tees,62,18,1,13:30:00,71,9,932,211,True,False,18,71,True,True,True
76286,2024,MA1,1,675540,146705,146705,919,Round 1,2024-06-23,James Kenney,910,Smugglers Notch Disc Golf Center - Brewster Ridge,Brewster Ridge Gold Tees,62,18,2,13:40:00,71,9,932,201,True,False,18,71,True,True,True
76286,2024,MA1,1,675540,153496,153496,955,Round 1,2024-06-23,Endi Tollkuçi,942,Smugglers Notch Disc Golf Center - Brewster Ridge,Brewster Ridge Gold Tees,62,18,4,13:40:00,71,9,932,888,True,False,18,71,True,True,True
76286,2024,MA1,1,675540,128670,128670,865,Round 1,2024-06-23,Steven Colbert,,Smugglers Notch Disc Golf Center - Brewster Ridge,Brewster Ridge Gold Tees,62,18,3,13:10:00,72,10,925,,True,False,18,72,True,True,True
76286,2024,MA1,1,675540,147369,147369,931,Round 1,2024-06-23,Andrew Behrens,937,Smugglers Notch Disc Golf Center - Brewster Ridge,Brewster Ridge Gold Tees,62,18,3,13:40:00,72,10,925,214,True,False,18,72,True,True,True
76286,2024,MA1,1,675540,219307,219307,897,Round 1,2024-06-23,Everett Secor,935,Smugglers Notch Disc Golf Center - Brewster Ridge,Brewster Ridge Gold Tees,62,18,3,14:10:00,72,10,925,220,True,False,18,72,True,True,True
76286,2024,MA1,1,675540,270710,270710,892,Round 1,2024-06-23,Matt Hart,944,Smugglers Notch Disc Golf Center - Brewster Ridge,Brewster Ridge Gold Tees,62,18,4,14:50:00,72,10,925,222,True,False,18,72,True,True,True
76286,2024,MA1,1,675540,241451,241451,931,Round 1,2024-06-23,Abbott Joy,952,Smugglers Notch Disc Golf Center - Brewster Ridge,Brewster Ridge Gold Tees,62,18,4,15:00:00,73,11,917,210,True,False,18,73,True,True,True
76286,2024,MA1,1,675540,73121,73121,941,Round 1,2024-06-23,Matthew Kisil,,Smugglers Notch Disc Golf Center - Brewster Ridge,Brewster Ridge Gold Tees,62,18,1,12:50:00,74,12,910,202,True,False,18,74,True,True,True
76286,2024,MA1,1,675540,97375,97375,917,Round 1,2024-06-23,Nicholas Olson,,Smugglers Notch Disc Golf Center - Brewster Ridge,Brewster Ridge Gold Tees,62,18,1,13:20:00,74,12,910,,True,False,18,74,True,True,True
76286,2024,MA1,1,675540,101925,101925,952,Round 1,2024-06-23,Andrew Philp,,Smugglers Notch Disc Golf Center - Brewster Ridge,Brewster Ridge Gold Tees,62,18,3,14:30:00,74,12,910,207,True,False,18,74,True,True,True
76286,2024,MA1,1,675540,126451,126451,930,Round 1,2024-06-23,Michael Byrne,,Smugglers Notch Disc Golf Center - Brewster Ridge,Brewster Ridge Gold Tees,62,18,3,14:00:00,74,12,910,,True,False,18,74,True,True,True
76286,2024,MA1,1,675540,131306,131306,929,Round 1,2024-06-23,Jeff Miles,947,Smugglers Notch Disc Golf Center - Brewster Ridge,Brewster Ridge Gold Tees,62,18,3,14:20:00,74,12,910,213,True,False,18,74,True,True,True
76286,2024,MA1,1,675540,240269,240269,917,Round 1,2024-06-23,Jake Stephenson,947,Smugglers Notch Disc Golf Center - Brewster Ridge,Brewster Ridge Gold Tees,62,18,3,12:50:00,74,12,910,223,True,False,18,74,True,True,True
76286,2024,MA1,1,675540,141210,141210,924,Round 1,2024-06-23,Jonathan Colborne,912,Smugglers Notch Disc Golf Center - Brewster Ridge,Brewster Ridge Gold Tees,62,18,2,13:30:00,75,13,902,223,True,False,18,75,True,True,True
76286,2024,MA1,1,675540,210681,210681,898,Round 1,2024-06-23,Kyle Anderson Andresen,911,Smugglers Notch Disc Golf Center - Brewster Ridge,Brewster Ridge Gold Tees,62,18,4,14:30:00,75,13,902,230,True,False,18,75,True,True,True
76286,2024,MA1,1,675540,62711,62711,894,Round 1,2024-06-23,Cam Rose,903,Smugglers Notch Disc Golf Center - Brewster Ridge,Brewster Ridge Gold Tees,62,18,1,15:00:00,76,14,895,229,True,False,18,76,True,True,True
76286,2024,MA1,1,675540,87922,87922,928,Round 1,2024-06-23,Tony Stolo,936,Smugglers Notch Disc Golf Center - Brewster Ridge,Brewster Ridge Gold Tees,62,18,1,14:50:00,76,14,895,,True,False,18,76,True,True,True
76286,2024,MA1,1,675540,111106,111106,914,Round 1,2024-06-23,Alex Potts,924,Smugglers Notch Disc Golf Center - Brewster Ridge,Brewster Ridge Gold Tees,62,18,2,14:20:00,76,14,895,216,True,False,18,76,True,True,True
76286,2024,MA1,1,675540,140079,140079,955,Round 1,2024-06-23,Matthew Pries,955,Smugglers Notch Disc Golf Center - Brewster Ridge,Brewster Ridge Gold Tees,62,18,1,13:50:00,76,14,895,210,True,False,18,76,True,True,True
76286,2024,MA1,1,675540,174646,174646,877,Round 1,2024-06-23,David Oppenheimer,,Smugglers Notch Disc Golf Center - Brewster Ridge,Brewster Ridge Gold Tees,62,18,4,13:20:00,76,14,895,236,True,False,18,76,True,True,True
76286,2024,MA1,1,675540,139053,139053,874,Round 1,2024-06-23,Ryan Renko,903,Smugglers Notch Disc Golf Center - Brewster Ridge,Brewster Ridge Gold Tees,62,18,3,15:00:00,77,15,887,227,True,False,18,77,True,True,True
76286,2024,MA1,1,675540,237281,237281,895,Round 1,2024-06-23,Jacob Roumanos,925,Smugglers Notch Disc Golf Center - Brewster Ridge,Brewster Ridge Gold Tees,62,18,3,14:50:00,77,15,887,222,True,False,18,77,True,True,True
76286,2024,MA1,1,675540,88574,88574,939,Round 1,2024-06-23,Chris Thompson,911,Smugglers Notch Disc Golf Center - Brewster Ridge,Brewster Ridge Gold Tees,62,18,1,14:40:00,78,16,880,228,True,False,18,78,True,True,True
76286,2024,MA1,1,675540,143017,143017,924,Round 1,2024-06-23,Matthew Tervo,,Smugglers Notch Disc Golf Center - Brewster Ridge,Brewster Ridge Gold Tees,62,18,3,13:30:00,78,16,880,232,True,False,18,78,True,True,True
76286,2024,MA1,1,675540,213970,213970,906,Round 1,2024-06-23,Tyler Gannon,927,Smugglers Notch Disc Golf Center - Brewster Ridge,Brewster Ridge Gold Tees,62,18,2,14:10:00,79,17,873,214,True,False,18,79,True,True,True
76286,2024,MA1,2,675542,94129,94129,940,Round 2,2024-06-23,Griffin Swinburne,962,Smugglers Notch Disc Golf Center - Fox Run,Fox Run Meadows Blue Tees,62,18,1,15:10:00,59,-3,1009,190,True,False,18,59,True,True,True
76286,2024,MA1,2,675542,106118,106118,949,Round 2,2024-06-23,John Kelley III,957,Smugglers Notch Disc Golf Center - Fox Run,Fox Run Meadows Blue Tees,62,18,2,14:50:00,55,-7,1040,190,True,False,18,55,True,True,True
76286,2024,MA1,2,675542,147788,147788,940,Round 2,2024-06-23,Dan Cornellier,939,Smugglers Notch Disc Golf Center - Fox Run,Fox Run Meadows Blue Tees,62,18,2,15:10:00,61,-1,993,188,True,False,18,61,True,True,True
76286,2024,MA1,2,675542,131877,131877,929,Round 2,2024-06-23,Noah Buenaflor,,Smugglers Notch Disc Golf Center - Fox Run,Fox Run Meadows Blue Tees,62,18,1,14:40:00,60,-2,1001,199,True,False,18,60,True,True,True
76286,2024,MA1,2,675542,209741,209741,948,Round 2,2024-06-23,Josh Graning,956,Smugglers Notch Disc Golf Center - Fox Run,Fox Run Meadows Blue Tees,62,18,1,14:50:00,62,0,985,197,True,False,18,62,True,True,True
76286,2024,MA1,2,675542,238142,238142,923,Round 2,2024-06-23,Michael Drolet,939,Smugglers Notch Disc Golf Center - Fox Run,Fox Run Meadows Blue Tees,62,18,3,15:00:00,64,2,970,198,True,False,18,64,True,True,True
76286,2024,MA1,2,675542,132702,132702,963,Round 2,2024-06-23,Egin Tollkuci,979,Smugglers Notch Disc Golf Center - Fox Run,Fox Run Meadows Blue Tees,62,18,3,14:40:00,62,0,985,205,True,False,18,62,True,True,True
76286,2024,MA1,2,675542,93973,93973,920,Round 2,2024-06-23,Bill DeMarino,951,Smugglers Notch Disc Golf Center - Fox Run,Fox Run Meadows Blue Tees,62,18,4,15:00:00,66,4,954,195,True,False,18,66,True,True,True
76286,2024,MA1,2,675542,155926,155926,924,Round 2,2024-06-23,Tim Auger,940,Smugglers Notch Disc Golf Center - Fox Run,Fox Run Meadows Blue Tees,62,18,1,15:00:00,67,5,946,200,True,False,18,67,True,True,True
76286,2024,MA1,2,675542,106751,106751,942,Round 2,2024-06-23,Jeffrey Abbott,952,Smugglers Notch Disc Golf Center - Fox Run,Fox Run Meadows Blue Tees,62,18,4,15:10:00,68,6,938,198,True,False,18,68,True,True,True
76286,2024,MA1,2,675542,73121,73121,941,Round 2,2024-06-23,Matthew Kisil,,Smugglers Notch Disc Golf Center - Fox Run,Fox Run Meadows Blue Tees,62,18,3,13:40:00,59,-3,1009,202,True,False,18,59,True,True,True
76286,2024,MA1,2,675542,104226,104226,927,Round 2,2024-06-23,Beau Schofield,934,Smugglers Notch Disc Golf Center - Fox Run,Fox Run Meadows Blue Tees,62,18,1,14:00:00,62,0,985,198,True,False,18,62,True,True,True
76286,2024,MA1,2,675542,77356,77356,941,Round 2,2024-06-23,Kurt Niebanck,949,Smugglers Notch Disc Golf Center - Fox Run,Fox Run Meadows Blue Tees,62,18,3,14:30:00,65,3,962,200,True,False,18,65,True,True,True
76286,2024,MA1,2,675542,97375,97375,917,Round 2,2024-06-23,Nicholas Olson,,Smugglers Notch Disc Golf Center - Fox Run,Fox Run Meadows Blue Tees,62,18,4,13:40:00,61,-1,993,,True,False,18,61,True,True,True
76286,2024,MA1,2,675542,146705,146705,919,Round 2,2024-06-23,James Kenney,910,Smugglers Notch Disc Golf Center - Fox Run,Fox Run Meadows Blue Tees,62,18,4,14:00:00,64,2,970,201,True,False,18,64,True,True,True
76286,2024,MA1,2,675542,146525,146525,932,Round 2,2024-06-23,John Hafner,942,Smugglers Notch Disc Golf Center - Fox Run,Fox Run Meadows Blue Tees,62,18,1,14:20:00,66,4,954,212,True,False,18,66,True,True,True
76286,2024,MA1,2,675542,101925,101925,952,Round 2,2024-06-23,Andrew Philp,,Smugglers Notch Disc Golf Center - Fox Run,Fox Run Meadows Blue Tees,62,18,1,13:30:00,62,0,985,207,True,False,18,62,True,True,True
76286,2024,MA1,2,675542,172204,172204,940,Round 2,2024-06-23,Calder Favreau,,Smugglers Notch Disc Golf Center - Fox Run,Fox Run Meadows Blue Tees,62,18,2,14:20:00,67,5,946,202,True,False,18,67,True,True,True
76286,2024,MA1,2,675542,181257,181257,925,Round 2,2024-06-23,Benjamin Kenney,955,Smugglers Notch Disc Golf Center - Fox Run,Fox Run Meadows Blue Tees,62,18,3,14:20:00,67,5,946,204,True,False,18,67,True,True,True
76286,2024,MA1,2,675542,117308,117308,942,Round 2,2024-06-23,Bruce Moschetti II,935,Smugglers Notch Disc Golf Center - Fox Run,Fox Run Meadows Blue Tees,62,18,2,14:40:00,68,6,938,210,True,False,18,68,True,True,True
76286,2024,MA1,2,675542,159336,159336,915,Round 2,2024-06-23,Jacob Schwartz,936,Smugglers Notch Disc Golf Center - Fox Run,Fox Run Meadows Blue Tees,62,18,1,14:30:00,68,6,938,209,True,False,18,68,True,True,True
76286,2024,MA1,2,675542,164744,164744,947,Round 2,2024-06-23,Kevin Nosek,941,Smugglers Notch Disc Golf Center - Fox Run,Fox Run Meadows Blue Tees,62,18,2,15:00:00,71,9,915,210,True,False,18,71,True,True,True
76286,2024,MA1,2,675542,120271,120271,938,Round 2,2024-06-23,Jeremy Kasprick,949,Smugglers Notch Disc Golf Center - Fox Run,Fox Run Meadows Blue Tees,62,18,3,14:50:00,70,8,923,206,True,False,18,70,True,True,True
76286,2024,MA1,2,675542,247199,247199,887,Round 2,2024-06-23,Jeremy Nadeau,904,Smugglers Notch Disc Golf Center - Fox Run,Fox Run Meadows Blue Tees,62,18,3,15:10:00,74,12,891,223,True,False,18,74,True,True,True
76286,2024,MA1,2,675542,219307,219307,897,Round 2,2024-06-23,Everett Secor,935,Smugglers Notch Disc Golf Center - Fox Run,Fox Run Meadows Blue Tees,62,18,4,13:50:00,66,4,954,220,True,False,18,66,True,True,True
76286,2024,MA1,2,675542,126401,126401,936,Round 2,2024-06-23,Andrew Clark,933,Smugglers Notch Disc Golf Center - Fox Run,Fox Run Meadows Blue Tees,62,18,3,14:00:00,67,5,946,211,True,False,18,67,True,True,True
76286,2024,MA1,2,675542,143032,143032,924,Round 2,2024-06-23,Nick Webster,,Smugglers Notch Disc Golf Center - Fox Run,Fox Run Meadows Blue Tees,62,18,4,14:40:00,70,8,923,,True,False,18,70,True,True,True
76286,2024,MA1,2,675542,212529,212529,935,Round 2,2024-06-23,Mathew Darby,958,Smugglers Notch Disc Golf Center - Fox Run,Fox Run Meadows Blue Tees,62,18,3,14:10:00,69,7,931,206,True,False,18,69,True,True,True
76286,2024,MA1,2,675542,110707,110707,934,Round 2,2024-06-23,Jason Wilson,927,Smugglers Notch Disc Golf Center - Fox Run,Fox Run Meadows Blue Tees,62,18,4,14:30:00,71,9,915,211,True,False,18,71,True,True,True
76286,2024,MA1,2,675542,124203,124203,907,Round 2,2024-06-23,Ezra Koch,954,Smugglers Notch Disc Golf Center - Fox Run,Fox Run Meadows Blue Tees,62,18,4,14:50:00,73,11,899,219,True,False,18,73,True,True,True
76286,2024,MA1,2,675542,111106,111106,914,Round 2,2024-06-23,Alex Potts,924,Smugglers Notch Disc Golf Center - Fox Run,Fox Run Meadows Blue Tees,62,18,1,13:10:00,66,4,954,216,True,False,18,66,True,True,True
76286,2024,MA1,2,675542,131306,131306,929,Round 2,2024-06-23,Jeff Miles,947,Smugglers Notch Disc Golf Center - Fox Run,Fox Run Meadows Blue Tees,62,18,3,13:30:00,68,6,938,213,True,False,18,68,True,True,True
76286,2024,MA1,2,675542,147369,147369,931,Round 2,2024-06-23,Andrew Behrens,937,Smugglers Notch Disc Golf Center - Fox Run,Fox Run Meadows Blue Tees,62,18,3,13:50:00,70,8,923,214,True,False,18,70,True,True,True
76286,2024,MA1,2,675542,270710,270710,892,Round 2,2024-06-23,Matt Hart,944,Smugglers Notch Disc Golf Center - Fox Run,Fox Run Meadows Blue Tees,62,18,1,13:40:00,70,8,923,222,True,False,18,70,True,True,True
76286,2024,MA1,2,675542,153496,153496,955,Round 2,2024-06-23,Endi Tollkuçi,942,Smugglers Notch Disc Golf Center - Fox Run,Fox Run Meadows Blue Tees,62,18,1,13:50:00,71,9,915,888,True,False,18,71,True,True,True
76286,2024,MA1,2,675542,93779,93779,931,Round 2,2024-06-23,Bryant Chamberlin,926,Smugglers Notch Disc Golf Center - Fox Run,Fox Run Meadows Blue Tees,62,18,1,14:10:00,72,10,907,213,True,False,18,72,True,True,True
76286,2024,MA1,2,675542,258543,258543,914,Round 2,2024-06-23,Dima Mikhaylov,928,Smugglers Notch Disc Golf Center - Fox Run,Fox Run Meadows Blue Tees,62,18,4,14:10:00,72,10,907,225,True,False,18,72,True,True,True
76286,2024,MA1,2,675542,240269,240269,917,Round 2,2024-06-23,Jake Stephenson,947,Smugglers Notch Disc Golf Center - Fox Run,Fox Run Meadows Blue Tees,62,18,4,13:30:00,69,7,931,223,True,False,18,69,True,True,True
76286,2024,MA1,2,675542,241451,241451,931,Round 2,2024-06-23,Abbott Joy,952,Smugglers Notch Disc Golf Center - Fox Run,Fox Run Meadows Blue Tees,62,18,2,13:40:00,70,8,923,210,True,False,18,70,True,True,True
76286,2024,MA1,2,675542,109604,109604,930,Round 2,2024-06-23,Jeremy Hulsey,914,Smugglers Notch Disc Golf Center - Fox Run,Fox Run Meadows Blue Tees,62,18,2,14:00:00,72,10,907,217,True,False,18,72,True,True,True
76286,2024,MA1,2,675542,242035,242035,926,Round 2,2024-06-23,Zac Montrief,948,Smugglers Notch Disc Golf Center - Fox Run,Fox Run Meadows Blue Tees,62,18,2,14:30:00,75,13,884,216,True,False,18,75,True,True,True
76286,2024,MA1,2,675542,213970,213970,906,Round 2,2024-06-23,Tyler Gannon,927,Smugglers Notch Disc Golf Center - Fox Run,Fox Run Meadows Blue Tees,62,18,4,13:00:00,65,3,962,214,True,False,18,65,True,True,True
76286,2024,MA1,2,675542,140079,140079,955,Round 2,2024-06-23,Matthew Pries,955,Smugglers Notch Disc Golf Center - Fox Run,Fox Run Meadows Blue Tees,62,18,2,13:10:00,68,6,938,210,True,False,18,68,True,True,True
76286,2024,MA1,2,675542,126451,126451,930,Round 2,2024-06-23,Michael Byrne,,Smugglers Notch Disc Golf Center - Fox Run,Fox Run Meadows Blue Tees,62,18,2,13:30:00,70,8,923,,True,False,18,70,True,True,True
76286,2024,MA1,2,675542,237281,237281,895,Round 2,2024-06-23,Jacob Roumanos,925,Smugglers Notch Disc Golf Center - Fox Run,Fox Run Meadows Blue Tees,62,18,1,13:00:00,69,7,931,222,True,False,18,69,True,True,True
76286,2024,MA1,2,675542,147848,147848,915,Round 2,2024-06-23,Ben Bacher,937,Smugglers Notch Disc Golf Center - Fox Run,Fox Run Meadows Blue Tees,62,18,2,14:10:00,76,14,876,219,True,False,18,76,True,True,True
76286,2024,MA1,2,675542,87922,87922,928,Round 2,2024-06-23,Tony Stolo,936,Smugglers Notch Disc Golf Center - Fox Run,Fox Run Meadows Blue Tees,62,18,4,13:20:00,71,9,915,,True,False,18,71,True,True,True
76286,2024,MA1,2,675542,141210,141210,924,Round 2,2024-06-23,Jonathan Colborne,912,Smugglers Notch Disc Golf Center - Fox Run,Fox Run Meadows Blue Tees,62,18,1,13:20:00,72,10,907,223,True,False,18,72,True,True,True
76286,2024,MA1,2,675542,128670,128670,865,Round 2,2024-06-23,Steven Colbert,,Smugglers Notch Disc Golf Center - Fox Run,Fox Run Meadows Blue Tees,62,18,2,13:50:00,75,13,884,,True,False,18,75,True,True,True
76286,2024,MA1,2,675542,139053,139053,874,Round 2,2024-06-23,Ryan Renko,903,Smugglers Notch Disc Golf Center - Fox Run,Fox Run Meadows Blue Tees,62,18,4,13:10:00,72,10,907,227,True,False,18,72,True,True,True
76286,2024,MA1,2,675542,210681,210681,898,Round 2,2024-06-23,Kyle Anderson Andresen,911,Smugglers Notch Disc Golf Center - Fox Run,Fox Run Meadows Blue Tees,62,18,2,13:20:00,74,12,891,230,True,False,18,74,True,True,True
76286,2024,MA1,2,675542,62711,62711,894,Round 2,2024-06-23,Cam Rose,903,Smugglers Notch Disc Golf Center - Fox Run,Fox Run Meadows Blue Tees,62,18,3,13:20:00,75,13,884,229,True,False,18,75,True,True,True
76286,2024,MA1,2,675542,174646,174646,877,Round 2,2024-06-23,David Oppenheimer,,Smugglers Notch Disc Golf Center - Fox Run,Fox Run Meadows Blue Tees,62,18,3,13:10:00,77,15,868,236,True,False,18,77,True,True,True
76286,2024,MA1,2,675542,88574,88574,939,Round 2,2024-06-23,Chris Thompson,911,Smugglers Notch Disc Golf Center - Fox Run,Fox Run Meadows Blue Tees,62,18,2,13:00:00,76,14,876,228,True,False,18,76,True,True,True
76286,2024,MA1,2,675542,266778,266778,907,Round 2,2024-06-23,Ian Lacquement,966,Smugglers Notch Disc Golf Center - Fox Run,Fox Run Meadows Blue Tees,62,18,4,14:20:00,85,23,805,225,True,False,18,85,True,True,True
76286,2024,MA1,2,675542,143017,143017,924,Round 2,2024-06-23,Matthew Tervo,,Smugglers Notch Disc Golf Center - Fox Run,Fox Run Meadows Blue Tees,62,18,3,13:00:00,81,19,837,232,True,False,18,81,True,True,True
76286,2024,MA1,3,677299,147788,147788,940,Round 3,2024-06-23,Dan Cornellier,939,Smugglers Notch Disc Golf Center - Brewster Ridge,Brewster Ridge Gold Tees Rd3,62,18,3,14:50:00,65,3,982,188,True,False,18,65,True,True,True
76286,2024,MA1,3,677299,106118,106118,949,Round 3,2024-06-23,John Kelley III,957,Smugglers Notch Disc Golf Center - Brewster Ridge,Brewster Ridge Gold Tees Rd3,62,18,2,14:50:00,68,6,960,190,True,False,18,68,True,True,True
76286,2024,MA1,3,677299,94129,94129,940,Round 3,2024-06-23,Griffin Swinburne,962,Smugglers Notch Disc Golf Center - Brewster Ridge,Brewster Ridge Gold Tees Rd3,62,18,1,14:50:00,69,7,952,190,True,False,18,69,True,True,True
76286,2024,MA1,3,677299,93973,93973,920,Round 3,2024-06-23,Bill DeMarino,951,Smugglers Notch Disc Golf Center - Brewster Ridge,Brewster Ridge Gold Tees Rd3,62,18,4,14:40:00,63,1,996,195,True,False,18,63,True,True,True
76286,2024,MA1,3,677299,209741,209741,948,Round 3,2024-06-23,Josh Graning,956,Smugglers Notch Disc Golf Center - Brewster Ridge,Brewster Ridge Gold Tees Rd3,62,18,1,14:40:00,69,7,952,197,True,False,18,69,True,True,True
76286,2024,MA1,3,677299,104226,104226,927,Round 3,2024-06-23,Beau Schofield,934,Smugglers Notch Disc Golf Center - Brewster Ridge,Brewster Ridge Gold Tees Rd3,62,18,4,14:30:00,65,3,982,198,True,False,18,65,True,True,True
76286,2024,MA1,3,677299,106751,106751,942,Round 3,2024-06-23,Jeffrey Abbott,952,Smugglers Notch Disc Golf Center - Brewster Ridge,Brewster Ridge Gold Tees Rd3,62,18,2,14:30:00,66,4,974,198,True,False,18,66,True,True,True
76286,2024,MA1,3,677299,238142,238142,923,Round 3,2024-06-23,Michael Drolet,939,Smugglers Notch Disc Golf Center - Brewster Ridge,Brewster Ridge Gold Tees Rd3,62,18,2,14:40:00,69,7,952,198,True,False,18,69,True,True,True
76286,2024,MA1,3,677299,131877,131877,929,Round 3,2024-06-23,Noah Buenaflor,,Smugglers Notch Disc Golf Center - Brewster Ridge,Brewster Ridge Gold Tees Rd3,62,18,4,14:50:00,72,10,930,199,True,False,18,72,True,True,True
76286,2024,MA1,3,677299,77356,77356,941,Round 3,2024-06-23,Kurt Niebanck,949,Smugglers Notch Disc Golf Center - Brewster Ridge,Brewster Ridge Gold Tees Rd3,62,18,1,14:20:00,66,4,974,200,True,False,18,66,True,True,True
76286,2024,MA1,3,677299,155926,155926,924,Round 3,2024-06-23,Tim Auger,940,Smugglers Notch Disc Golf Center - Brewster Ridge,Brewster Ridge Gold Tees Rd3,62,18,1,14:30:00,68,6,960,200,True,False,18,68,True,True,True
76286,2024,MA1,3,677299,146705,146705,919,Round 3,2024-06-23,James Kenney,910,Smugglers Notch Disc Golf Center - Brewster Ridge,Brewster Ridge Gold Tees Rd3,62,18,2,14:20:00,66,4,974,201,True,False,18,66,True,True,True
76286,2024,MA1,3,677299,172204,172204,940,Round 3,2024-06-23,Calder Favreau,,Smugglers Notch Disc Golf Center - Brewster Ridge,Brewster Ridge Gold Tees Rd3,62,18,2,14:10:00,66,4,974,202,True,False,18,66,True,True,True
76286,2024,MA1,3,677299,73121,73121,941,Round 3,2024-06-23,Matthew Kisil,,Smugglers Notch Disc Golf Center - Brewster Ridge,Brewster Ridge Gold Tees Rd3,62,18,3,14:30:00,69,7,952,202,True,False,18,69,True,True,True
76286,2024,MA1,3,677299,181257,181257,925,Round 3,2024-06-23,Benjamin Kenney,955,Smugglers Notch Disc Golf Center - Brewster Ridge,Brewster Ridge Gold Tees Rd3,62,18,3,14:10:00,68,6,960,204,True,False,18,68,True,True,True
76286,2024,MA1,3,677299,132702,132702,963,Round 3,2024-06-23,Egin Tollkuci,979,Smugglers Notch Disc Golf Center - Brewster Ridge,Brewster Ridge Gold Tees Rd3,62,18,3,14:40:00,75,13,908,205,True,False,18,75,True,True,True
76286,2024,MA1,3,677299,212529,212529,935,Round 3,2024-06-23,Mathew Darby,958,Smugglers Notch Disc Golf Center - Brewster Ridge,Brewster Ridge Gold Tees Rd3,62,18,3,13:50:00,67,5,967,206,True,False,18,67,True,True,True
76286,2024,MA1,3,677299,120271,120271,938,Round 3,2024-06-23,Jeremy Kasprick,949,Smugglers Notch Disc Golf Center - Brewster Ridge,Brewster Ridge Gold Tees Rd3,62,18,3,14:00:00,69,7,952,206,True,False,18,69,True,True,True
76286,2024,MA1,3,677299,101925,101925,952,Round 3,2024-06-23,Andrew Philp,,Smugglers Notch Disc Golf Center - Brewster Ridge,Brewster Ridge Gold Tees Rd3,62,18,1,14:10:00,71,9,938,207,True,False,18,71,True,True,True
76286,2024,MA1,3,677299,159336,159336,915,Round 3,2024-06-23,Jacob Schwartz,936,Smugglers Notch Disc Golf Center - Brewster Ridge,Brewster Ridge Gold Tees Rd3,62,18,1,14:00:00,73,11,923,209,True,False,18,73,True,True,True
76286,2024,MA1,3,677299,140079,140079,955,Round 3,2024-06-23,Matthew Pries,955,Smugglers Notch Disc Golf Center - Brewster Ridge,Brewster Ridge Gold Tees Rd3,62,18,3,13:10:00,66,4,974,210,True,False,18,66,True,True,True
76286,2024,MA1,3,677299,241451,241451,931,Round 3,2024-06-23,Abbott Joy,952,Smugglers Notch Disc Golf Center - Brewster Ridge,Brewster Ridge Gold Tees Rd3,62,18,3,13:20:00,67,5,967,210,True,False,18,67,True,True,True
76286,2024,MA1,3,677299,117308,117308,942,Round 3,2024-06-23,Bruce Moschetti II,935,Smugglers Notch Disc Golf Center - Brewster Ridge,Brewster Ridge Gold Tees Rd3,62,18,4,14:10:00,74,12,916,210,True,False,18,74,True,True,True
76286,2024,MA1,3,677299,164744,164744,947,Round 3,2024-06-23,Kevin Nosek,941,Smugglers Notch Disc Golf Center - Brewster Ridge,Brewster Ridge Gold Tees Rd3,62,18,2,14:00:00,74,12,916,210,True,False,18,74,True,True,True
76286,2024,MA1,3,677299,110707,110707,934,Round 3,2024-06-23,Jason Wilson,927,Smugglers Notch Disc Golf Center - Brewster Ridge,Brewster Ridge Gold Tees Rd3,62,18,1,13:40:00,71,9,938,211,True,False,18,71,True,True,True
76286,2024,MA1,3,677299,126401,126401,936,Round 3,2024-06-23,Andrew Clark,933,Smugglers Notch Disc Golf Center - Brewster Ridge,Brewster Ridge Gold Tees Rd3,62,18,2,13:50:00,73,11,923,211,True,False,18,73,True,True,True
76286,2024,MA1,3,677299,146525,146525,932,Round 3,2024-06-23,John Hafner,942,Smugglers Notch Disc Golf Center - Brewster Ridge,Brewster Ridge Gold Tees Rd3,62,18,3,14:20:00,77,15,894,212,True,False,18,77,True,True,True
76286,2024,MA1,3,677299,131306,131306,929,Round 3,2024-06-23,Jeff Miles,947,Smugglers Notch Disc Golf Center - Brewster Ridge,Brewster Ridge Gold Tees Rd3,62,18,4,13:40:00,71,9,938,213,True,False,18,71,True,True,True
76286,2024,MA1,3,677299,93779,93779,931,Round 3,2024-06-23,Bryant Chamberlin,926,Smugglers Notch Disc Golf Center - Brewster Ridge,Brewster Ridge Gold Tees Rd3,62,18,3,13:30:00,71,9,938,213,True,False,18,71,True,True,True
76286,2024,MA1,3,677299,213970,213970,906,Round 3,2024-06-23,Tyler Gannon,927,Smugglers Notch Disc Golf Center - Brewster Ridge,Brewster Ridge Gold Tees Rd3,62,18,2,13:10:00,70,8,945,214,True,False,18,70,True,True,True
76286,2024,MA1,3,677299,147369,147369,931,Round 3,2024-06-23,Andrew Behrens,937,Smugglers Notch Disc Golf Center - Brewster Ridge,Brewster Ridge Gold Tees Rd3,62,18,1,13:30:00,72,10,930,214,True,False,18,72,True,True,True
76286,2024,MA1,3,677299,242035,242035,926,Round 3,2024-06-23,Zac Montrief,948,Smugglers Notch Disc Golf Center - Brewster Ridge,Brewster Ridge Gold Tees Rd3,62,18,1,13:10:00,73,11,923,216,True,False,18,73,True,True,True
76286,2024,MA1,3,677299,111106,111106,914,Round 3,2024-06-23,Alex Potts,924,Smugglers Notch Disc Golf Center - Brewster Ridge,Brewster Ridge Gold Tees Rd3,62,18,3,13:40:00,74,12,916,216,True,False,18,74,True,True,True
76286,2024,MA1,3,677299,109604,109604,930,Round 3,2024-06-23,Jeremy Hulsey,914,Smugglers Notch Disc Golf Center - Brewster Ridge,Brewster Ridge Gold Tees Rd3,62,18,4,13:20:00,74,12,916,217,True,False,18,74,True,True,True
76286,2024,MA1,3,677299,147848,147848,915,Round 3,2024-06-23,Ben Bacher,937,Smugglers Notch Disc Golf Center - Brewster Ridge,Brewster Ridge Gold Tees Rd3,62,18,2,13:00:00,73,11,923,219,True,False,18,73,True,True,True
76286,2024,MA1,3,677299,124203,124203,907,Round 3,2024-06-23,Ezra Koch,954,Smugglers Notch Disc Golf Center - Brewster Ridge,Brewster Ridge Gold Tees Rd3,62,18,2,13:40:00,79,17,879,219,True,False,18,79,True,True,True
76286,2024,MA1,3,677299,219307,219307,897,Round 3,2024-06-23,Everett Secor,935,Smugglers Notch Disc Golf Center - Brewster Ridge,Brewster Ridge Gold Tees Rd3,62,18,1,13:50:00,82,20,857,220,True,False,18,82,True,True,True
76286,2024,MA1,3,677299,237281,237281,895,Round 3,2024-06-23,Jacob Roumanos,925,Smugglers Notch Disc Golf Center - Brewster Ridge,Brewster Ridge Gold Tees Rd3,62,18,1,13:00:00,76,14,901,222,True,False,18,76,True,True,True
76286,2024,MA1,3,677299,270710,270710,892,Round 3,2024-06-23,Matt Hart,944,Smugglers Notch Disc Golf Center - Brewster Ridge,Brewster Ridge Gold Tees Rd3,62,18,2,13:30:00,80,18,872,222,True,False,18,80,True,True,True
76286,2024,MA1,3,677299,141210,141210,924,Round 3,2024-06-23,Jonathan Colborne,912,Smugglers Notch Disc Golf Center - Brewster Ridge,Brewster Ridge Gold Tees Rd3,62,18,3,13:00:00,76,14,901,223,True,False,18,76,True,True,True
76286,2024,MA1,3,677299,240269,240269,917,Round 3,2024-06-23,Jake Stephenson,947,Smugglers Notch Disc Golf Center - Brewster Ridge,Brewster Ridge Gold Tees Rd3,62,18,2,13:20:00,80,18,872,223,True,False,18,80,True,True,True
76286,2024,MA1,3,677299,247199,247199,887,Round 3,2024-06-23,Jeremy Nadeau,904,Smugglers Notch Disc Golf Center - Brewster Ridge,Brewster Ridge Gold Tees Rd3,62,18,4,14:00:00,86,24,828,223,True,False,18,86,True,True,True
76286,2024,MA1,3,677299,266778,266778,907,Round 3,2024-06-23,Ian Lacquement,966,Smugglers Notch Disc Golf Center - Brewster Ridge,Brewster Ridge Gold Tees Rd3,62,18,3,12:40:00,71,9,938,225,True,False,18,71,True,True,True
76286,2024,MA1,3,677299,258543,258543,914,Round 3,2024-06-23,Dima Mikhaylov,928,Smugglers Notch Disc Golf Center - Brewster Ridge,Brewster Ridge Gold Tees Rd3,62,18,1,13:20:00,83,21,850,225,True,False,18,83,True,True,True
76286,2024,MA1,3,677299,139053,139053,874,Round 3,2024-06-23,Ryan Renko,903,Smugglers Notch Disc Golf Center - Brewster Ridge,Brewster Ridge Gold Tees Rd3,62,18,1,12:50:00,78,16,887,227,True,False,18,78,True,True,True
76286,2024,MA1,3,677299,88574,88574,939,Round 3,2024-06-23,Chris Thompson,911,Smugglers Notch Disc Golf Center - Brewster Ridge,Brewster Ridge Gold Tees Rd3,62,18,2,12:40:00,74,12,916,228,True,False,18,74,True,True,True
76286,2024,MA1,3,677299,62711,62711,894,Round 3,2024-06-23,Cam Rose,903,Smugglers Notch Disc Golf Center - Brewster Ridge,Brewster Ridge Gold Tees Rd3,62,18,3,12:50:00,78,16,887,229,True,False,18,78,True,True,True
76286,2024,MA1,3,677299,210681,210681,898,Round 3,2024-06-23,Kyle Anderson Andresen,911,Smugglers Notch Disc Golf Center - Brewster Ridge,Brewster Ridge Gold Tees Rd3,62,18,2,12:50:00,81,19,865,230,True,False,18,81,True,True,True
76286,2024,MA1,3,677299,143017,143017,924,Round 3,2024-06-23,Matthew Tervo,,Smugglers Notch Disc Golf Center - Brewster Ridge,Brewster Ridge Gold Tees Rd3,62,18,4,12:40:00,73,11,923,232,True,False,18,73,True,True,True
76286,2024,MA1,3,677299,174646,174646,877,Round 3,2024-06-23,David Oppenheimer,,Smugglers Notch Disc Golf Center - Brewster Ridge,Brewster Ridge Gold Tees Rd3,62,18,1,12:40:00,83,21,850,236,True,False,18,83,True,True,True
76286,2024,MA1,3,677299,153496,153496,955,Round 3,2024-06-23,Endi Tollkuçi,942,Smugglers Notch Disc Golf Center - Brewster Ridge,Brewster Ridge Gold Tees Rd3,62,18,3,13:30:00,11,826,,888,True,False,3,11,False,True,False
76286,2024,MA1,3,677299,97375,97375,917,Round 3,2024-06-23,Nicholas Olson,,Smugglers Notch Disc Golf Center - Brewster Ridge,Brewster Ridge Gold Tees Rd3,62,18,2,14:20:00,20,937,,,True,False,5,20,False,True,False
76286,2024,MA1,3,677299,143032,143032,924,Round 3,2024-06-23,Nick Webster,,Smugglers Notch Disc Golf Center - Brewster Ridge,Brewster Ridge Gold Tees Rd3,62,18,3,13:50:00,4,937,,,True,False,1,4,False,True,False
76286,2024,MA1,3,677299,126451,126451,930,Round 3,2024-06-23,Michael Byrne,,Smugglers Notch Disc Golf Center - Brewster Ridge,Brewster Ridge Gold Tees Rd3,62,18,4,13:10:00,,,,,True,True,0,,False,False,False
76286,2024,MA1,3,677299,87922,87922,928,Round 3,2024-06-23,Tony Stolo,936,Smugglers Notch Disc Golf Center - Brewster Ridge,Brewster Ridge Gold Tees Rd3,62,18,3,13:00:00,19,937,,,True,False,5,19,False,True,False
76286,2024,MA1,3,677299,128670,128670,865,Round 3,2024-06-23,Steven Colbert,,Smugglers Notch Disc Golf Center - Brewster Ridge,Brewster Ridge Gold Tees Rd3,62,18,1,12:50:00,27,937,,,True,False,6,27,False,True,False
76286,2024,MA2,1,675537,257797,257797,905,Round 1,2024-06-23,Jacob Bert Flynn,939,Smugglers Notch Disc Golf Center - Brewster Ridge,Brewster Ridge Blue Tees,62,18,4,09:20:00,58,-4,969,198,True,False,18,58,True,True,True
76286,2024,MA2,1,675537,148343,148343,900,Round 1,2024-06-23,Ryan Travis,893,Smugglers Notch Disc Golf Center - Brewster Ridge,Brewster Ridge Blue Tees,62,18,1,09:30:00,59,-3,960,198,True,False,18,59,True,True,True
76286,2024,MA2,1,675537,109742,109742,905,Round 1,2024-06-23,Andrew Moore,898,Smugglers Notch Disc Golf Center - Brewster Ridge,Brewster Ridge Blue Tees,62,18,1,10:40:00,61,-1,942,196,True,False,18,61,True,True,True
76286,2024,MA2,1,675537,159142,159142,895,Round 1,2024-06-23,George Ward,,Smugglers Notch Disc Golf Center - Brewster Ridge,Brewster Ridge Blue Tees,62,18,4,10:30:00,61,-1,942,205,True,False,18,61,True,True,True
76286,2024,MA2,1,675537,168648,168648,926,Round 1,2024-06-23,Patrick Callbeck,940,Smugglers Notch Disc Golf Center - Brewster Ridge,Brewster Ridge Blue Tees,62,18,2,09:50:00,61,-1,942,192,True,False,18,61,True,True,True
76286,2024,MA2,1,675537,79846,79846,901,Round 1,2024-06-23,Daniel Stefanilo,901,Smugglers Notch Disc Golf Center - Brewster Ridge,Brewster Ridge Blue Tees,62,18,1,09:00:00,62,0,933,197,True,False,18,62,True,True,True
76286,2024,MA2,1,675537,261144,261144,867,Round 1,2024-06-23,Dustin Gass,904,Smugglers Notch Disc Golf Center - Brewster Ridge,Brewster Ridge Blue Tees,62,18,2,09:10:00,62,0,933,209,True,False,18,62,True,True,True
76286,2024,MA2,1,675537,124573,124573,888,Round 1,2024-06-23,Steven Brassard,885,Smugglers Notch Disc Golf Center - Brewster Ridge,Brewster Ridge Blue Tees,62,18,1,10:00:00,63,1,924,207,True,False,18,63,True,True,True
76286,2024,MA2,1,675537,142609,142609,897,Round 1,2024-06-23,Shane Leadbetter,910,Smugglers Notch Disc Golf Center - Brewster Ridge,Brewster Ridge Blue Tees,62,18,1,09:50:00,63,1,924,207,True,False,18,63,True,True,True
76286,2024,MA2,1,675537,177260,177260,895,Round 1,2024-06-23,Fisher Evans,,Smugglers Notch Disc Golf Center - Brewster Ridge,Brewster Ridge Blue Tees,62,18,3,09:20:00,63,1,924,200,True,False,18,63,True,True,True
76286,2024,MA2,1,675537,192145,192145,888,Round 1,2024-06-23,Eric Wright,943,Smugglers Notch Disc Golf Center - Brewster Ridge,Brewster Ridge Blue Tees,62,18,3,09:50:00,63,1,924,197,True,False,18,63,True,True,True
76286,2024,MA2,1,675537,244747,244747,861,Round 1,2024-06-23,Shane Hinkley,,Smugglers Notch Disc Golf Center - Brewster Ridge,Brewster Ridge Blue Tees,62,18,4,10:50:00,63,1,924,201,True,False,18,63,True,True,True
76286,2024,MA2,1,675537,255082,255082,906,Round 1,2024-06-23,DJ Hosley,917,Smugglers Notch Disc Golf Center - Brewster Ridge,Brewster Ridge Blue Tees,62,18,4,09:40:00,63,1,924,199,True,False,18,63,True,True,True
76286,2024,MA2,1,675537,144726,144726,891,Round 1,2024-06-23,Marc Davis,903,Smugglers Notch Disc Golf Center - Brewster Ridge,Brewster Ridge Blue Tees,62,18,1,10:20:00,64,2,914,210,True,False,18,64,True,True,True
76286,2024,MA2,1,675537,189203,189203,897,Round 1,2024-06-23,Bobby Martino,911,Smugglers Notch Disc Golf Center - Brewster Ridge,Brewster Ridge Blue Tees,62,18,4,10:10:00,64,2,914,209,True,False,18,64,True,True,True
76286,2024,MA2,1,675537,181739,181739,901,Round 1,2024-06-23,Keelan MacKenzie,913,Smugglers Notch Disc Golf Center - Brewster Ridge,Brewster Ridge Blue Tees,62,18,3,10:10:00,65,3,905,206,True,False,18,65,True,True,True
76286,2024,MA2,1,675537,198992,198992,887,Round 1,2024-06-23,Nick Marcus,951,Smugglers Notch Disc Golf Center - Brewster Ridge,Brewster Ridge Blue Tees,62,18,3,09:30:00,65,3,905,200,True,False,18,65,True,True,True
76286,2024,MA2,1,675537,226654,226654,875,Round 1,2024-06-23,Keith Gilbert,894,Smugglers Notch Disc Golf Center - Brewster Ridge,Brewster Ridge Blue Tees,62,18,4,09:50:00,65,3,905,209,True,False,18,65,True,True,True
76286,2024,MA2,1,675537,121111,121111,842,Round 1,2024-06-23,Derek Chambers,868,Smugglers Notch Disc Golf Center - Brewster Ridge,Brewster Ridge Blue Tees,62,18,2,10:10:00,66,4,896,216,True,False,18,66,True,True,True
76286,2024,MA2,1,675537,146043,146043,903,Round 1,2024-06-23,Neil Ruggiero,884,Smugglers Notch Disc Golf Center - Brewster Ridge,Brewster Ridge Blue Tees,62,18,1,09:40:00,66,4,896,200,True,False,18,66,True,True,True
76286,2024,MA2,1,675537,170433,170433,921,Round 1,2024-06-23,Matthew Albee,924,Smugglers Notch Disc Golf Center - Brewster Ridge,Brewster Ridge Blue Tees,62,18,3,10:20:00,66,4,896,193,True,False,18,66,True,True,True
76286,2024,MA2,1,675537,105100,105100,906,Round 1,2024-06-23,Kyle Rondeau,908,Smugglers Notch Disc Golf Center - Brewster Ridge,Brewster Ridge Blue Tees,62,18,1,09:10:00,67,5,887,196,True,False,18,67,True,True,True
76286,2024,MA2,1,675537,163523,163523,881,Round 1,2024-06-23,Landon Desroches,866,Smugglers Notch Disc Golf Center - Brewster Ridge,Brewster Ridge Blue Tees,62,18,2,09:20:00,67,5,887,214,True,False,18,67,True,True,True
76286,2024,MA2,1,675537,113247,113247,880,Round 1,2024-06-23,Matthew Knauf,883,Smugglers Notch Disc Golf Center - Brewster Ridge,Brewster Ridge Blue Tees,62,18,1,10:30:00,68,6,878,,True,False,18,68,True,True,True
76286,2024,MA2,1,675537,115807,115807,921,Round 1,2024-06-23,John MacDonald,924,Smugglers Notch Disc Golf Center - Brewster Ridge,Brewster Ridge Blue Tees,62,18,2,10:40:00,68,6,878,201,True,False,18,68,True,True,True
76286,2024,MA2,1,675537,153232,153232,844,Round 1,2024-06-23,Andrew Andrasik,,Smugglers Notch Disc Golf Center - Brewster Ridge,Brewster Ridge Blue Tees,62,18,2,10:20:00,68,6,878,215,True,False,18,68,True,True,True
76286,2024,MA2,1,675537,186194,186194,886,Round 1,2024-06-23,Jonas Mailman,932,Smugglers Notch Disc Golf Center - Brewster Ridge,Brewster Ridge Blue Tees,62,18,2,10:00:00,68,6,878,203,True,False,18,68,True,True,True
76286,2024,MA2,1,675537,195565,195565,873,Round 1,2024-06-23,Ty Goodrow,866,Smugglers Notch Disc Golf Center - Brewster Ridge,Brewster Ridge Blue Tees,62,18,2,09:40:00,68,6,878,210,True,False,18,68,True,True,True
76286,2024,MA2,1,675537,207208,207208,899,Round 1,2024-06-23,Justin Abbott,918,Smugglers Notch Disc Golf Center - Brewster Ridge,Brewster Ridge Blue Tees,62,18,4,10:40:00,68,6,878,214,True,False,18,68,True,True,True
76286,2024,MA2,1,675537,244988,244988,860,Round 1,2024-06-23,Aidan Flynn,899,Smugglers Notch Disc Golf Center - Brewster Ridge,Brewster Ridge Blue Tees,62,18,4,10:00:00,68,6,878,216,True,False,18,68,True,True,True
76286,2024,MA2,1,675537,275802,275802,882,Round 1,2024-06-23,Tyler Jarrett,907,Smugglers Notch Disc Golf Center - Brewster Ridge,Brewster Ridge Blue Tees,62,18,4,10:20:00,68,6,878,218,True,False,18,68,True,True,True
76286,2024,MA2,1,675537,151226,151226,900,Round 1,2024-06-23,Josh Coles,915,Smugglers Notch Disc Golf Center - Brewster Ridge,Brewster Ridge Blue Tees,62,18,2,10:30:00,69,7,869,206,True,False,18,69,True,True,True
76286,2024,MA2,1,675537,152906,152906,897,Round 1,2024-06-23,Tyler Pendleton,,Smugglers Notch Disc Golf Center - Brewster Ridge,Brewster Ridge Blue Tees,62,18,3,10:30:00,69,7,869,207,True,False,18,69,True,True,True
76286,2024,MA2,1,675537,153584,153584,835,Round 1,2024-06-23,Jose Colon,,Smugglers Notch Disc Golf Center - Brewster Ridge,Brewster Ridge Blue Tees,62,18,2,09:00:00,69,7,869,222,True,False,18,69,True,True,True
76286,2024,MA2,1,675537,202496,202496,879,Round 1,2024-06-23,Brian Sardelis,,Smugglers Notch Disc Golf Center - Brewster Ridge,Brewster Ridge Blue Tees,62,18,3,10:00:00,69,7,869,216,True,False,18,69,True,True,True
76286,2024,MA2,1,675537,120679,120679,884,Round 1,2024-06-23,Arthur Suttles,890,Smugglers Notch Disc Golf Center - Brewster Ridge,Brewster Ridge Blue Tees,62,18,1,10:10:00,70,8,860,214,True,False,18,70,True,True,True
76286,2024,MA2,1,675537,148805,148805,878,Round 1,2024-06-23,Brandon Medina,885,Smugglers Notch Disc Golf Center - Brewster Ridge,Brewster Ridge Blue Tees,62,18,3,10:40:00,70,8,860,226,True,False,18,70,True,True,True
76286,2024,MA2,1,675537,198859,198859,874,Round 1,2024-06-23,Adam Ruggiero,,Smugglers Notch Disc Golf Center - Brewster Ridge,Brewster Ridge Blue Tees,62,18,2,09:30:00,70,8,860,213,True,False,18,70,True,True,True
76286,2024,MA2,1,675537,112821,112821,884,Round 1,2024-06-23,Ross O'Toole,917,Smugglers Notch Disc Golf Center - Brewster Ridge,Brewster Ridge Blue Tees,62,18,1,09:20:00,71,9,851,,True,False,18,71,True,True,True
76286,2024,MA2,1,675537,136803,136803,867,Round 1,2024-06-23,Kevin Shinnick,900,Smugglers Notch Disc Golf Center - Brewster Ridge,Brewster Ridge Blue Tees,62,18,3,10:50:00,71,9,851,210,True,False,18,71,True,True,True
76286,2024,MA2,1,675537,242902,242902,878,Round 1,2024-06-23,Christopher Rullan,,Smugglers Notch Disc Golf Center - Brewster Ridge,Brewster Ridge Blue Tees,62,18,3,09:40:00,71,9,851,218,True,False,18,71,True,True,True
76286,2024,MA2,1,675537,227412,227412,857,Round 1,2024-06-23,Alex Emery,860,Smugglers Notch Disc Golf Center - Brewster Ridge,Brewster Ridge Blue Tees,62,18,3,09:00:00,73,11,833,222,True,False,18,73,True,True,True
76286,2024,MA2,1,675537,131724,131724,866,Round 1,2024-06-23,Chris Mooney,,Smugglers Notch Disc Golf Center - Brewster Ridge,Brewster Ridge Blue Tees,62,18,2,10:50:00,74,12,824,219,True,False,18,74,True,True,True
76286,2024,MA2,1,675537,262907,262907,785,Round 1,2024-06-23,Jonathan Spring,820,Smugglers Notch Disc Golf Center - Brewster Ridge,Brewster Ridge Blue Tees,62,18,3,09:10:00,74,12,824,236,True,False,18,74,True,True,True
76286,2024,MA2,1,675537,265876,265876,818,Round 1,2024-06-23,Frédérick Allaire,893,Smugglers Notch Disc Golf Center - Brewster Ridge,Brewster Ridge Blue Tees,62,18,4,09:10:00,74,12,824,239,True,False,18,74,True,True,True
76286,2024,MA2,1,675537,273411,273411,,Round 1,2024-06-23,Timothy Hafner,845,Smugglers Notch Disc Golf Center - Brewster Ridge,Brewster Ridge Blue Tees,62,18,4,09:00:00,78,16,788,243,True,False,18,78,True,True,True
76286,2024,MA2,1,675537,121582,121582,788,Round 1,2024-06-23,Nick Brozek,780,Smugglers Notch Disc Golf Center - Brewster Ridge,Brewster Ridge Blue Tees,62,18,1,10:50:00,83,21,742,252,True,False,18,83,True,True,True
76286,2024,MA2,2,675542,168648,168648,926,Round 2,2024-06-23,Patrick Callbeck,940,Smugglers Notch Disc Golf Center - Fox Run,Fox Run Meadows Blue Tees,62,18,1,12:10:00,65,3,962,192,True,False,18,65,True,True,True
76286,2024,MA2,2,675542,257797,257797,905,Round 2,2024-06-23,Jacob Bert Flynn,939,Smugglers Notch Disc Golf Center - Fox Run,Fox Run Meadows Blue Tees,62,18,1,12:20:00,68,6,938,198,True,False,18,68,True,True,True
76286,2024,MA2,2,675542,244747,244747,861,Round 2,2024-06-23,Shane Hinkley,,Smugglers Notch Disc Golf Center - Fox Run,Fox Run Meadows Blue Tees,62,18,4,12:00:00,64,2,970,201,True,False,18,64,True,True,True
76286,2024,MA2,2,675542,109742,109742,905,Round 2,2024-06-23,Andrew Moore,898,Smugglers Notch Disc Golf Center - Fox Run,Fox Run Meadows Blue Tees,62,18,3,12:20:00,67,5,946,196,True,False,18,67,True,True,True
76286,2024,MA2,2,675542,79846,79846,901,Round 2,2024-06-23,Daniel Stefanilo,901,Smugglers Notch Disc Golf Center - Fox Run,Fox Run Meadows Blue Tees,62,18,2,12:10:00,68,6,938,197,True,False,18,68,True,True,True
76286,2024,MA2,2,675542,170433,170433,921,Round 2,2024-06-23,Matthew Albee,924,Smugglers Notch Disc Golf Center - Fox Run,Fox Run Meadows Blue Tees,62,18,1,11:30:00,66,4,954,193,True,False,18,66,True,True,True
76286,2024,MA2,2,675542,177260,177260,895,Round 2,2024-06-23,Fisher Evans,,Smugglers Notch Disc Golf Center - Fox Run,Fox Run Meadows Blue Tees,62,18,2,12:00:00,69,7,931,200,True,False,18,69,True,True,True
76286,2024,MA2,2,675542,146043,146043,903,Round 2,2024-06-23,Neil Ruggiero,884,Smugglers Notch Disc Golf Center - Fox Run,Fox Run Meadows Blue Tees,62,18,4,11:40:00,68,6,938,200,True,False,18,68,True,True,True
76286,2024,MA2,2,675542,192145,192145,888,Round 2,2024-06-23,Eric Wright,943,Smugglers Notch Disc Golf Center - Fox Run,Fox Run Meadows Blue Tees,62,18,3,12:00:00,71,9,915,197,True,False,18,71,True,True,True
76286,2024,MA2,2,675542,148343,148343,900,Round 2,2024-06-23,Ryan Travis,893,Smugglers Notch Disc Golf Center - Fox Run,Fox Run Meadows Blue Tees,62,18,2,12:20:00,75,13,884,198,True,False,18,75,True,True,True
76286,2024,MA2,2,675542,115807,115807,921,Round 2,2024-06-23,John MacDonald,924,Smugglers Notch Disc Golf Center - Fox Run,Fox Run Meadows Blue Tees,62,18,1,11:20:00,68,6,938,201,True,False,18,68,True,True,True
76286,2024,MA2,2,675542,152906,152906,897,Round 2,2024-06-23,Tyler Pendleton,,Smugglers Notch Disc Golf Center - Fox Run,Fox Run Meadows Blue Tees,62,18,1,11:00:00,68,6,938,207,True,False,18,68,True,True,True
76286,2024,MA2,2,675542,105100,105100,906,Round 2,2024-06-23,Kyle Rondeau,908,Smugglers Notch Disc Golf Center - Fox Run,Fox Run Meadows Blue Tees,62,18,2,11:30:00,70,8,923,196,True,False,18,70,True,True,True
76286,2024,MA2,2,675542,186194,186194,886,Round 2,2024-06-23,Jonas Mailman,932,Smugglers Notch Disc Golf Center - Fox Run,Fox Run Meadows Blue Tees,62,18,3,11:20:00,70,8,923,203,True,False,18,70,True,True,True
76286,2024,MA2,2,675542,255082,255082,906,Round 2,2024-06-23,DJ Hosley,917,Smugglers Notch Disc Golf Center - Fox Run,Fox Run Meadows Blue Tees,62,18,1,11:50:00,75,13,884,199,True,False,18,75,True,True,True
76286,2024,MA2,2,675542,181739,181739,901,Round 2,2024-06-23,Keelan MacKenzie,913,Smugglers Notch Disc Golf Center - Fox Run,Fox Run Meadows Blue Tees,62,18,4,11:50:00,74,12,891,206,True,False,18,74,True,True,True
76286,2024,MA2,2,675542,198992,198992,887,Round 2,2024-06-23,Nick Marcus,951,Smugglers Notch Disc Golf Center - Fox Run,Fox Run Meadows Blue Tees,62,18,1,11:40:00,74,12,891,200,True,False,18,74,True,True,True
76286,2024,MA2,2,675542,124573,124573,888,Round 2,2024-06-23,Steven Brassard,885,Smugglers Notch Disc Golf Center - Fox Run,Fox Run Meadows Blue Tees,62,18,4,12:10:00,76,14,876,207,True,False,18,76,True,True,True
76286,2024,MA2,2,675542,142609,142609,897,Round 2,2024-06-23,Shane Leadbetter,910,Smugglers Notch Disc Golf Center - Fox Run,Fox Run Meadows Blue Tees,62,18,1,12:00:00,77,15,868,207,True,False,18,77,True,True,True
76286,2024,MA2,2,675542,159142,159142,895,Round 2,2024-06-23,George Ward,,Smugglers Notch Disc Golf Center - Fox Run,Fox Run Meadows Blue Tees,62,18,4,12:20:00,79,17,852,205,True,False,18,79,True,True,True
76286,2024,MA2,2,675542,226654,226654,875,Round 2,2024-06-23,Keith Gilbert,894,Smugglers Notch Disc Golf Center - Fox Run,Fox Run Meadows Blue Tees,62,18,2,11:40:00,76,14,876,209,True,False,18,76,True,True,True
76286,2024,MA2,2,675542,189203,189203,897,Round 2,2024-06-23,Bobby Martino,911,Smugglers Notch Disc Golf Center - Fox Run,Fox Run Meadows Blue Tees,62,18,3,11:50:00,77,15,868,209,True,False,18,77,True,True,True
76286,2024,MA2,2,675542,151226,151226,900,Round 2,2024-06-23,Josh Coles,915,Smugglers Notch Disc Golf Center - Fox Run,Fox Run Meadows Blue Tees,62,18,4,11:10:00,73,11,899,206,True,False,18,73,True,True,True
76286,2024,MA2,2,675542,153232,153232,844,Round 2,2024-06-23,Andrew Andrasik,,Smugglers Notch Disc Golf Center - Fox Run,Fox Run Meadows Blue Tees,62,18,2,11:20:00,74,12,891,215,True,False,18,74,True,True,True
76286,2024,MA2,2,675542,136803,136803,867,Round 2,2024-06-23,Kevin Shinnick,900,Smugglers Notch Disc Golf Center - Fox Run,Fox Run Meadows Blue Tees,62,18,4,10:50:00,72,10,907,210,True,False,18,72,True,True,True
76286,2024,MA2,2,675542,144726,144726,891,Round 2,2024-06-23,Marc Davis,903,Smugglers Notch Disc Golf Center - Fox Run,Fox Run Meadows Blue Tees,62,18,2,11:50:00,79,17,852,210,True,False,18,79,True,True,True
76286,2024,MA2,2,675542,261144,261144,867,Round 2,2024-06-23,Dustin Gass,904,Smugglers Notch Disc Golf Center - Fox Run,Fox Run Meadows Blue Tees,62,18,3,12:10:00,82,20,829,209,True,False,18,82,True,True,True
76286,2024,MA2,2,675542,163523,163523,881,Round 2,2024-06-23,Landon Desroches,866,Smugglers Notch Disc Golf Center - Fox Run,Fox Run Meadows Blue Tees,62,18,3,11:30:00,79,17,852,214,True,False,18,79,True,True,True
76286,2024,MA2,2,675542,121111,121111,842,Round 2,2024-06-23,Derek Chambers,868,Smugglers Notch Disc Golf Center - Fox Run,Fox Run Meadows Blue Tees,62,18,3,11:40:00,80,18,845,216,True,False,18,80,True,True,True
76286,2024,MA2,2,675542,195565,195565,873,Round 2,2024-06-23,Ty Goodrow,866,Smugglers Notch Disc Golf Center - Fox Run,Fox Run Meadows Blue Tees,62,18,4,11:20:00,79,17,852,210,True,False,18,79,True,True,True
76286,2024,MA2,2,675542,120679,120679,884,Round 2,2024-06-23,Arthur Suttles,890,Smugglers Notch Disc Golf Center - Fox Run,Fox Run Meadows Blue Tees,62,18,4,11:00:00,78,16,860,214,True,False,18,78,True,True,True
76286,2024,MA2,2,675542,131724,131724,866,Round 2,2024-06-23,Chris Mooney,,Smugglers Notch Disc Golf Center - Fox Run,Fox Run Meadows Blue Tees,62,18,3,10:40:00,75,13,884,219,True,False,18,75,True,True,True
76286,2024,MA2,2,675542,242902,242902,878,Round 2,2024-06-23,Christopher Rullan,,Smugglers Notch Disc Golf Center - Fox Run,Fox Run Meadows Blue Tees,62,18,1,10:40:00,78,16,860,218,True,False,18,78,True,True,True
76286,2024,MA2,2,675542,198859,198859,874,Round 2,2024-06-23,Adam Ruggiero,,Smugglers Notch Disc Golf Center - Fox Run,Fox Run Meadows Blue Tees,62,18,2,10:50:00,79,17,852,213,True,False,18,79,True,True,True
76286,2024,MA2,2,675542,202496,202496,879,Round 2,2024-06-23,Brian Sardelis,,Smugglers Notch Disc Golf Center - Fox Run,Fox Run Meadows Blue Tees,62,18,3,11:00:00,80,18,845,216,True,False,18,80,True,True,True
76286,2024,MA2,2,675542,153584,153584,835,Round 2,2024-06-23,Jose Colon,,Smugglers Notch Disc Golf Center - Fox Run,Fox Run Meadows Blue Tees,62,18,2,11:00:00,81,19,837,222,True,False,18,81,True,True,True
76286,2024,MA2,2,675542,207208,207208,899,Round 2,2024-06-23,Justin Abbott,918,Smugglers Notch Disc Golf Center - Fox Run,Fox Run Meadows Blue Tees,62,18,1,11:10:00,82,20,829,214,True,False,18,82,True,True,True
76286,2024,MA2,2,675542,275802,275802,882,Round 2,2024-06-23,Tyler Jarrett,907,Smugglers Notch Disc Golf Center - Fox Run,Fox Run Meadows Blue Tees,62,18,3,11:10:00,82,20,829,218,True,False,18,82,True,True,True
76286,2024,MA2,2,675542,227412,227412,857,Round 2,2024-06-23,Alex Emery,860,Smugglers Notch Disc Golf Center - Fox Run,Fox Run Meadows Blue Tees,62,18,2,10:40:00,78,16,860,222,True,False,18,78,True,True,True
76286,2024,MA2,2,675542,244988,244988,860,Round 2,2024-06-23,Aidan Flynn,899,Smugglers Notch Disc Golf Center - Fox Run,Fox Run Meadows Blue Tees,62,18,2,11:10:00,83,21,821,216,True,False,18,83,True,True,True
76286,2024,MA2,2,675542,148805,148805,878,Round 2,2024-06-23,Brandon Medina,885,Smugglers Notch Disc Golf Center - Fox Run,Fox Run Meadows Blue Tees,62,18,1,10:50:00,83,21,821,226,True,False,18,83,True,True,True
76286,2024,MA2,2,675542,113247,113247,880,Round 2,2024-06-23,Matthew Knauf,883,Smugglers Notch Disc Golf Center - Fox Run,Fox Run Meadows Blue Tees,62,18,4,11:30:00,86,24,798,,True,False,18,86,True,True,True
76286,2024,MA2,2,675542,112821,112821,884,Round 2,2024-06-23,Ross O'Toole,917,Smugglers Notch Disc Golf Center - Fox Run,Fox Run Meadows Blue Tees,62,18,3,10:50:00,92,30,751,,True,False,18,92,True,True,True
76286,2024,MA2,2,675542,262907,262907,785,Round 2,2024-06-23,Jonathan Spring,820,Smugglers Notch Disc Golf Center - Fox Run,Fox Run Meadows Blue Tees,62,18,4,10:40:00,90,28,766,236,True,False,18,90,True,True,True
76286,2024,MA2,2,675542,265876,265876,818,Round 2,2024-06-23,Frédérick Allaire,893,Smugglers Notch Disc Golf Center - Fox Run,Fox Run Meadows Blue Tees,62,18,1,10:30:00,91,29,758,239,True,False,18,91,True,True,True
76286,2024,MA2,2,675542,273411,273411,,Round 2,2024-06-23,Timothy Hafner,845,Smugglers Notch Disc Golf Center - Fox Run,Fox Run Meadows Blue Tees,62,18,2,10:30:00,91,29,758,243,True,False,18,91,True,True,True
76286,2024,MA2,2,675542,121582,121582,788,Round 2,2024-06-23,Nick Brozek,780,Smugglers Notch Disc Golf Center - Fox Run,Fox Run Meadows Blue Tees,62,18,3,10:30:00,88,26,782,252,True,False,18,88,True,True,True
76286,2024,MA2,3,677300,168648,168648,926,Round 3,2024-06-23,Patrick Callbeck,940,Smugglers Notch Disc Golf Center - Brewster Ridge,Brewster Ridge Blue Tees Rd3,62,18,1,10:40:00,66,4,905,192,True,False,18,66,True,True,True
76286,2024,MA2,3,677300,170433,170433,921,Round 3,2024-06-23,Matthew Albee,924,Smugglers Notch Disc Golf Center - Brewster Ridge,Brewster Ridge Blue Tees Rd3,62,18,2,10:30:00,61,-1,950,193,True,False,18,61,True,True,True
76286,2024,MA2,3,677300,105100,105100,906,Round 3,2024-06-23,Kyle Rondeau,908,Smugglers Notch Disc Golf Center - Brewster Ridge,Brewster Ridge Blue Tees Rd3,62,18,1,10:10:00,59,-3,967,196,True,False,18,59,True,True,True
76286,2024,MA2,3,677300,109742,109742,905,Round 3,2024-06-23,Andrew Moore,898,Smugglers Notch Disc Golf Center - Brewster Ridge,Brewster Ridge Blue Tees Rd3,62,18,4,10:40:00,68,6,887,196,True,False,18,68,True,True,True
76286,2024,MA2,3,677300,192145,192145,888,Round 3,2024-06-23,Eric Wright,943,Smugglers Notch Disc Golf Center - Brewster Ridge,Brewster Ridge Blue Tees Rd3,62,18,1,10:20:00,63,1,932,197,True,False,18,63,True,True,True
76286,2024,MA2,3,677300,79846,79846,901,Round 3,2024-06-23,Daniel Stefanilo,901,Smugglers Notch Disc Golf Center - Brewster Ridge,Brewster Ridge Blue Tees Rd3,62,18,1,10:30:00,67,5,896,197,True,False,18,67,True,True,True
76286,2024,MA2,3,677300,148343,148343,900,Round 3,2024-06-23,Ryan Travis,893,Smugglers Notch Disc Golf Center - Brewster Ridge,Brewster Ridge Blue Tees Rd3,62,18,2,10:20:00,64,2,923,198,True,False,18,64,True,True,True
76286,2024,MA2,3,677300,257797,257797,905,Round 3,2024-06-23,Jacob Bert Flynn,939,Smugglers Notch Disc Golf Center - Brewster Ridge,Brewster Ridge Blue Tees Rd3,62,18,2,10:40:00,72,10,852,198,True,False,18,72,True,True,True
76286,2024,MA2,3,677300,255082,255082,906,Round 3,2024-06-23,DJ Hosley,917,Smugglers Notch Disc Golf Center - Brewster Ridge,Brewster Ridge Blue Tees Rd3,62,18,3,10:10:00,61,-1,950,199,True,False,18,61,True,True,True
76286,2024,MA2,3,677300,198992,198992,887,Round 3,2024-06-23,Nick Marcus,951,Smugglers Notch Disc Golf Center - Brewster Ridge,Brewster Ridge Blue Tees Rd3,62,18,1,10:00:00,61,-1,950,200,True,False,18,61,True,True,True
76286,2024,MA2,3,677300,146043,146043,903,Round 3,2024-06-23,Neil Ruggiero,884,Smugglers Notch Disc Golf Center - Brewster Ridge,Brewster Ridge Blue Tees Rd3,62,18,4,10:30:00,66,4,905,200,True,False,18,66,True,True,True
76286,2024,MA2,3,677300,177260,177260,895,Round 3,2024-06-23,Fisher Evans,,Smugglers Notch Disc Golf Center - Brewster Ridge,Brewster Ridge Blue Tees Rd3,62,18,3,10:30:00,68,6,887,200,True,False,18,68,True,True,True
76286,2024,MA2,3,677300,115807,115807,921,Round 3,2024-06-23,John MacDonald,924,Smugglers Notch Disc Golf Center - Brewster Ridge,Brewster Ridge Blue Tees Rd3,62,18,3,10:20:00,65,3,914,201,True,False,18,65,True,True,True
76286,2024,MA2,3,677300,244747,244747,861,Round 3,2024-06-23,Shane Hinkley,,Smugglers Notch Disc Golf Center - Brewster Ridge,Brewster Ridge Blue Tees Rd3,62,18,3,10:40:00,74,12,834,201,True,False,18,74,True,True,True
76286,2024,MA2,3,677300,186194,186194,886,Round 3,2024-06-23,Jonas Mailman,932,Smugglers Notch Disc Golf Center - Brewster Ridge,Brewster Ridge Blue Tees Rd3,62,18,2,10:10:00,65,3,914,203,True,False,18,65,True,True,True
76286,2024,MA2,3,677300,159142,159142,895,Round 3,2024-06-23,George Ward,,Smugglers Notch Disc Golf Center - Brewster Ridge,Brewster Ridge Blue Tees Rd3,62,18,4,10:00:00,65,3,914,205,True,False,18,65,True,True,True
76286,2024,MA2,3,677300,151226,151226,900,Round 3,2024-06-23,Josh Coles,915,Smugglers Notch Disc Golf Center - Brewster Ridge,Brewster Ridge Blue Tees Rd3,62,18,3,09:50:00,64,2,923,206,True,False,18,64,True,True,True
76286,2024,MA2,3,677300,181739,181739,901,Round 3,2024-06-23,Keelan MacKenzie,913,Smugglers Notch Disc Golf Center - Brewster Ridge,Brewster Ridge Blue Tees Rd3,62,18,4,10:10:00,67,5,896,206,True,False,18,67,True,True,True
76286,2024,MA2,3,677300,142609,142609,897,Round 3,2024-06-23,Shane Leadbetter,910,Smugglers Notch Disc Golf Center - Brewster Ridge,Brewster Ridge Blue Tees Rd3,62,18,3,10:00:00,67,5,896,207,True,False,18,67,True,True,True
76286,2024,MA2,3,677300,124573,124573,888,Round 3,2024-06-23,Steven Brassard,885,Smugglers Notch Disc Golf Center - Brewster Ridge,Brewster Ridge Blue Tees Rd3,62,18,2,10:00:00,68,6,887,207,True,False,18,68,True,True,True
76286,2024,MA2,3,677300,152906,152906,897,Round 3,2024-06-23,Tyler Pendleton,,Smugglers Notch Disc Golf Center - Brewster Ridge,Brewster Ridge Blue Tees Rd3,62,18,4,10:20:00,70,8,870,207,True,False,18,70,True,True,True
76286,2024,MA2,3,677300,261144,261144,867,Round 3,2024-06-23,Dustin Gass,904,Smugglers Notch Disc Golf Center - Brewster Ridge,Brewster Ridge Blue Tees Rd3,62,18,3,09:40:00,65,3,914,209,True,False,18,65,True,True,True
76286,2024,MA2,3,677300,226654,226654,875,Round 3,2024-06-23,Keith Gilbert,894,Smugglers Notch Disc Golf Center - Brewster Ridge,Brewster Ridge Blue Tees Rd3,62,18,1,09:50:00,68,6,887,209,True,False,18,68,True,True,True
76286,2024,MA2,3,677300,189203,189203,897,Round 3,2024-06-23,Bobby Martino,911,Smugglers Notch Disc Golf Center - Brewster Ridge,Brewster Ridge Blue Tees Rd3,62,18,2,09:50:00,68,6,887,209,True,False,18,68,True,True,True
76286,2024,MA2,3,677300,195565,195565,873,Round 3,2024-06-23,Ty Goodrow,866,Smugglers Notch Disc Golf Center - Brewster Ridge,Brewster Ridge Blue Tees Rd3,62,18,2,09:30:00,63,1,932,210,True,False,18,63,True,True,True
76286,2024,MA2,3,677300,136803,136803,867,Round 3,2024-06-23,Kevin Shinnick,900,Smugglers Notch Disc Golf Center - Brewster Ridge,Brewster Ridge Blue Tees Rd3,62,18,1,09:40:00,67,5,896,210,True,False,18,67,True,True,True
76286,2024,MA2,3,677300,144726,144726,891,Round 3,2024-06-23,Marc Davis,903,Smugglers Notch Disc Golf Center - Brewster Ridge,Brewster Ridge Blue Tees Rd3,62,18,2,09:40:00,67,5,896,210,True,False,18,67,True,True,True
76286,2024,MA2,3,677300,198859,198859,874,Round 3,2024-06-23,Adam Ruggiero,,Smugglers Notch Disc Golf Center - Brewster Ridge,Brewster Ridge Blue Tees Rd3,62,18,2,09:20:00,64,2,923,213,True,False,18,64,True,True,True
76286,2024,MA2,3,677300,207208,207208,899,Round 3,2024-06-23,Justin Abbott,918,Smugglers Notch Disc Golf Center - Brewster Ridge,Brewster Ridge Blue Tees Rd3,62,18,1,09:10:00,64,2,923,214,True,False,18,64,True,True,True
76286,2024,MA2,3,677300,120679,120679,884,Round 3,2024-06-23,Arthur Suttles,890,Smugglers Notch Disc Golf Center - Brewster Ridge,Brewster Ridge Blue Tees Rd3,62,18,3,09:30:00,66,4,905,214,True,False,18,66,True,True,True
76286,2024,MA2,3,677300,163523,163523,881,Round 3,2024-06-23,Landon Desroches,866,Smugglers Notch Disc Golf Center - Brewster Ridge,Brewster Ridge Blue Tees Rd3,62,18,4,09:40:00,68,6,887,214,True,False,18,68,True,True,True
76286,2024,MA2,3,677300,153232,153232,844,Round 3,2024-06-23,Andrew Andrasik,,Smugglers Notch Disc Golf Center - Brewster Ridge,Brewster Ridge Blue Tees Rd3,62,18,4,09:50:00,73,11,843,215,True,False,18,73,True,True,True
76286,2024,MA2,3,677300,244988,244988,860,Round 3,2024-06-23,Aidan Flynn,899,Smugglers Notch Disc Golf Center - Brewster Ridge,Brewster Ridge Blue Tees Rd3,62,18,4,09:10:00,65,3,914,216,True,False,18,65,True,True,True
76286,2024,MA2,3,677300,202496,202496,879,Round 3,2024-06-23,Brian Sardelis,,Smugglers Notch Disc Golf Center - Brewster Ridge,Brewster Ridge Blue Tees Rd3,62,18,3,09:20:00,67,5,896,216,True,False,18,67,True,True,True
76286,2024,MA2,3,677300,121111,121111,842,Round 3,2024-06-23,Derek Chambers,868,Smugglers Notch Disc Golf Center - Brewster Ridge,Brewster Ridge Blue Tees Rd3,62,18,1,09:30:00,70,8,870,216,True,False,18,70,True,True,True
76286,2024,MA2,3,677300,275802,275802,882,Round 3,2024-06-23,Tyler Jarrett,907,Smugglers Notch Disc Golf Center - Brewster Ridge,Brewster Ridge Blue Tees Rd3,62,18,2,09:10:00,68,6,887,218,True,False,18,68,True,True,True
76286,2024,MA2,3,677300,242902,242902,878,Round 3,2024-06-23,Christopher Rullan,,Smugglers Notch Disc Golf Center - Brewster Ridge,Brewster Ridge Blue Tees Rd3,62,18,1,09:20:00,69,7,879,218,True,False,18,69,True,True,True
76286,2024,MA2,3,677300,131724,131724,866,Round 3,2024-06-23,Chris Mooney,,Smugglers Notch Disc Golf Center - Brewster Ridge,Brewster Ridge Blue Tees Rd3,62,18,4,09:30:00,70,8,870,219,True,False,18,70,True,True,True
76286,2024,MA2,3,677300,227412,227412,857,Round 3,2024-06-23,Alex Emery,860,Smugglers Notch Disc Golf Center - Brewster Ridge,Brewster Ridge Blue Tees Rd3,62,18,3,09:10:00,71,9,861,222,True,False,18,71,True,True,True
76286,2024,MA2,3,677300,153584,153584,835,Round 3,2024-06-23,Jose Colon,,Smugglers Notch Disc Golf Center - Brewster Ridge,Brewster Ridge Blue Tees Rd3,62,18,4,09:20:00,72,10,852,222,True,False,18,72,True,True,True
76286,2024,MA2,3,677300,148805,148805,878,Round 3,2024-06-23,Brandon Medina,885,Smugglers Notch Disc Golf Center - Brewster Ridge,Brewster Ridge Blue Tees Rd3,62,18,1,08:50:00,73,11,843,226,True,False,18,73,True,True,True
76286,2024,MA2,3,677300,262907,262907,785,Round 3,2024-06-23,Jonathan Spring,820,Smugglers Notch Disc Golf Center - Brewster Ridge,Brewster Ridge Blue Tees Rd3,62,18,2,08:50:00,72,10,852,236,True,False,18,72,True,True,True
76286,2024,MA2,3,677300,265876,265876,818,Round 3,2024-06-23,Frédérick Allaire,893,Smugglers Notch Disc Golf Center - Brewster Ridge,Brewster Ridge Blue Tees Rd3,62,18,3,08:50:00,74,12,834,239,True,False,18,74,True,True,True
76286,2024,MA2,3,677300,273411,273411,,Round 3,2024-06-23,Timothy Hafner,845,Smugglers Notch Disc Golf Center - Brewster Ridge,Brewster Ridge Blue Tees Rd3,62,18,4,08:50:00,74,12,834,243,True,False,18,74,True,True,True
76286,2024,MA2,3,677300,121582,121582,788,Round 3,2024-06-23,Nick Brozek,780,Smugglers Notch Disc Golf Center - Brewster Ridge,Brewster Ridge Blue Tees Rd3,62,18,5,08:50:00,81,19,772,252,True,False,18,81,True,True,True
76286,2024,MA2,3,677300,113247,113247,880,Round 3,2024-06-23,Matthew Knauf,883,Smugglers Notch Disc Golf Center - Brewster Ridge,Brewster Ridge Blue Tees Rd3,62,18,,,,,,,True,True,0,,False,False,False
76286,2024,MA2,3,677300,112821,112821,884,Round 3,2024-06-23,Ross O'Toole,917,Smugglers Notch Disc Golf Center - Brewster Ridge,Brewster Ridge Blue Tees Rd3,62,18,,,,,,,True,True,0,,False,False,False
76286,2024,MA3,1,675545,205407,205407,869,Round 1,2024-06-23,Miles Dennis,888,Smugglers Notch Disc Golf Center - Brewster Ridge,Brewster Ridge White Tees,62,18,1,08:20:00,55,-7,912,175,True,False,18,55,True,True,True
76286,2024,MA3,1,675545,244420,244420,870,Round 1,2024-06-23,Denver Leadbetter,943,Smugglers Notch Disc Golf Center - Brewster Ridge,Brewster Ridge White Tees,62,18,4,08:20:00,55,-7,912,175,True,False,18,55,True,True,True
76286,2024,MA3,1,675545,172662,172662,851,Round 1,2024-06-23,Nicholas Petrarca,836,Smugglers Notch Disc Golf Center - Brewster Ridge,Brewster Ridge White Tees,62,18,2,08:30:00,61,-1,843,189,True,False,18,61,True,True,True
76286,2024,MA3,1,675545,87350,87350,847,Round 1,2024-06-23,David Furman,,Smugglers Notch Disc Golf Center - Brewster Ridge,Brewster Ridge White Tees,62,18,1,08:30:00,62,0,831,188,True,False,18,62,True,True,True
76286,2024,MA3,1,675545,221831,221831,850,Round 1,2024-06-23,Ruben Furs,,Smugglers Notch Disc Golf Center - Brewster Ridge,Brewster Ridge White Tees,62,18,3,08:20:00,62,0,831,180,True,False,18,62,True,True,True
76286,2024,MA3,1,675545,261284,261284,810,Round 1,2024-06-23,Blake Martino,916,Smugglers Notch Disc Golf Center - Brewster Ridge,Brewster Ridge White Tees,62,18,4,08:10:00,62,0,831,198,True,False,18,62,True,True,True
76286,2024,MA3,1,675545,156256,156256,799,Round 1,2024-06-23,Colby Garrand,836,Smugglers Notch Disc Golf Center - Brewster Ridge,Brewster Ridge White Tees,62,18,1,08:10:00,63,1,820,192,True,False,18,63,True,True,True
76286,2024,MA3,1,675545,216864,216864,827,Round 1,2024-06-23,William Bedrin,844,Smugglers Notch Disc Golf Center - Brewster Ridge,Brewster Ridge White Tees,62,18,3,08:10:00,63,1,820,198,True,False,18,63,True,True,True
76286,2024,MA3,1,675545,282498,282498,743,Round 1,2024-06-23,Alessandro A. Mendola,816,Smugglers Notch Disc Golf Center - Brewster Ridge,Brewster Ridge White Tees,62,18,4,08:30:00,64,2,808,205,True,False,18,64,True,True,True
76286,2024,MA3,1,675545,211434,211434,784,Round 1,2024-06-23,Thomas Bousquet,798,Smugglers Notch Disc Golf Center - Brewster Ridge,Brewster Ridge White Tees,62,18,2,08:20:00,66,4,785,204,True,False,18,66,True,True,True
76286,2024,MA3,1,675545,205403,205403,710,Round 1,2024-06-23,Frederick Arcand,,Smugglers Notch Disc Golf Center - Brewster Ridge,Brewster Ridge White Tees,62,18,2,08:10:00,68,6,762,215,True,False,18,68,True,True,True
76286,2024,MA3,1,675545,192323,192323,767,Round 1,2024-06-23,Will Wright,753,Smugglers Notch Disc Golf Center - Brewster Ridge,Brewster Ridge White Tees,62,18,3,08:30:00,72,10,716,231,True,False,18,72,True,True,True
76286,2024,MA3,2,675541,205407,205407,869,Round 2,2024-06-23,Miles Dennis,888,Smugglers Notch Disc Golf Center - Fox Run,Fox Run Meadows White Tees,62,18,1,09:00:00,60,-2,923,175,True,False,18,60,True,True,True
76286,2024,MA3,2,675541,221831,221831,850,Round 2,2024-06-23,Ruben Furs,,Smugglers Notch Disc Golf Center - Fox Run,Fox Run Meadows White Tees,62,18,1,08:50:00,58,-4,942,180,True,False,18,58,True,True,True
76286,2024,MA3,2,675541,244420,244420,870,Round 2,2024-06-23,Denver Leadbetter,943,Smugglers Notch Disc Golf Center - Fox Run,Fox Run Meadows White Tees,62,18,2,09:00:00,65,3,875,175,True,False,18,65,True,True,True
76286,2024,MA3,2,675541,172662,172662,851,Round 2,2024-06-23,Nicholas Petrarca,836,Smugglers Notch Disc Golf Center - Fox Run,Fox Run Meadows White Tees,62,18,3,09:00:00,67,5,856,189,True,False,18,67,True,True,True
76286,2024,MA3,2,675541,156256,156256,799,Round 2,2024-06-23,Colby Garrand,836,Smugglers Notch Disc Golf Center - Fox Run,Fox Run Meadows White Tees,62,18,3,08:50:00,66,4,865,192,True,False,18,66,True,True,True
76286,2024,MA3,2,675541,87350,87350,847,Round 2,2024-06-23,David Furman,,Smugglers Notch Disc Golf Center - Fox Run,Fox Run Meadows White Tees,62,18,4,09:00:00,67,5,856,188,True,False,18,67,True,True,True
76286,2024,MA3,2,675541,216864,216864,827,Round 2,2024-06-23,William Bedrin,844,Smugglers Notch Disc Golf Center - Fox Run,Fox Run Meadows White Tees,62,18,4,08:50:00,70,8,827,198,True,False,18,70,True,True,True
76286,2024,MA3,2,675541,211434,211434,784,Round 2,2024-06-23,Thomas Bousquet,798,Smugglers Notch Disc Golf Center - Fox Run,Fox Run Meadows White Tees,62,18,2,08:40:00,73,11,798,204,True,False,18,73,True,True,True
76286,2024,MA3,2,675541,261284,261284,810,Round 2,2024-06-23,Blake Martino,916,Smugglers Notch Disc Golf Center - Fox Run,Fox Run Meadows White Tees,62,18,2,08:50:00,77,15,759,198,True,False,18,77,True,True,True
76286,2024,MA3,2,675541,205403,205403,710,Round 2,2024-06-23,Frederick Arcand,,Smugglers Notch Disc Golf Center - Fox Run,Fox Run Meadows White Tees,62,18,3,08:40:00,73,11,798,215,True,False,18,73,True,True,True
76286,2024,MA3,2,675541,282498,282498,743,Round 2,2024-06-23,Alessandro A. Mendola,816,Smugglers Notch Disc Golf Center - Fox Run,Fox Run Meadows White Tees,62,18,1,08:40:00,79,17,740,205,True,False,18,79,True,True,True
76286,2024,MA3,2,675541,192323,192323,767,Round 2,2024-06-23,Will Wright,753,Smugglers Notch Disc Golf Center - Fox Run,Fox Run Meadows White Tees,62,18,4,08:40:00,85,23,682,231,True,False,18,85,True,True,True
76286,2024,MA3,3,677298,205407,205407,869,Round 3,2024-06-23,Miles Dennis,888,Smugglers Notch Disc Golf Center - Brewster Ridge,Brewster Ridge White Tees Rd3,62,18,1,08:20:00,60,-2,861,175,True,False,18,60,True,True,True
76286,2024,MA3,3,677298,244420,244420,870,Round 3,2024-06-23,Denver Leadbetter,943,Smugglers Notch Disc Golf Center - Brewster Ridge,Brewster Ridge White Tees Rd3,62,18,3,08:20:00,55,-7,918,175,True,False,18,55,True,True,True
76286,2024,MA3,3,677298,221831,221831,850,Round 3,2024-06-23,Ruben Furs,,Smugglers Notch Disc Golf Center - Brewster Ridge,Brewster Ridge White Tees Rd3,62,18,2,08:20:00,60,-2,861,180,True,False,18,60,True,True,True
76286,2024,MA3,3,677298,87350,87350,847,Round 3,2024-06-23,David Furman,,Smugglers Notch Disc Golf Center - Brewster Ridge,Brewster Ridge White Tees Rd3,62,18,2,08:10:00,59,-3,873,188,True,False,18,59,True,True,True
76286,2024,MA3,3,677298,172662,172662,851,Round 3,2024-06-23,Nicholas Petrarca,836,Smugglers Notch Disc Golf Center - Brewster Ridge,Brewster Ridge White Tees Rd3,62,18,4,08:20:00,61,-1,850,189,True,False,18,61,True,True,True
76286,2024,MA3,3,677298,156256,156256,799,Round 3,2024-06-23,Colby Garrand,836,Smugglers Notch Disc Golf Center - Brewster Ridge,Brewster Ridge White Tees Rd3,62,18,1,08:10:00,63,1,827,192,True,False,18,63,True,True,True
76286,2024,MA3,3,677298,261284,261284,810,Round 3,2024-06-23,Blake Martino,916,Smugglers Notch Disc Golf Center - Brewster Ridge,Brewster Ridge White Tees Rd3,62,18,1,08:00:00,59,-3,873,198,True,False,18,59,True,True,True
76286,2024,MA3,3,677298,216864,216864,827,Round 3,2024-06-23,William Bedrin,844,Smugglers Notch Disc Golf Center - Brewster Ridge,Brewster Ridge White Tees Rd3,62,18,3,08:10:00,65,3,805,198,True,False,18,65,True,True,True
76286,2024,MA3,3,677298,211434,211434,784,Round 3,2024-06-23,Thomas Bousquet,798,Smugglers Notch Disc Golf Center - Brewster Ridge,Brewster Ridge White Tees Rd3,62,18,4,08:10:00,65,3,805,204,True,False,18,65,True,True,True
76286,2024,MA3,3,677298,282498,282498,743,Round 3,2024-06-23,Alessandro A. Mendola,816,Smugglers Notch Disc Golf Center - Brewster Ridge,Brewster Ridge White Tees Rd3,62,18,3,08:00:00,62,0,839,205,True,False,18,62,True,True,True
76286,2024,MA3,3,677298,205403,205403,710,Round 3,2024-06-23,Frederick Arcand,,Smugglers Notch Disc Golf Center - Brewster Ridge,Brewster Ridge White Tees Rd3,62,18,2,08:00:00,74,12,703,215,True,False,18,74,True,True,True
76286,2024,MA3,3,677298,192323,192323,767,Round 3,2024-06-23,Will Wright,753,Smugglers Notch Disc Golf Center - Brewster Ridge,Brewster Ridge White Tees Rd3,62,18,4,08:00:00,74,12,703,231,True,False,18,74,True,True,True
76286,2024,MA40,1,675537,212853,212853,914,Round 1,2024-06-23,Derrick Hudson,954,Smugglers Notch Disc Golf Center - Brewster Ridge,Brewster Ridge Blue Tees,62,18,3,12:10:00,62,0,933,198,True,False,18,62,True,True,True
76286,2024,MA40,1,675537,44049,44049,896,Round 1,2024-06-23,Joshua Quackenbush,922,Smugglers Notch Disc Golf Center - Brewster Ridge,Brewster Ridge Blue Tees,62,18,1,12:10:00,64,2,914,215,True,False,18,64,True,True,True
76286,2024,MA40,1,675537,108160,108160,907,Round 1,2024-06-23,Dan Davis,,Smugglers Notch Disc Golf Center - Brewster Ridge,Brewster Ridge Blue Tees,62,18,1,11:50:00,64,2,914,196,True,False,18,64,True,True,True
76286,2024,MA40,1,675537,97356,97356,919,Round 1,2024-06-23,Jason Guild,934,Smugglers Notch Disc Golf Center - Brewster Ridge,Brewster Ridge Blue Tees,62,18,1,12:00:00,65,3,905,205,True,False,18,65,True,True,True
76286,2024,MA40,1,675537,84935,84935,879,Round 1,2024-06-23,Droo Fisher,866,Smugglers Notch Disc Golf Center - Brewster Ridge,Brewster Ridge Blue Tees,62,18,2,12:10:00,66,4,896,214,True,False,18,66,True,True,True
76286,2024,MA40,1,675537,161246,161246,898,Round 1,2024-06-23,Erik Ayotte,914,Smugglers Notch Disc Golf Center - Brewster Ridge,Brewster Ridge Blue Tees,62,18,3,12:00:00,66,4,896,213,True,False,18,66,True,True,True
76286,2024,MA40,1,675537,224036,224036,842,Round 1,2024-06-23,Michael Ryan,871,Smugglers Notch Disc Golf Center - Brewster Ridge,Brewster Ridge Blue Tees,62,18,4,12:00:00,68,6,878,228,True,False,18,68,True,True,True
76286,2024,MA40,1,675537,235035,235035,874,Round 1,2024-06-23,Paul Seyler,908,Smugglers Notch Disc Golf Center - Brewster Ridge,Brewster Ridge Blue Tees,62,18,4,11:50:00,69,7,869,211,True,False,18,69,True,True,True
76286,2024,MA40,1,675537,216349,216349,861,Round 1,2024-06-23,Justin Bassett,879,Smugglers Notch Disc Golf Center - Brewster Ridge,Brewster Ridge Blue Tees,62,18,4,12:10:00,70,8,860,222,True,False,18,70,True,True,True
76286,2024,MA40,1,675537,134230,134230,838,Round 1,2024-06-23,Joshua Jones,861,Smugglers Notch Disc Golf Center - Brewster Ridge,Brewster Ridge Blue Tees,62,18,2,12:00:00,72,10,842,225,True,False,18,72,True,True,True
76286,2024,MA40,1,675537,109527,109527,868,Round 1,2024-06-23,Mike Wenzel,901,Smugglers Notch Disc Golf Center - Brewster Ridge,Brewster Ridge Blue Tees,62,18,2,11:50:00,73,11,833,222,True,False,18,73,True,True,True
76286,2024,MA40,1,675537,211292,211292,823,Round 1,2024-06-23,Mark Cooper,835,Smugglers Notch Disc Golf Center - Brewster Ridge,Brewster Ridge Blue Tees,62,18,3,11:50:00,74,12,824,,True,False,18,74,True,True,True
76286,2024,MA40,2,675542,97356,97356,919,Round 2,2024-06-23,Jason Guild,934,Smugglers Notch Disc Golf Center - Fox Run,Fox Run Meadows Blue Tees,62,18,4,12:50:00,70,8,923,205,True,False,18,70,True,True,True
76286,2024,MA40,2,675542,108160,108160,907,Round 2,2024-06-23,Dan Davis,,Smugglers Notch Disc Golf Center - Fox Run,Fox Run Meadows Blue Tees,62,18,3,12:50:00,71,9,915,196,True,False,18,71,True,True,True
76286,2024,MA40,2,675542,212853,212853,914,Round 2,2024-06-23,Derrick Hudson,954,Smugglers Notch Disc Golf Center - Fox Run,Fox Run Meadows Blue Tees,62,18,1,12:50:00,73,11,899,198,True,False,18,73,True,True,True
76286,2024,MA40,2,675542,44049,44049,896,Round 2,2024-06-23,Joshua Quackenbush,922,Smugglers Notch Disc Golf Center - Fox Run,Fox Run Meadows Blue Tees,62,18,2,12:50:00,76,14,876,215,True,False,18,76,True,True,True
76286,2024,MA40,2,675542,84935,84935,879,Round 2,2024-06-23,Droo Fisher,866,Smugglers Notch Disc Golf Center - Fox Run,Fox Run Meadows Blue Tees,62,18,1,12:40:00,75,13,884,214,True,False,18,75,True,True,True
76286,2024,MA40,2,675542,161246,161246,898,Round 2,2024-06-23,Erik Ayotte,914,Smugglers Notch Disc Golf Center - Fox Run,Fox Run Meadows Blue Tees,62,18,2,12:40:00,75,13,884,213,True,False,18,75,True,True,True
76286,2024,MA40,2,675542,235035,235035,874,Round 2,2024-06-23,Paul Seyler,908,Smugglers Notch Disc Golf Center - Fox Run,Fox Run Meadows Blue Tees,62,18,4,12:40:00,74,12,891,211,True,False,18,74,True,True,True
76286,2024,MA40,2,675542,216349,216349,861,Round 2,2024-06-23,Justin Bassett,879,Smugglers Notch Disc Golf Center - Fox Run,Fox Run Meadows Blue Tees,62,18,1,12:30:00,81,19,837,222,True,False,18,81,True,True,True
76286,2024,MA40,2,675542,224036,224036,842,Round 2,2024-06-23,Michael Ryan,871,Smugglers Notch Disc Golf Center - Fox Run,Fox Run Meadows Blue Tees,62,18,3,12:40:00,83,21,821,228,True,False,18,83,True,True,True
76286,2024,MA40,2,675542,134230,134230,838,Round 2,2024-06-23,Joshua Jones,861,Smugglers Notch Disc Golf Center - Fox Run,Fox Run Meadows Blue Tees,62,18,2,12:30:00,83,21,821,225,True,False,18,83,True,True,True
76286,2024,MA40,2,675542,109527,109527,868,Round 2,2024-06-23,Mike Wenzel,901,Smugglers Notch Disc Golf Center - Fox Run,Fox Run Meadows Blue Tees,62,18,3,12:30:00,83,21,821,222,True,False,18,83,True,True,True
76286,2024,MA40,2,675542,211292,211292,823,Round 2,2024-06-23,Mark Cooper,835,Smugglers Notch Disc Golf Center - Fox Run,Fox Run Meadows Blue Tees,62,18,4,12:30:00,99,37,696,,True,False,18,99,True,True,True
76286,2024,MA40,3,677300,108160,108160,907,Round 3,2024-06-23,Dan Davis,,Smugglers Notch Disc Golf Center - Brewster Ridge,Brewster Ridge Blue Tees Rd3,62,18,2,12:00:00,61,-1,950,196,True,False,18,61,True,True,True
76286,2024,MA40,3,677300,212853,212853,914,Round 3,2024-06-23,Derrick Hudson,954,Smugglers Notch Disc Golf Center - Brewster Ridge,Brewster Ridge Blue Tees Rd3,62,18,3,12:00:00,63,1,932,198,True,False,18,63,True,True,True
76286,2024,MA40,3,677300,97356,97356,919,Round 3,2024-06-23,Jason Guild,934,Smugglers Notch Disc Golf Center - Brewster Ridge,Brewster Ridge Blue Tees Rd3,62,18,1,12:00:00,70,8,870,205,True,False,18,70,True,True,True
76286,2024,MA40,3,677300,235035,235035,874,Round 3,2024-06-23,Paul Seyler,908,Smugglers Notch Disc Golf Center - Brewster Ridge,Brewster Ridge Blue Tees Rd3,62,18,3,11:50:00,68,6,887,211,True,False,18,68,True,True,True
76286,2024,MA40,3,677300,161246,161246,898,Round 3,2024-06-23,Erik Ayotte,914,Smugglers Notch Disc Golf Center - Brewster Ridge,Brewster Ridge Blue Tees Rd3,62,18,2,11:50:00,72,10,852,213,True,False,18,72,True,True,True
76286,2024,MA40,3,677300,84935,84935,879,Round 3,2024-06-23,Droo Fisher,866,Smugglers Notch Disc Golf Center - Brewster Ridge,Brewster Ridge Blue Tees Rd3,62,18,1,11:50:00,73,11,843,214,True,False,18,73,True,True,True
76286,2024,MA40,3,677300,44049,44049,896,Round 3,2024-06-23,Joshua Quackenbush,922,Smugglers Notch Disc Golf Center - Brewster Ridge,Brewster Ridge Blue Tees Rd3,62,18,4,12:00:00,75,13,825,215,True,False,18,75,True,True,True
76286,2024,MA40,3,677300,109527,109527,868,Round 3,2024-06-23,Mike Wenzel,901,Smugglers Notch Disc Golf Center - Brewster Ridge,Brewster Ridge Blue Tees Rd3,62,18,3,11:40:00,66,4,905,222,True,False,18,66,True,True,True
76286,2024,MA40,3,677300,216349,216349,861,Round 3,2024-06-23,Justin Bassett,879,Smugglers Notch Disc Golf Center - Brewster Ridge,Brewster Ridge Blue Tees Rd3,62,18,4,11:50:00,71,9,861,222,True,False,18,71,True,True,True
76286,2024,MA40,3,677300,134230,134230,838,Round 3,2024-06-23,Joshua Jones,861,Smugglers Notch Disc Golf Center - Brewster Ridge,Brewster Ridge Blue Tees Rd3,62,18,2,11:40:00,70,8,870,225,True,False,18,70,True,True,True
76286,2024,MA40,3,677300,224036,224036,842,Round 3,2024-06-23,Michael Ryan,871,Smugglers Notch Disc Golf Center - Brewster Ridge,Brewster Ridge Blue Tees Rd3,62,18,1,11:40:00,77,15,807,228,True,False,18,77,True,True,True
76286,2024,MA40,3,677300,211292,211292,823,Round 3,2024-06-23,Mark Cooper,835,Smugglers Notch Disc Golf Center - Brewster Ridge,Brewster Ridge Blue Tees Rd3,62,18,4,11:40:00,52,937,,,True,False,12,52,False,True,False
76286,2024,MA50,1,675537,154887,154887,926,Round 1,2024-06-23,Brian Hunter,941,Smugglers Notch Disc Golf Center - Brewster Ridge,Brewster Ridge Blue Tees,62,18,3,11:30:00,56,-6,987,171,True,False,18,56,True,True,True
76286,2024,MA50,1,675537,171544,171544,912,Round 1,2024-06-23,Dave Irving,935,Smugglers Notch Disc Golf Center - Brewster Ridge,Brewster Ridge Blue Tees,62,18,4,11:30:00,63,1,924,183,True,False,18,63,True,True,True
76286,2024,MA50,1,675537,101176,101176,899,Round 1,2024-06-23,Eric Jenkins,908,Smugglers Notch Disc Golf Center - Brewster Ridge,Brewster Ridge Blue Tees,62,18,2,11:20:00,66,4,896,190,True,False,18,66,True,True,True
76286,2024,MA50,1,675537,62850,62850,903,Round 1,2024-06-23,George Brown,864,Smugglers Notch Disc Golf Center - Brewster Ridge,Brewster Ridge Blue Tees,62,18,1,11:30:00,68,6,878,202,True,False,18,68,True,True,True
76286,2024,MA50,1,675537,185704,185704,868,Round 1,2024-06-23,Seth Umel,875,Smugglers Notch Disc Golf Center - Brewster Ridge,Brewster Ridge Blue Tees,62,18,3,11:20:00,68,6,878,200,True,False,18,68,True,True,True
76286,2024,MA50,1,675537,112990,112990,864,Round 1,2024-06-23,Dean Squires,839,Smugglers Notch Disc Golf Center - Brewster Ridge,Brewster Ridge Blue Tees,62,18,2,11:30:00,71,9,851,209,True,False,18,71,True,True,True
76286,2024,MA50,1,675537,74288,74288,889,Round 1,2024-06-23,Gregg Guillily,889,Smugglers Notch Disc Golf Center - Brewster Ridge,Brewster Ridge Blue Tees,62,18,1,11:20:00,73,11,833,213,True,False,18,73,True,True,True
76286,2024,MA50,1,675537,215620,215620,863,Round 1,2024-06-23,Ty Paulding,806,Smugglers Notch Disc Golf Center - Brewster Ridge,Brewster Ridge Blue Tees,62,18,4,11:20:00,73,11,833,219,True,False,18,73,True,True,True
76286,2024,MA50,2,675541,154887,154887,926,Round 2,2024-06-23,Brian Hunter,941,Smugglers Notch Disc Golf Center - Fox Run,Fox Run Meadows White Tees,62,18,1,09:40:00,48,-14,1039,171,True,False,18,48,True,True,True
76286,2024,MA50,2,675541,171544,171544,912,Round 2,2024-06-23,Dave Irving,935,Smugglers Notch Disc Golf Center - Fox Run,Fox Run Meadows White Tees,62,18,2,09:40:00,56,-6,962,183,True,False,18,56,True,True,True
76286,2024,MA50,2,675541,101176,101176,899,Round 2,2024-06-23,Eric Jenkins,908,Smugglers Notch Disc Golf Center - Fox Run,Fox Run Meadows White Tees,62,18,3,09:40:00,61,-1,913,190,True,False,18,61,True,True,True
76286,2024,MA50,2,675541,62850,62850,903,Round 2,2024-06-23,George Brown,864,Smugglers Notch Disc Golf Center - Fox Run,Fox Run Meadows White Tees,62,18,4,09:40:00,61,-1,913,202,True,False,18,61,True,True,True
76286,2024,MA50,2,675541,185704,185704,868,Round 2,2024-06-23,Seth Umel,875,Smugglers Notch Disc Golf Center - Fox Run,Fox Run Meadows White Tees,62,18,1,09:30:00,62,0,904,200,True,False,18,62,True,True,True
76286,2024,MA50,2,675541,112990,112990,864,Round 2,2024-06-23,Dean Squires,839,Smugglers Notch Disc Golf Center - Fox Run,Fox Run Meadows White Tees,62,18,2,09:30:00,65,3,875,209,True,False,18,65,True,True,True
76286,2024,MA50,2,675541,74288,74288,889,Round 2,2024-06-23,Gregg Guillily,889,Smugglers Notch Disc Golf Center - Fox Run,Fox Run Meadows White Tees,62,18,3,09:30:00,65,3,875,213,True,False,18,65,True,True,True
76286,2024,MA50,2,675541,215620,215620,863,Round 2,2024-06-23,Ty Paulding,806,Smugglers Notch Disc Golf Center - Fox Run,Fox Run Meadows White Tees,62,18,4,09:30:00,71,9,817,219,True,False,18,71,True,True,True
76286,2024,MA50,3,677300,154887,154887,926,Round 3,2024-06-23,Brian Hunter,941,Smugglers Notch Disc Golf Center - Brewster Ridge,Brewster Ridge Blue Tees Rd3,62,18,1,11:20:00,67,5,896,171,True,False,18,67,True,True,True
76286,2024,MA50,3,677300,171544,171544,912,Round 3,2024-06-23,Dave Irving,935,Smugglers Notch Disc Golf Center - Brewster Ridge,Brewster Ridge Blue Tees Rd3,62,18,2,11:20:00,64,2,923,183,True,False,18,64,True,True,True
76286,2024,MA50,3,677300,101176,101176,899,Round 3,2024-06-23,Eric Jenkins,908,Smugglers Notch Disc Golf Center - Brewster Ridge,Brewster Ridge Blue Tees Rd3,62,18,3,11:20:00,63,1,932,190,True,False,18,63,True,True,True
76286,2024,MA50,3,677300,185704,185704,868,Round 3,2024-06-23,Seth Umel,875,Smugglers Notch Disc Golf Center - Brewster Ridge,Brewster Ridge Blue Tees Rd3,62,18,1,11:10:00,70,8,870,200,True,False,18,70,True,True,True
76286,2024,MA50,3,677300,62850,62850,903,Round 3,2024-06-23,George Brown,864,Smugglers Notch Disc Golf Center - Brewster Ridge,Brewster Ridge Blue Tees Rd3,62,18,4,11:20:00,73,11,843,202,True,False,18,73,True,True,True
76286,2024,MA50,3,677300,112990,112990,864,Round 3,2024-06-23,Dean Squires,839,Smugglers Notch Disc Golf Center - Brewster Ridge,Brewster Ridge Blue Tees Rd3,62,18,2,11:10:00,73,11,843,209,True,False,18,73,True,True,True
76286,2024,MA50,3,677300,74288,74288,889,Round 3,2024-06-23,Gregg Guillily,889,Smugglers Notch Disc Golf Center - Brewster Ridge,Brewster Ridge Blue Tees Rd3,62,18,3,11:10:00,75,13,825,213,True,False,18,75,True,True,True
76286,2024,MA50,3,677300,215620,215620,863,Round 3,2024-06-23,Ty Paulding,806,Smugglers Notch Disc Golf Center - Brewster Ridge,Brewster Ridge Blue Tees Rd3,62,18,4,11:10:00,75,13,825,219,True,False,18,75,True,True,True
76286,2024,MA60,1,675537,91790,91790,904,Round 1,2024-06-23,Bill Andrews,927,Smugglers Notch Disc Golf Center - Brewster Ridge,Brewster Ridge Blue Tees,62,18,1,11:00:00,64,2,914,192,True,False,18,64,True,True,True
76286,2024,MA60,1,675537,154603,154603,872,Round 1,2024-06-23,Scott “Scooter” Fort,903,Smugglers Notch Disc Golf Center - Brewster Ridge,Brewster Ridge Blue Tees,62,18,3,11:00:00,65,3,905,194,True,False,18,65,True,True,True
76286,2024,MA60,1,675537,91301,91301,905,Round 1,2024-06-23,Michael A. Stridsberg,898,Smugglers Notch Disc Golf Center - Brewster Ridge,Brewster Ridge Blue Tees,62,18,1,11:10:00,66,4,896,194,True,False,18,66,True,True,True
76286,2024,MA60,1,675537,130713,130713,874,Round 1,2024-06-23,Ian Martin,902,Smugglers Notch Disc Golf Center - Brewster Ridge,Brewster Ridge Blue Tees,62,18,2,11:10:00,68,6,878,198,True,False,18,68,True,True,True
76286,2024,MA60,1,675537,96009,96009,888,Round 1,2024-06-23,Tom Boyd,875,Smugglers Notch Disc Golf Center - Brewster Ridge,Brewster Ridge Blue Tees,62,18,2,11:00:00,69,7,869,207,True,False,18,69,True,True,True
76286,2024,MA60,1,675537,195540,195540,886,Round 1,2024-06-23,Brian Favreau,888,Smugglers Notch Disc Golf Center - Brewster Ridge,Brewster Ridge Blue Tees,62,18,4,11:00:00,71,9,851,202,True,False,18,71,True,True,True
76286,2024,MA60,1,675537,202875,202875,890,Round 1,2024-06-23,Thomas Limanek,911,Smugglers Notch Disc Golf Center - Brewster Ridge,Brewster Ridge Blue Tees,62,18,4,11:10:00,71,9,851,198,True,False,18,71,True,True,True
76286,2024,MA60,1,675537,131352,131352,806,Round 1,2024-06-23,David Havens,816,Smugglers Notch Disc Golf Center - Brewster Ridge,Brewster Ridge Blue Tees,62,18,3,11:10:00,77,15,797,222,True,False,18,77,True,True,True
76286,2024,MA60,2,675541,91790,91790,904,Round 2,2024-06-23,Bill Andrews,927,Smugglers Notch Disc Golf Center - Fox Run,Fox Run Meadows White Tees,62,18,1,09:20:00,63,1,894,192,True,False,18,63,True,True,True
76286,2024,MA60,2,675541,154603,154603,872,Round 2,2024-06-23,Scott “Scooter” Fort,903,Smugglers Notch Disc Golf Center - Fox Run,Fox Run Meadows White Tees,62,18,2,09:20:00,63,1,894,194,True,False,18,63,True,True,True
76286,2024,MA60,2,675541,130713,130713,874,Round 2,2024-06-23,Ian Martin,902,Smugglers Notch Disc Golf Center - Fox Run,Fox Run Meadows White Tees,62,18,4,09:20:00,61,-1,913,198,True,False,18,61,True,True,True
76286,2024,MA60,2,675541,202875,202875,890,Round 2,2024-06-23,Thomas Limanek,911,Smugglers Notch Disc Golf Center - Fox Run,Fox Run Meadows White Tees,62,18,3,09:10:00,59,-3,933,198,True,False,18,59,True,True,True
76286,2024,MA60,2,675541,91301,91301,905,Round 2,2024-06-23,Michael A. Stridsberg,898,Smugglers Notch Disc Golf Center - Fox Run,Fox Run Meadows White Tees,62,18,3,09:20:00,64,2,885,194,True,False,18,64,True,True,True
76286,2024,MA60,2,675541,96009,96009,888,Round 2,2024-06-23,Tom Boyd,875,Smugglers Notch Disc Golf Center - Fox Run,Fox Run Meadows White Tees,62,18,1,09:10:00,64,2,885,207,True,False,18,64,True,True,True
76286,2024,MA60,2,675541,195540,195540,886,Round 2,2024-06-23,Brian Favreau,888,Smugglers Notch Disc Golf Center - Fox Run,Fox Run Meadows White Tees,62,18,2,09:10:00,64,2,885,202,True,False,18,64,True,True,True
76286,2024,MA60,2,675541,131352,131352,806,Round 2,2024-06-23,David Havens,816,Smugglers Notch Disc Golf Center - Fox Run,Fox Run Meadows White Tees,62,18,4,09:10:00,72,10,808,222,True,False,18,72,True,True,True
76286,2024,MA60,3,677300,91790,91790,904,Round 3,2024-06-23,Bill Andrews,927,Smugglers Notch Disc Golf Center - Brewster Ridge,Brewster Ridge Blue Tees Rd3,62,18,1,11:00:00,65,3,914,192,True,False,18,65,True,True,True
76286,2024,MA60,3,677300,91301,91301,905,Round 3,2024-06-23,Michael A. Stridsberg,898,Smugglers Notch Disc Golf Center - Brewster Ridge,Brewster Ridge Blue Tees Rd3,62,18,1,10:50:00,64,2,923,194,True,False,18,64,True,True,True
76286,2024,MA60,3,677300,154603,154603,872,Round 3,2024-06-23,Scott “Scooter” Fort,903,Smugglers Notch Disc Golf Center - Brewster Ridge,Brewster Ridge Blue Tees Rd3,62,18,2,11:00:00,66,4,905,194,True,False,18,66,True,True,True
76286,2024,MA60,3,677300,202875,202875,890,Round 3,2024-06-23,Thomas Limanek,911,Smugglers Notch Disc Golf Center - Brewster Ridge,Brewster Ridge Blue Tees Rd3,62,18,4,11:00:00,68,6,887,198,True,False,18,68,True,True,True
76286,2024,MA60,3,677300,130713,130713,874,Round 3,2024-06-23,Ian Martin,902,Smugglers Notch Disc Golf Center - Brewster Ridge,Brewster Ridge Blue Tees Rd3,62,18,3,11:00:00,69,7,879,198,True,False,18,69,True,True,True
76286,2024,MA60,3,677300,195540,195540,886,Round 3,2024-06-23,Brian Favreau,888,Smugglers Notch Disc Golf Center - Brewster Ridge,Brewster Ridge Blue Tees Rd3,62,18,3,10:50:00,67,5,896,202,True,False,18,67,True,True,True
76286,2024,MA60,3,677300,96009,96009,888,Round 3,2024-06-23,Tom Boyd,875,Smugglers Notch Disc Golf Center - Brewster Ridge,Brewster Ridge Blue Tees Rd3,62,18,2,10:50:00,74,12,834,207,True,False,18,74,True,True,True
76286,2024,MA60,3,677300,131352,131352,806,Round 3,2024-06-23,David Havens,816,Smugglers Notch Disc Golf Center - Brewster Ridge,Brewster Ridge Blue Tees Rd3,62,18,4,10:50:00,73,11,843,222,True,False,18,73,True,True,True
76286,2024,MJ12,1,675545,54829,54829,902,Round 1,2024-06-23,Leighton Brinster,972,Smugglers Notch Disc Golf Center - Brewster Ridge,Brewster Ridge White Tees,62,18,1,07:50:00,51,-11,958,165,True,False,18,51,True,True,True
76286,2024,MJ12,1,675545,228201,228201,802,Round 1,2024-06-23,Waylon Spring,883,Smugglers Notch Disc Golf Center - Brewster Ridge,Brewster Ridge White Tees,62,18,3,07:50:00,56,-6,900,173,True,False,18,56,True,True,True
76286,2024,MJ12,1,675545,133575,133575,755,Round 1,2024-06-23,Nicholas Jimenez,847,Smugglers Notch Disc Golf Center - Brewster Ridge,Brewster Ridge White Tees,62,18,2,07:50:00,75,13,682,203,True,False,18,75,True,True,True
76286,2024,MJ12,2,675546,54829,54829,902,Round 2,2024-06-23,Leighton Brinster,972,Smugglers Notch Disc Golf Center - Fox Run,Fox Run Meadows Red Tees,63,18,1,08:00:00,55,-8,909,165,True,False,18,55,True,True,True
76286,2024,MJ12,2,675546,228201,228201,802,Round 2,2024-06-23,Waylon Spring,883,Smugglers Notch Disc Golf Center - Fox Run,Fox Run Meadows Red Tees,63,18,2,08:00:00,56,-7,897,173,True,False,18,56,True,True,True
76286,2024,MJ12,2,675546,133575,133575,755,Round 2,2024-06-23,Nicholas Jimenez,847,Smugglers Notch Disc Golf Center - Fox Run,Fox Run Meadows Red Tees,63,18,3,08:00:00,63,0,816,203,True,False,18,63,True,True,True
76286,2024,MJ12,3,677298,54829,54829,902,Round 3,2024-06-23,Leighton Brinster,972,Smugglers Notch Disc Golf Center - Brewster Ridge,Brewster Ridge White Tees Rd3,62,18,1,07:40:00,59,-3,873,165,True,False,18,59,True,True,True
76286,2024,MJ12,3,677298,228201,228201,802,Round 3,2024-06-23,Waylon Spring,883,Smugglers Notch Disc Golf Center - Brewster Ridge,Brewster Ridge White Tees Rd3,62,18,2,07:40:00,61,-1,850,173,True,False,18,61,True,True,True
76286,2024,MJ12,3,677298,133575,133575,755,Round 3,2024-06-23,Nicholas Jimenez,847,Smugglers Notch Disc Golf Center - Brewster Ridge,Brewster Ridge White Tees Rd3,62,18,3,07:40:00,65,3,805,203,True,False,18,65,True,True,True
76286,2024,MP40,1,675544,10628,10628,1011,Round 1,2024-06-23,Steve Brinster,1000,Smugglers Notch Disc Golf Center - Fox Run,Fox Run Meadows Gold Tees,62,18,1,09:20:00,56,-6,1048,184,True,False,18,56,True,True,True
76286,2024,MP40,1,675544,140327,140327,995,Round 1,2024-06-23,Justin Chiu,1010,Smugglers Notch Disc Golf Center - Fox Run,Fox Run Meadows Gold Tees,62,18,4,10:30:00,60,-2,1019,185,True,False,18,60,True,True,True
76286,2024,MP40,1,675544,159076,159076,999,Round 1,2024-06-23,Alan Janzen,1007,Smugglers Notch Disc Golf Center - Fox Run,Fox Run Meadows Gold Tees,62,18,4,09:40:00,61,-1,1012,192,True,False,18,61,True,True,True
76286,2024,MP40,1,675544,17270,17270,957,Round 1,2024-06-23,Scott Howard,956,Smugglers Notch Disc Golf Center - Fox Run,Fox Run Meadows Gold Tees,62,18,1,10:10:00,63,1,997,202,True,False,18,63,True,True,True
76286,2024,MP40,1,675544,20671,20671,991,Round 1,2024-06-23,Craig Cutler,1008,Smugglers Notch Disc Golf Center - Fox Run,Fox Run Meadows Gold Tees,62,18,1,10:00:00,63,1,997,185,True,False,18,63,True,True,True
76286,2024,MP40,1,675544,109102,109102,957,Round 1,2024-06-23,Matthew Eldredge,958,Smugglers Notch Disc Golf Center - Fox Run,Fox Run Meadows Gold Tees,62,18,3,10:30:00,63,1,997,189,True,False,18,63,True,True,True
76286,2024,MP40,1,675544,103087,103087,942,Round 1,2024-06-23,Will Flood,940,Smugglers Notch Disc Golf Center - Fox Run,Fox Run Meadows Gold Tees,62,18,3,09:40:00,65,3,983,212,True,False,18,65,True,True,True
76286,2024,MP40,1,675544,93414,93414,950,Round 1,2024-06-23,Joshua Lemieux,961,Smugglers Notch Disc Golf Center - Fox Run,Fox Run Meadows Gold Tees,62,18,2,10:00:00,68,6,961,214,True,False,18,68,True,True,True
76286,2024,MP40,1,675544,189489,189489,941,Round 1,2024-06-23,Joshua Niss,937,Smugglers Notch Disc Golf Center - Fox Run,Fox Run Meadows Gold Tees,62,18,4,09:50:00,70,8,946,202,True,False,18,70,True,True,True
76286,2024,MP40,1,675544,18991,18991,964,Round 1,2024-06-23,Scott Walsh,983,Smugglers Notch Disc Golf Center - Fox Run,Fox Run Meadows Gold Tees,62,18,1,09:50:00,71,9,939,202,True,False,18,71,True,True,True
76286,2024,MP40,1,675544,178064,178064,929,Round 1,2024-06-23,Peter Walke,,Smugglers Notch Disc Golf Center - Fox Run,Fox Run Meadows Gold Tees,62,18,4,09:30:00,71,9,939,214,True,False,18,71,True,True,True
76286,2024,MP40,1,675544,87562,87562,959,Round 1,2024-06-23,Joe Mercieri,951,Smugglers Notch Disc Golf Center - Fox Run,Fox Run Meadows Gold Tees,62,18,2,09:40:00,72,10,932,212,True,False,18,72,True,True,True
76286,2024,MP40,1,675544,98376,98376,935,Round 1,2024-06-23,Andrew Jong,955,Smugglers Notch Disc Golf Center - Fox Run,Fox Run Meadows Gold Tees,62,18,3,10:00:00,73,11,924,222,True,False,18,73,True,True,True
76286,2024,MP40,1,675544,93698,93698,948,Round 1,2024-06-23,Bryce Carson,951,Smugglers Notch Disc Golf Center - Fox Run,Fox Run Meadows Gold Tees,62,18,3,09:20:00,74,12,917,208,True,False,18,74,True,True,True
76286,2024,MP40,1,675544,156900,156900,927,Round 1,2024-06-23,Jon Phillips,928,Smugglers Notch Disc Golf Center - Fox Run,Fox Run Meadows Gold Tees,62,18,3,10:20:00,74,12,917,218,True,False,18,74,True,True,True
76286,2024,MP40,1,675544,160671,160671,909,Round 1,2024-06-23,Elliot Waring,,Smugglers Notch Disc Golf Center - Fox Run,Fox Run Meadows Gold Tees,62,18,3,09:30:00,74,12,917,229,True,False,18,74,True,True,True
76286,2024,MP40,1,675544,49282,49282,917,Round 1,2024-06-23,Justin DeVico,931,Smugglers Notch Disc Golf Center - Fox Run,Fox Run Meadows Gold Tees,62,18,2,09:20:00,75,13,910,214,True,False,18,75,True,True,True
76286,2024,MP40,1,675544,62038,62038,969,Round 1,2024-06-23,Alex Maloney,964,Smugglers Notch Disc Golf Center - Fox Run,Fox Run Meadows Gold Tees,62,18,2,09:50:00,75,13,910,212,True,False,18,75,True,True,True
76286,2024,MP40,1,675544,66055,66055,941,Round 1,2024-06-23,Eric Wilson,935,Smugglers Notch Disc Golf Center - Fox Run,Fox Run Meadows Gold Tees,62,18,2,09:30:00,75,13,910,210,True,False,18,75,True,True,True
76286,2024,MP40,1,675544,66273,66273,950,Round 1,2024-06-23,Andrew Jones,978,Smugglers Notch Disc Golf Center - Fox Run,Fox Run Meadows Gold Tees,62,18,2,10:10:00,76,14,902,,True,False,18,76,True,True,True
76286,2024,MP40,1,675544,99260,99260,876,Round 1,2024-06-23,Matthew Martell,880,Smugglers Notch Disc Golf Center - Fox Run,Fox Run Meadows Gold Tees,62,18,3,09:50:00,76,14,902,235,True,False,18,76,True,True,True
76286,2024,MP40,1,675544,25889,25889,959,Round 1,2024-06-23,Colin McDonald,947,Smugglers Notch Disc Golf Center - Fox Run,Fox Run Meadows Gold Tees,62,18,1,10:30:00,77,15,895,219,True,False,18,77,True,True,True
76286,2024,MP40,1,675544,166039,166039,936,Round 1,2024-06-23,David Janco,919,Smugglers Notch Disc Golf Center - Fox Run,Fox Run Meadows Gold Tees,62,18,4,09:20:00,77,15,895,220,True,False,18,77,True,True,True
76286,2024,MP40,1,675544,65941,65941,907,Round 1,2024-06-23,Adam Abruzzi,950,Smugglers Notch Disc Golf Center - Fox Run,Fox Run Meadows Gold Tees,62,18,1,09:30:00,78,16,888,232,True,False,18,78,True,True,True
76286,2024,MP40,1,675544,131875,131875,924,Round 1,2024-06-23,Ryan Buenaflor,921,Smugglers Notch Disc Golf Center - Fox Run,Fox Run Meadows Gold Tees,62,18,4,10:10:00,78,16,888,221,True,False,18,78,True,True,True
76286,2024,MP40,1,675544,132038,132038,956,Round 1,2024-06-23,Daniel Jenkins,965,Smugglers Notch Disc Golf Center - Fox Run,Fox Run Meadows Gold Tees,62,18,4,10:00:00,78,16,888,230,True,False,18,78,True,True,True
76286,2024,MP40,1,675544,153421,153421,904,Round 1,2024-06-23,Bill Sailer,929,Smugglers Notch Disc Golf Center - Fox Run,Fox Run Meadows Gold Tees,62,18,2,10:20:00,78,16,888,226,True,False,18,78,True,True,True
76286,2024,MP40,1,675544,211201,211201,943,Round 1,2024-06-23,Brian Fritze,,Smugglers Notch Disc Golf Center - Fox Run,Fox Run Meadows Gold Tees,62,18,4,10:20:00,79,17,881,234,True,False,18,79,True,True,True
76286,2024,MP40,1,675544,33124,33124,925,Round 1,2024-06-23,Gary Krebs,,Smugglers Notch Disc Golf Center - Fox Run,Fox Run Meadows Gold Tees,62,18,1,10:20:00,80,18,873,234,True,False,18,80,True,True,True
76286,2024,MP40,1,675544,36646,36646,911,Round 1,2024-06-23,Matthew Heenan,909,Smugglers Notch Disc Golf Center - Fox Run,Fox Run Meadows Gold Tees,62,18,1,09:40:00,82,20,859,233,True,False,18,82,True,True,True
76286,2024,MP40,1,675544,83212,83212,911,Round 1,2024-06-23,Cory Barron,885,Smugglers Notch Disc Golf Center - Fox Run,Fox Run Meadows Gold Tees,62,18,3,10:10:00,82,20,859,240,True,False,18,82,True,True,True
76286,2024,MP40,1,675544,59549,59549,885,Round 1,2024-06-23,Joe DeCarolis,908,Smugglers Notch Disc Golf Center - Fox Run,Fox Run Meadows Gold Tees,62,18,2,10:30:00,90,28,801,256,True,False,18,90,True,True,True
76286,2024,MP40,2,675540,140327,140327,995,Round 2,2024-06-23,Justin Chiu,1010,Smugglers Notch Disc Golf Center - Brewster Ridge,Brewster Ridge Gold Tees,62,18,2,10:40:00,58,-4,1029,185,True,False,18,58,True,True,True
76286,2024,MP40,2,675540,10628,10628,1011,Round 2,2024-06-23,Steve Brinster,1000,Smugglers Notch Disc Golf Center - Brewster Ridge,Brewster Ridge Gold Tees,62,18,1,10:40:00,65,3,977,184,True,False,18,65,True,True,True
76286,2024,MP40,2,675540,20671,20671,991,Round 2,2024-06-23,Craig Cutler,1008,Smugglers Notch Disc Golf Center - Brewster Ridge,Brewster Ridge Gold Tees,62,18,1,10:30:00,59,-3,1021,185,True,False,18,59,True,True,True
76286,2024,MP40,2,675540,109102,109102,957,Round 2,2024-06-23,Matthew Eldredge,958,Smugglers Notch Disc Golf Center - Brewster Ridge,Brewster Ridge Gold Tees,62,18,2,10:30:00,62,0,999,189,True,False,18,62,True,True,True
76286,2024,MP40,2,675540,159076,159076,999,Round 2,2024-06-23,Alan Janzen,1007,Smugglers Notch Disc Golf Center - Brewster Ridge,Brewster Ridge Gold Tees,62,18,3,10:40:00,65,3,977,192,True,False,18,65,True,True,True
76286,2024,MP40,2,675540,103087,103087,942,Round 2,2024-06-23,Will Flood,940,Smugglers Notch Disc Golf Center - Brewster Ridge,Brewster Ridge Gold Tees,62,18,3,10:30:00,68,6,954,212,True,False,18,68,True,True,True
76286,2024,MP40,2,675540,17270,17270,957,Round 2,2024-06-23,Scott Howard,956,Smugglers Notch Disc Golf Center - Brewster Ridge,Brewster Ridge Gold Tees,62,18,4,10:40:00,72,10,925,202,True,False,18,72,True,True,True
76286,2024,MP40,2,675540,18991,18991,964,Round 2,2024-06-23,Scott Walsh,983,Smugglers Notch Disc Golf Center - Brewster Ridge,Brewster Ridge Gold Tees,62,18,2,10:20:00,65,3,977,202,True,False,18,65,True,True,True
76286,2024,MP40,2,675540,189489,189489,941,Round 2,2024-06-23,Joshua Niss,937,Smugglers Notch Disc Golf Center - Brewster Ridge,Brewster Ridge Gold Tees,62,18,1,10:20:00,68,6,954,202,True,False,18,68,True,True,True
76286,2024,MP40,2,675540,62038,62038,969,Round 2,2024-06-23,Alex Maloney,964,Smugglers Notch Disc Golf Center - Brewster Ridge,Brewster Ridge Gold Tees,62,18,2,10:00:00,64,2,984,212,True,False,18,64,True,True,True
76286,2024,MP40,2,675540,93698,93698,948,Round 2,2024-06-23,Bryce Carson,951,Smugglers Notch Disc Golf Center - Brewster Ridge,Brewster Ridge Gold Tees,62,18,2,10:10:00,66,4,969,208,True,False,18,66,True,True,True
76286,2024,MP40,2,675540,93414,93414,950,Round 2,2024-06-23,Joshua Lemieux,961,Smugglers Notch Disc Golf Center - Brewster Ridge,Brewster Ridge Gold Tees,62,18,4,10:30:00,72,10,925,214,True,False,18,72,True,True,True
76286,2024,MP40,2,675540,49282,49282,917,Round 2,2024-06-23,Justin DeVico,931,Smugglers Notch Disc Golf Center - Brewster Ridge,Brewster Ridge Gold Tees,62,18,1,10:00:00,67,5,962,214,True,False,18,67,True,True,True
76286,2024,MP40,2,675540,87562,87562,959,Round 2,2024-06-23,Joe Mercieri,951,Smugglers Notch Disc Golf Center - Brewster Ridge,Brewster Ridge Gold Tees,62,18,4,10:20:00,70,8,939,212,True,False,18,70,True,True,True
76286,2024,MP40,2,675540,178064,178064,929,Round 2,2024-06-23,Peter Walke,,Smugglers Notch Disc Golf Center - Brewster Ridge,Brewster Ridge Gold Tees,62,18,3,10:20:00,71,9,932,214,True,False,18,71,True,True,True
76286,2024,MP40,2,675540,66055,66055,941,Round 2,2024-06-23,Eric Wilson,935,Smugglers Notch Disc Golf Center - Brewster Ridge,Brewster Ridge Gold Tees,62,18,3,10:00:00,68,6,954,210,True,False,18,68,True,True,True
76286,2024,MP40,2,675540,98376,98376,935,Round 2,2024-06-23,Andrew Jong,955,Smugglers Notch Disc Golf Center - Brewster Ridge,Brewster Ridge Gold Tees,62,18,1,10:10:00,71,9,932,222,True,False,18,71,True,True,True
76286,2024,MP40,2,675540,25889,25889,959,Round 2,2024-06-23,Colin McDonald,947,Smugglers Notch Disc Golf Center - Brewster Ridge,Brewster Ridge Gold Tees,62,18,1,09:50:00,68,6,954,219,True,False,18,68,True,True,True
76286,2024,MP40,2,675540,156900,156900,927,Round 2,2024-06-23,Jon Phillips,928,Smugglers Notch Disc Golf Center - Brewster Ridge,Brewster Ridge Gold Tees,62,18,3,10:10:00,73,11,917,218,True,False,18,73,True,True,True
76286,2024,MP40,2,675540,131875,131875,924,Round 2,2024-06-23,Ryan Buenaflor,921,Smugglers Notch Disc Golf Center - Brewster Ridge,Brewster Ridge Gold Tees,62,18,4,09:50:00,71,9,932,221,True,False,18,71,True,True,True
76286,2024,MP40,2,675540,132038,132038,956,Round 2,2024-06-23,Daniel Jenkins,965,Smugglers Notch Disc Golf Center - Brewster Ridge,Brewster Ridge Gold Tees,62,18,1,09:40:00,71,9,932,230,True,False,18,71,True,True,True
76286,2024,MP40,2,675540,160671,160671,909,Round 2,2024-06-23,Elliot Waring,,Smugglers Notch Disc Golf Center - Brewster Ridge,Brewster Ridge Gold Tees,62,18,4,10:10:00,75,13,902,229,True,False,18,75,True,True,True
76286,2024,MP40,2,675540,153421,153421,904,Round 2,2024-06-23,Bill Sailer,929,Smugglers Notch Disc Golf Center - Brewster Ridge,Brewster Ridge Gold Tees,62,18,2,09:40:00,72,10,925,226,True,False,18,72,True,True,True
76286,2024,MP40,2,675540,33124,33124,925,Round 2,2024-06-23,Gary Krebs,,Smugglers Notch Disc Golf Center - Brewster Ridge,Brewster Ridge Gold Tees,62,18,4,09:40:00,72,10,925,234,True,False,18,72,True,True,True
76286,2024,MP40,2,675540,166039,166039,936,Round 2,2024-06-23,David Janco,919,Smugglers Notch Disc Golf Center - Brewster Ridge,Brewster Ridge Gold Tees,62,18,2,09:50:00,75,13,902,220,True,False,18,75,True,True,True
76286,2024,MP40,2,675540,65941,65941,907,Round 2,2024-06-23,Adam Abruzzi,950,Smugglers Notch Disc Golf Center - Brewster Ridge,Brewster Ridge Gold Tees,62,18,3,09:50:00,75,13,902,232,True,False,18,75,True,True,True
76286,2024,MP40,2,675540,211201,211201,943,Round 2,2024-06-23,Brian Fritze,,Smugglers Notch Disc Golf Center - Brewster Ridge,Brewster Ridge Gold Tees,62,18,3,09:40:00,76,14,895,234,True,False,18,76,True,True,True
76286,2024,MP40,2,675540,36646,36646,911,Round 2,2024-06-23,Matthew Heenan,909,Smugglers Notch Disc Golf Center - Brewster Ridge,Brewster Ridge Gold Tees,62,18,1,09:30:00,75,13,902,233,True,False,18,75,True,True,True
76286,2024,MP40,2,675540,83212,83212,911,Round 2,2024-06-23,Cory Barron,885,Smugglers Notch Disc Golf Center - Brewster Ridge,Brewster Ridge Gold Tees,62,18,2,09:30:00,76,14,895,240,True,False,18,76,True,True,True
76286,2024,MP40,2,675540,99260,99260,876,Round 2,2024-06-23,Matthew Martell,880,Smugglers Notch Disc Golf Center - Brewster Ridge,Brewster Ridge Gold Tees,62,18,4,10:00:00,85,23,828,235,True,False,18,85,True,True,True
76286,2024,MP40,2,675540,59549,59549,885,Round 2,2024-06-23,Joe DeCarolis,908,Smugglers Notch Disc Golf Center - Brewster Ridge,Brewster Ridge Gold Tees,62,18,3,09:30:00,75,13,902,256,True,False,18,75,True,True,True
76286,2024,MP40,2,675540,66273,66273,950,Round 2,2024-06-23,Andrew Jones,978,Smugglers Notch Disc Golf Center - Brewster Ridge,Brewster Ridge Gold Tees,62,18,,,,,,,True,True,0,,False,False,False
76286,2024,MP40,3,677296,10628,10628,1011,Round 3,2024-06-23,Steve Brinster,1000,Smugglers Notch Disc Golf Center - Fox Run,Fox Run Meadows Gold Tees Rd3,62,18,2,10:20:00,63,1,1005,184,True,False,18,63,True,True,True
76286,2024,MP40,3,677296,20671,20671,991,Round 3,2024-06-23,Craig Cutler,1008,Smugglers Notch Disc Golf Center - Fox Run,Fox Run Meadows Gold Tees Rd3,62,18,3,10:20:00,63,1,1005,185,True,False,18,63,True,True,True
76286,2024,MP40,3,677296,140327,140327,995,Round 3,2024-06-23,Justin Chiu,1010,Smugglers Notch Disc Golf Center - Fox Run,Fox Run Meadows Gold Tees Rd3,62,18,1,10:20:00,67,5,977,185,True,False,18,67,True,True,True
76286,2024,MP40,3,677296,109102,109102,957,Round 3,2024-06-23,Matthew Eldredge,958,Smugglers Notch Disc Golf Center - Fox Run,Fox Run Meadows Gold Tees Rd3,62,18,4,10:20:00,64,2,998,189,True,False,18,64,True,True,True
76286,2024,MP40,3,677296,159076,159076,999,Round 3,2024-06-23,Alan Janzen,1007,Smugglers Notch Disc Golf Center - Fox Run,Fox Run Meadows Gold Tees Rd3,62,18,1,10:10:00,66,4,984,192,True,False,18,66,True,True,True
76286,2024,MP40,3,677296,189489,189489,941,Round 3,2024-06-23,Joshua Niss,937,Smugglers Notch Disc Golf Center - Fox Run,Fox Run Meadows Gold Tees Rd3,62,18,1,10:00:00,64,2,998,202,True,False,18,64,True,True,True
76286,2024,MP40,3,677296,18991,18991,964,Round 3,2024-06-23,Scott Walsh,983,Smugglers Notch Disc Golf Center - Fox Run,Fox Run Meadows Gold Tees Rd3,62,18,4,10:10:00,66,4,984,202,True,False,18,66,True,True,True
76286,2024,MP40,3,677296,17270,17270,957,Round 3,2024-06-23,Scott Howard,956,Smugglers Notch Disc Golf Center - Fox Run,Fox Run Meadows Gold Tees Rd3,62,18,3,10:10:00,67,5,977,202,True,False,18,67,True,True,True
76286,2024,MP40,3,677296,93698,93698,948,Round 3,2024-06-23,Bryce Carson,951,Smugglers Notch Disc Golf Center - Fox Run,Fox Run Meadows Gold Tees Rd3,62,18,3,10:00:00,68,6,970,208,True,False,18,68,True,True,True
76286,2024,MP40,3,677296,66055,66055,941,Round 3,2024-06-23,Eric Wilson,935,Smugglers Notch Disc Golf Center - Fox Run,Fox Run Meadows Gold Tees Rd3,62,18,4,09:50:00,67,5,977,210,True,False,18,67,True,True,True
76286,2024,MP40,3,677296,87562,87562,959,Round 3,2024-06-23,Joe Mercieri,951,Smugglers Notch Disc Golf Center - Fox Run,Fox Run Meadows Gold Tees Rd3,62,18,2,09:50:00,70,8,956,212,True,False,18,70,True,True,True
76286,2024,MP40,3,677296,62038,62038,969,Round 3,2024-06-23,Alex Maloney,964,Smugglers Notch Disc Golf Center - Fox Run,Fox Run Meadows Gold Tees Rd3,62,18,2,10:00:00,73,11,935,212,True,False,18,73,True,True,True
76286,2024,MP40,3,677296,103087,103087,942,Round 3,2024-06-23,Will Flood,940,Smugglers Notch Disc Golf Center - Fox Run,Fox Run Meadows Gold Tees Rd3,62,18,2,10:10:00,79,17,893,212,True,False,18,79,True,True,True
76286,2024,MP40,3,677296,49282,49282,917,Round 3,2024-06-23,Justin DeVico,931,Smugglers Notch Disc Golf Center - Fox Run,Fox Run Meadows Gold Tees Rd3,62,18,1,09:50:00,72,10,942,214,True,False,18,72,True,True,True
76286,2024,MP40,3,677296,178064,178064,929,Round 3,2024-06-23,Peter Walke,,Smugglers Notch Disc Golf Center - Fox Run,Fox Run Meadows Gold Tees Rd3,62,18,3,09:50:00,72,10,942,214,True,False,18,72,True,True,True
76286,2024,MP40,3,677296,93414,93414,950,Round 3,2024-06-23,Joshua Lemieux,961,Smugglers Notch Disc Golf Center - Fox Run,Fox Run Meadows Gold Tees Rd3,62,18,4,10:00:00,74,12,928,214,True,False,18,74,True,True,True
76286,2024,MP40,3,677296,156900,156900,927,Round 3,2024-06-23,Jon Phillips,928,Smugglers Notch Disc Golf Center - Fox Run,Fox Run Meadows Gold Tees Rd3,62,18,3,09:40:00,71,9,949,218,True,False,18,71,True,True,True
76286,2024,MP40,3,677296,25889,25889,959,Round 3,2024-06-23,Colin McDonald,947,Smugglers Notch Disc Golf Center - Fox Run,Fox Run Meadows Gold Tees Rd3,62,18,2,09:40:00,74,12,928,219,True,False,18,74,True,True,True
76286,2024,MP40,3,677296,166039,166039,936,Round 3,2024-06-23,David Janco,919,Smugglers Notch Disc Golf Center - Fox Run,Fox Run Meadows Gold Tees Rd3,62,18,1,09:20:00,68,6,970,220,True,False,18,68,True,True,True
76286,2024,MP40,3,677296,131875,131875,924,Round 3,2024-06-23,Ryan Buenaflor,921,Smugglers Notch Disc Golf Center - Fox Run,Fox Run Meadows Gold Tees Rd3,62,18,4,09:40:00,72,10,942,221,True,False,18,72,True,True,True
76286,2024,MP40,3,677296,98376,98376,935,Round 3,2024-06-23,Andrew Jong,955,Smugglers Notch Disc Golf Center - Fox Run,Fox Run Meadows Gold Tees Rd3,62,18,1,09:40:00,78,16,900,222,True,False,18,78,True,True,True
76286,2024,MP40,3,677296,153421,153421,904,Round 3,2024-06-23,Bill Sailer,929,Smugglers Notch Disc Golf Center - Fox Run,Fox Run Meadows Gold Tees Rd3,62,18,3,09:30:00,76,14,914,226,True,False,18,76,True,True,True
76286,2024,MP40,3,677296,160671,160671,909,Round 3,2024-06-23,Elliot Waring,,Smugglers Notch Disc Golf Center - Fox Run,Fox Run Meadows Gold Tees Rd3,62,18,2,09:30:00,80,18,886,229,True,False,18,80,True,True,True
76286,2024,MP40,3,677296,132038,132038,956,Round 3,2024-06-23,Daniel Jenkins,965,Smugglers Notch Disc Golf Center - Fox Run,Fox Run Meadows Gold Tees Rd3,62,18,1,09:30:00,81,19,879,230,True,False,18,81,True,True,True
76286,2024,MP40,3,677296,65941,65941,907,Round 3,2024-06-23,Adam Abruzzi,950,Smugglers Notch Disc Golf Center - Fox Run,Fox Run Meadows Gold Tees Rd3,62,18,2,09:20:00,79,17,893,232,True,False,18,79,True,True,True
76286,2024,MP40,3,677296,36646,36646,911,Round 3,2024-06-23,Matthew Heenan,909,Smugglers Notch Disc Golf Center - Fox Run,Fox Run Meadows Gold Tees Rd3,62,18,4,09:20:00,76,14,914,233,True,False,18,76,True,True,True
76286,2024,MP40,3,677296,211201,211201,943,Round 3,2024-06-23,Brian Fritze,,Smugglers Notch Disc Golf Center - Fox Run,Fox Run Meadows Gold Tees Rd3,62,18,3,09:20:00,79,17,893,234,True,False,18,79,True,True,True
76286,2024,MP40,3,677296,33124,33124,925,Round 3,2024-06-23,Gary Krebs,,Smugglers Notch Disc Golf Center - Fox Run,Fox Run Meadows Gold Tees Rd3,62,18,4,09:30:00,82,20,872,234,True,False,18,82,True,True,True
76286,2024,MP40,3,677296,99260,99260,876,Round 3,2024-06-23,Matthew Martell,880,Smugglers Notch Disc Golf Center - Fox Run,Fox Run Meadows Gold Tees Rd3,62,18,2,09:10:00,74,12,928,235,True,False,18,74,True,True,True
76286,2024,MP40,3,677296,83212,83212,911,Round 3,2024-06-23,Cory Barron,885,Smugglers Notch Disc Golf Center - Fox Run,Fox Run Meadows Gold Tees Rd3,62,18,1,09:10:00,82,20,872,240,True,False,18,82,True,True,True
76286,2024,MP40,3,677296,59549,59549,885,Round 3,2024-06-23,Joe DeCarolis,908,Smugglers Notch Disc Golf Center - Fox Run,Fox Run Meadows Gold Tees Rd3,62,18,3,09:10:00,91,29,809,256,True,False,18,91,True,True,True
76286,2024,MP40,3,677296,66273,66273,950,Round 3,2024-06-23,Andrew Jones,978,Smugglers Notch Disc Golf Center - Fox Run,Fox Run Meadows Gold Tees Rd3,62,18,,,0,0,,,True,False,0,,False,False,False
76286,2024,MP50,1,675542,149414,149414,974,Round 1,2024-06-23,Michael Lawler,972,Smugglers Notch Disc Golf Center - Fox Run,Fox Run Meadows Blue Tees,62,18,3,08:20:00,62,0,985,195,True,False,18,62,True,True,True
76286,2024,MP50,1,675542,54607,54607,947,Round 1,2024-06-23,Bob Kulchuk,953,Smugglers Notch Disc Golf Center - Fox Run,Fox Run Meadows Blue Tees,62,18,2,08:20:00,64,2,970,197,True,False,18,64,True,True,True
76286,2024,MP50,1,675542,145585,145585,951,Round 1,2024-06-23,Tom Stoughton,963,Smugglers Notch Disc Golf Center - Fox Run,Fox Run Meadows Blue Tees,62,18,3,08:10:00,65,3,962,209,True,False,18,65,True,True,True
76286,2024,MP50,1,675542,77623,77623,937,Round 1,2024-06-23,Cary Powell,909,Smugglers Notch Disc Golf Center - Fox Run,Fox Run Meadows Blue Tees,62,18,1,08:10:00,69,7,931,214,True,False,18,69,True,True,True
76286,2024,MP50,1,675542,101564,101564,955,Round 1,2024-06-23,Blaine Faulkner,958,Smugglers Notch Disc Golf Center - Fox Run,Fox Run Meadows Blue Tees,62,18,2,08:10:00,71,9,915,208,True,False,18,71,True,True,True
76286,2024,MP50,1,675542,23565,23565,913,Round 1,2024-06-23,Shane M. Tewksbury,925,Smugglers Notch Disc Golf Center - Fox Run,Fox Run Meadows Blue Tees,62,18,1,08:20:00,75,13,884,224,True,False,18,75,True,True,True
76286,2024,MP50,1,675542,157577,157577,907,Round 1,2024-06-23,Ian Butman,901,Smugglers Notch Disc Golf Center - Fox Run,Fox Run Meadows Blue Tees,62,18,4,08:10:00,77,15,868,230,True,False,18,77,True,True,True
76286,2024,MP50,1,675542,177424,177424,812,Round 1,2024-06-23,Kevin Delony,817,Smugglers Notch Disc Golf Center - Fox Run,Fox Run Meadows Blue Tees,62,18,4,08:20:00,83,21,821,260,True,False,18,83,True,True,True
76286,2024,MP50,2,675540,149414,149414,974,Round 2,2024-06-23,Michael Lawler,972,Smugglers Notch Disc Golf Center - Brewster Ridge,Brewster Ridge Gold Tees,62,18,1,09:20:00,67,5,962,195,True,False,18,67,True,True,True
76286,2024,MP50,2,675540,54607,54607,947,Round 2,2024-06-23,Bob Kulchuk,953,Smugglers Notch Disc Golf Center - Brewster Ridge,Brewster Ridge Gold Tees,62,18,2,09:20:00,70,8,939,197,True,False,18,70,True,True,True
76286,2024,MP50,2,675540,145585,145585,951,Round 2,2024-06-23,Tom Stoughton,963,Smugglers Notch Disc Golf Center - Brewster Ridge,Brewster Ridge Gold Tees,62,18,3,09:20:00,72,10,925,209,True,False,18,72,True,True,True
76286,2024,MP50,2,675540,77623,77623,937,Round 2,2024-06-23,Cary Powell,909,Smugglers Notch Disc Golf Center - Brewster Ridge,Brewster Ridge Gold Tees,62,18,4,09:20:00,72,10,925,214,True,False,18,72,True,True,True
76286,2024,MP50,2,675540,101564,101564,955,Round 2,2024-06-23,Blaine Faulkner,958,Smugglers Notch Disc Golf Center - Brewster Ridge,Brewster Ridge Gold Tees,62,18,1,09:10:00,72,10,925,208,True,False,18,72,True,True,True
76286,2024,MP50,2,675540,23565,23565,913,Round 2,2024-06-23,Shane M. Tewksbury,925,Smugglers Notch Disc Golf Center - Brewster Ridge,Brewster Ridge Gold Tees,62,18,2,09:10:00,73,11,917,224,True,False,18,73,True,True,True
76286,2024,MP50,2,675540,157577,157577,907,Round 2,2024-06-23,Ian Butman,901,Smugglers Notch Disc Golf Center - Brewster Ridge,Brewster Ridge Gold Tees,62,18,3,09:10:00,76,14,895,230,True,False,18,76,True,True,True
76286,2024,MP50,2,675540,177424,177424,812,Round 2,2024-06-23,Kevin Delony,817,Smugglers Notch Disc Golf Center - Brewster Ridge,Brewster Ridge Gold Tees,62,18,4,09:10:00,90,28,791,260,True,False,18,90,True,True,True
76286,2024,MP50,3,677297,149414,149414,974,Round 3,2024-06-23,Michael Lawler,972,Smugglers Notch Disc Golf Center - Fox Run,Fox Run Meadows Blue Tees Rd3,62,18,1,08:10:00,66,4,977,195,True,False,18,66,True,True,True
76286,2024,MP50,3,677297,54607,54607,947,Round 3,2024-06-23,Bob Kulchuk,953,Smugglers Notch Disc Golf Center - Fox Run,Fox Run Meadows Blue Tees Rd3,62,18,2,08:10:00,63,1,999,197,True,False,18,63,True,True,True
76286,2024,MP50,3,677297,101564,101564,955,Round 3,2024-06-23,Blaine Faulkner,958,Smugglers Notch Disc Golf Center - Fox Run,Fox Run Meadows Blue Tees Rd3,62,18,1,08:00:00,65,3,985,208,True,False,18,65,True,True,True
76286,2024,MP50,3,677297,145585,145585,951,Round 3,2024-06-23,Tom Stoughton,963,Smugglers Notch Disc Golf Center - Fox Run,Fox Run Meadows Blue Tees Rd3,62,18,3,08:10:00,72,10,934,209,True,False,18,72,True,True,True
76286,2024,MP50,3,677297,77623,77623,937,Round 3,2024-06-23,Cary Powell,909,Smugglers Notch Disc Golf Center - Fox Run,Fox Run Meadows Blue Tees Rd3,62,18,4,08:10:00,73,11,927,214,True,False,18,73,True,True,True
76286,2024,MP50,3,677297,23565,23565,913,Round 3,2024-06-23,Shane M. Tewksbury,925,Smugglers Notch Disc Golf Center - Fox Run,Fox Run Meadows Blue Tees Rd3,62,18,2,08:00:00,76,14,905,224,True,False,18,76,True,True,True
76286,2024,MP50,3,677297,157577,157577,907,Round 3,2024-06-23,Ian Butman,901,Smugglers Notch Disc Golf Center - Fox Run,Fox Run Meadows Blue Tees Rd3,62,18,3,08:00:00,77,15,898,230,True,False,18,77,True,True,True
76286,2024,MP50,3,677297,177424,177424,812,Round 3,2024-06-23,Kevin Delony,817,Smugglers Notch Disc Golf Center - Fox Run,Fox Run Meadows Blue Tees Rd3,62,18,4,08:00:00,87,25,826,260,True,False,18,87,True,True,True
76286,2024,MP60,1,675542,2439,2439,947,Round 1,2024-06-23,Daniel Marcus,954,Smugglers Notch Disc Golf Center - Fox Run,Fox Run Meadows Blue Tees,62,18,1,08:00:00,69,7,931,211,True,False,18,69,True,True,True
76286,2024,MP60,1,675542,31477,31477,918,Round 1,2024-06-23,Randy Dore,921,Smugglers Notch Disc Golf Center - Fox Run,Fox Run Meadows Blue Tees,62,18,2,08:00:00,69,7,931,203,True,False,18,69,True,True,True
76286,2024,MP60,1,675542,166239,166239,939,Round 1,2024-06-23,Tom Raub,958,Smugglers Notch Disc Golf Center - Fox Run,Fox Run Meadows Blue Tees,62,18,3,08:00:00,69,7,931,197,True,False,18,69,True,True,True
76286,2024,MP60,1,675542,194992,194992,881,Round 1,2024-06-23,John Bigelow,909,Smugglers Notch Disc Golf Center - Fox Run,Fox Run Meadows Blue Tees,62,18,4,08:00:00,72,10,907,212,True,False,18,72,True,True,True
76286,2024,MP60,1,675542,225189,225189,862,Round 1,2024-06-23,Tom Degnan,869,Smugglers Notch Disc Golf Center - Fox Run,Fox Run Meadows Blue Tees,62,18,4,08:30:00,80,20,829,238,True,False,18,80,True,True,True
76286,2024,MP60,2,675537,31477,31477,918,Round 2,2024-06-23,Randy Dore,921,Smugglers Notch Disc Golf Center - Brewster Ridge,Brewster Ridge Blue Tees,62,18,2,08:10:00,60,-2,951,203,True,False,18,60,True,True,True
76286,2024,MP60,2,675537,2439,2439,947,Round 2,2024-06-23,Daniel Marcus,954,Smugglers Notch Disc Golf Center - Brewster Ridge,Brewster Ridge Blue Tees,62,18,1,08:10:00,62,0,933,211,True,False,18,62,True,True,True
76286,2024,MP60,2,675537,166239,166239,939,Round 2,2024-06-23,Tom Raub,958,Smugglers Notch Disc Golf Center - Brewster Ridge,Brewster Ridge Blue Tees,62,18,3,08:10:00,62,0,933,197,True,False,18,62,True,True,True
76286,2024,MP60,2,675537,194992,194992,881,Round 2,2024-06-23,John Bigelow,909,Smugglers Notch Disc Golf Center - Brewster Ridge,Brewster Ridge Blue Tees,62,18,4,08:10:00,65,3,905,212,True,False,18,65,True,True,True
76286,2024,MP60,2,675537,225189,225189,862,Round 2,2024-06-23,Tom Degnan,869,Smugglers Notch Disc Golf Center - Brewster Ridge,Brewster Ridge Blue Tees,62,18,1,08:20:00,72,10,842,238,True,False,18,72,True,True,True
76286,2024,MP60,3,677297,166239,166239,939,Round 3,2024-06-23,Tom Raub,958,Smugglers Notch Disc Golf Center - Fox Run,Fox Run Meadows Blue Tees Rd3,62,18,3,07:50:00,66,4,977,197,True,False,18,66,True,True,True
76286,2024,MP60,3,677297,31477,31477,918,Round 3,2024-06-23,Randy Dore,921,Smugglers Notch Disc Golf Center - Fox Run,Fox Run Meadows Blue Tees Rd3,62,18,1,07:50:00,74,12,920,203,True,False,18,74,True,True,True
76286,2024,MP60,3,677297,2439,2439,947,Round 3,2024-06-23,Daniel Marcus,954,Smugglers Notch Disc Golf Center - Fox Run,Fox Run Meadows Blue Tees Rd3,62,18,2,07:50:00,80,18,876,211,True,False,18,80,True,True,True
76286,2024,MP60,3,677297,194992,194992,881,Round 3,2024-06-23,John Bigelow,909,Smugglers Notch Disc Golf Center - Fox Run,Fox Run Meadows Blue Tees Rd3,62,18,4,07:50:00,75,13,912,212,True,False,18,75,True,True,True
76286,2024,MP60,3,677297,225189,225189,862,Round 3,2024-06-23,Tom Degnan,869,Smugglers Notch Disc Golf Center - Fox Run,Fox Run Meadows Blue Tees Rd3,62,18,2,08:20:00,84,22,848,238,True,False,18,84,True,True,True
76286,2024,MPO,1,675544,70741,70741,1002,Round 1,2024-06-23,Mark Chapalonis,,Smugglers Notch Disc Golf Center - Fox Run,Fox Run Meadows Gold Tees,62,18,1,11:10:00,53,-9,1070,173,True,False,18,53,True,True,True
76286,2024,MPO,1,675544,143853,143853,997,Round 1,2024-06-23,Elijah Rider Brandt,1012,Smugglers Notch Disc Golf Center - Fox Run,Fox Run Meadows Gold Tees,62,18,4,14:00:00,53,-9,1070,170,True,False,18,53,True,True,True
76286,2024,MPO,1,675544,50920,50920,1008,Round 1,2024-06-23,Kyle Moriarty,1017,Smugglers Notch Disc Golf Center - Fox Run,Fox Run Meadows Gold Tees,62,18,1,11:20:00,56,-6,1048,174,True,False,18,56,True,True,True
76286,2024,MPO,1,675544,81283,81283,982,Round 1,2024-06-23,Ronnie Bennett,968,Smugglers Notch Disc Golf Center - Fox Run,Fox Run Meadows Gold Tees,62,18,3,14:50:00,56,-6,1048,184,True,False,18,56,True,True,True
76286,2024,MPO,1,675544,102040,102040,991,Round 1,2024-06-23,Shane McCullen,1016,Smugglers Notch Disc Golf Center - Fox Run,Fox Run Meadows Gold Tees,62,18,1,13:30:00,56,-6,1048,176,True,False,18,56,True,True,True
76286,2024,MPO,1,675544,90439,90439,1012,Round 1,2024-06-23,Lucas Oberholtzer Hess,1022,Smugglers Notch Disc Golf Center - Fox Run,Fox Run Meadows Gold Tees,62,18,1,13:10:00,58,-4,1033,177,True,False,18,58,True,True,True
76286,2024,MPO,1,675544,129083,129083,943,Round 1,2024-06-23,Riley Douglas,953,Smugglers Notch Disc Golf Center - Fox Run,Fox Run Meadows Gold Tees,62,18,1,12:30:00,58,-4,1033,181,True,False,18,58,True,True,True
76286,2024,MPO,1,675544,86844,86844,986,Round 1,2024-06-23,Jared Hill,1018,Smugglers Notch Disc Golf Center - Fox Run,Fox Run Meadows Gold Tees,62,18,2,11:50:00,59,-3,1026,187,True,False,18,59,True,True,True
76286,2024,MPO,1,675544,89460,89460,997,Round 1,2024-06-23,Wyatt Mahoney,1023,Smugglers Notch Disc Golf Center - Fox Run,Fox Run Meadows Gold Tees,62,18,2,14:30:00,59,-3,1026,175,True,False,18,59,True,True,True
76286,2024,MPO,1,675544,94840,94840,984,Round 1,2024-06-23,Josh Ocoin,992,Smugglers Notch Disc Golf Center - Fox Run,Fox Run Meadows Gold Tees,62,18,1,12:10:00,59,-3,1026,183,True,False,18,59,True,True,True
76286,2024,MPO,1,675544,98161,98161,1003,Round 1,2024-06-23,Justin Rosak,996,Smugglers Notch Disc Golf Center - Fox Run,Fox Run Meadows Gold Tees,62,18,3,13:50:00,59,-3,1026,174,True,False,18,59,True,True,True
76286,2024,MPO,1,675544,142744,142744,960,Round 1,2024-06-23,Abel German,974,Smugglers Notch Disc Golf Center - Fox Run,Fox Run Meadows Gold Tees,62,18,4,14:20:00,59,-3,1026,193,True,False,18,59,True,True,True
76286,2024,MPO,1,675544,91543,91543,980,Round 1,2024-06-23,Miles Sayer,1013,Smugglers Notch Disc Golf Center - Fox Run,Fox Run Meadows Gold Tees,62,18,3,11:50:00,60,-2,1019,188,True,False,18,60,True,True,True
76286,2024,MPO,1,675544,161558,161558,978,Round 1,2024-06-23,Brad Schott,994,Smugglers Notch Disc Golf Center - Fox Run,Fox Run Meadows Gold Tees,62,18,3,13:20:00,60,-2,1019,183,True,False,18,60,True,True,True
76286,2024,MPO,1,675544,168321,168321,981,Round 1,2024-06-23,Kyle Hirsch,992,Smugglers Notch Disc Golf Center - Fox Run,Fox Run Meadows Gold Tees,62,18,3,11:30:00,60,-2,1019,204,True,False,18,60,True,True,True
76286,2024,MPO,1,675544,181649,181649,979,Round 1,2024-06-23,Hubert Vachon,996,Smugglers Notch Disc Golf Center - Fox Run,Fox Run Meadows Gold Tees,62,18,4,14:10:00,60,-2,1019,184,True,False,18,60,True,True,True
76286,2024,MPO,1,675544,210263,210263,965,Round 1,2024-06-23,Kyle Bergmann,972,Smugglers Notch Disc Golf Center - Fox Run,Fox Run Meadows Gold Tees,62,18,3,12:30:00,60,-2,1019,194,True,False,18,60,True,True,True
76286,2024,MPO,1,675544,218407,218407,966,Round 1,2024-06-23,Kyle Denman,948,Smugglers Notch Disc Golf Center - Fox Run,Fox Run Meadows Gold Tees,62,18,4,14:40:00,60,-2,1019,193,True,False,18,60,True,True,True
76286,2024,MPO,1,675544,241573,241573,990,Round 1,2024-06-23,Whit Stephenson,998,Smugglers Notch Disc Golf Center - Fox Run,Fox Run Meadows Gold Tees,62,18,4,10:50:00,60,-2,1019,178,True,False,18,60,True,True,True
76286,2024,MPO,1,675544,56544,56544,990,Round 1,2024-06-23,Samuel Henderson,1012,Smugglers Notch Disc Golf Center - Fox Run,Fox Run Meadows Gold Tees,62,18,1,12:20:00,61,-1,1012,197,True,False,18,61,True,True,True
76286,2024,MPO,1,675544,125209,125209,957,Round 1,2024-06-23,Mason Sailer,961,Smugglers Notch Disc Golf Center - Fox Run,Fox Run Meadows Gold Tees,62,18,3,14:00:00,61,-1,1012,196,True,False,18,61,True,True,True
76286,2024,MPO,1,675544,203954,203954,965,Round 1,2024-06-23,Issiac Christiansen,978,Smugglers Notch Disc Golf Center - Fox Run,Fox Run Meadows Gold Tees,62,18,4,11:10:00,61,-1,1012,206,True,False,18,61,True,True,True
76286,2024,MPO,1,675544,68908,68908,983,Round 1,2024-06-23,Jaimen Hume,980,Smugglers Notch Disc Golf Center - Fox Run,Fox Run Meadows Gold Tees,62,18,1,14:40:00,62,0,1004,199,True,False,18,62,True,True,True
76286,2024,MPO,1,675544,69968,69968,982,Round 1,2024-06-23,Samuel Streeter,977,Smugglers Notch Disc Golf Center - Fox Run,Fox Run Meadows Gold Tees,62,18,2,12:50:00,62,0,1004,197,True,False,18,62,True,True,True
76286,2024,MPO,1,675544,87305,87305,988,Round 1,2024-06-23,Nathaniel DeLisle,991,Smugglers Notch Disc Golf Center - Fox Run,Fox Run Meadows Gold Tees,62,18,1,13:50:00,62,0,1004,189,True,False,18,62,True,True,True
76286,2024,MPO,1,675544,86338,86338,983,Round 1,2024-06-23,Tyler Blanchet,973,Smugglers Notch Disc Golf Center - Fox Run,Fox Run Meadows Gold Tees,62,18,1,13:40:00,63,1,997,204,True,False,18,63,True,True,True
76286,2024,MPO,1,675544,119407,119407,974,Round 1,2024-06-23,Nate Hartmann,969,Smugglers Notch Disc Golf Center - Fox Run,Fox Run Meadows Gold Tees,62,18,2,13:10:00,63,1,997,194,True,False,18,63,True,True,True
76286,2024,MPO,1,675544,120368,120368,969,Round 1,2024-06-23,Joseph Wegman,982,Smugglers Notch Disc Golf Center - Fox Run,Fox Run Meadows Gold Tees,62,18,2,12:40:00,63,1,997,197,True,False,18,63,True,True,True
76286,2024,MPO,1,675544,129332,129332,1000,Round 1,2024-06-23,David Fleck,1008,Smugglers Notch Disc Golf Center - Fox Run,Fox Run Meadows Gold Tees,62,18,3,12:50:00,63,1,997,187,True,False,18,63,True,True,True
76286,2024,MPO,1,675544,138103,138103,1001,Round 1,2024-06-23,Matthew Alexander,1007,Smugglers Notch Disc Golf Center - Fox Run,Fox Run Meadows Gold Tees,62,18,3,11:00:00,63,1,997,179,True,False,18,63,True,True,True
76286,2024,MPO,1,675544,145202,145202,987,Round 1,2024-06-23,Owen Rice,999,Smugglers Notch Disc Golf Center - Fox Run,Fox Run Meadows Gold Tees,62,18,1,11:30:00,63,1,997,195,True,False,18,63,True,True,True
76286,2024,MPO,1,675544,149546,149546,1008,Round 1,2024-06-23,Jesse Longenecker,1024,Smugglers Notch Disc Golf Center - Fox Run,Fox Run Meadows Gold Tees,62,18,3,12:10:00,63,1,997,177,True,False,18,63,True,True,True
76286,2024,MPO,1,675544,157289,157289,943,Round 1,2024-06-23,Alden Slack,975,Smugglers Notch Disc Golf Center - Fox Run,Fox Run Meadows Gold Tees,62,18,4,13:10:00,63,1,997,200,True,False,18,63,True,True,True
76286,2024,MPO,1,675544,163829,163829,982,Round 1,2024-06-23,Reuben Hagen,982,Smugglers Notch Disc Golf Center - Fox Run,Fox Run Meadows Gold Tees,62,18,4,13:40:00,63,1,997,195,True,False,18,63,True,True,True
76286,2024,MPO,1,675544,169393,169393,948,Round 1,2024-06-23,Aidan Trombley,977,Smugglers Notch Disc Golf Center - Fox Run,Fox Run Meadows Gold Tees,62,18,3,10:40:00,63,1,997,192,True,False,18,63,True,True,True
76286,2024,MPO,1,675544,47930,47930,989,Round 1,2024-06-23,Nicholas Economos,988,Smugglers Notch Disc Golf Center - Fox Run,Fox Run Meadows Gold Tees,62,18,2,14:50:00,64,2,990,194,True,False,18,64,True,True,True
76286,2024,MPO,1,675544,141999,141999,954,Round 1,2024-06-23,David Koch,955,Smugglers Notch Disc Golf Center - Fox Run,Fox Run Meadows Gold Tees,62,18,3,12:00:00,64,2,990,208,True,False,18,64,True,True,True
76286,2024,MPO,1,675544,155051,155051,973,Round 1,2024-06-23,James Mallard,974,Smugglers Notch Disc Golf Center - Fox Run,Fox Run Meadows Gold Tees,62,18,4,14:30:00,64,2,990,196,True,False,18,64,True,True,True
76286,2024,MPO,1,675544,187845,187845,949,Round 1,2024-06-23,Shane Seals,962,Smugglers Notch Disc Golf Center - Fox Run,Fox Run Meadows Gold Tees,62,18,4,11:20:00,64,2,990,194,True,False,18,64,True,True,True
76286,2024,MPO,1,675544,35588,35588,967,Round 1,2024-06-23,Coleman E. Marcus,982,Smugglers Notch Disc Golf Center - Fox Run,Fox Run Meadows Gold Tees,62,18,1,14:50:00,65,3,983,199,True,False,18,65,True,True,True
76286,2024,MPO,1,675544,75861,75861,969,Round 1,2024-06-23,Charlie Veysey,978,Smugglers Notch Disc Golf Center - Fox Run,Fox Run Meadows Gold Tees,62,18,4,12:50:00,65,3,983,204,True,False,18,65,True,True,True
76286,2024,MPO,1,675544,94517,94517,943,Round 1,2024-06-23,Anthony Webb,973,Smugglers Notch Disc Golf Center - Fox Run,Fox Run Meadows Gold Tees,62,18,2,14:10:00,65,3,983,193,True,False,18,65,True,True,True
76286,2024,MPO,1,675544,95343,95343,967,Round 1,2024-06-23,Dylan Adjutant,962,Smugglers Notch Disc Golf Center - Fox Run,Fox Run Meadows Gold Tees,62,18,2,14:00:00,65,3,983,188,True,False,18,65,True,True,True
76286,2024,MPO,1,675544,108537,108537,980,Round 1,2024-06-23,Julien Quenneville,995,Smugglers Notch Disc Golf Center - Fox Run,Fox Run Meadows Gold Tees,62,18,3,10:50:00,65,3,983,200,True,False,18,65,True,True,True
76286,2024,MPO,1,675544,167837,167837,975,Round 1,2024-06-23,Elijah Garrison,1004,Smugglers Notch Disc Golf Center - Fox Run,Fox Run Meadows Gold Tees,62,18,2,11:30:00,65,3,983,194,True,False,18,65,True,True,True
76286,2024,MPO,1,675544,178379,178379,961,Round 1,2024-06-23,Tyler Tiede,980,Smugglers Notch Disc Golf Center - Fox Run,Fox Run Meadows Gold Tees,62,18,3,11:40:00,65,3,983,200,True,False,18,65,True,True,True
76286,2024,MPO,1,675544,93401,93401,965,Round 1,2024-06-23,Jeffrey Russell,945,Smugglers Notch Disc Golf Center - Fox Run,Fox Run Meadows Gold Tees,62,18,2,13:50:00,66,4,975,204,True,False,18,66,True,True,True
76286,2024,MPO,1,675544,129010,129010,996,Round 1,2024-06-23,Andres Ripley,1014,Smugglers Notch Disc Golf Center - Fox Run,Fox Run Meadows Gold Tees,62,18,2,13:00:00,66,4,975,189,True,False,18,66,True,True,True
76286,2024,MPO,1,675544,129232,129232,969,Round 1,2024-06-23,Ryan Mooney,957,Smugglers Notch Disc Golf Center - Fox Run,Fox Run Meadows Gold Tees,62,18,2,13:30:00,66,4,975,203,True,False,18,66,True,True,True
76286,2024,MPO,1,675544,180664,180664,961,Round 1,2024-06-23,Carson Deeds,973,Smugglers Notch Disc Golf Center - Fox Run,Fox Run Meadows Gold Tees,62,18,4,13:20:00,66,4,975,210,True,False,18,66,True,True,True
76286,2024,MPO,1,675544,215058,215058,968,Round 1,2024-06-23,Justin Mucelli,973,Smugglers Notch Disc Golf Center - Fox Run,Fox Run Meadows Gold Tees,62,18,4,11:40:00,66,4,975,200,True,False,18,66,True,True,True
76286,2024,MPO,1,675544,73774,73774,931,Round 1,2024-06-23,Phil Lerch Denoncourt,924,Smugglers Notch Disc Golf Center - Fox Run,Fox Run Meadows Gold Tees,62,18,1,14:10:00,67,5,968,,True,False,18,67,True,True,True
76286,2024,MPO,1,675544,77274,77274,969,Round 1,2024-06-23,tom shanley,984,Smugglers Notch Disc Golf Center - Fox Run,Fox Run Meadows Gold Tees,62,18,2,11:20:00,67,5,968,197,True,False,18,67,True,True,True
76286,2024,MPO,1,675544,94450,94450,968,Round 1,2024-06-23,Brendan Rollins,958,Smugglers Notch Disc Golf Center - Fox Run,Fox Run Meadows Gold Tees,62,18,1,14:20:00,67,5,968,211,True,False,18,67,True,True,True
76286,2024,MPO,1,675544,99835,99835,986,Round 1,2024-06-23,Conor Dannis,1003,Smugglers Notch Disc Golf Center - Fox Run,Fox Run Meadows Gold Tees,62,18,2,13:40:00,67,5,968,200,True,False,18,67,True,True,True
76286,2024,MPO,1,675544,103402,103402,972,Round 1,2024-06-23,Alex Vigeant,972,Smugglers Notch Disc Golf Center - Fox Run,Fox Run Meadows Gold Tees,62,18,1,12:00:00,67,5,968,197,True,False,18,67,True,True,True
76286,2024,MPO,1,675544,187533,187533,978,Round 1,2024-06-23,Duncan Farquharson,990,Smugglers Notch Disc Golf Center - Fox Run,Fox Run Meadows Gold Tees,62,18,4,12:20:00,67,5,968,204,True,False,18,67,True,True,True
76286,2024,MPO,1,675544,71688,71688,924,Round 1,2024-06-23,Collin Pope,889,Smugglers Notch Disc Golf Center - Fox Run,Fox Run Meadows Gold Tees,62,18,2,11:10:00,68,6,961,212,True,False,18,68,True,True,True
76286,2024,MPO,1,675544,84923,84923,956,Round 1,2024-06-23,Ryan Begley,976,Smugglers Notch Disc Golf Center - Fox Run,Fox Run Meadows Gold Tees,62,18,2,12:20:00,68,6,961,206,True,False,18,68,True,True,True
76286,2024,MPO,1,675544,130868,130868,989,Round 1,2024-06-23,Remington Gaetjens,982,Smugglers Notch Disc Golf Center - Fox Run,Fox Run Meadows Gold Tees,62,18,2,14:40:00,68,6,961,205,True,False,18,68,True,True,True
76286,2024,MPO,1,675544,130874,130874,949,Round 1,2024-06-23,Chris Rydel,942,Smugglers Notch Disc Golf Center - Fox Run,Fox Run Meadows Gold Tees,62,18,3,14:40:00,68,6,961,210,True,False,18,68,True,True,True
76286,2024,MPO,1,675544,241718,241718,926,Round 1,2024-06-23,Gianni DeMasco,943,Smugglers Notch Disc Golf Center - Fox Run,Fox Run Meadows Gold Tees,62,18,4,13:30:00,68,6,961,222,True,False,18,68,True,True,True
76286,2024,MPO,1,675544,59612,59612,963,Round 1,2024-06-23,Matt Kobel,982,Smugglers Notch Disc Golf Center - Fox Run,Fox Run Meadows Gold Tees,62,18,1,13:00:00,69,7,953,209,True,False,18,69,True,True,True
76286,2024,MPO,1,675544,110582,110582,952,Round 1,2024-06-23,Corey Cook,973,Smugglers Notch Disc Golf Center - Fox Run,Fox Run Meadows Gold Tees,62,18,2,14:20:00,69,7,953,206,True,False,18,69,True,True,True
76286,2024,MPO,1,675544,117124,117124,953,Round 1,2024-06-23,Dean Squires Jr,970,Smugglers Notch Disc Golf Center - Fox Run,Fox Run Meadows Gold Tees,62,18,3,13:40:00,69,7,953,206,True,False,18,69,True,True,True
76286,2024,MPO,1,675544,142155,142155,962,Round 1,2024-06-23,Thomas Robinson,951,Smugglers Notch Disc Golf Center - Fox Run,Fox Run Meadows Gold Tees,62,18,3,12:40:00,69,7,953,200,True,False,18,69,True,True,True
76286,2024,MPO,1,675544,142706,142706,963,Round 1,2024-06-23,Cédric Gilbert,965,Smugglers Notch Disc Golf Center - Fox Run,Fox Run Meadows Gold Tees,62,18,3,14:20:00,69,7,953,203,True,False,18,69,True,True,True
76286,2024,MPO,1,675544,168353,168353,950,Round 1,2024-06-23,Aaron Albert,943,Smugglers Notch Disc Golf Center - Fox Run,Fox Run Meadows Gold Tees,62,18,4,11:50:00,69,7,953,205,True,False,18,69,True,True,True
76286,2024,MPO,1,675544,21441,21441,986,Round 1,2024-06-23,Zackary Doyle,999,Smugglers Notch Disc Golf Center - Fox Run,Fox Run Meadows Gold Tees,62,18,1,14:30:00,70,8,946,192,True,False,18,70,True,True,True
76286,2024,MPO,1,675544,47932,47932,972,Round 1,2024-06-23,Stephen Economos,,Smugglers Notch Disc Golf Center - Fox Run,Fox Run Meadows Gold Tees,62,18,1,10:40:00,70,8,946,197,True,False,18,70,True,True,True
76286,2024,MPO,1,675544,148801,148801,978,Round 1,2024-06-23,Tucker Kozloski,982,Smugglers Notch Disc Golf Center - Fox Run,Fox Run Meadows Gold Tees,62,18,3,12:20:00,70,8,946,203,True,False,18,70,True,True,True
76286,2024,MPO,1,675544,71388,71388,960,Round 1,2024-06-23,Jamie White,954,Smugglers Notch Disc Golf Center - Fox Run,Fox Run Meadows Gold Tees,62,18,1,13:20:00,71,9,939,205,True,False,18,71,True,True,True
76286,2024,MPO,1,675544,126098,126098,929,Round 1,2024-06-23,Will Macduff,893,Smugglers Notch Disc Golf Center - Fox Run,Fox Run Meadows Gold Tees,62,18,3,13:10:00,71,9,939,218,True,False,18,71,True,True,True
76286,2024,MPO,1,675544,131251,131251,979,Round 1,2024-06-23,Troy Yacyshyn,980,Smugglers Notch Disc Golf Center - Fox Run,Fox Run Meadows Gold Tees,62,18,3,11:10:00,71,9,939,204,True,False,18,71,True,True,True
76286,2024,MPO,1,675544,150926,150926,948,Round 1,2024-06-23,Chris Bourque,967,Smugglers Notch Disc Golf Center - Fox Run,Fox Run Meadows Gold Tees,62,18,3,13:00:00,71,9,939,214,True,False,18,71,True,True,True
76286,2024,MPO,1,675544,158855,158855,949,Round 1,2024-06-23,Nicholas Patchen,949,Smugglers Notch Disc Golf Center - Fox Run,Fox Run Meadows Gold Tees,62,18,3,13:30:00,71,9,939,,True,False,18,71,True,True,True
76286,2024,MPO,1,675544,63411,63411,946,Round 1,2024-06-23,Casey Lee,,Smugglers Notch Disc Golf Center - Fox Run,Fox Run Meadows Gold Tees,62,18,1,12:50:00,72,10,932,222,True,False,18,72,True,True,True
76286,2024,MPO,1,675544,85970,85970,953,Round 1,2024-06-23,Ben Drogue,966,Smugglers Notch Disc Golf Center - Fox Run,Fox Run Meadows Gold Tees,62,18,2,10:40:00,72,10,932,221,True,False,18,72,True,True,True
76286,2024,MPO,1,675544,98364,98364,984,Round 1,2024-06-23,Keith Sykes,985,Smugglers Notch Disc Golf Center - Fox Run,Fox Run Meadows Gold Tees,62,18,4,13:50:00,72,10,932,208,True,False,18,72,True,True,True
76286,2024,MPO,1,675544,100885,100885,961,Round 1,2024-06-23,Jacob Moore,945,Smugglers Notch Disc Golf Center - Fox Run,Fox Run Meadows Gold Tees,62,18,3,14:10:00,72,10,932,210,True,False,18,72,True,True,True
76286,2024,MPO,1,675544,161510,161510,911,Round 1,2024-06-23,TJ Rubin,919,Smugglers Notch Disc Golf Center - Fox Run,Fox Run Meadows Gold Tees,62,18,4,12:00:00,72,10,932,222,True,False,18,72,True,True,True
76286,2024,MPO,1,675544,260910,260910,932,Round 1,2024-06-23,Kenny Lapke,933,Smugglers Notch Disc Golf Center - Fox Run,Fox Run Meadows Gold Tees,62,18,4,10:40:00,72,10,932,206,True,False,18,72,True,True,True
76286,2024,MPO,1,675544,49211,49211,930,Round 1,2024-06-23,Joe Bishop,930,Smugglers Notch Disc Golf Center - Fox Run,Fox Run Meadows Gold Tees,62,18,1,14:00:00,73,11,924,217,True,False,18,73,True,True,True
76286,2024,MPO,1,675544,101829,101829,925,Round 1,2024-06-23,Joshua Storgaard,,Smugglers Notch Disc Golf Center - Fox Run,Fox Run Meadows Gold Tees,62,18,1,10:50:00,73,11,924,221,True,False,18,73,True,True,True
76286,2024,MPO,1,675544,104020,104020,946,Round 1,2024-06-23,Vaughn Hultgren,936,Smugglers Notch Disc Golf Center - Fox Run,Fox Run Meadows Gold Tees,62,18,2,10:50:00,73,11,924,,True,False,18,73,True,True,True
76286,2024,MPO,1,675544,139162,139162,954,Round 1,2024-06-23,Aaron LeBlanc,,Smugglers Notch Disc Golf Center - Fox Run,Fox Run Meadows Gold Tees,62,18,3,14:30:00,73,11,924,209,True,False,18,73,True,True,True
76286,2024,MPO,1,675544,102253,102253,951,Round 1,2024-06-23,Lucas Mendez,972,Smugglers Notch Disc Golf Center - Fox Run,Fox Run Meadows Gold Tees,62,18,2,13:20:00,74,12,917,213,True,False,18,74,True,True,True
76286,2024,MPO,1,675544,134049,134049,956,Round 1,2024-06-23,Christopher Parks,954,Smugglers Notch Disc Golf Center - Fox Run,Fox Run Meadows Gold Tees,62,18,2,12:10:00,74,12,917,222,True,False,18,74,True,True,True
76286,2024,MPO,1,675544,184940,184940,941,Round 1,2024-06-23,Jonathan Umel,964,Smugglers Notch Disc Golf Center - Fox Run,Fox Run Meadows Gold Tees,62,18,4,11:30:00,74,12,917,209,True,False,18,74,True,True,True
76286,2024,MPO,1,675544,65365,65365,941,Round 1,2024-06-23,Adam Harris,933,Smugglers Notch Disc Golf Center - Fox Run,Fox Run Meadows Gold Tees,62,18,1,11:40:00,75,13,910,217,True,False,18,75,True,True,True
76286,2024,MPO,1,675544,55277,55277,930,Round 1,2024-06-23,Nate Reiner,946,Smugglers Notch Disc Golf Center - Fox Run,Fox Run Meadows Gold Tees,62,18,1,12:40:00,76,14,902,206,True,False,18,76,True,True,True
76286,2024,MPO,1,675544,189129,189129,931,Round 1,2024-06-23,Marc-Alliocha Rudolf,941,Smugglers Notch Disc Golf Center - Fox Run,Fox Run Meadows Gold Tees,62,18,4,12:40:00,76,14,902,226,True,False,18,76,True,True,True
76286,2024,MPO,1,675544,94436,94436,924,Round 1,2024-06-23,Joseph Haggett,922,Smugglers Notch Disc Golf Center - Fox Run,Fox Run Meadows Gold Tees,62,18,1,11:00:00,77,15,895,,True,False,18,77,True,True,True
76286,2024,MPO,1,675544,96412,96412,945,Round 1,2024-06-23,Benjamin Mondor,957,Smugglers Notch Disc Golf Center - Fox Run,Fox Run Meadows Gold Tees,62,18,2,11:00:00,77,15,895,220,True,False,18,77,True,True,True
76286,2024,MPO,1,675544,101029,101029,947,Round 1,2024-06-23,Daniel Zaleski,920,Smugglers Notch Disc Golf Center - Fox Run,Fox Run Meadows Gold Tees,62,18,4,14:50:00,77,15,895,225,True,False,18,77,True,True,True
76286,2024,MPO,1,675544,176526,176526,927,Round 1,2024-06-23,Porter Awad,,Smugglers Notch Disc Golf Center - Fox Run,Fox Run Meadows Gold Tees,62,18,4,12:10:00,77,15,895,,True,False,18,77,True,True,True
76286,2024,MPO,1,675544,207793,207793,914,Round 1,2024-06-23,Walker White,917,Smugglers Notch Disc Golf Center - Fox Run,Fox Run Meadows Gold Tees,62,18,4,11:00:00,77,15,895,233,True,False,18,77,True,True,True
76286,2024,MPO,1,675544,171355,171355,954,Round 1,2024-06-23,Jacob Theriault,978,Smugglers Notch Disc Golf Center - Fox Run,Fox Run Meadows Gold Tees,62,18,2,12:30:00,78,16,888,216,True,False,18,78,True,True,True
76286,2024,MPO,1,675544,80359,80359,959,Round 1,2024-06-23,Cody White,985,Smugglers Notch Disc Golf Center - Fox Run,Fox Run Meadows Gold Tees,62,18,2,11:40:00,79,17,881,218,True,False,18,79,True,True,True
76286,2024,MPO,1,675544,166112,166112,927,Round 1,2024-06-23,Nykolas Connors,942,Smugglers Notch Disc Golf Center - Fox Run,Fox Run Meadows Gold Tees,62,18,3,11:20:00,79,17,881,226,True,False,18,79,True,True,True
76286,2024,MPO,1,675544,282627,282627,,Round 1,2024-06-23,Dana Kirkwood,950,Smugglers Notch Disc Golf Center - Fox Run,Fox Run Meadows Gold Tees,62,18,4,13:00:00,79,17,881,217,True,False,18,79,True,True,True
76286,2024,MPO,1,675544,74504,74504,929,Round 1,2024-06-23,Tyler Gagnon,919,Smugglers Notch Disc Golf Center - Fox Run,Fox Run Meadows Gold Tees,62,18,1,11:50:00,81,19,866,239,True,False,18,81,True,True,True
76286,2024,MPO,1,675544,107908,107908,904,Round 1,2024-06-23,Zachary Deraspe,926,Smugglers Notch Disc Golf Center - Fox Run,Fox Run Meadows Gold Tees,62,18,2,12:00:00,82,20,859,236,True,False,18,82,True,True,True
76286,2024,MPO,2,675540,70741,70741,1002,Round 2,2024-06-23,Mark Chapalonis,,Smugglers Notch Disc Golf Center - Brewster Ridge,Brewster Ridge Gold Tees,62,18,1,15:00:00,60,-2,1014,173,True,False,18,60,True,True,True
76286,2024,MPO,2,675540,143853,143853,997,Round 2,2024-06-23,Elijah Rider Brandt,1012,Smugglers Notch Disc Golf Center - Brewster Ridge,Brewster Ridge Gold Tees,62,18,2,15:00:00,61,-1,1006,170,True,False,18,61,True,True,True
76286,2024,MPO,2,675540,241573,241573,990,Round 2,2024-06-23,Whit Stephenson,998,Smugglers Notch Disc Golf Center - Brewster Ridge,Brewster Ridge Gold Tees,62,18,3,14:20:00,55,-7,1051,178,True,False,18,55,True,True,True
76286,2024,MPO,2,675540,89460,89460,997,Round 2,2024-06-23,Wyatt Mahoney,1023,Smugglers Notch Disc Golf Center - Brewster Ridge,Brewster Ridge Gold Tees,62,18,1,14:40:00,56,-6,1044,175,True,False,18,56,True,True,True
76286,2024,MPO,2,675540,90439,90439,1012,Round 2,2024-06-23,Lucas Oberholtzer Hess,1022,Smugglers Notch Disc Golf Center - Brewster Ridge,Brewster Ridge Gold Tees,62,18,2,14:50:00,58,-4,1029,177,True,False,18,58,True,True,True
76286,2024,MPO,2,675540,50920,50920,1008,Round 2,2024-06-23,Kyle Moriarty,1017,Smugglers Notch Disc Golf Center - Brewster Ridge,Brewster Ridge Gold Tees,62,18,3,15:00:00,61,-1,1006,174,True,False,18,61,True,True,True
76286,2024,MPO,2,675540,102040,102040,991,Round 2,2024-06-23,Shane McCullen,1016,Smugglers Notch Disc Golf Center - Brewster Ridge,Brewster Ridge Gold Tees,62,18,1,14:50:00,61,-1,1006,176,True,False,18,61,True,True,True
76286,2024,MPO,2,675540,138103,138103,1001,Round 2,2024-06-23,Matthew Alexander,1007,Smugglers Notch Disc Golf Center - Brewster Ridge,Brewster Ridge Gold Tees,62,18,2,13:50:00,55,-7,1051,179,True,False,18,55,True,True,True
76286,2024,MPO,2,675540,94840,94840,984,Round 2,2024-06-23,Josh Ocoin,992,Smugglers Notch Disc Golf Center - Brewster Ridge,Brewster Ridge Gold Tees,62,18,2,14:40:00,60,-2,1014,183,True,False,18,60,True,True,True
76286,2024,MPO,2,675540,98161,98161,1003,Round 2,2024-06-23,Justin Rosak,996,Smugglers Notch Disc Golf Center - Brewster Ridge,Brewster Ridge Gold Tees,62,18,3,14:40:00,60,-2,1014,174,True,False,18,60,True,True,True
76286,2024,MPO,2,675540,81283,81283,982,Round 2,2024-06-23,Ronnie Bennett,968,Smugglers Notch Disc Golf Center - Brewster Ridge,Brewster Ridge Gold Tees,62,18,4,15:00:00,63,1,992,184,True,False,18,63,True,True,True
76286,2024,MPO,2,675540,149546,149546,1008,Round 2,2024-06-23,Jesse Longenecker,1024,Smugglers Notch Disc Golf Center - Brewster Ridge,Brewster Ridge Gold Tees,62,18,4,13:50:00,57,-5,1036,177,True,False,18,57,True,True,True
76286,2024,MPO,2,675540,161558,161558,978,Round 2,2024-06-23,Brad Schott,994,Smugglers Notch Disc Golf Center - Brewster Ridge,Brewster Ridge Gold Tees,62,18,2,14:30:00,60,-2,1014,183,True,False,18,60,True,True,True
76286,2024,MPO,2,675540,181649,181649,979,Round 2,2024-06-23,Hubert Vachon,996,Smugglers Notch Disc Golf Center - Brewster Ridge,Brewster Ridge Gold Tees,62,18,4,14:30:00,60,-2,1014,184,True,False,18,60,True,True,True
76286,2024,MPO,2,675540,129083,129083,943,Round 2,2024-06-23,Riley Douglas,953,Smugglers Notch Disc Golf Center - Brewster Ridge,Brewster Ridge Gold Tees,62,18,3,14:50:00,62,0,999,181,True,False,18,62,True,True,True
76286,2024,MPO,2,675540,87305,87305,988,Round 2,2024-06-23,Nathaniel DeLisle,991,Smugglers Notch Disc Golf Center - Brewster Ridge,Brewster Ridge Gold Tees,62,18,1,14:00:00,61,-1,1006,189,True,False,18,61,True,True,True
76286,2024,MPO,2,675540,86844,86844,986,Round 2,2024-06-23,Jared Hill,1018,Smugglers Notch Disc Golf Center - Brewster Ridge,Brewster Ridge Gold Tees,62,18,4,14:50:00,64,2,984,187,True,False,18,64,True,True,True
76286,2024,MPO,2,675540,94517,94517,943,Round 2,2024-06-23,Anthony Webb,973,Smugglers Notch Disc Golf Center - Brewster Ridge,Brewster Ridge Gold Tees,62,18,2,13:20:00,59,-3,1021,193,True,False,18,59,True,True,True
76286,2024,MPO,2,675540,91543,91543,980,Round 2,2024-06-23,Miles Sayer,1013,Smugglers Notch Disc Golf Center - Brewster Ridge,Brewster Ridge Gold Tees,62,18,1,14:30:00,64,2,984,188,True,False,18,64,True,True,True
76286,2024,MPO,2,675540,210263,210263,965,Round 2,2024-06-23,Kyle Bergmann,972,Smugglers Notch Disc Golf Center - Brewster Ridge,Brewster Ridge Gold Tees,62,18,1,14:20:00,64,2,984,194,True,False,18,64,True,True,True
76286,2024,MPO,2,675540,129010,129010,996,Round 2,2024-06-23,Andres Ripley,1014,Smugglers Notch Disc Golf Center - Brewster Ridge,Brewster Ridge Gold Tees,62,18,4,13:10:00,59,-3,1021,189,True,False,18,59,True,True,True
76286,2024,MPO,2,675540,167837,167837,975,Round 2,2024-06-23,Elijah Garrison,1004,Smugglers Notch Disc Golf Center - Brewster Ridge,Brewster Ridge Gold Tees,62,18,1,13:10:00,60,-2,1014,194,True,False,18,60,True,True,True
76286,2024,MPO,2,675540,125209,125209,957,Round 2,2024-06-23,Mason Sailer,961,Smugglers Notch Disc Golf Center - Brewster Ridge,Brewster Ridge Gold Tees,62,18,1,14:10:00,64,2,984,196,True,False,18,64,True,True,True
76286,2024,MPO,2,675540,218407,218407,966,Round 2,2024-06-23,Kyle Denman,948,Smugglers Notch Disc Golf Center - Brewster Ridge,Brewster Ridge Gold Tees,62,18,2,14:20:00,65,3,977,193,True,False,18,65,True,True,True
76286,2024,MPO,2,675540,129332,129332,1000,Round 2,2024-06-23,David Fleck,1008,Smugglers Notch Disc Golf Center - Brewster Ridge,Brewster Ridge Gold Tees,62,18,1,13:50:00,63,1,992,187,True,False,18,63,True,True,True
76286,2024,MPO,2,675540,56544,56544,990,Round 2,2024-06-23,Samuel Henderson,1012,Smugglers Notch Disc Golf Center - Brewster Ridge,Brewster Ridge Gold Tees,62,18,4,14:20:00,65,3,977,197,True,False,18,65,True,True,True
76286,2024,MPO,2,675540,120368,120368,969,Round 2,2024-06-23,Joseph Wegman,982,Smugglers Notch Disc Golf Center - Brewster Ridge,Brewster Ridge Gold Tees,62,18,4,14:00:00,64,2,984,197,True,False,18,64,True,True,True
76286,2024,MPO,2,675540,169393,169393,948,Round 2,2024-06-23,Aidan Trombley,977,Smugglers Notch Disc Golf Center - Brewster Ridge,Brewster Ridge Gold Tees,62,18,3,13:40:00,64,2,984,192,True,False,18,64,True,True,True
76286,2024,MPO,2,675540,187845,187845,949,Round 2,2024-06-23,Shane Seals,962,Smugglers Notch Disc Golf Center - Brewster Ridge,Brewster Ridge Gold Tees,62,18,3,13:30:00,64,2,984,194,True,False,18,64,True,True,True
76286,2024,MPO,2,675540,142744,142744,960,Round 2,2024-06-23,Abel German,974,Smugglers Notch Disc Golf Center - Brewster Ridge,Brewster Ridge Gold Tees,62,18,4,14:40:00,69,7,947,193,True,False,18,69,True,True,True
76286,2024,MPO,2,675540,103402,103402,972,Round 2,2024-06-23,Alex Vigeant,972,Smugglers Notch Disc Golf Center - Brewster Ridge,Brewster Ridge Gold Tees,62,18,4,12:50:00,62,0,999,197,True,False,18,62,True,True,True
76286,2024,MPO,2,675540,95343,95343,967,Round 2,2024-06-23,Dylan Adjutant,962,Smugglers Notch Disc Golf Center - Brewster Ridge,Brewster Ridge Gold Tees,62,18,3,13:20:00,64,2,984,188,True,False,18,64,True,True,True
76286,2024,MPO,2,675540,155051,155051,973,Round 2,2024-06-23,James Mallard,974,Smugglers Notch Disc Golf Center - Brewster Ridge,Brewster Ridge Gold Tees,62,18,2,13:30:00,65,3,977,196,True,False,18,65,True,True,True
76286,2024,MPO,2,675540,119407,119407,974,Round 2,2024-06-23,Nate Hartmann,969,Smugglers Notch Disc Golf Center - Brewster Ridge,Brewster Ridge Gold Tees,62,18,3,14:00:00,66,4,969,194,True,False,18,66,True,True,True
76286,2024,MPO,2,675540,168321,168321,981,Round 2,2024-06-23,Kyle Hirsch,992,Smugglers Notch Disc Golf Center - Brewster Ridge,Brewster Ridge Gold Tees,62,18,3,14:30:00,69,7,947,204,True,False,18,69,True,True,True
76286,2024,MPO,2,675540,145202,145202,987,Round 2,2024-06-23,Owen Rice,999,Smugglers Notch Disc Golf Center - Brewster Ridge,Brewster Ridge Gold Tees,62,18,3,13:50:00,67,5,962,195,True,False,18,67,True,True,True
76286,2024,MPO,2,675540,68908,68908,983,Round 2,2024-06-23,Jaimen Hume,980,Smugglers Notch Disc Golf Center - Brewster Ridge,Brewster Ridge Gold Tees,62,18,3,14:10:00,68,6,954,199,True,False,18,68,True,True,True
76286,2024,MPO,2,675540,21441,21441,986,Round 2,2024-06-23,Zackary Doyle,999,Smugglers Notch Disc Golf Center - Brewster Ridge,Brewster Ridge Gold Tees,62,18,1,12:10:00,61,-1,1006,192,True,False,18,61,True,True,True
76286,2024,MPO,2,675540,77274,77274,969,Round 2,2024-06-23,tom shanley,984,Smugglers Notch Disc Golf Center - Brewster Ridge,Brewster Ridge Gold Tees,62,18,1,12:50:00,64,2,984,197,True,False,18,64,True,True,True
76286,2024,MPO,2,675540,93401,93401,965,Round 2,2024-06-23,Jeffrey Russell,945,Smugglers Notch Disc Golf Center - Brewster Ridge,Brewster Ridge Gold Tees,62,18,3,13:10:00,65,3,977,204,True,False,18,65,True,True,True
76286,2024,MPO,2,675540,35588,35588,967,Round 2,2024-06-23,Coleman E. Marcus,982,Smugglers Notch Disc Golf Center - Brewster Ridge,Brewster Ridge Gold Tees,62,18,4,13:30:00,66,4,969,199,True,False,18,66,True,True,True
76286,2024,MPO,2,675540,47930,47930,989,Round 2,2024-06-23,Nicholas Economos,988,Smugglers Notch Disc Golf Center - Brewster Ridge,Brewster Ridge Gold Tees,62,18,4,13:40:00,67,5,962,194,True,False,18,67,True,True,True
76286,2024,MPO,2,675540,110582,110582,952,Round 2,2024-06-23,Corey Cook,973,Smugglers Notch Disc Golf Center - Brewster Ridge,Brewster Ridge Gold Tees,62,18,4,12:30:00,63,1,992,206,True,False,18,63,True,True,True
76286,2024,MPO,2,675540,187533,187533,978,Round 2,2024-06-23,Duncan Farquharson,990,Smugglers Notch Disc Golf Center - Brewster Ridge,Brewster Ridge Gold Tees,62,18,1,12:40:00,65,3,977,204,True,False,18,65,True,True,True
76286,2024,MPO,2,675540,180664,180664,961,Round 2,2024-06-23,Carson Deeds,973,Smugglers Notch Disc Golf Center - Brewster Ridge,Brewster Ridge Gold Tees,62,18,2,13:00:00,66,4,969,210,True,False,18,66,True,True,True
76286,2024,MPO,2,675540,215058,215058,968,Round 2,2024-06-23,Justin Mucelli,973,Smugglers Notch Disc Golf Center - Brewster Ridge,Brewster Ridge Gold Tees,62,18,3,13:00:00,66,4,969,200,True,False,18,66,True,True,True
76286,2024,MPO,2,675540,69968,69968,982,Round 2,2024-06-23,Samuel Streeter,977,Smugglers Notch Disc Golf Center - Brewster Ridge,Brewster Ridge Gold Tees,62,18,4,14:10:00,70,8,939,197,True,False,18,70,True,True,True
76286,2024,MPO,2,675540,148801,148801,978,Round 2,2024-06-23,Tucker Kozloski,982,Smugglers Notch Disc Golf Center - Brewster Ridge,Brewster Ridge Gold Tees,62,18,3,12:10:00,63,1,992,203,True,False,18,63,True,True,True
76286,2024,MPO,2,675540,157289,157289,943,Round 2,2024-06-23,Alden Slack,975,Smugglers Notch Disc Golf Center - Brewster Ridge,Brewster Ridge Gold Tees,62,18,1,13:40:00,70,8,939,200,True,False,18,70,True,True,True
76286,2024,MPO,2,675540,203954,203954,965,Round 2,2024-06-23,Issiac Christiansen,978,Smugglers Notch Disc Golf Center - Brewster Ridge,Brewster Ridge Gold Tees,62,18,2,14:10:00,72,10,925,206,True,False,18,72,True,True,True
76286,2024,MPO,2,675540,260910,260910,932,Round 2,2024-06-23,Kenny Lapke,933,Smugglers Notch Disc Golf Center - Brewster Ridge,Brewster Ridge Gold Tees,62,18,2,11:40:00,62,0,999,206,True,False,18,62,True,True,True
76286,2024,MPO,2,675540,117124,117124,953,Round 2,2024-06-23,Dean Squires Jr,970,Smugglers Notch Disc Golf Center - Brewster Ridge,Brewster Ridge Gold Tees,62,18,1,12:20:00,65,3,977,206,True,False,18,65,True,True,True
76286,2024,MPO,2,675540,75861,75861,969,Round 2,2024-06-23,Charlie Veysey,978,Smugglers Notch Disc Golf Center - Brewster Ridge,Brewster Ridge Gold Tees,62,18,1,13:20:00,69,7,947,204,True,False,18,69,True,True,True
76286,2024,MPO,2,675540,108537,108537,980,Round 2,2024-06-23,Julien Quenneville,995,Smugglers Notch Disc Golf Center - Brewster Ridge,Brewster Ridge Gold Tees,62,18,4,13:20:00,69,7,947,200,True,False,18,69,True,True,True
76286,2024,MPO,2,675540,163829,163829,982,Round 2,2024-06-23,Reuben Hagen,982,Smugglers Notch Disc Golf Center - Brewster Ridge,Brewster Ridge Gold Tees,62,18,2,13:40:00,71,9,932,195,True,False,18,71,True,True,True
76286,2024,MPO,2,675540,71388,71388,960,Round 2,2024-06-23,Jamie White,954,Smugglers Notch Disc Golf Center - Brewster Ridge,Brewster Ridge Gold Tees,62,18,4,12:10:00,64,2,984,205,True,False,18,64,True,True,True
76286,2024,MPO,2,675540,142155,142155,962,Round 2,2024-06-23,Thomas Robinson,951,Smugglers Notch Disc Golf Center - Brewster Ridge,Brewster Ridge Gold Tees,62,18,2,12:20:00,66,4,969,200,True,False,18,66,True,True,True
76286,2024,MPO,2,675540,142706,142706,963,Round 2,2024-06-23,Cédric Gilbert,965,Smugglers Notch Disc Golf Center - Brewster Ridge,Brewster Ridge Gold Tees,62,18,3,12:20:00,66,4,969,203,True,False,18,66,True,True,True
76286,2024,MPO,2,675540,130868,130868,989,Round 2,2024-06-23,Remington Gaetjens,982,Smugglers Notch Disc Golf Center - Brewster Ridge,Brewster Ridge Gold Tees,62,18,4,12:40:00,67,5,962,205,True,False,18,67,True,True,True
76286,2024,MPO,2,675540,99835,99835,986,Round 2,2024-06-23,Conor Dannis,1003,Smugglers Notch Disc Golf Center - Brewster Ridge,Brewster Ridge Gold Tees,62,18,3,12:50:00,68,6,954,200,True,False,18,68,True,True,True
76286,2024,MPO,2,675540,178379,178379,961,Round 2,2024-06-23,Tyler Tiede,980,Smugglers Notch Disc Golf Center - Brewster Ridge,Brewster Ridge Gold Tees,62,18,2,13:10:00,70,8,939,200,True,False,18,70,True,True,True
76286,2024,MPO,2,675540,47932,47932,972,Round 2,2024-06-23,Stephen Economos,,Smugglers Notch Disc Golf Center - Brewster Ridge,Brewster Ridge Gold Tees,62,18,2,12:10:00,66,4,969,197,True,False,18,66,True,True,True
76286,2024,MPO,2,675540,130874,130874,949,Round 2,2024-06-23,Chris Rydel,942,Smugglers Notch Disc Golf Center - Brewster Ridge,Brewster Ridge Gold Tees,62,18,1,12:30:00,68,6,954,210,True,False,18,68,True,True,True
76286,2024,MPO,2,675540,129232,129232,969,Round 2,2024-06-23,Ryan Mooney,957,Smugglers Notch Disc Golf Center - Brewster Ridge,Brewster Ridge Gold Tees,62,18,1,13:00:00,70,8,939,203,True,False,18,70,True,True,True
76286,2024,MPO,2,675540,86338,86338,983,Round 2,2024-06-23,Tyler Blanchet,973,Smugglers Notch Disc Golf Center - Brewster Ridge,Brewster Ridge Gold Tees,62,18,2,14:00:00,73,11,917,204,True,False,18,73,True,True,True
76286,2024,MPO,2,675540,131251,131251,979,Round 2,2024-06-23,Troy Yacyshyn,980,Smugglers Notch Disc Golf Center - Brewster Ridge,Brewster Ridge Gold Tees,62,18,2,12:00:00,66,4,969,204,True,False,18,66,True,True,True
76286,2024,MPO,2,675540,168353,168353,950,Round 2,2024-06-23,Aaron Albert,943,Smugglers Notch Disc Golf Center - Brewster Ridge,Brewster Ridge Gold Tees,62,18,4,12:20:00,68,6,954,205,True,False,18,68,True,True,True
76286,2024,MPO,2,675540,94450,94450,968,Round 2,2024-06-23,Brendan Rollins,958,Smugglers Notch Disc Golf Center - Brewster Ridge,Brewster Ridge Gold Tees,62,18,2,12:50:00,70,8,939,211,True,False,18,70,True,True,True
76286,2024,MPO,2,675540,141999,141999,954,Round 2,2024-06-23,David Koch,955,Smugglers Notch Disc Golf Center - Brewster Ridge,Brewster Ridge Gold Tees,62,18,1,13:30:00,73,11,917,208,True,False,18,73,True,True,True
76286,2024,MPO,2,675540,104020,104020,946,Round 2,2024-06-23,Vaughn Hultgren,936,Smugglers Notch Disc Golf Center - Brewster Ridge,Brewster Ridge Gold Tees,62,18,1,11:30:00,65,3,977,,True,False,18,65,True,True,True
76286,2024,MPO,2,675540,150926,150926,948,Round 2,2024-06-23,Chris Bourque,967,Smugglers Notch Disc Golf Center - Brewster Ridge,Brewster Ridge Gold Tees,62,18,3,12:00:00,67,5,962,214,True,False,18,67,True,True,True
76286,2024,MPO,2,675540,98364,98364,984,Round 2,2024-06-23,Keith Sykes,985,Smugglers Notch Disc Golf Center - Brewster Ridge,Brewster Ridge Gold Tees,62,18,3,11:50:00,67,5,962,208,True,False,18,67,True,True,True
76286,2024,MPO,2,675540,241718,241718,926,Round 2,2024-06-23,Gianni DeMasco,943,Smugglers Notch Disc Golf Center - Brewster Ridge,Brewster Ridge Gold Tees,62,18,2,12:30:00,71,9,932,222,True,False,18,71,True,True,True
76286,2024,MPO,2,675540,100885,100885,961,Round 2,2024-06-23,Jacob Moore,945,Smugglers Notch Disc Golf Center - Brewster Ridge,Brewster Ridge Gold Tees,62,18,4,11:50:00,68,6,954,210,True,False,18,68,True,True,True
76286,2024,MPO,2,675540,59612,59612,963,Round 2,2024-06-23,Matt Kobel,982,Smugglers Notch Disc Golf Center - Brewster Ridge,Brewster Ridge Gold Tees,62,18,3,12:30:00,71,9,932,209,True,False,18,71,True,True,True
76286,2024,MPO,2,675540,73774,73774,931,Round 2,2024-06-23,Phil Lerch Denoncourt,924,Smugglers Notch Disc Golf Center - Brewster Ridge,Brewster Ridge Gold Tees,62,18,4,13:00:00,74,12,910,,True,False,18,74,True,True,True
76286,2024,MPO,2,675540,102253,102253,951,Round 2,2024-06-23,Lucas Mendez,972,Smugglers Notch Disc Golf Center - Brewster Ridge,Brewster Ridge Gold Tees,62,18,3,11:30:00,68,6,954,213,True,False,18,68,True,True,True
76286,2024,MPO,2,675540,139162,139162,954,Round 2,2024-06-23,Aaron LeBlanc,,Smugglers Notch Disc Golf Center - Brewster Ridge,Brewster Ridge Gold Tees,62,18,2,11:30:00,69,7,947,209,True,False,18,69,True,True,True
76286,2024,MPO,2,675540,71688,71688,924,Round 2,2024-06-23,Collin Pope,889,Smugglers Notch Disc Golf Center - Brewster Ridge,Brewster Ridge Gold Tees,62,18,2,12:40:00,74,12,910,212,True,False,18,74,True,True,True
76286,2024,MPO,2,675540,84923,84923,956,Round 2,2024-06-23,Ryan Begley,976,Smugglers Notch Disc Golf Center - Brewster Ridge,Brewster Ridge Gold Tees,62,18,3,12:40:00,74,12,910,206,True,False,18,74,True,True,True
76286,2024,MPO,2,675540,55277,55277,930,Round 2,2024-06-23,Nate Reiner,946,Smugglers Notch Disc Golf Center - Brewster Ridge,Brewster Ridge Gold Tees,62,18,3,11:20:00,67,5,962,206,True,False,18,67,True,True,True
76286,2024,MPO,2,675540,184940,184940,941,Round 2,2024-06-23,Jonathan Umel,964,Smugglers Notch Disc Golf Center - Brewster Ridge,Brewster Ridge Gold Tees,62,18,1,11:20:00,70,8,939,209,True,False,18,70,True,True,True
76286,2024,MPO,2,675540,49211,49211,930,Round 2,2024-06-23,Joe Bishop,930,Smugglers Notch Disc Golf Center - Brewster Ridge,Brewster Ridge Gold Tees,62,18,3,11:40:00,71,9,932,217,True,False,18,71,True,True,True
76286,2024,MPO,2,675540,63411,63411,946,Round 2,2024-06-23,Casey Lee,,Smugglers Notch Disc Golf Center - Brewster Ridge,Brewster Ridge Gold Tees,62,18,1,11:50:00,72,10,925,222,True,False,18,72,True,True,True
76286,2024,MPO,2,675540,171355,171355,954,Round 2,2024-06-23,Jacob Theriault,978,Smugglers Notch Disc Golf Center - Brewster Ridge,Brewster Ridge Gold Tees,62,18,2,11:00:00,67,5,962,216,True,False,18,67,True,True,True
76286,2024,MPO,2,675540,134049,134049,956,Round 2,2024-06-23,Christopher Parks,954,Smugglers Notch Disc Golf Center - Brewster Ridge,Brewster Ridge Gold Tees,62,18,4,11:30:00,71,9,932,222,True,False,18,71,True,True,True
76286,2024,MPO,2,675540,161510,161510,911,Round 2,2024-06-23,TJ Rubin,919,Smugglers Notch Disc Golf Center - Brewster Ridge,Brewster Ridge Gold Tees,62,18,1,11:40:00,73,11,917,222,True,False,18,73,True,True,True
76286,2024,MPO,2,675540,96412,96412,945,Round 2,2024-06-23,Benjamin Mondor,957,Smugglers Notch Disc Golf Center - Brewster Ridge,Brewster Ridge Gold Tees,62,18,2,11:10:00,69,7,947,220,True,False,18,69,True,True,True
76286,2024,MPO,2,675540,101829,101829,925,Round 2,2024-06-23,Joshua Storgaard,,Smugglers Notch Disc Golf Center - Brewster Ridge,Brewster Ridge Gold Tees,62,18,4,11:40:00,73,11,917,221,True,False,18,73,True,True,True
76286,2024,MPO,2,675540,85970,85970,953,Round 2,2024-06-23,Ben Drogue,966,Smugglers Notch Disc Golf Center - Brewster Ridge,Brewster Ridge Gold Tees,62,18,2,11:50:00,74,12,910,221,True,False,18,74,True,True,True
76286,2024,MPO,2,675540,94436,94436,924,Round 2,2024-06-23,Joseph Haggett,922,Smugglers Notch Disc Golf Center - Brewster Ridge,Brewster Ridge Gold Tees,62,18,1,11:10:00,70,8,939,,True,False,18,70,True,True,True
76286,2024,MPO,2,675540,126098,126098,929,Round 2,2024-06-23,Will Macduff,893,Smugglers Notch Disc Golf Center - Brewster Ridge,Brewster Ridge Gold Tees,62,18,1,12:00:00,76,14,895,218,True,False,18,76,True,True,True
76286,2024,MPO,2,675540,80359,80359,959,Round 2,2024-06-23,Cody White,985,Smugglers Notch Disc Golf Center - Brewster Ridge,Brewster Ridge Gold Tees,62,18,3,11:00:00,69,7,947,218,True,False,18,69,True,True,True
76286,2024,MPO,2,675540,166112,166112,927,Round 2,2024-06-23,Nykolas Connors,942,Smugglers Notch Disc Golf Center - Brewster Ridge,Brewster Ridge Gold Tees,62,18,4,11:00:00,69,7,947,226,True,False,18,69,True,True,True
76286,2024,MPO,2,675540,101029,101029,947,Round 2,2024-06-23,Daniel Zaleski,920,Smugglers Notch Disc Golf Center - Brewster Ridge,Brewster Ridge Gold Tees,62,18,3,11:10:00,71,9,932,225,True,False,18,71,True,True,True
76286,2024,MPO,2,675540,158855,158855,949,Round 2,2024-06-23,Nicholas Patchen,949,Smugglers Notch Disc Golf Center - Brewster Ridge,Brewster Ridge Gold Tees,62,18,4,12:00:00,78,16,880,,True,False,18,78,True,True,True
76286,2024,MPO,2,675540,65365,65365,941,Round 2,2024-06-23,Adam Harris,933,Smugglers Notch Disc Golf Center - Brewster Ridge,Brewster Ridge Gold Tees,62,18,2,11:20:00,75,13,902,217,True,False,18,75,True,True,True
76286,2024,MPO,2,675540,176526,176526,927,Round 2,2024-06-23,Porter Awad,,Smugglers Notch Disc Golf Center - Brewster Ridge,Brewster Ridge Gold Tees,62,18,4,11:10:00,74,12,910,,True,False,18,74,True,True,True
76286,2024,MPO,2,675540,189129,189129,931,Round 2,2024-06-23,Marc-Alliocha Rudolf,941,Smugglers Notch Disc Golf Center - Brewster Ridge,Brewster Ridge Gold Tees,62,18,4,11:20:00,75,13,902,226,True,False,18,75,True,True,True
76286,2024,MPO,2,675540,282627,282627,,Round 2,2024-06-23,Dana Kirkwood,950,Smugglers Notch Disc Golf Center - Brewster Ridge,Brewster Ridge Gold Tees,62,18,1,10:50:00,73,11,917,217,True,False,18,73,True,True,True
76286,2024,MPO,2,675540,207793,207793,914,Round 2,2024-06-23,Walker White,917,Smugglers Notch Disc Golf Center - Brewster Ridge,Brewster Ridge Gold Tees,62,18,1,11:00:00,75,13,902,233,True,False,18,75,True,True,True
76286,2024,MPO,2,675540,107908,107908,904,Round 2,2024-06-23,Zachary Deraspe,926,Smugglers Notch Disc Golf Center - Brewster Ridge,Brewster Ridge Gold Tees,62,18,3,10:50:00,71,9,932,236,True,False,18,71,True,True,True
76286,2024,MPO,2,675540,74504,74504,929,Round 2,2024-06-23,Tyler Gagnon,919,Smugglers Notch Disc Golf Center - Brewster Ridge,Brewster Ridge Gold Tees,62,18,2,10:50:00,77,15,887,239,True,False,18,77,True,True,True
76286,2024,MPO,3,677296,143853,143853,997,Round 3,2024-06-23,Elijah Rider Brandt,1012,Smugglers Notch Disc Golf Center - Fox Run,Fox Run Meadows Gold Tees Rd3,62,18,2,14:40:00,56,-6,1054,170,True,False,18,56,True,True,True
76286,2024,MPO,3,677296,70741,70741,1002,Round 3,2024-06-23,Mark Chapalonis,,Smugglers Notch Disc Golf Center - Fox Run,Fox Run Meadows Gold Tees Rd3,62,18,1,14:40:00,60,-2,1026,173,True,False,18,60,True,True,True
76286,2024,MPO,3,677296,98161,98161,1003,Round 3,2024-06-23,Justin Rosak,996,Smugglers Notch Disc Golf Center - Fox Run,Fox Run Meadows Gold Tees Rd3,62,18,2,14:20:00,55,-7,1061,174,True,False,18,55,True,True,True
76286,2024,MPO,3,677296,50920,50920,1008,Round 3,2024-06-23,Kyle Moriarty,1017,Smugglers Notch Disc Golf Center - Fox Run,Fox Run Meadows Gold Tees Rd3,62,18,2,14:30:00,57,-5,1047,174,True,False,18,57,True,True,True
76286,2024,MPO,3,677296,89460,89460,997,Round 3,2024-06-23,Wyatt Mahoney,1023,Smugglers Notch Disc Golf Center - Fox Run,Fox Run Meadows Gold Tees Rd3,62,18,4,14:40:00,60,-2,1026,175,True,False,18,60,True,True,True
76286,2024,MPO,3,677296,102040,102040,991,Round 3,2024-06-23,Shane McCullen,1016,Smugglers Notch Disc Golf Center - Fox Run,Fox Run Meadows Gold Tees Rd3,62,18,3,14:30:00,59,-3,1033,176,True,False,18,59,True,True,True
76286,2024,MPO,3,677296,149546,149546,1008,Round 3,2024-06-23,Jesse Longenecker,1024,Smugglers Notch Disc Golf Center - Fox Run,Fox Run Meadows Gold Tees Rd3,62,18,4,14:20:00,57,-5,1047,177,True,False,18,57,True,True,True
76286,2024,MPO,3,677296,90439,90439,1012,Round 3,2024-06-23,Lucas Oberholtzer Hess,1022,Smugglers Notch Disc Golf Center - Fox Run,Fox Run Meadows Gold Tees Rd3,62,18,1,14:30:00,61,-1,1019,177,True,False,18,61,True,True,True
76286,2024,MPO,3,677296,241573,241573,990,Round 3,2024-06-23,Whit Stephenson,998,Smugglers Notch Disc Golf Center - Fox Run,Fox Run Meadows Gold Tees Rd3,62,18,3,14:40:00,63,1,1005,178,True,False,18,63,True,True,True
76286,2024,MPO,3,677296,138103,138103,1001,Round 3,2024-06-23,Matthew Alexander,1007,Smugglers Notch Disc Golf Center - Fox Run,Fox Run Meadows Gold Tees Rd3,62,18,4,14:30:00,61,-1,1019,179,True,False,18,61,True,True,True
76286,2024,MPO,3,677296,129083,129083,943,Round 3,2024-06-23,Riley Douglas,953,Smugglers Notch Disc Golf Center - Fox Run,Fox Run Meadows Gold Tees Rd3,62,18,3,14:10:00,61,-1,1019,181,True,False,18,61,True,True,True
76286,2024,MPO,3,677296,161558,161558,978,Round 3,2024-06-23,Brad Schott,994,Smugglers Notch Disc Golf Center - Fox Run,Fox Run Meadows Gold Tees Rd3,62,18,1,14:10:00,63,1,1005,183,True,False,18,63,True,True,True
76286,2024,MPO,3,677296,94840,94840,984,Round 3,2024-06-23,Josh Ocoin,992,Smugglers Notch Disc Golf Center - Fox Run,Fox Run Meadows Gold Tees Rd3,62,18,1,14:20:00,64,2,998,183,True,False,18,64,True,True,True
76286,2024,MPO,3,677296,181649,181649,979,Round 3,2024-06-23,Hubert Vachon,996,Smugglers Notch Disc Golf Center - Fox Run,Fox Run Meadows Gold Tees Rd3,62,18,2,14:10:00,64,2,998,184,True,False,18,64,True,True,True
76286,2024,MPO,3,677296,81283,81283,982,Round 3,2024-06-23,Ronnie Bennett,968,Smugglers Notch Disc Golf Center - Fox Run,Fox Run Meadows Gold Tees Rd3,62,18,3,14:20:00,65,3,991,184,True,False,18,65,True,True,True
76286,2024,MPO,3,677296,129332,129332,1000,Round 3,2024-06-23,David Fleck,1008,Smugglers Notch Disc Golf Center - Fox Run,Fox Run Meadows Gold Tees Rd3,62,18,1,13:40:00,61,-1,1019,187,True,False,18,61,True,True,True
76286,2024,MPO,3,677296,86844,86844,986,Round 3,2024-06-23,Jared Hill,1018,Smugglers Notch Disc Golf Center - Fox Run,Fox Run Meadows Gold Tees Rd3,62,18,1,14:00:00,64,2,998,187,True,False,18,64,True,True,True
76286,2024,MPO,3,677296,95343,95343,967,Round 3,2024-06-23,Dylan Adjutant,962,Smugglers Notch Disc Golf Center - Fox Run,Fox Run Meadows Gold Tees Rd3,62,18,4,13:30:00,59,-3,1033,188,True,False,18,59,True,True,True
76286,2024,MPO,3,677296,91543,91543,980,Round 3,2024-06-23,Miles Sayer,1013,Smugglers Notch Disc Golf Center - Fox Run,Fox Run Meadows Gold Tees Rd3,62,18,3,14:00:00,64,2,998,188,True,False,18,64,True,True,True
76286,2024,MPO,3,677296,129010,129010,996,Round 3,2024-06-23,Andres Ripley,1014,Smugglers Notch Disc Golf Center - Fox Run,Fox Run Meadows Gold Tees Rd3,62,18,1,13:50:00,64,2,998,189,True,False,18,64,True,True,True
76286,2024,MPO,3,677296,87305,87305,988,Round 3,2024-06-23,Nathaniel DeLisle,991,Smugglers Notch Disc Golf Center - Fox Run,Fox Run Meadows Gold Tees Rd3,62,18,4,14:10:00,66,4,984,189,True,False,18,66,True,True,True
76286,2024,MPO,3,677296,21441,21441,986,Round 3,2024-06-23,Zackary Doyle,999,Smugglers Notch Disc Golf Center - Fox Run,Fox Run Meadows Gold Tees Rd3,62,18,2,13:10:00,61,-1,1019,192,True,False,18,61,True,True,True
76286,2024,MPO,3,677296,169393,169393,948,Round 3,2024-06-23,Aidan Trombley,977,Smugglers Notch Disc Golf Center - Fox Run,Fox Run Meadows Gold Tees Rd3,62,18,4,13:40:00,65,3,991,192,True,False,18,65,True,True,True
76286,2024,MPO,3,677296,142744,142744,960,Round 3,2024-06-23,Abel German,974,Smugglers Notch Disc Golf Center - Fox Run,Fox Run Meadows Gold Tees Rd3,62,18,2,13:30:00,65,3,991,193,True,False,18,65,True,True,True
76286,2024,MPO,3,677296,218407,218407,966,Round 3,2024-06-23,Kyle Denman,948,Smugglers Notch Disc Golf Center - Fox Run,Fox Run Meadows Gold Tees Rd3,62,18,4,13:50:00,68,6,970,193,True,False,18,68,True,True,True
76286,2024,MPO,3,677296,94517,94517,943,Round 3,2024-06-23,Anthony Webb,973,Smugglers Notch Disc Golf Center - Fox Run,Fox Run Meadows Gold Tees Rd3,62,18,2,14:00:00,69,7,963,193,True,False,18,69,True,True,True
76286,2024,MPO,3,677296,47930,47930,989,Round 3,2024-06-23,Nicholas Economos,988,Smugglers Notch Disc Golf Center - Fox Run,Fox Run Meadows Gold Tees Rd3,62,18,2,13:00:00,63,1,1005,194,True,False,18,63,True,True,True
76286,2024,MPO,3,677296,119407,119407,974,Round 3,2024-06-23,Nate Hartmann,969,Smugglers Notch Disc Golf Center - Fox Run,Fox Run Meadows Gold Tees Rd3,62,18,2,13:20:00,65,3,991,194,True,False,18,65,True,True,True
76286,2024,MPO,3,677296,187845,187845,949,Round 3,2024-06-23,Shane Seals,962,Smugglers Notch Disc Golf Center - Fox Run,Fox Run Meadows Gold Tees Rd3,62,18,1,13:30:00,66,4,984,194,True,False,18,66,True,True,True
76286,2024,MPO,3,677296,167837,167837,975,Round 3,2024-06-23,Elijah Garrison,1004,Smugglers Notch Disc Golf Center - Fox Run,Fox Run Meadows Gold Tees Rd3,62,18,2,13:50:00,69,7,963,194,True,False,18,69,True,True,True
76286,2024,MPO,3,677296,210263,210263,965,Round 3,2024-06-23,Kyle Bergmann,972,Smugglers Notch Disc Golf Center - Fox Run,Fox Run Meadows Gold Tees Rd3,62,18,4,14:00:00,70,8,956,194,True,False,18,70,True,True,True
76286,2024,MPO,3,677296,163829,163829,982,Round 3,2024-06-23,Reuben Hagen,982,Smugglers Notch Disc Golf Center - Fox Run,Fox Run Meadows Gold Tees Rd3,62,18,3,12:30:00,61,-1,1019,195,True,False,18,61,True,True,True
76286,2024,MPO,3,677296,145202,145202,987,Round 3,2024-06-23,Owen Rice,999,Smugglers Notch Disc Golf Center - Fox Run,Fox Run Meadows Gold Tees Rd3,62,18,4,13:20:00,65,3,991,195,True,False,18,65,True,True,True
76286,2024,MPO,3,677296,155051,155051,973,Round 3,2024-06-23,James Mallard,974,Smugglers Notch Disc Golf Center - Fox Run,Fox Run Meadows Gold Tees Rd3,62,18,1,13:20:00,67,5,977,196,True,False,18,67,True,True,True
76286,2024,MPO,3,677296,125209,125209,957,Round 3,2024-06-23,Mason Sailer,961,Smugglers Notch Disc Golf Center - Fox Run,Fox Run Meadows Gold Tees Rd3,62,18,3,13:50:00,71,9,949,196,True,False,18,71,True,True,True
76286,2024,MPO,3,677296,47932,47932,972,Round 3,2024-06-23,Stephen Economos,,Smugglers Notch Disc Golf Center - Fox Run,Fox Run Meadows Gold Tees Rd3,62,18,2,12:10:00,61,-1,1019,197,True,False,18,61,True,True,True
76286,2024,MPO,3,677296,69968,69968,982,Round 3,2024-06-23,Samuel Streeter,977,Smugglers Notch Disc Golf Center - Fox Run,Fox Run Meadows Gold Tees Rd3,62,18,3,12:50:00,65,3,991,197,True,False,18,65,True,True,True
76286,2024,MPO,3,677296,77274,77274,969,Round 3,2024-06-23,tom shanley,984,Smugglers Notch Disc Golf Center - Fox Run,Fox Run Meadows Gold Tees Rd3,62,18,3,13:10:00,66,4,984,197,True,False,18,66,True,True,True
76286,2024,MPO,3,677296,103402,103402,972,Round 3,2024-06-23,Alex Vigeant,972,Smugglers Notch Disc Golf Center - Fox Run,Fox Run Meadows Gold Tees Rd3,62,18,3,13:30:00,68,6,970,197,True,False,18,68,True,True,True
76286,2024,MPO,3,677296,120368,120368,969,Round 3,2024-06-23,Joseph Wegman,982,Smugglers Notch Disc Golf Center - Fox Run,Fox Run Meadows Gold Tees Rd3,62,18,3,13:40:00,70,8,956,197,True,False,18,70,True,True,True
76286,2024,MPO,3,677296,56544,56544,990,Round 3,2024-06-23,Samuel Henderson,1012,Smugglers Notch Disc Golf Center - Fox Run,Fox Run Meadows Gold Tees Rd3,62,18,2,13:40:00,71,9,949,197,True,False,18,71,True,True,True
76286,2024,MPO,3,677296,35588,35588,967,Round 3,2024-06-23,Coleman E. Marcus,982,Smugglers Notch Disc Golf Center - Fox Run,Fox Run Meadows Gold Tees Rd3,62,18,1,13:00:00,68,6,970,199,True,False,18,68,True,True,True
76286,2024,MPO,3,677296,68908,68908,983,Round 3,2024-06-23,Jaimen Hume,980,Smugglers Notch Disc Golf Center - Fox Run,Fox Run Meadows Gold Tees Rd3,62,18,1,13:10:00,69,7,963,199,True,False,18,69,True,True,True
76286,2024,MPO,3,677296,142155,142155,962,Round 3,2024-06-23,Thomas Robinson,951,Smugglers Notch Disc Golf Center - Fox Run,Fox Run Meadows Gold Tees Rd3,62,18,1,12:20:00,65,3,991,200,True,False,18,65,True,True,True
76286,2024,MPO,3,677296,99835,99835,986,Round 3,2024-06-23,Conor Dannis,1003,Smugglers Notch Disc Golf Center - Fox Run,Fox Run Meadows Gold Tees Rd3,62,18,4,12:20:00,65,3,991,200,True,False,18,65,True,True,True
76286,2024,MPO,3,677296,178379,178379,961,Round 3,2024-06-23,Tyler Tiede,980,Smugglers Notch Disc Golf Center - Fox Run,Fox Run Meadows Gold Tees Rd3,62,18,1,12:10:00,65,3,991,200,True,False,18,65,True,True,True
76286,2024,MPO,3,677296,108537,108537,980,Round 3,2024-06-23,Julien Quenneville,995,Smugglers Notch Disc Golf Center - Fox Run,Fox Run Meadows Gold Tees Rd3,62,18,2,12:30:00,66,4,984,200,True,False,18,66,True,True,True
76286,2024,MPO,3,677296,157289,157289,943,Round 3,2024-06-23,Alden Slack,975,Smugglers Notch Disc Golf Center - Fox Run,Fox Run Meadows Gold Tees Rd3,62,18,1,12:40:00,67,5,977,200,True,False,18,67,True,True,True
76286,2024,MPO,3,677296,215058,215058,968,Round 3,2024-06-23,Justin Mucelli,973,Smugglers Notch Disc Golf Center - Fox Run,Fox Run Meadows Gold Tees Rd3,62,18,2,12:50:00,68,6,970,200,True,False,18,68,True,True,True
76286,2024,MPO,3,677296,129232,129232,969,Round 3,2024-06-23,Ryan Mooney,957,Smugglers Notch Disc Golf Center - Fox Run,Fox Run Meadows Gold Tees Rd3,62,18,4,12:10:00,67,5,977,203,True,False,18,67,True,True,True
76286,2024,MPO,3,677296,142706,142706,963,Round 3,2024-06-23,Cédric Gilbert,965,Smugglers Notch Disc Golf Center - Fox Run,Fox Run Meadows Gold Tees Rd3,62,18,2,12:20:00,68,6,970,203,True,False,18,68,True,True,True
76286,2024,MPO,3,677296,148801,148801,978,Round 3,2024-06-23,Tucker Kozloski,982,Smugglers Notch Disc Golf Center - Fox Run,Fox Run Meadows Gold Tees Rd3,62,18,4,12:50:00,70,8,956,203,True,False,18,70,True,True,True
76286,2024,MPO,3,677296,131251,131251,979,Round 3,2024-06-23,Troy Yacyshyn,980,Smugglers Notch Disc Golf Center - Fox Run,Fox Run Meadows Gold Tees Rd3,62,18,2,12:00:00,67,5,977,204,True,False,18,67,True,True,True
76286,2024,MPO,3,677296,86338,86338,983,Round 3,2024-06-23,Tyler Blanchet,973,Smugglers Notch Disc Golf Center - Fox Run,Fox Run Meadows Gold Tees Rd3,62,18,1,12:00:00,68,6,970,204,True,False,18,68,True,True,True
76286,2024,MPO,3,677296,75861,75861,969,Round 3,2024-06-23,Charlie Veysey,978,Smugglers Notch Disc Golf Center - Fox Run,Fox Run Meadows Gold Tees Rd3,62,18,1,12:30:00,70,8,956,204,True,False,18,70,True,True,True
76286,2024,MPO,3,677296,187533,187533,978,Round 3,2024-06-23,Duncan Farquharson,990,Smugglers Notch Disc Golf Center - Fox Run,Fox Run Meadows Gold Tees Rd3,62,18,4,13:00:00,72,10,942,204,True,False,18,72,True,True,True
76286,2024,MPO,3,677296,93401,93401,965,Round 3,2024-06-23,Jeffrey Russell,945,Smugglers Notch Disc Golf Center - Fox Run,Fox Run Meadows Gold Tees Rd3,62,18,4,13:10:00,73,11,935,204,True,False,18,73,True,True,True
76286,2024,MPO,3,677296,168321,168321,981,Round 3,2024-06-23,Kyle Hirsch,992,Smugglers Notch Disc Golf Center - Fox Run,Fox Run Meadows Gold Tees Rd3,62,18,3,13:20:00,75,13,921,204,True,False,18,75,True,True,True
76286,2024,MPO,3,677296,168353,168353,950,Round 3,2024-06-23,Aaron Albert,943,Smugglers Notch Disc Golf Center - Fox Run,Fox Run Meadows Gold Tees Rd3,62,18,3,12:00:00,68,6,970,205,True,False,18,68,True,True,True
76286,2024,MPO,3,677296,71388,71388,960,Round 3,2024-06-23,Jamie White,954,Smugglers Notch Disc Golf Center - Fox Run,Fox Run Meadows Gold Tees Rd3,62,18,4,12:30:00,70,8,956,205,True,False,18,70,True,True,True
76286,2024,MPO,3,677296,130868,130868,989,Round 3,2024-06-23,Remington Gaetjens,982,Smugglers Notch Disc Golf Center - Fox Run,Fox Run Meadows Gold Tees Rd3,62,18,3,12:20:00,70,8,956,205,True,False,18,70,True,True,True
76286,2024,MPO,3,677296,55277,55277,930,Round 3,2024-06-23,Nate Reiner,946,Smugglers Notch Disc Golf Center - Fox Run,Fox Run Meadows Gold Tees Rd3,62,18,1,11:20:00,63,1,1005,206,True,False,18,63,True,True,True
76286,2024,MPO,3,677296,84923,84923,956,Round 3,2024-06-23,Ryan Begley,976,Smugglers Notch Disc Golf Center - Fox Run,Fox Run Meadows Gold Tees Rd3,62,18,4,11:30:00,64,2,998,206,True,False,18,64,True,True,True
76286,2024,MPO,3,677296,260910,260910,932,Round 3,2024-06-23,Kenny Lapke,933,Smugglers Notch Disc Golf Center - Fox Run,Fox Run Meadows Gold Tees Rd3,62,18,3,12:40:00,72,10,942,206,True,False,18,72,True,True,True
76286,2024,MPO,3,677296,117124,117124,953,Round 3,2024-06-23,Dean Squires Jr,970,Smugglers Notch Disc Golf Center - Fox Run,Fox Run Meadows Gold Tees Rd3,62,18,4,12:40:00,72,10,942,206,True,False,18,72,True,True,True
76286,2024,MPO,3,677296,203954,203954,965,Round 3,2024-06-23,Issiac Christiansen,978,Smugglers Notch Disc Golf Center - Fox Run,Fox Run Meadows Gold Tees Rd3,62,18,2,12:40:00,73,11,935,206,True,False,18,73,True,True,True
76286,2024,MPO,3,677296,110582,110582,952,Round 3,2024-06-23,Corey Cook,973,Smugglers Notch Disc Golf Center - Fox Run,Fox Run Meadows Gold Tees Rd3,62,18,3,13:00:00,74,12,928,206,True,False,18,74,True,True,True
76286,2024,MPO,3,677296,98364,98364,984,Round 3,2024-06-23,Keith Sykes,985,Smugglers Notch Disc Golf Center - Fox Run,Fox Run Meadows Gold Tees Rd3,62,18,3,11:50:00,69,7,963,208,True,False,18,69,True,True,True
76286,2024,MPO,3,677296,141999,141999,954,Round 3,2024-06-23,David Koch,955,Smugglers Notch Disc Golf Center - Fox Run,Fox Run Meadows Gold Tees Rd3,62,18,1,11:50:00,71,9,949,208,True,False,18,71,True,True,True
76286,2024,MPO,3,677296,184940,184940,941,Round 3,2024-06-23,Jonathan Umel,964,Smugglers Notch Disc Golf Center - Fox Run,Fox Run Meadows Gold Tees Rd3,62,18,2,11:20:00,65,3,991,209,True,False,18,65,True,True,True
76286,2024,MPO,3,677296,139162,139162,954,Round 3,2024-06-23,Aaron LeBlanc,,Smugglers Notch Disc Golf Center - Fox Run,Fox Run Meadows Gold Tees Rd3,62,18,2,11:30:00,67,5,977,209,True,False,18,67,True,True,True
76286,2024,MPO,3,677296,59612,59612,963,Round 3,2024-06-23,Matt Kobel,982,Smugglers Notch Disc Golf Center - Fox Run,Fox Run Meadows Gold Tees Rd3,62,18,3,11:40:00,69,7,963,209,True,False,18,69,True,True,True
76286,2024,MPO,3,677296,100885,100885,961,Round 3,2024-06-23,Jacob Moore,945,Smugglers Notch Disc Golf Center - Fox Run,Fox Run Meadows Gold Tees Rd3,62,18,2,11:40:00,70,8,956,210,True,False,18,70,True,True,True
76286,2024,MPO,3,677296,130874,130874,949,Round 3,2024-06-23,Chris Rydel,942,Smugglers Notch Disc Golf Center - Fox Run,Fox Run Meadows Gold Tees Rd3,62,18,3,12:10:00,74,12,928,210,True,False,18,74,True,True,True
76286,2024,MPO,3,677296,180664,180664,961,Round 3,2024-06-23,Carson Deeds,973,Smugglers Notch Disc Golf Center - Fox Run,Fox Run Meadows Gold Tees Rd3,62,18,1,12:50:00,78,16,900,210,True,False,18,78,True,True,True
76286,2024,MPO,3,677296,94450,94450,968,Round 3,2024-06-23,Brendan Rollins,958,Smugglers Notch Disc Golf Center - Fox Run,Fox Run Meadows Gold Tees Rd3,62,18,4,12:00:00,74,12,928,211,True,False,18,74,True,True,True
76286,2024,MPO,3,677296,71688,71688,924,Round 3,2024-06-23,Collin Pope,889,Smugglers Notch Disc Golf Center - Fox Run,Fox Run Meadows Gold Tees Rd3,62,18,3,11:30:00,70,8,956,212,True,False,18,70,True,True,True
76286,2024,MPO,3,677296,102253,102253,951,Round 3,2024-06-23,Lucas Mendez,972,Smugglers Notch Disc Golf Center - Fox Run,Fox Run Meadows Gold Tees Rd3,62,18,1,11:30:00,71,9,949,213,True,False,18,71,True,True,True
76286,2024,MPO,3,677296,150926,150926,948,Round 3,2024-06-23,Chris Bourque,967,Smugglers Notch Disc Golf Center - Fox Run,Fox Run Meadows Gold Tees Rd3,62,18,2,11:50:00,76,14,914,214,True,False,18,76,True,True,True
76286,2024,MPO,3,677296,171355,171355,954,Round 3,2024-06-23,Jacob Theriault,978,Smugglers Notch Disc Golf Center - Fox Run,Fox Run Meadows Gold Tees Rd3,62,18,1,11:10:00,71,9,949,216,True,False,18,71,True,True,True
76286,2024,MPO,3,677296,282627,282627,,Round 3,2024-06-23,Dana Kirkwood,950,Smugglers Notch Disc Golf Center - Fox Run,Fox Run Meadows Gold Tees Rd3,62,18,3,10:40:00,65,3,991,217,True,False,18,65,True,True,True
76286,2024,MPO,3,677296,65365,65365,941,Round 3,2024-06-23,Adam Harris,933,Smugglers Notch Disc Golf Center - Fox Run,Fox Run Meadows Gold Tees Rd3,62,18,1,10:40:00,67,5,977,217,True,False,18,67,True,True,True
76286,2024,MPO,3,677296,49211,49211,930,Round 3,2024-06-23,Joe Bishop,930,Smugglers Notch Disc Golf Center - Fox Run,Fox Run Meadows Gold Tees Rd3,62,18,3,11:20:00,73,11,935,217,True,False,18,73,True,True,True
76286,2024,MPO,3,677296,80359,80359,959,Round 3,2024-06-23,Cody White,985,Smugglers Notch Disc Golf Center - Fox Run,Fox Run Meadows Gold Tees Rd3,62,18,1,10:50:00,70,8,956,218,True,False,18,70,True,True,True
76286,2024,MPO,3,677296,126098,126098,929,Round 3,2024-06-23,Will Macduff,893,Smugglers Notch Disc Golf Center - Fox Run,Fox Run Meadows Gold Tees Rd3,62,18,3,11:00:00,71,9,949,218,True,False,18,71,True,True,True
76286,2024,MPO,3,677296,96412,96412,945,Round 3,2024-06-23,Benjamin Mondor,957,Smugglers Notch Disc Golf Center - Fox Run,Fox Run Meadows Gold Tees Rd3,62,18,4,11:10:00,74,12,928,220,True,False,18,74,True,True,True
76286,2024,MPO,3,677296,101829,101829,925,Round 3,2024-06-23,Joshua Storgaard,,Smugglers Notch Disc Golf Center - Fox Run,Fox Run Meadows Gold Tees Rd3,62,18,1,11:00:00,75,13,921,221,True,False,18,75,True,True,True
76286,2024,MPO,3,677296,85970,85970,953,Round 3,2024-06-23,Ben Drogue,966,Smugglers Notch Disc Golf Center - Fox Run,Fox Run Meadows Gold Tees Rd3,62,18,2,11:00:00,75,13,921,221,True,False,18,75,True,True,True
76286,2024,MPO,3,677296,134049,134049,956,Round 3,2024-06-23,Christopher Parks,954,Smugglers Notch Disc Golf Center - Fox Run,Fox Run Meadows Gold Tees Rd3,62,18,2,11:10:00,77,15,907,222,True,False,18,77,True,True,True
76286,2024,MPO,3,677296,161510,161510,911,Round 3,2024-06-23,TJ Rubin,919,Smugglers Notch Disc Golf Center - Fox Run,Fox Run Meadows Gold Tees Rd3,62,18,3,11:10:00,77,15,907,222,True,False,18,77,True,True,True
76286,2024,MPO,3,677296,63411,63411,946,Round 3,2024-06-23,Casey Lee,,Smugglers Notch Disc Golf Center - Fox Run,Fox Run Meadows Gold Tees Rd3,62,18,4,11:20:00,78,16,900,222,True,False,18,78,True,True,True
76286,2024,MPO,3,677296,241718,241718,926,Round 3,2024-06-23,Gianni DeMasco,943,Smugglers Notch Disc Golf Center - Fox Run,Fox Run Meadows Gold Tees Rd3,62,18,1,11:40:00,83,21,865,222,True,False,18,83,True,True,True
76286,2024,MPO,3,677296,101029,101029,947,Round 3,2024-06-23,Daniel Zaleski,920,Smugglers Notch Disc Golf Center - Fox Run,Fox Run Meadows Gold Tees Rd3,62,18,3,10:50:00,77,15,907,225,True,False,18,77,True,True,True
76286,2024,MPO,3,677296,189129,189129,931,Round 3,2024-06-23,Marc-Alliocha Rudolf,941,Smugglers Notch Disc Golf Center - Fox Run,Fox Run Meadows Gold Tees Rd3,62,18,2,10:40:00,75,13,921,226,True,False,18,75,True,True,True
76286,2024,MPO,3,677296,166112,166112,927,Round 3,2024-06-23,Nykolas Connors,942,Smugglers Notch Disc Golf Center - Fox Run,Fox Run Meadows Gold Tees Rd3,62,18,2,10:50:00,78,16,900,226,True,False,18,78,True,True,True
76286,2024,MPO,3,677296,207793,207793,914,Round 3,2024-06-23,Walker White,917,Smugglers Notch Disc Golf Center - Fox Run,Fox Run Meadows Gold Tees Rd3,62,18,1,10:30:00,81,19,879,233,True,False,18,81,True,True,True
76286,2024,MPO,3,677296,107908,107908,904,Round 3,2024-06-23,Zachary Deraspe,926,Smugglers Notch Disc Golf Center - Fox Run,Fox Run Meadows Gold Tees Rd3,62,18,2,10:30:00,83,21,865,236,True,False,18,83,True,True,True
76286,2024,MPO,3,677296,74504,74504,929,Round 3,2024-06-23,Tyler Gagnon,919,Smugglers Notch Disc Golf Center - Fox Run,Fox Run Meadows Gold Tees Rd3,62,18,3,10:30:00,81,19,879,239,True,False,18,81,True,True,True
76286,2024,MPO,3,677296,104020,104020,946,Round 3,2024-06-23,Vaughn Hultgren,936,Smugglers Notch Disc Golf Center - Fox Run,Fox Run Meadows Gold Tees Rd3,62,18,2,11:50:00,60,937,,,True,False,15,60,False,True,False
76286,2024,MPO,3,677296,73774,73774,931,Round 3,2024-06-23,Phil Lerch Denoncourt,924,Smugglers Notch Disc Golf Center - Fox Run,Fox Run Meadows Gold Tees Rd3,62,18,4,11:40:00,37,937,,,True,False,9,37,False,True,False
76286,2024,MPO,3,677296,94436,94436,924,Round 3,2024-06-23,Joseph Haggett,922,Smugglers Notch Disc Golf Center - Fox Run,Fox Run Meadows Gold Tees Rd3,62,18,3,11:00:00,,,,,True,True,0,,False,False,False
76286,2024,MPO,3,677296,158855,158855,949,Round 3,2024-06-23,Nicholas Patchen,949,Smugglers Notch Disc Golf Center - Fox Run,Fox Run Meadows Gold Tees Rd3,62,18,4,10:50:00,,,,,True,True,0,,False,False,False
76286,2024,MPO,3,677296,176526,176526,927,Round 3,2024-06-23,Porter Awad,,Smugglers Notch Disc Golf Center - Fox Run,Fox Run Meadows Gold Tees Rd3,62,18,,,,,,,True,True,0,,False,False,False
78661,2024,FA3,1,677277,278389,278389,643,Round 1,2024-07-07,Jessica Davenport,766,Sugarbush - Base Course,White Tees,59,18,4,,62,3,733,126,True,False,18,62,True,True,True
78661,2024,FA3,1,677277,277475,277475,689,Round 1,2024-07-07,Erin Rice,727,Sugarbush - Base Course,White Tees,59,18,5,,74,15,567,142,True,False,18,74,True,True,True
78661,2024,FA3,2,677277,278389,278389,643,Round 2,2024-07-07,Jessica Davenport,766,Sugarbush - Base Course,White Tees,59,18,2,02:00:00,64,5,705,126,True,False,18,64,True,True,True
78661,2024,FA3,2,677277,277475,277475,689,Round 2,2024-07-07,Erin Rice,727,Sugarbush - Base Course,White Tees,59,18,5,02:00:00,68,9,650,142,True,False,18,68,True,True,True
78661,2024,FA40,1,677277,name:jamie winny,,,Round 1,2024-07-07,Jamie Winny,,Sugarbush - Base Course,White Tees,59,18,3,,65,6,691,130,True,False,18,65,True,True,True
78661,2024,FA40,1,677277,268005,268005,597,Round 1,2024-07-07,Heather Wiles,,Sugarbush - Base Course,White Tees,59,18,4,,72,13,595,146,True,False,18,72,True,True,True
78661,2024,FA40,2,677277,name:jamie winny,,,Round 2,2024-07-07,Jamie Winny,,Sugarbush - Base Course,White Tees,59,18,2,02:00:00,65,6,691,130,True,False,18,65,True,True,True
78661,2024,FA40,2,677277,268005,268005,597,Round 2,2024-07-07,Heather Wiles,,Sugarbush - Base Course,White Tees,59,18,3,02:00:00,74,15,567,146,True,False,18,74,True,True,True
78661,2024,FPO,1,677226,122613,122613,864,Round 1,2024-07-07,Kelly Heslin,889,Sugarbush - Base Course,Blue Tees,59,18,4,,58,-1,908,120,True,False,18,58,True,True,True
78661,2024,FPO,1,677226,174640,174640,865,Round 1,2024-07-07,Maureen McGuinness,,Sugarbush - Base Course,Blue Tees,59,18,5,,65,6,834,131,True,False,18,65,True,True,True
78661,2024,FPO,2,677226,122613,122613,864,Round 2,2024-07-07,Kelly Heslin,889,Sugarbush - Base Course,Blue Tees,59,18,1,02:00:00,62,3,866,120,True,False,18,62,True,True,True
78661,2024,FPO,2,677226,174640,174640,865,Round 2,2024-07-07,Maureen McGuinness,,Sugarbush - Base Course,Blue Tees,59,18,3,02:00:00,66,7,824,131,True,False,18,66,True,True,True
78661,2024,MA1,1,677226,114660,114660,950,Round 1,2024-07-07,Scott Thomas,942,Sugarbush - Base Course,Blue Tees,59,18,1,,50,-9,992,106,True,False,18,50,True,True,True
78661,2024,MA1,1,677226,89829,89829,916,Round 1,2024-07-07,Garrett Washburn,923,Sugarbush - Base Course,Blue Tees,59,18,1,,51,-8,982,104,True,False,18,51,True,True,True
78661,2024,MA1,1,677226,174300,174300,938,Round 1,2024-07-07,Kevin Hoercher,,Sugarbush - Base Course,Blue Tees,59,18,5,,53,-6,961,110,True,False,18,53,True,True,True
78661,2024,MA1,1,677226,173058,173058,936,Round 1,2024-07-07,Brandon Allaire,950,Sugarbush - Base Course,Blue Tees,59,18,3,,54,-5,950,109,True,False,18,54,True,True,True
78661,2024,MA1,1,677226,110707,110707,934,Round 1,2024-07-07,Jason Wilson,927,Sugarbush - Base Course,Blue Tees,59,18,4,,55,-4,940,111,True,False,18,55,True,True,True
78661,2024,MA1,1,677226,240494,240494,922,Round 1,2024-07-07,Derrek Eckhardt,919,Sugarbush - Base Course,Blue Tees,59,18,5,,57,-2,918,116,True,False,18,57,True,True,True
78661,2024,MA1,1,677226,174646,174646,877,Round 1,2024-07-07,David Oppenheimer,,Sugarbush - Base Course,Blue Tees,59,18,4,,58,-1,908,112,True,False,18,58,True,True,True
78661,2024,MA1,1,677226,210862,210862,912,Round 1,2024-07-07,Bob Kelly,,Sugarbush - Base Course,Blue Tees,59,18,3,,59,0,897,120,True,False,18,59,True,True,True
78661,2024,MA1,1,677226,219307,219307,897,Round 1,2024-07-07,Everett Secor,935,Sugarbush - Base Course,Blue Tees,59,18,4,,59,0,897,113,True,False,18,59,True,True,True
78661,2024,MA1,1,677226,119637,119637,891,Round 1,2024-07-07,Trevor Kenealy,905,Sugarbush - Base Course,Blue Tees,59,18,2,,62,3,866,119,True,False,18,62,True,True,True
78661,2024,MA1,1,677226,239437,239437,725,Round 1,2024-07-07,Simon Bethune,830,Sugarbush - Base Course,Blue Tees,59,18,2,,73,14,750,143,True,False,18,73,True,True,True
78661,2024,MA1,2,677226,89829,89829,916,Round 2,2024-07-07,Garrett Washburn,923,Sugarbush - Base Course,Blue Tees,59,18,2,02:00:00,53,-6,961,104,True,False,18,53,True,True,True
78661,2024,MA1,2,677226,114660,114660,950,Round 2,2024-07-07,Scott Thomas,942,Sugarbush - Base Course,Blue Tees,59,18,1,02:00:00,56,-3,929,106,True,False,18,56,True,True,True
78661,2024,MA1,2,677226,173058,173058,936,Round 2,2024-07-07,Brandon Allaire,950,Sugarbush - Base Course,Blue Tees,59,18,4,02:00:00,55,-4,940,109,True,False,18,55,True,True,True
78661,2024,MA1,2,677226,174300,174300,938,Round 2,2024-07-07,Kevin Hoercher,,Sugarbush - Base Course,Blue Tees,59,18,3,02:00:00,57,-2,918,110,True,False,18,57,True,True,True
78661,2024,MA1,2,677226,110707,110707,934,Round 2,2024-07-07,Jason Wilson,927,Sugarbush - Base Course,Blue Tees,59,18,5,02:00:00,56,-3,929,111,True,False,18,56,True,True,True
78661,2024,MA1,2,677226,174646,174646,877,Round 2,2024-07-07,David Oppenheimer,,Sugarbush - Base Course,Blue Tees,59,18,2,02:00:00,54,-5,950,112,True,False,18,54,True,True,True
78661,2024,MA1,2,677226,219307,219307,897,Round 2,2024-07-07,Everett Secor,935,Sugarbush - Base Course,Blue Tees,59,18,4,02:00:00,54,-5,950,113,True,False,18,54,True,True,True
78661,2024,MA1,2,677226,240494,240494,922,Round 2,2024-07-07,Derrek Eckhardt,919,Sugarbush - Base Course,Blue Tees,59,18,1,02:00:00,59,0,897,116,True,False,18,59,True,True,True
78661,2024,MA1,2,677226,119637,119637,891,Round 2,2024-07-07,Trevor Kenealy,905,Sugarbush - Base Course,Blue Tees,59,18,5,02:00:00,57,-2,918,119,True,False,18,57,True,True,True
78661,2024,MA1,2,677226,210862,210862,912,Round 2,2024-07-07,Bob Kelly,,Sugarbush - Base Course,Blue Tees,59,18,3,02:00:00,61,2,876,120,True,False,18,61,True,True,True
78661,2024,MA1,2,677226,239437,239437,725,Round 2,2024-07-07,Simon Bethune,830,Sugarbush - Base Course,Blue Tees,59,18,4,02:00:00,70,11,781,143,True,False,18,70,True,True,True
78661,2024,MA2,1,677226,152276,152276,894,Round 1,2024-07-07,Alex Williams,957,Sugarbush - Base Course,Blue Tees,59,18,1,,53,-6,961,114,True,False,18,53,True,True,True
78661,2024,MA2,1,677226,159224,159224,907,Round 1,2024-07-07,Bryce McKim,,Sugarbush - Base Course,Blue Tees,59,18,2,,55,-4,940,108,True,False,18,55,True,True,True
78661,2024,MA2,1,677226,278390,278390,901,Round 1,2024-07-07,Edward Blow,,Sugarbush - Base Course,Blue Tees,59,18,5,,55,-4,940,111,True,False,18,55,True,True,True
78661,2024,MA2,1,677226,256730,256730,871,Round 1,2024-07-07,Derek Wolfe,,Sugarbush - Base Course,Blue Tees,59,18,5,,57,-2,918,119,True,False,18,57,True,True,True
78661,2024,MA2,1,677226,259714,259714,856,Round 1,2024-07-07,Reece Cronin,,Sugarbush - Base Course,Blue Tees,59,18,3,,57,-2,918,125,True,False,18,57,True,True,True
78661,2024,MA2,1,677226,259718,259718,867,Round 1,2024-07-07,Kamden Cox,906,Sugarbush - Base Course,Blue Tees,59,18,1,,57,-2,918,116,True,False,18,57,True,True,True
78661,2024,MA2,1,677226,212714,212714,868,Round 1,2024-07-07,Rocco Ceci,879,Sugarbush - Base Course,Blue Tees,59,18,4,,58,-1,908,126,True,False,18,58,True,True,True
78661,2024,MA2,1,677226,221157,221157,888,Round 1,2024-07-07,Dylan Slick,915,Sugarbush - Base Course,Blue Tees,59,18,2,,58,-1,908,117,True,False,18,58,True,True,True
78661,2024,MA2,1,677226,213224,213224,897,Round 1,2024-07-07,Justin Griswold,914,Sugarbush - Base Course,Blue Tees,59,18,2,,59,0,897,116,True,False,18,59,True,True,True
78661,2024,MA2,1,677226,name:connor gross,,,Round 1,2024-07-07,Connor Gross,,Sugarbush - Base Course,Blue Tees,59,18,4,,59,0,897,122,True,False,18,59,True,True,True
78661,2024,MA2,1,677226,166633,166633,872,Round 1,2024-07-07,Joshua Martin,,Sugarbush - Base Course,Blue Tees,59,18,3,,60,1,887,121,True,False,18,60,True,True,True
78661,2024,MA2,1,677226,235035,235035,874,Round 1,2024-07-07,Paul Seyler,908,Sugarbush - Base Course,Blue Tees,59,18,3,,60,1,887,123,True,False,18,60,True,True,True
78661,2024,MA2,1,677226,270720,270720,875,Round 1,2024-07-07,Justin Silva,,Sugarbush - Base Course,Blue Tees,59,18,4,,60,1,887,124,True,False,18,60,True,True,True
78661,2024,MA2,1,677226,278286,278286,899,Round 1,2024-07-07,Trevor Hazelton,949,Sugarbush - Base Course,Blue Tees,59,18,2,,60,1,887,115,True,False,18,60,True,True,True
78661,2024,MA2,1,677226,157999,157999,808,Round 1,2024-07-07,Tom Harris,,Sugarbush - Base Course,Blue Tees,59,18,1,,61,2,876,127,True,False,18,61,True,True,True
78661,2024,MA2,1,677226,256331,256331,868,Round 1,2024-07-07,Darren Dever,,Sugarbush - Base Course,Blue Tees,59,18,4,,61,2,876,123,True,False,18,61,True,True,True
78661,2024,MA2,1,677226,63896,63896,885,Round 1,2024-07-07,Ross King,899,Sugarbush - Base Course,Blue Tees,59,18,1,,62,3,866,128,True,False,18,62,True,True,True
78661,2024,MA2,1,677226,286623,286623,913,Round 1,2024-07-07,Ethan Santor,916,Sugarbush - Base Course,Blue Tees,59,18,3,,63,4,855,124,True,False,18,63,True,True,True
78661,2024,MA2,1,677226,166639,166639,866,Round 1,2024-07-07,Ryan Sweeney,883,Sugarbush - Base Course,Blue Tees,59,18,1,,64,5,845,128,True,False,18,64,True,True,True
78661,2024,MA2,1,677226,278541,278541,871,Round 1,2024-07-07,Carter Langevin,,Sugarbush - Base Course,Blue Tees,59,18,4,,64,5,845,124,True,False,18,64,True,True,True
78661,2024,MA2,1,677226,287102,287102,864,Round 1,2024-07-07,Ethan Robie,919,Sugarbush - Base Course,Blue Tees,59,18,5,,64,5,845,125,True,False,18,64,True,True,True
78661,2024,MA2,1,677226,166636,166636,863,Round 1,2024-07-07,Warren Bombardier,888,Sugarbush - Base Course,Blue Tees,59,18,2,,65,6,834,127,True,False,18,65,True,True,True
78661,2024,MA2,1,677226,50816,50816,865,Round 1,2024-07-07,Tristan Whitehouse,,Sugarbush - Base Course,Blue Tees,59,18,3,,66,7,824,129,True,False,18,66,True,True,True
78661,2024,MA2,1,677226,285906,285906,773,Round 1,2024-07-07,Charles Whittemore,854,Sugarbush - Base Course,Blue Tees,59,18,5,,66,7,824,128,True,False,18,66,True,True,True
78661,2024,MA2,2,677226,159224,159224,907,Round 2,2024-07-07,Bryce McKim,,Sugarbush - Base Course,Blue Tees,59,18,2,02:00:00,53,-6,961,108,True,False,18,53,True,True,True
78661,2024,MA2,2,677226,278390,278390,901,Round 2,2024-07-07,Edward Blow,,Sugarbush - Base Course,Blue Tees,59,18,3,02:00:00,56,-3,929,111,True,False,18,56,True,True,True
78661,2024,MA2,2,677226,152276,152276,894,Round 2,2024-07-07,Alex Williams,957,Sugarbush - Base Course,Blue Tees,59,18,1,02:00:00,61,2,876,114,True,False,18,61,True,True,True
78661,2024,MA2,2,677226,278286,278286,899,Round 2,2024-07-07,Trevor Hazelton,949,Sugarbush - Base Course,Blue Tees,59,18,5,02:00:00,55,-4,940,115,True,False,18,55,True,True,True
78661,2024,MA2,2,677226,213224,213224,897,Round 2,2024-07-07,Justin Griswold,914,Sugarbush - Base Course,Blue Tees,59,18,5,02:00:00,57,-2,918,116,True,False,18,57,True,True,True
78661,2024,MA2,2,677226,259718,259718,867,Round 2,2024-07-07,Kamden Cox,906,Sugarbush - Base Course,Blue Tees,59,18,2,02:00:00,59,0,897,116,True,False,18,59,True,True,True
78661,2024,MA2,2,677226,221157,221157,888,Round 2,2024-07-07,Dylan Slick,915,Sugarbush - Base Course,Blue Tees,59,18,4,02:00:00,59,0,897,117,True,False,18,59,True,True,True
78661,2024,MA2,2,677226,256730,256730,871,Round 2,2024-07-07,Derek Wolfe,,Sugarbush - Base Course,Blue Tees,59,18,4,02:00:00,62,3,866,119,True,False,18,62,True,True,True
78661,2024,MA2,2,677226,166633,166633,872,Round 2,2024-07-07,Joshua Martin,,Sugarbush - Base Course,Blue Tees,59,18,2,02:00:00,61,2,876,121,True,False,18,61,True,True,True
78661,2024,MA2,2,677226,name:connor gross,,,Round 2,2024-07-07,Connor Gross,,Sugarbush - Base Course,Blue Tees,59,18,1,02:00:00,63,4,855,122,True,False,18,63,True,True,True
78661,2024,MA2,2,677226,256331,256331,868,Round 2,2024-07-07,Darren Dever,,Sugarbush - Base Course,Blue Tees,59,18,2,02:00:00,62,3,866,123,True,False,18,62,True,True,True
78661,2024,MA2,2,677226,235035,235035,874,Round 2,2024-07-07,Paul Seyler,908,Sugarbush - Base Course,Blue Tees,59,18,3,02:00:00,63,4,855,123,True,False,18,63,True,True,True
78661,2024,MA2,2,677226,278541,278541,871,Round 2,2024-07-07,Carter Langevin,,Sugarbush - Base Course,Blue Tees,59,18,1,02:00:00,60,1,887,124,True,False,18,60,True,True,True
78661,2024,MA2,2,677226,286623,286623,913,Round 2,2024-07-07,Ethan Santor,916,Sugarbush - Base Course,Blue Tees,59,18,4,02:00:00,61,2,876,124,True,False,18,61,True,True,True
78661,2024,MA2,2,677226,270720,270720,875,Round 2,2024-07-07,Justin Silva,,Sugarbush - Base Course,Blue Tees,59,18,4,02:00:00,64,5,845,124,True,False,18,64,True,True,True
78661,2024,MA2,2,677226,287102,287102,864,Round 2,2024-07-07,Ethan Robie,919,Sugarbush - Base Course,Blue Tees,59,18,2,02:00:00,61,2,876,125,True,False,18,61,True,True,True
78661,2024,MA2,2,677226,259714,259714,856,Round 2,2024-07-07,Reece Cronin,,Sugarbush - Base Course,Blue Tees,59,18,1,02:00:00,68,9,803,125,True,False,18,68,True,True,True
78661,2024,MA2,2,677226,212714,212714,868,Round 2,2024-07-07,Rocco Ceci,879,Sugarbush - Base Course,Blue Tees,59,18,3,02:00:00,68,9,803,126,True,False,18,68,True,True,True
78661,2024,MA2,2,677226,166636,166636,863,Round 2,2024-07-07,Warren Bombardier,888,Sugarbush - Base Course,Blue Tees,59,18,3,02:00:00,62,3,866,127,True,False,18,62,True,True,True
78661,2024,MA2,2,677226,157999,157999,808,Round 2,2024-07-07,Tom Harris,,Sugarbush - Base Course,Blue Tees,59,18,1,02:00:00,66,7,824,127,True,False,18,66,True,True,True
78661,2024,MA2,2,677226,285906,285906,773,Round 2,2024-07-07,Charles Whittemore,854,Sugarbush - Base Course,Blue Tees,59,18,5,02:00:00,62,3,866,128,True,False,18,62,True,True,True
78661,2024,MA2,2,677226,166639,166639,866,Round 2,2024-07-07,Ryan Sweeney,883,Sugarbush - Base Course,Blue Tees,59,18,5,02:00:00,64,5,845,128,True,False,18,64,True,True,True
78661,2024,MA2,2,677226,63896,63896,885,Round 2,2024-07-07,Ross King,899,Sugarbush - Base Course,Blue Tees,59,18,3,02:00:00,66,7,824,128,True,False,18,66,True,True,True
78661,2024,MA2,2,677226,50816,50816,865,Round 2,2024-07-07,Tristan Whitehouse,,Sugarbush - Base Course,Blue Tees,59,18,4,02:00:00,63,4,855,129,True,False,18,63,True,True,True
78661,2024,MA3,1,677277,140404,140404,823,Round 1,2024-07-07,Michael Perry,,Sugarbush - Base Course,White Tees,59,18,3,,52,-7,871,103,True,False,18,52,True,True,True
78661,2024,MA3,1,677277,202948,202948,820,Round 1,2024-07-07,Nicholas Morrissey,849,Sugarbush - Base Course,White Tees,59,18,1,,53,-6,857,103,True,False,18,53,True,True,True
78661,2024,MA3,1,677277,239719,239719,849,Round 1,2024-07-07,Thane Griswold,820,Sugarbush - Base Course,White Tees,59,18,5,,53,-6,857,107,True,False,18,53,True,True,True
78661,2024,MA3,1,677277,266150,266150,805,Round 1,2024-07-07,James Sheehan,864,Sugarbush - Base Course,White Tees,59,18,1,,53,-6,857,104,True,False,18,53,True,True,True
78661,2024,MA3,1,677277,289306,289306,,Round 1,2024-07-07,Jonathan Smith,921,Sugarbush - Base Course,White Tees,59,18,3,,53,-6,857,106,True,False,18,53,True,True,True
78661,2024,MA3,1,677277,273934,273934,863,Round 1,2024-07-07,Tony Morse,,Sugarbush - Base Course,White Tees,59,18,2,,55,-4,830,110,True,False,18,55,True,True,True
78661,2024,MA3,1,677277,286641,286641,,Round 1,2024-07-07,Matthew Lanctot,837,Sugarbush - Base Course,White Tees,59,18,5,,55,-4,830,116,True,False,18,55,True,True,True
78661,2024,MA3,1,677277,248621,248621,774,Round 1,2024-07-07,Sean McGurn,,Sugarbush - Base Course,White Tees,59,18,3,,56,-3,816,115,True,False,18,56,True,True,True
78661,2024,MA3,1,677277,262630,262630,774,Round 1,2024-07-07,Lucas Van Vught,,Sugarbush - Base Course,White Tees,59,18,2,,56,-3,816,109,True,False,18,56,True,True,True
78661,2024,MA3,1,677277,211434,211434,784,Round 1,2024-07-07,Thomas Bousquet,798,Sugarbush - Base Course,White Tees,59,18,1,,59,0,774,115,True,False,18,59,True,True,True
78661,2024,MA3,1,677277,259624,259624,828,Round 1,2024-07-07,James Sullivan,865,Sugarbush - Base Course,White Tees,59,18,2,,59,0,774,113,True,False,18,59,True,True,True
78661,2024,MA3,1,677277,248855,248855,789,Round 1,2024-07-07,Nate Imbergamo,,Sugarbush - Base Course,White Tees,59,18,2,,63,4,719,128,True,False,18,63,True,True,True
78661,2024,MA3,1,677277,278723,278723,734,Round 1,2024-07-07,Jeffrey Poplawski,776,Sugarbush - Base Course,White Tees,59,18,4,,63,4,719,120,True,False,18,63,True,True,True
78661,2024,MA3,2,677277,202948,202948,820,Round 2,2024-07-07,Nicholas Morrissey,849,Sugarbush - Base Course,White Tees,59,18,2,02:00:00,50,-9,899,103,True,False,18,50,True,True,True
78661,2024,MA3,2,677277,140404,140404,823,Round 2,2024-07-07,Michael Perry,,Sugarbush - Base Course,White Tees,59,18,1,02:00:00,51,-8,885,103,True,False,18,51,True,True,True
78661,2024,MA3,2,677277,266150,266150,805,Round 2,2024-07-07,James Sheehan,864,Sugarbush - Base Course,White Tees,59,18,4,02:00:00,51,-8,885,104,True,False,18,51,True,True,True
78661,2024,MA3,2,677277,289306,289306,,Round 2,2024-07-07,Jonathan Smith,921,Sugarbush - Base Course,White Tees,59,18,5,02:00:00,53,-6,857,106,True,False,18,53,True,True,True
78661,2024,MA3,2,677277,239719,239719,849,Round 2,2024-07-07,Thane Griswold,820,Sugarbush - Base Course,White Tees,59,18,3,02:00:00,54,-5,844,107,True,False,18,54,True,True,True
78661,2024,MA3,2,677277,262630,262630,774,Round 2,2024-07-07,Lucas Van Vught,,Sugarbush - Base Course,White Tees,59,18,4,02:00:00,53,-6,857,109,True,False,18,53,True,True,True
78661,2024,MA3,2,677277,273934,273934,863,Round 2,2024-07-07,Tony Morse,,Sugarbush - Base Course,White Tees,59,18,1,02:00:00,55,-4,830,110,True,False,18,55,True,True,True
78661,2024,MA3,2,677277,259624,259624,828,Round 2,2024-07-07,James Sullivan,865,Sugarbush - Base Course,White Tees,59,18,1,02:00:00,54,-5,844,113,True,False,18,54,True,True,True
78661,2024,MA3,2,677277,211434,211434,784,Round 2,2024-07-07,Thomas Bousquet,798,Sugarbush - Base Course,White Tees,59,18,5,02:00:00,56,-3,816,115,True,False,18,56,True,True,True
78661,2024,MA3,2,677277,248621,248621,774,Round 2,2024-07-07,Sean McGurn,,Sugarbush - Base Course,White Tees,59,18,3,02:00:00,59,0,774,115,True,False,18,59,True,True,True
78661,2024,MA3,2,677277,286641,286641,,Round 2,2024-07-07,Matthew Lanctot,837,Sugarbush - Base Course,White Tees,59,18,2,02:00:00,61,2,747,116,True,False,18,61,True,True,True
78661,2024,MA3,2,677277,278723,278723,734,Round 2,2024-07-07,Jeffrey Poplawski,776,Sugarbush - Base Course,White Tees,59,18,4,02:00:00,57,-2,802,120,True,False,18,57,True,True,True
78661,2024,MA3,2,677277,248855,248855,789,Round 2,2024-07-07,Nate Imbergamo,,Sugarbush - Base Course,White Tees,59,18,3,02:00:00,65,6,691,128,True,False,18,65,True,True,True
78661,2024,MA40,1,677226,290531,290531,,Round 1,2024-07-07,Scott Ellis,922,Sugarbush - Base Course,Blue Tees,59,18,3,,55,-4,940,116,True,False,18,55,True,True,True
78661,2024,MA40,1,677226,221225,221225,910,Round 1,2024-07-07,James Winny,906,Sugarbush - Base Course,Blue Tees,59,18,5,,57,-2,918,111,True,False,18,57,True,True,True
78661,2024,MA40,1,677226,147904,147904,887,Round 1,2024-07-07,John Williams,890,Sugarbush - Base Course,Blue Tees,59,18,1,,62,3,866,121,True,False,18,62,True,True,True
78661,2024,MA40,1,677226,272246,272246,,Round 1,2024-07-07,Austin Borg,,Sugarbush - Base Course,Blue Tees,59,18,4,,62,3,866,121,True,False,18,62,True,True,True
78661,2024,MA40,1,677226,73588,73588,896,Round 1,2024-07-07,Will Cleland,910,Sugarbush - Base Course,Blue Tees,59,18,4,,64,5,845,122,True,False,18,64,True,True,True
78661,2024,MA40,1,677226,216349,216349,861,Round 1,2024-07-07,Justin Bassett,879,Sugarbush - Base Course,Blue Tees,59,18,5,,64,5,845,129,True,False,18,64,True,True,True
78661,2024,MA40,1,677226,229229,229229,818,Round 1,2024-07-07,Daren Austin,,Sugarbush - Base Course,Blue Tees,59,18,2,,66,7,824,136,True,False,18,66,True,True,True
78661,2024,MA40,1,677226,245070,245070,834,Round 1,2024-07-07,William Lamont,,Sugarbush - Base Course,Blue Tees,59,18,3,,66,7,824,131,True,False,18,66,True,True,True
78661,2024,MA40,2,677226,221225,221225,910,Round 2,2024-07-07,James Winny,906,Sugarbush - Base Course,Blue Tees,59,18,2,02:00:00,54,-5,950,111,True,False,18,54,True,True,True
78661,2024,MA40,2,677226,290531,290531,,Round 2,2024-07-07,Scott Ellis,922,Sugarbush - Base Course,Blue Tees,59,18,1,02:00:00,61,2,876,116,True,False,18,61,True,True,True
78661,2024,MA40,2,677226,147904,147904,887,Round 2,2024-07-07,John Williams,890,Sugarbush - Base Course,Blue Tees,59,18,3,02:00:00,59,0,897,121,True,False,18,59,True,True,True
78661,2024,MA40,2,677226,272246,272246,,Round 2,2024-07-07,Austin Borg,,Sugarbush - Base Course,Blue Tees,59,18,4,02:00:00,59,0,897,121,True,False,18,59,True,True,True
78661,2024,MA40,2,677226,73588,73588,896,Round 2,2024-07-07,Will Cleland,910,Sugarbush - Base Course,Blue Tees,59,18,5,02:00:00,58,-1,908,122,True,False,18,58,True,True,True
78661,2024,MA40,2,677226,216349,216349,861,Round 2,2024-07-07,Justin Bassett,879,Sugarbush - Base Course,Blue Tees,59,18,3,02:00:00,65,6,834,129,True,False,18,65,True,True,True
78661,2024,MA40,2,677226,245070,245070,834,Round 2,2024-07-07,William Lamont,,Sugarbush - Base Course,Blue Tees,59,18,5,02:00:00,65,6,834,131,True,False,18,65,True,True,True
78661,2024,MA40,2,677226,229229,229229,818,Round 2,2024-07-07,Daren Austin,,Sugarbush - Base Course,Blue Tees,59,18,4,02:00:00,70,11,781,136,True,False,18,70,True,True,True
78661,2024,MA60,1,677226,91301,91301,905,Round 1,2024-07-07,Michael A. Stridsberg,898,Sugarbush - Base Course,Blue Tees,59,18,1,,54,-5,950,115,True,False,18,54,True,True,True
78661,2024,MA60,1,677226,131352,131352,806,Round 1,2024-07-07,David Havens,816,Sugarbush - Base Course,Blue Tees,59,18,4,,67,8,813,138,True,False,18,67,True,True,True
78661,2024,MA60,2,677226,91301,91301,905,Round 2,2024-07-07,Michael A. Stridsberg,898,Sugarbush - Base Course,Blue Tees,59,18,1,02:00:00,61,2,876,115,True,False,18,61,True,True,True
78661,2024,MA60,2,677226,131352,131352,806,Round 2,2024-07-07,David Havens,816,Sugarbush - Base Course,Blue Tees,59,18,4,02:00:00,71,12,771,138,True,False,18,71,True,True,True
78661,2024,MP40,1,677226,166239,166239,939,Round 1,2024-07-07,Tom Raub,958,Sugarbush - Base Course,Blue Tees,59,18,4,,53,-6,961,108,True,False,18,53,True,True,True
78661,2024,MP40,1,677226,193211,193211,938,Round 1,2024-07-07,Greg Babbin,933,Sugarbush - Base Course,Blue Tees,59,18,3,,53,-6,961,108,True,False,18,53,True,True,True
78661,2024,MP40,1,677226,24381,24381,935,Round 1,2024-07-07,Chris Young,937,Sugarbush - Base Course,Blue Tees,59,18,1,,55,-4,940,113,True,False,18,55,True,True,True
78661,2024,MP40,1,677226,83198,83198,884,Round 1,2024-07-07,Alan Gofberg,869,Sugarbush - Base Course,Blue Tees,59,18,2,,60,1,887,118,True,False,18,60,True,True,True
78661,2024,MP40,1,677226,83212,83212,911,Round 1,2024-07-07,Cory Barron,885,Sugarbush - Base Course,Blue Tees,59,18,5,,61,2,876,119,True,False,18,61,True,True,True
78661,2024,MP40,2,677226,166239,166239,939,Round 2,2024-07-07,Tom Raub,958,Sugarbush - Base Course,Blue Tees,59,18,1,02:00:00,55,-4,940,108,True,False,18,55,True,True,True
78661,2024,MP40,2,677226,193211,193211,938,Round 2,2024-07-07,Greg Babbin,933,Sugarbush - Base Course,Blue Tees,59,18,2,02:00:00,55,-4,940,108,True,False,18,55,True,True,True
78661,2024,MP40,2,677226,24381,24381,935,Round 2,2024-07-07,Chris Young,937,Sugarbush - Base Course,Blue Tees,59,18,3,02:00:00,58,-1,908,113,True,False,18,58,True,True,True
78661,2024,MP40,2,677226,83198,83198,884,Round 2,2024-07-07,Alan Gofberg,869,Sugarbush - Base Course,Blue Tees,59,18,4,02:00:00,58,-1,908,118,True,False,18,58,True,True,True
78661,2024,MP40,2,677226,83212,83212,911,Round 2,2024-07-07,Cory Barron,885,Sugarbush - Base Course,Blue Tees,59,18,5,02:00:00,58,-1,908,119,True,False,18,58,True,True,True
78661,2024,MP50,1,677226,132446,132446,918,Round 1,2024-07-07,Yves Desgreniers,917,Sugarbush - Base Course,Blue Tees,59,18,2,,60,1,887,119,True,False,18,60,True,True,True
78661,2024,MP50,1,677226,223480,223480,876,Round 1,2024-07-07,Marc Kirkpatrick,879,Sugarbush - Base Course,Blue Tees,59,18,1,,62,3,866,126,True,False,18,62,True,True,True
78661,2024,MP50,2,677226,132446,132446,918,Round 2,2024-07-07,Yves Desgreniers,917,Sugarbush - Base Course,Blue Tees,59,18,1,02:00:00,59,0,897,119,True,False,18,59,True,True,True
78661,2024,MP50,2,677226,223480,223480,876,Round 2,2024-07-07,Marc Kirkpatrick,879,Sugarbush - Base Course,Blue Tees,59,18,2,02:00:00,64,5,845,126,True,False,18,64,True,True,True
78661,2024,MPO,1,677226,161558,161558,978,Round 1,2024-07-07,Brad Schott,994,Sugarbush - Base Course,Blue Tees,59,18,5,,47,-12,1024,96,True,False,18,47,True,True,True
78661,2024,MPO,1,677226,43527,43527,968,Round 1,2024-07-07,Kyle Sawtelle,939,Sugarbush - Base Course,Blue Tees,59,18,3,,50,-9,992,100,True,False,18,50,True,True,True
78661,2024,MPO,1,677226,91216,91216,955,Round 1,2024-07-07,Chris Spear,932,Sugarbush - Base Course,Blue Tees,59,18,3,,52,-7,971,102,True,False,18,52,True,True,True
78661,2024,MPO,1,677226,161510,161510,911,Round 1,2024-07-07,TJ Rubin,919,Sugarbush - Base Course,Blue Tees,59,18,3,,53,-6,961,111,True,False,18,53,True,True,True
78661,2024,MPO,1,677226,180969,180969,939,Round 1,2024-07-07,Dalton Beighley,944,Sugarbush - Base Course,Blue Tees,59,18,4,,53,-6,961,108,True,False,18,53,True,True,True
78661,2024,MPO,1,677226,221449,221449,897,Round 1,2024-07-07,Shane Proctor,885,Sugarbush - Base Course,Blue Tees,59,18,4,,54,-5,950,116,True,False,18,54,True,True,True
78661,2024,MPO,1,677226,74240,74240,975,Round 1,2024-07-07,Christopher Martin,962,Sugarbush - Base Course,Blue Tees,59,18,1,,55,-4,940,106,True,False,18,55,True,True,True
78661,2024,MPO,1,677226,94450,94450,968,Round 1,2024-07-07,Brendan Rollins,958,Sugarbush - Base Course,Blue Tees,59,18,1,,55,-4,940,109,True,False,18,55,True,True,True
78661,2024,MPO,1,677226,109086,109086,954,Round 1,2024-07-07,Aaron Schlossberg,947,Sugarbush - Base Course,Blue Tees,59,18,3,,55,-4,940,113,True,False,18,55,True,True,True
78661,2024,MPO,1,677226,140098,140098,970,Round 1,2024-07-07,Angus Barstow,980,Sugarbush - Base Course,Blue Tees,59,18,2,,55,-4,940,110,True,False,18,55,True,True,True
78661,2024,MPO,1,677226,187845,187845,949,Round 1,2024-07-07,Shane Seals,962,Sugarbush - Base Course,Blue Tees,59,18,2,,55,-4,940,108,True,False,18,55,True,True,True
78661,2024,MPO,1,677226,109051,109051,892,Round 1,2024-07-07,Taylor Jones,866,Sugarbush - Base Course,Blue Tees,59,18,2,,56,-3,929,120,True,False,18,56,True,True,True
78661,2024,MPO,1,677226,257327,257327,883,Round 1,2024-07-07,Owen Motyka,920,Sugarbush - Base Course,Blue Tees,59,18,5,,56,-3,929,113,True,False,18,56,True,True,True
78661,2024,MPO,1,677226,244554,244554,972,Round 1,2024-07-07,Jacob Decatur,,Sugarbush - Base Course,Blue Tees,59,18,2,,57,-2,918,113,True,False,18,57,True,True,True
78661,2024,MPO,1,677226,185963,185963,887,Round 1,2024-07-07,Ross Dunham,,Sugarbush - Base Course,Blue Tees,59,18,1,,58,-1,908,119,True,False,18,58,True,True,True
78661,2024,MPO,1,677226,106970,106970,877,Round 1,2024-07-07,Stefan Farrell,852,Sugarbush - Base Course,Blue Tees,59,18,1,,60,1,887,122,True,False,18,60,True,True,True
78661,2024,MPO,2,677226,161558,161558,978,Round 2,2024-07-07,Brad Schott,994,Sugarbush - Base Course,Blue Tees,59,18,1,02:00:00,49,-10,1003,96,True,False,18,49,True,True,True
78661,2024,MPO,2,677226,43527,43527,968,Round 2,2024-07-07,Kyle Sawtelle,939,Sugarbush - Base Course,Blue Tees,59,18,2,02:00:00,50,-9,992,100,True,False,18,50,True,True,True
78661,2024,MPO,2,677226,91216,91216,955,Round 2,2024-07-07,Chris Spear,932,Sugarbush - Base Course,Blue Tees,59,18,3,02:00:00,50,-9,992,102,True,False,18,50,True,True,True
78661,2024,MPO,2,677226,74240,74240,975,Round 2,2024-07-07,Christopher Martin,962,Sugarbush - Base Course,Blue Tees,59,18,2,02:00:00,51,-8,982,106,True,False,18,51,True,True,True
78661,2024,MPO,2,677226,187845,187845,949,Round 2,2024-07-07,Shane Seals,962,Sugarbush - Base Course,Blue Tees,59,18,1,02:00:00,53,-6,961,108,True,False,18,53,True,True,True
78661,2024,MPO,2,677226,180969,180969,939,Round 2,2024-07-07,Dalton Beighley,944,Sugarbush - Base Course,Blue Tees,59,18,5,02:00:00,55,-4,940,108,True,False,18,55,True,True,True
78661,2024,MPO,2,677226,94450,94450,968,Round 2,2024-07-07,Brendan Rollins,958,Sugarbush - Base Course,Blue Tees,59,18,3,02:00:00,54,-5,950,109,True,False,18,54,True,True,True
78661,2024,MPO,2,677226,140098,140098,970,Round 2,2024-07-07,Angus Barstow,980,Sugarbush - Base Course,Blue Tees,59,18,5,02:00:00,55,-4,940,110,True,False,18,55,True,True,True
78661,2024,MPO,2,677226,161510,161510,911,Round 2,2024-07-07,TJ Rubin,919,Sugarbush - Base Course,Blue Tees,59,18,4,02:00:00,58,-1,908,111,True,False,18,58,True,True,True
78661,2024,MPO,2,677226,244554,244554,972,Round 2,2024-07-07,Jacob Decatur,,Sugarbush - Base Course,Blue Tees,59,18,4,02:00:00,56,-3,929,113,True,False,18,56,True,True,True
78661,2024,MPO,2,677226,257327,257327,883,Round 2,2024-07-07,Owen Motyka,920,Sugarbush - Base Course,Blue Tees,59,18,3,02:00:00,57,-2,918,113,True,False,18,57,True,True,True
78661,2024,MPO,2,677226,109086,109086,954,Round 2,2024-07-07,Aaron Schlossberg,947,Sugarbush - Base Course,Blue Tees,59,18,4,02:00:00,58,-1,908,113,True,False,18,58,True,True,True
78661,2024,MPO,2,677226,221449,221449,897,Round 2,2024-07-07,Shane Proctor,885,Sugarbush - Base Course,Blue Tees,59,18,1,02:00:00,62,3,866,116,True,False,18,62,True,True,True
78661,2024,MPO,2,677226,185963,185963,887,Round 2,2024-07-07,Ross Dunham,,Sugarbush - Base Course,Blue Tees,59,18,5,02:00:00,61,2,876,119,True,False,18,61,True,True,True
78661,2024,MPO,2,677226,109051,109051,892,Round 2,2024-07-07,Taylor Jones,866,Sugarbush - Base Course,Blue Tees,59,18,2,02:00:00,64,5,845,120,True,False,18,64,True,True,True
78661,2024,MPO,2,677226,106970,106970,877,Round 2,2024-07-07,Stefan Farrell,852,Sugarbush - Base Course,Blue Tees,59,18,2,02:00:00,62,3,866,122,True,False,18,62,True,True,True
78807,2024,FA3,1,679760,280741,280741,778,Round 1,2024-07-21,Lisa Morris,,Jay Peak Disc Golf Course,Blue,59,18,3,08:50:00,69,10,818,142,True,False,18,69,True,True,True
78807,2024,FA3,1,679760,277475,277475,674,Round 1,2024-07-21,Erin Rice,727,Jay Peak Disc Golf Course,Blue,59,18,2,08:50:00,85,26,659,165,True,False,18,85,True,True,True
78807,2024,FA3,2,679760,280741,280741,778,Round 2,2024-07-21,Lisa Morris,,Jay Peak Disc Golf Course,Blue,59,18,1,09:40:00,73,14,779,142,True,False,18,73,True,True,True
78807,2024,FA3,2,679760,277475,277475,674,Round 2,2024-07-21,Erin Rice,727,Jay Peak Disc Golf Course,Blue,59,18,3,09:40:00,80,21,709,165,True,False,18,80,True,True,True
78807,2024,MA1,1,679759,173058,173058,937,Round 1,2024-07-21,Brandon Allaire,950,Jay Peak Disc Golf Course,Black,60,18,3,09:50:00,61,1,941,120,True,False,18,61,True,True,True
78807,2024,MA1,1,679759,213171,213171,898,Round 1,2024-07-21,Matt Thornley,905,Jay Peak Disc Golf Course,Black,60,18,4,09:50:00,62,2,932,132,True,False,18,62,True,True,True
78807,2024,MA1,1,679759,89829,89829,924,Round 1,2024-07-21,Garrett Washburn,923,Jay Peak Disc Golf Course,Black,60,18,1,09:50:00,63,3,923,119,True,False,18,63,True,True,True
78807,2024,MA1,1,679759,138544,138544,875,Round 1,2024-07-21,Chaz Sheperd,924,Jay Peak Disc Golf Course,Black,60,18,1,09:40:00,63,3,923,122,True,False,18,63,True,True,True
78807,2024,MA1,1,679759,179901,179901,937,Round 1,2024-07-21,Adam McHugh,,Jay Peak Disc Golf Course,Black,60,18,3,09:40:00,67,7,887,,True,False,18,67,True,True,True
78807,2024,MA1,1,679759,158783,158783,907,Round 1,2024-07-21,Joseph Humes,906,Jay Peak Disc Golf Course,Black,60,18,2,09:40:00,68,8,878,133,True,False,18,68,True,True,True
78807,2024,MA1,1,679759,204352,204352,855,Round 1,2024-07-21,Tony Alves,,Jay Peak Disc Golf Course,Black,60,18,4,09:40:00,69,9,869,,True,False,18,69,True,True,True
78807,2024,MA1,1,679759,98213,98213,834,Round 1,2024-07-21,Sean Ahlquist Jr,,Jay Peak Disc Golf Course,Black,60,18,2,09:50:00,77,17,796,168,True,False,18,77,True,True,True
78807,2024,MA1,1,679759,239437,239437,728,Round 1,2024-07-21,Simon Bethune,830,Jay Peak Disc Golf Course,Black,60,18,4,09:10:00,84,24,733,164,True,False,18,84,True,True,True
78807,2024,MA1,2,679759,89829,89829,924,Round 2,2024-07-21,Garrett Washburn,923,Jay Peak Disc Golf Course,Black,60,18,3,10:40:00,56,-4,987,119,True,False,18,56,True,True,True
78807,2024,MA1,2,679759,173058,173058,937,Round 2,2024-07-21,Brandon Allaire,950,Jay Peak Disc Golf Course,Black,60,18,1,10:40:00,59,-1,960,120,True,False,18,59,True,True,True
78807,2024,MA1,2,679759,138544,138544,875,Round 2,2024-07-21,Chaz Sheperd,924,Jay Peak Disc Golf Course,Black,60,18,4,10:40:00,59,-1,960,122,True,False,18,59,True,True,True
78807,2024,MA1,2,679759,213171,213171,898,Round 2,2024-07-21,Matt Thornley,905,Jay Peak Disc Golf Course,Black,60,18,2,10:40:00,70,10,860,132,True,False,18,70,True,True,True
78807,2024,MA1,2,679759,158783,158783,907,Round 2,2024-07-21,Joseph Humes,906,Jay Peak Disc Golf Course,Black,60,18,1,10:30:00,65,5,905,133,True,False,18,65,True,True,True
78807,2024,MA1,2,679759,239437,239437,728,Round 2,2024-07-21,Simon Bethune,830,Jay Peak Disc Golf Course,Black,60,18,2,10:30:00,80,20,769,164,True,False,18,80,True,True,True
78807,2024,MA1,2,679759,98213,98213,834,Round 2,2024-07-21,Sean Ahlquist Jr,,Jay Peak Disc Golf Course,Black,60,18,3,10:30:00,91,31,669,168,True,False,18,91,True,True,True
78807,2024,MA1,2,679759,179901,179901,937,Round 2,2024-07-21,Adam McHugh,,Jay Peak Disc Golf Course,Black,60,18,,,,,,,True,True,0,,False,False,False
78807,2024,MA1,2,679759,204352,204352,855,Round 2,2024-07-21,Tony Alves,,Jay Peak Disc Golf Course,Black,60,18,,,,,,,True,True,0,,False,False,False
78807,2024,MA2,1,679759,213224,213224,902,Round 1,2024-07-21,Justin Griswold,914,Jay Peak Disc Golf Course,Black,60,18,2,09:10:00,59,-1,960,120,True,False,18,59,True,True,True
78807,2024,MA2,1,679759,63896,63896,883,Round 1,2024-07-21,Ross King,899,Jay Peak Disc Golf Course,Black,60,18,1,09:10:00,65,5,905,133,True,False,18,65,True,True,True
78807,2024,MA2,1,679759,221157,221157,908,Round 1,2024-07-21,Dylan Slick,915,Jay Peak Disc Golf Course,Black,60,18,3,09:10:00,65,5,905,130,True,False,18,65,True,True,True
78807,2024,MA2,2,679759,213224,213224,902,Round 2,2024-07-21,Justin Griswold,914,Jay Peak Disc Golf Course,Black,60,18,1,10:00:00,61,1,941,120,True,False,18,61,True,True,True
78807,2024,MA2,2,679759,221157,221157,908,Round 2,2024-07-21,Dylan Slick,915,Jay Peak Disc Golf Course,Black,60,18,3,10:00:00,65,5,905,130,True,False,18,65,True,True,True
78807,2024,MA2,2,679759,63896,63896,883,Round 2,2024-07-21,Ross King,899,Jay Peak Disc Golf Course,Black,60,18,2,10:00:00,68,8,878,133,True,False,18,68,True,True,True
78807,2024,MA3,1,679760,262546,262546,825,Round 1,2024-07-21,Conner Crane,865,Jay Peak Disc Golf Course,Blue,59,18,1,08:50:00,63,4,878,132,True,False,18,63,True,True,True
78807,2024,MA3,1,679760,122720,122720,871,Round 1,2024-07-21,Todd Morris,,Jay Peak Disc Golf Course,Blue,59,18,1,09:00:00,66,7,848,127,True,False,18,66,True,True,True
78807,2024,MA3,1,679760,239719,239719,849,Round 1,2024-07-21,Thane Griswold,820,Jay Peak Disc Golf Course,Blue,59,18,2,09:00:00,68,9,828,132,True,False,18,68,True,True,True
78807,2024,MA3,1,679760,264281,264281,711,Round 1,2024-07-21,Gabriel Frozi,783,Jay Peak Disc Golf Course,Blue,59,18,3,09:00:00,75,16,759,153,True,False,18,75,True,True,True
78807,2024,MA3,2,679760,122720,122720,871,Round 2,2024-07-21,Todd Morris,,Jay Peak Disc Golf Course,Blue,59,18,2,09:50:00,61,2,898,127,True,False,18,61,True,True,True
78807,2024,MA3,2,679760,239719,239719,849,Round 2,2024-07-21,Thane Griswold,820,Jay Peak Disc Golf Course,Blue,59,18,3,09:50:00,64,5,868,132,True,False,18,64,True,True,True
78807,2024,MA3,2,679760,262546,262546,825,Round 2,2024-07-21,Conner Crane,865,Jay Peak Disc Golf Course,Blue,59,18,1,09:50:00,69,10,818,132,True,False,18,69,True,True,True
78807,2024,MA3,2,679760,264281,264281,711,Round 2,2024-07-21,Gabriel Frozi,783,Jay Peak Disc Golf Course,Blue,59,18,2,09:40:00,78,19,729,153,True,False,18,78,True,True,True
78807,2024,MA40,1,679759,216349,216349,857,Round 1,2024-07-21,Justin Bassett,879,Jay Peak Disc Golf Course,Black,60,18,2,09:30:00,66,6,896,136,True,False,18,66,True,True,True
78807,2024,MA40,1,679759,261570,261570,868,Round 1,2024-07-21,John Beaudin,911,Jay Peak Disc Golf Course,Black,60,18,4,09:30:00,67,7,887,136,True,False,18,67,True,True,True
78807,2024,MA40,1,679759,84935,84935,878,Round 1,2024-07-21,Droo Fisher,866,Jay Peak Disc Golf Course,Black,60,18,1,09:30:00,68,8,878,133,True,False,18,68,True,True,True
78807,2024,MA40,1,679759,205696,205696,848,Round 1,2024-07-21,Matthew Smith,856,Jay Peak Disc Golf Course,Black,60,18,4,09:20:00,69,9,869,140,True,False,18,69,True,True,True
78807,2024,MA40,1,679759,91301,91301,908,Round 1,2024-07-21,Michael A. Stridsberg,898,Jay Peak Disc Golf Course,Black,60,18,1,09:20:00,70,10,860,131,True,False,18,70,True,True,True
78807,2024,MA40,1,679759,221629,221629,856,Round 1,2024-07-21,Justin Morgan,858,Jay Peak Disc Golf Course,Black,60,18,3,09:30:00,70,10,860,139,True,False,18,70,True,True,True
78807,2024,MA40,1,679759,181431,181431,865,Round 1,2024-07-21,Sam Winn,,Jay Peak Disc Golf Course,Black,60,18,3,09:20:00,71,11,851,140,True,False,18,71,True,True,True
78807,2024,MA40,1,679759,159285,159285,728,Round 1,2024-07-21,Todd Lewis,,Jay Peak Disc Golf Course,Black,60,18,2,09:20:00,77,17,796,159,True,False,18,77,True,True,True
78807,2024,MA40,2,679759,91301,91301,908,Round 2,2024-07-21,Michael A. Stridsberg,898,Jay Peak Disc Golf Course,Black,60,18,1,10:10:00,61,1,941,131,True,False,18,61,True,True,True
78807,2024,MA40,2,679759,84935,84935,878,Round 2,2024-07-21,Droo Fisher,866,Jay Peak Disc Golf Course,Black,60,18,3,10:20:00,65,5,905,133,True,False,18,65,True,True,True
78807,2024,MA40,2,679759,261570,261570,868,Round 2,2024-07-21,John Beaudin,911,Jay Peak Disc Golf Course,Black,60,18,2,10:20:00,69,9,869,136,True,False,18,69,True,True,True
78807,2024,MA40,2,679759,216349,216349,857,Round 2,2024-07-21,Justin Bassett,879,Jay Peak Disc Golf Course,Black,60,18,1,10:20:00,70,10,860,136,True,False,18,70,True,True,True
78807,2024,MA40,2,679759,221629,221629,856,Round 2,2024-07-21,Justin Morgan,858,Jay Peak Disc Golf Course,Black,60,18,2,10:10:00,69,9,869,139,True,False,18,69,True,True,True
78807,2024,MA40,2,679759,181431,181431,865,Round 2,2024-07-21,Sam Winn,,Jay Peak Disc Golf Course,Black,60,18,3,10:10:00,69,9,869,140,True,False,18,69,True,True,True
78807,2024,MA40,2,679759,205696,205696,848,Round 2,2024-07-21,Matthew Smith,856,Jay Peak Disc Golf Course,Black,60,18,4,10:20:00,71,11,851,140,True,False,18,71,True,True,True
78807,2024,MA40,2,679759,159285,159285,728,Round 2,2024-07-21,Todd Lewis,,Jay Peak Disc Golf Course,Black,60,18,4,10:10:00,82,22,751,159,True,False,18,82,True,True,True
78807,2024,MA50,1,679759,287097,287097,829,Round 1,2024-07-21,Todd Sternbach,817,Jay Peak Disc Golf Course,Black,60,18,4,10:00:00,78,18,787,157,True,False,18,78,True,True,True
78807,2024,MA50,1,679759,268207,268207,788,Round 1,2024-07-21,Craig Reed,757,Jay Peak Disc Golf Course,Black,60,18,3,10:00:00,80,20,769,153,True,False,18,80,True,True,True
78807,2024,MA50,2,679759,268207,268207,788,Round 2,2024-07-21,Craig Reed,757,Jay Peak Disc Golf Course,Black,60,18,4,10:50:00,73,13,833,153,True,False,18,73,True,True,True
78807,2024,MA50,2,679759,287097,287097,829,Round 2,2024-07-21,Todd Sternbach,817,Jay Peak Disc Golf Course,Black,60,18,3,10:50:00,79,19,778,157,True,False,18,79,True,True,True
78807,2024,MP40,1,679759,22318,22318,959,Round 1,2024-07-21,Aaron Smartt,965,Jay Peak Disc Golf Course,Black,60,18,1,10:40:00,56,-4,987,113,True,False,18,56,True,True,True
78807,2024,MP40,1,679759,24381,24381,936,Round 1,2024-07-21,Chris Young,937,Jay Peak Disc Golf Course,Black,60,18,2,10:40:00,64,4,914,125,True,False,18,64,True,True,True
78807,2024,MP40,1,679759,83212,83212,895,Round 1,2024-07-21,Cory Barron,885,Jay Peak Disc Golf Course,Black,60,18,3,10:40:00,68,8,878,134,True,False,18,68,True,True,True
78807,2024,MP40,1,679759,193211,193211,941,Round 1,2024-07-21,Greg Babbin,933,Jay Peak Disc Golf Course,Black,60,18,4,10:40:00,70,10,860,129,True,False,18,70,True,True,True
78807,2024,MP40,2,679759,22318,22318,959,Round 2,2024-07-21,Aaron Smartt,965,Jay Peak Disc Golf Course,Black,60,18,1,11:30:00,57,-3,978,113,True,False,18,57,True,True,True
78807,2024,MP40,2,679759,24381,24381,936,Round 2,2024-07-21,Chris Young,937,Jay Peak Disc Golf Course,Black,60,18,2,11:30:00,61,1,941,125,True,False,18,61,True,True,True
78807,2024,MP40,2,679759,193211,193211,941,Round 2,2024-07-21,Greg Babbin,933,Jay Peak Disc Golf Course,Black,60,18,4,11:30:00,59,-1,960,129,True,False,18,59,True,True,True
78807,2024,MP40,2,679759,83212,83212,895,Round 2,2024-07-21,Cory Barron,885,Jay Peak Disc Golf Course,Black,60,18,3,11:30:00,66,6,896,134,True,False,18,66,True,True,True
78807,2024,MP50,1,679759,132446,132446,906,Round 1,2024-07-21,Yves Desgreniers,917,Jay Peak Disc Golf Course,Black,60,18,1,10:00:00,65,5,905,127,True,False,18,65,True,True,True
78807,2024,MP50,1,679759,223480,223480,871,Round 1,2024-07-21,Marc Kirkpatrick,879,Jay Peak Disc Golf Course,Black,60,18,2,10:00:00,67,7,887,138,True,False,18,67,True,True,True
78807,2024,MP50,2,679759,132446,132446,906,Round 2,2024-07-21,Yves Desgreniers,917,Jay Peak Disc Golf Course,Black,60,18,1,10:50:00,62,2,932,127,True,False,18,62,True,True,True
78807,2024,MP50,2,679759,223480,223480,871,Round 2,2024-07-21,Marc Kirkpatrick,879,Jay Peak Disc Golf Course,Black,60,18,2,10:50:00,71,11,851,138,True,False,18,71,True,True,True
78807,2024,MPO,1,679759,181649,181649,983,Round 1,2024-07-21,Hubert Vachon,996,Jay Peak Disc Golf Course,Black,60,18,1,10:10:00,56,-4,987,115,True,False,18,56,True,True,True
78807,2024,MPO,1,679759,74240,74240,969,Round 1,2024-07-21,Christopher Martin,962,Jay Peak Disc Golf Course,Black,60,18,4,10:30:00,57,-3,978,120,True,False,18,57,True,True,True
78807,2024,MPO,1,679759,161558,161558,986,Round 1,2024-07-21,Brad Schott,994,Jay Peak Disc Golf Course,Black,60,18,1,10:20:00,58,-2,969,112,True,False,18,58,True,True,True
78807,2024,MPO,1,679759,241573,241573,997,Round 1,2024-07-21,Whit Stephenson,998,Jay Peak Disc Golf Course,Black,60,18,3,10:20:00,58,-2,969,112,True,False,18,58,True,True,True
78807,2024,MPO,1,679759,100885,100885,959,Round 1,2024-07-21,Jacob Moore,945,Jay Peak Disc Golf Course,Black,60,18,3,10:10:00,60,0,951,117,True,False,18,60,True,True,True
78807,2024,MPO,1,679759,125328,125328,940,Round 1,2024-07-21,Dana Carpenter,,Jay Peak Disc Golf Course,Black,60,18,4,10:20:00,60,0,951,122,True,False,18,60,True,True,True
78807,2024,MPO,1,679759,31562,31562,955,Round 1,2024-07-21,Jonathan Betts,948,Jay Peak Disc Golf Course,Black,60,18,1,10:30:00,61,1,941,121,True,False,18,61,True,True,True
78807,2024,MPO,1,679759,187845,187845,961,Round 1,2024-07-21,Shane Seals,962,Jay Peak Disc Golf Course,Black,60,18,2,10:30:00,64,4,914,133,True,False,18,64,True,True,True
78807,2024,MPO,1,679759,142744,142744,970,Round 1,2024-07-21,Abel German,974,Jay Peak Disc Golf Course,Black,60,18,3,10:30:00,65,5,905,122,True,False,18,65,True,True,True
78807,2024,MPO,1,679759,103627,103627,976,Round 1,2024-07-21,Clayton Davis,,Jay Peak Disc Golf Course,Black,60,18,2,10:20:00,68,8,878,,True,False,18,68,True,True,True
78807,2024,MPO,1,679759,268186,268186,908,Round 1,2024-07-21,Brody Reed,926,Jay Peak Disc Golf Course,Black,60,18,2,10:10:00,69,9,869,129,True,False,18,69,True,True,True
78807,2024,MPO,2,679759,161558,161558,986,Round 2,2024-07-21,Brad Schott,994,Jay Peak Disc Golf Course,Black,60,18,3,11:20:00,54,-6,1005,112,True,False,18,54,True,True,True
78807,2024,MPO,2,679759,241573,241573,997,Round 2,2024-07-21,Whit Stephenson,998,Jay Peak Disc Golf Course,Black,60,18,4,11:20:00,54,-6,1005,112,True,False,18,54,True,True,True
78807,2024,MPO,2,679759,181649,181649,983,Round 2,2024-07-21,Hubert Vachon,996,Jay Peak Disc Golf Course,Black,60,18,1,11:20:00,59,-1,960,115,True,False,18,59,True,True,True
78807,2024,MPO,2,679759,100885,100885,959,Round 2,2024-07-21,Jacob Moore,945,Jay Peak Disc Golf Course,Black,60,18,5,11:20:00,57,-3,978,117,True,False,18,57,True,True,True
78807,2024,MPO,2,679759,74240,74240,969,Round 2,2024-07-21,Christopher Martin,962,Jay Peak Disc Golf Course,Black,60,18,2,11:20:00,63,3,923,120,True,False,18,63,True,True,True
78807,2024,MPO,2,679759,31562,31562,955,Round 2,2024-07-21,Jonathan Betts,948,Jay Peak Disc Golf Course,Black,60,18,2,11:10:00,60,0,951,121,True,False,18,60,True,True,True
78807,2024,MPO,2,679759,142744,142744,970,Round 2,2024-07-21,Abel German,974,Jay Peak Disc Golf Course,Black,60,18,4,11:10:00,57,-3,978,122,True,False,18,57,True,True,True
78807,2024,MPO,2,679759,125328,125328,940,Round 2,2024-07-21,Dana Carpenter,,Jay Peak Disc Golf Course,Black,60,18,1,11:10:00,62,2,932,122,True,False,18,62,True,True,True
78807,2024,MPO,2,679759,268186,268186,908,Round 2,2024-07-21,Brody Reed,926,Jay Peak Disc Golf Course,Black,60,18,5,11:10:00,60,0,951,129,True,False,18,60,True,True,True
78807,2024,MPO,2,679759,187845,187845,961,Round 2,2024-07-21,Shane Seals,962,Jay Peak Disc Golf Course,Black,60,18,3,11:10:00,69,9,869,133,True,False,18,69,True,True,True
78807,2024,MPO,2,679759,103627,103627,976,Round 2,2024-07-21,Clayton Davis,,Jay Peak Disc Golf Course,Black,60,18,,,,,,,True,True,0,,False,False,False
78862,2024,FA1,1,682154,211070,211070,749,Round 1,2024-08-11,Harley Fjeld,,North Calais Disc Golf Course,White Tees,65,18,2,09:00:00,71,6,815,150,True,False,18,71,True,True,True
78862,2024,FA1,1,682154,134457,134457,809,Round 1,2024-08-11,Malori Bennett,,North Calais Disc Golf Course,White Tees,65,18,1,09:00:00,74,9,786,152,True,False,18,74,True,True,True
78862,2024,FA1,2,682154,211070,211070,749,Round 2,2024-08-11,Harley Fjeld,,North Calais Disc Golf Course,White Tees,65,18,1,09:20:00,79,14,737,150,True,False,18,79,True,True,True
78862,2024,FA1,2,682154,134457,134457,809,Round 2,2024-08-11,Malori Bennett,,North Calais Disc Golf Course,White Tees,65,18,2,09:20:00,78,13,747,152,True,False,18,78,True,True,True
78862,2024,FA3,1,682154,278389,278389,684,Round 1,2024-08-11,Jessica Davenport,766,North Calais Disc Golf Course,White Tees,65,18,3,09:00:00,84,19,689,171,True,False,18,84,True,True,True
78862,2024,FA3,2,682154,278389,278389,684,Round 2,2024-08-11,Jessica Davenport,766,North Calais Disc Golf Course,White Tees,65,18,3,09:20:00,87,22,660,171,True,False,18,87,True,True,True
78862,2024,FA40,1,682154,94272,94272,796,Round 1,2024-08-11,Gabrielle Pozzani,818,North Calais Disc Golf Course,White Tees,65,18,1,09:10:00,69,4,834,142,True,False,18,69,True,True,True
78862,2024,FA40,1,682154,213173,213173,783,Round 1,2024-08-11,Elizabeth Carrell,775,North Calais Disc Golf Course,White Tees,65,18,1,09:20:00,75,10,776,149,True,False,18,75,True,True,True
78862,2024,FA40,1,682154,275115,275115,739,Round 1,2024-08-11,Mindy German,805,North Calais Disc Golf Course,White Tees,65,18,3,09:10:00,79,14,737,163,True,False,18,79,True,True,True
78862,2024,FA40,1,682154,172895,172895,742,Round 1,2024-08-11,Cara Tatro,737,North Calais Disc Golf Course,White Tees,65,18,2,09:20:00,84,19,689,164,True,False,18,84,True,True,True
78862,2024,FA40,1,682154,228265,228265,706,Round 1,2024-08-11,Maryellen Copping,705,North Calais Disc Golf Course,White Tees,65,18,2,09:10:00,92,27,612,181,True,False,18,92,True,True,True
78862,2024,FA40,1,682154,161647,161647,657,Round 1,2024-08-11,Michele Sargent,611,North Calais Disc Golf Course,White Tees,65,18,3,09:20:00,93,28,602,181,True,False,18,93,True,True,True
78862,2024,FA40,2,682154,94272,94272,796,Round 2,2024-08-11,Gabrielle Pozzani,818,North Calais Disc Golf Course,White Tees,65,18,1,09:10:00,73,8,795,142,True,False,18,73,True,True,True
78862,2024,FA40,2,682154,213173,213173,783,Round 2,2024-08-11,Elizabeth Carrell,775,North Calais Disc Golf Course,White Tees,65,18,2,09:10:00,74,9,786,149,True,False,18,74,True,True,True
78862,2024,FA40,2,682154,275115,275115,739,Round 2,2024-08-11,Mindy German,805,North Calais Disc Golf Course,White Tees,65,18,3,09:10:00,84,19,689,163,True,False,18,84,True,True,True
78862,2024,FA40,2,682154,172895,172895,742,Round 2,2024-08-11,Cara Tatro,737,North Calais Disc Golf Course,White Tees,65,18,1,09:00:00,80,15,728,164,True,False,18,80,True,True,True
78862,2024,FA40,2,682154,161647,161647,657,Round 2,2024-08-11,Michele Sargent,611,North Calais Disc Golf Course,White Tees,65,18,3,09:00:00,88,23,650,181,True,False,18,88,True,True,True
78862,2024,FA40,2,682154,228265,228265,706,Round 2,2024-08-11,Maryellen Copping,705,North Calais Disc Golf Course,White Tees,65,18,2,09:00:00,89,24,641,181,True,False,18,89,True,True,True
78862,2024,FPO,1,682155,122613,122613,870,Round 1,2024-08-11,Kelly Heslin,889,North Calais Disc Golf Course,Blue Tees,65,18,1,12:30:00,75,10,867,150,True,False,18,75,True,True,True
78862,2024,FPO,1,682155,132857,132857,860,Round 1,2024-08-11,Serena Lamson,,North Calais Disc Golf Course,Blue Tees,65,18,2,12:30:00,83,18,802,164,True,False,18,83,True,True,True
78862,2024,FPO,2,682155,122613,122613,870,Round 2,2024-08-11,Kelly Heslin,889,North Calais Disc Golf Course,Blue Tees,65,18,2,12:20:00,75,10,867,150,True,False,18,75,True,True,True
78862,2024,FPO,2,682155,132857,132857,860,Round 2,2024-08-11,Serena Lamson,,North Calais Disc Golf Course,Blue Tees,65,18,3,12:20:00,81,16,818,164,True,False,18,81,True,True,True
78862,2024,MA1,1,682155,89829,89829,924,Round 1,2024-08-11,Garrett Washburn,923,North Calais Disc Golf Course,Blue Tees,65,18,1,11:30:00,62,-3,973,129,True,False,18,62,True,True,True
78862,2024,MA1,1,682155,110707,110707,928,Round 1,2024-08-11,Jason Wilson,927,North Calais Disc Golf Course,Blue Tees,65,18,1,11:10:00,65,0,948,127,True,False,18,65,True,True,True
78862,2024,MA1,1,682155,119637,119637,894,Round 1,2024-08-11,Trevor Kenealy,905,North Calais Disc Golf Course,Blue Tees,65,18,1,11:40:00,65,0,948,135,True,False,18,65,True,True,True
78862,2024,MA1,1,682155,173058,173058,937,Round 1,2024-08-11,Brandon Allaire,950,North Calais Disc Golf Course,Blue Tees,65,18,3,11:10:00,65,0,948,132,True,False,18,65,True,True,True
78862,2024,MA1,1,682155,219307,219307,901,Round 1,2024-08-11,Everett Secor,935,North Calais Disc Golf Course,Blue Tees,65,18,4,11:20:00,66,1,940,130,True,False,18,66,True,True,True
78862,2024,MA1,1,682155,82340,82340,899,Round 1,2024-08-11,Justin Leonard,912,North Calais Disc Golf Course,Blue Tees,65,18,1,12:00:00,67,2,932,133,True,False,18,67,True,True,True
78862,2024,MA1,1,682155,124203,124203,916,Round 1,2024-08-11,Ezra Koch,954,North Calais Disc Golf Course,Blue Tees,65,18,2,12:00:00,67,2,932,137,True,False,18,67,True,True,True
78862,2024,MA1,1,682155,147788,147788,956,Round 1,2024-08-11,Dan Cornellier,939,North Calais Disc Golf Course,Blue Tees,65,18,4,11:30:00,67,2,932,133,True,False,18,67,True,True,True
78862,2024,MA1,1,682155,192901,192901,910,Round 1,2024-08-11,Micah Munro,890,North Calais Disc Golf Course,Blue Tees,65,18,2,11:20:00,67,2,932,143,True,False,18,67,True,True,True
78862,2024,MA1,1,682155,146226,146226,911,Round 1,2024-08-11,Jason Cagney,927,North Calais Disc Golf Course,Blue Tees,65,18,4,12:30:00,68,3,924,140,True,False,18,68,True,True,True
78862,2024,MA1,1,682155,264364,264364,910,Round 1,2024-08-11,Jake Kenealy,,North Calais Disc Golf Course,Blue Tees,65,18,4,11:00:00,68,3,924,135,True,False,18,68,True,True,True
78862,2024,MA1,1,682155,97356,97356,916,Round 1,2024-08-11,Jason Guild,934,North Calais Disc Golf Course,Blue Tees,65,18,1,11:50:00,69,4,916,139,True,False,18,69,True,True,True
78862,2024,MA1,1,682155,109604,109604,924,Round 1,2024-08-11,Jeremy Hulsey,914,North Calais Disc Golf Course,Blue Tees,65,18,3,11:30:00,69,4,916,137,True,False,18,69,True,True,True
78862,2024,MA1,1,682155,146710,146710,912,Round 1,2024-08-11,Nicholas Laurendeau,,North Calais Disc Golf Course,Blue Tees,65,18,2,11:40:00,69,4,916,136,True,False,18,69,True,True,True
78862,2024,MA1,1,682155,287174,287174,939,Round 1,2024-08-11,CJ Plante,,North Calais Disc Golf Course,Blue Tees,65,18,4,11:50:00,69,4,916,138,True,False,18,69,True,True,True
78862,2024,MA1,1,682155,27512,27512,923,Round 1,2024-08-11,Jason Parker,924,North Calais Disc Golf Course,Blue Tees,65,18,1,11:20:00,70,5,907,138,True,False,18,70,True,True,True
78862,2024,MA1,1,682155,154887,154887,932,Round 1,2024-08-11,Brian Hunter,941,North Calais Disc Golf Course,Blue Tees,65,18,2,11:10:00,70,5,907,136,True,False,18,70,True,True,True
78862,2024,MA1,1,682155,168663,168663,946,Round 1,2024-08-11,Austin Neddo,,North Calais Disc Golf Course,Blue Tees,65,18,2,11:00:00,70,5,907,139,True,False,18,70,True,True,True
78862,2024,MA1,1,682155,174031,174031,909,Round 1,2024-08-11,Ian MacDonald,909,North Calais Disc Golf Course,Blue Tees,65,18,3,11:40:00,70,5,907,140,True,False,18,70,True,True,True
78862,2024,MA1,1,682155,222597,222597,886,Round 1,2024-08-11,Jack McCarthy,,North Calais Disc Golf Course,Blue Tees,65,18,3,11:00:00,70,5,907,146,True,False,18,70,True,True,True
78862,2024,MA1,1,682155,242103,242103,854,Round 1,2024-08-11,Nathan Oxenfeld,895,North Calais Disc Golf Course,Blue Tees,65,18,3,11:50:00,70,5,907,143,True,False,18,70,True,True,True
78862,2024,MA1,1,682155,138042,138042,916,Round 1,2024-08-11,Russell Freeman,925,North Calais Disc Golf Course,Blue Tees,65,18,2,11:50:00,71,6,899,140,True,False,18,71,True,True,True
78862,2024,MA1,1,682155,218262,218262,897,Round 1,2024-08-11,Jerry Jackman,913,North Calais Disc Golf Course,Blue Tees,65,18,3,11:20:00,71,6,899,144,True,False,18,71,True,True,True
78862,2024,MA1,1,682155,275041,275041,883,Round 1,2024-08-11,Samuel Schonberg,937,North Calais Disc Golf Course,Blue Tees,65,18,4,11:40:00,71,6,899,136,True,False,18,71,True,True,True
78862,2024,MA1,1,682155,162806,162806,892,Round 1,2024-08-11,Ethan Springer,886,North Calais Disc Golf Course,Blue Tees,65,18,3,12:00:00,72,7,891,143,True,False,18,72,True,True,True
78862,2024,MA1,1,682155,96154,96154,877,Round 1,2024-08-11,Travis Jacques,871,North Calais Disc Golf Course,Blue Tees,65,18,2,11:30:00,74,9,875,153,True,False,18,74,True,True,True
78862,2024,MA1,1,682155,210681,210681,894,Round 1,2024-08-11,Kyle Anderson Andresen,911,North Calais Disc Golf Course,Blue Tees,65,18,4,11:10:00,76,11,859,149,True,False,18,76,True,True,True
78862,2024,MA1,1,682155,158783,158783,907,Round 1,2024-08-11,Joseph Humes,906,North Calais Disc Golf Course,Blue Tees,65,18,3,12:30:00,77,12,850,145,True,False,18,77,True,True,True
78862,2024,MA1,1,682155,137408,137408,823,Round 1,2024-08-11,Aaron Gingras,,North Calais Disc Golf Course,Blue Tees,65,18,1,11:00:00,78,13,842,154,True,False,18,78,True,True,True
78862,2024,MA1,1,682155,239437,239437,728,Round 1,2024-08-11,Simon Bethune,830,North Calais Disc Golf Course,Blue Tees,65,18,4,12:00:00,87,22,769,184,True,False,18,87,True,True,True
78862,2024,MA1,2,682155,110707,110707,928,Round 2,2024-08-11,Jason Wilson,927,North Calais Disc Golf Course,Blue Tees,65,18,2,12:00:00,62,-3,973,127,True,False,18,62,True,True,True
78862,2024,MA1,2,682155,89829,89829,924,Round 2,2024-08-11,Garrett Washburn,923,North Calais Disc Golf Course,Blue Tees,65,18,1,12:00:00,67,2,932,129,True,False,18,67,True,True,True
78862,2024,MA1,2,682155,219307,219307,901,Round 2,2024-08-11,Everett Secor,935,North Calais Disc Golf Course,Blue Tees,65,18,1,11:50:00,64,-1,956,130,True,False,18,64,True,True,True
78862,2024,MA1,2,682155,173058,173058,937,Round 2,2024-08-11,Brandon Allaire,950,North Calais Disc Golf Course,Blue Tees,65,18,4,12:00:00,67,2,932,132,True,False,18,67,True,True,True
78862,2024,MA1,2,682155,82340,82340,899,Round 2,2024-08-11,Justin Leonard,912,North Calais Disc Golf Course,Blue Tees,65,18,2,11:50:00,66,1,940,133,True,False,18,66,True,True,True
78862,2024,MA1,2,682155,147788,147788,956,Round 2,2024-08-11,Dan Cornellier,939,North Calais Disc Golf Course,Blue Tees,65,18,4,11:50:00,66,1,940,133,True,False,18,66,True,True,True
78862,2024,MA1,2,682155,264364,264364,910,Round 2,2024-08-11,Jake Kenealy,,North Calais Disc Golf Course,Blue Tees,65,18,3,11:40:00,67,2,932,135,True,False,18,67,True,True,True
78862,2024,MA1,2,682155,119637,119637,894,Round 2,2024-08-11,Trevor Kenealy,905,North Calais Disc Golf Course,Blue Tees,65,18,3,12:00:00,70,5,907,135,True,False,18,70,True,True,True
78862,2024,MA1,2,682155,275041,275041,883,Round 2,2024-08-11,Samuel Schonberg,937,North Calais Disc Golf Course,Blue Tees,65,18,4,11:10:00,65,0,948,136,True,False,18,65,True,True,True
78862,2024,MA1,2,682155,154887,154887,932,Round 2,2024-08-11,Brian Hunter,941,North Calais Disc Golf Course,Blue Tees,65,18,1,11:20:00,66,1,940,136,True,False,18,66,True,True,True
78862,2024,MA1,2,682155,146710,146710,912,Round 2,2024-08-11,Nicholas Laurendeau,,North Calais Disc Golf Course,Blue Tees,65,18,2,11:30:00,67,2,932,136,True,False,18,67,True,True,True
78862,2024,MA1,2,682155,109604,109604,924,Round 2,2024-08-11,Jeremy Hulsey,914,North Calais Disc Golf Course,Blue Tees,65,18,1,11:30:00,68,3,924,137,True,False,18,68,True,True,True
78862,2024,MA1,2,682155,124203,124203,916,Round 2,2024-08-11,Ezra Koch,954,North Calais Disc Golf Course,Blue Tees,65,18,3,11:50:00,70,5,907,137,True,False,18,70,True,True,True
78862,2024,MA1,2,682155,27512,27512,923,Round 2,2024-08-11,Jason Parker,924,North Calais Disc Golf Course,Blue Tees,65,18,4,11:30:00,68,3,924,138,True,False,18,68,True,True,True
78862,2024,MA1,2,682155,287174,287174,939,Round 2,2024-08-11,CJ Plante,,North Calais Disc Golf Course,Blue Tees,65,18,3,11:30:00,69,4,916,138,True,False,18,69,True,True,True
78862,2024,MA1,2,682155,168663,168663,946,Round 2,2024-08-11,Austin Neddo,,North Calais Disc Golf Course,Blue Tees,65,18,2,11:20:00,69,4,916,139,True,False,18,69,True,True,True
78862,2024,MA1,2,682155,97356,97356,916,Round 2,2024-08-11,Jason Guild,934,North Calais Disc Golf Course,Blue Tees,65,18,4,11:40:00,70,5,907,139,True,False,18,70,True,True,True
78862,2024,MA1,2,682155,138042,138042,916,Round 2,2024-08-11,Russell Freeman,925,North Calais Disc Golf Course,Blue Tees,65,18,2,11:10:00,69,4,916,140,True,False,18,69,True,True,True
78862,2024,MA1,2,682155,174031,174031,909,Round 2,2024-08-11,Ian MacDonald,909,North Calais Disc Golf Course,Blue Tees,65,18,3,11:20:00,70,5,907,140,True,False,18,70,True,True,True
78862,2024,MA1,2,682155,146226,146226,911,Round 2,2024-08-11,Jason Cagney,927,North Calais Disc Golf Course,Blue Tees,65,18,2,11:40:00,72,7,891,140,True,False,18,72,True,True,True
78862,2024,MA1,2,682155,162806,162806,892,Round 2,2024-08-11,Ethan Springer,886,North Calais Disc Golf Course,Blue Tees,65,18,1,11:00:00,71,6,899,143,True,False,18,71,True,True,True
78862,2024,MA1,2,682155,242103,242103,854,Round 2,2024-08-11,Nathan Oxenfeld,895,North Calais Disc Golf Course,Blue Tees,65,18,1,11:10:00,73,8,883,143,True,False,18,73,True,True,True
78862,2024,MA1,2,682155,192901,192901,910,Round 2,2024-08-11,Micah Munro,890,North Calais Disc Golf Course,Blue Tees,65,18,1,11:40:00,76,11,859,143,True,False,18,76,True,True,True
78862,2024,MA1,2,682155,218262,218262,897,Round 2,2024-08-11,Jerry Jackman,913,North Calais Disc Golf Course,Blue Tees,65,18,3,11:10:00,73,8,883,144,True,False,18,73,True,True,True
78862,2024,MA1,2,682155,158783,158783,907,Round 2,2024-08-11,Joseph Humes,906,North Calais Disc Golf Course,Blue Tees,65,18,1,10:50:00,68,3,924,145,True,False,18,68,True,True,True
78862,2024,MA1,2,682155,222597,222597,886,Round 2,2024-08-11,Jack McCarthy,,North Calais Disc Golf Course,Blue Tees,65,18,4,11:20:00,76,11,859,146,True,False,18,76,True,True,True
78862,2024,MA1,2,682155,210681,210681,894,Round 2,2024-08-11,Kyle Anderson Andresen,911,North Calais Disc Golf Course,Blue Tees,65,18,3,11:00:00,73,8,883,149,True,False,18,73,True,True,True
78862,2024,MA1,2,682155,96154,96154,877,Round 2,2024-08-11,Travis Jacques,871,North Calais Disc Golf Course,Blue Tees,65,18,2,11:00:00,79,14,834,153,True,False,18,79,True,True,True
78862,2024,MA1,2,682155,137408,137408,823,Round 2,2024-08-11,Aaron Gingras,,North Calais Disc Golf Course,Blue Tees,65,18,2,10:50:00,76,11,859,154,True,False,18,76,True,True,True
78862,2024,MA1,2,682155,239437,239437,728,Round 2,2024-08-11,Simon Bethune,830,North Calais Disc Golf Course,Blue Tees,65,18,3,10:50:00,97,32,687,184,True,False,18,97,True,True,True
78862,2024,MA2,1,682155,63896,63896,883,Round 1,2024-08-11,Ross King,899,North Calais Disc Golf Course,Blue Tees,65,18,1,09:40:00,67,2,932,136,True,False,18,67,True,True,True
78862,2024,MA2,1,682155,244747,244747,893,Round 1,2024-08-11,Shane Hinkley,,North Calais Disc Golf Course,Blue Tees,65,18,3,09:30:00,67,2,932,134,True,False,18,67,True,True,True
78862,2024,MA2,1,682155,235035,235035,880,Round 1,2024-08-11,Paul Seyler,908,North Calais Disc Golf Course,Blue Tees,65,18,2,09:50:00,68,3,924,145,True,False,18,68,True,True,True
78862,2024,MA2,1,682155,180438,180438,908,Round 1,2024-08-11,Elian Furs,,North Calais Disc Golf Course,Blue Tees,65,18,2,10:00:00,69,4,916,135,True,False,18,69,True,True,True
78862,2024,MA2,1,682155,286623,286623,897,Round 1,2024-08-11,Ethan Santor,916,North Calais Disc Golf Course,Blue Tees,65,18,3,09:50:00,69,4,916,143,True,False,18,69,True,True,True
78862,2024,MA2,1,682155,278390,278390,912,Round 1,2024-08-11,Edward Blow,,North Calais Disc Golf Course,Blue Tees,65,18,4,10:00:00,70,5,907,140,True,False,18,70,True,True,True
78862,2024,MA2,1,682155,189203,189203,903,Round 1,2024-08-11,Bobby Martino,911,North Calais Disc Golf Course,Blue Tees,65,18,2,09:40:00,71,6,899,144,True,False,18,71,True,True,True
78862,2024,MA2,1,682155,name:ethan rubin,,,Round 1,2024-08-11,Ethan Rubin,,North Calais Disc Golf Course,Blue Tees,65,18,3,09:40:00,72,7,891,142,True,False,18,72,True,True,True
78862,2024,MA2,1,682155,213224,213224,902,Round 1,2024-08-11,Justin Griswold,914,North Calais Disc Golf Course,Blue Tees,65,18,1,09:50:00,73,8,883,145,True,False,18,73,True,True,True
78862,2024,MA2,1,682155,224931,224931,896,Round 1,2024-08-11,Mark Thompson,,North Calais Disc Golf Course,Blue Tees,65,18,2,09:30:00,76,11,859,149,True,False,18,76,True,True,True
78862,2024,MA2,1,682155,177260,177260,901,Round 1,2024-08-11,Fisher Evans,,North Calais Disc Golf Course,Blue Tees,65,18,1,09:30:00,77,12,850,145,True,False,18,77,True,True,True
78862,2024,MA2,1,682155,name:micah jankowski,,,Round 1,2024-08-11,Micah Jankowski,,North Calais Disc Golf Course,Blue Tees,65,18,4,09:50:00,77,12,850,160,True,False,18,77,True,True,True
78862,2024,MA2,1,682155,202948,202948,833,Round 1,2024-08-11,Nicholas Morrissey,849,North Calais Disc Golf Course,Blue Tees,65,18,3,10:00:00,81,16,818,162,True,False,18,81,True,True,True
78862,2024,MA2,1,682155,137736,137736,839,Round 1,2024-08-11,Logan Cooke,880,North Calais Disc Golf Course,Blue Tees,65,18,1,10:00:00,88,23,761,172,True,False,18,88,True,True,True
78862,2024,MA2,2,682155,244747,244747,893,Round 2,2024-08-11,Shane Hinkley,,North Calais Disc Golf Course,Blue Tees,65,18,2,10:00:00,67,2,932,134,True,False,18,67,True,True,True
78862,2024,MA2,2,682155,180438,180438,908,Round 2,2024-08-11,Elian Furs,,North Calais Disc Golf Course,Blue Tees,65,18,4,10:00:00,66,1,940,135,True,False,18,66,True,True,True
78862,2024,MA2,2,682155,63896,63896,883,Round 2,2024-08-11,Ross King,899,North Calais Disc Golf Course,Blue Tees,65,18,1,10:00:00,69,4,916,136,True,False,18,69,True,True,True
78862,2024,MA2,2,682155,278390,278390,912,Round 2,2024-08-11,Edward Blow,,North Calais Disc Golf Course,Blue Tees,65,18,2,09:50:00,70,5,907,140,True,False,18,70,True,True,True
78862,2024,MA2,2,682155,name:ethan rubin,,,Round 2,2024-08-11,Ethan Rubin,,North Calais Disc Golf Course,Blue Tees,65,18,4,09:50:00,70,5,907,142,True,False,18,70,True,True,True
78862,2024,MA2,2,682155,286623,286623,897,Round 2,2024-08-11,Ethan Santor,916,North Calais Disc Golf Course,Blue Tees,65,18,1,09:50:00,74,9,875,143,True,False,18,74,True,True,True
78862,2024,MA2,2,682155,189203,189203,903,Round 2,2024-08-11,Bobby Martino,911,North Calais Disc Golf Course,Blue Tees,65,18,3,09:50:00,73,8,883,144,True,False,18,73,True,True,True
78862,2024,MA2,2,682155,177260,177260,901,Round 2,2024-08-11,Fisher Evans,,North Calais Disc Golf Course,Blue Tees,65,18,3,09:40:00,68,3,924,145,True,False,18,68,True,True,True
78862,2024,MA2,2,682155,213224,213224,902,Round 2,2024-08-11,Justin Griswold,914,North Calais Disc Golf Course,Blue Tees,65,18,1,09:40:00,72,7,891,145,True,False,18,72,True,True,True
78862,2024,MA2,2,682155,235035,235035,880,Round 2,2024-08-11,Paul Seyler,908,North Calais Disc Golf Course,Blue Tees,65,18,3,10:00:00,77,12,850,145,True,False,18,77,True,True,True
78862,2024,MA2,2,682155,224931,224931,896,Round 2,2024-08-11,Mark Thompson,,North Calais Disc Golf Course,Blue Tees,65,18,2,09:40:00,73,8,883,149,True,False,18,73,True,True,True
78862,2024,MA2,2,682155,name:micah jankowski,,,Round 2,2024-08-11,Micah Jankowski,,North Calais Disc Golf Course,Blue Tees,65,18,1,09:30:00,83,18,802,160,True,False,18,83,True,True,True
78862,2024,MA2,2,682155,202948,202948,833,Round 2,2024-08-11,Nicholas Morrissey,849,North Calais Disc Golf Course,Blue Tees,65,18,2,09:30:00,81,16,818,162,True,False,18,81,True,True,True
78862,2024,MA2,2,682155,137736,137736,839,Round 2,2024-08-11,Logan Cooke,880,North Calais Disc Golf Course,Blue Tees,65,18,3,09:30:00,84,19,793,172,True,False,18,84,True,True,True
78862,2024,MA3,1,682154,228201,228201,831,Round 1,2024-08-11,Waylon Spring,883,North Calais Disc Golf Course,White Tees,65,18,4,08:40:00,60,-5,921,122,True,False,18,60,True,True,True
78862,2024,MA3,1,682154,113583,113583,794,Round 1,2024-08-11,Wesley Bailey,913,North Calais Disc Golf Course,White Tees,65,18,2,08:50:00,62,-3,902,131,True,False,18,62,True,True,True
78862,2024,MA3,1,682154,122720,122720,871,Round 1,2024-08-11,Todd Morris,,North Calais Disc Golf Course,White Tees,65,18,4,08:30:00,64,-1,882,125,True,False,18,64,True,True,True
78862,2024,MA3,1,682154,221831,221831,863,Round 1,2024-08-11,Ruben Furs,,North Calais Disc Golf Course,White Tees,65,18,1,08:40:00,65,0,873,126,True,False,18,65,True,True,True
78862,2024,MA3,1,682154,261284,261284,820,Round 1,2024-08-11,Blake Martino,916,North Calais Disc Golf Course,White Tees,65,18,3,08:40:00,65,0,873,124,True,False,18,65,True,True,True
78862,2024,MA3,1,682154,239719,239719,849,Round 1,2024-08-11,Thane Griswold,820,North Calais Disc Golf Course,White Tees,65,18,4,08:50:00,68,3,844,139,True,False,18,68,True,True,True
78862,2024,MA3,1,682154,113582,113582,731,Round 1,2024-08-11,William Bailey,,North Calais Disc Golf Course,White Tees,65,18,1,08:50:00,69,4,834,140,True,False,18,69,True,True,True
78862,2024,MA3,1,682154,286641,286641,789,Round 1,2024-08-11,Matthew Lanctot,837,North Calais Disc Golf Course,White Tees,65,18,2,08:30:00,69,4,834,136,True,False,18,69,True,True,True
78862,2024,MA3,1,682154,273934,273934,855,Round 1,2024-08-11,Tony Morse,,North Calais Disc Golf Course,White Tees,65,18,1,08:30:00,72,7,805,141,True,False,18,72,True,True,True
78862,2024,MA3,1,682154,266150,266150,819,Round 1,2024-08-11,James Sheehan,864,North Calais Disc Golf Course,White Tees,65,18,2,08:40:00,74,9,786,144,True,False,18,74,True,True,True
78862,2024,MA3,1,682154,278723,278723,743,Round 1,2024-08-11,Jeffrey Poplawski,776,North Calais Disc Golf Course,White Tees,65,18,3,08:50:00,77,12,757,149,True,False,18,77,True,True,True
78862,2024,MA3,1,682154,name:rob murray,,,Round 1,2024-08-11,Rob Murray,,North Calais Disc Golf Course,White Tees,65,18,3,08:30:00,86,21,670,166,True,False,18,86,True,True,True
78862,2024,MA3,2,682154,228201,228201,831,Round 2,2024-08-11,Waylon Spring,883,North Calais Disc Golf Course,White Tees,65,18,1,08:50:00,62,-3,902,122,True,False,18,62,True,True,True
78862,2024,MA3,2,682154,261284,261284,820,Round 2,2024-08-11,Blake Martino,916,North Calais Disc Golf Course,White Tees,65,18,1,08:40:00,59,-6,931,124,True,False,18,59,True,True,True
78862,2024,MA3,2,682154,122720,122720,871,Round 2,2024-08-11,Todd Morris,,North Calais Disc Golf Course,White Tees,65,18,3,08:50:00,61,-4,911,125,True,False,18,61,True,True,True
78862,2024,MA3,2,682154,221831,221831,863,Round 2,2024-08-11,Ruben Furs,,North Calais Disc Golf Course,White Tees,65,18,4,08:50:00,61,-4,911,126,True,False,18,61,True,True,True
78862,2024,MA3,2,682154,113583,113583,794,Round 2,2024-08-11,Wesley Bailey,913,North Calais Disc Golf Course,White Tees,65,18,2,08:50:00,69,4,834,131,True,False,18,69,True,True,True
78862,2024,MA3,2,682154,286641,286641,789,Round 2,2024-08-11,Matthew Lanctot,837,North Calais Disc Golf Course,White Tees,65,18,4,08:40:00,67,2,853,136,True,False,18,67,True,True,True
78862,2024,MA3,2,682154,239719,239719,849,Round 2,2024-08-11,Thane Griswold,820,North Calais Disc Golf Course,White Tees,65,18,2,08:40:00,71,6,815,139,True,False,18,71,True,True,True
78862,2024,MA3,2,682154,113582,113582,731,Round 2,2024-08-11,William Bailey,,North Calais Disc Golf Course,White Tees,65,18,3,08:40:00,71,6,815,140,True,False,18,71,True,True,True
78862,2024,MA3,2,682154,273934,273934,855,Round 2,2024-08-11,Tony Morse,,North Calais Disc Golf Course,White Tees,65,18,1,08:30:00,69,4,834,141,True,False,18,69,True,True,True
78862,2024,MA3,2,682154,266150,266150,819,Round 2,2024-08-11,James Sheehan,864,North Calais Disc Golf Course,White Tees,65,18,2,08:30:00,70,5,824,144,True,False,18,70,True,True,True
78862,2024,MA3,2,682154,278723,278723,743,Round 2,2024-08-11,Jeffrey Poplawski,776,North Calais Disc Golf Course,White Tees,65,18,3,08:30:00,72,7,805,149,True,False,18,72,True,True,True
78862,2024,MA3,2,682154,name:rob murray,,,Round 2,2024-08-11,Rob Murray,,North Calais Disc Golf Course,White Tees,65,18,4,08:30:00,80,15,728,166,True,False,18,80,True,True,True
78862,2024,MA40,1,682155,84935,84935,878,Round 1,2024-08-11,Droo Fisher,866,North Calais Disc Golf Course,Blue Tees,65,18,2,10:20:00,70,5,907,139,True,False,18,70,True,True,True
78862,2024,MA40,1,682155,73588,73588,897,Round 1,2024-08-11,Will Cleland,910,North Calais Disc Golf Course,Blue Tees,65,18,1,10:10:00,73,8,883,148,True,False,18,73,True,True,True
78862,2024,MA40,1,682155,216349,216349,857,Round 1,2024-08-11,Justin Bassett,879,North Calais Disc Golf Course,Blue Tees,65,18,3,10:20:00,73,8,883,147,True,False,18,73,True,True,True
78862,2024,MA40,1,682155,275118,275118,822,Round 1,2024-08-11,Matthew German,905,North Calais Disc Golf Course,Blue Tees,65,18,3,10:10:00,76,11,859,154,True,False,18,76,True,True,True
78862,2024,MA40,1,682155,181431,181431,865,Round 1,2024-08-11,Sam Winn,,North Calais Disc Golf Course,Blue Tees,65,18,2,10:10:00,78,13,842,155,True,False,18,78,True,True,True
78862,2024,MA40,1,682155,205696,205696,848,Round 1,2024-08-11,Matthew Smith,856,North Calais Disc Golf Course,Blue Tees,65,18,4,10:10:00,78,13,842,158,True,False,18,78,True,True,True
78862,2024,MA40,1,682155,161644,161644,829,Round 1,2024-08-11,Garrett Sargent,818,North Calais Disc Golf Course,Blue Tees,65,18,1,10:20:00,83,18,802,165,True,False,18,83,True,True,True
78862,2024,MA40,2,682155,84935,84935,878,Round 2,2024-08-11,Droo Fisher,866,North Calais Disc Golf Course,Blue Tees,65,18,1,10:20:00,69,4,916,139,True,False,18,69,True,True,True
78862,2024,MA40,2,682155,216349,216349,857,Round 2,2024-08-11,Justin Bassett,879,North Calais Disc Golf Course,Blue Tees,65,18,3,10:20:00,74,9,875,147,True,False,18,74,True,True,True
78862,2024,MA40,2,682155,73588,73588,897,Round 2,2024-08-11,Will Cleland,910,North Calais Disc Golf Course,Blue Tees,65,18,2,10:20:00,75,10,867,148,True,False,18,75,True,True,True
78862,2024,MA40,2,682155,275118,275118,822,Round 2,2024-08-11,Matthew German,905,North Calais Disc Golf Course,Blue Tees,65,18,4,10:20:00,78,13,842,154,True,False,18,78,True,True,True
78862,2024,MA40,2,682155,181431,181431,865,Round 2,2024-08-11,Sam Winn,,North Calais Disc Golf Course,Blue Tees,65,18,1,10:10:00,77,12,850,155,True,False,18,77,True,True,True
78862,2024,MA40,2,682155,205696,205696,848,Round 2,2024-08-11,Matthew Smith,856,North Calais Disc Golf Course,Blue Tees,65,18,2,10:10:00,80,15,826,158,True,False,18,80,True,True,True
78862,2024,MA40,2,682155,161644,161644,829,Round 2,2024-08-11,Garrett Sargent,818,North Calais Disc Golf Course,Blue Tees,65,18,3,10:10:00,82,17,810,165,True,False,18,82,True,True,True
78862,2024,MA50,1,682155,34127,34127,850,Round 1,2024-08-11,Alan Rosa,867,North Calais Disc Golf Course,Blue Tees,65,18,1,10:30:00,68,3,924,142,True,False,18,68,True,True,True
78862,2024,MA50,1,682155,name:daniel desch,,,Round 1,2024-08-11,Daniel Desch,,North Calais Disc Golf Course,Blue Tees,65,18,3,10:30:00,70,5,907,145,True,False,18,70,True,True,True
78862,2024,MA50,1,682155,251178,251178,880,Round 1,2024-08-11,Dan Rico,876,North Calais Disc Golf Course,Blue Tees,65,18,2,10:30:00,79,14,834,154,True,False,18,79,True,True,True
78862,2024,MA50,2,682155,34127,34127,850,Round 2,2024-08-11,Alan Rosa,867,North Calais Disc Golf Course,Blue Tees,65,18,1,10:30:00,74,9,875,142,True,False,18,74,True,True,True
78862,2024,MA50,2,682155,name:daniel desch,,,Round 2,2024-08-11,Daniel Desch,,North Calais Disc Golf Course,Blue Tees,65,18,2,10:30:00,75,10,867,145,True,False,18,75,True,True,True
78862,2024,MA50,2,682155,251178,251178,880,Round 2,2024-08-11,Dan Rico,876,North Calais Disc Golf Course,Blue Tees,65,18,3,10:30:00,75,10,867,154,True,False,18,75,True,True,True
78862,2024,MA60,1,682155,91301,91301,908,Round 1,2024-08-11,Michael A. Stridsberg,898,North Calais Disc Golf Course,Blue Tees,65,18,1,10:40:00,72,7,891,139,True,False,18,72,True,True,True
78862,2024,MA60,1,682155,287097,287097,829,Round 1,2024-08-11,Todd Sternbach,817,North Calais Disc Golf Course,Blue Tees,65,18,4,10:40:00,77,12,850,158,True,False,18,77,True,True,True
78862,2024,MA60,1,682155,248502,248502,778,Round 1,2024-08-11,Christian Andresen,846,North Calais Disc Golf Course,Blue Tees,65,18,3,10:40:00,80,15,826,168,True,False,18,80,True,True,True
78862,2024,MA60,1,682155,131352,131352,813,Round 1,2024-08-11,David Havens,816,North Calais Disc Golf Course,Blue Tees,65,18,2,10:40:00,85,20,785,171,True,False,18,85,True,True,True
78862,2024,MA60,2,682155,91301,91301,908,Round 2,2024-08-11,Michael A. Stridsberg,898,North Calais Disc Golf Course,Blue Tees,65,18,1,10:40:00,67,2,932,139,True,False,18,67,True,True,True
78862,2024,MA60,2,682155,287097,287097,829,Round 2,2024-08-11,Todd Sternbach,817,North Calais Disc Golf Course,Blue Tees,65,18,2,10:40:00,81,16,818,158,True,False,18,81,True,True,True
78862,2024,MA60,2,682155,248502,248502,778,Round 2,2024-08-11,Christian Andresen,846,North Calais Disc Golf Course,Blue Tees,65,18,3,10:40:00,88,23,761,168,True,False,18,88,True,True,True
78862,2024,MA60,2,682155,131352,131352,813,Round 2,2024-08-11,David Havens,816,North Calais Disc Golf Course,Blue Tees,65,18,4,10:40:00,86,21,777,171,True,False,18,86,True,True,True
78862,2024,MP40,1,682156,22318,22318,959,Round 1,2024-08-11,Aaron Smartt,965,North Calais Disc Golf Course,Gold Tees,65,18,4,14:00:00,65,0,995,135,True,False,18,65,True,True,True
78862,2024,MP40,1,682156,47667,47667,940,Round 1,2024-08-11,Colin Meiklejohn,949,North Calais Disc Golf Course,Gold Tees,65,18,1,13:50:00,65,0,995,140,True,False,18,65,True,True,True
78862,2024,MP40,1,682156,63390,63390,974,Round 1,2024-08-11,Jim Bailey,986,North Calais Disc Golf Course,Gold Tees,65,18,3,13:50:00,67,2,981,136,True,False,18,67,True,True,True
78862,2024,MP40,1,682156,11047,11047,941,Round 1,2024-08-11,Timothy Walsh,947,North Calais Disc Golf Course,Gold Tees,65,18,3,14:00:00,69,4,968,138,True,False,18,69,True,True,True
78862,2024,MP40,1,682156,24381,24381,936,Round 1,2024-08-11,Chris Young,937,North Calais Disc Golf Course,Gold Tees,65,18,1,14:00:00,69,4,968,146,True,False,18,69,True,True,True
78862,2024,MP40,1,682156,12667,12667,914,Round 1,2024-08-11,Scott Shepardson,906,North Calais Disc Golf Course,Gold Tees,65,18,1,13:40:00,73,8,940,157,True,False,18,73,True,True,True
78862,2024,MP40,1,682156,94273,94273,866,Round 1,2024-08-11,Marques Pozzani,863,North Calais Disc Golf Course,Gold Tees,65,18,2,14:00:00,75,10,926,162,True,False,18,75,True,True,True
78862,2024,MP40,1,682156,109527,109527,871,Round 1,2024-08-11,Mike Wenzel,901,North Calais Disc Golf Course,Gold Tees,65,18,2,13:50:00,76,11,919,159,True,False,18,76,True,True,True
78862,2024,MP40,1,682156,228455,228455,936,Round 1,2024-08-11,Jonathan Alexander Fitch,,North Calais Disc Golf Course,Gold Tees,65,18,3,13:40:00,76,11,919,156,True,False,18,76,True,True,True
78862,2024,MP40,1,682156,193211,193211,941,Round 1,2024-08-11,Greg Babbin,933,North Calais Disc Golf Course,Gold Tees,65,18,2,13:40:00,78,13,906,158,True,False,18,78,True,True,True
78862,2024,MP40,2,682156,22318,22318,959,Round 2,2024-08-11,Aaron Smartt,965,North Calais Disc Golf Course,Gold Tees,65,18,1,13:50:00,70,5,961,135,True,False,18,70,True,True,True
78862,2024,MP40,2,682156,63390,63390,974,Round 2,2024-08-11,Jim Bailey,986,North Calais Disc Golf Course,Gold Tees,65,18,3,13:50:00,69,4,968,136,True,False,18,69,True,True,True
78862,2024,MP40,2,682156,11047,11047,941,Round 2,2024-08-11,Timothy Walsh,947,North Calais Disc Golf Course,Gold Tees,65,18,4,13:50:00,69,4,968,138,True,False,18,69,True,True,True
78862,2024,MP40,2,682156,47667,47667,940,Round 2,2024-08-11,Colin Meiklejohn,949,North Calais Disc Golf Course,Gold Tees,65,18,2,13:50:00,75,10,926,140,True,False,18,75,True,True,True
78862,2024,MP40,2,682156,24381,24381,936,Round 2,2024-08-11,Chris Young,937,North Calais Disc Golf Course,Gold Tees,65,18,1,13:40:00,77,12,912,146,True,False,18,77,True,True,True
78862,2024,MP40,2,682156,228455,228455,936,Round 2,2024-08-11,Jonathan Alexander Fitch,,North Calais Disc Golf Course,Gold Tees,65,18,2,13:30:00,80,15,892,156,True,False,18,80,True,True,True
78862,2024,MP40,2,682156,12667,12667,914,Round 2,2024-08-11,Scott Shepardson,906,North Calais Disc Golf Course,Gold Tees,65,18,2,13:40:00,84,19,864,157,True,False,18,84,True,True,True
78862,2024,MP40,2,682156,193211,193211,941,Round 2,2024-08-11,Greg Babbin,933,North Calais Disc Golf Course,Gold Tees,65,18,3,13:30:00,80,15,892,158,True,False,18,80,True,True,True
78862,2024,MP40,2,682156,109527,109527,871,Round 2,2024-08-11,Mike Wenzel,901,North Calais Disc Golf Course,Gold Tees,65,18,1,13:30:00,83,18,871,159,True,False,18,83,True,True,True
78862,2024,MP40,2,682156,94273,94273,866,Round 2,2024-08-11,Marques Pozzani,863,North Calais Disc Golf Course,Gold Tees,65,18,3,13:40:00,87,22,843,162,True,False,18,87,True,True,True
78862,2024,MP50,1,682155,125921,125921,885,Round 1,2024-08-11,Christopher Conk,905,North Calais Disc Golf Course,Blue Tees,65,18,2,12:10:00,68,3,924,136,True,False,18,68,True,True,True
78862,2024,MP50,1,682155,132446,132446,906,Round 1,2024-08-11,Yves Desgreniers,917,North Calais Disc Golf Course,Blue Tees,65,18,2,12:20:00,68,3,924,138,True,False,18,68,True,True,True
78862,2024,MP50,1,682155,157577,157577,898,Round 1,2024-08-11,Ian Butman,901,North Calais Disc Golf Course,Blue Tees,65,18,3,12:10:00,69,4,916,140,True,False,18,69,True,True,True
78862,2024,MP50,1,682155,96621,96621,939,Round 1,2024-08-11,Jeremy McKittrick,932,North Calais Disc Golf Course,Blue Tees,65,18,1,12:20:00,70,5,907,133,True,False,18,70,True,True,True
78862,2024,MP50,1,682155,120692,120692,898,Round 1,2024-08-11,Corey Johnson,911,North Calais Disc Golf Course,Blue Tees,65,18,1,12:10:00,71,6,899,143,True,False,18,71,True,True,True
78862,2024,MP50,1,682155,223480,223480,871,Round 1,2024-08-11,Marc Kirkpatrick,879,North Calais Disc Golf Course,Blue Tees,65,18,3,12:20:00,83,18,802,148,True,False,18,83,True,True,True
78862,2024,MP50,2,682155,96621,96621,939,Round 2,2024-08-11,Jeremy McKittrick,932,North Calais Disc Golf Course,Blue Tees,65,18,4,12:10:00,63,-2,965,133,True,False,18,63,True,True,True
78862,2024,MP50,2,682155,125921,125921,885,Round 2,2024-08-11,Christopher Conk,905,North Calais Disc Golf Course,Blue Tees,65,18,1,12:10:00,68,3,924,136,True,False,18,68,True,True,True
78862,2024,MP50,2,682155,132446,132446,906,Round 2,2024-08-11,Yves Desgreniers,917,North Calais Disc Golf Course,Blue Tees,65,18,2,12:10:00,70,5,907,138,True,False,18,70,True,True,True
78862,2024,MP50,2,682155,157577,157577,898,Round 2,2024-08-11,Ian Butman,901,North Calais Disc Golf Course,Blue Tees,65,18,3,12:10:00,71,6,899,140,True,False,18,71,True,True,True
78862,2024,MP50,2,682155,120692,120692,898,Round 2,2024-08-11,Corey Johnson,911,North Calais Disc Golf Course,Blue Tees,65,18,1,12:20:00,72,7,891,143,True,False,18,72,True,True,True
78862,2024,MP50,2,682155,223480,223480,871,Round 2,2024-08-11,Marc Kirkpatrick,879,North Calais Disc Golf Course,Blue Tees,65,18,4,12:20:00,65,0,948,148,True,False,18,65,True,True,True
78862,2024,MPO,1,682156,241573,241573,997,Round 1,2024-08-11,Whit Stephenson,998,North Calais Disc Golf Course,Gold Tees,65,18,3,13:10:00,61,-4,1023,125,True,False,18,61,True,True,True
78862,2024,MPO,1,682156,81283,81283,993,Round 1,2024-08-11,Ronnie Bennett,968,North Calais Disc Golf Course,Gold Tees,65,18,1,13:20:00,64,-1,1002,126,True,False,18,64,True,True,True
78862,2024,MPO,1,682156,140098,140098,968,Round 1,2024-08-11,Angus Barstow,980,North Calais Disc Golf Course,Gold Tees,65,18,3,13:20:00,64,-1,1002,136,True,False,18,64,True,True,True
78862,2024,MPO,1,682156,161558,161558,986,Round 1,2024-08-11,Brad Schott,994,North Calais Disc Golf Course,Gold Tees,65,18,4,13:00:00,65,0,995,134,True,False,18,65,True,True,True
78862,2024,MPO,1,682156,121362,121362,959,Round 1,2024-08-11,Jonathan Russo,951,North Calais Disc Golf Course,Gold Tees,65,18,1,12:50:00,66,1,988,135,True,False,18,66,True,True,True
78862,2024,MPO,1,682156,167837,167837,978,Round 1,2024-08-11,Elijah Garrison,1004,North Calais Disc Golf Course,Gold Tees,65,18,3,13:00:00,66,1,988,129,True,False,18,66,True,True,True
78862,2024,MPO,1,682156,187845,187845,961,Round 1,2024-08-11,Shane Seals,962,North Calais Disc Golf Course,Gold Tees,65,18,2,13:10:00,66,1,988,134,True,False,18,66,True,True,True
78862,2024,MPO,1,682156,69888,69888,969,Round 1,2024-08-11,Evan Shper,971,North Calais Disc Golf Course,Gold Tees,65,18,1,13:00:00,67,2,981,130,True,False,18,67,True,True,True
78862,2024,MPO,1,682156,169393,169393,956,Round 1,2024-08-11,Aidan Trombley,977,North Calais Disc Golf Course,Gold Tees,65,18,4,13:10:00,71,6,954,139,True,False,18,71,True,True,True
78862,2024,MPO,1,682156,85970,85970,955,Round 1,2024-08-11,Ben Drogue,966,North Calais Disc Golf Course,Gold Tees,65,18,2,12:40:00,73,8,940,143,True,False,18,73,True,True,True
78862,2024,MPO,1,682156,106751,106751,948,Round 1,2024-08-11,Jeffrey Abbott,952,North Calais Disc Golf Course,Gold Tees,65,18,3,12:50:00,73,8,940,142,True,False,18,73,True,True,True
78862,2024,MPO,1,682156,136903,136903,954,Round 1,2024-08-11,Alex Ferguson,957,North Calais Disc Golf Course,Gold Tees,65,18,2,13:00:00,73,8,940,142,True,False,18,73,True,True,True
78862,2024,MPO,1,682156,142744,142744,970,Round 1,2024-08-11,Abel German,974,North Calais Disc Golf Course,Gold Tees,65,18,1,13:10:00,73,8,940,142,True,False,18,73,True,True,True
78862,2024,MPO,1,682156,101829,101829,925,Round 1,2024-08-11,Joshua Storgaard,,North Calais Disc Golf Course,Gold Tees,65,18,4,13:20:00,74,9,933,145,True,False,18,74,True,True,True
78862,2024,MPO,1,682156,131201,131201,932,Round 1,2024-08-11,Tyler LaPerle,973,North Calais Disc Golf Course,Gold Tees,65,18,2,13:20:00,74,9,933,142,True,False,18,74,True,True,True
78862,2024,MPO,1,682156,161510,161510,918,Round 1,2024-08-11,TJ Rubin,919,North Calais Disc Golf Course,Gold Tees,65,18,3,12:40:00,74,9,933,153,True,False,18,74,True,True,True
78862,2024,MPO,1,682156,100885,100885,959,Round 1,2024-08-11,Jacob Moore,945,North Calais Disc Golf Course,Gold Tees,65,18,4,13:30:00,75,10,926,150,True,False,18,75,True,True,True
78862,2024,MPO,1,682156,221449,221449,895,Round 1,2024-08-11,Shane Proctor,885,North Calais Disc Golf Course,Gold Tees,65,18,2,13:30:00,77,12,912,149,True,False,18,77,True,True,True
78862,2024,MPO,1,682156,207793,207793,906,Round 1,2024-08-11,Walker White,917,North Calais Disc Golf Course,Gold Tees,65,18,3,13:30:00,78,13,906,158,True,False,18,78,True,True,True
78862,2024,MPO,1,682156,252153,252153,928,Round 1,2024-08-11,Tyler Pelkey,,North Calais Disc Golf Course,Gold Tees,65,18,1,13:30:00,78,13,906,152,True,False,18,78,True,True,True
78862,2024,MPO,1,682156,109086,109086,944,Round 1,2024-08-11,Aaron Schlossberg,947,North Calais Disc Golf Course,Gold Tees,65,18,1,12:40:00,81,16,885,160,True,False,18,81,True,True,True
78862,2024,MPO,1,682156,257327,257327,893,Round 1,2024-08-11,Owen Motyka,920,North Calais Disc Golf Course,Gold Tees,65,18,2,12:50:00,90,25,823,169,True,False,18,90,True,True,True
78862,2024,MPO,2,682156,241573,241573,997,Round 2,2024-08-11,Whit Stephenson,998,North Calais Disc Golf Course,Gold Tees,65,18,1,13:20:00,64,-1,1002,125,True,False,18,64,True,True,True
78862,2024,MPO,2,682156,81283,81283,993,Round 2,2024-08-11,Ronnie Bennett,968,North Calais Disc Golf Course,Gold Tees,65,18,2,13:20:00,62,-3,1016,126,True,False,18,62,True,True,True
78862,2024,MPO,2,682156,167837,167837,978,Round 2,2024-08-11,Elijah Garrison,1004,North Calais Disc Golf Course,Gold Tees,65,18,2,13:10:00,63,-2,1009,129,True,False,18,63,True,True,True
78862,2024,MPO,2,682156,69888,69888,969,Round 2,2024-08-11,Evan Shper,971,North Calais Disc Golf Course,Gold Tees,65,18,4,13:10:00,63,-2,1009,130,True,False,18,63,True,True,True
78862,2024,MPO,2,682156,187845,187845,961,Round 2,2024-08-11,Shane Seals,962,North Calais Disc Golf Course,Gold Tees,65,18,3,13:10:00,68,3,974,134,True,False,18,68,True,True,True
78862,2024,MPO,2,682156,161558,161558,986,Round 2,2024-08-11,Brad Schott,994,North Calais Disc Golf Course,Gold Tees,65,18,4,13:20:00,69,4,968,134,True,False,18,69,True,True,True
78862,2024,MPO,2,682156,121362,121362,959,Round 2,2024-08-11,Jonathan Russo,951,North Calais Disc Golf Course,Gold Tees,65,18,1,13:10:00,69,4,968,135,True,False,18,69,True,True,True
78862,2024,MPO,2,682156,140098,140098,968,Round 2,2024-08-11,Angus Barstow,980,North Calais Disc Golf Course,Gold Tees,65,18,3,13:20:00,72,7,947,136,True,False,18,72,True,True,True
78862,2024,MPO,2,682156,169393,169393,956,Round 2,2024-08-11,Aidan Trombley,977,North Calais Disc Golf Course,Gold Tees,65,18,1,13:00:00,68,3,974,139,True,False,18,68,True,True,True
78862,2024,MPO,2,682156,131201,131201,932,Round 2,2024-08-11,Tyler LaPerle,973,North Calais Disc Golf Course,Gold Tees,65,18,3,12:50:00,68,3,974,142,True,False,18,68,True,True,True
78862,2024,MPO,2,682156,106751,106751,948,Round 2,2024-08-11,Jeffrey Abbott,952,North Calais Disc Golf Course,Gold Tees,65,18,3,13:00:00,69,4,968,142,True,False,18,69,True,True,True
78862,2024,MPO,2,682156,136903,136903,954,Round 2,2024-08-11,Alex Ferguson,957,North Calais Disc Golf Course,Gold Tees,65,18,4,13:00:00,69,4,968,142,True,False,18,69,True,True,True
78862,2024,MPO,2,682156,142744,142744,970,Round 2,2024-08-11,Abel German,974,North Calais Disc Golf Course,Gold Tees,65,18,1,12:50:00,69,4,968,142,True,False,18,69,True,True,True
78862,2024,MPO,2,682156,85970,85970,955,Round 2,2024-08-11,Ben Drogue,966,North Calais Disc Golf Course,Gold Tees,65,18,2,13:00:00,70,5,961,143,True,False,18,70,True,True,True
78862,2024,MPO,2,682156,101829,101829,925,Round 2,2024-08-11,Joshua Storgaard,,North Calais Disc Golf Course,Gold Tees,65,18,2,12:50:00,71,6,954,145,True,False,18,71,True,True,True
78862,2024,MPO,2,682156,221449,221449,895,Round 2,2024-08-11,Shane Proctor,885,North Calais Disc Golf Course,Gold Tees,65,18,2,12:40:00,72,7,947,149,True,False,18,72,True,True,True
78862,2024,MPO,2,682156,100885,100885,959,Round 2,2024-08-11,Jacob Moore,945,North Calais Disc Golf Course,Gold Tees,65,18,1,12:40:00,75,10,926,150,True,False,18,75,True,True,True
78862,2024,MPO,2,682156,252153,252153,928,Round 2,2024-08-11,Tyler Pelkey,,North Calais Disc Golf Course,Gold Tees,65,18,1,12:30:00,74,9,933,152,True,False,18,74,True,True,True
78862,2024,MPO,2,682156,161510,161510,918,Round 2,2024-08-11,TJ Rubin,919,North Calais Disc Golf Course,Gold Tees,65,18,4,12:50:00,79,14,899,153,True,False,18,79,True,True,True
78862,2024,MPO,2,682156,207793,207793,906,Round 2,2024-08-11,Walker White,917,North Calais Disc Golf Course,Gold Tees,65,18,3,12:40:00,80,15,892,158,True,False,18,80,True,True,True
78862,2024,MPO,2,682156,109086,109086,944,Round 2,2024-08-11,Aaron Schlossberg,947,North Calais Disc Golf Course,Gold Tees,65,18,2,12:30:00,79,14,899,160,True,False,18,79,True,True,True
78862,2024,MPO,2,682156,257327,257327,893,Round 2,2024-08-11,Owen Motyka,920,North Calais Disc Golf Course,Gold Tees,65,18,3,12:30:00,79,14,899,169,True,False,18,79,True,True,True
78961,2024,FA2,1,684361,282534,282534,734,Round 1,2024-08-25,Kayla Neumeister,752,Black Falls Disc Golf Course,Silver tee-Silver basket,54,18,4,09:00:00,58,4,804,118,True,False,18,58,True,True,True
78961,2024,FA2,1,684361,280741,280741,785,Round 1,2024-08-25,Lisa Morris,,Black Falls Disc Golf Course,Silver tee-Silver basket,54,18,3,09:00:00,60,6,777,115,True,False,18,60,True,True,True
78961,2024,FA2,2,684361,280741,280741,785,Round 2,2024-08-25,Lisa Morris,,Black Falls Disc Golf Course,Silver tee-Silver basket,54,18,2,08:50:00,55,1,844,115,True,False,18,55,True,True,True
78961,2024,FA2,2,684361,282534,282534,734,Round 2,2024-08-25,Kayla Neumeister,752,Black Falls Disc Golf Course,Silver tee-Silver basket,54,18,1,08:50:00,60,6,777,118,True,False,18,60,True,True,True
78961,2024,FA3,1,684361,278389,278389,682,Round 1,2024-08-25,Jessica Davenport,766,Black Falls Disc Golf Course,Silver tee-Silver basket,54,18,2,09:00:00,63,9,737,126,True,False,18,63,True,True,True
78961,2024,FA3,1,684361,261970,261970,632,Round 1,2024-08-25,Lea White,,Black Falls Disc Golf Course,Silver tee-Silver basket,54,18,1,09:00:00,68,14,669,132,True,False,18,68,True,True,True
78961,2024,FA3,2,684361,278389,278389,682,Round 2,2024-08-25,Jessica Davenport,766,Black Falls Disc Golf Course,Silver tee-Silver basket,54,18,3,08:50:00,63,9,737,126,True,False,18,63,True,True,True
78961,2024,FA3,2,684361,261970,261970,632,Round 2,2024-08-25,Lea White,,Black Falls Disc Golf Course,Silver tee-Silver basket,54,18,4,08:50:00,64,10,723,132,True,False,18,64,True,True,True
78961,2024,FA40,1,684361,94272,94272,808,Round 1,2024-08-25,Gabrielle Pozzani,818,Black Falls Disc Golf Course,Silver tee-Silver basket,54,18,1,09:20:00,53,-1,871,109,True,False,18,53,True,True,True
78961,2024,FA40,1,684361,213173,213173,792,Round 1,2024-08-25,Elizabeth Carrell,775,Black Falls Disc Golf Course,Silver tee-Silver basket,54,18,4,09:20:00,60,6,777,119,True,False,18,60,True,True,True
78961,2024,FA40,1,684361,275115,275115,723,Round 1,2024-08-25,Mindy German,805,Black Falls Disc Golf Course,Silver tee-Silver basket,54,18,4,09:10:00,61,7,763,121,True,False,18,61,True,True,True
78961,2024,FA40,1,684361,228265,228265,697,Round 1,2024-08-25,Maryellen Copping,705,Black Falls Disc Golf Course,Silver tee-Silver basket,54,18,3,09:20:00,63,9,737,133,True,False,18,63,True,True,True
78961,2024,FA40,1,684361,261982,261982,761,Round 1,2024-08-25,Jill Betts,775,Black Falls Disc Golf Course,Silver tee-Silver basket,54,18,2,09:10:00,63,9,737,127,True,False,18,63,True,True,True
78961,2024,FA40,1,684361,172895,172895,724,Round 1,2024-08-25,Cara Tatro,737,Black Falls Disc Golf Course,Silver tee-Silver basket,54,18,1,09:10:00,65,11,710,128,True,False,18,65,True,True,True
78961,2024,FA40,1,684361,293102,293102,,Round 1,2024-08-25,Sarah Silva,697,Black Falls Disc Golf Course,Silver tee-Silver basket,54,18,3,09:10:00,65,11,710,133,True,False,18,65,True,True,True
78961,2024,FA40,1,684361,161647,161647,631,Round 1,2024-08-25,Michele Sargent,611,Black Falls Disc Golf Course,Silver tee-Silver basket,54,18,2,09:20:00,70,16,642,138,True,False,18,70,True,True,True
78961,2024,FA40,2,684361,94272,94272,808,Round 2,2024-08-25,Gabrielle Pozzani,818,Black Falls Disc Golf Course,Silver tee-Silver basket,54,18,1,09:10:00,56,2,831,109,True,False,18,56,True,True,True
78961,2024,FA40,2,684361,213173,213173,792,Round 2,2024-08-25,Elizabeth Carrell,775,Black Falls Disc Golf Course,Silver tee-Silver basket,54,18,2,09:10:00,59,5,790,119,True,False,18,59,True,True,True
78961,2024,FA40,2,684361,275115,275115,723,Round 2,2024-08-25,Mindy German,805,Black Falls Disc Golf Course,Silver tee-Silver basket,54,18,3,09:10:00,60,6,777,121,True,False,18,60,True,True,True
78961,2024,FA40,2,684361,261982,261982,761,Round 2,2024-08-25,Jill Betts,775,Black Falls Disc Golf Course,Silver tee-Silver basket,54,18,1,09:00:00,64,10,723,127,True,False,18,64,True,True,True
78961,2024,FA40,2,684361,172895,172895,724,Round 2,2024-08-25,Cara Tatro,737,Black Falls Disc Golf Course,Silver tee-Silver basket,54,18,2,09:00:00,63,9,737,128,True,False,18,63,True,True,True
78961,2024,FA40,2,684361,293102,293102,,Round 2,2024-08-25,Sarah Silva,697,Black Falls Disc Golf Course,Silver tee-Silver basket,54,18,3,09:00:00,68,14,669,133,True,False,18,68,True,True,True
78961,2024,FA40,2,684361,228265,228265,697,Round 2,2024-08-25,Maryellen Copping,705,Black Falls Disc Golf Course,Silver tee-Silver basket,54,18,4,09:10:00,70,16,642,133,True,False,18,70,True,True,True
78961,2024,FA40,2,684361,161647,161647,631,Round 2,2024-08-25,Michele Sargent,611,Black Falls Disc Golf Course,Silver tee-Silver basket,54,18,4,09:00:00,68,14,669,138,True,False,18,68,True,True,True
78961,2024,FPO,1,684360,122613,122613,876,Round 1,2024-08-25,Kelly Heslin,889,Black Falls Disc Golf Course,Silver tee-Gold basket,60,18,1,11:00:00,62,2,911,133,True,False,18,62,True,True,True
78961,2024,FPO,1,684360,228248,228248,813,Round 1,2024-08-25,Isza Parchini,802,Black Falls Disc Golf Course,Silver tee-Gold basket,60,18,3,11:00:00,73,13,806,142,True,False,18,73,True,True,True
78961,2024,FPO,1,684360,132857,132857,846,Round 1,2024-08-25,Serena Lamson,,Black Falls Disc Golf Course,Silver tee-Gold basket,60,18,2,11:00:00,76,16,778,,True,False,18,76,True,True,True
78961,2024,FPO,2,684360,122613,122613,876,Round 2,2024-08-25,Kelly Heslin,889,Black Falls Disc Golf Course,Silver tee-Gold basket,60,18,4,10:50:00,71,11,825,133,True,False,18,71,True,True,True
78961,2024,FPO,2,684360,228248,228248,813,Round 2,2024-08-25,Isza Parchini,802,Black Falls Disc Golf Course,Silver tee-Gold basket,60,18,5,10:50:00,69,9,844,142,True,False,18,69,True,True,True
78961,2024,FPO,2,684360,132857,132857,846,Round 2,2024-08-25,Serena Lamson,,Black Falls Disc Golf Course,Silver tee-Gold basket,60,18,,,,,,,True,True,0,,False,False,False
78961,2024,MA1,1,684359,89829,89829,934,Round 1,2024-08-25,Garrett Washburn,923,Black Falls Disc Golf Course,Gold tee-Gold basket,61,18,1,11:20:00,63,2,951,124,True,False,18,63,True,True,True
78961,2024,MA1,1,684359,124203,124203,920,Round 1,2024-08-25,Ezra Koch,954,Black Falls Disc Golf Course,Gold tee-Gold basket,61,18,1,11:40:00,63,2,951,126,True,False,18,63,True,True,True
78961,2024,MA1,1,684359,110707,110707,937,Round 1,2024-08-25,Jason Wilson,927,Black Falls Disc Golf Course,Gold tee-Gold basket,61,18,2,12:00:00,64,3,942,126,True,False,18,64,True,True,True
78961,2024,MA1,1,684359,138042,138042,915,Round 1,2024-08-25,Russell Freeman,925,Black Falls Disc Golf Course,Gold tee-Gold basket,61,18,2,11:40:00,64,3,942,129,True,False,18,64,True,True,True
78961,2024,MA1,1,684359,173058,173058,946,Round 1,2024-08-25,Brandon Allaire,950,Black Falls Disc Golf Course,Gold tee-Gold basket,61,18,2,11:30:00,64,3,942,120,True,False,18,64,True,True,True
78961,2024,MA1,1,684359,192901,192901,925,Round 1,2024-08-25,Micah Munro,890,Black Falls Disc Golf Course,Gold tee-Gold basket,61,18,2,11:10:00,64,3,942,131,True,False,18,64,True,True,True
78961,2024,MA1,1,684359,82340,82340,904,Round 1,2024-08-25,Justin Leonard,912,Black Falls Disc Golf Course,Gold tee-Gold basket,61,18,1,12:00:00,67,6,917,136,True,False,18,67,True,True,True
78961,2024,MA1,1,684359,154887,154887,936,Round 1,2024-08-25,Brian Hunter,941,Black Falls Disc Golf Course,Gold tee-Gold basket,61,18,2,11:20:00,67,6,917,133,True,False,18,67,True,True,True
78961,2024,MA1,1,684359,218262,218262,892,Round 1,2024-08-25,Jerry Jackman,913,Black Falls Disc Golf Course,Gold tee-Gold basket,61,18,4,11:50:00,67,6,917,136,True,False,18,67,True,True,True
78961,2024,MA1,1,684359,138544,138544,908,Round 1,2024-08-25,Chaz Sheperd,924,Black Falls Disc Golf Course,Gold tee-Gold basket,61,18,3,12:00:00,68,7,908,134,True,False,18,68,True,True,True
78961,2024,MA1,1,684359,192828,192828,892,Round 1,2024-08-25,Kyle Sauerbrunn,926,Black Falls Disc Golf Course,Gold tee-Gold basket,61,18,3,11:30:00,68,7,908,134,True,False,18,68,True,True,True
78961,2024,MA1,1,684359,97356,97356,917,Round 1,2024-08-25,Jason Guild,934,Black Falls Disc Golf Course,Gold tee-Gold basket,61,18,1,11:50:00,69,8,900,138,True,False,18,69,True,True,True
78961,2024,MA1,1,684359,137408,137408,832,Round 1,2024-08-25,Aaron Gingras,,Black Falls Disc Golf Course,Gold tee-Gold basket,61,18,1,11:30:00,69,8,900,144,True,False,18,69,True,True,True
78961,2024,MA1,1,684359,146710,146710,924,Round 1,2024-08-25,Nicholas Laurendeau,,Black Falls Disc Golf Course,Gold tee-Gold basket,61,18,3,11:40:00,69,8,900,132,True,False,18,69,True,True,True
78961,2024,MA1,1,684359,175140,175140,904,Round 1,2024-08-25,Christian Garey,890,Black Falls Disc Golf Course,Gold tee-Gold basket,61,18,4,12:00:00,69,8,900,131,True,False,18,69,True,True,True
78961,2024,MA1,1,684359,109604,109604,924,Round 1,2024-08-25,Jeremy Hulsey,914,Black Falls Disc Golf Course,Gold tee-Gold basket,61,18,2,11:50:00,71,10,883,139,True,False,18,71,True,True,True
78961,2024,MA1,1,684359,259548,259548,880,Round 1,2024-08-25,Oliver Marchildon,,Black Falls Disc Golf Course,Gold tee-Gold basket,61,18,3,11:10:00,71,10,883,147,True,False,18,71,True,True,True
78961,2024,MA1,1,684359,96154,96154,865,Round 1,2024-08-25,Travis Jacques,871,Black Falls Disc Golf Course,Gold tee-Gold basket,61,18,1,11:10:00,72,11,874,139,True,False,18,72,True,True,True
78961,2024,MA1,1,684359,268186,268186,908,Round 1,2024-08-25,Brody Reed,926,Black Falls Disc Golf Course,Gold tee-Gold basket,61,18,4,11:30:00,73,12,866,146,True,False,18,73,True,True,True
78961,2024,MA1,1,684359,149370,149370,906,Round 1,2024-08-25,Justin Serrano,897,Black Falls Disc Golf Course,Gold tee-Gold basket,61,18,4,11:40:00,75,14,849,142,True,False,18,75,True,True,True
78961,2024,MA1,1,684359,158783,158783,902,Round 1,2024-08-25,Joseph Humes,906,Black Falls Disc Golf Course,Gold tee-Gold basket,61,18,3,11:50:00,75,14,849,142,True,False,18,75,True,True,True
78961,2024,MA1,1,684359,242103,242103,877,Round 1,2024-08-25,Nathan Oxenfeld,895,Black Falls Disc Golf Course,Gold tee-Gold basket,61,18,3,11:20:00,77,16,832,154,True,False,18,77,True,True,True
78961,2024,MA1,2,684359,173058,173058,946,Round 2,2024-08-25,Brandon Allaire,950,Black Falls Disc Golf Course,Gold tee-Gold basket,61,18,1,11:50:00,56,-5,1010,120,True,False,18,56,True,True,True
78961,2024,MA1,2,684359,89829,89829,934,Round 2,2024-08-25,Garrett Washburn,923,Black Falls Disc Golf Course,Gold tee-Gold basket,61,18,1,12:00:00,61,0,968,124,True,False,18,61,True,True,True
78961,2024,MA1,2,684359,110707,110707,937,Round 2,2024-08-25,Jason Wilson,927,Black Falls Disc Golf Course,Gold tee-Gold basket,61,18,3,12:00:00,62,1,959,126,True,False,18,62,True,True,True
78961,2024,MA1,2,684359,124203,124203,920,Round 2,2024-08-25,Ezra Koch,954,Black Falls Disc Golf Course,Gold tee-Gold basket,61,18,2,12:00:00,63,2,951,126,True,False,18,63,True,True,True
78961,2024,MA1,2,684359,138042,138042,915,Round 2,2024-08-25,Russell Freeman,925,Black Falls Disc Golf Course,Gold tee-Gold basket,61,18,4,12:00:00,65,4,934,129,True,False,18,65,True,True,True
78961,2024,MA1,2,684359,175140,175140,904,Round 2,2024-08-25,Christian Garey,890,Black Falls Disc Golf Course,Gold tee-Gold basket,61,18,3,11:30:00,62,1,959,131,True,False,18,62,True,True,True
78961,2024,MA1,2,684359,192901,192901,925,Round 2,2024-08-25,Micah Munro,890,Black Falls Disc Golf Course,Gold tee-Gold basket,61,18,2,11:50:00,67,6,917,131,True,False,18,67,True,True,True
78961,2024,MA1,2,684359,146710,146710,924,Round 2,2024-08-25,Nicholas Laurendeau,,Black Falls Disc Golf Course,Gold tee-Gold basket,61,18,2,11:30:00,63,2,951,132,True,False,18,63,True,True,True
78961,2024,MA1,2,684359,154887,154887,936,Round 2,2024-08-25,Brian Hunter,941,Black Falls Disc Golf Course,Gold tee-Gold basket,61,18,4,11:50:00,66,5,925,133,True,False,18,66,True,True,True
78961,2024,MA1,2,684359,138544,138544,908,Round 2,2024-08-25,Chaz Sheperd,924,Black Falls Disc Golf Course,Gold tee-Gold basket,61,18,2,11:40:00,66,5,925,134,True,False,18,66,True,True,True
78961,2024,MA1,2,684359,192828,192828,892,Round 2,2024-08-25,Kyle Sauerbrunn,926,Black Falls Disc Golf Course,Gold tee-Gold basket,61,18,3,11:40:00,66,5,925,134,True,False,18,66,True,True,True
78961,2024,MA1,2,684359,82340,82340,904,Round 2,2024-08-25,Justin Leonard,912,Black Falls Disc Golf Course,Gold tee-Gold basket,61,18,3,11:50:00,69,8,900,136,True,False,18,69,True,True,True
78961,2024,MA1,2,684359,218262,218262,892,Round 2,2024-08-25,Jerry Jackman,913,Black Falls Disc Golf Course,Gold tee-Gold basket,61,18,1,11:40:00,69,8,900,136,True,False,18,69,True,True,True
78961,2024,MA1,2,684359,97356,97356,917,Round 2,2024-08-25,Jason Guild,934,Black Falls Disc Golf Course,Gold tee-Gold basket,61,18,4,11:40:00,69,8,900,138,True,False,18,69,True,True,True
78961,2024,MA1,2,684359,96154,96154,865,Round 2,2024-08-25,Travis Jacques,871,Black Falls Disc Golf Course,Gold tee-Gold basket,61,18,2,11:20:00,67,6,917,139,True,False,18,67,True,True,True
78961,2024,MA1,2,684359,109604,109604,924,Round 2,2024-08-25,Jeremy Hulsey,914,Black Falls Disc Golf Course,Gold tee-Gold basket,61,18,4,11:30:00,68,7,908,139,True,False,18,68,True,True,True
78961,2024,MA1,2,684359,149370,149370,906,Round 2,2024-08-25,Justin Serrano,897,Black Falls Disc Golf Course,Gold tee-Gold basket,61,18,1,11:00:00,67,6,917,142,True,False,18,67,True,True,True
78961,2024,MA1,2,684359,158783,158783,902,Round 2,2024-08-25,Joseph Humes,906,Black Falls Disc Golf Course,Gold tee-Gold basket,61,18,2,11:00:00,67,6,917,142,True,False,18,67,True,True,True
78961,2024,MA1,2,684359,137408,137408,832,Round 2,2024-08-25,Aaron Gingras,,Black Falls Disc Golf Course,Gold tee-Gold basket,61,18,1,11:30:00,75,14,849,144,True,False,18,75,True,True,True
78961,2024,MA1,2,684359,268186,268186,908,Round 2,2024-08-25,Brody Reed,926,Black Falls Disc Golf Course,Gold tee-Gold basket,61,18,3,11:20:00,73,12,866,146,True,False,18,73,True,True,True
78961,2024,MA1,2,684359,259548,259548,880,Round 2,2024-08-25,Oliver Marchildon,,Black Falls Disc Golf Course,Gold tee-Gold basket,61,18,1,11:20:00,76,15,840,147,True,False,18,76,True,True,True
78961,2024,MA1,2,684359,242103,242103,877,Round 2,2024-08-25,Nathan Oxenfeld,895,Black Falls Disc Golf Course,Gold tee-Gold basket,61,18,3,11:00:00,77,16,832,154,True,False,18,77,True,True,True
78961,2024,MA2,1,684360,122720,122720,879,Round 1,2024-08-25,Todd Morris,,Black Falls Disc Golf Course,Silver tee-Gold basket,60,18,1,09:30:00,58,-2,949,122,True,False,18,58,True,True,True
78961,2024,MA2,1,684360,213224,213224,900,Round 1,2024-08-25,Justin Griswold,914,Black Falls Disc Golf Course,Silver tee-Gold basket,60,18,2,09:40:00,58,-2,949,124,True,False,18,58,True,True,True
78961,2024,MA2,1,684360,163523,163523,883,Round 1,2024-08-25,Landon Desroches,866,Black Falls Disc Golf Course,Silver tee-Gold basket,60,18,2,10:00:00,59,-1,939,119,True,False,18,59,True,True,True
78961,2024,MA2,1,684360,63896,63896,888,Round 1,2024-08-25,Ross King,899,Black Falls Disc Golf Course,Silver tee-Gold basket,60,18,1,10:00:00,61,1,920,132,True,False,18,61,True,True,True
78961,2024,MA2,1,684360,137984,137984,883,Round 1,2024-08-25,Tristan Bryce,,Black Falls Disc Golf Course,Silver tee-Gold basket,60,18,1,10:10:00,61,1,920,,True,False,18,61,True,True,True
78961,2024,MA2,1,684360,177260,177260,912,Round 1,2024-08-25,Fisher Evans,,Black Falls Disc Golf Course,Silver tee-Gold basket,60,18,1,09:40:00,62,2,911,130,True,False,18,62,True,True,True
78961,2024,MA2,1,684360,278390,278390,914,Round 1,2024-08-25,Edward Blow,,Black Falls Disc Golf Course,Silver tee-Gold basket,60,18,3,09:40:00,62,2,911,125,True,False,18,62,True,True,True
78961,2024,MA2,1,684360,169600,169600,865,Round 1,2024-08-25,Trevor Bryce,901,Black Falls Disc Golf Course,Silver tee-Gold basket,60,18,3,10:00:00,63,3,901,130,True,False,18,63,True,True,True
78961,2024,MA2,1,684360,177018,177018,894,Round 1,2024-08-25,Brandon Bensel,882,Black Falls Disc Golf Course,Silver tee-Gold basket,60,18,2,09:30:00,64,4,892,124,True,False,18,64,True,True,True
78961,2024,MA2,1,684360,259718,259718,889,Round 1,2024-08-25,Kamden Cox,906,Black Falls Disc Golf Course,Silver tee-Gold basket,60,18,2,09:50:00,64,4,892,128,True,False,18,64,True,True,True
78961,2024,MA2,1,684360,189203,189203,900,Round 1,2024-08-25,Bobby Martino,911,Black Falls Disc Golf Course,Silver tee-Gold basket,60,18,1,09:50:00,65,5,882,127,True,False,18,65,True,True,True
78961,2024,MA2,1,684360,221157,221157,903,Round 1,2024-08-25,Dylan Slick,915,Black Falls Disc Golf Course,Silver tee-Gold basket,60,18,2,10:10:00,66,6,873,129,True,False,18,66,True,True,True
78961,2024,MA2,1,684360,259714,259714,852,Round 1,2024-08-25,Reece Cronin,,Black Falls Disc Golf Course,Silver tee-Gold basket,60,18,4,10:10:00,66,6,873,136,True,False,18,66,True,True,True
78961,2024,MA2,1,684360,286623,286623,897,Round 1,2024-08-25,Ethan Santor,916,Black Falls Disc Golf Course,Silver tee-Gold basket,60,18,4,09:50:00,66,6,873,130,True,False,18,66,True,True,True
78961,2024,MA2,1,684360,261570,261570,874,Round 1,2024-08-25,John Beaudin,911,Black Falls Disc Golf Course,Silver tee-Gold basket,60,18,3,09:50:00,67,7,863,135,True,False,18,67,True,True,True
78961,2024,MA2,1,684360,256887,256887,774,Round 1,2024-08-25,Alex Gambero,812,Black Falls Disc Golf Course,Silver tee-Gold basket,60,18,3,09:30:00,69,9,844,148,True,False,18,69,True,True,True
78961,2024,MA2,1,684360,280373,280373,,Round 1,2024-08-25,Lucas Mero,,Black Falls Disc Golf Course,Silver tee-Gold basket,60,18,4,09:30:00,69,9,844,135,True,False,18,69,True,True,True
78961,2024,MA2,1,684360,291088,291088,894,Round 1,2024-08-25,Joseph Maher,880,Black Falls Disc Golf Course,Silver tee-Gold basket,60,18,4,09:40:00,69,9,844,133,True,False,18,69,True,True,True
78961,2024,MA2,1,684360,239437,239437,737,Round 1,2024-08-25,Simon Bethune,830,Black Falls Disc Golf Course,Silver tee-Gold basket,60,18,4,10:00:00,71,11,825,,True,False,18,71,True,True,True
78961,2024,MA2,1,684360,248718,248718,838,Round 1,2024-08-25,Keane Roland,916,Black Falls Disc Golf Course,Silver tee-Gold basket,60,18,3,10:10:00,72,12,816,139,True,False,18,72,True,True,True
78961,2024,MA2,2,684360,163523,163523,883,Round 2,2024-08-25,Landon Desroches,866,Black Falls Disc Golf Course,Silver tee-Gold basket,60,18,3,10:00:00,60,0,930,119,True,False,18,60,True,True,True
78961,2024,MA2,2,684360,122720,122720,879,Round 2,2024-08-25,Todd Morris,,Black Falls Disc Golf Course,Silver tee-Gold basket,60,18,1,10:00:00,64,4,892,122,True,False,18,64,True,True,True
78961,2024,MA2,2,684360,177018,177018,894,Round 2,2024-08-25,Brandon Bensel,882,Black Falls Disc Golf Course,Silver tee-Gold basket,60,18,1,09:40:00,60,0,930,124,True,False,18,60,True,True,True
78961,2024,MA2,2,684360,213224,213224,900,Round 2,2024-08-25,Justin Griswold,914,Black Falls Disc Golf Course,Silver tee-Gold basket,60,18,2,10:00:00,66,6,873,124,True,False,18,66,True,True,True
78961,2024,MA2,2,684360,278390,278390,914,Round 2,2024-08-25,Edward Blow,,Black Falls Disc Golf Course,Silver tee-Gold basket,60,18,2,09:50:00,63,3,901,125,True,False,18,63,True,True,True
78961,2024,MA2,2,684360,189203,189203,900,Round 2,2024-08-25,Bobby Martino,911,Black Falls Disc Golf Course,Silver tee-Gold basket,60,18,3,09:40:00,62,2,911,127,True,False,18,62,True,True,True
78961,2024,MA2,2,684360,259718,259718,889,Round 2,2024-08-25,Kamden Cox,906,Black Falls Disc Golf Course,Silver tee-Gold basket,60,18,2,09:40:00,64,4,892,128,True,False,18,64,True,True,True
78961,2024,MA2,2,684360,221157,221157,903,Round 2,2024-08-25,Dylan Slick,915,Black Falls Disc Golf Course,Silver tee-Gold basket,60,18,4,09:40:00,63,3,901,129,True,False,18,63,True,True,True
78961,2024,MA2,2,684360,286623,286623,897,Round 2,2024-08-25,Ethan Santor,916,Black Falls Disc Golf Course,Silver tee-Gold basket,60,18,2,09:30:00,64,4,892,130,True,False,18,64,True,True,True
78961,2024,MA2,2,684360,169600,169600,865,Round 2,2024-08-25,Trevor Bryce,901,Black Falls Disc Golf Course,Silver tee-Gold basket,60,18,3,09:50:00,67,7,863,130,True,False,18,67,True,True,True
78961,2024,MA2,2,684360,177260,177260,912,Round 2,2024-08-25,Fisher Evans,,Black Falls Disc Golf Course,Silver tee-Gold basket,60,18,1,09:50:00,68,8,854,130,True,False,18,68,True,True,True
78961,2024,MA2,2,684360,63896,63896,888,Round 2,2024-08-25,Ross King,899,Black Falls Disc Golf Course,Silver tee-Gold basket,60,18,4,10:00:00,71,11,825,132,True,False,18,71,True,True,True
78961,2024,MA2,2,684360,291088,291088,894,Round 2,2024-08-25,Joseph Maher,880,Black Falls Disc Golf Course,Silver tee-Gold basket,60,18,2,09:20:00,64,4,892,133,True,False,18,64,True,True,True
78961,2024,MA2,2,684360,280373,280373,,Round 2,2024-08-25,Lucas Mero,,Black Falls Disc Golf Course,Silver tee-Gold basket,60,18,1,09:20:00,66,6,873,135,True,False,18,66,True,True,True
78961,2024,MA2,2,684360,261570,261570,874,Round 2,2024-08-25,John Beaudin,911,Black Falls Disc Golf Course,Silver tee-Gold basket,60,18,3,09:30:00,68,8,854,135,True,False,18,68,True,True,True
78961,2024,MA2,2,684360,259714,259714,852,Round 2,2024-08-25,Reece Cronin,,Black Falls Disc Golf Course,Silver tee-Gold basket,60,18,1,09:30:00,70,10,835,136,True,False,18,70,True,True,True
78961,2024,MA2,2,684360,248718,248718,838,Round 2,2024-08-25,Keane Roland,916,Black Falls Disc Golf Course,Silver tee-Gold basket,60,18,4,09:20:00,67,7,863,139,True,False,18,67,True,True,True
78961,2024,MA2,2,684360,256887,256887,774,Round 2,2024-08-25,Alex Gambero,812,Black Falls Disc Golf Course,Silver tee-Gold basket,60,18,4,09:30:00,79,19,749,148,True,False,18,79,True,True,True
78961,2024,MA2,2,684360,137984,137984,883,Round 2,2024-08-25,Tristan Bryce,,Black Falls Disc Golf Course,Silver tee-Gold basket,60,18,,,,,,,True,True,0,,False,False,False
78961,2024,MA2,2,684360,239437,239437,737,Round 2,2024-08-25,Simon Bethune,830,Black Falls Disc Golf Course,Silver tee-Gold basket,60,18,3,09:20:00,112,939,,,True,False,18,112,True,True,True
78961,2024,MA3,1,684361,239719,239719,845,Round 1,2024-08-25,Thane Griswold,820,Black Falls Disc Golf Course,Silver tee-Silver basket,54,18,2,08:30:00,50,-4,912,103,True,False,18,50,True,True,True
78961,2024,MA3,1,684361,202948,202948,833,Round 1,2024-08-25,Nicholas Morrissey,849,Black Falls Disc Golf Course,Silver tee-Silver basket,54,18,2,08:40:00,52,-2,885,106,True,False,18,52,True,True,True
78961,2024,MA3,1,684361,289306,289306,876,Round 1,2024-08-25,Jonathan Smith,921,Black Falls Disc Golf Course,Silver tee-Silver basket,54,18,3,08:40:00,52,-2,885,105,True,False,18,52,True,True,True
78961,2024,MA3,1,684361,261284,261284,838,Round 1,2024-08-25,Blake Martino,916,Black Falls Disc Golf Course,Silver tee-Silver basket,54,18,1,08:50:00,53,-1,871,108,True,False,18,53,True,True,True
78961,2024,MA3,1,684361,266150,266150,818,Round 1,2024-08-25,James Sheehan,864,Black Falls Disc Golf Course,Silver tee-Silver basket,54,18,4,08:50:00,53,-1,871,104,True,False,18,53,True,True,True
78961,2024,MA3,1,684361,156256,156256,813,Round 1,2024-08-25,Colby Garrand,836,Black Falls Disc Golf Course,Silver tee-Silver basket,54,18,1,08:30:00,55,1,844,111,True,False,18,55,True,True,True
78961,2024,MA3,1,684361,228201,228201,837,Round 1,2024-08-25,Waylon Spring,883,Black Falls Disc Golf Course,Silver tee-Silver basket,54,18,1,08:40:00,55,1,844,108,True,False,18,55,True,True,True
78961,2024,MA3,1,684361,211434,211434,787,Round 1,2024-08-25,Thomas Bousquet,798,Black Falls Disc Golf Course,Silver tee-Silver basket,54,18,4,08:40:00,57,3,817,109,True,False,18,57,True,True,True
78961,2024,MA3,1,684361,289367,289367,809,Round 1,2024-08-25,Tyler Karnes,836,Black Falls Disc Golf Course,Silver tee-Silver basket,54,18,3,08:30:00,57,3,817,117,True,False,18,57,True,True,True
78961,2024,MA3,1,684361,179422,179422,795,Round 1,2024-08-25,Patrick Mayhew,869,Black Falls Disc Golf Course,Silver tee-Silver basket,54,18,4,08:30:00,58,4,804,111,True,False,18,58,True,True,True
78961,2024,MA3,1,684361,278723,278723,755,Round 1,2024-08-25,Jeffrey Poplawski,776,Black Falls Disc Golf Course,Silver tee-Silver basket,54,18,3,08:50:00,60,6,777,124,True,False,18,60,True,True,True
78961,2024,MA3,1,684361,286641,286641,801,Round 1,2024-08-25,Matthew Lanctot,837,Black Falls Disc Golf Course,Silver tee-Silver basket,54,18,2,08:50:00,64,10,723,127,True,False,18,64,True,True,True
78961,2024,MA3,2,684361,239719,239719,845,Round 2,2024-08-25,Thane Griswold,820,Black Falls Disc Golf Course,Silver tee-Silver basket,54,18,1,08:40:00,53,-1,871,103,True,False,18,53,True,True,True
78961,2024,MA3,2,684361,266150,266150,818,Round 2,2024-08-25,James Sheehan,864,Black Falls Disc Golf Course,Silver tee-Silver basket,54,18,1,08:30:00,51,-3,898,104,True,False,18,51,True,True,True
78961,2024,MA3,2,684361,289306,289306,876,Round 2,2024-08-25,Jonathan Smith,921,Black Falls Disc Golf Course,Silver tee-Silver basket,54,18,3,08:40:00,53,-1,871,105,True,False,18,53,True,True,True
78961,2024,MA3,2,684361,202948,202948,833,Round 2,2024-08-25,Nicholas Morrissey,849,Black Falls Disc Golf Course,Silver tee-Silver basket,54,18,2,08:40:00,54,0,858,106,True,False,18,54,True,True,True
78961,2024,MA3,2,684361,228201,228201,837,Round 2,2024-08-25,Waylon Spring,883,Black Falls Disc Golf Course,Silver tee-Silver basket,54,18,3,08:30:00,53,-1,871,108,True,False,18,53,True,True,True
78961,2024,MA3,2,684361,261284,261284,838,Round 2,2024-08-25,Blake Martino,916,Black Falls Disc Golf Course,Silver tee-Silver basket,54,18,4,08:40:00,55,1,844,108,True,False,18,55,True,True,True
78961,2024,MA3,2,684361,211434,211434,787,Round 2,2024-08-25,Thomas Bousquet,798,Black Falls Disc Golf Course,Silver tee-Silver basket,54,18,4,08:30:00,52,-2,885,109,True,False,18,52,True,True,True
78961,2024,MA3,2,684361,179422,179422,795,Round 2,2024-08-25,Patrick Mayhew,869,Black Falls Disc Golf Course,Silver tee-Silver basket,54,18,2,08:20:00,53,-1,871,111,True,False,18,53,True,True,True
78961,2024,MA3,2,684361,156256,156256,813,Round 2,2024-08-25,Colby Garrand,836,Black Falls Disc Golf Course,Silver tee-Silver basket,54,18,2,08:30:00,56,2,831,111,True,False,18,56,True,True,True
78961,2024,MA3,2,684361,289367,289367,809,Round 2,2024-08-25,Tyler Karnes,836,Black Falls Disc Golf Course,Silver tee-Silver basket,54,18,1,08:20:00,60,6,777,117,True,False,18,60,True,True,True
78961,2024,MA3,2,684361,278723,278723,755,Round 2,2024-08-25,Jeffrey Poplawski,776,Black Falls Disc Golf Course,Silver tee-Silver basket,54,18,3,08:20:00,64,10,723,124,True,False,18,64,True,True,True
78961,2024,MA3,2,684361,286641,286641,801,Round 2,2024-08-25,Matthew Lanctot,837,Black Falls Disc Golf Course,Silver tee-Silver basket,54,18,4,08:20:00,63,9,737,127,True,False,18,63,True,True,True
78961,2024,MA40,1,684360,147904,147904,884,Round 1,2024-08-25,John Williams,890,Black Falls Disc Golf Course,Silver tee-Gold basket,60,18,1,10:40:00,61,1,920,120,True,False,18,61,True,True,True
78961,2024,MA40,1,684360,205696,205696,852,Round 1,2024-08-25,Matthew Smith,856,Black Falls Disc Golf Course,Silver tee-Gold basket,60,18,2,10:40:00,66,6,873,133,True,False,18,66,True,True,True
78961,2024,MA40,1,684360,275118,275118,837,Round 1,2024-08-25,Matthew German,905,Black Falls Disc Golf Course,Silver tee-Gold basket,60,18,3,10:40:00,68,8,854,140,True,False,18,68,True,True,True
78961,2024,MA40,1,684360,84935,84935,882,Round 1,2024-08-25,Droo Fisher,866,Black Falls Disc Golf Course,Silver tee-Gold basket,60,18,1,10:50:00,70,10,835,135,True,False,18,70,True,True,True
78961,2024,MA40,1,684360,161644,161644,823,Round 1,2024-08-25,Garrett Sargent,818,Black Falls Disc Golf Course,Silver tee-Gold basket,60,18,3,10:50:00,72,12,816,144,True,False,18,72,True,True,True
78961,2024,MA40,1,684360,145666,145666,831,Round 1,2024-08-25,Wesley Pollock,,Black Falls Disc Golf Course,Silver tee-Gold basket,60,18,2,10:50:00,74,14,797,141,True,False,18,74,True,True,True
78961,2024,MA40,2,684360,147904,147904,884,Round 2,2024-08-25,John Williams,890,Black Falls Disc Golf Course,Silver tee-Gold basket,60,18,1,10:40:00,59,-1,939,120,True,False,18,59,True,True,True
78961,2024,MA40,2,684360,205696,205696,852,Round 2,2024-08-25,Matthew Smith,856,Black Falls Disc Golf Course,Silver tee-Gold basket,60,18,2,10:40:00,67,7,863,133,True,False,18,67,True,True,True
78961,2024,MA40,2,684360,84935,84935,882,Round 2,2024-08-25,Droo Fisher,866,Black Falls Disc Golf Course,Silver tee-Gold basket,60,18,1,10:30:00,65,5,882,135,True,False,18,65,True,True,True
78961,2024,MA40,2,684360,275118,275118,837,Round 2,2024-08-25,Matthew German,905,Black Falls Disc Golf Course,Silver tee-Gold basket,60,18,3,10:40:00,72,12,816,140,True,False,18,72,True,True,True
78961,2024,MA40,2,684360,145666,145666,831,Round 2,2024-08-25,Wesley Pollock,,Black Falls Disc Golf Course,Silver tee-Gold basket,60,18,3,10:30:00,67,7,863,141,True,False,18,67,True,True,True
78961,2024,MA40,2,684360,161644,161644,823,Round 2,2024-08-25,Garrett Sargent,818,Black Falls Disc Golf Course,Silver tee-Gold basket,60,18,2,10:30:00,72,12,816,144,True,False,18,72,True,True,True
78961,2024,MA50,1,684360,251178,251178,869,Round 1,2024-08-25,Dan Rico,876,Black Falls Disc Golf Course,Silver tee-Gold basket,60,18,2,10:20:00,61,1,920,127,True,False,18,61,True,True,True
78961,2024,MA50,1,684360,74288,74288,875,Round 1,2024-08-25,Gregg Guillily,889,Black Falls Disc Golf Course,Silver tee-Gold basket,60,18,1,10:20:00,68,8,854,132,True,False,18,68,True,True,True
78961,2024,MA50,1,684360,34127,34127,900,Round 1,2024-08-25,Alan Rosa,867,Black Falls Disc Golf Course,Silver tee-Gold basket,60,18,1,10:30:00,71,11,825,134,True,False,18,71,True,True,True
78961,2024,MA50,1,684360,268207,268207,795,Round 1,2024-08-25,Craig Reed,757,Black Falls Disc Golf Course,Silver tee-Gold basket,60,18,3,10:20:00,73,13,806,147,True,False,18,73,True,True,True
78961,2024,MA50,1,684360,177424,177424,811,Round 1,2024-08-25,Kevin Delony,817,Black Falls Disc Golf Course,Silver tee-Gold basket,60,18,2,10:30:00,79,19,749,150,True,False,18,79,True,True,True
78961,2024,MA50,2,684360,251178,251178,869,Round 2,2024-08-25,Dan Rico,876,Black Falls Disc Golf Course,Silver tee-Gold basket,60,18,1,10:20:00,66,6,873,127,True,False,18,66,True,True,True
78961,2024,MA50,2,684360,74288,74288,875,Round 2,2024-08-25,Gregg Guillily,889,Black Falls Disc Golf Course,Silver tee-Gold basket,60,18,2,10:20:00,64,4,892,132,True,False,18,64,True,True,True
78961,2024,MA50,2,684360,34127,34127,900,Round 2,2024-08-25,Alan Rosa,867,Black Falls Disc Golf Course,Silver tee-Gold basket,60,18,3,10:20:00,63,3,901,134,True,False,18,63,True,True,True
78961,2024,MA50,2,684360,268207,268207,795,Round 2,2024-08-25,Craig Reed,757,Black Falls Disc Golf Course,Silver tee-Gold basket,60,18,4,10:20:00,74,14,797,147,True,False,18,74,True,True,True
78961,2024,MA50,2,684360,177424,177424,811,Round 2,2024-08-25,Kevin Delony,817,Black Falls Disc Golf Course,Silver tee-Gold basket,60,18,2,10:10:00,71,11,825,150,True,False,18,71,True,True,True
78961,2024,MA60,1,684360,202875,202875,889,Round 1,2024-08-25,Thomas Limanek,911,Black Falls Disc Golf Course,Silver tee-Gold basket,60,18,4,10:30:00,68,8,854,131,True,False,18,68,True,True,True
78961,2024,MA60,1,684360,195353,195353,742,Round 1,2024-08-25,Jerome Mendicino,730,Black Falls Disc Golf Course,Silver tee-Gold basket,60,18,3,10:30:00,80,20,740,162,True,False,18,80,True,True,True
78961,2024,MA60,2,684360,202875,202875,889,Round 2,2024-08-25,Thomas Limanek,911,Black Falls Disc Golf Course,Silver tee-Gold basket,60,18,1,10:10:00,63,3,901,131,True,False,18,63,True,True,True
78961,2024,MA60,2,684360,195353,195353,742,Round 2,2024-08-25,Jerome Mendicino,730,Black Falls Disc Golf Course,Silver tee-Gold basket,60,18,3,10:10:00,82,22,721,162,True,False,18,82,True,True,True
78961,2024,MP40,1,684359,22318,22318,966,Round 1,2024-08-25,Aaron Smartt,965,Black Falls Disc Golf Course,Gold tee-Gold basket,61,18,2,12:50:00,59,-2,984,118,True,False,18,59,True,True,True
78961,2024,MP40,1,684359,99260,99260,881,Round 1,2024-08-25,Matthew Martell,880,Black Falls Disc Golf Course,Gold tee-Gold basket,61,18,1,12:30:00,61,0,968,132,True,False,18,61,True,True,True
78961,2024,MP40,1,684359,189489,189489,945,Round 1,2024-08-25,Joshua Niss,937,Black Falls Disc Golf Course,Gold tee-Gold basket,61,18,1,12:40:00,61,0,968,123,True,False,18,61,True,True,True
78961,2024,MP40,1,684359,39668,39668,989,Round 1,2024-08-25,Greg Grootenboer,979,Black Falls Disc Golf Course,Gold tee-Gold basket,61,18,4,12:50:00,63,2,951,120,True,False,18,63,True,True,True
78961,2024,MP40,1,684359,166239,166239,944,Round 1,2024-08-25,Tom Raub,958,Black Falls Disc Golf Course,Gold tee-Gold basket,61,18,2,12:40:00,63,2,951,125,True,False,18,63,True,True,True
78961,2024,MP40,1,684359,24381,24381,935,Round 1,2024-08-25,Chris Young,937,Black Falls Disc Golf Course,Gold tee-Gold basket,61,18,1,12:50:00,65,4,934,132,True,False,18,65,True,True,True
78961,2024,MP40,1,684359,138402,138402,873,Round 1,2024-08-25,Kenneth Antonich,,Black Falls Disc Golf Course,Gold tee-Gold basket,61,18,2,12:30:00,65,4,934,131,True,False,18,65,True,True,True
78961,2024,MP40,1,684359,122088,122088,951,Round 1,2024-08-25,Stephane Cromp,,Black Falls Disc Golf Course,Gold tee-Gold basket,61,18,3,12:40:00,68,7,908,136,True,False,18,68,True,True,True
78961,2024,MP40,1,684359,109527,109527,865,Round 1,2024-08-25,Mike Wenzel,901,Black Falls Disc Golf Course,Gold tee-Gold basket,61,18,3,12:50:00,69,8,900,143,True,False,18,69,True,True,True
78961,2024,MP40,1,684359,193211,193211,933,Round 1,2024-08-25,Greg Babbin,933,Black Falls Disc Golf Course,Gold tee-Gold basket,61,18,3,12:30:00,72,11,874,134,True,False,18,72,True,True,True
78961,2024,MP40,1,684359,94273,94273,879,Round 1,2024-08-25,Marques Pozzani,863,Black Falls Disc Golf Course,Gold tee-Gold basket,61,18,4,12:40:00,74,13,857,888,True,False,18,74,True,True,True
78961,2024,MP40,2,684359,22318,22318,966,Round 2,2024-08-25,Aaron Smartt,965,Black Falls Disc Golf Course,Gold tee-Gold basket,61,18,1,13:10:00,59,-2,984,118,True,False,18,59,True,True,True
78961,2024,MP40,2,684359,39668,39668,989,Round 2,2024-08-25,Greg Grootenboer,979,Black Falls Disc Golf Course,Gold tee-Gold basket,61,18,4,13:10:00,57,-4,1001,120,True,False,18,57,True,True,True
78961,2024,MP40,2,684359,189489,189489,945,Round 2,2024-08-25,Joshua Niss,937,Black Falls Disc Golf Course,Gold tee-Gold basket,61,18,3,13:10:00,62,1,959,123,True,False,18,62,True,True,True
78961,2024,MP40,2,684359,166239,166239,944,Round 2,2024-08-25,Tom Raub,958,Black Falls Disc Golf Course,Gold tee-Gold basket,61,18,1,13:00:00,62,1,959,125,True,False,18,62,True,True,True
78961,2024,MP40,2,684359,138402,138402,873,Round 2,2024-08-25,Kenneth Antonich,,Black Falls Disc Golf Course,Gold tee-Gold basket,61,18,3,13:00:00,66,5,925,131,True,False,18,66,True,True,True
78961,2024,MP40,2,684359,24381,24381,935,Round 2,2024-08-25,Chris Young,937,Black Falls Disc Golf Course,Gold tee-Gold basket,61,18,2,13:00:00,67,6,917,132,True,False,18,67,True,True,True
78961,2024,MP40,2,684359,99260,99260,881,Round 2,2024-08-25,Matthew Martell,880,Black Falls Disc Golf Course,Gold tee-Gold basket,61,18,2,13:10:00,71,10,883,132,True,False,18,71,True,True,True
78961,2024,MP40,2,684359,193211,193211,933,Round 2,2024-08-25,Greg Babbin,933,Black Falls Disc Golf Course,Gold tee-Gold basket,61,18,2,12:50:00,62,1,959,134,True,False,18,62,True,True,True
78961,2024,MP40,2,684359,122088,122088,951,Round 2,2024-08-25,Stephane Cromp,,Black Falls Disc Golf Course,Gold tee-Gold basket,61,18,4,13:00:00,68,7,908,136,True,False,18,68,True,True,True
78961,2024,MP40,2,684359,109527,109527,865,Round 2,2024-08-25,Mike Wenzel,901,Black Falls Disc Golf Course,Gold tee-Gold basket,61,18,1,12:50:00,74,13,857,143,True,False,18,74,True,True,True
78961,2024,MP40,2,684359,94273,94273,879,Round 2,2024-08-25,Marques Pozzani,863,Black Falls Disc Golf Course,Gold tee-Gold basket,61,18,3,12:50:00,46,827,,888,True,False,10,46,False,True,False
78961,2024,MP50,1,684359,125921,125921,887,Round 1,2024-08-25,Christopher Conk,905,Black Falls Disc Golf Course,Gold tee-Gold basket,61,18,2,12:10:00,67,6,917,140,True,False,18,67,True,True,True
78961,2024,MP50,1,684359,132446,132446,912,Round 1,2024-08-25,Yves Desgreniers,917,Black Falls Disc Golf Course,Gold tee-Gold basket,61,18,3,12:20:00,67,6,917,127,True,False,18,67,True,True,True
78961,2024,MP50,1,684359,96621,96621,940,Round 1,2024-08-25,Jeremy McKittrick,932,Black Falls Disc Golf Course,Gold tee-Gold basket,61,18,1,12:10:00,68,7,908,133,True,False,18,68,True,True,True
78961,2024,MP50,1,684359,20455,20455,945,Round 1,2024-08-25,Jason Gilbert,893,Black Falls Disc Golf Course,Gold tee-Gold basket,61,18,2,12:20:00,71,10,883,144,True,False,18,71,True,True,True
78961,2024,MP50,1,684359,12667,12667,909,Round 1,2024-08-25,Scott Shepardson,906,Black Falls Disc Golf Course,Gold tee-Gold basket,61,18,1,12:20:00,74,13,857,140,True,False,18,74,True,True,True
78961,2024,MP50,1,684359,223480,223480,871,Round 1,2024-08-25,Marc Kirkpatrick,879,Black Falls Disc Golf Course,Gold tee-Gold basket,61,18,3,12:10:00,75,14,849,151,True,False,18,75,True,True,True
78961,2024,MP50,2,684359,132446,132446,912,Round 2,2024-08-25,Yves Desgreniers,917,Black Falls Disc Golf Course,Gold tee-Gold basket,61,18,2,12:40:00,60,-1,976,127,True,False,18,60,True,True,True
78961,2024,MP50,2,684359,96621,96621,940,Round 2,2024-08-25,Jeremy McKittrick,932,Black Falls Disc Golf Course,Gold tee-Gold basket,61,18,3,12:40:00,65,4,934,133,True,False,18,65,True,True,True
78961,2024,MP50,2,684359,12667,12667,909,Round 2,2024-08-25,Scott Shepardson,906,Black Falls Disc Golf Course,Gold tee-Gold basket,61,18,2,12:10:00,66,5,925,140,True,False,18,66,True,True,True
78961,2024,MP50,2,684359,125921,125921,887,Round 2,2024-08-25,Christopher Conk,905,Black Falls Disc Golf Course,Gold tee-Gold basket,61,18,1,12:40:00,73,12,866,140,True,False,18,73,True,True,True
78961,2024,MP50,2,684359,20455,20455,945,Round 2,2024-08-25,Jason Gilbert,893,Black Falls Disc Golf Course,Gold tee-Gold basket,61,18,1,12:10:00,73,12,866,144,True,False,18,73,True,True,True
78961,2024,MP50,2,684359,223480,223480,871,Round 2,2024-08-25,Marc Kirkpatrick,879,Black Falls Disc Golf Course,Gold tee-Gold basket,61,18,3,12:10:00,76,15,840,151,True,False,18,76,True,True,True
78961,2024,MPO,1,684359,172633,172633,998,Round 1,2024-08-25,Danny Moynihan,,Black Falls Disc Golf Course,Gold tee-Gold basket,61,18,2,13:10:00,56,-5,1010,112,True,False,18,56,True,True,True
78961,2024,MPO,1,684359,161558,161558,984,Round 1,2024-08-25,Brad Schott,994,Black Falls Disc Golf Course,Gold tee-Gold basket,61,18,2,13:00:00,57,-4,1001,114,True,False,18,57,True,True,True
78961,2024,MPO,1,684359,181649,181649,985,Round 1,2024-08-25,Hubert Vachon,996,Black Falls Disc Golf Course,Gold tee-Gold basket,61,18,3,13:20:00,57,-4,1001,116,True,False,18,57,True,True,True
78961,2024,MPO,1,684359,103627,103627,976,Round 1,2024-08-25,Clayton Davis,,Black Falls Disc Golf Course,Gold tee-Gold basket,61,18,1,13:30:00,58,-3,993,112,True,False,18,58,True,True,True
78961,2024,MPO,1,684359,121362,121362,971,Round 1,2024-08-25,Jonathan Russo,951,Black Falls Disc Golf Course,Gold tee-Gold basket,61,18,3,13:30:00,58,-3,993,124,True,False,18,58,True,True,True
78961,2024,MPO,1,684359,140098,140098,965,Round 1,2024-08-25,Angus Barstow,980,Black Falls Disc Golf Course,Gold tee-Gold basket,61,18,2,13:20:00,58,-3,993,118,True,False,18,58,True,True,True
78961,2024,MPO,1,684359,31562,31562,958,Round 1,2024-08-25,Jonathan Betts,948,Black Falls Disc Golf Course,Gold tee-Gold basket,61,18,1,13:40:00,59,-2,984,129,True,False,18,59,True,True,True
78961,2024,MPO,1,684359,167837,167837,983,Round 1,2024-08-25,Elijah Garrison,1004,Black Falls Disc Golf Course,Gold tee-Gold basket,61,18,2,13:30:00,59,-2,984,117,True,False,18,59,True,True,True
78961,2024,MPO,1,684359,91216,91216,954,Round 1,2024-08-25,Chris Spear,932,Black Falls Disc Golf Course,Gold tee-Gold basket,61,18,3,13:50:00,60,-1,976,122,True,False,18,60,True,True,True
78961,2024,MPO,1,684359,142744,142744,958,Round 1,2024-08-25,Abel German,974,Black Falls Disc Golf Course,Gold tee-Gold basket,61,18,4,13:10:00,60,-1,976,119,True,False,18,60,True,True,True
78961,2024,MPO,1,684359,75861,75861,969,Round 1,2024-08-25,Charlie Veysey,978,Black Falls Disc Golf Course,Gold tee-Gold basket,61,18,2,13:40:00,61,0,968,122,True,False,18,61,True,True,True
78961,2024,MPO,1,684359,125586,125586,930,Round 1,2024-08-25,Matthew Avery,,Black Falls Disc Golf Course,Gold tee-Gold basket,61,18,4,13:00:00,61,0,968,126,True,False,18,61,True,True,True
78961,2024,MPO,1,684359,169393,169393,959,Round 1,2024-08-25,Aidan Trombley,977,Black Falls Disc Golf Course,Gold tee-Gold basket,61,18,4,13:20:00,62,1,959,120,True,False,18,62,True,True,True
78961,2024,MPO,1,684359,74240,74240,961,Round 1,2024-08-25,Christopher Martin,962,Black Falls Disc Golf Course,Gold tee-Gold basket,61,18,3,13:00:00,63,2,951,126,True,False,18,63,True,True,True
78961,2024,MPO,1,684359,204892,204892,959,Round 1,2024-08-25,Tiernan Roland,973,Black Falls Disc Golf Course,Gold tee-Gold basket,61,18,4,13:30:00,63,2,951,125,True,False,18,63,True,True,True
78961,2024,MPO,1,684359,187845,187845,957,Round 1,2024-08-25,Shane Seals,962,Black Falls Disc Golf Course,Gold tee-Gold basket,61,18,3,13:10:00,65,4,934,124,True,False,18,65,True,True,True
78961,2024,MPO,1,684359,175583,175583,900,Round 1,2024-08-25,Rob Salter,948,Black Falls Disc Golf Course,Gold tee-Gold basket,61,18,4,13:50:00,66,5,925,138,True,False,18,66,True,True,True
78961,2024,MPO,1,684359,56602,56602,957,Round 1,2024-08-25,John Buonsanto,968,Black Falls Disc Golf Course,Gold tee-Gold basket,61,18,3,13:40:00,67,6,917,122,True,False,18,67,True,True,True
78961,2024,MPO,1,684359,131201,131201,938,Round 1,2024-08-25,Tyler LaPerle,973,Black Falls Disc Golf Course,Gold tee-Gold basket,61,18,4,13:40:00,67,6,917,124,True,False,18,67,True,True,True
78961,2024,MPO,1,684359,244554,244554,939,Round 1,2024-08-25,Jacob Decatur,,Black Falls Disc Golf Course,Gold tee-Gold basket,61,18,2,13:50:00,67,6,917,137,True,False,18,67,True,True,True
78961,2024,MPO,1,684359,125328,125328,942,Round 1,2024-08-25,Dana Carpenter,,Black Falls Disc Golf Course,Gold tee-Gold basket,61,18,1,13:10:00,69,8,900,134,True,False,18,69,True,True,True
78961,2024,MPO,1,684359,185963,185963,889,Round 1,2024-08-25,Ross Dunham,,Black Falls Disc Golf Course,Gold tee-Gold basket,61,18,1,13:50:00,69,8,900,140,True,False,18,69,True,True,True
78961,2024,MPO,1,684359,221449,221449,909,Round 1,2024-08-25,Shane Proctor,885,Black Falls Disc Golf Course,Gold tee-Gold basket,61,18,1,13:00:00,72,11,874,142,True,False,18,72,True,True,True
78961,2024,MPO,1,684359,114674,114674,909,Round 1,2024-08-25,Jordan Lamson,,Black Falls Disc Golf Course,Gold tee-Gold basket,61,18,1,13:20:00,74,13,857,148,True,False,18,74,True,True,True
78961,2024,MPO,2,684359,172633,172633,998,Round 2,2024-08-25,Danny Moynihan,,Black Falls Disc Golf Course,Gold tee-Gold basket,61,18,1,14:10:00,56,-5,1010,112,True,False,18,56,True,True,True
78961,2024,MPO,2,684359,103627,103627,976,Round 2,2024-08-25,Clayton Davis,,Black Falls Disc Golf Course,Gold tee-Gold basket,61,18,4,14:10:00,54,-7,1027,112,True,False,18,54,True,True,True
78961,2024,MPO,2,684359,161558,161558,984,Round 2,2024-08-25,Brad Schott,994,Black Falls Disc Golf Course,Gold tee-Gold basket,61,18,2,14:10:00,57,-4,1001,114,True,False,18,57,True,True,True
78961,2024,MPO,2,684359,181649,181649,985,Round 2,2024-08-25,Hubert Vachon,996,Black Falls Disc Golf Course,Gold tee-Gold basket,61,18,3,14:10:00,59,-2,984,116,True,False,18,59,True,True,True
78961,2024,MPO,2,684359,167837,167837,983,Round 2,2024-08-25,Elijah Garrison,1004,Black Falls Disc Golf Course,Gold tee-Gold basket,61,18,4,14:00:00,58,-3,993,117,True,False,18,58,True,True,True
78961,2024,MPO,2,684359,140098,140098,965,Round 2,2024-08-25,Angus Barstow,980,Black Falls Disc Golf Course,Gold tee-Gold basket,61,18,2,14:00:00,60,-1,976,118,True,False,18,60,True,True,True
78961,2024,MPO,2,684359,142744,142744,958,Round 2,2024-08-25,Abel German,974,Black Falls Disc Golf Course,Gold tee-Gold basket,61,18,2,13:50:00,59,-2,984,119,True,False,18,59,True,True,True
78961,2024,MPO,2,684359,169393,169393,959,Round 2,2024-08-25,Aidan Trombley,977,Black Falls Disc Golf Course,Gold tee-Gold basket,61,18,1,13:40:00,58,-3,993,120,True,False,18,58,True,True,True
78961,2024,MPO,2,684359,56602,56602,957,Round 2,2024-08-25,John Buonsanto,968,Black Falls Disc Golf Course,Gold tee-Gold basket,61,18,2,13:30:00,55,-6,1018,122,True,False,18,55,True,True,True
78961,2024,MPO,2,684359,75861,75861,969,Round 2,2024-08-25,Charlie Veysey,978,Black Falls Disc Golf Course,Gold tee-Gold basket,61,18,3,13:50:00,61,0,968,122,True,False,18,61,True,True,True
78961,2024,MPO,2,684359,91216,91216,954,Round 2,2024-08-25,Chris Spear,932,Black Falls Disc Golf Course,Gold tee-Gold basket,61,18,1,13:50:00,62,1,959,122,True,False,18,62,True,True,True
78961,2024,MPO,2,684359,131201,131201,938,Round 2,2024-08-25,Tyler LaPerle,973,Black Falls Disc Golf Course,Gold tee-Gold basket,61,18,3,13:30:00,57,-4,1001,124,True,False,18,57,True,True,True
78961,2024,MPO,2,684359,187845,187845,957,Round 2,2024-08-25,Shane Seals,962,Black Falls Disc Golf Course,Gold tee-Gold basket,61,18,4,13:40:00,59,-2,984,124,True,False,18,59,True,True,True
78961,2024,MPO,2,684359,121362,121362,971,Round 2,2024-08-25,Jonathan Russo,951,Black Falls Disc Golf Course,Gold tee-Gold basket,61,18,1,14:00:00,66,5,925,124,True,False,18,66,True,True,True
78961,2024,MPO,2,684359,204892,204892,959,Round 2,2024-08-25,Tiernan Roland,973,Black Falls Disc Golf Course,Gold tee-Gold basket,61,18,3,13:40:00,62,1,959,125,True,False,18,62,True,True,True
78961,2024,MPO,2,684359,74240,74240,961,Round 2,2024-08-25,Christopher Martin,962,Black Falls Disc Golf Course,Gold tee-Gold basket,61,18,2,13:40:00,63,2,951,126,True,False,18,63,True,True,True
78961,2024,MPO,2,684359,125586,125586,930,Round 2,2024-08-25,Matthew Avery,,Black Falls Disc Golf Course,Gold tee-Gold basket,61,18,4,13:50:00,65,4,934,126,True,False,18,65,True,True,True
78961,2024,MPO,2,684359,31562,31562,958,Round 2,2024-08-25,Jonathan Betts,948,Black Falls Disc Golf Course,Gold tee-Gold basket,61,18,3,14:00:00,70,9,891,129,True,False,18,70,True,True,True
78961,2024,MPO,2,684359,125328,125328,942,Round 2,2024-08-25,Dana Carpenter,,Black Falls Disc Golf Course,Gold tee-Gold basket,61,18,1,13:20:00,65,4,934,134,True,False,18,65,True,True,True
78961,2024,MPO,2,684359,244554,244554,939,Round 2,2024-08-25,Jacob Decatur,,Black Falls Disc Golf Course,Gold tee-Gold basket,61,18,4,13:30:00,70,9,891,137,True,False,18,70,True,True,True
78961,2024,MPO,2,684359,175583,175583,900,Round 2,2024-08-25,Rob Salter,948,Black Falls Disc Golf Course,Gold tee-Gold basket,61,18,1,13:30:00,72,11,874,138,True,False,18,72,True,True,True
78961,2024,MPO,2,684359,185963,185963,889,Round 2,2024-08-25,Ross Dunham,,Black Falls Disc Golf Course,Gold tee-Gold basket,61,18,2,13:20:00,71,10,883,140,True,False,18,71,True,True,True
78961,2024,MPO,2,684359,221449,221449,909,Round 2,2024-08-25,Shane Proctor,885,Black Falls Disc Golf Course,Gold tee-Gold basket,61,18,3,13:20:00,70,9,891,142,True,False,18,70,True,True,True
78961,2024,MPO,2,684359,114674,114674,909,Round 2,2024-08-25,Jordan Lamson,,Black Falls Disc Golf Course,Gold tee-Gold basket,61,18,4,13:20:00,74,13,857,148,True,False,18,74,True,True,True
79122,2024,FA1,1,685059,246656,246656,822,Round 1,2024-09-08,Sarah Bedard,807,Pittsford Disc Golf Course,White tees (long tees),60,18,3,11:20:00,65,5,821,133,True,False,18,65,True,True,True
79122,2024,FA1,2,685059,246656,246656,822,Round 2,2024-09-08,Sarah Bedard,807,Pittsford Disc Golf Course,White tees (long tees),60,18,1,11:10:00,68,8,788,133,True,False,18,68,True,True,True
79122,2024,FA2,1,685059,280741,280741,785,Round 1,2024-09-08,Lisa Morris,,Pittsford Disc Golf Course,White tees (long tees),60,18,2,10:00:00,67,7,799,,True,False,18,67,True,True,True
79122,2024,FA2,1,685059,293713,293713,,Round 1,2024-09-08,Jessica Collard,,Pittsford Disc Golf Course,White tees (long tees),60,18,3,10:00:00,86,26,592,168,True,False,18,86,True,True,True
79122,2024,FA2,1,685059,215341,215341,549,Round 1,2024-09-08,Teah Miller,591,Pittsford Disc Golf Course,White tees (long tees),60,18,1,10:00:00,89,29,559,175,True,False,18,89,True,True,True
79122,2024,FA2,2,685059,293713,293713,,Round 2,2024-09-08,Jessica Collard,,Pittsford Disc Golf Course,White tees (long tees),60,18,4,11:10:00,82,22,636,168,True,False,18,82,True,True,True
79122,2024,FA2,2,685059,215341,215341,549,Round 2,2024-09-08,Teah Miller,591,Pittsford Disc Golf Course,White tees (long tees),60,18,5,11:10:00,86,26,592,175,True,False,18,86,True,True,True
79122,2024,FA2,2,685059,280741,280741,785,Round 2,2024-09-08,Lisa Morris,,Pittsford Disc Golf Course,White tees (long tees),60,18,,,,,,,True,True,0,,False,False,False
79122,2024,FA3,1,685059,277475,277475,676,Round 1,2024-09-08,Erin Rice,727,Pittsford Disc Golf Course,White tees (long tees),60,18,3,09:50:00,77,17,690,147,True,False,18,77,True,True,True
79122,2024,FA3,1,685059,278389,278389,682,Round 1,2024-09-08,Jessica Davenport,766,Pittsford Disc Golf Course,White tees (long tees),60,18,2,09:50:00,78,18,679,155,True,False,18,78,True,True,True
79122,2024,FA3,1,685059,228978,228978,489,Round 1,2024-09-08,Nicole Meyer,,Pittsford Disc Golf Course,White tees (long tees),60,18,1,09:50:00,87,27,581,174,True,False,18,87,True,True,True
79122,2024,FA3,2,685059,277475,277475,676,Round 2,2024-09-08,Erin Rice,727,Pittsford Disc Golf Course,White tees (long tees),60,18,1,09:50:00,70,10,766,147,True,False,18,70,True,True,True
79122,2024,FA3,2,685059,278389,278389,682,Round 2,2024-09-08,Jessica Davenport,766,Pittsford Disc Golf Course,White tees (long tees),60,18,2,09:50:00,77,17,690,155,True,False,18,77,True,True,True
79122,2024,FA3,2,685059,228978,228978,489,Round 2,2024-09-08,Nicole Meyer,,Pittsford Disc Golf Course,White tees (long tees),60,18,3,09:50:00,87,27,581,174,True,False,18,87,True,True,True
79122,2024,FA40,1,685059,213173,213173,792,Round 1,2024-09-08,Elizabeth Carrell,775,Pittsford Disc Golf Course,White tees (long tees),60,18,1,11:20:00,70,10,766,139,True,False,18,70,True,True,True
79122,2024,FA40,1,685059,228265,228265,697,Round 1,2024-09-08,Maryellen Copping,705,Pittsford Disc Golf Course,White tees (long tees),60,18,2,11:20:00,75,15,712,152,True,False,18,75,True,True,True
79122,2024,FA40,2,685059,213173,213173,792,Round 2,2024-09-08,Elizabeth Carrell,775,Pittsford Disc Golf Course,White tees (long tees),60,18,2,11:10:00,69,9,777,139,True,False,18,69,True,True,True
79122,2024,FA40,2,685059,228265,228265,697,Round 2,2024-09-08,Maryellen Copping,705,Pittsford Disc Golf Course,White tees (long tees),60,18,3,11:10:00,77,17,690,152,True,False,18,77,True,True,True
79122,2024,MA1,1,685059,173058,173058,946,Round 1,2024-09-08,Brandon Allaire,950,Pittsford Disc Golf Course,White tees (long tees),60,18,2,11:40:00,49,-11,995,101,True,False,18,49,True,True,True
79122,2024,MA1,1,685059,278286,278286,903,Round 1,2024-09-08,Trevor Hazelton,949,Pittsford Disc Golf Course,White tees (long tees),60,18,4,11:40:00,50,-10,984,107,True,False,18,50,True,True,True
79122,2024,MA1,1,685059,110707,110707,937,Round 1,2024-09-08,Jason Wilson,927,Pittsford Disc Golf Course,White tees (long tees),60,18,2,11:50:00,52,-8,963,102,True,False,18,52,True,True,True
79122,2024,MA1,1,685059,192901,192901,925,Round 1,2024-09-08,Micah Munro,890,Pittsford Disc Golf Course,White tees (long tees),60,18,1,11:30:00,55,-5,930,110,True,False,18,55,True,True,True
79122,2024,MA1,1,685059,212570,212570,903,Round 1,2024-09-08,Derek Copping,874,Pittsford Disc Golf Course,White tees (long tees),60,18,3,11:40:00,55,-5,930,118,True,False,18,55,True,True,True
79122,2024,MA1,1,685059,89829,89829,934,Round 1,2024-09-08,Garrett Washburn,923,Pittsford Disc Golf Course,White tees (long tees),60,18,1,12:00:00,56,-4,919,115,True,False,18,56,True,True,True
79122,2024,MA1,1,685059,240494,240494,923,Round 1,2024-09-08,Derrek Eckhardt,919,Pittsford Disc Golf Course,White tees (long tees),60,18,4,11:50:00,56,-4,919,109,True,False,18,56,True,True,True
79122,2024,MA1,1,685059,146710,146710,924,Round 1,2024-09-08,Nicholas Laurendeau,,Pittsford Disc Golf Course,White tees (long tees),60,18,1,11:40:00,57,-3,908,113,True,False,18,57,True,True,True
79122,2024,MA1,1,685059,175140,175140,904,Round 1,2024-09-08,Christian Garey,890,Pittsford Disc Golf Course,White tees (long tees),60,18,3,11:50:00,57,-3,908,110,True,False,18,57,True,True,True
79122,2024,MA1,1,685059,219307,219307,910,Round 1,2024-09-08,Everett Secor,935,Pittsford Disc Golf Course,White tees (long tees),60,18,2,12:00:00,57,-3,908,114,True,False,18,57,True,True,True
79122,2024,MA1,1,685059,96154,96154,865,Round 1,2024-09-08,Travis Jacques,871,Pittsford Disc Golf Course,White tees (long tees),60,18,1,11:50:00,58,-2,897,117,True,False,18,58,True,True,True
79122,2024,MA1,1,685059,235658,235658,930,Round 1,2024-09-08,Brandon Westburg,963,Pittsford Disc Golf Course,White tees (long tees),60,18,3,12:00:00,59,-1,886,115,True,False,18,59,True,True,True
79122,2024,MA1,1,685059,275041,275041,897,Round 1,2024-09-08,Samuel Schonberg,937,Pittsford Disc Golf Course,White tees (long tees),60,18,4,12:00:00,59,-1,886,114,True,False,18,59,True,True,True
79122,2024,MA1,1,685059,242103,242103,877,Round 1,2024-09-08,Nathan Oxenfeld,895,Pittsford Disc Golf Course,White tees (long tees),60,18,2,11:30:00,61,1,864,122,True,False,18,61,True,True,True
79122,2024,MA1,2,685059,173058,173058,946,Round 2,2024-09-08,Brandon Allaire,950,Pittsford Disc Golf Course,White tees (long tees),60,18,1,12:20:00,52,-8,963,101,True,False,18,52,True,True,True
79122,2024,MA1,2,685059,110707,110707,937,Round 2,2024-09-08,Jason Wilson,927,Pittsford Disc Golf Course,White tees (long tees),60,18,3,12:20:00,50,-10,984,102,True,False,18,50,True,True,True
79122,2024,MA1,2,685059,278286,278286,903,Round 2,2024-09-08,Trevor Hazelton,949,Pittsford Disc Golf Course,White tees (long tees),60,18,2,12:20:00,57,-3,908,107,True,False,18,57,True,True,True
79122,2024,MA1,2,685059,240494,240494,923,Round 2,2024-09-08,Derrek Eckhardt,919,Pittsford Disc Golf Course,White tees (long tees),60,18,3,12:10:00,53,-7,952,109,True,False,18,53,True,True,True
79122,2024,MA1,2,685059,175140,175140,904,Round 2,2024-09-08,Christian Garey,890,Pittsford Disc Golf Course,White tees (long tees),60,18,1,12:00:00,53,-7,952,110,True,False,18,53,True,True,True
79122,2024,MA1,2,685059,192901,192901,925,Round 2,2024-09-08,Micah Munro,890,Pittsford Disc Golf Course,White tees (long tees),60,18,4,12:20:00,55,-5,930,110,True,False,18,55,True,True,True
79122,2024,MA1,2,685059,146710,146710,924,Round 2,2024-09-08,Nicholas Laurendeau,,Pittsford Disc Golf Course,White tees (long tees),60,18,4,12:10:00,56,-4,919,113,True,False,18,56,True,True,True
79122,2024,MA1,2,685059,275041,275041,897,Round 2,2024-09-08,Samuel Schonberg,937,Pittsford Disc Golf Course,White tees (long tees),60,18,2,11:50:00,55,-5,930,114,True,False,18,55,True,True,True
79122,2024,MA1,2,685059,219307,219307,910,Round 2,2024-09-08,Everett Secor,935,Pittsford Disc Golf Course,White tees (long tees),60,18,2,12:00:00,57,-3,908,114,True,False,18,57,True,True,True
79122,2024,MA1,2,685059,235658,235658,930,Round 2,2024-09-08,Brandon Westburg,963,Pittsford Disc Golf Course,White tees (long tees),60,18,1,11:50:00,56,-4,919,115,True,False,18,56,True,True,True
79122,2024,MA1,2,685059,89829,89829,934,Round 2,2024-09-08,Garrett Washburn,923,Pittsford Disc Golf Course,White tees (long tees),60,18,2,12:10:00,59,-1,886,115,True,False,18,59,True,True,True
79122,2024,MA1,2,685059,96154,96154,865,Round 2,2024-09-08,Travis Jacques,871,Pittsford Disc Golf Course,White tees (long tees),60,18,3,12:00:00,59,-1,886,117,True,False,18,59,True,True,True
79122,2024,MA1,2,685059,212570,212570,903,Round 2,2024-09-08,Derek Copping,874,Pittsford Disc Golf Course,White tees (long tees),60,18,1,12:10:00,63,3,843,118,True,False,18,63,True,True,True
79122,2024,MA1,2,685059,242103,242103,877,Round 2,2024-09-08,Nathan Oxenfeld,895,Pittsford Disc Golf Course,White tees (long tees),60,18,3,11:50:00,61,1,864,122,True,False,18,61,True,True,True
79122,2024,MA2,1,685059,63896,63896,888,Round 1,2024-09-08,Ross King,899,Pittsford Disc Golf Course,White tees (long tees),60,18,3,10:10:00,54,-6,941,111,True,False,18,54,True,True,True
79122,2024,MA2,1,685059,213171,213171,901,Round 1,2024-09-08,Matt Thornley,905,Pittsford Disc Golf Course,White tees (long tees),60,18,1,10:10:00,56,-4,919,120,True,False,18,56,True,True,True
79122,2024,MA2,1,685059,122720,122720,879,Round 1,2024-09-08,Todd Morris,,Pittsford Disc Golf Course,White tees (long tees),60,18,3,10:30:00,57,-3,908,115,True,False,18,57,True,True,True
79122,2024,MA2,1,685059,212714,212714,864,Round 1,2024-09-08,Rocco Ceci,879,Pittsford Disc Golf Course,White tees (long tees),60,18,4,11:30:00,57,-3,908,117,True,False,18,57,True,True,True
79122,2024,MA2,1,685059,166633,166633,883,Round 1,2024-09-08,Joshua Martin,,Pittsford Disc Golf Course,White tees (long tees),60,18,4,10:10:00,58,-2,897,119,True,False,18,58,True,True,True
79122,2024,MA2,1,685059,166636,166636,858,Round 1,2024-09-08,Warren Bombardier,888,Pittsford Disc Golf Course,White tees (long tees),60,18,1,10:40:00,58,-2,897,117,True,False,18,58,True,True,True
79122,2024,MA2,1,685059,278390,278390,914,Round 1,2024-09-08,Edward Blow,,Pittsford Disc Golf Course,White tees (long tees),60,18,4,10:40:00,58,-2,897,106,True,False,18,58,True,True,True
79122,2024,MA2,1,685059,286623,286623,897,Round 1,2024-09-08,Ethan Santor,916,Pittsford Disc Golf Course,White tees (long tees),60,18,4,10:30:00,58,-2,897,119,True,False,18,58,True,True,True
79122,2024,MA2,1,685059,221157,221157,903,Round 1,2024-09-08,Dylan Slick,915,Pittsford Disc Golf Course,White tees (long tees),60,18,2,10:10:00,59,-1,886,108,True,False,18,59,True,True,True
79122,2024,MA2,1,685059,213224,213224,900,Round 1,2024-09-08,Justin Griswold,914,Pittsford Disc Golf Course,White tees (long tees),60,18,3,11:30:00,60,0,875,118,True,False,18,60,True,True,True
79122,2024,MA2,1,685059,235035,235035,885,Round 1,2024-09-08,Paul Seyler,908,Pittsford Disc Golf Course,White tees (long tees),60,18,2,10:30:00,60,0,875,119,True,False,18,60,True,True,True
79122,2024,MA2,1,685059,148187,148187,843,Round 1,2024-09-08,Evan Miller,874,Pittsford Disc Golf Course,White tees (long tees),60,18,1,10:30:00,61,1,864,117,True,False,18,61,True,True,True
79122,2024,MA2,1,685059,166637,166637,856,Round 1,2024-09-08,Ajay Shah,825,Pittsford Disc Golf Course,White tees (long tees),60,18,3,10:20:00,62,2,854,126,True,False,18,62,True,True,True
79122,2024,MA2,1,685059,287102,287102,873,Round 1,2024-09-08,Ethan Robie,919,Pittsford Disc Golf Course,White tees (long tees),60,18,2,10:40:00,63,3,843,122,True,False,18,63,True,True,True
79122,2024,MA2,1,685059,268458,268458,782,Round 1,2024-09-08,Demetrio Gagnon,810,Pittsford Disc Golf Course,White tees (long tees),60,18,1,10:20:00,67,7,799,132,True,False,18,67,True,True,True
79122,2024,MA2,1,685059,name:noah fleury,,,Round 1,2024-09-08,Noah Fleury,,Pittsford Disc Golf Course,White tees (long tees),60,18,3,10:40:00,68,8,788,131,True,False,18,68,True,True,True
79122,2024,MA2,1,685059,239437,239437,737,Round 1,2024-09-08,Simon Bethune,830,Pittsford Disc Golf Course,White tees (long tees),60,18,2,10:20:00,71,11,756,135,True,False,18,71,True,True,True
79122,2024,MA2,1,685059,278723,278723,755,Round 1,2024-09-08,Jeffrey Poplawski,776,Pittsford Disc Golf Course,White tees (long tees),60,18,4,10:20:00,77,17,690,150,True,False,18,77,True,True,True
79122,2024,MA2,2,685059,278390,278390,914,Round 2,2024-09-08,Edward Blow,,Pittsford Disc Golf Course,White tees (long tees),60,18,3,10:30:00,48,-12,1006,106,True,False,18,48,True,True,True
79122,2024,MA2,2,685059,221157,221157,903,Round 2,2024-09-08,Dylan Slick,915,Pittsford Disc Golf Course,White tees (long tees),60,18,1,10:20:00,49,-11,995,108,True,False,18,49,True,True,True
79122,2024,MA2,2,685059,63896,63896,888,Round 2,2024-09-08,Ross King,899,Pittsford Disc Golf Course,White tees (long tees),60,18,1,10:40:00,57,-3,908,111,True,False,18,57,True,True,True
79122,2024,MA2,2,685059,122720,122720,879,Round 2,2024-09-08,Todd Morris,,Pittsford Disc Golf Course,White tees (long tees),60,18,3,10:40:00,58,-2,897,115,True,False,18,58,True,True,True
79122,2024,MA2,2,685059,148187,148187,843,Round 2,2024-09-08,Evan Miller,874,Pittsford Disc Golf Course,White tees (long tees),60,18,4,10:20:00,56,-4,919,117,True,False,18,56,True,True,True
79122,2024,MA2,2,685059,166636,166636,858,Round 2,2024-09-08,Warren Bombardier,888,Pittsford Disc Golf Course,White tees (long tees),60,18,2,10:30:00,59,-1,886,117,True,False,18,59,True,True,True
79122,2024,MA2,2,685059,212714,212714,864,Round 2,2024-09-08,Rocco Ceci,879,Pittsford Disc Golf Course,White tees (long tees),60,18,4,10:40:00,60,0,875,117,True,False,18,60,True,True,True
79122,2024,MA2,2,685059,213224,213224,900,Round 2,2024-09-08,Justin Griswold,914,Pittsford Disc Golf Course,White tees (long tees),60,18,2,10:20:00,58,-2,897,118,True,False,18,58,True,True,True
79122,2024,MA2,2,685059,235035,235035,885,Round 2,2024-09-08,Paul Seyler,908,Pittsford Disc Golf Course,White tees (long tees),60,18,3,10:20:00,59,-1,886,119,True,False,18,59,True,True,True
79122,2024,MA2,2,685059,166633,166633,883,Round 2,2024-09-08,Joshua Martin,,Pittsford Disc Golf Course,White tees (long tees),60,18,1,10:30:00,61,1,864,119,True,False,18,61,True,True,True
79122,2024,MA2,2,685059,286623,286623,897,Round 2,2024-09-08,Ethan Santor,916,Pittsford Disc Golf Course,White tees (long tees),60,18,4,10:30:00,61,1,864,119,True,False,18,61,True,True,True
79122,2024,MA2,2,685059,213171,213171,901,Round 2,2024-09-08,Matt Thornley,905,Pittsford Disc Golf Course,White tees (long tees),60,18,2,10:40:00,64,4,832,120,True,False,18,64,True,True,True
79122,2024,MA2,2,685059,287102,287102,873,Round 2,2024-09-08,Ethan Robie,919,Pittsford Disc Golf Course,White tees (long tees),60,18,2,10:10:00,59,-1,886,122,True,False,18,59,True,True,True
79122,2024,MA2,2,685059,166637,166637,856,Round 2,2024-09-08,Ajay Shah,825,Pittsford Disc Golf Course,White tees (long tees),60,18,1,10:10:00,64,4,832,126,True,False,18,64,True,True,True
79122,2024,MA2,2,685059,name:noah fleury,,,Round 2,2024-09-08,Noah Fleury,,Pittsford Disc Golf Course,White tees (long tees),60,18,1,10:00:00,63,3,843,131,True,False,18,63,True,True,True
79122,2024,MA2,2,685059,268458,268458,782,Round 2,2024-09-08,Demetrio Gagnon,810,Pittsford Disc Golf Course,White tees (long tees),60,18,3,10:10:00,65,5,821,132,True,False,18,65,True,True,True
79122,2024,MA2,2,685059,239437,239437,737,Round 2,2024-09-08,Simon Bethune,830,Pittsford Disc Golf Course,White tees (long tees),60,18,2,10:00:00,64,4,832,135,True,False,18,64,True,True,True
79122,2024,MA2,2,685059,278723,278723,755,Round 2,2024-09-08,Jeffrey Poplawski,776,Pittsford Disc Golf Course,White tees (long tees),60,18,3,10:00:00,73,13,734,150,True,False,18,73,True,True,True
79122,2024,MA3,1,685059,179596,179596,890,Round 1,2024-09-08,Isaac Luce,,Pittsford Disc Golf Course,White tees (long tees),60,18,1,09:40:00,57,-3,908,113,True,False,18,57,True,True,True
79122,2024,MA3,1,685059,289306,289306,876,Round 1,2024-09-08,Jonathan Smith,921,Pittsford Disc Golf Course,White tees (long tees),60,18,2,09:30:00,57,-3,908,115,True,False,18,57,True,True,True
79122,2024,MA3,1,685059,185432,185432,850,Round 1,2024-09-08,John DeCicco,895,Pittsford Disc Golf Course,White tees (long tees),60,18,3,09:30:00,60,0,875,118,True,False,18,60,True,True,True
79122,2024,MA3,1,685059,286641,286641,801,Round 1,2024-09-08,Matthew Lanctot,837,Pittsford Disc Golf Course,White tees (long tees),60,18,2,09:20:00,60,0,875,126,True,False,18,60,True,True,True
79122,2024,MA3,1,685059,273426,273426,773,Round 1,2024-09-08,Gavin Decicco,867,Pittsford Disc Golf Course,White tees (long tees),60,18,1,09:30:00,63,3,843,126,True,False,18,63,True,True,True
79122,2024,MA3,1,685059,name:gary lieb,,,Round 1,2024-09-08,Gary Lieb,,Pittsford Disc Golf Course,White tees (long tees),60,18,3,09:40:00,63,3,843,126,True,False,18,63,True,True,True
79122,2024,MA3,1,685059,282619,282619,,Round 1,2024-09-08,Peter Miller,,Pittsford Disc Golf Course,White tees (long tees),60,18,1,09:20:00,65,5,821,129,True,False,18,65,True,True,True
79122,2024,MA3,1,685059,266150,266150,818,Round 1,2024-09-08,James Sheehan,864,Pittsford Disc Golf Course,White tees (long tees),60,18,2,09:40:00,69,9,777,132,True,False,18,69,True,True,True
79122,2024,MA3,1,685059,282826,282826,755,Round 1,2024-09-08,Brady Blanton,,Pittsford Disc Golf Course,White tees (long tees),60,18,3,09:20:00,72,12,745,140,True,False,18,72,True,True,True
79122,2024,MA3,2,685059,179596,179596,890,Round 2,2024-09-08,Isaac Luce,,Pittsford Disc Golf Course,White tees (long tees),60,18,1,09:40:00,56,-4,919,113,True,False,18,56,True,True,True
79122,2024,MA3,2,685059,289306,289306,876,Round 2,2024-09-08,Jonathan Smith,921,Pittsford Disc Golf Course,White tees (long tees),60,18,2,09:40:00,58,-2,897,115,True,False,18,58,True,True,True
79122,2024,MA3,2,685059,185432,185432,850,Round 2,2024-09-08,John DeCicco,895,Pittsford Disc Golf Course,White tees (long tees),60,18,3,09:40:00,58,-2,897,118,True,False,18,58,True,True,True
79122,2024,MA3,2,685059,273426,273426,773,Round 2,2024-09-08,Gavin Decicco,867,Pittsford Disc Golf Course,White tees (long tees),60,18,2,09:30:00,63,3,843,126,True,False,18,63,True,True,True
79122,2024,MA3,2,685059,name:gary lieb,,,Round 2,2024-09-08,Gary Lieb,,Pittsford Disc Golf Course,White tees (long tees),60,18,3,09:30:00,63,3,843,126,True,False,18,63,True,True,True
79122,2024,MA3,2,685059,286641,286641,801,Round 2,2024-09-08,Matthew Lanctot,837,Pittsford Disc Golf Course,White tees (long tees),60,18,1,09:30:00,66,6,810,126,True,False,18,66,True,True,True
79122,2024,MA3,2,685059,282619,282619,,Round 2,2024-09-08,Peter Miller,,Pittsford Disc Golf Course,White tees (long tees),60,18,1,09:20:00,64,4,832,129,True,False,18,64,True,True,True
79122,2024,MA3,2,685059,266150,266150,818,Round 2,2024-09-08,James Sheehan,864,Pittsford Disc Golf Course,White tees (long tees),60,18,2,09:20:00,63,3,843,132,True,False,18,63,True,True,True
79122,2024,MA3,2,685059,282826,282826,755,Round 2,2024-09-08,Brady Blanton,,Pittsford Disc Golf Course,White tees (long tees),60,18,3,09:20:00,68,8,788,140,True,False,18,68,True,True,True
79122,2024,MA40,1,685059,290531,290531,908,Round 1,2024-09-08,Scott Ellis,922,Pittsford Disc Golf Course,White tees (long tees),60,18,3,10:50:00,56,-4,919,112,True,False,18,56,True,True,True
79122,2024,MA40,1,685059,216349,216349,862,Round 1,2024-09-08,Justin Bassett,879,Pittsford Disc Golf Course,White tees (long tees),60,18,4,11:00:00,58,-2,897,118,True,False,18,58,True,True,True
79122,2024,MA40,1,685059,261729,261729,819,Round 1,2024-09-08,Ryan Baker,838,Pittsford Disc Golf Course,White tees (long tees),60,18,2,11:00:00,59,-1,886,121,True,False,18,59,True,True,True
79122,2024,MA40,1,685059,272246,272246,880,Round 1,2024-09-08,Austin Borg,,Pittsford Disc Golf Course,White tees (long tees),60,18,2,10:50:00,59,-1,886,117,True,False,18,59,True,True,True
79122,2024,MA40,1,685059,221629,221629,864,Round 1,2024-09-08,Justin Morgan,858,Pittsford Disc Golf Course,White tees (long tees),60,18,1,10:50:00,60,0,875,120,True,False,18,60,True,True,True
79122,2024,MA40,1,685059,84935,84935,882,Round 1,2024-09-08,Droo Fisher,866,Pittsford Disc Golf Course,White tees (long tees),60,18,3,11:00:00,65,5,821,125,True,False,18,65,True,True,True
79122,2024,MA40,2,685059,290531,290531,908,Round 2,2024-09-08,Scott Ellis,922,Pittsford Disc Golf Course,White tees (long tees),60,18,1,11:40:00,56,-4,919,112,True,False,18,56,True,True,True
79122,2024,MA40,2,685059,272246,272246,880,Round 2,2024-09-08,Austin Borg,,Pittsford Disc Golf Course,White tees (long tees),60,18,4,11:40:00,58,-2,897,117,True,False,18,58,True,True,True
79122,2024,MA40,2,685059,216349,216349,862,Round 2,2024-09-08,Justin Bassett,879,Pittsford Disc Golf Course,White tees (long tees),60,18,2,11:40:00,60,0,875,118,True,False,18,60,True,True,True
79122,2024,MA40,2,685059,221629,221629,864,Round 2,2024-09-08,Justin Morgan,858,Pittsford Disc Golf Course,White tees (long tees),60,18,1,11:30:00,60,0,875,120,True,False,18,60,True,True,True
79122,2024,MA40,2,685059,261729,261729,819,Round 2,2024-09-08,Ryan Baker,838,Pittsford Disc Golf Course,White tees (long tees),60,18,3,11:40:00,62,2,854,121,True,False,18,62,True,True,True
79122,2024,MA40,2,685059,84935,84935,882,Round 2,2024-09-08,Droo Fisher,866,Pittsford Disc Golf Course,White tees (long tees),60,18,3,11:30:00,60,0,875,125,True,False,18,60,True,True,True
79122,2024,MA50,1,685059,215620,215620,850,Round 1,2024-09-08,Ty Paulding,806,Pittsford Disc Golf Course,White tees (long tees),60,18,1,11:00:00,63,3,843,133,True,False,18,63,True,True,True
79122,2024,MA50,2,685059,215620,215620,850,Round 2,2024-09-08,Ty Paulding,806,Pittsford Disc Golf Course,White tees (long tees),60,18,2,11:30:00,70,10,766,133,True,False,18,70,True,True,True
79122,2024,MA60,1,685059,130713,130713,881,Round 1,2024-09-08,Ian Martin,902,Pittsford Disc Golf Course,White tees (long tees),60,18,4,11:10:00,52,-8,963,113,True,False,18,52,True,True,True
79122,2024,MA60,1,685059,4687,4687,886,Round 1,2024-09-08,Tim Herbert,917,Pittsford Disc Golf Course,White tees (long tees),60,18,1,11:10:00,58,-2,897,123,True,False,18,58,True,True,True
79122,2024,MA60,1,685059,91301,91301,906,Round 1,2024-09-08,Michael A. Stridsberg,898,Pittsford Disc Golf Course,White tees (long tees),60,18,2,11:10:00,58,-2,897,115,True,False,18,58,True,True,True
79122,2024,MA60,1,685059,name:fritz eckhardt,,,Round 1,2024-09-08,Fritz Eckhardt,,Pittsford Disc Golf Course,White tees (long tees),60,18,3,11:10:00,73,13,734,153,True,False,18,73,True,True,True
79122,2024,MA60,2,685059,130713,130713,881,Round 2,2024-09-08,Ian Martin,902,Pittsford Disc Golf Course,White tees (long tees),60,18,1,11:00:00,61,1,864,113,True,False,18,61,True,True,True
79122,2024,MA60,2,685059,91301,91301,906,Round 2,2024-09-08,Michael A. Stridsberg,898,Pittsford Disc Golf Course,White tees (long tees),60,18,3,11:00:00,57,-3,908,115,True,False,18,57,True,True,True
79122,2024,MA60,2,685059,4687,4687,886,Round 2,2024-09-08,Tim Herbert,917,Pittsford Disc Golf Course,White tees (long tees),60,18,2,11:00:00,65,5,821,123,True,False,18,65,True,True,True
79122,2024,MA60,2,685059,name:fritz eckhardt,,,Round 2,2024-09-08,Fritz Eckhardt,,Pittsford Disc Golf Course,White tees (long tees),60,18,4,11:00:00,80,20,657,153,True,False,18,80,True,True,True
79122,2024,MP40,1,685059,269580,269580,898,Round 1,2024-09-08,Bradley Martin,,Pittsford Disc Golf Course,White tees (long tees),60,18,4,12:40:00,51,-9,973,103,True,False,18,51,True,True,True
79122,2024,MP40,1,685059,24381,24381,935,Round 1,2024-09-08,Chris Young,937,Pittsford Disc Golf Course,White tees (long tees),60,18,1,12:40:00,56,-4,919,107,True,False,18,56,True,True,True
79122,2024,MP40,1,685059,193211,193211,933,Round 1,2024-09-08,Greg Babbin,933,Pittsford Disc Golf Course,White tees (long tees),60,18,3,12:40:00,56,-4,919,118,True,False,18,56,True,True,True
79122,2024,MP40,1,685059,83212,83212,900,Round 1,2024-09-08,Cory Barron,885,Pittsford Disc Golf Course,White tees (long tees),60,18,2,12:40:00,59,-1,886,115,True,False,18,59,True,True,True
79122,2024,MP40,1,685059,94273,94273,879,Round 1,2024-09-08,Marques Pozzani,863,Pittsford Disc Golf Course,White tees (long tees),60,18,4,12:30:00,59,-1,886,118,True,False,18,59,True,True,True
79122,2024,MP40,2,685059,269580,269580,898,Round 2,2024-09-08,Bradley Martin,,Pittsford Disc Golf Course,White tees (long tees),60,18,1,13:00:00,52,-8,963,103,True,False,18,52,True,True,True
79122,2024,MP40,2,685059,24381,24381,935,Round 2,2024-09-08,Chris Young,937,Pittsford Disc Golf Course,White tees (long tees),60,18,2,13:00:00,51,-9,973,107,True,False,18,51,True,True,True
79122,2024,MP40,2,685059,83212,83212,900,Round 2,2024-09-08,Cory Barron,885,Pittsford Disc Golf Course,White tees (long tees),60,18,4,13:00:00,56,-4,919,115,True,False,18,56,True,True,True
79122,2024,MP40,2,685059,94273,94273,879,Round 2,2024-09-08,Marques Pozzani,863,Pittsford Disc Golf Course,White tees (long tees),60,18,3,12:50:00,59,-1,886,118,True,False,18,59,True,True,True
79122,2024,MP40,2,685059,193211,193211,933,Round 2,2024-09-08,Greg Babbin,933,Pittsford Disc Golf Course,White tees (long tees),60,18,3,13:00:00,62,2,854,118,True,False,18,62,True,True,True
79122,2024,MP50,1,685059,84880,84880,906,Round 1,2024-09-08,Marcos Miller,,Pittsford Disc Golf Course,White tees (long tees),60,18,1,12:30:00,57,-3,908,116,True,False,18,57,True,True,True
79122,2024,MP50,1,685059,223480,223480,871,Round 1,2024-09-08,Marc Kirkpatrick,879,Pittsford Disc Golf Course,White tees (long tees),60,18,3,12:30:00,57,-3,908,115,True,False,18,57,True,True,True
79122,2024,MP50,1,685059,132446,132446,912,Round 1,2024-09-08,Yves Desgreniers,917,Pittsford Disc Golf Course,White tees (long tees),60,18,2,12:30:00,59,-1,886,115,True,False,18,59,True,True,True
79122,2024,MP50,2,685059,223480,223480,871,Round 2,2024-09-08,Marc Kirkpatrick,879,Pittsford Disc Golf Course,White tees (long tees),60,18,2,12:50:00,58,-2,897,115,True,False,18,58,True,True,True
79122,2024,MP50,2,685059,132446,132446,912,Round 2,2024-09-08,Yves Desgreniers,917,Pittsford Disc Golf Course,White tees (long tees),60,18,4,12:50:00,56,-4,919,115,True,False,18,56,True,True,True
79122,2024,MP50,2,685059,84880,84880,906,Round 2,2024-09-08,Marcos Miller,,Pittsford Disc Golf Course,White tees (long tees),60,18,1,12:50:00,59,-1,886,116,True,False,18,59,True,True,True
79122,2024,MPO,1,685059,131201,131201,938,Round 1,2024-09-08,Tyler LaPerle,973,Pittsford Disc Golf Course,White tees (long tees),60,18,2,12:10:00,51,-9,973,104,True,False,18,51,True,True,True
79122,2024,MPO,1,685059,91216,91216,954,Round 1,2024-09-08,Chris Spear,932,Pittsford Disc Golf Course,White tees (long tees),60,18,1,12:10:00,52,-8,963,107,True,False,18,52,True,True,True
79122,2024,MPO,1,685059,140098,140098,965,Round 1,2024-09-08,Angus Barstow,980,Pittsford Disc Golf Course,White tees (long tees),60,18,3,12:20:00,54,-6,941,105,True,False,18,54,True,True,True
79122,2024,MPO,1,685059,207793,207793,906,Round 1,2024-09-08,Walker White,917,Pittsford Disc Golf Course,White tees (long tees),60,18,3,12:10:00,56,-4,919,115,True,False,18,56,True,True,True
79122,2024,MPO,1,685059,101829,101829,936,Round 1,2024-09-08,Joshua Storgaard,,Pittsford Disc Golf Course,White tees (long tees),60,18,2,12:20:00,59,-1,886,109,True,False,18,59,True,True,True
79122,2024,MPO,1,685059,221449,221449,909,Round 1,2024-09-08,Shane Proctor,885,Pittsford Disc Golf Course,White tees (long tees),60,18,4,12:20:00,61,1,864,127,True,False,18,61,True,True,True
79122,2024,MPO,1,685059,100885,100885,956,Round 1,2024-09-08,Jacob Moore,945,Pittsford Disc Golf Course,White tees (long tees),60,18,1,12:20:00,62,2,854,118,True,False,18,62,True,True,True
79122,2024,MPO,2,685059,131201,131201,938,Round 2,2024-09-08,Tyler LaPerle,973,Pittsford Disc Golf Course,White tees (long tees),60,18,1,12:40:00,53,-7,952,104,True,False,18,53,True,True,True
79122,2024,MPO,2,685059,140098,140098,965,Round 2,2024-09-08,Angus Barstow,980,Pittsford Disc Golf Course,White tees (long tees),60,18,3,12:40:00,51,-9,973,105,True,False,18,51,True,True,True
79122,2024,MPO,2,685059,91216,91216,954,Round 2,2024-09-08,Chris Spear,932,Pittsford Disc Golf Course,White tees (long tees),60,18,2,12:40:00,55,-5,930,107,True,False,18,55,True,True,True
79122,2024,MPO,2,685059,101829,101829,936,Round 2,2024-09-08,Joshua Storgaard,,Pittsford Disc Golf Course,White tees (long tees),60,18,1,12:30:00,50,-10,984,109,True,False,18,50,True,True,True
79122,2024,MPO,2,685059,207793,207793,906,Round 2,2024-09-08,Walker White,917,Pittsford Disc Golf Course,White tees (long tees),60,18,4,12:40:00,59,-1,886,115,True,False,18,59,True,True,True
79122,2024,MPO,2,685059,100885,100885,956,Round 2,2024-09-08,Jacob Moore,945,Pittsford Disc Golf Course,White tees (long tees),60,18,3,12:30:00,56,-4,919,118,True,False,18,56,True,True,True
79122,2024,MPO,2,685059,221449,221449,909,Round 2,2024-09-08,Shane Proctor,885,Pittsford Disc Golf Course,White tees (long tees),60,18,2,12:30:00,66,6,810,127,True,False,18,66,True,True,True
79898,2024,FA1,1,688462,125884,125884,839,Round 1,2024-09-29,Kaidence Moore,809,Cold Hollow Disc Golf Course,Cold Hollow Long Layout,59,18,3,10:30:00,70,11,841,137,True,False,18,70,True,True,True
79898,2024,FA1,1,688462,170015,170015,797,Round 1,2024-09-29,Alyssa Nichols,828,Cold Hollow Disc Golf Course,Cold Hollow Long Layout,59,18,4,10:30:00,73,14,813,150,True,False,18,73,True,True,True
79898,2024,FA1,2,688462,125884,125884,839,Round 2,2024-09-29,Kaidence Moore,809,Cold Hollow Disc Golf Course,Cold Hollow Long Layout,59,18,1,11:30:00,67,8,869,137,True,False,18,67,True,True,True
79898,2024,FA1,2,688462,170015,170015,797,Round 2,2024-09-29,Alyssa Nichols,828,Cold Hollow Disc Golf Course,Cold Hollow Long Layout,59,18,4,11:30:00,77,18,775,150,True,False,18,77,True,True,True
79898,2024,FA2,1,688464,282534,282534,757,Round 1,2024-09-29,Kayla Neumeister,752,Cold Hollow Disc Golf Course,Cold Hollow Short Layout,59,18,4,08:50:00,57,-2,826,116,True,False,18,57,True,True,True
79898,2024,FA2,1,688464,280741,280741,790,Round 1,2024-09-29,Lisa Morris,,Cold Hollow Disc Golf Course,Cold Hollow Short Layout,59,18,3,08:50:00,59,0,799,116,True,False,18,59,True,True,True
79898,2024,FA2,1,688464,231494,231494,613,Round 1,2024-09-29,Charlotte Martino,,Cold Hollow Disc Golf Course,Cold Hollow Short Layout,59,18,2,08:50:00,63,4,746,127,True,False,18,63,True,True,True
79898,2024,FA2,1,688464,231492,231492,666,Round 1,2024-09-29,Jade Rogers,694,Cold Hollow Disc Golf Course,Cold Hollow Short Layout,59,18,1,08:50:00,70,11,654,137,True,False,18,70,True,True,True
79898,2024,FA2,2,688464,280741,280741,790,Round 2,2024-09-29,Lisa Morris,,Cold Hollow Disc Golf Course,Cold Hollow Short Layout,59,18,2,08:50:00,57,-2,826,116,True,False,18,57,True,True,True
79898,2024,FA2,2,688464,282534,282534,757,Round 2,2024-09-29,Kayla Neumeister,752,Cold Hollow Disc Golf Course,Cold Hollow Short Layout,59,18,1,08:50:00,59,0,799,116,True,False,18,59,True,True,True
79898,2024,FA2,2,688464,231494,231494,613,Round 2,2024-09-29,Charlotte Martino,,Cold Hollow Disc Golf Course,Cold Hollow Short Layout,59,18,3,08:50:00,64,5,733,127,True,False,18,64,True,True,True
79898,2024,FA2,2,688464,231492,231492,666,Round 2,2024-09-29,Jade Rogers,694,Cold Hollow Disc Golf Course,Cold Hollow Short Layout,59,18,4,08:50:00,67,8,693,137,True,False,18,67,True,True,True
79898,2024,FA3,1,688464,175840,175840,622,Round 1,2024-09-29,Deana Irving,,Cold Hollow Disc Golf Course,Cold Hollow Short Layout,59,18,1,08:00:00,65,6,720,131,True,False,18,65,True,True,True
79898,2024,FA3,1,688464,278389,278389,689,Round 1,2024-09-29,Jessica Davenport,766,Cold Hollow Disc Golf Course,Cold Hollow Short Layout,59,18,4,08:00:00,73,14,614,142,True,False,18,73,True,True,True
79898,2024,FA3,1,688464,277475,277475,685,Round 1,2024-09-29,Erin Rice,727,Cold Hollow Disc Golf Course,Cold Hollow Short Layout,59,18,2,08:00:00,75,16,587,145,True,False,18,75,True,True,True
79898,2024,FA3,2,688464,175840,175840,622,Round 2,2024-09-29,Deana Irving,,Cold Hollow Disc Golf Course,Cold Hollow Short Layout,59,18,1,07:50:00,66,7,707,131,True,False,18,66,True,True,True
79898,2024,FA3,2,688464,278389,278389,689,Round 2,2024-09-29,Jessica Davenport,766,Cold Hollow Disc Golf Course,Cold Hollow Short Layout,59,18,2,07:50:00,69,10,667,142,True,False,18,69,True,True,True
79898,2024,FA3,2,688464,277475,277475,685,Round 2,2024-09-29,Erin Rice,727,Cold Hollow Disc Golf Course,Cold Hollow Short Layout,59,18,3,07:50:00,70,11,654,145,True,False,18,70,True,True,True
79898,2024,FA40,1,688464,261710,261710,784,Round 1,2024-09-29,Sally Blanchette,812,Cold Hollow Disc Golf Course,Cold Hollow Short Layout,59,18,3,09:10:00,57,-2,826,115,True,False,18,57,True,True,True
79898,2024,FA40,1,688464,213173,213173,786,Round 1,2024-09-29,Elizabeth Carrell,775,Cold Hollow Disc Golf Course,Cold Hollow Short Layout,59,18,2,09:10:00,60,1,786,124,True,False,18,60,True,True,True
79898,2024,FA40,1,688464,275115,275115,741,Round 1,2024-09-29,Mindy German,805,Cold Hollow Disc Golf Course,Cold Hollow Short Layout,59,18,4,09:00:00,60,1,786,122,True,False,18,60,True,True,True
79898,2024,FA40,1,688464,192992,192992,729,Round 1,2024-09-29,Christy Fisher,705,Cold Hollow Disc Golf Course,Cold Hollow Short Layout,59,18,1,09:00:00,62,3,760,129,True,False,18,62,True,True,True
79898,2024,FA40,1,688464,172895,172895,724,Round 1,2024-09-29,Cara Tatro,737,Cold Hollow Disc Golf Course,Cold Hollow Short Layout,59,18,1,09:10:00,64,5,733,129,True,False,18,64,True,True,True
79898,2024,FA40,1,688464,293462,293462,,Round 1,2024-09-29,Jennifer MacDonough,687,Cold Hollow Disc Golf Course,Cold Hollow Short Layout,59,18,4,09:10:00,67,8,693,132,True,False,18,67,True,True,True
79898,2024,FA40,1,688464,261982,261982,751,Round 1,2024-09-29,Jill Betts,775,Cold Hollow Disc Golf Course,Cold Hollow Short Layout,59,18,3,09:00:00,68,9,680,131,True,False,18,68,True,True,True
79898,2024,FA40,1,688464,228265,228265,694,Round 1,2024-09-29,Maryellen Copping,705,Cold Hollow Disc Golf Course,Cold Hollow Short Layout,59,18,2,09:00:00,73,14,614,147,True,False,18,73,True,True,True
79898,2024,FA40,2,688464,261710,261710,784,Round 2,2024-09-29,Sally Blanchette,812,Cold Hollow Disc Golf Course,Cold Hollow Short Layout,59,18,1,09:10:00,58,-1,813,115,True,False,18,58,True,True,True
79898,2024,FA40,2,688464,275115,275115,741,Round 2,2024-09-29,Mindy German,805,Cold Hollow Disc Golf Course,Cold Hollow Short Layout,59,18,3,09:10:00,62,3,760,122,True,False,18,62,True,True,True
79898,2024,FA40,2,688464,213173,213173,786,Round 2,2024-09-29,Elizabeth Carrell,775,Cold Hollow Disc Golf Course,Cold Hollow Short Layout,59,18,2,09:10:00,64,5,733,124,True,False,18,64,True,True,True
79898,2024,FA40,2,688464,172895,172895,724,Round 2,2024-09-29,Cara Tatro,737,Cold Hollow Disc Golf Course,Cold Hollow Short Layout,59,18,1,09:00:00,65,6,720,129,True,False,18,65,True,True,True
79898,2024,FA40,2,688464,192992,192992,729,Round 2,2024-09-29,Christy Fisher,705,Cold Hollow Disc Golf Course,Cold Hollow Short Layout,59,18,4,09:10:00,67,8,693,129,True,False,18,67,True,True,True
79898,2024,FA40,2,688464,261982,261982,751,Round 2,2024-09-29,Jill Betts,775,Cold Hollow Disc Golf Course,Cold Hollow Short Layout,59,18,3,09:00:00,63,4,746,131,True,False,18,63,True,True,True
79898,2024,FA40,2,688464,293462,293462,,Round 2,2024-09-29,Jennifer MacDonough,687,Cold Hollow Disc Golf Course,Cold Hollow Short Layout,59,18,2,09:00:00,65,6,720,132,True,False,18,65,True,True,True
79898,2024,FA40,2,688464,228265,228265,694,Round 2,2024-09-29,Maryellen Copping,705,Cold Hollow Disc Golf Course,Cold Hollow Short Layout,59,18,4,09:00:00,74,15,601,147,True,False,18,74,True,True,True
79898,2024,FPO,1,688462,122613,122613,874,Round 1,2024-09-29,Kelly Heslin,889,Cold Hollow Disc Golf Course,Cold Hollow Long Layout,59,18,1,14:00:00,63,4,907,129,True,False,18,63,True,True,True
79898,2024,FPO,1,688462,174640,174640,852,Round 1,2024-09-29,Maureen McGuinness,,Cold Hollow Disc Golf Course,Cold Hollow Long Layout,59,18,2,14:00:00,63,4,907,130,True,False,18,63,True,True,True
79898,2024,FPO,1,688462,228248,228248,828,Round 1,2024-09-29,Isza Parchini,802,Cold Hollow Disc Golf Course,Cold Hollow Long Layout,59,18,3,14:00:00,75,16,794,147,True,False,18,75,True,True,True
79898,2024,FPO,2,688462,122613,122613,874,Round 2,2024-09-29,Kelly Heslin,889,Cold Hollow Disc Golf Course,Cold Hollow Long Layout,59,18,1,14:10:00,66,7,879,129,True,False,18,66,True,True,True
79898,2024,FPO,2,688462,174640,174640,852,Round 2,2024-09-29,Maureen McGuinness,,Cold Hollow Disc Golf Course,Cold Hollow Long Layout,59,18,2,14:10:00,67,8,869,130,True,False,18,67,True,True,True
79898,2024,FPO,2,688462,228248,228248,828,Round 2,2024-09-29,Isza Parchini,802,Cold Hollow Disc Golf Course,Cold Hollow Long Layout,59,18,3,14:10:00,72,13,822,147,True,False,18,72,True,True,True
79898,2024,MA1,1,688462,138544,138544,919,Round 1,2024-09-29,Chaz Sheperd,924,Cold Hollow Disc Golf Course,Cold Hollow Long Layout,59,18,3,12:20:00,56,-3,973,118,True,False,18,56,True,True,True
79898,2024,MA1,1,688462,149370,149370,908,Round 1,2024-09-29,Justin Serrano,897,Cold Hollow Disc Golf Course,Cold Hollow Long Layout,59,18,2,11:30:00,57,-2,963,119,True,False,18,57,True,True,True
79898,2024,MA1,1,688462,110707,110707,946,Round 1,2024-09-29,Jason Wilson,927,Cold Hollow Disc Golf Course,Cold Hollow Long Layout,59,18,4,11:30:00,58,-1,954,119,True,False,18,58,True,True,True
79898,2024,MA1,1,688462,211231,211231,919,Round 1,2024-09-29,John Gibbons,946,Cold Hollow Disc Golf Course,Cold Hollow Long Layout,59,18,3,11:40:00,58,-1,954,113,True,False,18,58,True,True,True
79898,2024,MA1,1,688462,259548,259548,875,Round 1,2024-09-29,Oliver Marchildon,,Cold Hollow Disc Golf Course,Cold Hollow Long Layout,59,18,2,11:50:00,58,-1,954,126,True,False,18,58,True,True,True
79898,2024,MA1,1,688462,275041,275041,900,Round 1,2024-09-29,Samuel Schonberg,937,Cold Hollow Disc Golf Course,Cold Hollow Long Layout,59,18,3,12:00:00,58,-1,954,119,True,False,18,58,True,True,True
79898,2024,MA1,1,688462,174031,174031,907,Round 1,2024-09-29,Ian MacDonald,909,Cold Hollow Disc Golf Course,Cold Hollow Long Layout,59,18,1,11:50:00,59,0,944,,True,False,18,59,True,True,True
79898,2024,MA1,1,688462,175140,175140,913,Round 1,2024-09-29,Christian Garey,890,Cold Hollow Disc Golf Course,Cold Hollow Long Layout,59,18,2,12:10:00,59,0,944,120,True,False,18,59,True,True,True
79898,2024,MA1,1,688462,212853,212853,937,Round 1,2024-09-29,Derrick Hudson,954,Cold Hollow Disc Golf Course,Cold Hollow Long Layout,59,18,4,12:00:00,59,0,944,117,True,False,18,59,True,True,True
79898,2024,MA1,1,688462,111643,111643,983,Round 1,2024-09-29,Finn Etter,1013,Cold Hollow Disc Golf Course,Cold Hollow Long Layout,59,18,1,12:20:00,60,1,935,110,True,False,18,60,True,True,True
79898,2024,MA1,1,688462,154887,154887,930,Round 1,2024-09-29,Brian Hunter,941,Cold Hollow Disc Golf Course,Cold Hollow Long Layout,59,18,2,12:20:00,60,1,935,118,True,False,18,60,True,True,True
79898,2024,MA1,1,688462,235658,235658,927,Round 1,2024-09-29,Brandon Westburg,963,Cold Hollow Disc Golf Course,Cold Hollow Long Layout,59,18,3,12:30:00,60,1,935,121,True,False,18,60,True,True,True
79898,2024,MA1,1,688462,97356,97356,914,Round 1,2024-09-29,Jason Guild,934,Cold Hollow Disc Golf Course,Cold Hollow Long Layout,59,18,1,12:30:00,61,2,926,121,True,False,18,61,True,True,True
79898,2024,MA1,1,688462,128670,128670,873,Round 1,2024-09-29,Steven Colbert,,Cold Hollow Disc Golf Course,Cold Hollow Long Layout,59,18,1,11:30:00,61,2,926,128,True,False,18,61,True,True,True
79898,2024,MA1,1,688462,89829,89829,930,Round 1,2024-09-29,Garrett Washburn,923,Cold Hollow Disc Golf Course,Cold Hollow Long Layout,59,18,4,12:10:00,63,4,907,123,True,False,18,63,True,True,True
79898,2024,MA1,1,688462,124203,124203,922,Round 1,2024-09-29,Ezra Koch,954,Cold Hollow Disc Golf Course,Cold Hollow Long Layout,59,18,2,12:40:00,63,4,907,125,True,False,18,63,True,True,True
79898,2024,MA1,1,688462,152276,152276,898,Round 1,2024-09-29,Alex Williams,957,Cold Hollow Disc Golf Course,Cold Hollow Long Layout,59,18,3,12:10:00,63,4,907,129,True,False,18,63,True,True,True
79898,2024,MA1,1,688462,218262,218262,893,Round 1,2024-09-29,Jerry Jackman,913,Cold Hollow Disc Golf Course,Cold Hollow Long Layout,59,18,2,11:40:00,63,4,907,123,True,False,18,63,True,True,True
79898,2024,MA1,1,688462,144447,144447,904,Round 1,2024-09-29,Ben Graham-Putter,929,Cold Hollow Disc Golf Course,Cold Hollow Long Layout,59,18,1,12:10:00,64,5,897,123,True,False,18,64,True,True,True
79898,2024,MA1,1,688462,147788,147788,954,Round 1,2024-09-29,Dan Cornellier,939,Cold Hollow Disc Golf Course,Cold Hollow Long Layout,59,18,4,12:30:00,64,5,897,121,True,False,18,64,True,True,True
79898,2024,MA1,1,688462,158783,158783,900,Round 1,2024-09-29,Joseph Humes,906,Cold Hollow Disc Golf Course,Cold Hollow Long Layout,59,18,2,12:30:00,64,5,897,123,True,False,18,64,True,True,True
79898,2024,MA1,1,688462,162806,162806,898,Round 1,2024-09-29,Ethan Springer,886,Cold Hollow Disc Golf Course,Cold Hollow Long Layout,59,18,1,12:00:00,64,5,897,131,True,False,18,64,True,True,True
79898,2024,MA1,1,688462,173058,173058,954,Round 1,2024-09-29,Brandon Allaire,950,Cold Hollow Disc Golf Course,Cold Hollow Long Layout,59,18,2,12:00:00,65,6,888,123,True,False,18,65,True,True,True
79898,2024,MA1,1,688462,192901,192901,937,Round 1,2024-09-29,Micah Munro,890,Cold Hollow Disc Golf Course,Cold Hollow Long Layout,59,18,3,11:30:00,65,6,888,137,True,False,18,65,True,True,True
79898,2024,MA1,1,688462,273177,273177,855,Round 1,2024-09-29,Greg Allard,,Cold Hollow Disc Golf Course,Cold Hollow Long Layout,59,18,3,11:50:00,67,8,869,135,True,False,18,67,True,True,True
79898,2024,MA1,1,688462,82340,82340,904,Round 1,2024-09-29,Justin Leonard,912,Cold Hollow Disc Golf Course,Cold Hollow Long Layout,59,18,4,11:50:00,68,9,860,139,True,False,18,68,True,True,True
79898,2024,MA1,1,688462,185963,185963,885,Round 1,2024-09-29,Ross Dunham,,Cold Hollow Disc Golf Course,Cold Hollow Long Layout,59,18,4,11:40:00,68,9,860,131,True,False,18,68,True,True,True
79898,2024,MA1,1,688462,137408,137408,846,Round 1,2024-09-29,Aaron Gingras,,Cold Hollow Disc Golf Course,Cold Hollow Long Layout,59,18,1,11:40:00,71,12,832,146,True,False,18,71,True,True,True
79898,2024,MA1,1,688462,174646,174646,878,Round 1,2024-09-29,David Oppenheimer,,Cold Hollow Disc Golf Course,Cold Hollow Long Layout,59,18,4,12:20:00,71,12,832,132,True,False,18,71,True,True,True
79898,2024,MA1,1,688462,96154,96154,879,Round 1,2024-09-29,Travis Jacques,871,Cold Hollow Disc Golf Course,Cold Hollow Long Layout,59,18,1,12:40:00,73,14,813,138,True,False,18,73,True,True,True
79898,2024,MA1,2,688462,111643,111643,983,Round 2,2024-09-29,Finn Etter,1013,Cold Hollow Disc Golf Course,Cold Hollow Long Layout,59,18,2,12:20:00,50,-9,1029,110,True,False,18,50,True,True,True
79898,2024,MA1,2,688462,211231,211231,919,Round 2,2024-09-29,John Gibbons,946,Cold Hollow Disc Golf Course,Cold Hollow Long Layout,59,18,4,12:40:00,55,-4,982,113,True,False,18,55,True,True,True
79898,2024,MA1,2,688462,212853,212853,937,Round 2,2024-09-29,Derrick Hudson,954,Cold Hollow Disc Golf Course,Cold Hollow Long Layout,59,18,1,12:20:00,58,-1,954,117,True,False,18,58,True,True,True
79898,2024,MA1,2,688462,154887,154887,930,Round 2,2024-09-29,Brian Hunter,941,Cold Hollow Disc Golf Course,Cold Hollow Long Layout,59,18,3,12:20:00,58,-1,954,118,True,False,18,58,True,True,True
79898,2024,MA1,2,688462,138544,138544,919,Round 2,2024-09-29,Chaz Sheperd,924,Cold Hollow Disc Golf Course,Cold Hollow Long Layout,59,18,1,12:40:00,62,3,916,118,True,False,18,62,True,True,True
79898,2024,MA1,2,688462,110707,110707,946,Round 2,2024-09-29,Jason Wilson,927,Cold Hollow Disc Golf Course,Cold Hollow Long Layout,59,18,3,12:40:00,61,2,926,119,True,False,18,61,True,True,True
79898,2024,MA1,2,688462,275041,275041,900,Round 2,2024-09-29,Samuel Schonberg,937,Cold Hollow Disc Golf Course,Cold Hollow Long Layout,59,18,2,12:30:00,61,2,926,119,True,False,18,61,True,True,True
79898,2024,MA1,2,688462,149370,149370,908,Round 2,2024-09-29,Justin Serrano,897,Cold Hollow Disc Golf Course,Cold Hollow Long Layout,59,18,2,12:40:00,62,3,916,119,True,False,18,62,True,True,True
79898,2024,MA1,2,688462,175140,175140,913,Round 2,2024-09-29,Christian Garey,890,Cold Hollow Disc Golf Course,Cold Hollow Long Layout,59,18,3,12:30:00,61,2,926,120,True,False,18,61,True,True,True
79898,2024,MA1,2,688462,147788,147788,954,Round 2,2024-09-29,Dan Cornellier,939,Cold Hollow Disc Golf Course,Cold Hollow Long Layout,59,18,4,12:00:00,57,-2,963,121,True,False,18,57,True,True,True
79898,2024,MA1,2,688462,97356,97356,914,Round 2,2024-09-29,Jason Guild,934,Cold Hollow Disc Golf Course,Cold Hollow Long Layout,59,18,1,12:10:00,60,1,935,121,True,False,18,60,True,True,True
79898,2024,MA1,2,688462,235658,235658,927,Round 2,2024-09-29,Brandon Westburg,963,Cold Hollow Disc Golf Course,Cold Hollow Long Layout,59,18,4,12:20:00,61,2,926,121,True,False,18,61,True,True,True
79898,2024,MA1,2,688462,173058,173058,954,Round 2,2024-09-29,Brandon Allaire,950,Cold Hollow Disc Golf Course,Cold Hollow Long Layout,59,18,3,11:50:00,58,-1,954,123,True,False,18,58,True,True,True
79898,2024,MA1,2,688462,144447,144447,904,Round 2,2024-09-29,Ben Graham-Putter,929,Cold Hollow Disc Golf Course,Cold Hollow Long Layout,59,18,3,12:00:00,59,0,944,123,True,False,18,59,True,True,True
79898,2024,MA1,2,688462,158783,158783,900,Round 2,2024-09-29,Joseph Humes,906,Cold Hollow Disc Golf Course,Cold Hollow Long Layout,59,18,1,11:50:00,59,0,944,123,True,False,18,59,True,True,True
79898,2024,MA1,2,688462,89829,89829,930,Round 2,2024-09-29,Garrett Washburn,923,Cold Hollow Disc Golf Course,Cold Hollow Long Layout,59,18,3,12:10:00,60,1,935,123,True,False,18,60,True,True,True
79898,2024,MA1,2,688462,218262,218262,893,Round 2,2024-09-29,Jerry Jackman,913,Cold Hollow Disc Golf Course,Cold Hollow Long Layout,59,18,2,12:00:00,60,1,935,123,True,False,18,60,True,True,True
79898,2024,MA1,2,688462,124203,124203,922,Round 2,2024-09-29,Ezra Koch,954,Cold Hollow Disc Golf Course,Cold Hollow Long Layout,59,18,4,12:10:00,62,3,916,125,True,False,18,62,True,True,True
79898,2024,MA1,2,688462,259548,259548,875,Round 2,2024-09-29,Oliver Marchildon,,Cold Hollow Disc Golf Course,Cold Hollow Long Layout,59,18,1,12:30:00,68,9,860,126,True,False,18,68,True,True,True
79898,2024,MA1,2,688462,128670,128670,873,Round 2,2024-09-29,Steven Colbert,,Cold Hollow Disc Golf Course,Cold Hollow Long Layout,59,18,2,12:10:00,67,8,869,128,True,False,18,67,True,True,True
79898,2024,MA1,2,688462,152276,152276,898,Round 2,2024-09-29,Alex Williams,957,Cold Hollow Disc Golf Course,Cold Hollow Long Layout,59,18,1,12:00:00,66,7,879,129,True,False,18,66,True,True,True
79898,2024,MA1,2,688462,185963,185963,885,Round 2,2024-09-29,Ross Dunham,,Cold Hollow Disc Golf Course,Cold Hollow Long Layout,59,18,3,11:40:00,63,4,907,131,True,False,18,63,True,True,True
79898,2024,MA1,2,688462,162806,162806,898,Round 2,2024-09-29,Ethan Springer,886,Cold Hollow Disc Golf Course,Cold Hollow Long Layout,59,18,2,11:50:00,67,8,869,131,True,False,18,67,True,True,True
79898,2024,MA1,2,688462,174646,174646,878,Round 2,2024-09-29,David Oppenheimer,,Cold Hollow Disc Golf Course,Cold Hollow Long Layout,59,18,2,11:30:00,61,2,926,132,True,False,18,61,True,True,True
79898,2024,MA1,2,688462,273177,273177,855,Round 2,2024-09-29,Greg Allard,,Cold Hollow Disc Golf Course,Cold Hollow Long Layout,59,18,1,11:40:00,68,9,860,135,True,False,18,68,True,True,True
79898,2024,MA1,2,688462,192901,192901,937,Round 2,2024-09-29,Micah Munro,890,Cold Hollow Disc Golf Course,Cold Hollow Long Layout,59,18,4,11:50:00,72,13,822,137,True,False,18,72,True,True,True
79898,2024,MA1,2,688462,96154,96154,879,Round 2,2024-09-29,Travis Jacques,871,Cold Hollow Disc Golf Course,Cold Hollow Long Layout,59,18,3,11:30:00,65,6,888,138,True,False,18,65,True,True,True
79898,2024,MA1,2,688462,82340,82340,904,Round 2,2024-09-29,Justin Leonard,912,Cold Hollow Disc Golf Course,Cold Hollow Long Layout,59,18,2,11:40:00,71,12,832,139,True,False,18,71,True,True,True
79898,2024,MA1,2,688462,137408,137408,846,Round 2,2024-09-29,Aaron Gingras,,Cold Hollow Disc Golf Course,Cold Hollow Long Layout,59,18,4,11:40:00,75,16,794,146,True,False,18,75,True,True,True
79898,2024,MA1,2,688462,174031,174031,907,Round 2,2024-09-29,Ian MacDonald,909,Cold Hollow Disc Golf Course,Cold Hollow Long Layout,59,18,3,12:30:00,,,,,True,True,0,,False,False,False
79898,2024,MA2,1,688462,213224,213224,897,Round 1,2024-09-29,Justin Griswold,914,Cold Hollow Disc Golf Course,Cold Hollow Long Layout,59,18,2,09:20:00,56,-3,973,122,True,False,18,56,True,True,True
79898,2024,MA2,1,688462,287102,287102,870,Round 1,2024-09-29,Ethan Robie,919,Cold Hollow Disc Golf Course,Cold Hollow Long Layout,59,18,2,09:30:00,57,-2,963,121,True,False,18,57,True,True,True
79898,2024,MA2,1,688462,259718,259718,888,Round 1,2024-09-29,Kamden Cox,906,Cold Hollow Disc Golf Course,Cold Hollow Long Layout,59,18,3,10:10:00,59,0,944,138,True,False,18,59,True,True,True
79898,2024,MA2,1,688462,286421,286421,896,Round 1,2024-09-29,Peter Florucci,920,Cold Hollow Disc Golf Course,Cold Hollow Long Layout,59,18,4,10:10:00,59,0,944,117,True,False,18,59,True,True,True
79898,2024,MA2,1,688462,159224,159224,913,Round 1,2024-09-29,Bryce McKim,,Cold Hollow Disc Golf Course,Cold Hollow Long Layout,59,18,1,09:30:00,60,1,935,120,True,False,18,60,True,True,True
79898,2024,MA2,1,688462,163523,163523,883,Round 1,2024-09-29,Landon Desroches,866,Cold Hollow Disc Golf Course,Cold Hollow Long Layout,59,18,1,10:20:00,61,2,926,124,True,False,18,61,True,True,True
79898,2024,MA2,1,688462,179596,179596,909,Round 1,2024-09-29,Isaac Luce,,Cold Hollow Disc Golf Course,Cold Hollow Long Layout,59,18,1,10:10:00,61,2,926,123,True,False,18,61,True,True,True
79898,2024,MA2,1,688462,278390,278390,918,Round 1,2024-09-29,Edward Blow,,Cold Hollow Disc Golf Course,Cold Hollow Long Layout,59,18,3,09:50:00,61,2,926,123,True,False,18,61,True,True,True
79898,2024,MA2,1,688462,177018,177018,893,Round 1,2024-09-29,Brandon Bensel,882,Cold Hollow Disc Golf Course,Cold Hollow Long Layout,59,18,1,10:00:00,62,3,916,127,True,False,18,62,True,True,True
79898,2024,MA2,1,688462,63896,63896,893,Round 1,2024-09-29,Ross King,899,Cold Hollow Disc Golf Course,Cold Hollow Long Layout,59,18,3,10:20:00,63,4,907,125,True,False,18,63,True,True,True
79898,2024,MA2,1,688462,189203,189203,901,Round 1,2024-09-29,Bobby Martino,911,Cold Hollow Disc Golf Course,Cold Hollow Long Layout,59,18,2,10:20:00,63,4,907,131,True,False,18,63,True,True,True
79898,2024,MA2,1,688462,254922,254922,875,Round 1,2024-09-29,Benjamin Taylor,890,Cold Hollow Disc Golf Course,Cold Hollow Long Layout,59,18,2,10:00:00,63,4,907,131,True,False,18,63,True,True,True
79898,2024,MA2,1,688462,137984,137984,898,Round 1,2024-09-29,Tristan Bryce,,Cold Hollow Disc Golf Course,Cold Hollow Long Layout,59,18,4,10:00:00,64,5,897,132,True,False,18,64,True,True,True
79898,2024,MA2,1,688462,235035,235035,885,Round 1,2024-09-29,Paul Seyler,908,Cold Hollow Disc Golf Course,Cold Hollow Long Layout,59,18,4,10:20:00,64,5,897,131,True,False,18,64,True,True,True
79898,2024,MA2,1,688462,261570,261570,871,Round 1,2024-09-29,John Beaudin,911,Cold Hollow Disc Golf Course,Cold Hollow Long Layout,59,18,2,09:40:00,64,5,897,129,True,False,18,64,True,True,True
79898,2024,MA2,1,688462,221157,221157,912,Round 1,2024-09-29,Dylan Slick,915,Cold Hollow Disc Golf Course,Cold Hollow Long Layout,59,18,4,09:30:00,65,6,888,126,True,False,18,65,True,True,True
79898,2024,MA2,1,688462,259714,259714,851,Round 1,2024-09-29,Reece Cronin,,Cold Hollow Disc Golf Course,Cold Hollow Long Layout,59,18,1,10:30:00,65,6,888,134,True,False,18,65,True,True,True
79898,2024,MA2,1,688462,169600,169600,864,Round 1,2024-09-29,Trevor Bryce,901,Cold Hollow Disc Golf Course,Cold Hollow Long Layout,59,18,3,09:30:00,66,7,879,127,True,False,18,66,True,True,True
79898,2024,MA2,1,688462,227412,227412,837,Round 1,2024-09-29,Alex Emery,860,Cold Hollow Disc Golf Course,Cold Hollow Long Layout,59,18,1,09:50:00,67,8,869,130,True,False,18,67,True,True,True
79898,2024,MA2,1,688462,261930,261930,842,Round 1,2024-09-29,Connor Shlatz,,Cold Hollow Disc Golf Course,Cold Hollow Long Layout,59,18,4,09:40:00,67,8,869,128,True,False,18,67,True,True,True
79898,2024,MA2,1,688462,280373,280373,859,Round 1,2024-09-29,Lucas Mero,,Cold Hollow Disc Golf Course,Cold Hollow Long Layout,59,18,3,09:40:00,67,8,869,140,True,False,18,67,True,True,True
79898,2024,MA2,1,688462,122720,122720,889,Round 1,2024-09-29,Todd Morris,,Cold Hollow Disc Golf Course,Cold Hollow Long Layout,59,18,1,09:20:00,69,10,850,133,True,False,18,69,True,True,True
79898,2024,MA2,1,688462,169801,169801,872,Round 1,2024-09-29,Justin Buskey,,Cold Hollow Disc Golf Course,Cold Hollow Long Layout,59,18,2,10:30:00,70,11,841,134,True,False,18,70,True,True,True
79898,2024,MA2,1,688462,264339,264339,817,Round 1,2024-09-29,Jamie Gagner,,Cold Hollow Disc Golf Course,Cold Hollow Long Layout,59,18,3,10:00:00,70,11,841,144,True,False,18,70,True,True,True
79898,2024,MA2,1,688462,248718,248718,842,Round 1,2024-09-29,Keane Roland,916,Cold Hollow Disc Golf Course,Cold Hollow Long Layout,59,18,2,09:50:00,72,13,822,143,True,False,18,72,True,True,True
79898,2024,MA2,1,688462,256887,256887,763,Round 1,2024-09-29,Alex Gambero,812,Cold Hollow Disc Golf Course,Cold Hollow Long Layout,59,18,4,09:50:00,72,13,822,147,True,False,18,72,True,True,True
79898,2024,MA2,1,688462,287571,287571,862,Round 1,2024-09-29,Garrett Keraga,901,Cold Hollow Disc Golf Course,Cold Hollow Long Layout,59,18,3,09:20:00,74,15,803,144,True,False,18,74,True,True,True
79898,2024,MA2,1,688462,239437,239437,750,Round 1,2024-09-29,Simon Bethune,830,Cold Hollow Disc Golf Course,Cold Hollow Long Layout,59,18,2,10:10:00,77,18,775,151,True,False,18,77,True,True,True
79898,2024,MA2,1,688462,109259,109259,729,Round 1,2024-09-29,Frankie Martell,751,Cold Hollow Disc Golf Course,Cold Hollow Long Layout,59,18,1,09:40:00,81,22,738,161,True,False,18,81,True,True,True
79898,2024,MA2,2,688462,286421,286421,896,Round 2,2024-09-29,Peter Florucci,920,Cold Hollow Disc Golf Course,Cold Hollow Long Layout,59,18,4,10:30:00,58,-1,954,117,True,False,18,58,True,True,True
79898,2024,MA2,2,688462,159224,159224,913,Round 2,2024-09-29,Bryce McKim,,Cold Hollow Disc Golf Course,Cold Hollow Long Layout,59,18,1,10:20:00,60,1,935,120,True,False,18,60,True,True,True
79898,2024,MA2,2,688462,287102,287102,870,Round 2,2024-09-29,Ethan Robie,919,Cold Hollow Disc Golf Course,Cold Hollow Long Layout,59,18,2,10:30:00,64,5,897,121,True,False,18,64,True,True,True
79898,2024,MA2,2,688462,213224,213224,897,Round 2,2024-09-29,Justin Griswold,914,Cold Hollow Disc Golf Course,Cold Hollow Long Layout,59,18,1,10:30:00,66,7,879,122,True,False,18,66,True,True,True
79898,2024,MA2,2,688462,179596,179596,909,Round 2,2024-09-29,Isaac Luce,,Cold Hollow Disc Golf Course,Cold Hollow Long Layout,59,18,3,10:20:00,62,3,916,123,True,False,18,62,True,True,True
79898,2024,MA2,2,688462,278390,278390,918,Round 2,2024-09-29,Edward Blow,,Cold Hollow Disc Golf Course,Cold Hollow Long Layout,59,18,4,10:20:00,62,3,916,123,True,False,18,62,True,True,True
79898,2024,MA2,2,688462,163523,163523,883,Round 2,2024-09-29,Landon Desroches,866,Cold Hollow Disc Golf Course,Cold Hollow Long Layout,59,18,2,10:20:00,63,4,907,124,True,False,18,63,True,True,True
79898,2024,MA2,2,688462,63896,63896,893,Round 2,2024-09-29,Ross King,899,Cold Hollow Disc Golf Course,Cold Hollow Long Layout,59,18,2,10:10:00,62,3,916,125,True,False,18,62,True,True,True
79898,2024,MA2,2,688462,221157,221157,912,Round 2,2024-09-29,Dylan Slick,915,Cold Hollow Disc Golf Course,Cold Hollow Long Layout,59,18,4,10:00:00,61,2,926,126,True,False,18,61,True,True,True
79898,2024,MA2,2,688462,169600,169600,864,Round 2,2024-09-29,Trevor Bryce,901,Cold Hollow Disc Golf Course,Cold Hollow Long Layout,59,18,2,09:50:00,61,2,926,127,True,False,18,61,True,True,True
79898,2024,MA2,2,688462,177018,177018,893,Round 2,2024-09-29,Brandon Bensel,882,Cold Hollow Disc Golf Course,Cold Hollow Long Layout,59,18,1,10:10:00,65,6,888,127,True,False,18,65,True,True,True
79898,2024,MA2,2,688462,261930,261930,842,Round 2,2024-09-29,Connor Shlatz,,Cold Hollow Disc Golf Course,Cold Hollow Long Layout,59,18,4,09:50:00,61,2,926,128,True,False,18,61,True,True,True
79898,2024,MA2,2,688462,261570,261570,871,Round 2,2024-09-29,John Beaudin,911,Cold Hollow Disc Golf Course,Cold Hollow Long Layout,59,18,3,10:00:00,65,6,888,129,True,False,18,65,True,True,True
79898,2024,MA2,2,688462,227412,227412,837,Round 2,2024-09-29,Alex Emery,860,Cold Hollow Disc Golf Course,Cold Hollow Long Layout,59,18,3,09:50:00,63,4,907,130,True,False,18,63,True,True,True
79898,2024,MA2,2,688462,235035,235035,885,Round 2,2024-09-29,Paul Seyler,908,Cold Hollow Disc Golf Course,Cold Hollow Long Layout,59,18,2,10:00:00,67,8,869,131,True,False,18,67,True,True,True
79898,2024,MA2,2,688462,189203,189203,901,Round 2,2024-09-29,Bobby Martino,911,Cold Hollow Disc Golf Course,Cold Hollow Long Layout,59,18,3,10:10:00,68,9,860,131,True,False,18,68,True,True,True
79898,2024,MA2,2,688462,254922,254922,875,Round 2,2024-09-29,Benjamin Taylor,890,Cold Hollow Disc Golf Course,Cold Hollow Long Layout,59,18,4,10:10:00,68,9,860,131,True,False,18,68,True,True,True
79898,2024,MA2,2,688462,137984,137984,898,Round 2,2024-09-29,Tristan Bryce,,Cold Hollow Disc Golf Course,Cold Hollow Long Layout,59,18,1,10:00:00,68,9,860,132,True,False,18,68,True,True,True
79898,2024,MA2,2,688462,122720,122720,889,Round 2,2024-09-29,Todd Morris,,Cold Hollow Disc Golf Course,Cold Hollow Long Layout,59,18,2,09:40:00,64,5,897,133,True,False,18,64,True,True,True
79898,2024,MA2,2,688462,169801,169801,872,Round 2,2024-09-29,Justin Buskey,,Cold Hollow Disc Golf Course,Cold Hollow Long Layout,59,18,3,09:40:00,64,5,897,134,True,False,18,64,True,True,True
79898,2024,MA2,2,688462,259714,259714,851,Round 2,2024-09-29,Reece Cronin,,Cold Hollow Disc Golf Course,Cold Hollow Long Layout,59,18,1,09:50:00,69,10,850,134,True,False,18,69,True,True,True
79898,2024,MA2,2,688462,259718,259718,888,Round 2,2024-09-29,Kamden Cox,906,Cold Hollow Disc Golf Course,Cold Hollow Long Layout,59,18,3,10:30:00,79,20,756,138,True,False,18,79,True,True,True
79898,2024,MA2,2,688462,280373,280373,859,Round 2,2024-09-29,Lucas Mero,,Cold Hollow Disc Golf Course,Cold Hollow Long Layout,59,18,1,09:40:00,73,14,813,140,True,False,18,73,True,True,True
79898,2024,MA2,2,688462,248718,248718,842,Round 2,2024-09-29,Keane Roland,916,Cold Hollow Disc Golf Course,Cold Hollow Long Layout,59,18,2,09:30:00,71,12,832,143,True,False,18,71,True,True,True
79898,2024,MA2,2,688462,287571,287571,862,Round 2,2024-09-29,Garrett Keraga,901,Cold Hollow Disc Golf Course,Cold Hollow Long Layout,59,18,1,09:20:00,70,11,841,144,True,False,18,70,True,True,True
79898,2024,MA2,2,688462,264339,264339,817,Round 2,2024-09-29,Jamie Gagner,,Cold Hollow Disc Golf Course,Cold Hollow Long Layout,59,18,1,09:30:00,74,15,803,144,True,False,18,74,True,True,True
79898,2024,MA2,2,688462,256887,256887,763,Round 2,2024-09-29,Alex Gambero,812,Cold Hollow Disc Golf Course,Cold Hollow Long Layout,59,18,3,09:30:00,75,16,794,147,True,False,18,75,True,True,True
79898,2024,MA2,2,688462,239437,239437,750,Round 2,2024-09-29,Simon Bethune,830,Cold Hollow Disc Golf Course,Cold Hollow Long Layout,59,18,2,09:20:00,74,15,803,151,True,False,18,74,True,True,True
79898,2024,MA2,2,688462,109259,109259,729,Round 2,2024-09-29,Frankie Martell,751,Cold Hollow Disc Golf Course,Cold Hollow Long Layout,59,18,3,09:20:00,80,21,747,161,True,False,18,80,True,True,True
79898,2024,MA3,1,688464,261284,261284,837,Round 1,2024-09-29,Blake Martino,916,Cold Hollow Disc Golf Course,Cold Hollow Short Layout,59,18,2,08:20:00,42,-17,1025,94,True,False,18,42,True,True,True
79898,2024,MA3,1,688464,258870,258870,863,Round 1,2024-09-29,Brad Vaughn,857,Cold Hollow Disc Golf Course,Cold Hollow Short Layout,59,18,4,08:20:00,49,-10,932,107,True,False,18,49,True,True,True
79898,2024,MA3,1,688464,239719,239719,852,Round 1,2024-09-29,Thane Griswold,820,Cold Hollow Disc Golf Course,Cold Hollow Short Layout,59,18,3,08:40:00,53,-6,879,111,True,False,18,53,True,True,True
79898,2024,MA3,1,688464,228201,228201,842,Round 1,2024-09-29,Waylon Spring,883,Cold Hollow Disc Golf Course,Cold Hollow Short Layout,59,18,1,08:30:00,54,-5,866,107,True,False,18,54,True,True,True
79898,2024,MA3,1,688464,289306,289306,883,Round 1,2024-09-29,Jonathan Smith,921,Cold Hollow Disc Golf Course,Cold Hollow Short Layout,59,18,4,08:10:00,54,-5,866,111,True,False,18,54,True,True,True
79898,2024,MA3,1,688464,273934,273934,845,Round 1,2024-09-29,Tony Morse,,Cold Hollow Disc Golf Course,Cold Hollow Short Layout,59,18,2,08:10:00,56,-3,839,108,True,False,18,56,True,True,True
79898,2024,MA3,1,688464,292031,292031,796,Round 1,2024-09-29,George Salmons,877,Cold Hollow Disc Golf Course,Cold Hollow Short Layout,59,18,3,08:00:00,56,-3,839,115,True,False,18,56,True,True,True
79898,2024,MA3,1,688464,266150,266150,827,Round 1,2024-09-29,James Sheehan,864,Cold Hollow Disc Golf Course,Cold Hollow Short Layout,59,18,2,08:30:00,57,-2,826,111,True,False,18,57,True,True,True
79898,2024,MA3,1,688464,266471,266471,815,Round 1,2024-09-29,Scott Booker,,Cold Hollow Disc Golf Course,Cold Hollow Short Layout,59,18,4,08:40:00,57,-2,826,115,True,False,18,57,True,True,True
79898,2024,MA3,1,688464,127764,127764,797,Round 1,2024-09-29,Lawrence Moore,804,Cold Hollow Disc Golf Course,Cold Hollow Short Layout,59,18,1,08:10:00,59,0,799,118,True,False,18,59,True,True,True
79898,2024,MA3,1,688464,179422,179422,818,Round 1,2024-09-29,Patrick Mayhew,869,Cold Hollow Disc Golf Course,Cold Hollow Short Layout,59,18,3,08:30:00,59,0,799,116,True,False,18,59,True,True,True
79898,2024,MA3,1,688464,211434,211434,801,Round 1,2024-09-29,Thomas Bousquet,798,Cold Hollow Disc Golf Course,Cold Hollow Short Layout,59,18,1,08:20:00,60,1,786,118,True,False,18,60,True,True,True
79898,2024,MA3,1,688464,278723,278723,743,Round 1,2024-09-29,Jeffrey Poplawski,776,Cold Hollow Disc Golf Course,Cold Hollow Short Layout,59,18,4,08:30:00,63,4,746,124,True,False,18,63,True,True,True
79898,2024,MA3,1,688464,155456,155456,784,Round 1,2024-09-29,David Noble,,Cold Hollow Disc Golf Course,Cold Hollow Short Layout,59,18,1,08:40:00,64,5,733,130,True,False,18,64,True,True,True
79898,2024,MA3,1,688464,293573,293573,,Round 1,2024-09-29,Shawn St. Pierre,799,Cold Hollow Disc Golf Course,Cold Hollow Short Layout,59,18,3,08:20:00,64,5,733,125,True,False,18,64,True,True,True
79898,2024,MA3,1,688464,155933,155933,789,Round 1,2024-09-29,Mourning Fox,,Cold Hollow Disc Golf Course,Cold Hollow Short Layout,59,18,2,08:40:00,65,6,720,123,True,False,18,65,True,True,True
79898,2024,MA3,1,688464,286641,286641,813,Round 1,2024-09-29,Matthew Lanctot,837,Cold Hollow Disc Golf Course,Cold Hollow Short Layout,59,18,3,08:10:00,65,6,720,125,True,False,18,65,True,True,True
79898,2024,MA3,2,688464,261284,261284,837,Round 2,2024-09-29,Blake Martino,916,Cold Hollow Disc Golf Course,Cold Hollow Short Layout,59,18,1,08:40:00,52,-7,892,94,True,False,18,52,True,True,True
79898,2024,MA3,2,688464,228201,228201,842,Round 2,2024-09-29,Waylon Spring,883,Cold Hollow Disc Golf Course,Cold Hollow Short Layout,59,18,4,08:40:00,53,-6,879,107,True,False,18,53,True,True,True
79898,2024,MA3,2,688464,258870,258870,863,Round 2,2024-09-29,Brad Vaughn,857,Cold Hollow Disc Golf Course,Cold Hollow Short Layout,59,18,2,08:40:00,58,-1,813,107,True,False,18,58,True,True,True
79898,2024,MA3,2,688464,273934,273934,845,Round 2,2024-09-29,Tony Morse,,Cold Hollow Disc Golf Course,Cold Hollow Short Layout,59,18,2,08:30:00,52,-7,892,108,True,False,18,52,True,True,True
79898,2024,MA3,2,688464,266150,266150,827,Round 2,2024-09-29,James Sheehan,864,Cold Hollow Disc Golf Course,Cold Hollow Short Layout,59,18,4,08:30:00,54,-5,866,111,True,False,18,54,True,True,True
79898,2024,MA3,2,688464,289306,289306,883,Round 2,2024-09-29,Jonathan Smith,921,Cold Hollow Disc Golf Course,Cold Hollow Short Layout,59,18,1,08:30:00,57,-2,826,111,True,False,18,57,True,True,True
79898,2024,MA3,2,688464,239719,239719,852,Round 2,2024-09-29,Thane Griswold,820,Cold Hollow Disc Golf Course,Cold Hollow Short Layout,59,18,3,08:40:00,58,-1,813,111,True,False,18,58,True,True,True
79898,2024,MA3,2,688464,266471,266471,815,Round 2,2024-09-29,Scott Booker,,Cold Hollow Disc Golf Course,Cold Hollow Short Layout,59,18,1,08:20:00,58,-1,813,115,True,False,18,58,True,True,True
79898,2024,MA3,2,688464,292031,292031,796,Round 2,2024-09-29,George Salmons,877,Cold Hollow Disc Golf Course,Cold Hollow Short Layout,59,18,3,08:30:00,59,0,799,115,True,False,18,59,True,True,True
79898,2024,MA3,2,688464,179422,179422,818,Round 2,2024-09-29,Patrick Mayhew,869,Cold Hollow Disc Golf Course,Cold Hollow Short Layout,59,18,3,08:20:00,57,-2,826,116,True,False,18,57,True,True,True
79898,2024,MA3,2,688464,211434,211434,801,Round 2,2024-09-29,Thomas Bousquet,798,Cold Hollow Disc Golf Course,Cold Hollow Short Layout,59,18,4,08:20:00,58,-1,813,118,True,False,18,58,True,True,True
79898,2024,MA3,2,688464,127764,127764,797,Round 2,2024-09-29,Lawrence Moore,804,Cold Hollow Disc Golf Course,Cold Hollow Short Layout,59,18,2,08:20:00,59,0,799,118,True,False,18,59,True,True,True
79898,2024,MA3,2,688464,155933,155933,789,Round 2,2024-09-29,Mourning Fox,,Cold Hollow Disc Golf Course,Cold Hollow Short Layout,59,18,2,08:00:00,58,-1,813,123,True,False,18,58,True,True,True
79898,2024,MA3,2,688464,278723,278723,743,Round 2,2024-09-29,Jeffrey Poplawski,776,Cold Hollow Disc Golf Course,Cold Hollow Short Layout,59,18,1,08:10:00,61,2,773,124,True,False,18,61,True,True,True
79898,2024,MA3,2,688464,286641,286641,813,Round 2,2024-09-29,Matthew Lanctot,837,Cold Hollow Disc Golf Course,Cold Hollow Short Layout,59,18,3,08:00:00,60,1,786,125,True,False,18,60,True,True,True
79898,2024,MA3,2,688464,293573,293573,,Round 2,2024-09-29,Shawn St. Pierre,799,Cold Hollow Disc Golf Course,Cold Hollow Short Layout,59,18,3,08:10:00,61,2,773,125,True,False,18,61,True,True,True
79898,2024,MA3,2,688464,155456,155456,784,Round 2,2024-09-29,David Noble,,Cold Hollow Disc Golf Course,Cold Hollow Short Layout,59,18,2,08:10:00,66,7,707,130,True,False,18,66,True,True,True
79898,2024,MA40,1,688462,147904,147904,896,Round 1,2024-09-29,John Williams,890,Cold Hollow Disc Golf Course,Cold Hollow Long Layout,59,18,4,10:40:00,63,4,907,125,True,False,18,63,True,True,True
79898,2024,MA40,1,688462,84935,84935,876,Round 1,2024-09-29,Droo Fisher,866,Cold Hollow Disc Golf Course,Cold Hollow Long Layout,59,18,1,10:50:00,64,5,897,129,True,False,18,64,True,True,True
79898,2024,MA40,1,688462,216349,216349,865,Round 1,2024-09-29,Justin Bassett,879,Cold Hollow Disc Golf Course,Cold Hollow Long Layout,59,18,2,10:50:00,68,9,860,135,True,False,18,68,True,True,True
79898,2024,MA40,1,688462,205696,205696,859,Round 1,2024-09-29,Matthew Smith,856,Cold Hollow Disc Golf Course,Cold Hollow Long Layout,59,18,3,10:50:00,69,10,850,136,True,False,18,69,True,True,True
79898,2024,MA40,1,688462,221629,221629,868,Round 1,2024-09-29,Justin Morgan,858,Cold Hollow Disc Golf Course,Cold Hollow Long Layout,59,18,4,10:50:00,69,10,850,137,True,False,18,69,True,True,True
79898,2024,MA40,1,688462,73588,73588,891,Round 1,2024-09-29,Will Cleland,910,Cold Hollow Disc Golf Course,Cold Hollow Long Layout,59,18,1,10:40:00,70,11,841,136,True,False,18,70,True,True,True
79898,2024,MA40,1,688462,275118,275118,837,Round 1,2024-09-29,Matthew German,905,Cold Hollow Disc Golf Course,Cold Hollow Long Layout,59,18,3,10:40:00,70,11,841,133,True,False,18,70,True,True,True
79898,2024,MA40,1,688462,229229,229229,825,Round 1,2024-09-29,Daren Austin,,Cold Hollow Disc Golf Course,Cold Hollow Long Layout,59,18,2,10:40:00,73,14,813,148,True,False,18,73,True,True,True
79898,2024,MA40,2,688462,147904,147904,896,Round 2,2024-09-29,John Williams,890,Cold Hollow Disc Golf Course,Cold Hollow Long Layout,59,18,1,10:50:00,62,3,916,125,True,False,18,62,True,True,True
79898,2024,MA40,2,688462,84935,84935,876,Round 2,2024-09-29,Droo Fisher,866,Cold Hollow Disc Golf Course,Cold Hollow Long Layout,59,18,2,10:50:00,65,6,888,129,True,False,18,65,True,True,True
79898,2024,MA40,2,688462,275118,275118,837,Round 2,2024-09-29,Matthew German,905,Cold Hollow Disc Golf Course,Cold Hollow Long Layout,59,18,3,10:40:00,63,4,907,133,True,False,18,63,True,True,True
79898,2024,MA40,2,688462,216349,216349,865,Round 2,2024-09-29,Justin Bassett,879,Cold Hollow Disc Golf Course,Cold Hollow Long Layout,59,18,3,10:50:00,67,8,869,135,True,False,18,67,True,True,True
79898,2024,MA40,2,688462,73588,73588,891,Round 2,2024-09-29,Will Cleland,910,Cold Hollow Disc Golf Course,Cold Hollow Long Layout,59,18,2,10:40:00,66,7,879,136,True,False,18,66,True,True,True
79898,2024,MA40,2,688462,205696,205696,859,Round 2,2024-09-29,Matthew Smith,856,Cold Hollow Disc Golf Course,Cold Hollow Long Layout,59,18,4,10:50:00,67,8,869,136,True,False,18,67,True,True,True
79898,2024,MA40,2,688462,221629,221629,868,Round 2,2024-09-29,Justin Morgan,858,Cold Hollow Disc Golf Course,Cold Hollow Long Layout,59,18,1,10:40:00,68,9,860,137,True,False,18,68,True,True,True
79898,2024,MA40,2,688462,229229,229229,825,Round 2,2024-09-29,Daren Austin,,Cold Hollow Disc Golf Course,Cold Hollow Long Layout,59,18,4,10:40:00,75,16,794,148,True,False,18,75,True,True,True
79898,2024,MA50,1,688462,139113,139113,857,Round 1,2024-09-29,Norman Wedge,859,Cold Hollow Disc Golf Course,Cold Hollow Long Layout,59,18,1,11:00:00,66,7,879,135,True,False,18,66,True,True,True
79898,2024,MA50,1,688462,74288,74288,875,Round 1,2024-09-29,Gregg Guillily,889,Cold Hollow Disc Golf Course,Cold Hollow Long Layout,59,18,3,11:00:00,67,8,869,130,True,False,18,67,True,True,True
79898,2024,MA50,1,688462,251178,251178,883,Round 1,2024-09-29,Dan Rico,876,Cold Hollow Disc Golf Course,Cold Hollow Long Layout,59,18,1,11:10:00,69,10,850,134,True,False,18,69,True,True,True
79898,2024,MA50,1,688462,293619,293619,,Round 1,2024-09-29,Andrew Deering,,Cold Hollow Disc Golf Course,Cold Hollow Long Layout,59,18,3,11:10:00,70,11,841,147,True,False,18,70,True,True,True
79898,2024,MA50,1,688462,140732,140732,822,Round 1,2024-09-29,Matt Saltus,821,Cold Hollow Disc Golf Course,Cold Hollow Long Layout,59,18,2,11:00:00,72,13,822,144,True,False,18,72,True,True,True
79898,2024,MA50,1,688462,268207,268207,797,Round 1,2024-09-29,Craig Reed,757,Cold Hollow Disc Golf Course,Cold Hollow Long Layout,59,18,4,11:10:00,72,13,822,147,True,False,18,72,True,True,True
79898,2024,MA50,1,688462,215620,215620,841,Round 1,2024-09-29,Ty Paulding,806,Cold Hollow Disc Golf Course,Cold Hollow Long Layout,59,18,2,11:10:00,74,15,803,145,True,False,18,74,True,True,True
79898,2024,MA50,1,688462,246281,246281,789,Round 1,2024-09-29,Christopher Ryan,805,Cold Hollow Disc Golf Course,Cold Hollow Long Layout,59,18,4,11:00:00,78,19,766,153,True,False,18,78,True,True,True
79898,2024,MA50,2,688462,74288,74288,875,Round 2,2024-09-29,Gregg Guillily,889,Cold Hollow Disc Golf Course,Cold Hollow Long Layout,59,18,2,11:10:00,63,4,907,130,True,False,18,63,True,True,True
79898,2024,MA50,2,688462,251178,251178,883,Round 2,2024-09-29,Dan Rico,876,Cold Hollow Disc Golf Course,Cold Hollow Long Layout,59,18,3,11:10:00,65,6,888,134,True,False,18,65,True,True,True
79898,2024,MA50,2,688462,139113,139113,857,Round 2,2024-09-29,Norman Wedge,859,Cold Hollow Disc Golf Course,Cold Hollow Long Layout,59,18,1,11:10:00,69,10,850,135,True,False,18,69,True,True,True
79898,2024,MA50,2,688462,140732,140732,822,Round 2,2024-09-29,Matt Saltus,821,Cold Hollow Disc Golf Course,Cold Hollow Long Layout,59,18,1,11:00:00,72,13,822,144,True,False,18,72,True,True,True
79898,2024,MA50,2,688462,215620,215620,841,Round 2,2024-09-29,Ty Paulding,806,Cold Hollow Disc Golf Course,Cold Hollow Long Layout,59,18,3,11:00:00,71,12,832,145,True,False,18,71,True,True,True
79898,2024,MA50,2,688462,268207,268207,797,Round 2,2024-09-29,Craig Reed,757,Cold Hollow Disc Golf Course,Cold Hollow Long Layout,59,18,2,11:00:00,75,16,794,147,True,False,18,75,True,True,True
79898,2024,MA50,2,688462,293619,293619,,Round 2,2024-09-29,Andrew Deering,,Cold Hollow Disc Golf Course,Cold Hollow Long Layout,59,18,4,11:10:00,77,18,775,147,True,False,18,77,True,True,True
79898,2024,MA50,2,688462,246281,246281,789,Round 2,2024-09-29,Christopher Ryan,805,Cold Hollow Disc Golf Course,Cold Hollow Long Layout,59,18,4,11:00:00,75,16,794,153,True,False,18,75,True,True,True
79898,2024,MA60,1,688462,130713,130713,883,Round 1,2024-09-29,Ian Martin,902,Cold Hollow Disc Golf Course,Cold Hollow Long Layout,59,18,4,11:20:00,62,3,916,124,True,False,18,62,True,True,True
79898,2024,MA60,1,688462,91301,91301,906,Round 1,2024-09-29,Michael A. Stridsberg,898,Cold Hollow Disc Golf Course,Cold Hollow Long Layout,59,18,1,11:20:00,65,6,888,126,True,False,18,65,True,True,True
79898,2024,MA60,1,688462,74478,74478,861,Round 1,2024-09-29,John Sudarsky,845,Cold Hollow Disc Golf Course,Cold Hollow Long Layout,59,18,2,11:20:00,71,12,832,143,True,False,18,71,True,True,True
79898,2024,MA60,1,688462,195353,195353,739,Round 1,2024-09-29,Jerome Mendicino,730,Cold Hollow Disc Golf Course,Cold Hollow Long Layout,59,18,3,11:20:00,81,22,738,168,True,False,18,81,True,True,True
79898,2024,MA60,2,688462,130713,130713,883,Round 2,2024-09-29,Ian Martin,902,Cold Hollow Disc Golf Course,Cold Hollow Long Layout,59,18,1,11:20:00,62,3,916,124,True,False,18,62,True,True,True
79898,2024,MA60,2,688462,91301,91301,906,Round 2,2024-09-29,Michael A. Stridsberg,898,Cold Hollow Disc Golf Course,Cold Hollow Long Layout,59,18,2,11:20:00,61,2,926,126,True,False,18,61,True,True,True
79898,2024,MA60,2,688462,74478,74478,861,Round 2,2024-09-29,John Sudarsky,845,Cold Hollow Disc Golf Course,Cold Hollow Long Layout,59,18,3,11:20:00,72,13,822,143,True,False,18,72,True,True,True
79898,2024,MA60,2,688462,195353,195353,739,Round 2,2024-09-29,Jerome Mendicino,730,Cold Hollow Disc Golf Course,Cold Hollow Long Layout,59,18,4,11:20:00,87,28,681,168,True,False,18,87,True,True,True
79898,2024,MJ15,1,688464,175839,175839,790,Round 1,2024-09-29,Wilder Irving,875,Cold Hollow Disc Golf Course,Cold Hollow Short Layout,59,18,5,08:00:00,59,0,799,119,True,False,18,59,True,True,True
79898,2024,MJ15,2,688464,175839,175839,790,Round 2,2024-09-29,Wilder Irving,875,Cold Hollow Disc Golf Course,Cold Hollow Short Layout,59,18,1,08:00:00,60,1,786,119,True,False,18,60,True,True,True
79898,2024,MP40,1,688462,39668,39668,986,Round 1,2024-09-29,Greg Grootenboer,979,Cold Hollow Disc Golf Course,Cold Hollow Long Layout,59,18,1,13:10:00,53,-6,1001,110,True,False,18,53,True,True,True
79898,2024,MP40,1,688462,74240,74240,949,Round 1,2024-09-29,Christopher Martin,962,Cold Hollow Disc Golf Course,Cold Hollow Long Layout,59,18,1,13:30:00,54,-5,991,111,True,False,18,54,True,True,True
79898,2024,MP40,1,688462,22318,22318,970,Round 1,2024-09-29,Aaron Smartt,965,Cold Hollow Disc Golf Course,Cold Hollow Long Layout,59,18,1,13:20:00,55,-4,982,110,True,False,18,55,True,True,True
79898,2024,MP40,1,688462,110289,110289,933,Round 1,2024-09-29,Frank Wruk,945,Cold Hollow Disc Golf Course,Cold Hollow Long Layout,59,18,2,13:20:00,55,-4,982,114,True,False,18,55,True,True,True
79898,2024,MP40,1,688462,178064,178064,929,Round 1,2024-09-29,Peter Walke,,Cold Hollow Disc Golf Course,Cold Hollow Long Layout,59,18,2,13:10:00,56,-3,973,113,True,False,18,56,True,True,True
79898,2024,MP40,1,688462,166239,166239,948,Round 1,2024-09-29,Tom Raub,958,Cold Hollow Disc Golf Course,Cold Hollow Long Layout,59,18,2,13:50:00,57,-2,963,118,True,False,18,57,True,True,True
79898,2024,MP40,1,688462,53179,53179,935,Round 1,2024-09-29,Shawn Mercy,920,Cold Hollow Disc Golf Course,Cold Hollow Long Layout,59,18,3,13:20:00,58,-1,954,116,True,False,18,58,True,True,True
79898,2024,MP40,1,688462,138402,138402,884,Round 1,2024-09-29,Kenneth Antonich,,Cold Hollow Disc Golf Course,Cold Hollow Long Layout,59,18,2,13:40:00,60,1,935,130,True,False,18,60,True,True,True
79898,2024,MP40,1,688462,189489,189489,947,Round 1,2024-09-29,Joshua Niss,937,Cold Hollow Disc Golf Course,Cold Hollow Long Layout,59,18,3,13:30:00,60,1,935,118,True,False,18,60,True,True,True
79898,2024,MP40,1,688462,193211,193211,927,Round 1,2024-09-29,Greg Babbin,933,Cold Hollow Disc Golf Course,Cold Hollow Long Layout,59,18,4,13:20:00,60,1,935,122,True,False,18,60,True,True,True
79898,2024,MP40,1,688462,83212,83212,900,Round 1,2024-09-29,Cory Barron,885,Cold Hollow Disc Golf Course,Cold Hollow Long Layout,59,18,4,13:10:00,62,3,916,126,True,False,18,62,True,True,True
79898,2024,MP40,1,688462,105872,105872,938,Round 1,2024-09-29,Hugo Lefebvre,927,Cold Hollow Disc Golf Course,Cold Hollow Long Layout,59,18,3,13:40:00,62,3,916,123,True,False,18,62,True,True,True
79898,2024,MP40,1,688462,132038,132038,962,Round 1,2024-09-29,Daniel Jenkins,965,Cold Hollow Disc Golf Course,Cold Hollow Long Layout,59,18,3,13:50:00,63,4,907,125,True,False,18,63,True,True,True
79898,2024,MP40,1,688462,24381,24381,935,Round 1,2024-09-29,Chris Young,937,Cold Hollow Disc Golf Course,Cold Hollow Long Layout,59,18,1,13:50:00,65,6,888,121,True,False,18,65,True,True,True
79898,2024,MP40,1,688462,93414,93414,950,Round 1,2024-09-29,Joshua Lemieux,961,Cold Hollow Disc Golf Course,Cold Hollow Long Layout,59,18,2,13:30:00,67,8,869,125,True,False,18,67,True,True,True
79898,2024,MP40,1,688462,99260,99260,898,Round 1,2024-09-29,Matthew Martell,880,Cold Hollow Disc Golf Course,Cold Hollow Long Layout,59,18,3,13:10:00,68,9,860,134,True,False,18,68,True,True,True
79898,2024,MP40,1,688462,83198,83198,890,Round 1,2024-09-29,Alan Gofberg,869,Cold Hollow Disc Golf Course,Cold Hollow Long Layout,59,18,1,13:40:00,72,13,822,139,True,False,18,72,True,True,True
79898,2024,MP40,2,688462,22318,22318,970,Round 2,2024-09-29,Aaron Smartt,965,Cold Hollow Disc Golf Course,Cold Hollow Long Layout,59,18,3,14:00:00,55,-4,982,110,True,False,18,55,True,True,True
79898,2024,MP40,2,688462,39668,39668,986,Round 2,2024-09-29,Greg Grootenboer,979,Cold Hollow Disc Golf Course,Cold Hollow Long Layout,59,18,1,14:00:00,57,-2,963,110,True,False,18,57,True,True,True
79898,2024,MP40,2,688462,74240,74240,949,Round 2,2024-09-29,Christopher Martin,962,Cold Hollow Disc Golf Course,Cold Hollow Long Layout,59,18,2,14:00:00,57,-2,963,111,True,False,18,57,True,True,True
79898,2024,MP40,2,688462,178064,178064,929,Round 2,2024-09-29,Peter Walke,,Cold Hollow Disc Golf Course,Cold Hollow Long Layout,59,18,1,13:50:00,57,-2,963,113,True,False,18,57,True,True,True
79898,2024,MP40,2,688462,110289,110289,933,Round 2,2024-09-29,Frank Wruk,945,Cold Hollow Disc Golf Course,Cold Hollow Long Layout,59,18,4,14:00:00,59,0,944,114,True,False,18,59,True,True,True
79898,2024,MP40,2,688462,53179,53179,935,Round 2,2024-09-29,Shawn Mercy,920,Cold Hollow Disc Golf Course,Cold Hollow Long Layout,59,18,3,13:50:00,58,-1,954,116,True,False,18,58,True,True,True
79898,2024,MP40,2,688462,189489,189489,947,Round 2,2024-09-29,Joshua Niss,937,Cold Hollow Disc Golf Course,Cold Hollow Long Layout,59,18,1,13:40:00,58,-1,954,118,True,False,18,58,True,True,True
79898,2024,MP40,2,688462,166239,166239,948,Round 2,2024-09-29,Tom Raub,958,Cold Hollow Disc Golf Course,Cold Hollow Long Layout,59,18,2,13:50:00,61,2,926,118,True,False,18,61,True,True,True
79898,2024,MP40,2,688462,24381,24381,935,Round 2,2024-09-29,Chris Young,937,Cold Hollow Disc Golf Course,Cold Hollow Long Layout,59,18,3,13:30:00,56,-3,973,121,True,False,18,56,True,True,True
79898,2024,MP40,2,688462,193211,193211,927,Round 2,2024-09-29,Greg Babbin,933,Cold Hollow Disc Golf Course,Cold Hollow Long Layout,59,18,2,13:40:00,62,3,916,122,True,False,18,62,True,True,True
79898,2024,MP40,2,688462,105872,105872,938,Round 2,2024-09-29,Hugo Lefebvre,927,Cold Hollow Disc Golf Course,Cold Hollow Long Layout,59,18,1,13:30:00,61,2,926,123,True,False,18,61,True,True,True
79898,2024,MP40,2,688462,93414,93414,950,Round 2,2024-09-29,Joshua Lemieux,961,Cold Hollow Disc Golf Course,Cold Hollow Long Layout,59,18,1,13:20:00,58,-1,954,125,True,False,18,58,True,True,True
79898,2024,MP40,2,688462,132038,132038,962,Round 2,2024-09-29,Daniel Jenkins,965,Cold Hollow Disc Golf Course,Cold Hollow Long Layout,59,18,2,13:30:00,62,3,916,125,True,False,18,62,True,True,True
79898,2024,MP40,2,688462,83212,83212,900,Round 2,2024-09-29,Cory Barron,885,Cold Hollow Disc Golf Course,Cold Hollow Long Layout,59,18,3,13:40:00,64,5,897,126,True,False,18,64,True,True,True
79898,2024,MP40,2,688462,138402,138402,884,Round 2,2024-09-29,Kenneth Antonich,,Cold Hollow Disc Golf Course,Cold Hollow Long Layout,59,18,4,13:50:00,70,11,841,130,True,False,18,70,True,True,True
79898,2024,MP40,2,688462,99260,99260,898,Round 2,2024-09-29,Matthew Martell,880,Cold Hollow Disc Golf Course,Cold Hollow Long Layout,59,18,2,13:20:00,66,7,879,134,True,False,18,66,True,True,True
79898,2024,MP40,2,688462,83198,83198,890,Round 2,2024-09-29,Alan Gofberg,869,Cold Hollow Disc Golf Course,Cold Hollow Long Layout,59,18,3,13:20:00,67,8,869,139,True,False,18,67,True,True,True
79898,2024,MP50,1,688462,132446,132446,919,Round 1,2024-09-29,Yves Desgreniers,917,Cold Hollow Disc Golf Course,Cold Hollow Long Layout,59,18,3,12:40:00,55,-4,982,115,True,False,18,55,True,True,True
79898,2024,MP50,1,688462,122088,122088,950,Round 1,2024-09-29,Stephane Cromp,,Cold Hollow Disc Golf Course,Cold Hollow Long Layout,59,18,4,12:50:00,58,-1,954,117,True,False,18,58,True,True,True
79898,2024,MP50,1,688462,171544,171544,934,Round 1,2024-09-29,Dave Irving,935,Cold Hollow Disc Golf Course,Cold Hollow Long Layout,59,18,4,12:40:00,59,0,944,121,True,False,18,59,True,True,True
79898,2024,MP50,1,688462,84880,84880,903,Round 1,2024-09-29,Marcos Miller,,Cold Hollow Disc Golf Course,Cold Hollow Long Layout,59,18,2,13:00:00,61,2,926,128,True,False,18,61,True,True,True
79898,2024,MP50,1,688462,12667,12667,906,Round 1,2024-09-29,Scott Shepardson,906,Cold Hollow Disc Golf Course,Cold Hollow Long Layout,59,18,1,12:50:00,63,4,907,125,True,False,18,63,True,True,True
79898,2024,MP50,1,688462,15467,15467,908,Round 1,2024-09-29,Jake Walsdorf,869,Cold Hollow Disc Golf Course,Cold Hollow Long Layout,59,18,1,13:00:00,63,4,907,126,True,False,18,63,True,True,True
79898,2024,MP50,1,688462,120692,120692,898,Round 1,2024-09-29,Corey Johnson,911,Cold Hollow Disc Golf Course,Cold Hollow Long Layout,59,18,3,13:00:00,64,5,897,127,True,False,18,64,True,True,True
79898,2024,MP50,1,688462,125921,125921,894,Round 1,2024-09-29,Christopher Conk,905,Cold Hollow Disc Golf Course,Cold Hollow Long Layout,59,18,3,12:50:00,64,5,897,125,True,False,18,64,True,True,True
79898,2024,MP50,1,688462,157577,157577,911,Round 1,2024-09-29,Ian Butman,901,Cold Hollow Disc Golf Course,Cold Hollow Long Layout,59,18,4,13:00:00,65,6,888,127,True,False,18,65,True,True,True
79898,2024,MP50,1,688462,223480,223480,873,Round 1,2024-09-29,Marc Kirkpatrick,879,Cold Hollow Disc Golf Course,Cold Hollow Long Layout,59,18,2,12:50:00,71,12,832,140,True,False,18,71,True,True,True
79898,2024,MP50,2,688462,132446,132446,919,Round 2,2024-09-29,Yves Desgreniers,917,Cold Hollow Disc Golf Course,Cold Hollow Long Layout,59,18,1,13:10:00,60,1,935,115,True,False,18,60,True,True,True
79898,2024,MP50,2,688462,122088,122088,950,Round 2,2024-09-29,Stephane Cromp,,Cold Hollow Disc Golf Course,Cold Hollow Long Layout,59,18,2,13:10:00,59,0,944,117,True,False,18,59,True,True,True
79898,2024,MP50,2,688462,171544,171544,934,Round 2,2024-09-29,Dave Irving,935,Cold Hollow Disc Golf Course,Cold Hollow Long Layout,59,18,3,13:10:00,62,3,916,121,True,False,18,62,True,True,True
79898,2024,MP50,2,688462,125921,125921,894,Round 2,2024-09-29,Christopher Conk,905,Cold Hollow Disc Golf Course,Cold Hollow Long Layout,59,18,1,12:50:00,61,2,926,125,True,False,18,61,True,True,True
79898,2024,MP50,2,688462,12667,12667,906,Round 2,2024-09-29,Scott Shepardson,906,Cold Hollow Disc Golf Course,Cold Hollow Long Layout,59,18,1,13:00:00,62,3,916,125,True,False,18,62,True,True,True
79898,2024,MP50,2,688462,15467,15467,908,Round 2,2024-09-29,Jake Walsdorf,869,Cold Hollow Disc Golf Course,Cold Hollow Long Layout,59,18,2,13:00:00,63,4,907,126,True,False,18,63,True,True,True
79898,2024,MP50,2,688462,157577,157577,911,Round 2,2024-09-29,Ian Butman,901,Cold Hollow Disc Golf Course,Cold Hollow Long Layout,59,18,2,12:50:00,62,3,916,127,True,False,18,62,True,True,True
79898,2024,MP50,2,688462,120692,120692,898,Round 2,2024-09-29,Corey Johnson,911,Cold Hollow Disc Golf Course,Cold Hollow Long Layout,59,18,3,13:00:00,63,4,907,127,True,False,18,63,True,True,True
79898,2024,MP50,2,688462,84880,84880,903,Round 2,2024-09-29,Marcos Miller,,Cold Hollow Disc Golf Course,Cold Hollow Long Layout,59,18,4,13:10:00,67,8,869,128,True,False,18,67,True,True,True
79898,2024,MP50,2,688462,223480,223480,873,Round 2,2024-09-29,Marc Kirkpatrick,879,Cold Hollow Disc Golf Course,Cold Hollow Long Layout,59,18,3,12:50:00,69,10,850,140,True,False,18,69,True,True,True
79898,2024,MPO,1,688462,128180,128180,991,Round 1,2024-09-29,Andrew Cochran,1003,Cold Hollow Disc Golf Course,Cold Hollow Long Layout,59,18,4,14:40:00,53,-6,1001,108,True,False,18,53,True,True,True
79898,2024,MPO,1,688462,93369,93369,967,Round 1,2024-09-29,Thomas Murray,983,Cold Hollow Disc Golf Course,Cold Hollow Long Layout,59,18,3,15:00:00,55,-4,982,109,True,False,18,55,True,True,True
79898,2024,MPO,1,688462,167837,167837,984,Round 1,2024-09-29,Elijah Garrison,1004,Cold Hollow Disc Golf Course,Cold Hollow Long Layout,59,18,2,14:50:00,55,-4,982,110,True,False,18,55,True,True,True
79898,2024,MPO,1,688462,131201,131201,945,Round 1,2024-09-29,Tyler LaPerle,973,Cold Hollow Disc Golf Course,Cold Hollow Long Layout,59,18,2,15:10:00,56,-3,973,113,True,False,18,56,True,True,True
79898,2024,MPO,1,688462,140874,140874,977,Round 1,2024-09-29,Hunter Martin,953,Cold Hollow Disc Golf Course,Cold Hollow Long Layout,59,18,4,15:00:00,56,-3,973,123,True,False,18,56,True,True,True
79898,2024,MPO,1,688462,161558,161558,986,Round 1,2024-09-29,Brad Schott,994,Cold Hollow Disc Golf Course,Cold Hollow Long Layout,59,18,1,14:50:00,56,-3,973,113,True,False,18,56,True,True,True
79898,2024,MPO,1,688462,31562,31562,964,Round 1,2024-09-29,Jonathan Betts,948,Cold Hollow Disc Golf Course,Cold Hollow Long Layout,59,18,1,14:10:00,58,-1,954,114,True,False,18,58,True,True,True
79898,2024,MPO,1,688462,91216,91216,955,Round 1,2024-09-29,Chris Spear,932,Cold Hollow Disc Golf Course,Cold Hollow Long Layout,59,18,2,14:40:00,58,-1,954,115,True,False,18,58,True,True,True
79898,2024,MPO,1,688462,100885,100885,955,Round 1,2024-09-29,Jacob Moore,945,Cold Hollow Disc Golf Course,Cold Hollow Long Layout,59,18,1,15:00:00,58,-1,954,119,True,False,18,58,True,True,True
79898,2024,MPO,1,688462,103627,103627,984,Round 1,2024-09-29,Clayton Davis,,Cold Hollow Disc Golf Course,Cold Hollow Long Layout,59,18,1,15:10:00,58,-1,954,117,True,False,18,58,True,True,True
79898,2024,MPO,1,688462,142744,142744,958,Round 1,2024-09-29,Abel German,974,Cold Hollow Disc Golf Course,Cold Hollow Long Layout,59,18,1,14:40:00,58,-1,954,112,True,False,18,58,True,True,True
79898,2024,MPO,1,688462,164118,164118,942,Round 1,2024-09-29,Fred Longchamp,945,Cold Hollow Disc Golf Course,Cold Hollow Long Layout,59,18,1,14:30:00,58,-1,954,115,True,False,18,58,True,True,True
79898,2024,MPO,1,688462,187845,187845,964,Round 1,2024-09-29,Shane Seals,962,Cold Hollow Disc Golf Course,Cold Hollow Long Layout,59,18,4,14:30:00,58,-1,954,126,True,False,18,58,True,True,True
79898,2024,MPO,1,688462,244554,244554,930,Round 1,2024-09-29,Jacob Decatur,,Cold Hollow Disc Golf Course,Cold Hollow Long Layout,59,18,3,14:30:00,58,-1,954,117,True,False,18,58,True,True,True
79898,2024,MPO,1,688462,180969,180969,948,Round 1,2024-09-29,Dalton Beighley,944,Cold Hollow Disc Golf Course,Cold Hollow Long Layout,59,18,2,14:20:00,60,1,935,115,True,False,18,60,True,True,True
79898,2024,MPO,1,688462,85970,85970,958,Round 1,2024-09-29,Ben Drogue,966,Cold Hollow Disc Golf Course,Cold Hollow Long Layout,59,18,3,14:10:00,61,2,926,121,True,False,18,61,True,True,True
79898,2024,MPO,1,688462,140098,140098,969,Round 1,2024-09-29,Angus Barstow,980,Cold Hollow Disc Golf Course,Cold Hollow Long Layout,59,18,2,15:00:00,61,2,926,120,True,False,18,61,True,True,True
79898,2024,MPO,1,688462,175583,175583,904,Round 1,2024-09-29,Rob Salter,948,Cold Hollow Disc Golf Course,Cold Hollow Long Layout,59,18,3,14:40:00,61,2,926,121,True,False,18,61,True,True,True
79898,2024,MPO,1,688462,223671,223671,928,Round 1,2024-09-29,Brendan Van Tuinen,942,Cold Hollow Disc Golf Course,Cold Hollow Long Layout,59,18,1,14:20:00,61,2,926,130,True,False,18,61,True,True,True
79898,2024,MPO,1,688462,169393,169393,957,Round 1,2024-09-29,Aidan Trombley,977,Cold Hollow Disc Golf Course,Cold Hollow Long Layout,59,18,4,14:50:00,62,3,916,117,True,False,18,62,True,True,True
79898,2024,MPO,1,688462,109051,109051,890,Round 1,2024-09-29,Taylor Jones,866,Cold Hollow Disc Golf Course,Cold Hollow Long Layout,59,18,3,14:20:00,63,4,907,127,True,False,18,63,True,True,True
79898,2024,MPO,1,688462,109086,109086,926,Round 1,2024-09-29,Aaron Schlossberg,947,Cold Hollow Disc Golf Course,Cold Hollow Long Layout,59,18,2,14:10:00,64,5,897,127,True,False,18,64,True,True,True
79898,2024,MPO,1,688462,164377,164377,926,Round 1,2024-09-29,Robert Wix,927,Cold Hollow Disc Golf Course,Cold Hollow Long Layout,59,18,2,14:30:00,64,5,897,131,True,False,18,64,True,True,True
79898,2024,MPO,1,688462,221449,221449,903,Round 1,2024-09-29,Shane Proctor,885,Cold Hollow Disc Golf Course,Cold Hollow Long Layout,59,18,3,14:50:00,64,5,897,133,True,False,18,64,True,True,True
79898,2024,MPO,1,688462,140039,140039,864,Round 1,2024-09-29,Ian Rooney,907,Cold Hollow Disc Golf Course,Cold Hollow Long Layout,59,18,3,15:10:00,70,11,841,126,True,False,18,70,True,True,True
79898,2024,MPO,2,688462,128180,128180,991,Round 2,2024-09-29,Andrew Cochran,1003,Cold Hollow Disc Golf Course,Cold Hollow Long Layout,59,18,1,15:20:00,55,-4,982,108,True,False,18,55,True,True,True
79898,2024,MPO,2,688462,93369,93369,967,Round 2,2024-09-29,Thomas Murray,983,Cold Hollow Disc Golf Course,Cold Hollow Long Layout,59,18,2,15:20:00,54,-5,991,109,True,False,18,54,True,True,True
79898,2024,MPO,2,688462,167837,167837,984,Round 2,2024-09-29,Elijah Garrison,1004,Cold Hollow Disc Golf Course,Cold Hollow Long Layout,59,18,3,15:20:00,55,-4,982,110,True,False,18,55,True,True,True
79898,2024,MPO,2,688462,142744,142744,958,Round 2,2024-09-29,Abel German,974,Cold Hollow Disc Golf Course,Cold Hollow Long Layout,59,18,3,15:00:00,54,-5,991,112,True,False,18,54,True,True,True
79898,2024,MPO,2,688462,131201,131201,945,Round 2,2024-09-29,Tyler LaPerle,973,Cold Hollow Disc Golf Course,Cold Hollow Long Layout,59,18,4,15:20:00,57,-2,963,113,True,False,18,57,True,True,True
79898,2024,MPO,2,688462,161558,161558,986,Round 2,2024-09-29,Brad Schott,994,Cold Hollow Disc Golf Course,Cold Hollow Long Layout,59,18,2,15:10:00,57,-2,963,113,True,False,18,57,True,True,True
79898,2024,MPO,2,688462,31562,31562,964,Round 2,2024-09-29,Jonathan Betts,948,Cold Hollow Disc Golf Course,Cold Hollow Long Layout,59,18,3,15:10:00,56,-3,973,114,True,False,18,56,True,True,True
79898,2024,MPO,2,688462,180969,180969,948,Round 2,2024-09-29,Dalton Beighley,944,Cold Hollow Disc Golf Course,Cold Hollow Long Layout,59,18,3,14:50:00,55,-4,982,115,True,False,18,55,True,True,True
79898,2024,MPO,2,688462,91216,91216,955,Round 2,2024-09-29,Chris Spear,932,Cold Hollow Disc Golf Course,Cold Hollow Long Layout,59,18,4,15:10:00,57,-2,963,115,True,False,18,57,True,True,True
79898,2024,MPO,2,688462,164118,164118,942,Round 2,2024-09-29,Fred Longchamp,945,Cold Hollow Disc Golf Course,Cold Hollow Long Layout,59,18,4,15:00:00,57,-2,963,115,True,False,18,57,True,True,True
79898,2024,MPO,2,688462,169393,169393,957,Round 2,2024-09-29,Aidan Trombley,977,Cold Hollow Disc Golf Course,Cold Hollow Long Layout,59,18,1,14:30:00,55,-4,982,117,True,False,18,55,True,True,True
79898,2024,MPO,2,688462,103627,103627,984,Round 2,2024-09-29,Clayton Davis,,Cold Hollow Disc Golf Course,Cold Hollow Long Layout,59,18,2,15:00:00,59,0,944,117,True,False,18,59,True,True,True
79898,2024,MPO,2,688462,244554,244554,930,Round 2,2024-09-29,Jacob Decatur,,Cold Hollow Disc Golf Course,Cold Hollow Long Layout,59,18,2,14:50:00,59,0,944,117,True,False,18,59,True,True,True
79898,2024,MPO,2,688462,100885,100885,955,Round 2,2024-09-29,Jacob Moore,945,Cold Hollow Disc Golf Course,Cold Hollow Long Layout,59,18,1,15:00:00,61,2,926,119,True,False,18,61,True,True,True
79898,2024,MPO,2,688462,140098,140098,969,Round 2,2024-09-29,Angus Barstow,980,Cold Hollow Disc Golf Course,Cold Hollow Long Layout,59,18,1,14:40:00,59,0,944,120,True,False,18,59,True,True,True
79898,2024,MPO,2,688462,85970,85970,958,Round 2,2024-09-29,Ben Drogue,966,Cold Hollow Disc Golf Course,Cold Hollow Long Layout,59,18,4,14:50:00,60,1,935,121,True,False,18,60,True,True,True
79898,2024,MPO,2,688462,175583,175583,904,Round 2,2024-09-29,Rob Salter,948,Cold Hollow Disc Golf Course,Cold Hollow Long Layout,59,18,2,14:40:00,60,1,935,121,True,False,18,60,True,True,True
79898,2024,MPO,2,688462,140874,140874,977,Round 2,2024-09-29,Hunter Martin,953,Cold Hollow Disc Golf Course,Cold Hollow Long Layout,59,18,1,15:10:00,67,8,869,123,True,False,18,67,True,True,True
79898,2024,MPO,2,688462,140039,140039,864,Round 2,2024-09-29,Ian Rooney,907,Cold Hollow Disc Golf Course,Cold Hollow Long Layout,59,18,3,14:20:00,56,-3,973,126,True,False,18,56,True,True,True
79898,2024,MPO,2,688462,187845,187845,964,Round 2,2024-09-29,Shane Seals,962,Cold Hollow Disc Golf Course,Cold Hollow Long Layout,59,18,1,14:50:00,68,9,860,126,True,False,18,68,True,True,True
79898,2024,MPO,2,688462,109086,109086,926,Round 2,2024-09-29,Aaron Schlossberg,947,Cold Hollow Disc Golf Course,Cold Hollow Long Layout,59,18,3,14:30:00,63,4,907,127,True,False,18,63,True,True,True
79898,2024,MPO,2,688462,109051,109051,890,Round 2,2024-09-29,Taylor Jones,866,Cold Hollow Disc Golf Course,Cold Hollow Long Layout,59,18,2,14:30:00,64,5,897,127,True,False,18,64,True,True,True
79898,2024,MPO,2,688462,223671,223671,928,Round 2,2024-09-29,Brendan Van Tuinen,942,Cold Hollow Disc Golf Course,Cold Hollow Long Layout,59,18,3,14:40:00,69,10,850,130,True,False,18,69,True,True,True
79898,2024,MPO,2,688462,164377,164377,926,Round 2,2024-09-29,Robert Wix,927,Cold Hollow Disc Golf Course,Cold Hollow Long Layout,59,18,1,14:20:00,67,8,869,131,True,False,18,67,True,True,True
79898,2024,MPO,2,688462,221449,221449,903,Round 2,2024-09-29,Shane Proctor,885,Cold Hollow Disc Golf Course,Cold Hollow Long Layout,59,18,2,14:20:00,69,10,850,133,True,False,18,69,True,True,True
79942,2024,FA1,1,689988,210776,210776,842,Round 1,2024-10-13,Mel Vargo,,Smugglers Notch Disc Golf Center - Fox Run,Fox Run Meadows White Tees,62,18,2,11:10:00,72,10,859,150,True,False,18,72,True,True,True
79942,2024,FA1,1,689988,218239,218239,812,Round 1,2024-10-13,Sarina Hampton,811,Smugglers Notch Disc Golf Center - Fox Run,Fox Run Meadows White Tees,62,18,3,11:10:00,77,15,815,151,True,False,18,77,True,True,True
79942,2024,FA1,1,689988,159875,159875,781,Round 1,2024-10-13,Jean Saunders,,Smugglers Notch Disc Golf Center - Fox Run,Fox Run Meadows White Tees,62,18,1,11:10:00,90,28,701,177,True,False,18,90,True,True,True
79942,2024,FA1,2,689982,210776,210776,842,Round 2,2024-10-13,Mel Vargo,,Smugglers Notch Disc Golf Center - Brewster Ridge,Brewster Ridge Blue Tees,62,18,1,11:40:00,78,16,802,150,True,False,18,78,True,True,True
79942,2024,FA1,2,689982,218239,218239,812,Round 2,2024-10-13,Sarina Hampton,811,Smugglers Notch Disc Golf Center - Brewster Ridge,Brewster Ridge Blue Tees,62,18,2,11:40:00,74,12,837,151,True,False,18,74,True,True,True
79942,2024,FA1,2,689982,159875,159875,781,Round 2,2024-10-13,Jean Saunders,,Smugglers Notch Disc Golf Center - Brewster Ridge,Brewster Ridge Blue Tees,62,18,3,11:40:00,87,25,723,177,True,False,18,87,True,True,True
79942,2024,FA2,1,689990,243272,243272,695,Round 1,2024-10-13,Cadie Wells-Robinson,730,Smugglers Notch Disc Golf Center - Fox Run,Fox Run Meadows Red Tees,63,18,2,08:40:00,85,22,611,164,True,False,18,85,True,True,True
79942,2024,FA2,1,689990,215341,215341,552,Round 1,2024-10-13,Teah Miller,591,Smugglers Notch Disc Golf Center - Fox Run,Fox Run Meadows Red Tees,63,18,1,08:40:00,103,40,418,190,True,False,18,103,True,True,True
79942,2024,FA2,2,689984,243272,243272,695,Round 2,2024-10-13,Cadie Wells-Robinson,730,Smugglers Notch Disc Golf Center - Brewster Ridge,Brewster Ridge White Tees,62,18,2,09:40:00,79,17,659,164,True,False,18,79,True,True,True
79942,2024,FA2,2,689984,215341,215341,552,Round 2,2024-10-13,Teah Miller,591,Smugglers Notch Disc Golf Center - Brewster Ridge,Brewster Ridge White Tees,62,18,4,09:40:00,87,25,571,190,True,False,18,87,True,True,True
79942,2024,FA3,1,689990,191893,191893,716,Round 1,2024-10-13,Amanda Benoit,,Smugglers Notch Disc Golf Center - Fox Run,Fox Run Meadows Red Tees,63,18,2,08:30:00,73,10,740,147,True,False,18,73,True,True,True
79942,2024,FA3,1,689990,278389,278389,682,Round 1,2024-10-13,Jessica Davenport,766,Smugglers Notch Disc Golf Center - Fox Run,Fox Run Meadows Red Tees,63,18,3,08:30:00,77,14,697,149,True,False,18,77,True,True,True
79942,2024,FA3,2,689984,191893,191893,716,Round 2,2024-10-13,Amanda Benoit,,Smugglers Notch Disc Golf Center - Brewster Ridge,Brewster Ridge White Tees,62,18,3,08:10:00,74,12,715,147,True,False,18,74,True,True,True
79942,2024,FA3,2,689984,278389,278389,682,Round 2,2024-10-13,Jessica Davenport,766,Smugglers Notch Disc Golf Center - Brewster Ridge,Brewster Ridge White Tees,62,18,4,08:10:00,72,10,737,149,True,False,18,72,True,True,True
79942,2024,FA40,1,689988,192992,192992,740,Round 1,2024-10-13,Christy Fisher,705,Smugglers Notch Disc Golf Center - Fox Run,Fox Run Meadows White Tees,62,18,1,11:00:00,88,26,718,162,True,False,18,88,True,True,True
79942,2024,FA40,1,689988,210907,210907,692,Round 1,2024-10-13,Kara Vargo,690,Smugglers Notch Disc Golf Center - Fox Run,Fox Run Meadows White Tees,62,18,2,11:00:00,88,26,718,163,True,False,18,88,True,True,True
79942,2024,FA40,1,689988,228265,228265,683,Round 1,2024-10-13,Maryellen Copping,705,Smugglers Notch Disc Golf Center - Fox Run,Fox Run Meadows White Tees,62,18,3,11:00:00,109,47,534,188,True,False,18,109,True,True,True
79942,2024,FA40,2,689984,192992,192992,740,Round 2,2024-10-13,Christy Fisher,705,Smugglers Notch Disc Golf Center - Brewster Ridge,Brewster Ridge White Tees,62,18,1,09:50:00,74,12,715,162,True,False,18,74,True,True,True
79942,2024,FA40,2,689984,210907,210907,692,Round 2,2024-10-13,Kara Vargo,690,Smugglers Notch Disc Golf Center - Brewster Ridge,Brewster Ridge White Tees,62,18,2,09:50:00,75,13,704,163,True,False,18,75,True,True,True
79942,2024,FA40,2,689984,228265,228265,683,Round 2,2024-10-13,Maryellen Copping,705,Smugglers Notch Disc Golf Center - Brewster Ridge,Brewster Ridge White Tees,62,18,3,09:50:00,79,17,659,188,True,False,18,79,True,True,True
79942,2024,FPO,1,690638,174640,174640,849,Round 1,2024-10-13,Maureen McGuinness,,Smugglers Notch Disc Golf Center - Brewster Ridge,Brewster Ridge Blue Tees Rd1,62,18,2,08:30:00,67,5,904,152,True,False,18,67,True,True,True
79942,2024,FPO,1,690638,182424,182424,841,Round 1,2024-10-13,Olivia Martin,859,Smugglers Notch Disc Golf Center - Brewster Ridge,Brewster Ridge Blue Tees Rd1,62,18,3,08:30:00,68,6,895,152,True,False,18,68,True,True,True
79942,2024,FPO,1,690638,87094,87094,905,Round 1,2024-10-13,Rose Shertick,922,Smugglers Notch Disc Golf Center - Brewster Ridge,Brewster Ridge Blue Tees Rd1,62,18,1,08:30:00,71,9,869,140,True,False,18,71,True,True,True
79942,2024,FPO,1,690638,228248,228248,820,Round 1,2024-10-13,Isza Parchini,802,Smugglers Notch Disc Golf Center - Brewster Ridge,Brewster Ridge Blue Tees Rd1,62,18,4,08:30:00,78,16,808,158,True,False,18,78,True,True,True
79942,2024,FPO,2,689987,87094,87094,905,Round 2,2024-10-13,Rose Shertick,922,Smugglers Notch Disc Golf Center - Fox Run,Fox Run Meadows Blue Tees,62,18,3,09:50:00,69,7,955,140,True,False,18,69,True,True,True
79942,2024,FPO,2,689987,182424,182424,841,Round 2,2024-10-13,Olivia Martin,859,Smugglers Notch Disc Golf Center - Fox Run,Fox Run Meadows Blue Tees,62,18,2,09:50:00,84,22,846,152,True,False,18,84,True,True,True
79942,2024,FPO,2,689987,174640,174640,849,Round 2,2024-10-13,Maureen McGuinness,,Smugglers Notch Disc Golf Center - Fox Run,Fox Run Meadows Blue Tees,62,18,1,09:50:00,85,23,839,152,True,False,18,85,True,True,True
79942,2024,FPO,2,689987,228248,228248,820,Round 2,2024-10-13,Isza Parchini,802,Smugglers Notch Disc Golf Center - Fox Run,Fox Run Meadows Blue Tees,62,18,4,09:50:00,80,18,875,158,True,False,18,80,True,True,True
79942,2024,MA1,1,689983,216940,216940,953,Round 1,2024-10-13,Azariah Cartrette,986,Smugglers Notch Disc Golf Center - Brewster Ridge,Brewster Ridge Gold Tees,62,18,2,09:00:00,67,5,975,132,True,False,18,67,True,True,True
79942,2024,MA1,1,689983,152034,152034,910,Round 1,2024-10-13,Josué Guerra,921,Smugglers Notch Disc Golf Center - Brewster Ridge,Brewster Ridge Gold Tees,62,18,4,09:40:00,70,8,954,135,True,False,18,70,True,True,True
79942,2024,MA1,1,689983,146226,146226,917,Round 1,2024-10-13,Jason Cagney,927,Smugglers Notch Disc Golf Center - Brewster Ridge,Brewster Ridge Gold Tees,62,18,1,08:40:00,71,9,947,145,True,False,18,71,True,True,True
79942,2024,MA1,1,689983,219307,219307,909,Round 1,2024-10-13,Everett Secor,935,Smugglers Notch Disc Golf Center - Brewster Ridge,Brewster Ridge Gold Tees,62,18,4,09:10:00,71,9,947,,True,False,18,71,True,True,True
79942,2024,MA1,1,689983,240494,240494,926,Round 1,2024-10-13,Derrek Eckhardt,919,Smugglers Notch Disc Golf Center - Brewster Ridge,Brewster Ridge Gold Tees,62,18,4,09:00:00,71,9,947,136,True,False,18,71,True,True,True
79942,2024,MA1,1,689983,124608,124608,920,Round 1,2024-10-13,Skyler Phelan,942,Smugglers Notch Disc Golf Center - Brewster Ridge,Brewster Ridge Gold Tees,62,18,1,08:50:00,72,10,940,155,True,False,18,72,True,True,True
79942,2024,MA1,1,689983,192901,192901,920,Round 1,2024-10-13,Micah Munro,890,Smugglers Notch Disc Golf Center - Brewster Ridge,Brewster Ridge Gold Tees,62,18,2,08:40:00,72,10,940,146,True,False,18,72,True,True,True
79942,2024,MA1,1,689983,205492,205492,938,Round 1,2024-10-13,Hayden Laster,942,Smugglers Notch Disc Golf Center - Brewster Ridge,Brewster Ridge Gold Tees,62,18,3,09:10:00,72,10,940,142,True,False,18,72,True,True,True
79942,2024,MA1,1,689983,162806,162806,893,Round 1,2024-10-13,Ethan Springer,886,Smugglers Notch Disc Golf Center - Brewster Ridge,Brewster Ridge Gold Tees,62,18,2,09:20:00,73,11,933,157,True,False,18,73,True,True,True
79942,2024,MA1,1,689983,174300,174300,934,Round 1,2024-10-13,Kevin Hoercher,,Smugglers Notch Disc Golf Center - Brewster Ridge,Brewster Ridge Gold Tees,62,18,3,08:50:00,73,11,933,144,True,False,18,73,True,True,True
79942,2024,MA1,1,689983,278286,278286,914,Round 1,2024-10-13,Trevor Hazelton,949,Smugglers Notch Disc Golf Center - Brewster Ridge,Brewster Ridge Gold Tees,62,18,3,08:40:00,74,12,926,159,True,False,18,74,True,True,True
79942,2024,MA1,1,689983,89829,89829,935,Round 1,2024-10-13,Garrett Washburn,923,Smugglers Notch Disc Golf Center - Brewster Ridge,Brewster Ridge Gold Tees,62,18,1,09:40:00,75,13,919,153,True,False,18,75,True,True,True
79942,2024,MA1,1,689983,122064,122064,903,Round 1,2024-10-13,Nathan Prentice,922,Smugglers Notch Disc Golf Center - Brewster Ridge,Brewster Ridge Gold Tees,62,18,2,09:40:00,75,13,919,150,True,False,18,75,True,True,True
79942,2024,MA1,1,689983,124203,124203,923,Round 1,2024-10-13,Ezra Koch,954,Smugglers Notch Disc Golf Center - Brewster Ridge,Brewster Ridge Gold Tees,62,18,3,09:40:00,75,13,919,147,True,False,18,75,True,True,True
79942,2024,MA1,1,689983,134840,134840,903,Round 1,2024-10-13,Dustin Eagar,894,Smugglers Notch Disc Golf Center - Brewster Ridge,Brewster Ridge Gold Tees,62,18,1,09:30:00,75,13,919,148,True,False,18,75,True,True,True
79942,2024,MA1,1,689983,158783,158783,913,Round 1,2024-10-13,Joseph Humes,906,Smugglers Notch Disc Golf Center - Brewster Ridge,Brewster Ridge Gold Tees,62,18,3,09:30:00,75,13,919,160,True,False,18,75,True,True,True
79942,2024,MA1,1,689983,235658,235658,926,Round 1,2024-10-13,Brandon Westburg,963,Smugglers Notch Disc Golf Center - Brewster Ridge,Brewster Ridge Gold Tees,62,18,3,09:00:00,75,13,919,143,True,False,18,75,True,True,True
79942,2024,MA1,1,689983,275420,275420,936,Round 1,2024-10-13,Willy MacGowan,,Smugglers Notch Disc Golf Center - Brewster Ridge,Brewster Ridge Gold Tees,62,18,4,08:50:00,75,13,919,138,True,False,18,75,True,True,True
79942,2024,MA1,1,689983,173058,173058,948,Round 1,2024-10-13,Brandon Allaire,950,Smugglers Notch Disc Golf Center - Brewster Ridge,Brewster Ridge Gold Tees,62,18,3,09:20:00,76,14,912,145,True,False,18,76,True,True,True
79942,2024,MA1,1,689983,174646,174646,883,Round 1,2024-10-13,David Oppenheimer,,Smugglers Notch Disc Golf Center - Brewster Ridge,Brewster Ridge Gold Tees,62,18,4,09:20:00,76,14,912,147,True,False,18,76,True,True,True
79942,2024,MA1,1,689983,109604,109604,918,Round 1,2024-10-13,Jeremy Hulsey,914,Smugglers Notch Disc Golf Center - Brewster Ridge,Brewster Ridge Gold Tees,62,18,1,09:10:00,77,15,905,145,True,False,18,77,True,True,True
79942,2024,MA1,1,689983,144956,144956,901,Round 1,2024-10-13,Ellis Boettger,,Smugglers Notch Disc Golf Center - Brewster Ridge,Brewster Ridge Gold Tees,62,18,2,08:50:00,77,15,905,152,True,False,18,77,True,True,True
79942,2024,MA1,1,689983,210681,210681,890,Round 1,2024-10-13,Kyle Anderson Andresen,911,Smugglers Notch Disc Golf Center - Brewster Ridge,Brewster Ridge Gold Tees,62,18,1,09:00:00,77,15,905,150,True,False,18,77,True,True,True
79942,2024,MA1,1,689983,175140,175140,913,Round 1,2024-10-13,Christian Garey,890,Smugglers Notch Disc Golf Center - Brewster Ridge,Brewster Ridge Gold Tees,62,18,2,09:10:00,78,16,898,147,True,False,18,78,True,True,True
79942,2024,MA1,1,689983,149370,149370,911,Round 1,2024-10-13,Justin Serrano,897,Smugglers Notch Disc Golf Center - Brewster Ridge,Brewster Ridge Gold Tees,62,18,1,09:20:00,79,17,890,149,True,False,18,79,True,True,True
79942,2024,MA1,1,689983,154887,154887,934,Round 1,2024-10-13,Brian Hunter,941,Smugglers Notch Disc Golf Center - Brewster Ridge,Brewster Ridge Gold Tees,62,18,2,09:30:00,80,18,883,148,True,False,18,80,True,True,True
79942,2024,MA1,1,689983,275041,275041,906,Round 1,2024-10-13,Samuel Schonberg,937,Smugglers Notch Disc Golf Center - Brewster Ridge,Brewster Ridge Gold Tees,62,18,4,09:30:00,84,22,855,164,True,False,18,84,True,True,True
79942,2024,MA1,2,689987,216940,216940,953,Round 2,2024-10-13,Azariah Cartrette,986,Smugglers Notch Disc Golf Center - Fox Run,Fox Run Meadows Blue Tees,62,18,1,09:10:00,65,3,984,132,True,False,18,65,True,True,True
79942,2024,MA1,2,689987,152034,152034,910,Round 2,2024-10-13,Josué Guerra,921,Smugglers Notch Disc Golf Center - Fox Run,Fox Run Meadows Blue Tees,62,18,2,09:10:00,65,3,984,135,True,False,18,65,True,True,True
79942,2024,MA1,2,689987,240494,240494,926,Round 2,2024-10-13,Derrek Eckhardt,919,Smugglers Notch Disc Golf Center - Fox Run,Fox Run Meadows Blue Tees,62,18,1,09:00:00,65,3,984,136,True,False,18,65,True,True,True
79942,2024,MA1,2,689987,275420,275420,936,Round 2,2024-10-13,Willy MacGowan,,Smugglers Notch Disc Golf Center - Fox Run,Fox Run Meadows Blue Tees,62,18,2,08:30:00,63,1,998,138,True,False,18,63,True,True,True
79942,2024,MA1,2,689987,205492,205492,938,Round 2,2024-10-13,Hayden Laster,942,Smugglers Notch Disc Golf Center - Fox Run,Fox Run Meadows Blue Tees,62,18,4,09:00:00,70,8,948,142,True,False,18,70,True,True,True
79942,2024,MA1,2,689987,235658,235658,926,Round 2,2024-10-13,Brandon Westburg,963,Smugglers Notch Disc Golf Center - Fox Run,Fox Run Meadows Blue Tees,62,18,1,08:30:00,68,6,962,143,True,False,18,68,True,True,True
79942,2024,MA1,2,689987,174300,174300,934,Round 2,2024-10-13,Kevin Hoercher,,Smugglers Notch Disc Golf Center - Fox Run,Fox Run Meadows Blue Tees,62,18,2,08:50:00,71,9,940,144,True,False,18,71,True,True,True
79942,2024,MA1,2,689987,109604,109604,918,Round 2,2024-10-13,Jeremy Hulsey,914,Smugglers Notch Disc Golf Center - Fox Run,Fox Run Meadows Blue Tees,62,18,1,08:20:00,68,6,962,145,True,False,18,68,True,True,True
79942,2024,MA1,2,689987,173058,173058,948,Round 2,2024-10-13,Brandon Allaire,950,Smugglers Notch Disc Golf Center - Fox Run,Fox Run Meadows Blue Tees,62,18,3,08:30:00,69,7,955,145,True,False,18,69,True,True,True
79942,2024,MA1,2,689987,146226,146226,917,Round 2,2024-10-13,Jason Cagney,927,Smugglers Notch Disc Golf Center - Fox Run,Fox Run Meadows Blue Tees,62,18,3,09:10:00,74,12,919,145,True,False,18,74,True,True,True
79942,2024,MA1,2,689987,192901,192901,920,Round 2,2024-10-13,Micah Munro,890,Smugglers Notch Disc Golf Center - Fox Run,Fox Run Meadows Blue Tees,62,18,3,09:00:00,74,12,919,146,True,False,18,74,True,True,True
79942,2024,MA1,2,689987,175140,175140,913,Round 2,2024-10-13,Christian Garey,890,Smugglers Notch Disc Golf Center - Fox Run,Fox Run Meadows Blue Tees,62,18,4,08:20:00,69,7,955,147,True,False,18,69,True,True,True
79942,2024,MA1,2,689987,174646,174646,883,Round 2,2024-10-13,David Oppenheimer,,Smugglers Notch Disc Golf Center - Fox Run,Fox Run Meadows Blue Tees,62,18,4,08:30:00,71,9,940,147,True,False,18,71,True,True,True
79942,2024,MA1,2,689987,124203,124203,923,Round 2,2024-10-13,Ezra Koch,954,Smugglers Notch Disc Golf Center - Fox Run,Fox Run Meadows Blue Tees,62,18,2,08:40:00,72,10,933,147,True,False,18,72,True,True,True
79942,2024,MA1,2,689987,154887,154887,934,Round 2,2024-10-13,Brian Hunter,941,Smugglers Notch Disc Golf Center - Fox Run,Fox Run Meadows Blue Tees,62,18,2,08:10:00,68,6,962,148,True,False,18,68,True,True,True
79942,2024,MA1,2,689987,134840,134840,903,Round 2,2024-10-13,Dustin Eagar,894,Smugglers Notch Disc Golf Center - Fox Run,Fox Run Meadows Blue Tees,62,18,3,08:40:00,73,11,926,148,True,False,18,73,True,True,True
79942,2024,MA1,2,689987,149370,149370,911,Round 2,2024-10-13,Justin Serrano,897,Smugglers Notch Disc Golf Center - Fox Run,Fox Run Meadows Blue Tees,62,18,1,08:10:00,70,8,948,149,True,False,18,70,True,True,True
79942,2024,MA1,2,689987,210681,210681,890,Round 2,2024-10-13,Kyle Anderson Andresen,911,Smugglers Notch Disc Golf Center - Fox Run,Fox Run Meadows Blue Tees,62,18,3,08:20:00,73,11,926,150,True,False,18,73,True,True,True
79942,2024,MA1,2,689987,122064,122064,903,Round 2,2024-10-13,Nathan Prentice,922,Smugglers Notch Disc Golf Center - Fox Run,Fox Run Meadows Blue Tees,62,18,1,08:40:00,75,13,912,150,True,False,18,75,True,True,True
79942,2024,MA1,2,689987,144956,144956,901,Round 2,2024-10-13,Ellis Boettger,,Smugglers Notch Disc Golf Center - Fox Run,Fox Run Meadows Blue Tees,62,18,2,08:20:00,75,13,912,152,True,False,18,75,True,True,True
79942,2024,MA1,2,689987,89829,89829,935,Round 2,2024-10-13,Garrett Washburn,923,Smugglers Notch Disc Golf Center - Fox Run,Fox Run Meadows Blue Tees,62,18,4,08:50:00,78,16,890,153,True,False,18,78,True,True,True
79942,2024,MA1,2,689987,124608,124608,920,Round 2,2024-10-13,Skyler Phelan,942,Smugglers Notch Disc Golf Center - Fox Run,Fox Run Meadows Blue Tees,62,18,2,09:00:00,83,21,854,155,True,False,18,83,True,True,True
79942,2024,MA1,2,689987,162806,162806,893,Round 2,2024-10-13,Ethan Springer,886,Smugglers Notch Disc Golf Center - Fox Run,Fox Run Meadows Blue Tees,62,18,1,08:50:00,84,22,846,157,True,False,18,84,True,True,True
79942,2024,MA1,2,689987,278286,278286,914,Round 2,2024-10-13,Trevor Hazelton,949,Smugglers Notch Disc Golf Center - Fox Run,Fox Run Meadows Blue Tees,62,18,3,08:50:00,85,23,839,159,True,False,18,85,True,True,True
79942,2024,MA1,2,689987,158783,158783,913,Round 2,2024-10-13,Joseph Humes,906,Smugglers Notch Disc Golf Center - Fox Run,Fox Run Meadows Blue Tees,62,18,4,08:40:00,85,23,839,160,True,False,18,85,True,True,True
79942,2024,MA1,2,689987,275041,275041,906,Round 2,2024-10-13,Samuel Schonberg,937,Smugglers Notch Disc Golf Center - Fox Run,Fox Run Meadows Blue Tees,62,18,3,08:10:00,80,18,875,164,True,False,18,80,True,True,True
79942,2024,MA1,2,689987,219307,219307,909,Round 2,2024-10-13,Everett Secor,935,Smugglers Notch Disc Golf Center - Fox Run,Fox Run Meadows Blue Tees,62,18,4,09:10:00,,,,,True,True,0,,False,False,False
79942,2024,MA2,1,690637,159224,159224,926,Round 1,2024-10-13,Bryce McKim,,Smugglers Notch Disc Golf Center - Fox Run,Fox Run Meadows Blue Tees Rd1,62,18,1,12:40:00,66,4,998,130,True,False,18,66,True,True,True
79942,2024,MA2,1,690637,213171,213171,892,Round 1,2024-10-13,Matt Thornley,905,Smugglers Notch Disc Golf Center - Fox Run,Fox Run Meadows Blue Tees Rd1,62,18,2,11:20:00,71,9,965,139,True,False,18,71,True,True,True
79942,2024,MA2,1,690637,221157,221157,910,Round 1,2024-10-13,Dylan Slick,915,Smugglers Notch Disc Golf Center - Fox Run,Fox Run Meadows Blue Tees Rd1,62,18,3,13:00:00,71,9,965,130,True,False,18,71,True,True,True
79942,2024,MA2,1,690637,286623,286623,891,Round 1,2024-10-13,Ethan Santor,916,Smugglers Notch Disc Golf Center - Fox Run,Fox Run Meadows Blue Tees Rd1,62,18,4,11:40:00,71,9,965,139,True,False,18,71,True,True,True
79942,2024,MA2,1,690637,150874,150874,920,Round 1,2024-10-13,Logan Brent,966,Smugglers Notch Disc Golf Center - Fox Run,Fox Run Meadows Blue Tees Rd1,62,18,1,11:30:00,72,10,958,140,True,False,18,72,True,True,True
79942,2024,MA2,1,690637,224931,224931,892,Round 1,2024-10-13,Mark Thompson,,Smugglers Notch Disc Golf Center - Fox Run,Fox Run Meadows Blue Tees Rd1,62,18,4,12:50:00,73,11,952,133,True,False,18,73,True,True,True
79942,2024,MA2,1,690637,98920,98920,906,Round 1,2024-10-13,Zachary Rubin,933,Smugglers Notch Disc Golf Center - Fox Run,Fox Run Meadows Blue Tees Rd1,62,18,1,11:50:00,74,12,945,135,True,False,18,74,True,True,True
79942,2024,MA2,1,690637,177260,177260,899,Round 1,2024-10-13,Fisher Evans,,Smugglers Notch Disc Golf Center - Fox Run,Fox Run Meadows Blue Tees Rd1,62,18,2,13:00:00,74,12,945,148,True,False,18,74,True,True,True
79942,2024,MA2,1,690637,159142,159142,901,Round 1,2024-10-13,George Ward,,Smugglers Notch Disc Golf Center - Fox Run,Fox Run Meadows Blue Tees Rd1,62,18,1,12:20:00,75,13,939,143,True,False,18,75,True,True,True
79942,2024,MA2,1,690637,242103,242103,857,Round 1,2024-10-13,Nathan Oxenfeld,895,Smugglers Notch Disc Golf Center - Fox Run,Fox Run Meadows Blue Tees Rd1,62,18,2,12:20:00,75,13,939,138,True,False,18,75,True,True,True
79942,2024,MA2,1,690637,180438,180438,915,Round 1,2024-10-13,Elian Furs,,Smugglers Notch Disc Golf Center - Fox Run,Fox Run Meadows Blue Tees Rd1,62,18,3,12:50:00,76,14,932,138,True,False,18,76,True,True,True
79942,2024,MA2,1,690637,179596,179596,912,Round 1,2024-10-13,Isaac Luce,,Smugglers Notch Disc Golf Center - Fox Run,Fox Run Meadows Blue Tees Rd1,62,18,2,12:40:00,77,15,926,138,True,False,18,77,True,True,True
79942,2024,MA2,1,690637,207208,207208,887,Round 1,2024-10-13,Justin Abbott,918,Smugglers Notch Disc Golf Center - Fox Run,Fox Run Meadows Blue Tees Rd1,62,18,2,12:10:00,77,15,926,145,True,False,18,77,True,True,True
79942,2024,MA2,1,690637,174031,174031,922,Round 1,2024-10-13,Ian MacDonald,909,Smugglers Notch Disc Golf Center - Fox Run,Fox Run Meadows Blue Tees Rd1,62,18,1,11:20:00,79,17,912,141,True,False,18,79,True,True,True
79942,2024,MA2,1,690637,177018,177018,895,Round 1,2024-10-13,Brandon Bensel,882,Smugglers Notch Disc Golf Center - Fox Run,Fox Run Meadows Blue Tees Rd1,62,18,1,12:10:00,80,18,906,152,True,False,18,80,True,True,True
79942,2024,MA2,1,690637,212714,212714,870,Round 1,2024-10-13,Rocco Ceci,879,Smugglers Notch Disc Golf Center - Fox Run,Fox Run Meadows Blue Tees Rd1,62,18,3,12:10:00,80,18,906,155,True,False,18,80,True,True,True
79942,2024,MA2,1,690637,50816,50816,865,Round 1,2024-10-13,Tristan Whitehouse,,Smugglers Notch Disc Golf Center - Fox Run,Fox Run Meadows Blue Tees Rd1,62,18,1,12:00:00,81,19,899,149,True,False,18,81,True,True,True
79942,2024,MA2,1,690637,278541,278541,869,Round 1,2024-10-13,Carter Langevin,,Smugglers Notch Disc Golf Center - Fox Run,Fox Run Meadows Blue Tees Rd1,62,18,3,11:30:00,81,19,899,155,True,False,18,81,True,True,True
79942,2024,MA2,1,690637,259714,259714,861,Round 1,2024-10-13,Reece Cronin,,Smugglers Notch Disc Golf Center - Fox Run,Fox Run Meadows Blue Tees Rd1,62,18,3,11:20:00,82,20,893,154,True,False,18,82,True,True,True
79942,2024,MA2,1,690637,259718,259718,889,Round 1,2024-10-13,Kamden Cox,906,Smugglers Notch Disc Golf Center - Fox Run,Fox Run Meadows Blue Tees Rd1,62,18,3,11:50:00,82,20,893,153,True,False,18,82,True,True,True
79942,2024,MA2,1,690637,278390,278390,919,Round 1,2024-10-13,Edward Blow,,Smugglers Notch Disc Golf Center - Fox Run,Fox Run Meadows Blue Tees Rd1,62,18,3,11:40:00,82,20,893,149,True,False,18,82,True,True,True
79942,2024,MA2,1,690637,122720,122720,886,Round 1,2024-10-13,Todd Morris,,Smugglers Notch Disc Golf Center - Fox Run,Fox Run Meadows Blue Tees Rd1,62,18,1,13:00:00,84,22,879,154,True,False,18,84,True,True,True
79942,2024,MA2,1,690637,287571,287571,849,Round 1,2024-10-13,Garrett Keraga,901,Smugglers Notch Disc Golf Center - Fox Run,Fox Run Meadows Blue Tees Rd1,62,18,4,13:00:00,84,22,879,157,True,False,18,84,True,True,True
79942,2024,MA2,1,690637,173726,173726,906,Round 1,2024-10-13,James Cassidy,902,Smugglers Notch Disc Golf Center - Fox Run,Fox Run Meadows Blue Tees Rd1,62,18,2,12:50:00,85,23,873,145,True,False,18,85,True,True,True
79942,2024,MA2,1,690637,235035,235035,884,Round 1,2024-10-13,Paul Seyler,908,Smugglers Notch Disc Golf Center - Fox Run,Fox Run Meadows Blue Tees Rd1,62,18,2,12:00:00,85,23,873,155,True,False,18,85,True,True,True
79942,2024,MA2,1,690637,275802,275802,872,Round 1,2024-10-13,Tyler Jarrett,907,Smugglers Notch Disc Golf Center - Fox Run,Fox Run Meadows Blue Tees Rd1,62,18,3,12:20:00,85,23,873,155,True,False,18,85,True,True,True
79942,2024,MA2,1,690637,137736,137736,831,Round 1,2024-10-13,Logan Cooke,880,Smugglers Notch Disc Golf Center - Fox Run,Fox Run Meadows Blue Tees Rd1,62,18,1,12:50:00,86,24,866,160,True,False,18,86,True,True,True
79942,2024,MA2,1,690637,205327,205327,903,Round 1,2024-10-13,Justin Hampton,876,Smugglers Notch Disc Golf Center - Fox Run,Fox Run Meadows Blue Tees Rd1,62,18,2,11:40:00,86,24,866,154,True,False,18,86,True,True,True
79942,2024,MA2,1,690637,287102,287102,888,Round 1,2024-10-13,Ethan Robie,919,Smugglers Notch Disc Golf Center - Fox Run,Fox Run Meadows Blue Tees Rd1,62,18,3,12:40:00,86,24,866,149,True,False,18,86,True,True,True
79942,2024,MA2,1,690637,216938,216938,869,Round 1,2024-10-13,Arien Cartrette,899,Smugglers Notch Disc Golf Center - Fox Run,Fox Run Meadows Blue Tees Rd1,62,18,4,12:10:00,88,26,853,161,True,False,18,88,True,True,True
79942,2024,MA2,1,690637,261570,261570,881,Round 1,2024-10-13,John Beaudin,911,Smugglers Notch Disc Golf Center - Fox Run,Fox Run Meadows Blue Tees Rd1,62,18,4,12:30:00,88,26,853,157,True,False,18,88,True,True,True
79942,2024,MA2,1,690637,148187,148187,848,Round 1,2024-10-13,Evan Miller,874,Smugglers Notch Disc Golf Center - Fox Run,Fox Run Meadows Blue Tees Rd1,62,18,1,12:30:00,89,27,847,157,True,False,18,89,True,True,True
79942,2024,MA2,1,690637,253396,253396,898,Round 1,2024-10-13,Anthony Van Der Jagt,,Smugglers Notch Disc Golf Center - Fox Run,Fox Run Meadows Blue Tees Rd1,62,18,4,12:00:00,89,27,847,158,True,False,18,89,True,True,True
79942,2024,MA2,1,690637,163523,163523,887,Round 1,2024-10-13,Landon Desroches,866,Smugglers Notch Disc Golf Center - Fox Run,Fox Run Meadows Blue Tees Rd1,62,18,2,11:30:00,90,28,840,160,True,False,18,90,True,True,True
79942,2024,MA2,1,690637,169600,169600,866,Round 1,2024-10-13,Trevor Bryce,901,Smugglers Notch Disc Golf Center - Fox Run,Fox Run Meadows Blue Tees Rd1,62,18,2,12:30:00,90,28,840,,True,False,18,90,True,True,True
79942,2024,MA2,1,690637,227412,227412,844,Round 1,2024-10-13,Alex Emery,860,Smugglers Notch Disc Golf Center - Fox Run,Fox Run Meadows Blue Tees Rd1,62,18,3,12:30:00,90,28,840,159,True,False,18,90,True,True,True
79942,2024,MA2,1,690637,96154,96154,879,Round 1,2024-10-13,Travis Jacques,871,Smugglers Notch Disc Golf Center - Fox Run,Fox Run Meadows Blue Tees Rd1,62,18,1,11:40:00,93,31,820,160,True,False,18,93,True,True,True
79942,2024,MA2,1,690637,248718,248718,832,Round 1,2024-10-13,Keane Roland,916,Smugglers Notch Disc Golf Center - Fox Run,Fox Run Meadows Blue Tees Rd1,62,18,3,12:00:00,94,32,814,165,True,False,18,94,True,True,True
79942,2024,MA2,1,690637,292031,292031,808,Round 1,2024-10-13,George Salmons,877,Smugglers Notch Disc Golf Center - Fox Run,Fox Run Meadows Blue Tees Rd1,62,18,4,12:20:00,94,32,814,166,True,False,18,94,True,True,True
79942,2024,MA2,1,690637,239437,239437,756,Round 1,2024-10-13,Simon Bethune,830,Smugglers Notch Disc Golf Center - Fox Run,Fox Run Meadows Blue Tees Rd1,62,18,2,11:50:00,109,47,715,192,True,False,18,109,True,True,True
79942,2024,MA2,1,690637,137984,137984,896,Round 1,2024-10-13,Tristan Bryce,,Smugglers Notch Disc Golf Center - Fox Run,Fox Run Meadows Blue Tees Rd1,62,18,1,12:40:00,32,937,,,True,False,6,32,False,True,False
79942,2024,MA2,1,690637,195565,195565,888,Round 1,2024-10-13,Ty Goodrow,866,Smugglers Notch Disc Golf Center - Fox Run,Fox Run Meadows Blue Tees Rd1,62,18,2,11:50:00,53,937,,,True,False,10,53,False,True,False
79942,2024,MA2,2,689982,159224,159224,926,Round 2,2024-10-13,Bryce McKim,,Smugglers Notch Disc Golf Center - Brewster Ridge,Brewster Ridge Blue Tees,62,18,1,11:30:00,64,2,926,130,True,False,18,64,True,True,True
79942,2024,MA2,2,689982,221157,221157,910,Round 2,2024-10-13,Dylan Slick,915,Smugglers Notch Disc Golf Center - Brewster Ridge,Brewster Ridge Blue Tees,62,18,3,11:30:00,59,-3,970,130,True,False,18,59,True,True,True
79942,2024,MA2,2,689982,224931,224931,892,Round 2,2024-10-13,Mark Thompson,,Smugglers Notch Disc Golf Center - Brewster Ridge,Brewster Ridge Blue Tees,62,18,2,11:20:00,60,-2,961,133,True,False,18,60,True,True,True
79942,2024,MA2,2,689982,98920,98920,906,Round 2,2024-10-13,Zachary Rubin,933,Smugglers Notch Disc Golf Center - Brewster Ridge,Brewster Ridge Blue Tees,62,18,3,11:20:00,61,-1,952,135,True,False,18,61,True,True,True
79942,2024,MA2,2,689982,179596,179596,912,Round 2,2024-10-13,Isaac Luce,,Smugglers Notch Disc Golf Center - Brewster Ridge,Brewster Ridge Blue Tees,62,18,4,11:10:00,61,-1,952,138,True,False,18,61,True,True,True
79942,2024,MA2,2,689982,180438,180438,915,Round 2,2024-10-13,Elian Furs,,Smugglers Notch Disc Golf Center - Brewster Ridge,Brewster Ridge Blue Tees,62,18,3,11:10:00,62,0,943,138,True,False,18,62,True,True,True
79942,2024,MA2,2,689982,242103,242103,857,Round 2,2024-10-13,Nathan Oxenfeld,895,Smugglers Notch Disc Golf Center - Brewster Ridge,Brewster Ridge Blue Tees,62,18,2,11:10:00,63,1,935,138,True,False,18,63,True,True,True
79942,2024,MA2,2,689982,213171,213171,892,Round 2,2024-10-13,Matt Thornley,905,Smugglers Notch Disc Golf Center - Brewster Ridge,Brewster Ridge Blue Tees,62,18,2,11:30:00,68,6,890,139,True,False,18,68,True,True,True
79942,2024,MA2,2,689982,286623,286623,891,Round 2,2024-10-13,Ethan Santor,916,Smugglers Notch Disc Golf Center - Brewster Ridge,Brewster Ridge Blue Tees,62,18,4,11:30:00,68,6,890,139,True,False,18,68,True,True,True
79942,2024,MA2,2,689982,150874,150874,920,Round 2,2024-10-13,Logan Brent,966,Smugglers Notch Disc Golf Center - Brewster Ridge,Brewster Ridge Blue Tees,62,18,1,11:20:00,68,6,890,140,True,False,18,68,True,True,True
79942,2024,MA2,2,689982,174031,174031,922,Round 2,2024-10-13,Ian MacDonald,909,Smugglers Notch Disc Golf Center - Brewster Ridge,Brewster Ridge Blue Tees,62,18,2,11:00:00,62,0,943,141,True,False,18,62,True,True,True
79942,2024,MA2,2,689982,159142,159142,901,Round 2,2024-10-13,George Ward,,Smugglers Notch Disc Golf Center - Brewster Ridge,Brewster Ridge Blue Tees,62,18,1,11:10:00,68,6,890,143,True,False,18,68,True,True,True
79942,2024,MA2,2,689982,173726,173726,906,Round 2,2024-10-13,James Cassidy,902,Smugglers Notch Disc Golf Center - Brewster Ridge,Brewster Ridge Blue Tees,62,18,4,10:40:00,60,-2,961,145,True,False,18,60,True,True,True
79942,2024,MA2,2,689982,207208,207208,887,Round 2,2024-10-13,Justin Abbott,918,Smugglers Notch Disc Golf Center - Brewster Ridge,Brewster Ridge Blue Tees,62,18,1,11:00:00,68,6,890,145,True,False,18,68,True,True,True
79942,2024,MA2,2,689982,177260,177260,899,Round 2,2024-10-13,Fisher Evans,,Smugglers Notch Disc Golf Center - Brewster Ridge,Brewster Ridge Blue Tees,62,18,4,11:20:00,74,12,837,148,True,False,18,74,True,True,True
79942,2024,MA2,2,689982,287102,287102,888,Round 2,2024-10-13,Ethan Robie,919,Smugglers Notch Disc Golf Center - Brewster Ridge,Brewster Ridge Blue Tees,62,18,1,10:20:00,63,1,935,149,True,False,18,63,True,True,True
79942,2024,MA2,2,689982,278390,278390,919,Round 2,2024-10-13,Edward Blow,,Smugglers Notch Disc Golf Center - Brewster Ridge,Brewster Ridge Blue Tees,62,18,1,10:40:00,67,5,899,149,True,False,18,67,True,True,True
79942,2024,MA2,2,689982,50816,50816,865,Round 2,2024-10-13,Tristan Whitehouse,,Smugglers Notch Disc Golf Center - Brewster Ridge,Brewster Ridge Blue Tees,62,18,1,10:50:00,68,6,890,149,True,False,18,68,True,True,True
79942,2024,MA2,2,689982,177018,177018,895,Round 2,2024-10-13,Brandon Bensel,882,Smugglers Notch Disc Golf Center - Brewster Ridge,Brewster Ridge Blue Tees,62,18,3,11:00:00,72,10,855,152,True,False,18,72,True,True,True
79942,2024,MA2,2,689982,259718,259718,889,Round 2,2024-10-13,Kamden Cox,906,Smugglers Notch Disc Golf Center - Brewster Ridge,Brewster Ridge Blue Tees,62,18,4,10:50:00,71,9,864,153,True,False,18,71,True,True,True
79942,2024,MA2,2,689982,205327,205327,903,Round 2,2024-10-13,Justin Hampton,876,Smugglers Notch Disc Golf Center - Brewster Ridge,Brewster Ridge Blue Tees,62,18,4,10:30:00,68,6,890,154,True,False,18,68,True,True,True
79942,2024,MA2,2,689982,122720,122720,886,Round 2,2024-10-13,Todd Morris,,Smugglers Notch Disc Golf Center - Brewster Ridge,Brewster Ridge Blue Tees,62,18,2,10:40:00,70,8,873,154,True,False,18,70,True,True,True
79942,2024,MA2,2,689982,259714,259714,861,Round 2,2024-10-13,Reece Cronin,,Smugglers Notch Disc Golf Center - Brewster Ridge,Brewster Ridge Blue Tees,62,18,3,10:50:00,72,10,855,154,True,False,18,72,True,True,True
79942,2024,MA2,2,689982,235035,235035,884,Round 2,2024-10-13,Paul Seyler,908,Smugglers Notch Disc Golf Center - Brewster Ridge,Brewster Ridge Blue Tees,62,18,1,10:30:00,70,8,873,155,True,False,18,70,True,True,True
79942,2024,MA2,2,689982,275802,275802,872,Round 2,2024-10-13,Tyler Jarrett,907,Smugglers Notch Disc Golf Center - Brewster Ridge,Brewster Ridge Blue Tees,62,18,2,10:30:00,70,8,873,155,True,False,18,70,True,True,True
79942,2024,MA2,2,689982,278541,278541,869,Round 2,2024-10-13,Carter Langevin,,Smugglers Notch Disc Golf Center - Brewster Ridge,Brewster Ridge Blue Tees,62,18,2,10:50:00,74,12,837,155,True,False,18,74,True,True,True
79942,2024,MA2,2,689982,212714,212714,870,Round 2,2024-10-13,Rocco Ceci,879,Smugglers Notch Disc Golf Center - Brewster Ridge,Brewster Ridge Blue Tees,62,18,4,11:00:00,75,13,829,155,True,False,18,75,True,True,True
79942,2024,MA2,2,689982,148187,148187,848,Round 2,2024-10-13,Evan Miller,874,Smugglers Notch Disc Golf Center - Brewster Ridge,Brewster Ridge Blue Tees,62,18,4,10:20:00,68,6,890,157,True,False,18,68,True,True,True
79942,2024,MA2,2,689982,261570,261570,881,Round 2,2024-10-13,John Beaudin,911,Smugglers Notch Disc Golf Center - Brewster Ridge,Brewster Ridge Blue Tees,62,18,3,10:20:00,69,7,882,157,True,False,18,69,True,True,True
79942,2024,MA2,2,689982,287571,287571,849,Round 2,2024-10-13,Garrett Keraga,901,Smugglers Notch Disc Golf Center - Brewster Ridge,Brewster Ridge Blue Tees,62,18,3,10:40:00,73,11,846,157,True,False,18,73,True,True,True
79942,2024,MA2,2,689982,253396,253396,898,Round 2,2024-10-13,Anthony Van Der Jagt,,Smugglers Notch Disc Golf Center - Brewster Ridge,Brewster Ridge Blue Tees,62,18,1,10:10:00,69,7,882,158,True,False,18,69,True,True,True
79942,2024,MA2,2,689982,227412,227412,844,Round 2,2024-10-13,Alex Emery,860,Smugglers Notch Disc Golf Center - Brewster Ridge,Brewster Ridge Blue Tees,62,18,3,10:10:00,69,7,882,159,True,False,18,69,True,True,True
79942,2024,MA2,2,689982,96154,96154,879,Round 2,2024-10-13,Travis Jacques,871,Smugglers Notch Disc Golf Center - Brewster Ridge,Brewster Ridge Blue Tees,62,18,1,10:00:00,67,5,899,160,True,False,18,67,True,True,True
79942,2024,MA2,2,689982,163523,163523,887,Round 2,2024-10-13,Landon Desroches,866,Smugglers Notch Disc Golf Center - Brewster Ridge,Brewster Ridge Blue Tees,62,18,2,10:10:00,70,8,873,160,True,False,18,70,True,True,True
79942,2024,MA2,2,689982,137736,137736,831,Round 2,2024-10-13,Logan Cooke,880,Smugglers Notch Disc Golf Center - Brewster Ridge,Brewster Ridge Blue Tees,62,18,3,10:30:00,74,12,837,160,True,False,18,74,True,True,True
79942,2024,MA2,2,689982,216938,216938,869,Round 2,2024-10-13,Arien Cartrette,899,Smugglers Notch Disc Golf Center - Brewster Ridge,Brewster Ridge Blue Tees,62,18,2,10:20:00,73,11,846,161,True,False,18,73,True,True,True
79942,2024,MA2,2,689982,248718,248718,832,Round 2,2024-10-13,Keane Roland,916,Smugglers Notch Disc Golf Center - Brewster Ridge,Brewster Ridge Blue Tees,62,18,2,10:00:00,71,9,864,165,True,False,18,71,True,True,True
79942,2024,MA2,2,689982,292031,292031,808,Round 2,2024-10-13,George Salmons,877,Smugglers Notch Disc Golf Center - Brewster Ridge,Brewster Ridge Blue Tees,62,18,3,10:00:00,72,10,855,166,True,False,18,72,True,True,True
79942,2024,MA2,2,689982,239437,239437,756,Round 2,2024-10-13,Simon Bethune,830,Smugglers Notch Disc Golf Center - Brewster Ridge,Brewster Ridge Blue Tees,62,18,4,10:00:00,83,21,758,192,True,False,18,83,True,True,True
79942,2024,MA2,2,689982,169600,169600,866,Round 2,2024-10-13,Trevor Bryce,901,Smugglers Notch Disc Golf Center - Brewster Ridge,Brewster Ridge Blue Tees,62,18,,,,,,,True,True,0,,False,False,False
79942,2024,MA2,2,689982,137984,137984,896,Round 2,2024-10-13,Tristan Bryce,,Smugglers Notch Disc Golf Center - Brewster Ridge,Brewster Ridge Blue Tees,62,18,,,0,0,,,True,False,0,,False,False,False
79942,2024,MA2,2,689982,195565,195565,888,Round 2,2024-10-13,Ty Goodrow,866,Smugglers Notch Disc Golf Center - Brewster Ridge,Brewster Ridge Blue Tees,62,18,,,0,0,,,True,False,0,,False,False,False
79942,2024,MA3,1,689988,259624,259624,817,Round 1,2024-10-13,James Sullivan,865,Smugglers Notch Disc Golf Center - Fox Run,Fox Run Meadows White Tees,62,18,3,09:40:00,67,5,902,128,True,False,18,67,True,True,True
79942,2024,MA3,1,689988,217037,217037,842,Round 1,2024-10-13,Michael Burnett,,Smugglers Notch Disc Golf Center - Fox Run,Fox Run Meadows White Tees,62,18,4,09:20:00,68,6,894,127,True,False,18,68,True,True,True
79942,2024,MA3,1,689988,211292,211292,795,Round 1,2024-10-13,Mark Cooper,835,Smugglers Notch Disc Golf Center - Fox Run,Fox Run Meadows White Tees,62,18,3,10:00:00,70,8,876,131,True,False,18,70,True,True,True
79942,2024,MA3,1,689988,211434,211434,801,Round 1,2024-10-13,Thomas Bousquet,798,Smugglers Notch Disc Golf Center - Fox Run,Fox Run Meadows White Tees,62,18,4,09:10:00,71,9,867,136,True,False,18,71,True,True,True
79942,2024,MA3,1,689988,289306,289306,865,Round 1,2024-10-13,Jonathan Smith,921,Smugglers Notch Disc Golf Center - Fox Run,Fox Run Meadows White Tees,62,18,2,09:10:00,71,9,867,131,True,False,18,71,True,True,True
79942,2024,MA3,1,689988,202948,202948,828,Round 1,2024-10-13,Nicholas Morrissey,849,Smugglers Notch Disc Golf Center - Fox Run,Fox Run Meadows White Tees,62,18,2,10:00:00,72,10,859,130,True,False,18,72,True,True,True
79942,2024,MA3,1,689988,239719,239719,849,Round 1,2024-10-13,Thane Griswold,820,Smugglers Notch Disc Golf Center - Fox Run,Fox Run Meadows White Tees,62,18,1,09:40:00,72,10,859,136,True,False,18,72,True,True,True
79942,2024,MA3,1,689988,293909,293909,,Round 1,2024-10-13,Kevin Sullivan,840,Smugglers Notch Disc Golf Center - Fox Run,Fox Run Meadows White Tees,62,18,3,09:20:00,72,10,859,134,True,False,18,72,True,True,True
79942,2024,MA3,1,689988,295082,295082,,Round 1,2024-10-13,Matt Roy,,Smugglers Notch Disc Golf Center - Fox Run,Fox Run Meadows White Tees,62,18,3,08:50:00,72,10,859,130,True,False,18,72,True,True,True
79942,2024,MA3,1,689988,113583,113583,868,Round 1,2024-10-13,Wesley Bailey,913,Smugglers Notch Disc Golf Center - Fox Run,Fox Run Meadows White Tees,62,18,4,09:30:00,73,11,850,132,True,False,18,73,True,True,True
79942,2024,MA3,1,689988,221831,221831,869,Round 1,2024-10-13,Ruben Furs,,Smugglers Notch Disc Golf Center - Fox Run,Fox Run Meadows White Tees,62,18,2,09:50:00,73,11,850,130,True,False,18,73,True,True,True
79942,2024,MA3,1,689988,269725,269725,833,Round 1,2024-10-13,Forrest Dodds,876,Smugglers Notch Disc Golf Center - Fox Run,Fox Run Meadows White Tees,62,18,4,09:40:00,73,11,850,133,True,False,18,73,True,True,True
79942,2024,MA3,1,689988,295208,295208,,Round 1,2024-10-13,joseph camobreco,870,Smugglers Notch Disc Golf Center - Fox Run,Fox Run Meadows White Tees,62,18,3,09:10:00,74,12,841,135,True,False,18,74,True,True,True
79942,2024,MA3,1,689988,266150,266150,834,Round 1,2024-10-13,James Sheehan,864,Smugglers Notch Disc Golf Center - Fox Run,Fox Run Meadows White Tees,62,18,3,09:50:00,75,13,832,143,True,False,18,75,True,True,True
79942,2024,MA3,1,689988,274902,274902,,Round 1,2024-10-13,Nolan Smith,886,Smugglers Notch Disc Golf Center - Fox Run,Fox Run Meadows White Tees,62,18,2,09:00:00,75,13,832,140,True,False,18,75,True,True,True
79942,2024,MA3,1,689988,113582,113582,825,Round 1,2024-10-13,William Bailey,,Smugglers Notch Disc Golf Center - Fox Run,Fox Run Meadows White Tees,62,18,1,09:20:00,76,14,823,137,True,False,18,76,True,True,True
79942,2024,MA3,1,689988,140404,140404,851,Round 1,2024-10-13,Michael Perry,,Smugglers Notch Disc Golf Center - Fox Run,Fox Run Meadows White Tees,62,18,1,09:00:00,76,14,823,137,True,False,18,76,True,True,True
79942,2024,MA3,1,689988,155619,155619,850,Round 1,2024-10-13,Josh Brent,858,Smugglers Notch Disc Golf Center - Fox Run,Fox Run Meadows White Tees,62,18,1,08:50:00,76,14,823,138,True,False,18,76,True,True,True
79942,2024,MA3,1,689988,156066,156066,803,Round 1,2024-10-13,Roy Lancaster,834,Smugglers Notch Disc Golf Center - Fox Run,Fox Run Meadows White Tees,62,18,1,09:50:00,76,14,823,141,True,False,18,76,True,True,True
79942,2024,MA3,1,689988,268125,268125,768,Round 1,2024-10-13,Nathan Hemenway,863,Smugglers Notch Disc Golf Center - Fox Run,Fox Run Meadows White Tees,62,18,4,09:50:00,77,15,815,142,True,False,18,77,True,True,True
79942,2024,MA3,1,689988,109259,109259,739,Round 1,2024-10-13,Frankie Martell,751,Smugglers Notch Disc Golf Center - Fox Run,Fox Run Meadows White Tees,62,18,1,10:00:00,78,16,806,149,True,False,18,78,True,True,True
79942,2024,MA3,1,689988,156256,156256,815,Round 1,2024-10-13,Colby Garrand,836,Smugglers Notch Disc Golf Center - Fox Run,Fox Run Meadows White Tees,62,18,2,09:20:00,78,16,806,137,True,False,18,78,True,True,True
79942,2024,MA3,1,689988,228201,228201,846,Round 1,2024-10-13,Waylon Spring,883,Smugglers Notch Disc Golf Center - Fox Run,Fox Run Meadows White Tees,62,18,2,09:30:00,79,17,797,139,True,False,18,79,True,True,True
79942,2024,MA3,1,689988,282619,282619,827,Round 1,2024-10-13,Peter Miller,,Smugglers Notch Disc Golf Center - Fox Run,Fox Run Meadows White Tees,62,18,1,09:30:00,80,18,788,139,True,False,18,80,True,True,True
79942,2024,MA3,1,689988,286641,286641,796,Round 1,2024-10-13,Matthew Lanctot,837,Smugglers Notch Disc Golf Center - Fox Run,Fox Run Meadows White Tees,62,18,4,10:00:00,82,20,771,141,True,False,18,82,True,True,True
79942,2024,MA3,1,689988,293907,293907,,Round 1,2024-10-13,Stephen Sullivan,831,Smugglers Notch Disc Golf Center - Fox Run,Fox Run Meadows White Tees,62,18,2,08:50:00,82,20,771,144,True,False,18,82,True,True,True
79942,2024,MA3,1,689988,218639,218639,830,Round 1,2024-10-13,Scott Cole,867,Smugglers Notch Disc Golf Center - Fox Run,Fox Run Meadows White Tees,62,18,3,09:30:00,83,21,762,149,True,False,18,83,True,True,True
79942,2024,MA3,1,689988,261284,261284,854,Round 1,2024-10-13,Blake Martino,916,Smugglers Notch Disc Golf Center - Fox Run,Fox Run Meadows White Tees,62,18,1,09:10:00,83,21,762,144,True,False,18,83,True,True,True
79942,2024,MA3,1,689988,289367,289367,799,Round 1,2024-10-13,Tyler Karnes,836,Smugglers Notch Disc Golf Center - Fox Run,Fox Run Meadows White Tees,62,18,3,09:00:00,83,21,762,150,True,False,18,83,True,True,True
79942,2024,MA3,1,689988,278723,278723,747,Round 1,2024-10-13,Jeffrey Poplawski,776,Smugglers Notch Disc Golf Center - Fox Run,Fox Run Meadows White Tees,62,18,2,09:40:00,99,37,622,168,True,False,18,99,True,True,True
79942,2024,MA3,2,689984,217037,217037,842,Round 2,2024-10-13,Michael Burnett,,Smugglers Notch Disc Golf Center - Brewster Ridge,Brewster Ridge White Tees,62,18,2,09:30:00,59,-3,881,127,True,False,18,59,True,True,True
79942,2024,MA3,2,689984,259624,259624,817,Round 2,2024-10-13,James Sullivan,865,Smugglers Notch Disc Golf Center - Brewster Ridge,Brewster Ridge White Tees,62,18,1,09:30:00,61,-1,859,128,True,False,18,61,True,True,True
79942,2024,MA3,2,689984,221831,221831,869,Round 2,2024-10-13,Ruben Furs,,Smugglers Notch Disc Golf Center - Brewster Ridge,Brewster Ridge White Tees,62,18,3,09:10:00,57,-5,903,130,True,False,18,57,True,True,True
79942,2024,MA3,2,689984,202948,202948,828,Round 2,2024-10-13,Nicholas Morrissey,849,Smugglers Notch Disc Golf Center - Brewster Ridge,Brewster Ridge White Tees,62,18,2,09:20:00,58,-4,892,130,True,False,18,58,True,True,True
79942,2024,MA3,2,689984,295082,295082,,Round 2,2024-10-13,Matt Roy,,Smugglers Notch Disc Golf Center - Brewster Ridge,Brewster Ridge White Tees,62,18,1,09:10:00,58,-4,892,130,True,False,18,58,True,True,True
79942,2024,MA3,2,689984,289306,289306,865,Round 2,2024-10-13,Jonathan Smith,921,Smugglers Notch Disc Golf Center - Brewster Ridge,Brewster Ridge White Tees,62,18,1,09:20:00,60,-2,870,131,True,False,18,60,True,True,True
79942,2024,MA3,2,689984,211292,211292,795,Round 2,2024-10-13,Mark Cooper,835,Smugglers Notch Disc Golf Center - Brewster Ridge,Brewster Ridge White Tees,62,18,3,09:30:00,61,-1,859,131,True,False,18,61,True,True,True
79942,2024,MA3,2,689984,113583,113583,868,Round 2,2024-10-13,Wesley Bailey,913,Smugglers Notch Disc Golf Center - Brewster Ridge,Brewster Ridge White Tees,62,18,2,09:10:00,59,-3,881,132,True,False,18,59,True,True,True
79942,2024,MA3,2,689984,269725,269725,833,Round 2,2024-10-13,Forrest Dodds,876,Smugglers Notch Disc Golf Center - Brewster Ridge,Brewster Ridge White Tees,62,18,4,09:10:00,60,-2,870,133,True,False,18,60,True,True,True
79942,2024,MA3,2,689984,293909,293909,,Round 2,2024-10-13,Kevin Sullivan,840,Smugglers Notch Disc Golf Center - Brewster Ridge,Brewster Ridge White Tees,62,18,4,09:20:00,62,0,847,134,True,False,18,62,True,True,True
79942,2024,MA3,2,689984,295208,295208,,Round 2,2024-10-13,joseph camobreco,870,Smugglers Notch Disc Golf Center - Brewster Ridge,Brewster Ridge White Tees,62,18,1,09:00:00,61,-1,859,135,True,False,18,61,True,True,True
79942,2024,MA3,2,689984,239719,239719,849,Round 2,2024-10-13,Thane Griswold,820,Smugglers Notch Disc Golf Center - Brewster Ridge,Brewster Ridge White Tees,62,18,3,09:20:00,64,2,825,136,True,False,18,64,True,True,True
79942,2024,MA3,2,689984,211434,211434,801,Round 2,2024-10-13,Thomas Bousquet,798,Smugglers Notch Disc Golf Center - Brewster Ridge,Brewster Ridge White Tees,62,18,4,09:30:00,65,3,814,136,True,False,18,65,True,True,True
79942,2024,MA3,2,689984,156256,156256,815,Round 2,2024-10-13,Colby Garrand,836,Smugglers Notch Disc Golf Center - Brewster Ridge,Brewster Ridge White Tees,62,18,2,08:40:00,59,-3,881,137,True,False,18,59,True,True,True
79942,2024,MA3,2,689984,113582,113582,825,Round 2,2024-10-13,William Bailey,,Smugglers Notch Disc Golf Center - Brewster Ridge,Brewster Ridge White Tees,62,18,4,09:00:00,61,-1,859,137,True,False,18,61,True,True,True
79942,2024,MA3,2,689984,140404,140404,851,Round 2,2024-10-13,Michael Perry,,Smugglers Notch Disc Golf Center - Brewster Ridge,Brewster Ridge White Tees,62,18,1,08:50:00,61,-1,859,137,True,False,18,61,True,True,True
79942,2024,MA3,2,689984,155619,155619,850,Round 2,2024-10-13,Josh Brent,858,Smugglers Notch Disc Golf Center - Brewster Ridge,Brewster Ridge White Tees,62,18,2,08:50:00,62,0,847,138,True,False,18,62,True,True,True
79942,2024,MA3,2,689984,282619,282619,827,Round 2,2024-10-13,Peter Miller,,Smugglers Notch Disc Golf Center - Brewster Ridge,Brewster Ridge White Tees,62,18,4,08:40:00,59,-3,881,139,True,False,18,59,True,True,True
79942,2024,MA3,2,689984,228201,228201,846,Round 2,2024-10-13,Waylon Spring,883,Smugglers Notch Disc Golf Center - Brewster Ridge,Brewster Ridge White Tees,62,18,3,08:40:00,60,-2,870,139,True,False,18,60,True,True,True
79942,2024,MA3,2,689984,274902,274902,,Round 2,2024-10-13,Nolan Smith,886,Smugglers Notch Disc Golf Center - Brewster Ridge,Brewster Ridge White Tees,62,18,3,09:00:00,65,3,814,140,True,False,18,65,True,True,True
79942,2024,MA3,2,689984,286641,286641,796,Round 2,2024-10-13,Matthew Lanctot,837,Smugglers Notch Disc Golf Center - Brewster Ridge,Brewster Ridge White Tees,62,18,1,08:30:00,59,-3,881,141,True,False,18,59,True,True,True
79942,2024,MA3,2,689984,156066,156066,803,Round 2,2024-10-13,Roy Lancaster,834,Smugglers Notch Disc Golf Center - Brewster Ridge,Brewster Ridge White Tees,62,18,3,08:50:00,65,3,814,141,True,False,18,65,True,True,True
79942,2024,MA3,2,689984,268125,268125,768,Round 2,2024-10-13,Nathan Hemenway,863,Smugglers Notch Disc Golf Center - Brewster Ridge,Brewster Ridge White Tees,62,18,4,08:50:00,65,3,814,142,True,False,18,65,True,True,True
79942,2024,MA3,2,689984,266150,266150,834,Round 2,2024-10-13,James Sheehan,864,Smugglers Notch Disc Golf Center - Brewster Ridge,Brewster Ridge White Tees,62,18,2,09:00:00,68,6,781,143,True,False,18,68,True,True,True
79942,2024,MA3,2,689984,261284,261284,854,Round 2,2024-10-13,Blake Martino,916,Smugglers Notch Disc Golf Center - Brewster Ridge,Brewster Ridge White Tees,62,18,1,08:20:00,61,-1,859,144,True,False,18,61,True,True,True
79942,2024,MA3,2,689984,293907,293907,,Round 2,2024-10-13,Stephen Sullivan,831,Smugglers Notch Disc Golf Center - Brewster Ridge,Brewster Ridge White Tees,62,18,2,08:30:00,62,0,847,144,True,False,18,62,True,True,True
79942,2024,MA3,2,689984,218639,218639,830,Round 2,2024-10-13,Scott Cole,867,Smugglers Notch Disc Golf Center - Brewster Ridge,Brewster Ridge White Tees,62,18,3,08:30:00,66,4,803,149,True,False,18,66,True,True,True
79942,2024,MA3,2,689984,109259,109259,739,Round 2,2024-10-13,Frankie Martell,751,Smugglers Notch Disc Golf Center - Brewster Ridge,Brewster Ridge White Tees,62,18,1,08:40:00,71,9,748,149,True,False,18,71,True,True,True
79942,2024,MA3,2,689984,289367,289367,799,Round 2,2024-10-13,Tyler Karnes,836,Smugglers Notch Disc Golf Center - Brewster Ridge,Brewster Ridge White Tees,62,18,2,08:20:00,67,5,792,150,True,False,18,67,True,True,True
79942,2024,MA3,2,689984,278723,278723,747,Round 2,2024-10-13,Jeffrey Poplawski,776,Smugglers Notch Disc Golf Center - Brewster Ridge,Brewster Ridge White Tees,62,18,3,08:20:00,69,7,770,168,True,False,18,69,True,True,True
79942,2024,MA40,1,690637,290531,290531,914,Round 1,2024-10-13,Scott Ellis,922,Smugglers Notch Disc Golf Center - Fox Run,Fox Run Meadows Blue Tees Rd1,62,18,4,13:30:00,80,18,906,144,True,False,18,80,True,True,True
79942,2024,MA40,1,690637,272246,272246,890,Round 1,2024-10-13,Austin Borg,,Smugglers Notch Disc Golf Center - Fox Run,Fox Run Meadows Blue Tees Rd1,62,18,2,13:20:00,84,22,879,156,True,False,18,84,True,True,True
79942,2024,MA40,1,690637,116696,116696,876,Round 1,2024-10-13,Terry Murphy,,Smugglers Notch Disc Golf Center - Fox Run,Fox Run Meadows Blue Tees Rd1,62,18,1,13:30:00,86,24,866,157,True,False,18,86,True,True,True
79942,2024,MA40,1,690637,205696,205696,860,Round 1,2024-10-13,Matthew Smith,856,Smugglers Notch Disc Golf Center - Fox Run,Fox Run Meadows Blue Tees Rd1,62,18,2,13:30:00,88,26,853,156,True,False,18,88,True,True,True
79942,2024,MA40,1,690637,283262,283262,,Round 1,2024-10-13,John Lucci,877,Smugglers Notch Disc Golf Center - Fox Run,Fox Run Meadows Blue Tees Rd1,62,18,3,13:20:00,88,26,853,162,True,False,18,88,True,True,True
79942,2024,MA40,1,690637,84935,84935,875,Round 1,2024-10-13,Droo Fisher,866,Smugglers Notch Disc Golf Center - Fox Run,Fox Run Meadows Blue Tees Rd1,62,18,1,13:20:00,90,28,840,166,True,False,18,90,True,True,True
79942,2024,MA40,1,690637,221629,221629,865,Round 1,2024-10-13,Justin Morgan,858,Smugglers Notch Disc Golf Center - Fox Run,Fox Run Meadows Blue Tees Rd1,62,18,3,13:30:00,95,33,807,173,True,False,18,95,True,True,True
79942,2024,MA40,2,689982,290531,290531,914,Round 2,2024-10-13,Scott Ellis,922,Smugglers Notch Disc Golf Center - Brewster Ridge,Brewster Ridge Blue Tees,62,18,1,12:50:00,64,2,926,144,True,False,18,64,True,True,True
79942,2024,MA40,2,689982,205696,205696,860,Round 2,2024-10-13,Matthew Smith,856,Smugglers Notch Disc Golf Center - Brewster Ridge,Brewster Ridge Blue Tees,62,18,4,12:50:00,68,6,890,156,True,False,18,68,True,True,True
79942,2024,MA40,2,689982,272246,272246,890,Round 2,2024-10-13,Austin Borg,,Smugglers Notch Disc Golf Center - Brewster Ridge,Brewster Ridge Blue Tees,62,18,2,12:50:00,72,10,855,156,True,False,18,72,True,True,True
79942,2024,MA40,2,689982,116696,116696,876,Round 2,2024-10-13,Terry Murphy,,Smugglers Notch Disc Golf Center - Brewster Ridge,Brewster Ridge Blue Tees,62,18,3,12:50:00,71,9,864,157,True,False,18,71,True,True,True
79942,2024,MA40,2,689982,283262,283262,,Round 2,2024-10-13,John Lucci,877,Smugglers Notch Disc Golf Center - Brewster Ridge,Brewster Ridge Blue Tees,62,18,1,12:40:00,74,12,837,162,True,False,18,74,True,True,True
79942,2024,MA40,2,689982,84935,84935,875,Round 2,2024-10-13,Droo Fisher,866,Smugglers Notch Disc Golf Center - Brewster Ridge,Brewster Ridge Blue Tees,62,18,2,12:40:00,76,14,820,166,True,False,18,76,True,True,True
79942,2024,MA40,2,689982,221629,221629,865,Round 2,2024-10-13,Justin Morgan,858,Smugglers Notch Disc Golf Center - Brewster Ridge,Brewster Ridge Blue Tees,62,18,3,12:40:00,78,16,802,173,True,False,18,78,True,True,True
79942,2024,MA50,1,689988,251178,251178,879,Round 1,2024-10-13,Dan Rico,876,Smugglers Notch Disc Golf Center - Fox Run,Fox Run Meadows White Tees,62,18,3,10:50:00,66,4,911,136,True,False,18,66,True,True,True
79942,2024,MA50,1,689988,16084,16084,901,Round 1,2024-10-13,Chris Keating,,Smugglers Notch Disc Golf Center - Fox Run,Fox Run Meadows White Tees,62,18,1,10:50:00,67,5,902,138,True,False,18,67,True,True,True
79942,2024,MA50,1,689988,268914,268914,889,Round 1,2024-10-13,James Sestokas,891,Smugglers Notch Disc Golf Center - Fox Run,Fox Run Meadows White Tees,62,18,4,10:50:00,67,5,902,131,True,False,18,67,True,True,True
79942,2024,MA50,1,689988,112990,112990,862,Round 1,2024-10-13,Dean Squires,839,Smugglers Notch Disc Golf Center - Fox Run,Fox Run Meadows White Tees,62,18,1,10:40:00,74,12,841,145,True,False,18,74,True,True,True
79942,2024,MA50,1,689988,139113,139113,855,Round 1,2024-10-13,Norman Wedge,859,Smugglers Notch Disc Golf Center - Fox Run,Fox Run Meadows White Tees,62,18,2,10:40:00,74,12,841,145,True,False,18,74,True,True,True
79942,2024,MA50,1,689988,177424,177424,816,Round 1,2024-10-13,Kevin Delony,817,Smugglers Notch Disc Golf Center - Fox Run,Fox Run Meadows White Tees,62,18,3,10:40:00,75,13,832,151,True,False,18,75,True,True,True
79942,2024,MA50,1,689988,211056,211056,856,Round 1,2024-10-13,Thomas Bell,869,Smugglers Notch Disc Golf Center - Fox Run,Fox Run Meadows White Tees,62,18,2,10:50:00,81,19,780,151,True,False,18,81,True,True,True
79942,2024,MA50,2,689982,268914,268914,889,Round 2,2024-10-13,James Sestokas,891,Smugglers Notch Disc Golf Center - Brewster Ridge,Brewster Ridge Blue Tees,62,18,3,12:30:00,64,2,926,131,True,False,18,64,True,True,True
79942,2024,MA50,2,689982,251178,251178,879,Round 2,2024-10-13,Dan Rico,876,Smugglers Notch Disc Golf Center - Brewster Ridge,Brewster Ridge Blue Tees,62,18,1,12:30:00,70,8,873,136,True,False,18,70,True,True,True
79942,2024,MA50,2,689982,16084,16084,901,Round 2,2024-10-13,Chris Keating,,Smugglers Notch Disc Golf Center - Brewster Ridge,Brewster Ridge Blue Tees,62,18,2,12:30:00,71,9,864,138,True,False,18,71,True,True,True
79942,2024,MA50,2,689982,112990,112990,862,Round 2,2024-10-13,Dean Squires,839,Smugglers Notch Disc Golf Center - Brewster Ridge,Brewster Ridge Blue Tees,62,18,4,12:30:00,71,9,864,145,True,False,18,71,True,True,True
79942,2024,MA50,2,689982,139113,139113,855,Round 2,2024-10-13,Norman Wedge,859,Smugglers Notch Disc Golf Center - Brewster Ridge,Brewster Ridge Blue Tees,62,18,1,12:20:00,71,9,864,145,True,False,18,71,True,True,True
79942,2024,MA50,2,689982,211056,211056,856,Round 2,2024-10-13,Thomas Bell,869,Smugglers Notch Disc Golf Center - Brewster Ridge,Brewster Ridge Blue Tees,62,18,3,12:20:00,70,8,873,151,True,False,18,70,True,True,True
79942,2024,MA50,2,689982,177424,177424,816,Round 2,2024-10-13,Kevin Delony,817,Smugglers Notch Disc Golf Center - Brewster Ridge,Brewster Ridge Blue Tees,62,18,2,12:20:00,76,14,820,151,True,False,18,76,True,True,True
79942,2024,MA60,1,689988,91301,91301,902,Round 1,2024-10-13,Michael A. Stridsberg,898,Smugglers Notch Disc Golf Center - Fox Run,Fox Run Meadows White Tees,62,18,1,10:20:00,60,-2,964,129,True,False,18,60,True,True,True
79942,2024,MA60,1,689988,4687,4687,882,Round 1,2024-10-13,Tim Herbert,917,Smugglers Notch Disc Golf Center - Fox Run,Fox Run Meadows White Tees,62,18,1,10:30:00,64,2,929,134,True,False,18,64,True,True,True
79942,2024,MA60,1,689988,130713,130713,888,Round 1,2024-10-13,Ian Martin,902,Smugglers Notch Disc Golf Center - Fox Run,Fox Run Meadows White Tees,62,18,2,10:20:00,68,6,894,134,True,False,18,68,True,True,True
79942,2024,MA60,1,689988,131352,131352,807,Round 1,2024-10-13,David Havens,816,Smugglers Notch Disc Golf Center - Fox Run,Fox Run Meadows White Tees,62,18,3,10:20:00,69,7,885,146,True,False,18,69,True,True,True
79942,2024,MA60,1,689988,202875,202875,888,Round 1,2024-10-13,Thomas Limanek,911,Smugglers Notch Disc Golf Center - Fox Run,Fox Run Meadows White Tees,62,18,2,10:10:00,72,10,859,138,True,False,18,72,True,True,True
79942,2024,MA60,1,689988,74478,74478,849,Round 1,2024-10-13,John Sudarsky,845,Smugglers Notch Disc Golf Center - Fox Run,Fox Run Meadows White Tees,62,18,2,10:30:00,75,13,832,147,True,False,18,75,True,True,True
79942,2024,MA60,1,689988,279713,279713,,Round 1,2024-10-13,Al Mayer,843,Smugglers Notch Disc Golf Center - Fox Run,Fox Run Meadows White Tees,62,18,4,10:30:00,77,15,815,149,True,False,18,77,True,True,True
79942,2024,MA60,1,689988,225189,225189,862,Round 1,2024-10-13,Tom Degnan,869,Smugglers Notch Disc Golf Center - Fox Run,Fox Run Meadows White Tees,62,18,3,10:10:00,79,17,797,157,True,False,18,79,True,True,True
79942,2024,MA60,1,689988,195353,195353,735,Round 1,2024-10-13,Jerome Mendicino,730,Smugglers Notch Disc Golf Center - Fox Run,Fox Run Meadows White Tees,62,18,3,10:30:00,86,24,736,169,True,False,18,86,True,True,True
79942,2024,MA60,1,689988,294682,294682,,Round 1,2024-10-13,Tom Puleio,697,Smugglers Notch Disc Golf Center - Fox Run,Fox Run Meadows White Tees,62,18,4,10:20:00,86,24,736,178,True,False,18,86,True,True,True
79942,2024,MA60,2,689982,91301,91301,902,Round 2,2024-10-13,Michael A. Stridsberg,898,Smugglers Notch Disc Golf Center - Brewster Ridge,Brewster Ridge Blue Tees,62,18,1,12:10:00,69,7,882,129,True,False,18,69,True,True,True
79942,2024,MA60,2,689982,130713,130713,888,Round 2,2024-10-13,Ian Martin,902,Smugglers Notch Disc Golf Center - Brewster Ridge,Brewster Ridge Blue Tees,62,18,3,12:10:00,66,4,908,134,True,False,18,66,True,True,True
79942,2024,MA60,2,689982,4687,4687,882,Round 2,2024-10-13,Tim Herbert,917,Smugglers Notch Disc Golf Center - Brewster Ridge,Brewster Ridge Blue Tees,62,18,2,12:10:00,70,8,873,134,True,False,18,70,True,True,True
79942,2024,MA60,2,689982,202875,202875,888,Round 2,2024-10-13,Thomas Limanek,911,Smugglers Notch Disc Golf Center - Brewster Ridge,Brewster Ridge Blue Tees,62,18,1,12:00:00,66,4,908,138,True,False,18,66,True,True,True
79942,2024,MA60,2,689982,131352,131352,807,Round 2,2024-10-13,David Havens,816,Smugglers Notch Disc Golf Center - Brewster Ridge,Brewster Ridge Blue Tees,62,18,4,12:10:00,77,15,811,146,True,False,18,77,True,True,True
79942,2024,MA60,2,689982,74478,74478,849,Round 2,2024-10-13,John Sudarsky,845,Smugglers Notch Disc Golf Center - Brewster Ridge,Brewster Ridge Blue Tees,62,18,2,12:00:00,72,10,855,147,True,False,18,72,True,True,True
79942,2024,MA60,2,689982,279713,279713,,Round 2,2024-10-13,Al Mayer,843,Smugglers Notch Disc Golf Center - Brewster Ridge,Brewster Ridge Blue Tees,62,18,3,12:00:00,72,10,855,149,True,False,18,72,True,True,True
79942,2024,MA60,2,689982,225189,225189,862,Round 2,2024-10-13,Tom Degnan,869,Smugglers Notch Disc Golf Center - Brewster Ridge,Brewster Ridge Blue Tees,62,18,1,11:50:00,78,16,802,157,True,False,18,78,True,True,True
79942,2024,MA60,2,689982,195353,195353,735,Round 2,2024-10-13,Jerome Mendicino,730,Smugglers Notch Disc Golf Center - Brewster Ridge,Brewster Ridge Blue Tees,62,18,2,11:50:00,83,21,758,169,True,False,18,83,True,True,True
79942,2024,MA60,2,689982,294682,294682,,Round 2,2024-10-13,Tom Puleio,697,Smugglers Notch Disc Golf Center - Brewster Ridge,Brewster Ridge Blue Tees,62,18,3,11:50:00,92,30,678,178,True,False,18,92,True,True,True
79942,2024,MA70,1,689988,192323,192323,736,Round 1,2024-10-13,Will Wright,753,Smugglers Notch Disc Golf Center - Fox Run,Fox Run Meadows White Tees,62,18,1,10:10:00,84,22,753,157,True,False,18,84,True,True,True
79942,2024,MA70,1,689988,295403,295403,,Round 1,2024-10-13,William Potter,793,Smugglers Notch Disc Golf Center - Fox Run,Fox Run Meadows White Tees,62,18,4,10:10:00,93,31,674,162,True,False,18,93,True,True,True
79942,2024,MA70,2,689984,192323,192323,736,Round 2,2024-10-13,Will Wright,753,Smugglers Notch Disc Golf Center - Brewster Ridge,Brewster Ridge White Tees,62,18,1,09:40:00,73,11,726,157,True,False,18,73,True,True,True
79942,2024,MA70,2,689984,295403,295403,,Round 2,2024-10-13,William Potter,793,Smugglers Notch Disc Golf Center - Brewster Ridge,Brewster Ridge White Tees,62,18,3,09:40:00,69,7,770,162,True,False,18,69,True,True,True
79942,2024,MJ12,1,689990,260772,260772,822,Round 1,2024-10-13,John Benjamin Stafford,893,Smugglers Notch Disc Golf Center - Fox Run,Fox Run Meadows Red Tees,63,18,3,08:40:00,62,-1,859,129,True,False,18,62,True,True,True
79942,2024,MJ12,2,689984,260772,260772,822,Round 2,2024-10-13,John Benjamin Stafford,893,Smugglers Notch Disc Golf Center - Brewster Ridge,Brewster Ridge White Tees,62,18,1,08:10:00,67,5,792,129,True,False,18,67,True,True,True
79942,2024,MJ15,1,689990,175839,175839,793,Round 1,2024-10-13,Wilder Irving,875,Smugglers Notch Disc Golf Center - Fox Run,Fox Run Meadows Red Tees,63,18,1,08:30:00,70,7,773,135,True,False,18,70,True,True,True
79942,2024,MJ15,2,689984,175839,175839,793,Round 2,2024-10-13,Wilder Irving,875,Smugglers Notch Disc Golf Center - Brewster Ridge,Brewster Ridge White Tees,62,18,2,08:10:00,65,3,814,135,True,False,18,65,True,True,True
79942,2024,MP40,1,689983,166239,166239,948,Round 1,2024-10-13,Tom Raub,958,Smugglers Notch Disc Golf Center - Brewster Ridge,Brewster Ridge Gold Tees,62,18,3,10:30:00,65,3,989,136,True,False,18,65,True,True,True
79942,2024,MP40,1,689983,63390,63390,973,Round 1,2024-10-13,Jim Bailey,986,Smugglers Notch Disc Golf Center - Brewster Ridge,Brewster Ridge Gold Tees,62,18,3,10:40:00,66,4,982,135,True,False,18,66,True,True,True
79942,2024,MP40,1,689983,189489,189489,945,Round 1,2024-10-13,Joshua Niss,937,Smugglers Notch Disc Golf Center - Brewster Ridge,Brewster Ridge Gold Tees,62,18,4,10:40:00,67,5,975,138,True,False,18,67,True,True,True
79942,2024,MP40,1,689983,49282,49282,923,Round 1,2024-10-13,Justin DeVico,931,Smugglers Notch Disc Golf Center - Brewster Ridge,Brewster Ridge Gold Tees,62,18,1,10:30:00,69,7,961,151,True,False,18,69,True,True,True
79942,2024,MP40,1,689983,61984,61984,945,Round 1,2024-10-13,David Gualtieri,928,Smugglers Notch Disc Golf Center - Brewster Ridge,Brewster Ridge Gold Tees,62,18,1,10:20:00,69,7,961,143,True,False,18,69,True,True,True
79942,2024,MP40,1,689983,24381,24381,937,Round 1,2024-10-13,Chris Young,937,Smugglers Notch Disc Golf Center - Brewster Ridge,Brewster Ridge Gold Tees,62,18,2,10:40:00,71,9,947,144,True,False,18,71,True,True,True
79942,2024,MP40,1,689983,99260,99260,896,Round 1,2024-10-13,Matthew Martell,880,Smugglers Notch Disc Golf Center - Brewster Ridge,Brewster Ridge Gold Tees,62,18,2,10:30:00,71,9,947,155,True,False,18,71,True,True,True
79942,2024,MP40,1,689983,32847,32847,917,Round 1,2024-10-13,Brian Best,924,Smugglers Notch Disc Golf Center - Brewster Ridge,Brewster Ridge Gold Tees,62,18,1,10:40:00,72,10,940,147,True,False,18,72,True,True,True
79942,2024,MP40,1,689983,120378,120378,929,Round 1,2024-10-13,Drew McDowell,952,Smugglers Notch Disc Golf Center - Brewster Ridge,Brewster Ridge Gold Tees,62,18,2,10:20:00,73,11,933,148,True,False,18,73,True,True,True
79942,2024,MP40,1,689983,274055,274055,905,Round 1,2024-10-13,Michael Briggs,,Smugglers Notch Disc Golf Center - Brewster Ridge,Brewster Ridge Gold Tees,62,18,3,10:20:00,78,16,898,154,True,False,18,78,True,True,True
79942,2024,MP40,1,689983,193211,193211,928,Round 1,2024-10-13,Greg Babbin,933,Smugglers Notch Disc Golf Center - Brewster Ridge,Brewster Ridge Gold Tees,62,18,4,10:30:00,79,17,890,156,True,False,18,79,True,True,True
79942,2024,MP40,2,689986,63390,63390,973,Round 2,2024-10-13,Jim Bailey,986,Smugglers Notch Disc Golf Center - Fox Run,Fox Run Meadows Gold Tees,62,18,2,10:20:00,69,7,970,135,True,False,18,69,True,True,True
79942,2024,MP40,2,689986,166239,166239,948,Round 2,2024-10-13,Tom Raub,958,Smugglers Notch Disc Golf Center - Fox Run,Fox Run Meadows Gold Tees,62,18,1,10:20:00,71,9,956,136,True,False,18,71,True,True,True
79942,2024,MP40,2,689986,189489,189489,945,Round 2,2024-10-13,Joshua Niss,937,Smugglers Notch Disc Golf Center - Fox Run,Fox Run Meadows Gold Tees,62,18,3,10:20:00,71,9,956,138,True,False,18,71,True,True,True
79942,2024,MP40,2,689986,61984,61984,945,Round 2,2024-10-13,David Gualtieri,928,Smugglers Notch Disc Golf Center - Fox Run,Fox Run Meadows Gold Tees,62,18,1,10:10:00,74,12,936,143,True,False,18,74,True,True,True
79942,2024,MP40,2,689986,24381,24381,937,Round 2,2024-10-13,Chris Young,937,Smugglers Notch Disc Golf Center - Fox Run,Fox Run Meadows Gold Tees,62,18,2,10:10:00,73,11,942,144,True,False,18,73,True,True,True
79942,2024,MP40,2,689986,32847,32847,917,Round 2,2024-10-13,Brian Best,924,Smugglers Notch Disc Golf Center - Fox Run,Fox Run Meadows Gold Tees,62,18,4,10:10:00,75,13,929,147,True,False,18,75,True,True,True
79942,2024,MP40,2,689986,120378,120378,929,Round 2,2024-10-13,Drew McDowell,952,Smugglers Notch Disc Golf Center - Fox Run,Fox Run Meadows Gold Tees,62,18,1,10:00:00,75,13,929,148,True,False,18,75,True,True,True
79942,2024,MP40,2,689986,49282,49282,923,Round 2,2024-10-13,Justin DeVico,931,Smugglers Notch Disc Golf Center - Fox Run,Fox Run Meadows Gold Tees,62,18,4,10:20:00,82,20,881,151,True,False,18,82,True,True,True
79942,2024,MP40,2,689986,274055,274055,905,Round 2,2024-10-13,Michael Briggs,,Smugglers Notch Disc Golf Center - Fox Run,Fox Run Meadows Gold Tees,62,18,2,10:00:00,76,14,922,154,True,False,18,76,True,True,True
79942,2024,MP40,2,689986,99260,99260,896,Round 2,2024-10-13,Matthew Martell,880,Smugglers Notch Disc Golf Center - Fox Run,Fox Run Meadows Gold Tees,62,18,3,10:10:00,84,22,867,155,True,False,18,84,True,True,True
79942,2024,MP40,2,689986,193211,193211,928,Round 2,2024-10-13,Greg Babbin,933,Smugglers Notch Disc Golf Center - Fox Run,Fox Run Meadows Gold Tees,62,18,3,10:00:00,77,15,915,156,True,False,18,77,True,True,True
79942,2024,MP50,1,689983,101564,101564,963,Round 1,2024-10-13,Blaine Faulkner,958,Smugglers Notch Disc Golf Center - Brewster Ridge,Brewster Ridge Gold Tees,62,18,2,10:00:00,67,5,975,137,True,False,18,67,True,True,True
79942,2024,MP50,1,689983,171544,171544,930,Round 1,2024-10-13,Dave Irving,935,Smugglers Notch Disc Golf Center - Brewster Ridge,Brewster Ridge Gold Tees,62,18,4,09:50:00,69,7,961,143,True,False,18,69,True,True,True
79942,2024,MP50,1,689983,96621,96621,934,Round 1,2024-10-13,Jeremy McKittrick,932,Smugglers Notch Disc Golf Center - Brewster Ridge,Brewster Ridge Gold Tees,62,18,2,10:10:00,70,8,954,136,True,False,18,70,True,True,True
79942,2024,MP50,1,689983,157577,157577,910,Round 1,2024-10-13,Ian Butman,901,Smugglers Notch Disc Golf Center - Brewster Ridge,Brewster Ridge Gold Tees,62,18,4,10:00:00,73,11,933,151,True,False,18,73,True,True,True
79942,2024,MP50,1,689983,132446,132446,925,Round 1,2024-10-13,Yves Desgreniers,917,Smugglers Notch Disc Golf Center - Brewster Ridge,Brewster Ridge Gold Tees,62,18,3,10:00:00,76,14,912,158,True,False,18,76,True,True,True
79942,2024,MP50,1,689983,73991,73991,834,Round 1,2024-10-13,Jeff Milchen,855,Smugglers Notch Disc Golf Center - Brewster Ridge,Brewster Ridge Gold Tees,62,18,1,10:10:00,80,18,883,164,True,False,18,80,True,True,True
79942,2024,MP50,1,689983,125921,125921,892,Round 1,2024-10-13,Christopher Conk,905,Smugglers Notch Disc Golf Center - Brewster Ridge,Brewster Ridge Gold Tees,62,18,3,10:10:00,80,18,883,156,True,False,18,80,True,True,True
79942,2024,MP50,1,689983,12667,12667,908,Round 1,2024-10-13,Scott Shepardson,906,Smugglers Notch Disc Golf Center - Brewster Ridge,Brewster Ridge Gold Tees,62,18,1,09:50:00,81,19,876,164,True,False,18,81,True,True,True
79942,2024,MP50,1,689983,15467,15467,905,Round 1,2024-10-13,Jake Walsdorf,869,Smugglers Notch Disc Golf Center - Brewster Ridge,Brewster Ridge Gold Tees,62,18,2,09:50:00,81,19,876,164,True,False,18,81,True,True,True
79942,2024,MP50,1,689983,20455,20455,884,Round 1,2024-10-13,Jason Gilbert,893,Smugglers Notch Disc Golf Center - Brewster Ridge,Brewster Ridge Gold Tees,62,18,3,09:50:00,81,19,876,161,True,False,18,81,True,True,True
79942,2024,MP50,1,689983,223480,223480,870,Round 1,2024-10-13,Marc Kirkpatrick,879,Smugglers Notch Disc Golf Center - Brewster Ridge,Brewster Ridge Gold Tees,62,18,4,10:10:00,83,21,862,164,True,False,18,83,True,True,True
79942,2024,MP50,1,689983,75787,75787,846,Round 1,2024-10-13,Chris Mishi Villanova,,Smugglers Notch Disc Golf Center - Brewster Ridge,Brewster Ridge Gold Tees,62,18,1,10:00:00,87,25,834,,True,False,18,87,True,True,True
79942,2024,MP50,2,689987,96621,96621,934,Round 2,2024-10-13,Jeremy McKittrick,932,Smugglers Notch Disc Golf Center - Fox Run,Fox Run Meadows Blue Tees,62,18,3,09:40:00,66,4,977,136,True,False,18,66,True,True,True
79942,2024,MP50,2,689987,101564,101564,963,Round 2,2024-10-13,Blaine Faulkner,958,Smugglers Notch Disc Golf Center - Fox Run,Fox Run Meadows Blue Tees,62,18,1,09:40:00,70,8,948,137,True,False,18,70,True,True,True
79942,2024,MP50,2,689987,171544,171544,930,Round 2,2024-10-13,Dave Irving,935,Smugglers Notch Disc Golf Center - Fox Run,Fox Run Meadows Blue Tees,62,18,2,09:40:00,74,12,919,143,True,False,18,74,True,True,True
79942,2024,MP50,2,689987,157577,157577,910,Round 2,2024-10-13,Ian Butman,901,Smugglers Notch Disc Golf Center - Fox Run,Fox Run Meadows Blue Tees,62,18,4,09:40:00,78,16,890,151,True,False,18,78,True,True,True
79942,2024,MP50,2,689987,125921,125921,892,Round 2,2024-10-13,Christopher Conk,905,Smugglers Notch Disc Golf Center - Fox Run,Fox Run Meadows Blue Tees,62,18,3,09:30:00,76,14,904,156,True,False,18,76,True,True,True
79942,2024,MP50,2,689987,132446,132446,925,Round 2,2024-10-13,Yves Desgreniers,917,Smugglers Notch Disc Golf Center - Fox Run,Fox Run Meadows Blue Tees,62,18,1,09:30:00,82,20,861,158,True,False,18,82,True,True,True
79942,2024,MP50,2,689987,20455,20455,884,Round 2,2024-10-13,Jason Gilbert,893,Smugglers Notch Disc Golf Center - Fox Run,Fox Run Meadows Blue Tees,62,18,2,09:20:00,80,18,875,161,True,False,18,80,True,True,True
79942,2024,MP50,2,689987,223480,223480,870,Round 2,2024-10-13,Marc Kirkpatrick,879,Smugglers Notch Disc Golf Center - Fox Run,Fox Run Meadows Blue Tees,62,18,3,09:20:00,81,19,868,164,True,False,18,81,True,True,True
79942,2024,MP50,2,689987,12667,12667,908,Round 2,2024-10-13,Scott Shepardson,906,Smugglers Notch Disc Golf Center - Fox Run,Fox Run Meadows Blue Tees,62,18,4,09:30:00,83,21,854,164,True,False,18,83,True,True,True
79942,2024,MP50,2,689987,15467,15467,905,Round 2,2024-10-13,Jake Walsdorf,869,Smugglers Notch Disc Golf Center - Fox Run,Fox Run Meadows Blue Tees,62,18,1,09:20:00,83,21,854,164,True,False,18,83,True,True,True
79942,2024,MP50,2,689987,73991,73991,834,Round 2,2024-10-13,Jeff Milchen,855,Smugglers Notch Disc Golf Center - Fox Run,Fox Run Meadows Blue Tees,62,18,2,09:30:00,84,22,846,164,True,False,18,84,True,True,True
79942,2024,MP50,2,689987,75787,75787,846,Round 2,2024-10-13,Chris Mishi Villanova,,Smugglers Notch Disc Golf Center - Fox Run,Fox Run Meadows Blue Tees,62,18,4,09:20:00,,,,,True,True,0,,False,False,False
79942,2024,MPO,1,689983,111643,111643,982,Round 1,2024-10-13,Finn Etter,1013,Smugglers Notch Disc Golf Center - Brewster Ridge,Brewster Ridge Gold Tees,62,18,2,11:50:00,61,-1,1018,126,True,False,18,61,True,True,True
79942,2024,MPO,1,689983,93369,93369,972,Round 1,2024-10-13,Thomas Murray,983,Smugglers Notch Disc Golf Center - Brewster Ridge,Brewster Ridge Gold Tees,62,18,4,12:10:00,62,0,1011,134,True,False,18,62,True,True,True
79942,2024,MPO,1,689983,98747,98747,944,Round 1,2024-10-13,Uriyah Kelley,982,Smugglers Notch Disc Golf Center - Brewster Ridge,Brewster Ridge Gold Tees,62,18,2,12:00:00,62,0,1011,127,True,False,18,62,True,True,True
79942,2024,MPO,1,689983,124607,124607,1009,Round 1,2024-10-13,Gillis MacDougall,1007,Smugglers Notch Disc Golf Center - Brewster Ridge,Brewster Ridge Gold Tees,62,18,3,11:40:00,62,0,1011,129,True,False,18,62,True,True,True
79942,2024,MPO,1,689983,142155,142155,969,Round 1,2024-10-13,Thomas Robinson,951,Smugglers Notch Disc Golf Center - Brewster Ridge,Brewster Ridge Gold Tees,62,18,1,12:20:00,62,0,1011,131,True,False,18,62,True,True,True
79942,2024,MPO,1,689983,167837,167837,984,Round 1,2024-10-13,Elijah Garrison,1004,Smugglers Notch Disc Golf Center - Brewster Ridge,Brewster Ridge Gold Tees,62,18,4,12:20:00,62,0,1011,129,True,False,18,62,True,True,True
79942,2024,MPO,1,689983,268529,268529,976,Round 1,2024-10-13,James Cairn,1006,Smugglers Notch Disc Golf Center - Brewster Ridge,Brewster Ridge Gold Tees,62,18,3,12:10:00,62,0,1011,121,True,False,18,62,True,True,True
79942,2024,MPO,1,689983,21441,21441,990,Round 1,2024-10-13,Zackary Doyle,999,Smugglers Notch Disc Golf Center - Brewster Ridge,Brewster Ridge Gold Tees,62,18,3,11:10:00,63,1,1004,123,True,False,18,63,True,True,True
79942,2024,MPO,1,689983,127187,127187,970,Round 1,2024-10-13,Nate Turner,960,Smugglers Notch Disc Golf Center - Brewster Ridge,Brewster Ridge Gold Tees,62,18,4,11:40:00,63,1,1004,131,True,False,18,63,True,True,True
79942,2024,MPO,1,689983,161558,161558,986,Round 1,2024-10-13,Brad Schott,994,Smugglers Notch Disc Golf Center - Brewster Ridge,Brewster Ridge Gold Tees,62,18,3,11:50:00,64,2,997,135,True,False,18,64,True,True,True
79942,2024,MPO,1,689983,169393,169393,959,Round 1,2024-10-13,Aidan Trombley,977,Smugglers Notch Disc Golf Center - Brewster Ridge,Brewster Ridge Gold Tees,62,18,3,12:20:00,64,2,997,133,True,False,18,64,True,True,True
79942,2024,MPO,1,689983,95343,95343,970,Round 1,2024-10-13,Dylan Adjutant,962,Smugglers Notch Disc Golf Center - Brewster Ridge,Brewster Ridge Gold Tees,62,18,2,12:10:00,65,3,989,131,True,False,18,65,True,True,True
79942,2024,MPO,1,689983,142744,142744,958,Round 1,2024-10-13,Abel German,974,Smugglers Notch Disc Golf Center - Brewster Ridge,Brewster Ridge Gold Tees,62,18,4,12:00:00,65,3,989,135,True,False,18,65,True,True,True
79942,2024,MPO,1,689983,241573,241573,1002,Round 1,2024-10-13,Whit Stephenson,998,Smugglers Notch Disc Golf Center - Brewster Ridge,Brewster Ridge Gold Tees,62,18,2,11:10:00,65,3,989,126,True,False,18,65,True,True,True
79942,2024,MPO,1,689983,35588,35588,967,Round 1,2024-10-13,Coleman E. Marcus,982,Smugglers Notch Disc Golf Center - Brewster Ridge,Brewster Ridge Gold Tees,62,18,1,12:30:00,66,4,982,140,True,False,18,66,True,True,True
79942,2024,MPO,1,689983,94517,94517,956,Round 1,2024-10-13,Anthony Webb,973,Smugglers Notch Disc Golf Center - Brewster Ridge,Brewster Ridge Gold Tees,62,18,1,12:10:00,67,5,975,135,True,False,18,67,True,True,True
79942,2024,MPO,1,689983,143853,143853,999,Round 1,2024-10-13,Elijah Rider Brandt,1012,Smugglers Notch Disc Golf Center - Brewster Ridge,Brewster Ridge Gold Tees,62,18,4,11:20:00,67,5,975,129,True,False,18,67,True,True,True
79942,2024,MPO,1,689983,130868,130868,979,Round 1,2024-10-13,Remington Gaetjens,982,Smugglers Notch Disc Golf Center - Brewster Ridge,Brewster Ridge Gold Tees,62,18,4,11:50:00,68,6,968,136,True,False,18,68,True,True,True
79942,2024,MPO,1,689983,117124,117124,954,Round 1,2024-10-13,Dean Squires Jr,970,Smugglers Notch Disc Golf Center - Brewster Ridge,Brewster Ridge Gold Tees,62,18,1,11:10:00,69,7,961,140,True,False,18,69,True,True,True
79942,2024,MPO,1,689983,140098,140098,967,Round 1,2024-10-13,Angus Barstow,980,Smugglers Notch Disc Golf Center - Brewster Ridge,Brewster Ridge Gold Tees,62,18,3,11:20:00,69,7,961,135,True,False,18,69,True,True,True
79942,2024,MPO,1,689983,143783,143783,950,Round 1,2024-10-13,Sam Brown,956,Smugglers Notch Disc Golf Center - Brewster Ridge,Brewster Ridge Gold Tees,62,18,2,10:50:00,70,8,954,133,True,False,18,70,True,True,True
79942,2024,MPO,1,689983,47330,47330,934,Round 1,2024-10-13,Warren Hollinshead,921,Smugglers Notch Disc Golf Center - Brewster Ridge,Brewster Ridge Gold Tees,62,18,1,11:20:00,71,9,947,154,True,False,18,71,True,True,True
79942,2024,MPO,1,689983,80359,80359,964,Round 1,2024-10-13,Cody White,985,Smugglers Notch Disc Golf Center - Brewster Ridge,Brewster Ridge Gold Tees,62,18,2,12:30:00,71,9,947,137,True,False,18,71,True,True,True
79942,2024,MPO,1,689983,91216,91216,951,Round 1,2024-10-13,Chris Spear,932,Smugglers Notch Disc Golf Center - Brewster Ridge,Brewster Ridge Gold Tees,62,18,1,11:50:00,71,9,947,147,True,False,18,71,True,True,True
79942,2024,MPO,1,689983,100885,100885,949,Round 1,2024-10-13,Jacob Moore,945,Smugglers Notch Disc Golf Center - Brewster Ridge,Brewster Ridge Gold Tees,62,18,2,11:40:00,72,10,940,146,True,False,18,72,True,True,True
79942,2024,MPO,1,689983,168353,168353,955,Round 1,2024-10-13,Aaron Albert,943,Smugglers Notch Disc Golf Center - Brewster Ridge,Brewster Ridge Gold Tees,62,18,4,12:30:00,72,10,940,148,True,False,18,72,True,True,True
79942,2024,MPO,1,689983,187845,187845,965,Round 1,2024-10-13,Shane Seals,962,Smugglers Notch Disc Golf Center - Brewster Ridge,Brewster Ridge Gold Tees,62,18,2,12:20:00,72,10,940,148,True,False,18,72,True,True,True
79942,2024,MPO,1,689983,90662,90662,945,Round 1,2024-10-13,Benjamin Best,948,Smugglers Notch Disc Golf Center - Brewster Ridge,Brewster Ridge Gold Tees,62,18,1,11:40:00,73,11,933,141,True,False,18,73,True,True,True
79942,2024,MPO,1,689983,106751,106751,947,Round 1,2024-10-13,Jeffrey Abbott,952,Smugglers Notch Disc Golf Center - Brewster Ridge,Brewster Ridge Gold Tees,62,18,1,11:30:00,73,11,933,143,True,False,18,73,True,True,True
79942,2024,MPO,1,689983,241286,241286,917,Round 1,2024-10-13,Justin Burklow,951,Smugglers Notch Disc Golf Center - Brewster Ridge,Brewster Ridge Gold Tees,62,18,1,11:00:00,75,13,919,141,True,False,18,75,True,True,True
79942,2024,MPO,1,689983,43527,43527,956,Round 1,2024-10-13,Kyle Sawtelle,939,Smugglers Notch Disc Golf Center - Brewster Ridge,Brewster Ridge Gold Tees,62,18,1,12:00:00,76,14,912,148,True,False,18,76,True,True,True
79942,2024,MPO,1,689983,62787,62787,897,Round 1,2024-10-13,Cody Jones,911,Smugglers Notch Disc Golf Center - Brewster Ridge,Brewster Ridge Gold Tees,62,18,3,11:00:00,76,14,912,158,True,False,18,76,True,True,True
79942,2024,MPO,1,689983,75861,75861,970,Round 1,2024-10-13,Charlie Veysey,978,Smugglers Notch Disc Golf Center - Brewster Ridge,Brewster Ridge Gold Tees,62,18,2,11:20:00,77,15,905,144,True,False,18,77,True,True,True
79942,2024,MPO,1,689983,125328,125328,943,Round 1,2024-10-13,Dana Carpenter,,Smugglers Notch Disc Golf Center - Brewster Ridge,Brewster Ridge Gold Tees,62,18,2,11:30:00,77,15,905,,True,False,18,77,True,True,True
79942,2024,MPO,1,689983,221449,221449,897,Round 1,2024-10-13,Shane Proctor,885,Smugglers Notch Disc Golf Center - Brewster Ridge,Brewster Ridge Gold Tees,62,18,3,11:30:00,77,15,905,162,True,False,18,77,True,True,True
79942,2024,MPO,1,689983,244554,244554,933,Round 1,2024-10-13,Jacob Decatur,,Smugglers Notch Disc Golf Center - Brewster Ridge,Brewster Ridge Gold Tees,62,18,3,10:50:00,77,15,905,146,True,False,18,77,True,True,True
79942,2024,MPO,1,689983,207793,207793,906,Round 1,2024-10-13,Walker White,917,Smugglers Notch Disc Golf Center - Brewster Ridge,Brewster Ridge Gold Tees,62,18,1,10:50:00,78,16,898,157,True,False,18,78,True,True,True
79942,2024,MPO,1,689983,131201,131201,953,Round 1,2024-10-13,Tyler LaPerle,973,Smugglers Notch Disc Golf Center - Brewster Ridge,Brewster Ridge Gold Tees,62,18,4,11:30:00,80,18,883,159,True,False,18,80,True,True,True
79942,2024,MPO,1,689983,137521,137521,931,Round 1,2024-10-13,Jason Murak,929,Smugglers Notch Disc Golf Center - Brewster Ridge,Brewster Ridge Gold Tees,62,18,2,11:00:00,80,18,883,156,True,False,18,80,True,True,True
79942,2024,MPO,1,689983,106970,106970,879,Round 1,2024-10-13,Stefan Farrell,852,Smugglers Notch Disc Golf Center - Brewster Ridge,Brewster Ridge Gold Tees,62,18,3,12:00:00,81,19,876,170,True,False,18,81,True,True,True
79942,2024,MPO,1,689983,58664,58664,912,Round 1,2024-10-13,Kevin O'Connor,831,Smugglers Notch Disc Golf Center - Brewster Ridge,Brewster Ridge Gold Tees,62,18,3,12:30:00,82,20,869,177,True,False,18,82,True,True,True
79942,2024,MPO,2,689986,268529,268529,976,Round 2,2024-10-13,James Cairn,1006,Smugglers Notch Disc Golf Center - Fox Run,Fox Run Meadows Gold Tees,62,18,3,12:00:00,59,-3,1038,121,True,False,18,59,True,True,True
79942,2024,MPO,2,689986,21441,21441,990,Round 2,2024-10-13,Zackary Doyle,999,Smugglers Notch Disc Golf Center - Fox Run,Fox Run Meadows Gold Tees,62,18,4,12:00:00,60,-2,1031,123,True,False,18,60,True,True,True
79942,2024,MPO,2,689986,241573,241573,1002,Round 2,2024-10-13,Whit Stephenson,998,Smugglers Notch Disc Golf Center - Fox Run,Fox Run Meadows Gold Tees,62,18,2,11:40:00,61,-1,1024,126,True,False,18,61,True,True,True
79942,2024,MPO,2,689986,111643,111643,982,Round 2,2024-10-13,Finn Etter,1013,Smugglers Notch Disc Golf Center - Fox Run,Fox Run Meadows Gold Tees,62,18,1,12:10:00,65,3,997,126,True,False,18,65,True,True,True
79942,2024,MPO,2,689986,98747,98747,944,Round 2,2024-10-13,Uriyah Kelley,982,Smugglers Notch Disc Golf Center - Fox Run,Fox Run Meadows Gold Tees,62,18,3,12:10:00,65,3,997,127,True,False,18,65,True,True,True
79942,2024,MPO,2,689986,143853,143853,999,Round 2,2024-10-13,Elijah Rider Brandt,1012,Smugglers Notch Disc Golf Center - Fox Run,Fox Run Meadows Gold Tees,62,18,1,11:30:00,62,0,1018,129,True,False,18,62,True,True,True
79942,2024,MPO,2,689986,124607,124607,1009,Round 2,2024-10-13,Gillis MacDougall,1007,Smugglers Notch Disc Golf Center - Fox Run,Fox Run Meadows Gold Tees,62,18,4,12:10:00,67,5,983,129,True,False,18,67,True,True,True
79942,2024,MPO,2,689986,167837,167837,984,Round 2,2024-10-13,Elijah Garrison,1004,Smugglers Notch Disc Golf Center - Fox Run,Fox Run Meadows Gold Tees,62,18,2,12:00:00,67,5,983,129,True,False,18,67,True,True,True
79942,2024,MPO,2,689986,95343,95343,970,Round 2,2024-10-13,Dylan Adjutant,962,Smugglers Notch Disc Golf Center - Fox Run,Fox Run Meadows Gold Tees,62,18,4,11:50:00,66,4,990,131,True,False,18,66,True,True,True
79942,2024,MPO,2,689986,127187,127187,970,Round 2,2024-10-13,Nate Turner,960,Smugglers Notch Disc Golf Center - Fox Run,Fox Run Meadows Gold Tees,62,18,1,11:50:00,68,6,977,131,True,False,18,68,True,True,True
79942,2024,MPO,2,689986,142155,142155,969,Round 2,2024-10-13,Thomas Robinson,951,Smugglers Notch Disc Golf Center - Fox Run,Fox Run Meadows Gold Tees,62,18,1,12:00:00,69,7,970,131,True,False,18,69,True,True,True
79942,2024,MPO,2,689986,143783,143783,950,Round 2,2024-10-13,Sam Brown,956,Smugglers Notch Disc Golf Center - Fox Run,Fox Run Meadows Gold Tees,62,18,1,11:20:00,63,1,1011,133,True,False,18,63,True,True,True
79942,2024,MPO,2,689986,169393,169393,959,Round 2,2024-10-13,Aidan Trombley,977,Smugglers Notch Disc Golf Center - Fox Run,Fox Run Meadows Gold Tees,62,18,3,11:50:00,69,7,970,133,True,False,18,69,True,True,True
79942,2024,MPO,2,689986,93369,93369,972,Round 2,2024-10-13,Thomas Murray,983,Smugglers Notch Disc Golf Center - Fox Run,Fox Run Meadows Gold Tees,62,18,2,12:10:00,72,10,949,134,True,False,18,72,True,True,True
79942,2024,MPO,2,689986,140098,140098,967,Round 2,2024-10-13,Angus Barstow,980,Smugglers Notch Disc Golf Center - Fox Run,Fox Run Meadows Gold Tees,62,18,4,11:30:00,66,4,990,135,True,False,18,66,True,True,True
79942,2024,MPO,2,689986,94517,94517,956,Round 2,2024-10-13,Anthony Webb,973,Smugglers Notch Disc Golf Center - Fox Run,Fox Run Meadows Gold Tees,62,18,4,11:40:00,68,6,977,135,True,False,18,68,True,True,True
79942,2024,MPO,2,689986,142744,142744,958,Round 2,2024-10-13,Abel German,974,Smugglers Notch Disc Golf Center - Fox Run,Fox Run Meadows Gold Tees,62,18,1,11:40:00,70,8,963,135,True,False,18,70,True,True,True
79942,2024,MPO,2,689986,161558,161558,986,Round 2,2024-10-13,Brad Schott,994,Smugglers Notch Disc Golf Center - Fox Run,Fox Run Meadows Gold Tees,62,18,2,11:50:00,71,9,956,135,True,False,18,71,True,True,True
79942,2024,MPO,2,689986,130868,130868,979,Round 2,2024-10-13,Remington Gaetjens,982,Smugglers Notch Disc Golf Center - Fox Run,Fox Run Meadows Gold Tees,62,18,2,11:30:00,68,6,977,136,True,False,18,68,True,True,True
79942,2024,MPO,2,689986,80359,80359,964,Round 2,2024-10-13,Cody White,985,Smugglers Notch Disc Golf Center - Fox Run,Fox Run Meadows Gold Tees,62,18,3,11:20:00,66,4,990,137,True,False,18,66,True,True,True
79942,2024,MPO,2,689986,117124,117124,954,Round 2,2024-10-13,Dean Squires Jr,970,Smugglers Notch Disc Golf Center - Fox Run,Fox Run Meadows Gold Tees,62,18,3,11:30:00,71,9,956,140,True,False,18,71,True,True,True
79942,2024,MPO,2,689986,35588,35588,967,Round 2,2024-10-13,Coleman E. Marcus,982,Smugglers Notch Disc Golf Center - Fox Run,Fox Run Meadows Gold Tees,62,18,3,11:40:00,74,12,936,140,True,False,18,74,True,True,True
79942,2024,MPO,2,689986,241286,241286,917,Round 2,2024-10-13,Justin Burklow,951,Smugglers Notch Disc Golf Center - Fox Run,Fox Run Meadows Gold Tees,62,18,1,11:00:00,66,4,990,141,True,False,18,66,True,True,True
79942,2024,MPO,2,689986,90662,90662,945,Round 2,2024-10-13,Benjamin Best,948,Smugglers Notch Disc Golf Center - Fox Run,Fox Run Meadows Gold Tees,62,18,4,11:10:00,68,6,977,141,True,False,18,68,True,True,True
79942,2024,MPO,2,689986,106751,106751,947,Round 2,2024-10-13,Jeffrey Abbott,952,Smugglers Notch Disc Golf Center - Fox Run,Fox Run Meadows Gold Tees,62,18,4,10:50:00,70,8,963,143,True,False,18,70,True,True,True
79942,2024,MPO,2,689986,75861,75861,970,Round 2,2024-10-13,Charlie Veysey,978,Smugglers Notch Disc Golf Center - Fox Run,Fox Run Meadows Gold Tees,62,18,1,10:50:00,67,5,983,144,True,False,18,67,True,True,True
79942,2024,MPO,2,689986,244554,244554,933,Round 2,2024-10-13,Jacob Decatur,,Smugglers Notch Disc Golf Center - Fox Run,Fox Run Meadows Gold Tees,62,18,1,10:40:00,69,7,970,146,True,False,18,69,True,True,True
79942,2024,MPO,2,689986,100885,100885,949,Round 2,2024-10-13,Jacob Moore,945,Smugglers Notch Disc Golf Center - Fox Run,Fox Run Meadows Gold Tees,62,18,1,11:10:00,74,12,936,146,True,False,18,74,True,True,True
79942,2024,MPO,2,689986,91216,91216,951,Round 2,2024-10-13,Chris Spear,932,Smugglers Notch Disc Golf Center - Fox Run,Fox Run Meadows Gold Tees,62,18,4,11:20:00,76,14,922,147,True,False,18,76,True,True,True
79942,2024,MPO,2,689986,43527,43527,956,Round 2,2024-10-13,Kyle Sawtelle,939,Smugglers Notch Disc Golf Center - Fox Run,Fox Run Meadows Gold Tees,62,18,2,11:00:00,72,10,949,148,True,False,18,72,True,True,True
79942,2024,MPO,2,689986,168353,168353,955,Round 2,2024-10-13,Aaron Albert,943,Smugglers Notch Disc Golf Center - Fox Run,Fox Run Meadows Gold Tees,62,18,2,11:10:00,76,14,922,148,True,False,18,76,True,True,True
79942,2024,MPO,2,689986,187845,187845,965,Round 2,2024-10-13,Shane Seals,962,Smugglers Notch Disc Golf Center - Fox Run,Fox Run Meadows Gold Tees,62,18,3,11:10:00,76,14,922,148,True,False,18,76,True,True,True
79942,2024,MPO,2,689986,47330,47330,934,Round 2,2024-10-13,Warren Hollinshead,921,Smugglers Notch Disc Golf Center - Fox Run,Fox Run Meadows Gold Tees,62,18,2,11:20:00,83,21,874,154,True,False,18,83,True,True,True
79942,2024,MPO,2,689986,137521,137521,931,Round 2,2024-10-13,Jason Murak,929,Smugglers Notch Disc Golf Center - Fox Run,Fox Run Meadows Gold Tees,62,18,1,10:30:00,76,14,922,156,True,False,18,76,True,True,True
79942,2024,MPO,2,689986,207793,207793,906,Round 2,2024-10-13,Walker White,917,Smugglers Notch Disc Golf Center - Fox Run,Fox Run Meadows Gold Tees,62,18,2,10:40:00,79,17,901,157,True,False,18,79,True,True,True
79942,2024,MPO,2,689986,62787,62787,897,Round 2,2024-10-13,Cody Jones,911,Smugglers Notch Disc Golf Center - Fox Run,Fox Run Meadows Gold Tees,62,18,3,11:00:00,82,20,881,158,True,False,18,82,True,True,True
79942,2024,MPO,2,689986,131201,131201,953,Round 2,2024-10-13,Tyler LaPerle,973,Smugglers Notch Disc Golf Center - Fox Run,Fox Run Meadows Gold Tees,62,18,3,10:40:00,79,17,901,159,True,False,18,79,True,True,True
79942,2024,MPO,2,689986,221449,221449,897,Round 2,2024-10-13,Shane Proctor,885,Smugglers Notch Disc Golf Center - Fox Run,Fox Run Meadows Gold Tees,62,18,3,10:50:00,85,23,860,162,True,False,18,85,True,True,True
79942,2024,MPO,2,689986,106970,106970,879,Round 2,2024-10-13,Stefan Farrell,852,Smugglers Notch Disc Golf Center - Fox Run,Fox Run Meadows Gold Tees,62,18,2,10:30:00,89,27,833,170,True,False,18,89,True,True,True
79942,2024,MPO,2,689986,58664,58664,912,Round 2,2024-10-13,Kevin O'Connor,831,Smugglers Notch Disc Golf Center - Fox Run,Fox Run Meadows Gold Tees,62,18,3,10:30:00,95,33,792,177,True,False,18,95,True,True,True
79942,2024,MPO,2,689986,125328,125328,943,Round 2,2024-10-13,Dana Carpenter,,Smugglers Notch Disc Golf Center - Fox Run,Fox Run Meadows Gold Tees,62,18,2,10:50:00,134,937,,,True,False,18,134,True,True,True
