event_id,year,division,round,layout_id,player_key,pdga_number,event_rating,hole,hole_label,par,length_ft,score,score_to_par,round_usable
41157,2019,FA1,2,268206,name:christina kingston,,,1,1,3,,4,1,True
41157,2019,FA1,2,268206,name:christina kingston,,,2,2,4,,5,1,True
41157,2019,FA1,2,268206,name:christina kingston,,,3,3,4,,5,1,True
41157,2019,FA1,2,268206,name:christina kingston,,,4,4,3,,4,1,True
41157,2019,FA1,2,268206,name:christina kingston,,,5,5,3,,3,0,True
41157,2019,FA1,2,268206,name:christina kingston,,,6,6,4,,4,0,True
41157,2019,FA1,2,268206,name:christina kingston,,,7,7,3,,3,0,True
41157,2019,FA1,2,268206,name:christina kingston,,,8,8,3,,6,3,True
41157,2019,FA1,2,268206,name:christina kingston,,,9,9,3,,3,0,True
41157,2019,FA1,2,268206,name:christina kingston,,,10,10,3,,3,0,True
41157,2019,FA1,2,268206,name:christina kingston,,,11,11,4,,6,2,True
41157,2019,FA1,2,268206,name:christina kingston,,,12,12,3,,4,1,True
41157,2019,FA1,2,268206,name:christina kingston,,,13,13,3,,2,-1,True
41157,2019,FA1,2,268206,name:christina kingston,,,14,14,3,,3,0,True
41157,2019,FA1,2,268206,name:christina kingston,,,15,15,4,,5,1,True
41157,2019,FA1,2,268206,name:christina kingston,,,16,16,4,,5,1,True
41157,2019,FA1,2,268206,name:christina kingston,,,17,17,5,,7,2,True
41157,2019,FA1,2,268206,name:christina kingston,,,18,18,3,,3,0,True
41157,2019,FA1,2,268206,name:serena lamson,,,1,1,3,,4,1,True
41157,2019,FA1,2,268206,name:serena lamson,,,2,2,4,,4,0,True
41157,2019,FA1,2,268206,name:serena lamson,,,3,3,4,,4,0,True
41157,2019,FA1,2,268206,name:serena lamson,,,4,4,3,,4,1,True
41157,2019,FA1,2,268206,name:serena lamson,,,5,5,3,,3,0,True
41157,2019,FA1,2,268206,name:serena lamson,,,6,6,4,,4,0,True
41157,2019,FA1,2,268206,name:serena lamson,,,7,7,3,,2,-1,True
41157,2019,FA1,2,268206,name:serena lamson,,,8,8,3,,6,3,True
41157,2019,FA1,2,268206,name:serena lamson,,,9,9,3,,3,0,True
41157,2019,FA1,2,268206,name:serena lamson,,,10,10,3,,4,1,True
41157,2019,FA1,2,268206,name:serena lamson,,,11,11,4,,5,1,True
41157,2019,FA1,2,268206,name:serena lamson,,,12,12,3,,3,0,True
41157,2019,FA1,2,268206,name:serena lamson,,,13,13,3,,3,0,True
41157,2019,FA1,2,268206,name:serena lamson,,,14,14,3,,2,-1,True
41157,2019,FA1,2,268206,name:serena lamson,,,15,15,4,,6,2,True
41157,2019,FA1,2,268206,name:serena lamson,,,16,16,4,,6,2,True
41157,2019,FA1,2,268206,name:serena lamson,,,17,17,5,,8,3,True
41157,2019,FA1,2,268206,name:serena lamson,,,18,18,3,,5,2,True
41157,2019,FA1,2,268206,122613,122613,755,1,1,3,,5,2,True
41157,2019,FA1,2,268206,122613,122613,755,2,2,4,,5,1,True
41157,2019,FA1,2,268206,122613,122613,755,3,3,4,,4,0,True
41157,2019,FA1,2,268206,122613,122613,755,4,4,3,,3,0,True
41157,2019,FA1,2,268206,122613,122613,755,5,5,3,,4,1,True
41157,2019,FA1,2,268206,122613,122613,755,6,6,4,,6,2,True
41157,2019,FA1,2,268206,122613,122613,755,7,7,3,,3,0,True
41157,2019,FA1,2,268206,122613,122613,755,8,8,3,,3,0,True
41157,2019,FA1,2,268206,122613,122613,755,9,9,3,,3,0,True
41157,2019,FA1,2,268206,122613,122613,755,10,10,3,,5,2,True
41157,2019,FA1,2,268206,122613,122613,755,11,11,4,,4,0,True
41157,2019,FA1,2,268206,122613,122613,755,12,12,3,,3,0,True
41157,2019,FA1,2,268206,122613,122613,755,13,13,3,,3,0,True
41157,2019,FA1,2,268206,122613,122613,755,14,14,3,,2,-1,True
41157,2019,FA1,2,268206,122613,122613,755,15,15,4,,7,3,True
41157,2019,FA1,2,268206,122613,122613,755,16,16,4,,6,2,True
41157,2019,FA1,2,268206,122613,122613,755,17,17,5,,8,3,True
41157,2019,FA1,2,268206,122613,122613,755,18,18,3,,4,1,True
41157,2019,FA1,2,268206,94272,94272,775,1,1,3,,4,1,True
41157,2019,FA1,2,268206,94272,94272,775,2,2,4,,4,0,True
41157,2019,FA1,2,268206,94272,94272,775,3,3,4,,4,0,True
41157,2019,FA1,2,268206,94272,94272,775,4,4,3,,6,3,True
41157,2019,FA1,2,268206,94272,94272,775,5,5,3,,4,1,True
41157,2019,FA1,2,268206,94272,94272,775,6,6,4,,6,2,True
41157,2019,FA1,2,268206,94272,94272,775,7,7,3,,4,1,True
41157,2019,FA1,2,268206,94272,94272,775,8,8,3,,4,1,True
41157,2019,FA1,2,268206,94272,94272,775,9,9,3,,3,0,True
41157,2019,FA1,2,268206,94272,94272,775,10,10,3,,5,2,True
41157,2019,FA1,2,268206,94272,94272,775,11,11,4,,4,0,True
41157,2019,FA1,2,268206,94272,94272,775,12,12,3,,3,0,True
41157,2019,FA1,2,268206,94272,94272,775,13,13,3,,2,-1,True
41157,2019,FA1,2,268206,94272,94272,775,14,14,3,,4,1,True
41157,2019,FA1,2,268206,94272,94272,775,15,15,4,,6,2,True
41157,2019,FA1,2,268206,94272,94272,775,16,16,4,,5,1,True
41157,2019,FA1,2,268206,94272,94272,775,17,17,5,,7,2,True
41157,2019,FA1,2,268206,94272,94272,775,18,18,3,,4,1,True
41157,2019,MA1,1,259996,name:evan hollar,,,1,1,3,,3,0,True
41157,2019,MA1,1,259996,name:evan hollar,,,2,2,4,,3,-1,True
41157,2019,MA1,1,259996,name:evan hollar,,,3,3,4,,3,-1,True
41157,2019,MA1,1,259996,name:evan hollar,,,4,4,3,,3,0,True
41157,2019,MA1,1,259996,name:evan hollar,,,5,5,3,,3,0,True
41157,2019,MA1,1,259996,name:evan hollar,,,6,6,4,,6,2,True
41157,2019,MA1,1,259996,name:evan hollar,,,7,7,3,,4,1,True
41157,2019,MA1,1,259996,name:evan hollar,,,8,8,3,,2,-1,True
41157,2019,MA1,1,259996,name:evan hollar,,,9,9,3,,3,0,True
41157,2019,MA1,1,259996,name:evan hollar,,,10,10,3,,3,0,True
41157,2019,MA1,1,259996,name:evan hollar,,,11,11,4,,4,0,True
41157,2019,MA1,1,259996,name:evan hollar,,,12,12,3,,2,-1,True
41157,2019,MA1,1,259996,name:evan hollar,,,13,13,3,,2,-1,True
41157,2019,MA1,1,259996,name:evan hollar,,,14,14,3,,4,1,True
41157,2019,MA1,1,259996,name:evan hollar,,,15,15,4,,4,0,True
41157,2019,MA1,1,259996,name:evan hollar,,,16,16,4,,4,0,True
41157,2019,MA1,1,259996,name:evan hollar,,,17,17,5,,6,1,True
41157,2019,MA1,1,259996,name:evan hollar,,,18,18,3,,3,0,True
41157,2019,MA1,1,259996,101829,101829,918,1,1,3,,4,1,True
41157,2019,MA1,1,259996,101829,101829,918,2,2,4,,4,0,True
41157,2019,MA1,1,259996,101829,101829,918,3,3,4,,4,0,True
41157,2019,MA1,1,259996,101829,101829,918,4,4,3,,4,1,True
41157,2019,MA1,1,259996,101829,101829,918,5,5,3,,2,-1,True
41157,2019,MA1,1,259996,101829,101829,918,6,6,4,,4,0,True
41157,2019,MA1,1,259996,101829,101829,918,7,7,3,,4,1,True
41157,2019,MA1,1,259996,101829,101829,918,8,8,3,,3,0,True
41157,2019,MA1,1,259996,101829,101829,918,9,9,3,,3,0,True
41157,2019,MA1,1,259996,101829,101829,918,10,10,3,,3,0,True
41157,2019,MA1,1,259996,101829,101829,918,11,11,4,,4,0,True
41157,2019,MA1,1,259996,101829,101829,918,12,12,3,,3,0,True
41157,2019,MA1,1,259996,101829,101829,918,13,13,3,,2,-1,True
41157,2019,MA1,1,259996,101829,101829,918,14,14,3,,3,0,True
41157,2019,MA1,1,259996,101829,101829,918,15,15,4,,4,0,True
41157,2019,MA1,1,259996,101829,101829,918,16,16,4,,4,0,True
41157,2019,MA1,1,259996,101829,101829,918,17,17,5,,5,0,True
41157,2019,MA1,1,259996,101829,101829,918,18,18,3,,3,0,True
41157,2019,MA1,1,259996,100885,100885,917,1,1,3,,4,1,True
41157,2019,MA1,1,259996,100885,100885,917,2,2,4,,4,0,True
41157,2019,MA1,1,259996,100885,100885,917,3,3,4,,5,1,True
41157,2019,MA1,1,259996,100885,100885,917,4,4,3,,3,0,True
41157,2019,MA1,1,259996,100885,100885,917,5,5,3,,3,0,True
41157,2019,MA1,1,259996,100885,100885,917,6,6,4,,5,1,True
41157,2019,MA1,1,259996,100885,100885,917,7,7,3,,3,0,True
41157,2019,MA1,1,259996,100885,100885,917,8,8,3,,2,-1,True
41157,2019,MA1,1,259996,100885,100885,917,9,9,3,,2,-1,True
41157,2019,MA1,1,259996,100885,100885,917,10,10,3,,3,0,True
41157,2019,MA1,1,259996,100885,100885,917,11,11,4,,5,1,True
41157,2019,MA1,1,259996,100885,100885,917,12,12,3,,3,0,True
41157,2019,MA1,1,259996,100885,100885,917,13,13,3,,3,0,True
41157,2019,MA1,1,259996,100885,100885,917,14,14,3,,5,2,True
41157,2019,MA1,1,259996,100885,100885,917,15,15,4,,3,-1,True
41157,2019,MA1,1,259996,100885,100885,917,16,16,4,,4,0,True
41157,2019,MA1,1,259996,100885,100885,917,17,17,5,,5,0,True
41157,2019,MA1,1,259996,100885,100885,917,18,18,3,,2,-1,True
41157,2019,MA1,1,259996,116370,116370,915,1,1,3,,3,0,True
41157,2019,MA1,1,259996,116370,116370,915,2,2,4,,4,0,True
41157,2019,MA1,1,259996,116370,116370,915,3,3,4,,3,-1,True
41157,2019,MA1,1,259996,116370,116370,915,4,4,3,,3,0,True
41157,2019,MA1,1,259996,116370,116370,915,5,5,3,,3,0,True
41157,2019,MA1,1,259996,116370,116370,915,6,6,4,,5,1,True
41157,2019,MA1,1,259996,116370,116370,915,7,7,3,,4,1,True
41157,2019,MA1,1,259996,116370,116370,915,8,8,3,,2,-1,True
41157,2019,MA1,1,259996,116370,116370,915,9,9,3,,3,0,True
41157,2019,MA1,1,259996,116370,116370,915,10,10,3,,3,0,True
41157,2019,MA1,1,259996,116370,116370,915,11,11,4,,3,-1,True
41157,2019,MA1,1,259996,116370,116370,915,12,12,3,,3,0,True
41157,2019,MA1,1,259996,116370,116370,915,13,13,3,,2,-1,True
41157,2019,MA1,1,259996,116370,116370,915,14,14,3,,4,1,True
41157,2019,MA1,1,259996,116370,116370,915,15,15,4,,4,0,True
41157,2019,MA1,1,259996,116370,116370,915,16,16,4,,5,1,True
41157,2019,MA1,1,259996,116370,116370,915,17,17,5,,6,1,True
41157,2019,MA1,1,259996,116370,116370,915,18,18,3,,4,1,True
41157,2019,MA1,1,259996,name:sam callison,,,1,1,3,,3,0,True
41157,2019,MA1,1,259996,name:sam callison,,,2,2,4,,4,0,True
41157,2019,MA1,1,259996,name:sam callison,,,3,3,4,,3,-1,True
41157,2019,MA1,1,259996,name:sam callison,,,4,4,3,,3,0,True
41157,2019,MA1,1,259996,name:sam callison,,,5,5,3,,3,0,True
41157,2019,MA1,1,259996,name:sam callison,,,6,6,4,,4,0,True
41157,2019,MA1,1,259996,name:sam callison,,,7,7,3,,4,1,True
41157,2019,MA1,1,259996,name:sam callison,,,8,8,3,,2,-1,True
41157,2019,MA1,1,259996,name:sam callison,,,9,9,3,,3,0,True
41157,2019,MA1,1,259996,name:sam callison,,,10,10,3,,3,0,True
41157,2019,MA1,1,259996,name:sam callison,,,11,11,4,,5,1,True
41157,2019,MA1,1,259996,name:sam callison,,,12,12,3,,3,0,True
41157,2019,MA1,1,259996,name:sam callison,,,13,13,3,,4,1,True
41157,2019,MA1,1,259996,name:sam callison,,,14,14,3,,3,0,True
41157,2019,MA1,1,259996,name:sam callison,,,15,15,4,,4,0,True
41157,2019,MA1,1,259996,name:sam callison,,,16,16,4,,4,0,True
41157,2019,MA1,1,259996,name:sam callison,,,17,17,5,,5,0,True
41157,2019,MA1,1,259996,name:sam callison,,,18,18,3,,4,1,True
41157,2019,MA1,1,259996,120094,120094,915,1,1,3,,3,0,True
41157,2019,MA1,1,259996,120094,120094,915,2,2,4,,5,1,True
41157,2019,MA1,1,259996,120094,120094,915,3,3,4,,4,0,True
41157,2019,MA1,1,259996,120094,120094,915,4,4,3,,6,3,True
41157,2019,MA1,1,259996,120094,120094,915,5,5,3,,3,0,True
41157,2019,MA1,1,259996,120094,120094,915,6,6,4,,3,-1,True
41157,2019,MA1,1,259996,120094,120094,915,7,7,3,,3,0,True
41157,2019,MA1,1,259996,120094,120094,915,8,8,3,,3,0,True
41157,2019,MA1,1,259996,120094,120094,915,9,9,3,,2,-1,True
41157,2019,MA1,1,259996,120094,120094,915,10,10,3,,3,0,True
41157,2019,MA1,1,259996,120094,120094,915,11,11,4,,3,-1,True
41157,2019,MA1,1,259996,120094,120094,915,12,12,3,,4,1,True
41157,2019,MA1,1,259996,120094,120094,915,13,13,3,,3,0,True
41157,2019,MA1,1,259996,120094,120094,915,14,14,3,,3,0,True
41157,2019,MA1,1,259996,120094,120094,915,15,15,4,,5,1,True
41157,2019,MA1,1,259996,120094,120094,915,16,16,4,,4,0,True
41157,2019,MA1,1,259996,120094,120094,915,17,17,5,,6,1,True
41157,2019,MA1,1,259996,120094,120094,915,18,18,3,,4,1,True
41157,2019,MA1,1,259996,name:quinn ledak,,,1,1,3,,4,1,True
41157,2019,MA1,1,259996,name:quinn ledak,,,2,2,4,,5,1,True
41157,2019,MA1,1,259996,name:quinn ledak,,,3,3,4,,4,0,True
41157,2019,MA1,1,259996,name:quinn ledak,,,4,4,3,,3,0,True
41157,2019,MA1,1,259996,name:quinn ledak,,,5,5,3,,2,-1,True
41157,2019,MA1,1,259996,name:quinn ledak,,,6,6,4,,4,0,True
41157,2019,MA1,1,259996,name:quinn ledak,,,7,7,3,,3,0,True
41157,2019,MA1,1,259996,name:quinn ledak,,,8,8,3,,2,-1,True
41157,2019,MA1,1,259996,name:quinn ledak,,,9,9,3,,3,0,True
41157,2019,MA1,1,259996,name:quinn ledak,,,10,10,3,,3,0,True
41157,2019,MA1,1,259996,name:quinn ledak,,,11,11,4,,4,0,True
41157,2019,MA1,1,259996,name:quinn ledak,,,12,12,3,,4,1,True
41157,2019,MA1,1,259996,name:quinn ledak,,,13,13,3,,3,0,True
41157,2019,MA1,1,259996,name:quinn ledak,,,14,14,3,,3,0,True
41157,2019,MA1,1,259996,name:quinn ledak,,,15,15,4,,4,0,True
41157,2019,MA1,1,259996,name:quinn ledak,,,16,16,4,,4,0,True
41157,2019,MA1,1,259996,name:quinn ledak,,,17,17,5,,7,2,True
41157,2019,MA1,1,259996,name:quinn ledak,,,18,18,3,,5,2,True
41157,2019,MA1,1,259996,73588,73588,882,1,1,3,,4,1,True
41157,2019,MA1,1,259996,73588,73588,882,2,2,4,,3,-1,True
41157,2019,MA1,1,259996,73588,73588,882,3,3,4,,4,0,True
41157,2019,MA1,1,259996,73588,73588,882,4,4,3,,3,0,True
41157,2019,MA1,1,259996,73588,73588,882,5,5,3,,3,0,True
41157,2019,MA1,1,259996,73588,73588,882,6,6,4,,4,0,True
41157,2019,MA1,1,259996,73588,73588,882,7,7,3,,2,-1,True
41157,2019,MA1,1,259996,73588,73588,882,8,8,3,,6,3,True
41157,2019,MA1,1,259996,73588,73588,882,9,9,3,,3,0,True
41157,2019,MA1,1,259996,73588,73588,882,10,10,3,,3,0,True
41157,2019,MA1,1,259996,73588,73588,882,11,11,4,,4,0,True
41157,2019,MA1,1,259996,73588,73588,882,12,12,3,,3,0,True
41157,2019,MA1,1,259996,73588,73588,882,13,13,3,,3,0,True
41157,2019,MA1,1,259996,73588,73588,882,14,14,3,,6,3,True
41157,2019,MA1,1,259996,73588,73588,882,15,15,4,,4,0,True
41157,2019,MA1,1,259996,73588,73588,882,16,16,4,,5,1,True
41157,2019,MA1,1,259996,73588,73588,882,17,17,5,,6,1,True
41157,2019,MA1,1,259996,73588,73588,882,18,18,3,,3,0,True
41157,2019,MA1,2,259996,name:evan hollar,,,1,1,3,,3,0,True
41157,2019,MA1,2,259996,name:evan hollar,,,2,2,4,,3,-1,True
41157,2019,MA1,2,259996,name:evan hollar,,,3,3,4,,4,0,True
41157,2019,MA1,2,259996,name:evan hollar,,,4,4,3,,3,0,True
41157,2019,MA1,2,259996,name:evan hollar,,,5,5,3,,4,1,True
41157,2019,MA1,2,259996,name:evan hollar,,,6,6,4,,4,0,True
41157,2019,MA1,2,259996,name:evan hollar,,,7,7,3,,3,0,True
41157,2019,MA1,2,259996,name:evan hollar,,,8,8,3,,3,0,True
41157,2019,MA1,2,259996,name:evan hollar,,,9,9,3,,2,-1,True
41157,2019,MA1,2,259996,name:evan hollar,,,10,10,3,,3,0,True
41157,2019,MA1,2,259996,name:evan hollar,,,11,11,4,,3,-1,True
41157,2019,MA1,2,259996,name:evan hollar,,,12,12,3,,3,0,True
41157,2019,MA1,2,259996,name:evan hollar,,,13,13,3,,3,0,True
41157,2019,MA1,2,259996,name:evan hollar,,,14,14,3,,3,0,True
41157,2019,MA1,2,259996,name:evan hollar,,,15,15,4,,5,1,True
41157,2019,MA1,2,259996,name:evan hollar,,,16,16,4,,4,0,True
41157,2019,MA1,2,259996,name:evan hollar,,,17,17,5,,5,0,True
41157,2019,MA1,2,259996,name:evan hollar,,,18,18,3,,4,1,True
41157,2019,MA1,2,259996,101829,101829,918,1,1,3,,4,1,True
41157,2019,MA1,2,259996,101829,101829,918,2,2,4,,4,0,True
41157,2019,MA1,2,259996,101829,101829,918,3,3,4,,3,-1,True
41157,2019,MA1,2,259996,101829,101829,918,4,4,3,,4,1,True
41157,2019,MA1,2,259996,101829,101829,918,5,5,3,,3,0,True
41157,2019,MA1,2,259996,101829,101829,918,6,6,4,,3,-1,True
41157,2019,MA1,2,259996,101829,101829,918,7,7,3,,2,-1,True
41157,2019,MA1,2,259996,101829,101829,918,8,8,3,,5,2,True
41157,2019,MA1,2,259996,101829,101829,918,9,9,3,,5,2,True
41157,2019,MA1,2,259996,101829,101829,918,10,10,3,,2,-1,True
41157,2019,MA1,2,259996,101829,101829,918,11,11,4,,4,0,True
41157,2019,MA1,2,259996,101829,101829,918,12,12,3,,2,-1,True
41157,2019,MA1,2,259996,101829,101829,918,13,13,3,,2,-1,True
41157,2019,MA1,2,259996,101829,101829,918,14,14,3,,3,0,True
41157,2019,MA1,2,259996,101829,101829,918,15,15,4,,4,0,True
41157,2019,MA1,2,259996,101829,101829,918,16,16,4,,4,0,True
41157,2019,MA1,2,259996,101829,101829,918,17,17,5,,5,0,True
41157,2019,MA1,2,259996,101829,101829,918,18,18,3,,3,0,True
41157,2019,MA1,2,259996,121418,121418,916,1,1,3,,3,0,True
41157,2019,MA1,2,259996,121418,121418,916,2,2,4,,5,1,True
41157,2019,MA1,2,259996,121418,121418,916,3,3,4,,3,-1,True
41157,2019,MA1,2,259996,121418,121418,916,4,4,3,,3,0,True
41157,2019,MA1,2,259996,121418,121418,916,5,5,3,,3,0,True
41157,2019,MA1,2,259996,121418,121418,916,6,6,4,,6,2,True
41157,2019,MA1,2,259996,121418,121418,916,7,7,3,,3,0,True
41157,2019,MA1,2,259996,121418,121418,916,8,8,3,,3,0,True
41157,2019,MA1,2,259996,121418,121418,916,9,9,3,,3,0,True
41157,2019,MA1,2,259996,121418,121418,916,10,10,3,,2,-1,True
41157,2019,MA1,2,259996,121418,121418,916,11,11,4,,4,0,True
41157,2019,MA1,2,259996,121418,121418,916,12,12,3,,2,-1,True
41157,2019,MA1,2,259996,121418,121418,916,13,13,3,,4,1,True
41157,2019,MA1,2,259996,121418,121418,916,14,14,3,,3,0,True
41157,2019,MA1,2,259996,121418,121418,916,15,15,4,,3,-1,True
41157,2019,MA1,2,259996,121418,121418,916,16,16,4,,6,2,True
41157,2019,MA1,2,259996,121418,121418,916,17,17,5,,5,0,True
41157,2019,MA1,2,259996,121418,121418,916,18,18,3,,3,0,True
41157,2019,MA1,2,259996,name:sam callison,,,1,1,3,,3,0,True
41157,2019,MA1,2,259996,name:sam callison,,,2,2,4,,4,0,True
41157,2019,MA1,2,259996,name:sam callison,,,3,3,4,,4,0,True
41157,2019,MA1,2,259996,name:sam callison,,,4,4,3,,3,0,True
41157,2019,MA1,2,259996,name:sam callison,,,5,5,3,,2,-1,True
41157,2019,MA1,2,259996,name:sam callison,,,6,6,4,,6,2,True
41157,2019,MA1,2,259996,name:sam callison,,,7,7,3,,3,0,True
41157,2019,MA1,2,259996,name:sam callison,,,8,8,3,,3,0,True
41157,2019,MA1,2,259996,name:sam callison,,,9,9,3,,3,0,True
41157,2019,MA1,2,259996,name:sam callison,,,10,10,3,,3,0,True
41157,2019,MA1,2,259996,name:sam callison,,,11,11,4,,4,0,True
41157,2019,MA1,2,259996,name:sam callison,,,12,12,3,,3,0,True
41157,2019,MA1,2,259996,name:sam callison,,,13,13,3,,3,0,True
41157,2019,MA1,2,259996,name:sam callison,,,14,14,3,,4,1,True
41157,2019,MA1,2,259996,name:sam callison,,,15,15,4,,4,0,True
41157,2019,MA1,2,259996,name:sam callison,,,16,16,4,,4,0,True
41157,2019,MA1,2,259996,name:sam callison,,,17,17,5,,6,1,True
41157,2019,MA1,2,259996,name:sam callison,,,18,18,3,,3,0,True
41157,2019,MA1,2,259996,name:quinn ledak,,,1,1,3,,3,0,True
41157,2019,MA1,2,259996,name:quinn ledak,,,2,2,4,,4,0,True
41157,2019,MA1,2,259996,name:quinn ledak,,,3,3,4,,4,0,True
41157,2019,MA1,2,259996,name:quinn ledak,,,4,4,3,,3,0,True
41157,2019,MA1,2,259996,name:quinn ledak,,,5,5,3,,3,0,True
41157,2019,MA1,2,259996,name:quinn ledak,,,6,6,4,,5,1,True
41157,2019,MA1,2,259996,name:quinn ledak,,,7,7,3,,3,0,True
41157,2019,MA1,2,259996,name:quinn ledak,,,8,8,3,,2,-1,True
41157,2019,MA1,2,259996,name:quinn ledak,,,9,9,3,,2,-1,True
41157,2019,MA1,2,259996,name:quinn ledak,,,10,10,3,,3,0,True
41157,2019,MA1,2,259996,name:quinn ledak,,,11,11,4,,4,0,True
41157,2019,MA1,2,259996,name:quinn ledak,,,12,12,3,,3,0,True
41157,2019,MA1,2,259996,name:quinn ledak,,,13,13,3,,3,0,True
41157,2019,MA1,2,259996,name:quinn ledak,,,14,14,3,,3,0,True
41157,2019,MA1,2,259996,name:quinn ledak,,,15,15,4,,5,1,True
41157,2019,MA1,2,259996,name:quinn ledak,,,16,16,4,,3,-1,True
41157,2019,MA1,2,259996,name:quinn ledak,,,17,17,5,,7,2,True
41157,2019,MA1,2,259996,name:quinn ledak,,,18,18,3,,3,0,True
41157,2019,MA1,2,259996,116370,116370,915,1,1,3,,4,1,True
41157,2019,MA1,2,259996,116370,116370,915,2,2,4,,5,1,True
41157,2019,MA1,2,259996,116370,116370,915,3,3,4,,3,-1,True
41157,2019,MA1,2,259996,116370,116370,915,4,4,3,,4,1,True
41157,2019,MA1,2,259996,116370,116370,915,5,5,3,,3,0,True
41157,2019,MA1,2,259996,116370,116370,915,6,6,4,,4,0,True
41157,2019,MA1,2,259996,116370,116370,915,7,7,3,,3,0,True
41157,2019,MA1,2,259996,116370,116370,915,8,8,3,,2,-1,True
41157,2019,MA1,2,259996,116370,116370,915,9,9,3,,3,0,True
41157,2019,MA1,2,259996,116370,116370,915,10,10,3,,3,0,True
41157,2019,MA1,2,259996,116370,116370,915,11,11,4,,3,-1,True
41157,2019,MA1,2,259996,116370,116370,915,12,12,3,,3,0,True
41157,2019,MA1,2,259996,116370,116370,915,13,13,3,,2,-1,True
41157,2019,MA1,2,259996,116370,116370,915,14,14,3,,5,2,True
41157,2019,MA1,2,259996,116370,116370,915,15,15,4,,4,0,True
41157,2019,MA1,2,259996,116370,116370,915,16,16,4,,5,1,True
41157,2019,MA1,2,259996,116370,116370,915,17,17,5,,6,1,True
41157,2019,MA1,2,259996,116370,116370,915,18,18,3,,4,1,True
41157,2019,MA1,2,259996,name:martin casey,,,1,1,3,,3,0,True
41157,2019,MA1,2,259996,name:martin casey,,,2,2,4,,5,1,True
41157,2019,MA1,2,259996,name:martin casey,,,3,3,4,,4,0,True
41157,2019,MA1,2,259996,name:martin casey,,,4,4,3,,4,1,True
41157,2019,MA1,2,259996,name:martin casey,,,5,5,3,,4,1,True
41157,2019,MA1,2,259996,name:martin casey,,,6,6,4,,3,-1,True
41157,2019,MA1,2,259996,name:martin casey,,,7,7,3,,3,0,True
41157,2019,MA1,2,259996,name:martin casey,,,8,8,3,,2,-1,True
41157,2019,MA1,2,259996,name:martin casey,,,9,9,3,,3,0,True
41157,2019,MA1,2,259996,name:martin casey,,,10,10,3,,3,0,True
41157,2019,MA1,2,259996,name:martin casey,,,11,11,4,,3,-1,True
41157,2019,MA1,2,259996,name:martin casey,,,12,12,3,,4,1,True
41157,2019,MA1,2,259996,name:martin casey,,,13,13,3,,2,-1,True
41157,2019,MA1,2,259996,name:martin casey,,,14,14,3,,3,0,True
41157,2019,MA1,2,259996,name:martin casey,,,15,15,4,,4,0,True
41157,2019,MA1,2,259996,name:martin casey,,,16,16,4,,6,2,True
41157,2019,MA1,2,259996,name:martin casey,,,17,17,5,,6,1,True
41157,2019,MA1,2,259996,name:martin casey,,,18,18,3,,3,0,True
41157,2019,MA1,2,259996,120094,120094,915,1,1,3,,3,0,True
41157,2019,MA1,2,259996,120094,120094,915,2,2,4,,4,0,True
41157,2019,MA1,2,259996,120094,120094,915,3,3,4,,3,-1,True
41157,2019,MA1,2,259996,120094,120094,915,4,4,3,,3,0,True
41157,2019,MA1,2,259996,120094,120094,915,5,5,3,,3,0,True
41157,2019,MA1,2,259996,120094,120094,915,6,6,4,,4,0,True
41157,2019,MA1,2,259996,120094,120094,915,7,7,3,,4,1,True
41157,2019,MA1,2,259996,120094,120094,915,8,8,3,,3,0,True
41157,2019,MA1,2,259996,120094,120094,915,9,9,3,,3,0,True
41157,2019,MA1,2,259996,120094,120094,915,10,10,3,,3,0,True
41157,2019,MA1,2,259996,120094,120094,915,11,11,4,,5,1,True
41157,2019,MA1,2,259996,120094,120094,915,12,12,3,,4,1,True
41157,2019,MA1,2,259996,120094,120094,915,13,13,3,,2,-1,True
41157,2019,MA1,2,259996,120094,120094,915,14,14,3,,4,1,True
41157,2019,MA1,2,259996,120094,120094,915,15,15,4,,4,0,True
41157,2019,MA1,2,259996,120094,120094,915,16,16,4,,5,1,True
41157,2019,MA1,2,259996,120094,120094,915,17,17,5,,5,0,True
41157,2019,MA1,2,259996,120094,120094,915,18,18,3,,4,1,True
41157,2019,MA1,2,259996,100885,100885,917,1,1,3,,3,0,True
41157,2019,MA1,2,259996,100885,100885,917,2,2,4,,4,0,True
41157,2019,MA1,2,259996,100885,100885,917,3,3,4,,4,0,True
41157,2019,MA1,2,259996,100885,100885,917,4,4,3,,5,2,True
41157,2019,MA1,2,259996,100885,100885,917,5,5,3,,4,1,True
41157,2019,MA1,2,259996,100885,100885,917,6,6,4,,5,1,True
41157,2019,MA1,2,259996,100885,100885,917,7,7,3,,3,0,True
41157,2019,MA1,2,259996,100885,100885,917,8,8,3,,4,1,True
41157,2019,MA1,2,259996,100885,100885,917,9,9,3,,3,0,True
41157,2019,MA1,2,259996,100885,100885,917,10,10,3,,3,0,True
41157,2019,MA1,2,259996,100885,100885,917,11,11,4,,4,0,True
41157,2019,MA1,2,259996,100885,100885,917,12,12,3,,4,1,True
41157,2019,MA1,2,259996,100885,100885,917,13,13,3,,2,-1,True
41157,2019,MA1,2,259996,100885,100885,917,14,14,3,,4,1,True
41157,2019,MA1,2,259996,100885,100885,917,15,15,4,,3,-1,True
41157,2019,MA1,2,259996,100885,100885,917,16,16,4,,5,1,True
41157,2019,MA1,2,259996,100885,100885,917,17,17,5,,5,0,True
41157,2019,MA1,2,259996,100885,100885,917,18,18,3,,4,1,True
41157,2019,MA1,2,259996,name:zachary e bossier,,,1,1,3,,3,0,True
41157,2019,MA1,2,259996,name:zachary e bossier,,,2,2,4,,5,1,True
41157,2019,MA1,2,259996,name:zachary e bossier,,,3,3,4,,3,-1,True
41157,2019,MA1,2,259996,name:zachary e bossier,,,4,4,3,,3,0,True
41157,2019,MA1,2,259996,name:zachary e bossier,,,5,5,3,,3,0,True
41157,2019,MA1,2,259996,name:zachary e bossier,,,6,6,4,,4,0,True
41157,2019,MA1,2,259996,name:zachary e bossier,,,7,7,3,,2,-1,True
41157,2019,MA1,2,259996,name:zachary e bossier,,,8,8,3,,3,0,True
41157,2019,MA1,2,259996,name:zachary e bossier,,,9,9,3,,3,0,True
41157,2019,MA1,2,259996,name:zachary e bossier,,,10,10,3,,4,1,True
41157,2019,MA1,2,259996,name:zachary e bossier,,,11,11,4,,4,0,True
41157,2019,MA1,2,259996,name:zachary e bossier,,,12,12,3,,3,0,True
41157,2019,MA1,2,259996,name:zachary e bossier,,,13,13,3,,2,-1,True
41157,2019,MA1,2,259996,name:zachary e bossier,,,14,14,3,,3,0,True
41157,2019,MA1,2,259996,name:zachary e bossier,,,15,15,4,,4,0,True
41157,2019,MA1,2,259996,name:zachary e bossier,,,16,16,4,,5,1,True
41157,2019,MA1,2,259996,name:zachary e bossier,,,17,17,5,,6,1,True
41157,2019,MA1,2,259996,name:zachary e bossier,,,18,18,3,,3,0,True
41157,2019,MA1,2,259996,109086,109086,899,1,1,3,,4,1,True
41157,2019,MA1,2,259996,109086,109086,899,2,2,4,,6,2,True
41157,2019,MA1,2,259996,109086,109086,899,3,3,4,,4,0,True
41157,2019,MA1,2,259996,109086,109086,899,4,4,3,,3,0,True
41157,2019,MA1,2,259996,109086,109086,899,5,5,3,,3,0,True
41157,2019,MA1,2,259996,109086,109086,899,6,6,4,,5,1,True
41157,2019,MA1,2,259996,109086,109086,899,7,7,3,,3,0,True
41157,2019,MA1,2,259996,109086,109086,899,8,8,3,,5,2,True
41157,2019,MA1,2,259996,109086,109086,899,9,9,3,,3,0,True
41157,2019,MA1,2,259996,109086,109086,899,10,10,3,,3,0,True
41157,2019,MA1,2,259996,109086,109086,899,11,11,4,,4,0,True
41157,2019,MA1,2,259996,109086,109086,899,12,12,3,,4,1,True
41157,2019,MA1,2,259996,109086,109086,899,13,13,3,,3,0,True
41157,2019,MA1,2,259996,109086,109086,899,14,14,3,,3,0,True
41157,2019,MA1,2,259996,109086,109086,899,15,15,4,,4,0,True
41157,2019,MA1,2,259996,109086,109086,899,16,16,4,,4,0,True
41157,2019,MA1,2,259996,109086,109086,899,17,17,5,,6,1,True
41157,2019,MA1,2,259996,109086,109086,899,18,18,3,,2,-1,True
41157,2019,MA1,2,259996,109749,109749,864,1,1,3,,3,0,True
41157,2019,MA1,2,259996,109749,109749,864,2,2,4,,5,1,True
41157,2019,MA1,2,259996,109749,109749,864,3,3,4,,4,0,True
41157,2019,MA1,2,259996,109749,109749,864,4,4,3,,3,0,True
41157,2019,MA1,2,259996,109749,109749,864,5,5,3,,3,0,True
41157,2019,MA1,2,259996,109749,109749,864,6,6,4,,4,0,True
41157,2019,MA1,2,259996,109749,109749,864,7,7,3,,3,0,True
41157,2019,MA1,2,259996,109749,109749,864,8,8,3,,3,0,True
41157,2019,MA1,2,259996,109749,109749,864,9,9,3,,3,0,True
41157,2019,MA1,2,259996,109749,109749,864,10,10,3,,3,0,True
41157,2019,MA1,2,259996,109749,109749,864,11,11,4,,4,0,True
41157,2019,MA1,2,259996,109749,109749,864,12,12,3,,4,1,True
41157,2019,MA1,2,259996,109749,109749,864,13,13,3,,3,0,True
41157,2019,MA1,2,259996,109749,109749,864,14,14,3,,4,1,True
41157,2019,MA1,2,259996,109749,109749,864,15,15,4,,4,0,True
41157,2019,MA1,2,259996,109749,109749,864,16,16,4,,5,1,True
41157,2019,MA1,2,259996,109749,109749,864,17,17,5,,6,1,True
41157,2019,MA1,2,259996,109749,109749,864,18,18,3,,2,-1,True
41157,2019,MA1,2,259996,95717,95717,904,1,1,3,,3,0,True
41157,2019,MA1,2,259996,95717,95717,904,2,2,4,,4,0,True
41157,2019,MA1,2,259996,95717,95717,904,3,3,4,,4,0,True
41157,2019,MA1,2,259996,95717,95717,904,4,4,3,,4,1,True
41157,2019,MA1,2,259996,95717,95717,904,5,5,3,,4,1,True
41157,2019,MA1,2,259996,95717,95717,904,6,6,4,,4,0,True
41157,2019,MA1,2,259996,95717,95717,904,7,7,3,,4,1,True
41157,2019,MA1,2,259996,95717,95717,904,8,8,3,,4,1,True
41157,2019,MA1,2,259996,95717,95717,904,9,9,3,,3,0,True
41157,2019,MA1,2,259996,95717,95717,904,10,10,3,,3,0,True
41157,2019,MA1,2,259996,95717,95717,904,11,11,4,,5,1,True
41157,2019,MA1,2,259996,95717,95717,904,12,12,3,,4,1,True
41157,2019,MA1,2,259996,95717,95717,904,13,13,3,,3,0,True
41157,2019,MA1,2,259996,95717,95717,904,14,14,3,,5,2,True
41157,2019,MA1,2,259996,95717,95717,904,15,15,4,,5,1,True
41157,2019,MA1,2,259996,95717,95717,904,16,16,4,,4,0,True
41157,2019,MA1,2,259996,95717,95717,904,17,17,5,,5,0,True
41157,2019,MA1,2,259996,95717,95717,904,18,18,3,,3,0,True
41157,2019,MA1,2,259996,73588,73588,882,1,1,3,,5,2,True
41157,2019,MA1,2,259996,73588,73588,882,2,2,4,,5,1,True
41157,2019,MA1,2,259996,73588,73588,882,3,3,4,,4,0,True
41157,2019,MA1,2,259996,73588,73588,882,4,4,3,,5,2,True
41157,2019,MA1,2,259996,73588,73588,882,5,5,3,,3,0,True
41157,2019,MA1,2,259996,73588,73588,882,6,6,4,,4,0,True
41157,2019,MA1,2,259996,73588,73588,882,7,7,3,,4,1,True
41157,2019,MA1,2,259996,73588,73588,882,8,8,3,,4,1,True
41157,2019,MA1,2,259996,73588,73588,882,9,9,3,,3,0,True
41157,2019,MA1,2,259996,73588,73588,882,10,10,3,,3,0,True
41157,2019,MA1,2,259996,73588,73588,882,11,11,4,,4,0,True
41157,2019,MA1,2,259996,73588,73588,882,12,12,3,,3,0,True
41157,2019,MA1,2,259996,73588,73588,882,13,13,3,,3,0,True
41157,2019,MA1,2,259996,73588,73588,882,14,14,3,,3,0,True
41157,2019,MA1,2,259996,73588,73588,882,15,15,4,,3,-1,True
41157,2019,MA1,2,259996,73588,73588,882,16,16,4,,5,1,True
41157,2019,MA1,2,259996,73588,73588,882,17,17,5,,9,4,True
41157,2019,MA1,2,259996,73588,73588,882,18,18,3,,2,-1,True
41157,2019,MA2,1,268206,110707,110707,895,1,1,3,,3,0,True
41157,2019,MA2,1,268206,110707,110707,895,2,2,4,,4,0,True
41157,2019,MA2,1,268206,110707,110707,895,3,3,4,,3,-1,True
41157,2019,MA2,1,268206,110707,110707,895,4,4,3,,4,1,True
41157,2019,MA2,1,268206,110707,110707,895,5,5,3,,3,0,True
41157,2019,MA2,1,268206,110707,110707,895,6,6,4,,4,0,True
41157,2019,MA2,1,268206,110707,110707,895,7,7,3,,2,-1,True
41157,2019,MA2,1,268206,110707,110707,895,8,8,3,,3,0,True
41157,2019,MA2,1,268206,110707,110707,895,9,9,3,,3,0,True
41157,2019,MA2,1,268206,110707,110707,895,10,10,3,,2,-1,True
41157,2019,MA2,1,268206,110707,110707,895,11,11,4,,3,-1,True
41157,2019,MA2,1,268206,110707,110707,895,12,12,3,,3,0,True
41157,2019,MA2,1,268206,110707,110707,895,13,13,3,,3,0,True
41157,2019,MA2,1,268206,110707,110707,895,14,14,3,,3,0,True
41157,2019,MA2,1,268206,110707,110707,895,15,15,4,,5,1,True
41157,2019,MA2,1,268206,110707,110707,895,16,16,4,,5,1,True
41157,2019,MA2,1,268206,110707,110707,895,17,17,5,,5,0,True
41157,2019,MA2,1,268206,110707,110707,895,18,18,3,,2,-1,True
41157,2019,MA2,1,268206,118928,118928,907,1,1,3,,3,0,True
41157,2019,MA2,1,268206,118928,118928,907,2,2,4,,4,0,True
41157,2019,MA2,1,268206,118928,118928,907,3,3,4,,3,-1,True
41157,2019,MA2,1,268206,118928,118928,907,4,4,3,,3,0,True
41157,2019,MA2,1,268206,118928,118928,907,5,5,3,,3,0,True
41157,2019,MA2,1,268206,118928,118928,907,6,6,4,,3,-1,True
41157,2019,MA2,1,268206,118928,118928,907,7,7,3,,3,0,True
41157,2019,MA2,1,268206,118928,118928,907,8,8,3,,4,1,True
41157,2019,MA2,1,268206,118928,118928,907,9,9,3,,2,-1,True
41157,2019,MA2,1,268206,118928,118928,907,10,10,3,,3,0,True
41157,2019,MA2,1,268206,118928,118928,907,11,11,4,,4,0,True
41157,2019,MA2,1,268206,118928,118928,907,12,12,3,,3,0,True
41157,2019,MA2,1,268206,118928,118928,907,13,13,3,,2,-1,True
41157,2019,MA2,1,268206,118928,118928,907,14,14,3,,3,0,True
41157,2019,MA2,1,268206,118928,118928,907,15,15,4,,5,1,True
41157,2019,MA2,1,268206,118928,118928,907,16,16,4,,6,2,True
41157,2019,MA2,1,268206,118928,118928,907,17,17,5,,4,-1,True
41157,2019,MA2,1,268206,118928,118928,907,18,18,3,,3,0,True
41157,2019,MA2,1,268206,96154,96154,833,1,1,3,,3,0,True
41157,2019,MA2,1,268206,96154,96154,833,2,2,4,,4,0,True
41157,2019,MA2,1,268206,96154,96154,833,3,3,4,,4,0,True
41157,2019,MA2,1,268206,96154,96154,833,4,4,3,,3,0,True
41157,2019,MA2,1,268206,96154,96154,833,5,5,3,,3,0,True
41157,2019,MA2,1,268206,96154,96154,833,6,6,4,,5,1,True
41157,2019,MA2,1,268206,96154,96154,833,7,7,3,,2,-1,True
41157,2019,MA2,1,268206,96154,96154,833,8,8,3,,2,-1,True
41157,2019,MA2,1,268206,96154,96154,833,9,9,3,,3,0,True
41157,2019,MA2,1,268206,96154,96154,833,10,10,3,,3,0,True
41157,2019,MA2,1,268206,96154,96154,833,11,11,4,,4,0,True
41157,2019,MA2,1,268206,96154,96154,833,12,12,3,,3,0,True
41157,2019,MA2,1,268206,96154,96154,833,13,13,3,,3,0,True
41157,2019,MA2,1,268206,96154,96154,833,14,14,3,,3,0,True
41157,2019,MA2,1,268206,96154,96154,833,15,15,4,,5,1,True
41157,2019,MA2,1,268206,96154,96154,833,16,16,4,,4,0,True
41157,2019,MA2,1,268206,96154,96154,833,17,17,5,,5,0,True
41157,2019,MA2,1,268206,96154,96154,833,18,18,3,,3,0,True
41157,2019,MA2,1,268206,93062,93062,840,1,1,3,,3,0,True
41157,2019,MA2,1,268206,93062,93062,840,2,2,4,,3,-1,True
41157,2019,MA2,1,268206,93062,93062,840,3,3,4,,4,0,True
41157,2019,MA2,1,268206,93062,93062,840,4,4,3,,3,0,True
41157,2019,MA2,1,268206,93062,93062,840,5,5,3,,4,1,True
41157,2019,MA2,1,268206,93062,93062,840,6,6,4,,4,0,True
41157,2019,MA2,1,268206,93062,93062,840,7,7,3,,3,0,True
41157,2019,MA2,1,268206,93062,93062,840,8,8,3,,5,2,True
41157,2019,MA2,1,268206,93062,93062,840,9,9,3,,3,0,True
41157,2019,MA2,1,268206,93062,93062,840,10,10,3,,4,1,True
41157,2019,MA2,1,268206,93062,93062,840,11,11,4,,4,0,True
41157,2019,MA2,1,268206,93062,93062,840,12,12,3,,4,1,True
41157,2019,MA2,1,268206,93062,93062,840,13,13,3,,3,0,True
41157,2019,MA2,1,268206,93062,93062,840,14,14,3,,3,0,True
41157,2019,MA2,1,268206,93062,93062,840,15,15,4,,4,0,True
41157,2019,MA2,1,268206,93062,93062,840,16,16,4,,5,1,True
41157,2019,MA2,1,268206,93062,93062,840,17,17,5,,7,2,True
41157,2019,MA2,1,268206,93062,93062,840,18,18,3,,3,0,True
41157,2019,MA2,1,268206,name:jared pfeiffer,,,1,1,3,,4,1,True
41157,2019,MA2,1,268206,name:jared pfeiffer,,,2,2,4,,4,0,True
41157,2019,MA2,1,268206,name:jared pfeiffer,,,3,3,4,,4,0,True
41157,2019,MA2,1,268206,name:jared pfeiffer,,,4,4,3,,4,1,True
41157,2019,MA2,1,268206,name:jared pfeiffer,,,5,5,3,,4,1,True
41157,2019,MA2,1,268206,name:jared pfeiffer,,,6,6,4,,5,1,True
41157,2019,MA2,1,268206,name:jared pfeiffer,,,7,7,3,,4,1,True
41157,2019,MA2,1,268206,name:jared pfeiffer,,,8,8,3,,5,2,True
41157,2019,MA2,1,268206,name:jared pfeiffer,,,9,9,3,,3,0,True
41157,2019,MA2,1,268206,name:jared pfeiffer,,,10,10,3,,4,1,True
41157,2019,MA2,1,268206,name:jared pfeiffer,,,11,11,4,,5,1,True
41157,2019,MA2,1,268206,name:jared pfeiffer,,,12,12,3,,4,1,True
41157,2019,MA2,1,268206,name:jared pfeiffer,,,13,13,3,,4,1,True
41157,2019,MA2,1,268206,name:jared pfeiffer,,,14,14,3,,4,1,True
41157,2019,MA2,1,268206,name:jared pfeiffer,,,15,15,4,,5,1,True
41157,2019,MA2,1,268206,name:jared pfeiffer,,,16,16,4,,5,1,True
41157,2019,MA2,1,268206,name:jared pfeiffer,,,17,17,5,,6,1,True
41157,2019,MA2,1,268206,name:jared pfeiffer,,,18,18,3,,4,1,True
41157,2019,MA2,2,268206,120721,120721,863,1,1,3,,3,0,True
41157,2019,MA2,2,268206,120721,120721,863,2,2,4,,4,0,True
41157,2019,MA2,2,268206,120721,120721,863,3,3,4,,4,0,True
41157,2019,MA2,2,268206,120721,120721,863,4,4,3,,3,0,True
41157,2019,MA2,2,268206,120721,120721,863,5,5,3,,4,1,True
41157,2019,MA2,2,268206,120721,120721,863,6,6,4,,4,0,True
41157,2019,MA2,2,268206,120721,120721,863,7,7,3,,3,0,True
41157,2019,MA2,2,268206,120721,120721,863,8,8,3,,4,1,True
41157,2019,MA2,2,268206,120721,120721,863,9,9,3,,3,0,True
41157,2019,MA2,2,268206,120721,120721,863,10,10,3,,3,0,True
41157,2019,MA2,2,268206,120721,120721,863,11,11,4,,4,0,True
41157,2019,MA2,2,268206,120721,120721,863,12,12,3,,4,1,True
41157,2019,MA2,2,268206,120721,120721,863,13,13,3,,2,-1,True
41157,2019,MA2,2,268206,120721,120721,863,14,14,3,,4,1,True
41157,2019,MA2,2,268206,120721,120721,863,15,15,4,,5,1,True
41157,2019,MA2,2,268206,120721,120721,863,16,16,4,,4,0,True
41157,2019,MA2,2,268206,120721,120721,863,17,17,5,,5,0,True
41157,2019,MA2,2,268206,120721,120721,863,18,18,3,,3,0,True
41157,2019,MA2,2,268206,50816,50816,841,1,1,3,,4,1,True
41157,2019,MA2,2,268206,50816,50816,841,2,2,4,,4,0,True
41157,2019,MA2,2,268206,50816,50816,841,3,3,4,,4,0,True
41157,2019,MA2,2,268206,50816,50816,841,4,4,3,,3,0,True
41157,2019,MA2,2,268206,50816,50816,841,5,5,3,,3,0,True
41157,2019,MA2,2,268206,50816,50816,841,6,6,4,,4,0,True
41157,2019,MA2,2,268206,50816,50816,841,7,7,3,,3,0,True
41157,2019,MA2,2,268206,50816,50816,841,8,8,3,,3,0,True
41157,2019,MA2,2,268206,50816,50816,841,9,9,3,,3,0,True
41157,2019,MA2,2,268206,50816,50816,841,10,10,3,,4,1,True
41157,2019,MA2,2,268206,50816,50816,841,11,11,4,,4,0,True
41157,2019,MA2,2,268206,50816,50816,841,12,12,3,,3,0,True
41157,2019,MA2,2,268206,50816,50816,841,13,13,3,,2,-1,True
41157,2019,MA2,2,268206,50816,50816,841,14,14,3,,2,-1,True
41157,2019,MA2,2,268206,50816,50816,841,15,15,4,,4,0,True
41157,2019,MA2,2,268206,50816,50816,841,16,16,4,,5,1,True
41157,2019,MA2,2,268206,50816,50816,841,17,17,5,,7,2,True
41157,2019,MA2,2,268206,50816,50816,841,18,18,3,,4,1,True
41157,2019,MA2,2,268206,93062,93062,840,1,1,3,,3,0,True
41157,2019,MA2,2,268206,93062,93062,840,2,2,4,,5,1,True
41157,2019,MA2,2,268206,93062,93062,840,3,3,4,,4,0,True
41157,2019,MA2,2,268206,93062,93062,840,4,4,3,,3,0,True
41157,2019,MA2,2,268206,93062,93062,840,5,5,3,,2,-1,True
41157,2019,MA2,2,268206,93062,93062,840,6,6,4,,4,0,True
41157,2019,MA2,2,268206,93062,93062,840,7,7,3,,3,0,True
41157,2019,MA2,2,268206,93062,93062,840,8,8,3,,3,0,True
41157,2019,MA2,2,268206,93062,93062,840,9,9,3,,2,-1,True
41157,2019,MA2,2,268206,93062,93062,840,10,10,3,,2,-1,True
41157,2019,MA2,2,268206,93062,93062,840,11,11,4,,4,0,True
41157,2019,MA2,2,268206,93062,93062,840,12,12,3,,5,2,True
41157,2019,MA2,2,268206,93062,93062,840,13,13,3,,2,-1,True
41157,2019,MA2,2,268206,93062,93062,840,14,14,3,,3,0,True
41157,2019,MA2,2,268206,93062,93062,840,15,15,4,,6,2,True
41157,2019,MA2,2,268206,93062,93062,840,16,16,4,,3,-1,True
41157,2019,MA2,2,268206,93062,93062,840,17,17,5,,6,1,True
41157,2019,MA2,2,268206,93062,93062,840,18,18,3,,3,0,True
41157,2019,MA2,2,268206,125489,125489,,1,1,3,,5,2,True
41157,2019,MA2,2,268206,125489,125489,,2,2,4,,6,2,True
41157,2019,MA2,2,268206,125489,125489,,3,3,4,,6,2,True
41157,2019,MA2,2,268206,125489,125489,,4,4,3,,6,3,True
41157,2019,MA2,2,268206,125489,125489,,5,5,3,,4,1,True
41157,2019,MA2,2,268206,125489,125489,,6,6,4,,8,4,True
41157,2019,MA2,2,268206,125489,125489,,7,7,3,,3,0,True
41157,2019,MA2,2,268206,125489,125489,,8,8,3,,4,1,True
41157,2019,MA2,2,268206,125489,125489,,9,9,3,,5,2,True
41157,2019,MA2,2,268206,125489,125489,,10,10,3,,5,2,True
41157,2019,MA2,2,268206,125489,125489,,11,11,4,,7,3,True
41157,2019,MA2,2,268206,125489,125489,,12,12,3,,4,1,True
41157,2019,MA2,2,268206,125489,125489,,13,13,3,,3,0,True
41157,2019,MA2,2,268206,125489,125489,,14,14,3,,3,0,True
41157,2019,MA2,2,268206,125489,125489,,15,15,4,,7,3,True
41157,2019,MA2,2,268206,125489,125489,,16,16,4,,7,3,True
41157,2019,MA2,2,268206,125489,125489,,17,17,5,,8,3,True
41157,2019,MA2,2,268206,125489,125489,,18,18,3,,4,1,True
41157,2019,MA40,2,268206,98275,98275,878,1,1,3,,3,0,True
41157,2019,MA40,2,268206,98275,98275,878,2,2,4,,4,0,True
41157,2019,MA40,2,268206,98275,98275,878,3,3,4,,5,1,True
41157,2019,MA40,2,268206,98275,98275,878,4,4,3,,3,0,True
41157,2019,MA40,2,268206,98275,98275,878,5,5,3,,4,1,True
41157,2019,MA40,2,268206,98275,98275,878,6,6,4,,5,1,True
41157,2019,MA40,2,268206,98275,98275,878,7,7,3,,3,0,True
41157,2019,MA40,2,268206,98275,98275,878,8,8,3,,4,1,True
41157,2019,MA40,2,268206,98275,98275,878,9,9,3,,2,-1,True
41157,2019,MA40,2,268206,98275,98275,878,10,10,3,,3,0,True
41157,2019,MA40,2,268206,98275,98275,878,11,11,4,,4,0,True
41157,2019,MA40,2,268206,98275,98275,878,12,12,3,,3,0,True
41157,2019,MA40,2,268206,98275,98275,878,13,13,3,,2,-1,True
41157,2019,MA40,2,268206,98275,98275,878,14,14,3,,3,0,True
41157,2019,MA40,2,268206,98275,98275,878,15,15,4,,3,-1,True
41157,2019,MA40,2,268206,98275,98275,878,16,16,4,,5,1,True
41157,2019,MA40,2,268206,98275,98275,878,17,17,5,,5,0,True
41157,2019,MA40,2,268206,98275,98275,878,18,18,3,,3,0,True
41157,2019,MA40,2,268206,94409,94409,869,1,1,3,,3,0,True
41157,2019,MA40,2,268206,94409,94409,869,2,2,4,,3,-1,True
41157,2019,MA40,2,268206,94409,94409,869,3,3,4,,3,-1,True
41157,2019,MA40,2,268206,94409,94409,869,4,4,3,,3,0,True
41157,2019,MA40,2,268206,94409,94409,869,5,5,3,,2,-1,True
41157,2019,MA40,2,268206,94409,94409,869,6,6,4,,3,-1,True
41157,2019,MA40,2,268206,94409,94409,869,7,7,3,,3,0,True
41157,2019,MA40,2,268206,94409,94409,869,8,8,3,,3,0,True
41157,2019,MA40,2,268206,94409,94409,869,9,9,3,,2,-1,True
41157,2019,MA40,2,268206,94409,94409,869,10,10,3,,2,-1,True
41157,2019,MA40,2,268206,94409,94409,869,11,11,4,,4,0,True
41157,2019,MA40,2,268206,94409,94409,869,12,12,3,,3,0,True
41157,2019,MA40,2,268206,94409,94409,869,13,13,3,,3,0,True
41157,2019,MA40,2,268206,94409,94409,869,14,14,3,,3,0,True
41157,2019,MA40,2,268206,94409,94409,869,15,15,4,,4,0,True
41157,2019,MA40,2,268206,94409,94409,869,16,16,4,,5,1,True
41157,2019,MA40,2,268206,94409,94409,869,17,17,5,,6,1,True
41157,2019,MA40,2,268206,94409,94409,869,18,18,3,,2,-1,True
41157,2019,MA40,2,268206,94273,94273,867,1,1,3,,3,0,True
41157,2019,MA40,2,268206,94273,94273,867,2,2,4,,4,0,True
41157,2019,MA40,2,268206,94273,94273,867,3,3,4,,5,1,True
41157,2019,MA40,2,268206,94273,94273,867,4,4,3,,4,1,True
41157,2019,MA40,2,268206,94273,94273,867,5,5,3,,2,-1,True
41157,2019,MA40,2,268206,94273,94273,867,6,6,4,,5,1,True
41157,2019,MA40,2,268206,94273,94273,867,7,7,3,,3,0,True
41157,2019,MA40,2,268206,94273,94273,867,8,8,3,,2,-1,True
41157,2019,MA40,2,268206,94273,94273,867,9,9,3,,3,0,True
41157,2019,MA40,2,268206,94273,94273,867,10,10,3,,3,0,True
41157,2019,MA40,2,268206,94273,94273,867,11,11,4,,5,1,True
41157,2019,MA40,2,268206,94273,94273,867,12,12,3,,2,-1,True
41157,2019,MA40,2,268206,94273,94273,867,13,13,3,,3,0,True
41157,2019,MA40,2,268206,94273,94273,867,14,14,3,,3,0,True
41157,2019,MA40,2,268206,94273,94273,867,15,15,4,,4,0,True
41157,2019,MA40,2,268206,94273,94273,867,16,16,4,,4,0,True
41157,2019,MA40,2,268206,94273,94273,867,17,17,5,,4,-1,True
41157,2019,MA40,2,268206,94273,94273,867,18,18,3,,3,0,True
41157,2019,MA40,2,268206,name:steven bosonac,,,1,1,3,,6,3,False
41157,2019,MA40,2,268206,name:steven bosonac,,,2,2,4,,7,3,False
41157,2019,MA40,2,268206,name:steven bosonac,,,3,3,4,,7,3,False
41157,2019,MA40,2,268206,name:steven bosonac,,,4,4,3,,6,3,False
41157,2019,MA40,2,268206,name:steven bosonac,,,5,5,3,,6,3,False
41157,2019,MA40,2,268206,name:steven bosonac,,,6,6,4,,7,3,False
41157,2019,MA40,2,268206,name:steven bosonac,,,7,7,3,,6,3,False
41157,2019,MA40,2,268206,name:steven bosonac,,,8,8,3,,6,3,False
41157,2019,MA40,2,268206,name:steven bosonac,,,9,9,3,,6,3,False
41157,2019,MA40,2,268206,name:steven bosonac,,,10,10,3,,6,3,False
41157,2019,MA40,2,268206,name:steven bosonac,,,14,14,3,,6,3,False
41157,2019,MA40,2,268206,name:steven bosonac,,,15,15,4,,7,3,False
41157,2019,MA40,2,268206,name:steven bosonac,,,16,16,4,,7,3,False
41157,2019,MA40,2,268206,name:steven bosonac,,,17,17,5,,8,3,False
41157,2019,MA40,2,268206,name:steven bosonac,,,18,18,3,,6,3,False
41157,2019,MA50,1,268206,91301,91301,885,1,1,3,,3,0,True
41157,2019,MA50,1,268206,91301,91301,885,2,2,4,,3,-1,True
41157,2019,MA50,1,268206,91301,91301,885,3,3,4,,4,0,True
41157,2019,MA50,1,268206,91301,91301,885,4,4,3,,3,0,True
41157,2019,MA50,1,268206,91301,91301,885,5,5,3,,3,0,True
41157,2019,MA50,1,268206,91301,91301,885,6,6,4,,4,0,True
41157,2019,MA50,1,268206,91301,91301,885,7,7,3,,3,0,True
41157,2019,MA50,1,268206,91301,91301,885,8,8,3,,3,0,True
41157,2019,MA50,1,268206,91301,91301,885,9,9,3,,3,0,True
41157,2019,MA50,1,268206,91301,91301,885,10,10,3,,3,0,True
41157,2019,MA50,1,268206,91301,91301,885,11,11,4,,4,0,True
41157,2019,MA50,1,268206,91301,91301,885,12,12,3,,4,1,True
41157,2019,MA50,1,268206,91301,91301,885,13,13,3,,3,0,True
41157,2019,MA50,1,268206,91301,91301,885,14,14,3,,3,0,True
41157,2019,MA50,1,268206,91301,91301,885,15,15,4,,5,1,True
41157,2019,MA50,1,268206,91301,91301,885,16,16,4,,4,0,True
41157,2019,MA50,1,268206,91301,91301,885,17,17,5,,6,1,True
41157,2019,MA50,1,268206,91301,91301,885,18,18,3,,3,0,True
41157,2019,MA50,1,268206,75326,75326,886,1,1,3,,4,1,True
41157,2019,MA50,1,268206,75326,75326,886,2,2,4,,5,1,True
41157,2019,MA50,1,268206,75326,75326,886,3,3,4,,4,0,True
41157,2019,MA50,1,268206,75326,75326,886,4,4,3,,4,1,True
41157,2019,MA50,1,268206,75326,75326,886,5,5,3,,4,1,True
41157,2019,MA50,1,268206,75326,75326,886,6,6,4,,4,0,True
41157,2019,MA50,1,268206,75326,75326,886,7,7,3,,3,0,True
41157,2019,MA50,1,268206,75326,75326,886,8,8,3,,3,0,True
41157,2019,MA50,1,268206,75326,75326,886,9,9,3,,3,0,True
41157,2019,MA50,1,268206,75326,75326,886,10,10,3,,4,1,True
41157,2019,MA50,1,268206,75326,75326,886,11,11,4,,3,-1,True
41157,2019,MA50,1,268206,75326,75326,886,12,12,3,,5,2,True
41157,2019,MA50,1,268206,75326,75326,886,13,13,3,,4,1,True
41157,2019,MA50,1,268206,75326,75326,886,14,14,3,,4,1,True
41157,2019,MA50,1,268206,75326,75326,886,15,15,4,,5,1,True
41157,2019,MA50,1,268206,75326,75326,886,16,16,4,,4,0,True
41157,2019,MA50,1,268206,75326,75326,886,17,17,5,,6,1,True
41157,2019,MA50,1,268206,75326,75326,886,18,18,3,,3,0,True
41157,2019,MA50,2,268206,91301,91301,885,1,1,3,,3,0,True
41157,2019,MA50,2,268206,91301,91301,885,2,2,4,,5,1,True
41157,2019,MA50,2,268206,91301,91301,885,3,3,4,,4,0,True
41157,2019,MA50,2,268206,91301,91301,885,4,4,3,,3,0,True
41157,2019,MA50,2,268206,91301,91301,885,5,5,3,,3,0,True
41157,2019,MA50,2,268206,91301,91301,885,6,6,4,,4,0,True
41157,2019,MA50,2,268206,91301,91301,885,7,7,3,,3,0,True
41157,2019,MA50,2,268206,91301,91301,885,8,8,3,,4,1,True
41157,2019,MA50,2,268206,91301,91301,885,9,9,3,,2,-1,True
41157,2019,MA50,2,268206,91301,91301,885,10,10,3,,3,0,True
41157,2019,MA50,2,268206,91301,91301,885,11,11,4,,5,1,True
41157,2019,MA50,2,268206,91301,91301,885,12,12,3,,4,1,True
41157,2019,MA50,2,268206,91301,91301,885,13,13,3,,2,-1,True
41157,2019,MA50,2,268206,91301,91301,885,14,14,3,,3,0,True
41157,2019,MA50,2,268206,91301,91301,885,15,15,4,,4,0,True
41157,2019,MA50,2,268206,91301,91301,885,16,16,4,,4,0,True
41157,2019,MA50,2,268206,91301,91301,885,17,17,5,,5,0,True
41157,2019,MA50,2,268206,91301,91301,885,18,18,3,,4,1,True
41157,2019,MA50,2,268206,75326,75326,886,1,1,3,,4,1,True
41157,2019,MA50,2,268206,75326,75326,886,2,2,4,,5,1,True
41157,2019,MA50,2,268206,75326,75326,886,3,3,4,,4,0,True
41157,2019,MA50,2,268206,75326,75326,886,4,4,3,,3,0,True
41157,2019,MA50,2,268206,75326,75326,886,5,5,3,,4,1,True
41157,2019,MA50,2,268206,75326,75326,886,6,6,4,,3,-1,True
41157,2019,MA50,2,268206,75326,75326,886,7,7,3,,3,0,True
41157,2019,MA50,2,268206,75326,75326,886,8,8,3,,3,0,True
41157,2019,MA50,2,268206,75326,75326,886,9,9,3,,3,0,True
41157,2019,MA50,2,268206,75326,75326,886,10,10,3,,4,1,True
41157,2019,MA50,2,268206,75326,75326,886,11,11,4,,4,0,True
41157,2019,MA50,2,268206,75326,75326,886,12,12,3,,3,0,True
41157,2019,MA50,2,268206,75326,75326,886,13,13,3,,3,0,True
41157,2019,MA50,2,268206,75326,75326,886,14,14,3,,2,-1,True
41157,2019,MA50,2,268206,75326,75326,886,15,15,4,,4,0,True
41157,2019,MA50,2,268206,75326,75326,886,16,16,4,,4,0,True
41157,2019,MA50,2,268206,75326,75326,886,17,17,5,,5,0,True
41157,2019,MA50,2,268206,75326,75326,886,18,18,3,,2,-1,True
41157,2019,MP40,1,259996,96621,96621,958,1,1,3,,3,0,True
41157,2019,MP40,1,259996,96621,96621,958,2,2,4,,3,-1,True
41157,2019,MP40,1,259996,96621,96621,958,3,3,4,,4,0,True
41157,2019,MP40,1,259996,96621,96621,958,4,4,3,,3,0,True
41157,2019,MP40,1,259996,96621,96621,958,5,5,3,,3,0,True
41157,2019,MP40,1,259996,96621,96621,958,6,6,4,,3,-1,True
41157,2019,MP40,1,259996,96621,96621,958,7,7,3,,3,0,True
41157,2019,MP40,1,259996,96621,96621,958,8,8,3,,3,0,True
41157,2019,MP40,1,259996,96621,96621,958,9,9,3,,3,0,True
41157,2019,MP40,1,259996,96621,96621,958,10,10,3,,3,0,True
41157,2019,MP40,1,259996,96621,96621,958,11,11,4,,4,0,True
41157,2019,MP40,1,259996,96621,96621,958,12,12,3,,2,-1,True
41157,2019,MP40,1,259996,96621,96621,958,13,13,3,,4,1,True
41157,2019,MP40,1,259996,96621,96621,958,14,14,3,,3,0,True
41157,2019,MP40,1,259996,96621,96621,958,15,15,4,,4,0,True
41157,2019,MP40,1,259996,96621,96621,958,16,16,4,,4,0,True
41157,2019,MP40,1,259996,96621,96621,958,17,17,5,,5,0,True
41157,2019,MP40,1,259996,96621,96621,958,18,18,3,,2,-1,True
41157,2019,MP40,1,259996,27112,27112,937,1,1,3,,3,0,True
41157,2019,MP40,1,259996,27112,27112,937,2,2,4,,4,0,True
41157,2019,MP40,1,259996,27112,27112,937,3,3,4,,4,0,True
41157,2019,MP40,1,259996,27112,27112,937,4,4,3,,2,-1,True
41157,2019,MP40,1,259996,27112,27112,937,5,5,3,,4,1,True
41157,2019,MP40,1,259996,27112,27112,937,6,6,4,,4,0,True
41157,2019,MP40,1,259996,27112,27112,937,7,7,3,,4,1,True
41157,2019,MP40,1,259996,27112,27112,937,8,8,3,,3,0,True
41157,2019,MP40,1,259996,27112,27112,937,9,9,3,,3,0,True
41157,2019,MP40,1,259996,27112,27112,937,10,10,3,,2,-1,True
41157,2019,MP40,1,259996,27112,27112,937,11,11,4,,4,0,True
41157,2019,MP40,1,259996,27112,27112,937,12,12,3,,3,0,True
41157,2019,MP40,1,259996,27112,27112,937,13,13,3,,4,1,True
41157,2019,MP40,1,259996,27112,27112,937,14,14,3,,4,1,True
41157,2019,MP40,1,259996,27112,27112,937,15,15,4,,4,0,True
41157,2019,MP40,1,259996,27112,27112,937,16,16,4,,6,2,True
41157,2019,MP40,1,259996,27112,27112,937,17,17,5,,5,0,True
41157,2019,MP40,1,259996,27112,27112,937,18,18,3,,3,0,True
41157,2019,MP40,2,259996,15089,15089,942,1,1,3,,3,0,True
41157,2019,MP40,2,259996,15089,15089,942,2,2,4,,3,-1,True
41157,2019,MP40,2,259996,15089,15089,942,3,3,4,,3,-1,True
41157,2019,MP40,2,259996,15089,15089,942,4,4,3,,4,1,True
41157,2019,MP40,2,259996,15089,15089,942,5,5,3,,3,0,True
41157,2019,MP40,2,259996,15089,15089,942,6,6,4,,4,0,True
41157,2019,MP40,2,259996,15089,15089,942,7,7,3,,2,-1,True
41157,2019,MP40,2,259996,15089,15089,942,8,8,3,,2,-1,True
41157,2019,MP40,2,259996,15089,15089,942,9,9,3,,3,0,True
41157,2019,MP40,2,259996,15089,15089,942,10,10,3,,2,-1,True
41157,2019,MP40,2,259996,15089,15089,942,11,11,4,,4,0,True
41157,2019,MP40,2,259996,15089,15089,942,12,12,3,,3,0,True
41157,2019,MP40,2,259996,15089,15089,942,13,13,3,,2,-1,True
41157,2019,MP40,2,259996,15089,15089,942,14,14,3,,3,0,True
41157,2019,MP40,2,259996,15089,15089,942,15,15,4,,5,1,True
41157,2019,MP40,2,259996,15089,15089,942,16,16,4,,3,-1,True
41157,2019,MP40,2,259996,15089,15089,942,17,17,5,,6,1,True
41157,2019,MP40,2,259996,15089,15089,942,18,18,3,,3,0,True
41157,2019,MP40,2,259996,24381,24381,938,1,1,3,,4,1,True
41157,2019,MP40,2,259996,24381,24381,938,2,2,4,,3,-1,True
41157,2019,MP40,2,259996,24381,24381,938,3,3,4,,4,0,True
41157,2019,MP40,2,259996,24381,24381,938,4,4,3,,3,0,True
41157,2019,MP40,2,259996,24381,24381,938,5,5,3,,3,0,True
41157,2019,MP40,2,259996,24381,24381,938,6,6,4,,4,0,True
41157,2019,MP40,2,259996,24381,24381,938,7,7,3,,3,0,True
41157,2019,MP40,2,259996,24381,24381,938,8,8,3,,3,0,True
41157,2019,MP40,2,259996,24381,24381,938,9,9,3,,3,0,True
41157,2019,MP40,2,259996,24381,24381,938,10,10,3,,3,0,True
41157,2019,MP40,2,259996,24381,24381,938,11,11,4,,4,0,True
41157,2019,MP40,2,259996,24381,24381,938,12,12,3,,3,0,True
41157,2019,MP40,2,259996,24381,24381,938,13,13,3,,3,0,True
41157,2019,MP40,2,259996,24381,24381,938,14,14,3,,3,0,True
41157,2019,MP40,2,259996,24381,24381,938,15,15,4,,4,0,True
41157,2019,MP40,2,259996,24381,24381,938,16,16,4,,4,0,True
41157,2019,MP40,2,259996,24381,24381,938,17,17,5,,5,0,True
41157,2019,MP40,2,259996,24381,24381,938,18,18,3,,3,0,True
41157,2019,MP40,2,259996,23565,23565,924,1,1,3,,3,0,True
41157,2019,MP40,2,259996,23565,23565,924,2,2,4,,4,0,True
41157,2019,MP40,2,259996,23565,23565,924,3,3,4,,3,-1,True
41157,2019,MP40,2,259996,23565,23565,924,4,4,3,,3,0,True
41157,2019,MP40,2,259996,23565,23565,924,5,5,3,,4,1,True
41157,2019,MP40,2,259996,23565,23565,924,6,6,4,,4,0,True
41157,2019,MP40,2,259996,23565,23565,924,7,7,3,,3,0,True
41157,2019,MP40,2,259996,23565,23565,924,8,8,3,,4,1,True
41157,2019,MP40,2,259996,23565,23565,924,9,9,3,,3,0,True
41157,2019,MP40,2,259996,23565,23565,924,10,10,3,,2,-1,True
41157,2019,MP40,2,259996,23565,23565,924,11,11,4,,4,0,True
41157,2019,MP40,2,259996,23565,23565,924,12,12,3,,4,1,True
41157,2019,MP40,2,259996,23565,23565,924,13,13,3,,2,-1,True
41157,2019,MP40,2,259996,23565,23565,924,14,14,3,,3,0,True
41157,2019,MP40,2,259996,23565,23565,924,15,15,4,,5,1,True
41157,2019,MP40,2,259996,23565,23565,924,16,16,4,,3,-1,True
41157,2019,MP40,2,259996,23565,23565,924,17,17,5,,4,-1,True
41157,2019,MP40,2,259996,23565,23565,924,18,18,3,,4,1,True
41157,2019,MP40,2,259996,96621,96621,958,1,1,3,,3,0,True
41157,2019,MP40,2,259996,96621,96621,958,2,2,4,,4,0,True
41157,2019,MP40,2,259996,96621,96621,958,3,3,4,,4,0,True
41157,2019,MP40,2,259996,96621,96621,958,4,4,3,,3,0,True
41157,2019,MP40,2,259996,96621,96621,958,5,5,3,,3,0,True
41157,2019,MP40,2,259996,96621,96621,958,6,6,4,,4,0,True
41157,2019,MP40,2,259996,96621,96621,958,7,7,3,,4,1,True
41157,2019,MP40,2,259996,96621,96621,958,8,8,3,,4,1,True
41157,2019,MP40,2,259996,96621,96621,958,9,9,3,,3,0,True
41157,2019,MP40,2,259996,96621,96621,958,10,10,3,,3,0,True
41157,2019,MP40,2,259996,96621,96621,958,11,11,4,,3,-1,True
41157,2019,MP40,2,259996,96621,96621,958,12,12,3,,4,1,True
41157,2019,MP40,2,259996,96621,96621,958,13,13,3,,3,0,True
41157,2019,MP40,2,259996,96621,96621,958,14,14,3,,3,0,True
41157,2019,MP40,2,259996,96621,96621,958,15,15,4,,5,1,True
41157,2019,MP40,2,259996,96621,96621,958,16,16,4,,4,0,True
41157,2019,MP40,2,259996,96621,96621,958,17,17,5,,5,0,True
41157,2019,MP40,2,259996,96621,96621,958,18,18,3,,2,-1,True
41157,2019,MP40,2,259996,27112,27112,937,1,1,3,,4,1,True
41157,2019,MP40,2,259996,27112,27112,937,2,2,4,,4,0,True
41157,2019,MP40,2,259996,27112,27112,937,3,3,4,,4,0,True
41157,2019,MP40,2,259996,27112,27112,937,4,4,3,,3,0,True
41157,2019,MP40,2,259996,27112,27112,937,5,5,3,,3,0,True
41157,2019,MP40,2,259996,27112,27112,937,6,6,4,,4,0,True
41157,2019,MP40,2,259996,27112,27112,937,7,7,3,,3,0,True
41157,2019,MP40,2,259996,27112,27112,937,8,8,3,,3,0,True
41157,2019,MP40,2,259996,27112,27112,937,9,9,3,,3,0,True
41157,2019,MP40,2,259996,27112,27112,937,10,10,3,,2,-1,True
41157,2019,MP40,2,259996,27112,27112,937,11,11,4,,3,-1,True
41157,2019,MP40,2,259996,27112,27112,937,12,12,3,,2,-1,True
41157,2019,MP40,2,259996,27112,27112,937,13,13,3,,2,-1,True
41157,2019,MP40,2,259996,27112,27112,937,14,14,3,,3,0,True
41157,2019,MP40,2,259996,27112,27112,937,15,15,4,,5,1,True
41157,2019,MP40,2,259996,27112,27112,937,16,16,4,,4,0,True
41157,2019,MP40,2,259996,27112,27112,937,17,17,5,,6,1,True
41157,2019,MP40,2,259996,27112,27112,937,18,18,3,,4,1,True
41157,2019,MP40,2,259996,49282,49282,897,1,1,3,,3,0,True
41157,2019,MP40,2,259996,49282,49282,897,2,2,4,,4,0,True
41157,2019,MP40,2,259996,49282,49282,897,3,3,4,,4,0,True
41157,2019,MP40,2,259996,49282,49282,897,4,4,3,,3,0,True
41157,2019,MP40,2,259996,49282,49282,897,5,5,3,,3,0,True
41157,2019,MP40,2,259996,49282,49282,897,6,6,4,,4,0,True
41157,2019,MP40,2,259996,49282,49282,897,7,7,3,,3,0,True
41157,2019,MP40,2,259996,49282,49282,897,8,8,3,,2,-1,True
41157,2019,MP40,2,259996,49282,49282,897,9,9,3,,3,0,True
41157,2019,MP40,2,259996,49282,49282,897,10,10,3,,3,0,True
41157,2019,MP40,2,259996,49282,49282,897,11,11,4,,3,-1,True
41157,2019,MP40,2,259996,49282,49282,897,12,12,3,,4,1,True
41157,2019,MP40,2,259996,49282,49282,897,13,13,3,,4,1,True
41157,2019,MP40,2,259996,49282,49282,897,14,14,3,,3,0,True
41157,2019,MP40,2,259996,49282,49282,897,15,15,4,,7,3,True
41157,2019,MP40,2,259996,49282,49282,897,16,16,4,,5,1,True
41157,2019,MP40,2,259996,49282,49282,897,17,17,5,,5,0,True
41157,2019,MP40,2,259996,49282,49282,897,18,18,3,,2,-1,True
41157,2019,MP50,1,268206,77623,77623,926,1,1,3,,3,0,True
41157,2019,MP50,1,268206,77623,77623,926,2,2,4,,4,0,True
41157,2019,MP50,1,268206,77623,77623,926,3,3,4,,5,1,True
41157,2019,MP50,1,268206,77623,77623,926,4,4,3,,3,0,True
41157,2019,MP50,1,268206,77623,77623,926,5,5,3,,4,1,True
41157,2019,MP50,1,268206,77623,77623,926,6,6,4,,3,-1,True
41157,2019,MP50,1,268206,77623,77623,926,7,7,3,,2,-1,True
41157,2019,MP50,1,268206,77623,77623,926,8,8,3,,4,1,True
41157,2019,MP50,1,268206,77623,77623,926,9,9,3,,2,-1,True
41157,2019,MP50,1,268206,77623,77623,926,10,10,3,,3,0,True
41157,2019,MP50,1,268206,77623,77623,926,11,11,4,,3,-1,True
41157,2019,MP50,1,268206,77623,77623,926,12,12,3,,4,1,True
41157,2019,MP50,1,268206,77623,77623,926,13,13,3,,2,-1,True
41157,2019,MP50,1,268206,77623,77623,926,14,14,3,,2,-1,True
41157,2019,MP50,1,268206,77623,77623,926,15,15,4,,3,-1,True
41157,2019,MP50,1,268206,77623,77623,926,16,16,4,,4,0,True
41157,2019,MP50,1,268206,77623,77623,926,17,17,5,,5,0,True
41157,2019,MP50,1,268206,77623,77623,926,18,18,3,,4,1,True
41157,2019,MP50,1,268206,84880,84880,920,1,1,3,,3,0,True
41157,2019,MP50,1,268206,84880,84880,920,2,2,4,,3,-1,True
41157,2019,MP50,1,268206,84880,84880,920,3,3,4,,4,0,True
41157,2019,MP50,1,268206,84880,84880,920,4,4,3,,3,0,True
41157,2019,MP50,1,268206,84880,84880,920,5,5,3,,3,0,True
41157,2019,MP50,1,268206,84880,84880,920,6,6,4,,4,0,True
41157,2019,MP50,1,268206,84880,84880,920,7,7,3,,3,0,True
41157,2019,MP50,1,268206,84880,84880,920,8,8,3,,3,0,True
41157,2019,MP50,1,268206,84880,84880,920,9,9,3,,2,-1,True
41157,2019,MP50,1,268206,84880,84880,920,10,10,3,,3,0,True
41157,2019,MP50,1,268206,84880,84880,920,11,11,4,,4,0,True
41157,2019,MP50,1,268206,84880,84880,920,12,12,3,,3,0,True
41157,2019,MP50,1,268206,84880,84880,920,13,13,3,,3,0,True
41157,2019,MP50,1,268206,84880,84880,920,14,14,3,,2,-1,True
41157,2019,MP50,1,268206,84880,84880,920,15,15,4,,5,1,True
41157,2019,MP50,1,268206,84880,84880,920,16,16,4,,4,0,True
41157,2019,MP50,1,268206,84880,84880,920,17,17,5,,4,-1,True
41157,2019,MP50,1,268206,84880,84880,920,18,18,3,,5,2,True
41157,2019,MP50,1,268206,74478,74478,865,1,1,3,,3,0,True
41157,2019,MP50,1,268206,74478,74478,865,2,2,4,,4,0,True
41157,2019,MP50,1,268206,74478,74478,865,3,3,4,,5,1,True
41157,2019,MP50,1,268206,74478,74478,865,4,4,3,,3,0,True
41157,2019,MP50,1,268206,74478,74478,865,5,5,3,,4,1,True
41157,2019,MP50,1,268206,74478,74478,865,6,6,4,,3,-1,True
41157,2019,MP50,1,268206,74478,74478,865,7,7,3,,2,-1,True
41157,2019,MP50,1,268206,74478,74478,865,8,8,3,,4,1,True
41157,2019,MP50,1,268206,74478,74478,865,9,9,3,,3,0,True
41157,2019,MP50,1,268206,74478,74478,865,10,10,3,,4,1,True
41157,2019,MP50,1,268206,74478,74478,865,11,11,4,,5,1,True
41157,2019,MP50,1,268206,74478,74478,865,12,12,3,,3,0,True
41157,2019,MP50,1,268206,74478,74478,865,13,13,3,,3,0,True
41157,2019,MP50,1,268206,74478,74478,865,14,14,3,,3,0,True
41157,2019,MP50,1,268206,74478,74478,865,15,15,4,,4,0,True
41157,2019,MP50,1,268206,74478,74478,865,16,16,4,,5,1,True
41157,2019,MP50,1,268206,74478,74478,865,17,17,5,,5,0,True
41157,2019,MP50,1,268206,74478,74478,865,18,18,3,,4,1,True
41157,2019,MP50,2,268206,77623,77623,926,1,1,3,,3,0,True
41157,2019,MP50,2,268206,77623,77623,926,2,2,4,,4,0,True
41157,2019,MP50,2,268206,77623,77623,926,3,3,4,,4,0,True
41157,2019,MP50,2,268206,77623,77623,926,4,4,3,,4,1,True
41157,2019,MP50,2,268206,77623,77623,926,5,5,3,,3,0,True
41157,2019,MP50,2,268206,77623,77623,926,6,6,4,,3,-1,True
41157,2019,MP50,2,268206,77623,77623,926,7,7,3,,3,0,True
41157,2019,MP50,2,268206,77623,77623,926,8,8,3,,3,0,True
41157,2019,MP50,2,268206,77623,77623,926,9,9,3,,3,0,True
41157,2019,MP50,2,268206,77623,77623,926,10,10,3,,5,2,True
41157,2019,MP50,2,268206,77623,77623,926,11,11,4,,4,0,True
41157,2019,MP50,2,268206,77623,77623,926,12,12,3,,3,0,True
41157,2019,MP50,2,268206,77623,77623,926,13,13,3,,2,-1,True
41157,2019,MP50,2,268206,77623,77623,926,14,14,3,,3,0,True
41157,2019,MP50,2,268206,77623,77623,926,15,15,4,,3,-1,True
41157,2019,MP50,2,268206,77623,77623,926,16,16,4,,3,-1,True
41157,2019,MP50,2,268206,77623,77623,926,17,17,5,,5,0,True
41157,2019,MP50,2,268206,77623,77623,926,18,18,3,,2,-1,True
41157,2019,MP50,2,268206,84880,84880,920,1,1,3,,3,0,True
41157,2019,MP50,2,268206,84880,84880,920,2,2,4,,4,0,True
41157,2019,MP50,2,268206,84880,84880,920,3,3,4,,4,0,True
41157,2019,MP50,2,268206,84880,84880,920,4,4,3,,3,0,True
41157,2019,MP50,2,268206,84880,84880,920,5,5,3,,3,0,True
41157,2019,MP50,2,268206,84880,84880,920,6,6,4,,4,0,True
41157,2019,MP50,2,268206,84880,84880,920,7,7,3,,2,-1,True
41157,2019,MP50,2,268206,84880,84880,920,8,8,3,,3,0,True
41157,2019,MP50,2,268206,84880,84880,920,9,9,3,,3,0,True
41157,2019,MP50,2,268206,84880,84880,920,10,10,3,,3,0,True
41157,2019,MP50,2,268206,84880,84880,920,11,11,4,,3,-1,True
41157,2019,MP50,2,268206,84880,84880,920,12,12,3,,3,0,True
41157,2019,MP50,2,268206,84880,84880,920,13,13,3,,3,0,True
41157,2019,MP50,2,268206,84880,84880,920,14,14,3,,4,1,True
41157,2019,MP50,2,268206,84880,84880,920,15,15,4,,4,0,True
41157,2019,MP50,2,268206,84880,84880,920,16,16,4,,4,0,True
41157,2019,MP50,2,268206,84880,84880,920,17,17,5,,5,0,True
41157,2019,MP50,2,268206,84880,84880,920,18,18,3,,3,0,True
41157,2019,MP50,2,268206,74478,74478,865,1,1,3,,5,2,True
41157,2019,MP50,2,268206,74478,74478,865,2,2,4,,4,0,True
41157,2019,MP50,2,268206,74478,74478,865,3,3,4,,4,0,True
41157,2019,MP50,2,268206,74478,74478,865,4,4,3,,3,0,True
41157,2019,MP50,2,268206,74478,74478,865,5,5,3,,2,-1,True
41157,2019,MP50,2,268206,74478,74478,865,6,6,4,,4,0,True
41157,2019,MP50,2,268206,74478,74478,865,7,7,3,,3,0,True
41157,2019,MP50,2,268206,74478,74478,865,8,8,3,,4,1,True
41157,2019,MP50,2,268206,74478,74478,865,9,9,3,,3,0,True
41157,2019,MP50,2,268206,74478,74478,865,10,10,3,,3,0,True
41157,2019,MP50,2,268206,74478,74478,865,11,11,4,,5,1,True
41157,2019,MP50,2,268206,74478,74478,865,12,12,3,,3,0,True
41157,2019,MP50,2,268206,74478,74478,865,13,13,3,,3,0,True
41157,2019,MP50,2,268206,74478,74478,865,14,14,3,,3,0,True
41157,2019,MP50,2,268206,74478,74478,865,15,15,4,,4,0,True
41157,2019,MP50,2,268206,74478,74478,865,16,16,4,,6,2,True
41157,2019,MP50,2,268206,74478,74478,865,17,17,5,,5,0,True
41157,2019,MP50,2,268206,74478,74478,865,18,18,3,,3,0,True
41157,2019,MPO,1,259996,74240,74240,930,1,1,3,,3,0,True
41157,2019,MPO,1,259996,74240,74240,930,2,2,4,,5,1,True
41157,2019,MPO,1,259996,74240,74240,930,3,3,4,,3,-1,True
41157,2019,MPO,1,259996,74240,74240,930,4,4,3,,4,1,True
41157,2019,MPO,1,259996,74240,74240,930,5,5,3,,2,-1,True
41157,2019,MPO,1,259996,74240,74240,930,6,6,4,,3,-1,True
41157,2019,MPO,1,259996,74240,74240,930,7,7,3,,3,0,True
41157,2019,MPO,1,259996,74240,74240,930,8,8,3,,3,0,True
41157,2019,MPO,1,259996,74240,74240,930,9,9,3,,2,-1,True
41157,2019,MPO,1,259996,74240,74240,930,10,10,3,,3,0,True
41157,2019,MPO,1,259996,74240,74240,930,11,11,4,,3,-1,True
41157,2019,MPO,1,259996,74240,74240,930,12,12,3,,2,-1,True
41157,2019,MPO,1,259996,74240,74240,930,13,13,3,,2,-1,True
41157,2019,MPO,1,259996,74240,74240,930,14,14,3,,4,1,True
41157,2019,MPO,1,259996,74240,74240,930,15,15,4,,4,0,True
41157,2019,MPO,1,259996,74240,74240,930,16,16,4,,4,0,True
41157,2019,MPO,1,259996,74240,74240,930,17,17,5,,4,-1,True
41157,2019,MPO,1,259996,74240,74240,930,18,18,3,,4,1,True
41157,2019,MPO,1,259996,81523,81523,959,1,1,3,,3,0,True
41157,2019,MPO,1,259996,81523,81523,959,2,2,4,,4,0,True
41157,2019,MPO,1,259996,81523,81523,959,3,3,4,,3,-1,True
41157,2019,MPO,1,259996,81523,81523,959,4,4,3,,3,0,True
41157,2019,MPO,1,259996,81523,81523,959,5,5,3,,3,0,True
41157,2019,MPO,1,259996,81523,81523,959,6,6,4,,3,-1,True
41157,2019,MPO,1,259996,81523,81523,959,7,7,3,,2,-1,True
41157,2019,MPO,1,259996,81523,81523,959,8,8,3,,3,0,True
41157,2019,MPO,1,259996,81523,81523,959,9,9,3,,2,-1,True
41157,2019,MPO,1,259996,81523,81523,959,10,10,3,,3,0,True
41157,2019,MPO,1,259996,81523,81523,959,11,11,4,,4,0,True
41157,2019,MPO,1,259996,81523,81523,959,12,12,3,,4,1,True
41157,2019,MPO,1,259996,81523,81523,959,13,13,3,,2,-1,True
41157,2019,MPO,1,259996,81523,81523,959,14,14,3,,3,0,True
41157,2019,MPO,1,259996,81523,81523,959,15,15,4,,4,0,True
41157,2019,MPO,1,259996,81523,81523,959,16,16,4,,4,0,True
41157,2019,MPO,1,259996,81523,81523,959,17,17,5,,5,0,True
41157,2019,MPO,1,259996,81523,81523,959,18,18,3,,3,0,True
41157,2019,MPO,1,259996,122196,122196,951,1,1,3,,4,1,True
41157,2019,MPO,1,259996,122196,122196,951,2,2,4,,4,0,True
41157,2019,MPO,1,259996,122196,122196,951,3,3,4,,2,-2,True
41157,2019,MPO,1,259996,122196,122196,951,4,4,3,,3,0,True
41157,2019,MPO,1,259996,122196,122196,951,5,5,3,,2,-1,True
41157,2019,MPO,1,259996,122196,122196,951,6,6,4,,3,-1,True
41157,2019,MPO,1,259996,122196,122196,951,7,7,3,,2,-1,True
41157,2019,MPO,1,259996,122196,122196,951,8,8,3,,3,0,True
41157,2019,MPO,1,259996,122196,122196,951,9,9,3,,3,0,True
41157,2019,MPO,1,259996,122196,122196,951,10,10,3,,3,0,True
41157,2019,MPO,1,259996,122196,122196,951,11,11,4,,6,2,True
41157,2019,MPO,1,259996,122196,122196,951,12,12,3,,3,0,True
41157,2019,MPO,1,259996,122196,122196,951,13,13,3,,3,0,True
41157,2019,MPO,1,259996,122196,122196,951,14,14,3,,3,0,True
41157,2019,MPO,1,259996,122196,122196,951,15,15,4,,3,-1,True
41157,2019,MPO,1,259996,122196,122196,951,16,16,4,,4,0,True
41157,2019,MPO,1,259996,122196,122196,951,17,17,5,,6,1,True
41157,2019,MPO,1,259996,122196,122196,951,18,18,3,,2,-1,True
41157,2019,MPO,1,259996,60852,60852,984,1,1,3,,3,0,True
41157,2019,MPO,1,259996,60852,60852,984,2,2,4,,4,0,True
41157,2019,MPO,1,259996,60852,60852,984,3,3,4,,2,-2,True
41157,2019,MPO,1,259996,60852,60852,984,4,4,3,,4,1,True
41157,2019,MPO,1,259996,60852,60852,984,5,5,3,,3,0,True
41157,2019,MPO,1,259996,60852,60852,984,6,6,4,,3,-1,True
41157,2019,MPO,1,259996,60852,60852,984,7,7,3,,3,0,True
41157,2019,MPO,1,259996,60852,60852,984,8,8,3,,3,0,True
41157,2019,MPO,1,259996,60852,60852,984,9,9,3,,2,-1,True
41157,2019,MPO,1,259996,60852,60852,984,10,10,3,,2,-1,True
41157,2019,MPO,1,259996,60852,60852,984,11,11,4,,4,0,True
41157,2019,MPO,1,259996,60852,60852,984,12,12,3,,3,0,True
41157,2019,MPO,1,259996,60852,60852,984,13,13,3,,2,-1,True
41157,2019,MPO,1,259996,60852,60852,984,14,14,3,,5,2,True
41157,2019,MPO,1,259996,60852,60852,984,15,15,4,,3,-1,True
41157,2019,MPO,1,259996,60852,60852,984,16,16,4,,4,0,True
41157,2019,MPO,1,259996,60852,60852,984,17,17,5,,7,2,True
41157,2019,MPO,1,259996,60852,60852,984,18,18,3,,3,0,True
41157,2019,MPO,1,259996,83156,83156,953,1,1,3,,4,1,True
41157,2019,MPO,1,259996,83156,83156,953,2,2,4,,3,-1,True
41157,2019,MPO,1,259996,83156,83156,953,3,3,4,,4,0,True
41157,2019,MPO,1,259996,83156,83156,953,4,4,3,,3,0,True
41157,2019,MPO,1,259996,83156,83156,953,5,5,3,,3,0,True
41157,2019,MPO,1,259996,83156,83156,953,6,6,4,,3,-1,True
41157,2019,MPO,1,259996,83156,83156,953,7,7,3,,3,0,True
41157,2019,MPO,1,259996,83156,83156,953,8,8,3,,2,-1,True
41157,2019,MPO,1,259996,83156,83156,953,9,9,3,,3,0,True
41157,2019,MPO,1,259996,83156,83156,953,10,10,3,,2,-1,True
41157,2019,MPO,1,259996,83156,83156,953,11,11,4,,4,0,True
41157,2019,MPO,1,259996,83156,83156,953,12,12,3,,4,1,True
41157,2019,MPO,1,259996,83156,83156,953,13,13,3,,4,1,True
41157,2019,MPO,1,259996,83156,83156,953,14,14,3,,3,0,True
41157,2019,MPO,1,259996,83156,83156,953,15,15,4,,4,0,True
41157,2019,MPO,1,259996,83156,83156,953,16,16,4,,3,-1,True
41157,2019,MPO,1,259996,83156,83156,953,17,17,5,,5,0,True
41157,2019,MPO,1,259996,83156,83156,953,18,18,3,,3,0,True
41157,2019,MPO,1,259996,114674,114674,888,1,1,3,,4,1,True
41157,2019,MPO,1,259996,114674,114674,888,2,2,4,,3,-1,True
41157,2019,MPO,1,259996,114674,114674,888,3,3,4,,3,-1,True
41157,2019,MPO,1,259996,114674,114674,888,4,4,3,,3,0,True
41157,2019,MPO,1,259996,114674,114674,888,5,5,3,,3,0,True
41157,2019,MPO,1,259996,114674,114674,888,6,6,4,,5,1,True
41157,2019,MPO,1,259996,114674,114674,888,7,7,3,,3,0,True
41157,2019,MPO,1,259996,114674,114674,888,8,8,3,,4,1,True
41157,2019,MPO,1,259996,114674,114674,888,9,9,3,,3,0,True
41157,2019,MPO,1,259996,114674,114674,888,10,10,3,,3,0,True
41157,2019,MPO,1,259996,114674,114674,888,11,11,4,,4,0,True
41157,2019,MPO,1,259996,114674,114674,888,12,12,3,,3,0,True
41157,2019,MPO,1,259996,114674,114674,888,13,13,3,,2,-1,True
41157,2019,MPO,1,259996,114674,114674,888,14,14,3,,3,0,True
41157,2019,MPO,1,259996,114674,114674,888,15,15,4,,3,-1,True
41157,2019,MPO,1,259996,114674,114674,888,16,16,4,,4,0,True
41157,2019,MPO,1,259996,114674,114674,888,17,17,5,,6,1,True
41157,2019,MPO,1,259996,114674,114674,888,18,18,3,,3,0,True
41157,2019,MPO,1,259996,106972,106972,867,1,1,3,,3,0,True
41157,2019,MPO,1,259996,106972,106972,867,2,2,4,,3,-1,True
41157,2019,MPO,1,259996,106972,106972,867,3,3,4,,4,0,True
41157,2019,MPO,1,259996,106972,106972,867,4,4,3,,2,-1,True
41157,2019,MPO,1,259996,106972,106972,867,5,5,3,,3,0,True
41157,2019,MPO,1,259996,106972,106972,867,6,6,4,,4,0,True
41157,2019,MPO,1,259996,106972,106972,867,7,7,3,,4,1,True
41157,2019,MPO,1,259996,106972,106972,867,8,8,3,,4,1,True
41157,2019,MPO,1,259996,106972,106972,867,9,9,3,,3,0,True
41157,2019,MPO,1,259996,106972,106972,867,10,10,3,,4,1,True
41157,2019,MPO,1,259996,106972,106972,867,11,11,4,,4,0,True
41157,2019,MPO,1,259996,106972,106972,867,12,12,3,,3,0,True
41157,2019,MPO,1,259996,106972,106972,867,13,13,3,,3,0,True
41157,2019,MPO,1,259996,106972,106972,867,14,14,3,,3,0,True
41157,2019,MPO,1,259996,106972,106972,867,15,15,4,,5,1,True
41157,2019,MPO,1,259996,106972,106972,867,16,16,4,,4,0,True
41157,2019,MPO,1,259996,106972,106972,867,17,17,5,,5,0,True
41157,2019,MPO,1,259996,106972,106972,867,18,18,3,,2,-1,True
41157,2019,MPO,1,259996,69888,69888,952,1,1,3,,3,0,True
41157,2019,MPO,1,259996,69888,69888,952,2,2,4,,4,0,True
41157,2019,MPO,1,259996,69888,69888,952,3,3,4,,4,0,True
41157,2019,MPO,1,259996,69888,69888,952,4,4,3,,4,1,True
41157,2019,MPO,1,259996,69888,69888,952,5,5,3,,3,0,True
41157,2019,MPO,1,259996,69888,69888,952,6,6,4,,4,0,True
41157,2019,MPO,1,259996,69888,69888,952,7,7,3,,3,0,True
41157,2019,MPO,1,259996,69888,69888,952,8,8,3,,5,2,True
41157,2019,MPO,1,259996,69888,69888,952,9,9,3,,4,1,True
41157,2019,MPO,1,259996,69888,69888,952,10,10,3,,2,-1,True
41157,2019,MPO,1,259996,69888,69888,952,11,11,4,,4,0,True
41157,2019,MPO,1,259996,69888,69888,952,12,12,3,,3,0,True
41157,2019,MPO,1,259996,69888,69888,952,13,13,3,,4,1,True
41157,2019,MPO,1,259996,69888,69888,952,14,14,3,,3,0,True
41157,2019,MPO,1,259996,69888,69888,952,15,15,4,,4,0,True
41157,2019,MPO,1,259996,69888,69888,952,16,16,4,,4,0,True
41157,2019,MPO,1,259996,69888,69888,952,17,17,5,,4,-1,True
41157,2019,MPO,1,259996,69888,69888,952,18,18,3,,3,0,True
41157,2019,MPO,1,259996,57315,57315,912,1,1,3,,4,1,True
41157,2019,MPO,1,259996,57315,57315,912,2,2,4,,5,1,True
41157,2019,MPO,1,259996,57315,57315,912,3,3,4,,3,-1,True
41157,2019,MPO,1,259996,57315,57315,912,4,4,3,,3,0,True
41157,2019,MPO,1,259996,57315,57315,912,5,5,3,,3,0,True
41157,2019,MPO,1,259996,57315,57315,912,6,6,4,,4,0,True
41157,2019,MPO,1,259996,57315,57315,912,7,7,3,,3,0,True
41157,2019,MPO,1,259996,57315,57315,912,8,8,3,,4,1,True
41157,2019,MPO,1,259996,57315,57315,912,9,9,3,,4,1,True
41157,2019,MPO,1,259996,57315,57315,912,10,10,3,,3,0,True
41157,2019,MPO,1,259996,57315,57315,912,11,11,4,,5,1,True
41157,2019,MPO,1,259996,57315,57315,912,12,12,3,,4,1,True
41157,2019,MPO,1,259996,57315,57315,912,13,13,3,,2,-1,True
41157,2019,MPO,1,259996,57315,57315,912,14,14,3,,4,1,True
41157,2019,MPO,1,259996,57315,57315,912,15,15,4,,3,-1,True
41157,2019,MPO,1,259996,57315,57315,912,16,16,4,,5,1,True
41157,2019,MPO,1,259996,57315,57315,912,17,17,5,,6,1,True
41157,2019,MPO,1,259996,57315,57315,912,18,18,3,,6,3,True
41157,2019,MPO,2,259996,60852,60852,984,1,1,3,,4,1,True
41157,2019,MPO,2,259996,60852,60852,984,2,2,4,,3,-1,True
41157,2019,MPO,2,259996,60852,60852,984,3,3,4,,3,-1,True
41157,2019,MPO,2,259996,60852,60852,984,4,4,3,,2,-1,True
41157,2019,MPO,2,259996,60852,60852,984,5,5,3,,2,-1,True
41157,2019,MPO,2,259996,60852,60852,984,6,6,4,,4,0,True
41157,2019,MPO,2,259996,60852,60852,984,7,7,3,,3,0,True
41157,2019,MPO,2,259996,60852,60852,984,8,8,3,,2,-1,True
41157,2019,MPO,2,259996,60852,60852,984,9,9,3,,3,0,True
41157,2019,MPO,2,259996,60852,60852,984,10,10,3,,3,0,True
41157,2019,MPO,2,259996,60852,60852,984,11,11,4,,3,-1,True
41157,2019,MPO,2,259996,60852,60852,984,12,12,3,,3,0,True
41157,2019,MPO,2,259996,60852,60852,984,13,13,3,,2,-1,True
41157,2019,MPO,2,259996,60852,60852,984,14,14,3,,3,0,True
41157,2019,MPO,2,259996,60852,60852,984,15,15,4,,3,-1,True
41157,2019,MPO,2,259996,60852,60852,984,16,16,4,,3,-1,True
41157,2019,MPO,2,259996,60852,60852,984,17,17,5,,5,0,True
41157,2019,MPO,2,259996,60852,60852,984,18,18,3,,2,-1,True
41157,2019,MPO,2,259996,74240,74240,930,1,1,3,,3,0,True
41157,2019,MPO,2,259996,74240,74240,930,2,2,4,,3,-1,True
41157,2019,MPO,2,259996,74240,74240,930,3,3,4,,3,-1,True
41157,2019,MPO,2,259996,74240,74240,930,4,4,3,,3,0,True
41157,2019,MPO,2,259996,74240,74240,930,5,5,3,,2,-1,True
41157,2019,MPO,2,259996,74240,74240,930,6,6,4,,3,-1,True
41157,2019,MPO,2,259996,74240,74240,930,7,7,3,,3,0,True
41157,2019,MPO,2,259996,74240,74240,930,8,8,3,,3,0,True
41157,2019,MPO,2,259996,74240,74240,930,9,9,3,,2,-1,True
41157,2019,MPO,2,259996,74240,74240,930,10,10,3,,3,0,True
41157,2019,MPO,2,259996,74240,74240,930,11,11,4,,4,0,True
41157,2019,MPO,2,259996,74240,74240,930,12,12,3,,4,1,True
41157,2019,MPO,2,259996,74240,74240,930,13,13,3,,4,1,True
41157,2019,MPO,2,259996,74240,74240,930,14,14,3,,2,-1,True
41157,2019,MPO,2,259996,74240,74240,930,15,15,4,,3,-1,True
41157,2019,MPO,2,259996,74240,74240,930,16,16,4,,6,2,True
41157,2019,MPO,2,259996,74240,74240,930,17,17,5,,4,-1,True
41157,2019,MPO,2,259996,74240,74240,930,18,18,3,,2,-1,True
41157,2019,MPO,2,259996,122196,122196,951,1,1,3,,3,0,True
41157,2019,MPO,2,259996,122196,122196,951,2,2,4,,3,-1,True
41157,2019,MPO,2,259996,122196,122196,951,3,3,4,,3,-1,True
41157,2019,MPO,2,259996,122196,122196,951,4,4,3,,3,0,True
41157,2019,MPO,2,259996,122196,122196,951,5,5,3,,2,-1,True
41157,2019,MPO,2,259996,122196,122196,951,6,6,4,,4,0,True
41157,2019,MPO,2,259996,122196,122196,951,7,7,3,,3,0,True
41157,2019,MPO,2,259996,122196,122196,951,8,8,3,,3,0,True
41157,2019,MPO,2,259996,122196,122196,951,9,9,3,,2,-1,True
41157,2019,MPO,2,259996,122196,122196,951,10,10,3,,3,0,True
41157,2019,MPO,2,259996,122196,122196,951,11,11,4,,4,0,True
41157,2019,MPO,2,259996,122196,122196,951,12,12,3,,3,0,True
41157,2019,MPO,2,259996,122196,122196,951,13,13,3,,2,-1,True
41157,2019,MPO,2,259996,122196,122196,951,14,14,3,,3,0,True
41157,2019,MPO,2,259996,122196,122196,951,15,15,4,,4,0,True
41157,2019,MPO,2,259996,122196,122196,951,16,16,4,,4,0,True
41157,2019,MPO,2,259996,122196,122196,951,17,17,5,,5,0,True
41157,2019,MPO,2,259996,122196,122196,951,18,18,3,,3,0,True
41157,2019,MPO,2,259996,83156,83156,953,1,1,3,,3,0,True
41157,2019,MPO,2,259996,83156,83156,953,2,2,4,,4,0,True
41157,2019,MPO,2,259996,83156,83156,953,3,3,4,,4,0,True
41157,2019,MPO,2,259996,83156,83156,953,4,4,3,,3,0,True
41157,2019,MPO,2,259996,83156,83156,953,5,5,3,,3,0,True
41157,2019,MPO,2,259996,83156,83156,953,6,6,4,,3,-1,True
41157,2019,MPO,2,259996,83156,83156,953,7,7,3,,2,-1,True
41157,2019,MPO,2,259996,83156,83156,953,8,8,3,,2,-1,True
41157,2019,MPO,2,259996,83156,83156,953,9,9,3,,3,0,True
41157,2019,MPO,2,259996,83156,83156,953,10,10,3,,2,-1,True
41157,2019,MPO,2,259996,83156,83156,953,11,11,4,,4,0,True
41157,2019,MPO,2,259996,83156,83156,953,12,12,3,,4,1,True
41157,2019,MPO,2,259996,83156,83156,953,13,13,3,,3,0,True
41157,2019,MPO,2,259996,83156,83156,953,14,14,3,,3,0,True
41157,2019,MPO,2,259996,83156,83156,953,15,15,4,,3,-1,True
41157,2019,MPO,2,259996,83156,83156,953,16,16,4,,4,0,True
41157,2019,MPO,2,259996,83156,83156,953,17,17,5,,5,0,True
41157,2019,MPO,2,259996,83156,83156,953,18,18,3,,3,0,True
41157,2019,MPO,2,259996,81523,81523,959,1,1,3,,3,0,True
41157,2019,MPO,2,259996,81523,81523,959,2,2,4,,4,0,True
41157,2019,MPO,2,259996,81523,81523,959,3,3,4,,3,-1,True
41157,2019,MPO,2,259996,81523,81523,959,4,4,3,,3,0,True
41157,2019,MPO,2,259996,81523,81523,959,5,5,3,,4,1,True
41157,2019,MPO,2,259996,81523,81523,959,6,6,4,,5,1,True
41157,2019,MPO,2,259996,81523,81523,959,7,7,3,,3,0,True
41157,2019,MPO,2,259996,81523,81523,959,8,8,3,,2,-1,True
41157,2019,MPO,2,259996,81523,81523,959,9,9,3,,3,0,True
41157,2019,MPO,2,259996,81523,81523,959,10,10,3,,3,0,True
41157,2019,MPO,2,259996,81523,81523,959,11,11,4,,3,-1,True
41157,2019,MPO,2,259996,81523,81523,959,12,12,3,,3,0,True
41157,2019,MPO,2,259996,81523,81523,959,13,13,3,,3,0,True
41157,2019,MPO,2,259996,81523,81523,959,14,14,3,,3,0,True
41157,2019,MPO,2,259996,81523,81523,959,15,15,4,,4,0,True
41157,2019,MPO,2,259996,81523,81523,959,16,16,4,,4,0,True
41157,2019,MPO,2,259996,81523,81523,959,17,17,5,,5,0,True
41157,2019,MPO,2,259996,81523,81523,959,18,18,3,,2,-1,True
41157,2019,MPO,2,259996,114674,114674,888,1,1,3,,4,1,True
41157,2019,MPO,2,259996,114674,114674,888,2,2,4,,3,-1,True
41157,2019,MPO,2,259996,114674,114674,888,3,3,4,,3,-1,True
41157,2019,MPO,2,259996,114674,114674,888,4,4,3,,3,0,True
41157,2019,MPO,2,259996,114674,114674,888,5,5,3,,3,0,True
41157,2019,MPO,2,259996,114674,114674,888,6,6,4,,4,0,True
41157,2019,MPO,2,259996,114674,114674,888,7,7,3,,3,0,True
41157,2019,MPO,2,259996,114674,114674,888,8,8,3,,2,-1,True
41157,2019,MPO,2,259996,114674,114674,888,9,9,3,,3,0,True
41157,2019,MPO,2,259996,114674,114674,888,10,10,3,,3,0,True
41157,2019,MPO,2,259996,114674,114674,888,11,11,4,,4,0,True
41157,2019,MPO,2,259996,114674,114674,888,12,12,3,,3,0,True
41157,2019,MPO,2,259996,114674,114674,888,13,13,3,,2,-1,True
41157,2019,MPO,2,259996,114674,114674,888,14,14,3,,3,0,True
41157,2019,MPO,2,259996,114674,114674,888,15,15,4,,4,0,True
41157,2019,MPO,2,259996,114674,114674,888,16,16,4,,3,-1,True
41157,2019,MPO,2,259996,114674,114674,888,17,17,5,,6,1,True
41157,2019,MPO,2,259996,114674,114674,888,18,18,3,,2,-1,True
41157,2019,MPO,2,259996,85980,85980,921,1,1,3,,3,0,True
41157,2019,MPO,2,259996,85980,85980,921,2,2,4,,4,0,True
41157,2019,MPO,2,259996,85980,85980,921,3,3,4,,5,1,True
41157,2019,MPO,2,259996,85980,85980,921,4,4,3,,4,1,True
41157,2019,MPO,2,259996,85980,85980,921,5,5,3,,3,0,True
41157,2019,MPO,2,259996,85980,85980,921,6,6,4,,3,-1,True
41157,2019,MPO,2,259996,85980,85980,921,7,7,3,,2,-1,True
41157,2019,MPO,2,259996,85980,85980,921,8,8,3,,2,-1,True
41157,2019,MPO,2,259996,85980,85980,921,9,9,3,,3,0,True
41157,2019,MPO,2,259996,85980,85980,921,10,10,3,,3,0,True
41157,2019,MPO,2,259996,85980,85980,921,11,11,4,,3,-1,True
41157,2019,MPO,2,259996,85980,85980,921,12,12,3,,2,-1,True
41157,2019,MPO,2,259996,85980,85980,921,13,13,3,,2,-1,True
41157,2019,MPO,2,259996,85980,85980,921,14,14,3,,3,0,True
41157,2019,MPO,2,259996,85980,85980,921,15,15,4,,4,0,True
41157,2019,MPO,2,259996,85980,85980,921,16,16,4,,6,2,True
41157,2019,MPO,2,259996,85980,85980,921,17,17,5,,7,2,True
41157,2019,MPO,2,259996,85980,85980,921,18,18,3,,3,0,True
41157,2019,MPO,2,259996,106972,106972,867,1,1,3,,4,1,True
41157,2019,MPO,2,259996,106972,106972,867,2,2,4,,4,0,True
41157,2019,MPO,2,259996,106972,106972,867,3,3,4,,4,0,True
41157,2019,MPO,2,259996,106972,106972,867,4,4,3,,3,0,True
41157,2019,MPO,2,259996,106972,106972,867,5,5,3,,3,0,True
41157,2019,MPO,2,259996,106972,106972,867,6,6,4,,4,0,True
41157,2019,MPO,2,259996,106972,106972,867,7,7,3,,4,1,True
41157,2019,MPO,2,259996,106972,106972,867,8,8,3,,3,0,True
41157,2019,MPO,2,259996,106972,106972,867,9,9,3,,2,-1,True
41157,2019,MPO,2,259996,106972,106972,867,10,10,3,,3,0,True
41157,2019,MPO,2,259996,106972,106972,867,11,11,4,,4,0,True
41157,2019,MPO,2,259996,106972,106972,867,12,12,3,,6,3,True
41157,2019,MPO,2,259996,106972,106972,867,13,13,3,,3,0,True
41157,2019,MPO,2,259996,106972,106972,867,14,14,3,,4,1,True
41157,2019,MPO,2,259996,106972,106972,867,15,15,4,,5,1,True
41157,2019,MPO,2,259996,106972,106972,867,16,16,4,,4,0,True
41157,2019,MPO,2,259996,106972,106972,867,17,17,5,,7,2,True
41157,2019,MPO,2,259996,106972,106972,867,18,18,3,,3,0,True
41158,2019,FA1,1,272056,name:serena lamson,,,1,1,3,204,4,1,True
41158,2019,FA1,1,272056,name:serena lamson,,,2,2,3,235,3,0,True
41158,2019,FA1,1,272056,name:serena lamson,,,3,3,3,177,3,0,True
41158,2019,FA1,1,272056,name:serena lamson,,,4,4,4,366,8,4,True
41158,2019,FA1,1,272056,name:serena lamson,,,5,5,3,225,4,1,True
41158,2019,FA1,1,272056,name:serena lamson,,,6,6,3,232,4,1,True
41158,2019,FA1,1,272056,name:serena lamson,,,7,7,3,220,3,0,True
41158,2019,FA1,1,272056,name:serena lamson,,,8,8,3,315,2,-1,True
41158,2019,FA1,1,272056,name:serena lamson,,,9,9,3,280,4,1,True
41158,2019,FA1,1,272056,name:serena lamson,,,10,10,3,245,3,0,True
41158,2019,FA1,1,272056,name:serena lamson,,,11,11,4,322,4,0,True
41158,2019,FA1,1,272056,name:serena lamson,,,12,12,3,269,5,2,True
41158,2019,FA1,1,272056,name:serena lamson,,,13,13,3,255,3,0,True
41158,2019,FA1,1,272056,name:serena lamson,,,14,14,4,395,6,2,True
41158,2019,FA1,1,272056,name:serena lamson,,,15,15,4,345,6,2,True
41158,2019,FA1,1,272056,name:serena lamson,,,16,16,3,333,3,0,True
41158,2019,FA1,1,272056,name:serena lamson,,,17,17,3,233,5,2,True
41158,2019,FA1,1,272056,name:serena lamson,,,18,18,3,219,3,0,True
41158,2019,FA1,1,272056,name:christina kingston,,,1,1,3,204,4,1,True
41158,2019,FA1,1,272056,name:christina kingston,,,2,2,3,235,3,0,True
41158,2019,FA1,1,272056,name:christina kingston,,,3,3,3,177,4,1,True
41158,2019,FA1,1,272056,name:christina kingston,,,4,4,4,366,5,1,True
41158,2019,FA1,1,272056,name:christina kingston,,,5,5,3,225,4,1,True
41158,2019,FA1,1,272056,name:christina kingston,,,6,6,3,232,5,2,True
41158,2019,FA1,1,272056,name:christina kingston,,,7,7,3,220,3,0,True
41158,2019,FA1,1,272056,name:christina kingston,,,8,8,3,315,5,2,True
41158,2019,FA1,1,272056,name:christina kingston,,,9,9,3,280,4,1,True
41158,2019,FA1,1,272056,name:christina kingston,,,10,10,3,245,4,1,True
41158,2019,FA1,1,272056,name:christina kingston,,,11,11,4,322,5,1,True
41158,2019,FA1,1,272056,name:christina kingston,,,12,12,3,269,4,1,True
41158,2019,FA1,1,272056,name:christina kingston,,,13,13,3,255,6,3,True
41158,2019,FA1,1,272056,name:christina kingston,,,14,14,4,395,4,0,True
41158,2019,FA1,1,272056,name:christina kingston,,,15,15,4,345,4,0,True
41158,2019,FA1,1,272056,name:christina kingston,,,16,16,3,333,6,3,True
41158,2019,FA1,1,272056,name:christina kingston,,,17,17,3,233,4,1,True
41158,2019,FA1,1,272056,name:christina kingston,,,18,18,3,219,4,1,True
41158,2019,FA1,12,272056,name:serena lamson,,,1,1,3,204,5,2,True
41158,2019,FA1,12,272056,name:serena lamson,,,2,2,3,235,3,0,True
41158,2019,FA1,12,272056,name:serena lamson,,,3,3,3,177,2,-1,True
41158,2019,FA1,12,272056,name:serena lamson,,,4,4,4,366,5,1,True
41158,2019,FA1,12,272056,name:serena lamson,,,5,5,3,225,2,-1,True
41158,2019,FA1,12,272056,name:serena lamson,,,6,6,3,232,3,0,True
41158,2019,FA1,12,272056,name:serena lamson,,,7,7,3,220,4,1,True
41158,2019,FA1,12,272056,name:serena lamson,,,8,8,3,315,3,0,True
41158,2019,FA1,12,272056,name:serena lamson,,,9,9,3,280,4,1,True
41158,2019,FA1,12,272056,name:serena lamson,,,10,10,3,245,4,1,True
41158,2019,FA1,12,272056,name:serena lamson,,,11,11,4,322,5,1,True
41158,2019,FA1,12,272056,name:serena lamson,,,12,12,3,269,4,1,True
41158,2019,FA1,12,272056,name:serena lamson,,,13,13,3,255,4,1,True
41158,2019,FA1,12,272056,name:serena lamson,,,14,14,4,395,5,1,True
41158,2019,FA1,12,272056,name:serena lamson,,,15,15,4,345,4,0,True
41158,2019,FA1,12,272056,name:serena lamson,,,16,16,3,333,7,4,True
41158,2019,FA1,12,272056,name:serena lamson,,,17,17,3,233,5,2,True
41158,2019,FA1,12,272056,name:serena lamson,,,18,18,3,219,2,-1,True
41158,2019,FA1,12,272056,name:christina kingston,,,1,1,3,204,4,1,True
41158,2019,FA1,12,272056,name:christina kingston,,,2,2,3,235,3,0,True
41158,2019,FA1,12,272056,name:christina kingston,,,3,3,3,177,3,0,True
41158,2019,FA1,12,272056,name:christina kingston,,,4,4,4,366,5,1,True
41158,2019,FA1,12,272056,name:christina kingston,,,5,5,3,225,3,0,True
41158,2019,FA1,12,272056,name:christina kingston,,,6,6,3,232,4,1,True
41158,2019,FA1,12,272056,name:christina kingston,,,7,7,3,220,2,-1,True
41158,2019,FA1,12,272056,name:christina kingston,,,8,8,3,315,3,0,True
41158,2019,FA1,12,272056,name:christina kingston,,,9,9,3,280,4,1,True
41158,2019,FA1,12,272056,name:christina kingston,,,10,10,3,245,4,1,True
41158,2019,FA1,12,272056,name:christina kingston,,,11,11,4,322,5,1,True
41158,2019,FA1,12,272056,name:christina kingston,,,12,12,3,269,3,0,True
41158,2019,FA1,12,272056,name:christina kingston,,,13,13,3,255,4,1,True
41158,2019,FA1,12,272056,name:christina kingston,,,14,14,4,395,5,1,True
41158,2019,FA1,12,272056,name:christina kingston,,,15,15,4,345,4,0,True
41158,2019,FA1,12,272056,name:christina kingston,,,16,16,3,333,4,1,True
41158,2019,FA1,12,272056,name:christina kingston,,,17,17,3,233,5,2,True
41158,2019,FA1,12,272056,name:christina kingston,,,18,18,3,219,4,1,True
41158,2019,FA40,1,272056,94272,94272,758,1,1,3,204,4,1,True
41158,2019,FA40,1,272056,94272,94272,758,2,2,3,235,3,0,True
41158,2019,FA40,1,272056,94272,94272,758,3,3,3,177,2,-1,True
41158,2019,FA40,1,272056,94272,94272,758,4,4,4,366,5,1,True
41158,2019,FA40,1,272056,94272,94272,758,5,5,3,225,2,-1,True
41158,2019,FA40,1,272056,94272,94272,758,6,6,3,232,3,0,True
41158,2019,FA40,1,272056,94272,94272,758,7,7,3,220,8,5,True
41158,2019,FA40,1,272056,94272,94272,758,8,8,3,315,4,1,True
41158,2019,FA40,1,272056,94272,94272,758,9,9,3,280,3,0,True
41158,2019,FA40,1,272056,94272,94272,758,10,10,3,245,4,1,True
41158,2019,FA40,1,272056,94272,94272,758,11,11,4,322,5,1,True
41158,2019,FA40,1,272056,94272,94272,758,12,12,3,269,4,1,True
41158,2019,FA40,1,272056,94272,94272,758,13,13,3,255,4,1,True
41158,2019,FA40,1,272056,94272,94272,758,14,14,4,395,4,0,True
41158,2019,FA40,1,272056,94272,94272,758,15,15,4,345,4,0,True
41158,2019,FA40,1,272056,94272,94272,758,16,16,3,333,4,1,True
41158,2019,FA40,1,272056,94272,94272,758,17,17,3,233,2,-1,True
41158,2019,FA40,1,272056,94272,94272,758,18,18,3,219,4,1,True
41158,2019,FA40,12,272056,94272,94272,758,1,1,3,204,6,3,True
41158,2019,FA40,12,272056,94272,94272,758,2,2,3,235,3,0,True
41158,2019,FA40,12,272056,94272,94272,758,3,3,3,177,3,0,True
41158,2019,FA40,12,272056,94272,94272,758,4,4,4,366,5,1,True
41158,2019,FA40,12,272056,94272,94272,758,5,5,3,225,4,1,True
41158,2019,FA40,12,272056,94272,94272,758,6,6,3,232,4,1,True
41158,2019,FA40,12,272056,94272,94272,758,7,7,3,220,2,-1,True
41158,2019,FA40,12,272056,94272,94272,758,8,8,3,315,4,1,True
41158,2019,FA40,12,272056,94272,94272,758,9,9,3,280,5,2,True
41158,2019,FA40,12,272056,94272,94272,758,10,10,3,245,5,2,True
41158,2019,FA40,12,272056,94272,94272,758,11,11,4,322,4,0,True
41158,2019,FA40,12,272056,94272,94272,758,12,12,3,269,4,1,True
41158,2019,FA40,12,272056,94272,94272,758,13,13,3,255,6,3,True
41158,2019,FA40,12,272056,94272,94272,758,14,14,4,395,5,1,True
41158,2019,FA40,12,272056,94272,94272,758,15,15,4,345,3,-1,True
41158,2019,FA40,12,272056,94272,94272,758,16,16,3,333,4,1,True
41158,2019,FA40,12,272056,94272,94272,758,17,17,3,233,7,4,True
41158,2019,FA40,12,272056,94272,94272,758,18,18,3,219,3,0,True
41158,2019,MA1,1,268961,name:jack a conant,,,1,1,3,204,2,-1,True
41158,2019,MA1,1,268961,name:jack a conant,,,2,2,3,292,3,0,True
41158,2019,MA1,1,268961,name:jack a conant,,,3,3,3,177,2,-1,True
41158,2019,MA1,1,268961,name:jack a conant,,,4,4,4,430,5,1,True
41158,2019,MA1,1,268961,name:jack a conant,,,5,5,3,225,3,0,True
41158,2019,MA1,1,268961,name:jack a conant,,,6,6,3,232,2,-1,True
41158,2019,MA1,1,268961,name:jack a conant,,,7,7,3,295,3,0,True
41158,2019,MA1,1,268961,name:jack a conant,,,8,8,3,403,3,0,True
41158,2019,MA1,1,268961,name:jack a conant,,,9,9,3,338,3,0,True
41158,2019,MA1,1,268961,name:jack a conant,,,10,10,3,245,3,0,True
41158,2019,MA1,1,268961,name:jack a conant,,,11,11,4,370,3,-1,True
41158,2019,MA1,1,268961,name:jack a conant,,,12,12,3,326,4,1,True
41158,2019,MA1,1,268961,name:jack a conant,,,13,13,3,255,2,-1,True
41158,2019,MA1,1,268961,name:jack a conant,,,14,14,4,513,4,0,True
41158,2019,MA1,1,268961,name:jack a conant,,,15,15,4,457,4,0,True
41158,2019,MA1,1,268961,name:jack a conant,,,16,16,3,333,3,0,True
41158,2019,MA1,1,268961,name:jack a conant,,,17,17,3,233,3,0,True
41158,2019,MA1,1,268961,name:jack a conant,,,18,18,4,413,5,1,True
41158,2019,MA1,1,268961,116370,116370,905,1,1,3,204,2,-1,True
41158,2019,MA1,1,268961,116370,116370,905,2,2,3,292,3,0,True
41158,2019,MA1,1,268961,116370,116370,905,3,3,3,177,3,0,True
41158,2019,MA1,1,268961,116370,116370,905,4,4,4,430,4,0,True
41158,2019,MA1,1,268961,116370,116370,905,5,5,3,225,3,0,True
41158,2019,MA1,1,268961,116370,116370,905,6,6,3,232,3,0,True
41158,2019,MA1,1,268961,116370,116370,905,7,7,3,295,4,1,True
41158,2019,MA1,1,268961,116370,116370,905,8,8,3,403,3,0,True
41158,2019,MA1,1,268961,116370,116370,905,9,9,3,338,3,0,True
41158,2019,MA1,1,268961,116370,116370,905,10,10,3,245,3,0,True
41158,2019,MA1,1,268961,116370,116370,905,11,11,4,370,4,0,True
41158,2019,MA1,1,268961,116370,116370,905,12,12,3,326,3,0,True
41158,2019,MA1,1,268961,116370,116370,905,13,13,3,255,3,0,True
41158,2019,MA1,1,268961,116370,116370,905,14,14,4,513,4,0,True
41158,2019,MA1,1,268961,116370,116370,905,15,15,4,457,4,0,True
41158,2019,MA1,1,268961,116370,116370,905,16,16,3,333,3,0,True
41158,2019,MA1,1,268961,116370,116370,905,17,17,3,233,4,1,True
41158,2019,MA1,1,268961,116370,116370,905,18,18,4,413,3,-1,True
41158,2019,MA1,1,268961,27512,27512,918,1,1,3,204,2,-1,True
41158,2019,MA1,1,268961,27512,27512,918,2,2,3,292,3,0,True
41158,2019,MA1,1,268961,27512,27512,918,3,3,3,177,2,-1,True
41158,2019,MA1,1,268961,27512,27512,918,4,4,4,430,5,1,True
41158,2019,MA1,1,268961,27512,27512,918,5,5,3,225,2,-1,True
41158,2019,MA1,1,268961,27512,27512,918,6,6,3,232,3,0,True
41158,2019,MA1,1,268961,27512,27512,918,7,7,3,295,3,0,True
41158,2019,MA1,1,268961,27512,27512,918,8,8,3,403,3,0,True
41158,2019,MA1,1,268961,27512,27512,918,9,9,3,338,4,1,True
41158,2019,MA1,1,268961,27512,27512,918,10,10,3,245,3,0,True
41158,2019,MA1,1,268961,27512,27512,918,11,11,4,370,4,0,True
41158,2019,MA1,1,268961,27512,27512,918,12,12,3,326,3,0,True
41158,2019,MA1,1,268961,27512,27512,918,13,13,3,255,4,1,True
41158,2019,MA1,1,268961,27512,27512,918,14,14,4,513,5,1,True
41158,2019,MA1,1,268961,27512,27512,918,15,15,4,457,3,-1,True
41158,2019,MA1,1,268961,27512,27512,918,16,16,3,333,5,2,True
41158,2019,MA1,1,268961,27512,27512,918,17,17,3,233,3,0,True
41158,2019,MA1,1,268961,27512,27512,918,18,18,4,413,3,-1,True
41158,2019,MA1,1,268961,121418,121418,918,1,1,3,204,2,-1,True
41158,2019,MA1,1,268961,121418,121418,918,2,2,3,292,4,1,True
41158,2019,MA1,1,268961,121418,121418,918,3,3,3,177,3,0,True
41158,2019,MA1,1,268961,121418,121418,918,4,4,4,430,3,-1,True
41158,2019,MA1,1,268961,121418,121418,918,5,5,3,225,2,-1,True
41158,2019,MA1,1,268961,121418,121418,918,6,6,3,232,3,0,True
41158,2019,MA1,1,268961,121418,121418,918,7,7,3,295,2,-1,True
41158,2019,MA1,1,268961,121418,121418,918,8,8,3,403,3,0,True
41158,2019,MA1,1,268961,121418,121418,918,9,9,3,338,4,1,True
41158,2019,MA1,1,268961,121418,121418,918,10,10,3,245,3,0,True
41158,2019,MA1,1,268961,121418,121418,918,11,11,4,370,4,0,True
41158,2019,MA1,1,268961,121418,121418,918,12,12,3,326,4,1,True
41158,2019,MA1,1,268961,121418,121418,918,13,13,3,255,3,0,True
41158,2019,MA1,1,268961,121418,121418,918,14,14,4,513,5,1,True
41158,2019,MA1,1,268961,121418,121418,918,15,15,4,457,4,0,True
41158,2019,MA1,1,268961,121418,121418,918,16,16,3,333,5,2,True
41158,2019,MA1,1,268961,121418,121418,918,17,17,3,233,3,0,True
41158,2019,MA1,1,268961,121418,121418,918,18,18,4,413,3,-1,True
41158,2019,MA1,1,268961,name:zachary bossier,,,1,1,3,204,4,1,True
41158,2019,MA1,1,268961,name:zachary bossier,,,2,2,3,292,3,0,True
41158,2019,MA1,1,268961,name:zachary bossier,,,3,3,3,177,3,0,True
41158,2019,MA1,1,268961,name:zachary bossier,,,4,4,4,430,5,1,True
41158,2019,MA1,1,268961,name:zachary bossier,,,5,5,3,225,2,-1,True
41158,2019,MA1,1,268961,name:zachary bossier,,,6,6,3,232,2,-1,True
41158,2019,MA1,1,268961,name:zachary bossier,,,7,7,3,295,2,-1,True
41158,2019,MA1,1,268961,name:zachary bossier,,,8,8,3,403,3,0,True
41158,2019,MA1,1,268961,name:zachary bossier,,,9,9,3,338,3,0,True
41158,2019,MA1,1,268961,name:zachary bossier,,,10,10,3,245,4,1,True
41158,2019,MA1,1,268961,name:zachary bossier,,,11,11,4,370,4,0,True
41158,2019,MA1,1,268961,name:zachary bossier,,,12,12,3,326,3,0,True
41158,2019,MA1,1,268961,name:zachary bossier,,,13,13,3,255,3,0,True
41158,2019,MA1,1,268961,name:zachary bossier,,,14,14,4,513,4,0,True
41158,2019,MA1,1,268961,name:zachary bossier,,,15,15,4,457,5,1,True
41158,2019,MA1,1,268961,name:zachary bossier,,,16,16,3,333,4,1,True
41158,2019,MA1,1,268961,name:zachary bossier,,,17,17,3,233,2,-1,True
41158,2019,MA1,1,268961,name:zachary bossier,,,18,18,4,413,4,0,True
41158,2019,MA1,1,268961,89829,89829,898,1,1,3,204,3,0,True
41158,2019,MA1,1,268961,89829,89829,898,2,2,3,292,4,1,True
41158,2019,MA1,1,268961,89829,89829,898,3,3,3,177,3,0,True
41158,2019,MA1,1,268961,89829,89829,898,4,4,4,430,4,0,True
41158,2019,MA1,1,268961,89829,89829,898,5,5,3,225,3,0,True
41158,2019,MA1,1,268961,89829,89829,898,6,6,3,232,3,0,True
41158,2019,MA1,1,268961,89829,89829,898,7,7,3,295,2,-1,True
41158,2019,MA1,1,268961,89829,89829,898,8,8,3,403,5,2,True
41158,2019,MA1,1,268961,89829,89829,898,9,9,3,338,3,0,True
41158,2019,MA1,1,268961,89829,89829,898,10,10,3,245,3,0,True
41158,2019,MA1,1,268961,89829,89829,898,11,11,4,370,4,0,True
41158,2019,MA1,1,268961,89829,89829,898,12,12,3,326,4,1,True
41158,2019,MA1,1,268961,89829,89829,898,13,13,3,255,3,0,True
41158,2019,MA1,1,268961,89829,89829,898,14,14,4,513,5,1,True
41158,2019,MA1,1,268961,89829,89829,898,15,15,4,457,4,0,True
41158,2019,MA1,1,268961,89829,89829,898,16,16,3,333,3,0,True
41158,2019,MA1,1,268961,89829,89829,898,17,17,3,233,2,-1,True
41158,2019,MA1,1,268961,89829,89829,898,18,18,4,413,4,0,True
41158,2019,MA1,1,268961,98280,98280,929,1,1,3,204,2,-1,True
41158,2019,MA1,1,268961,98280,98280,929,2,2,3,292,3,0,True
41158,2019,MA1,1,268961,98280,98280,929,3,3,3,177,3,0,True
41158,2019,MA1,1,268961,98280,98280,929,4,4,4,430,4,0,True
41158,2019,MA1,1,268961,98280,98280,929,5,5,3,225,3,0,True
41158,2019,MA1,1,268961,98280,98280,929,6,6,3,232,4,1,True
41158,2019,MA1,1,268961,98280,98280,929,7,7,3,295,3,0,True
41158,2019,MA1,1,268961,98280,98280,929,8,8,3,403,2,-1,True
41158,2019,MA1,1,268961,98280,98280,929,9,9,3,338,3,0,True
41158,2019,MA1,1,268961,98280,98280,929,10,10,3,245,3,0,True
41158,2019,MA1,1,268961,98280,98280,929,11,11,4,370,4,0,True
41158,2019,MA1,1,268961,98280,98280,929,12,12,3,326,4,1,True
41158,2019,MA1,1,268961,98280,98280,929,13,13,3,255,3,0,True
41158,2019,MA1,1,268961,98280,98280,929,14,14,4,513,5,1,True
41158,2019,MA1,1,268961,98280,98280,929,15,15,4,457,6,2,True
41158,2019,MA1,1,268961,98280,98280,929,16,16,3,333,3,0,True
41158,2019,MA1,1,268961,98280,98280,929,17,17,3,233,4,1,True
41158,2019,MA1,1,268961,98280,98280,929,18,18,4,413,3,-1,True
41158,2019,MA1,1,268961,109749,109749,877,1,1,3,204,2,-1,True
41158,2019,MA1,1,268961,109749,109749,877,2,2,3,292,3,0,True
41158,2019,MA1,1,268961,109749,109749,877,3,3,3,177,4,1,True
41158,2019,MA1,1,268961,109749,109749,877,4,4,4,430,4,0,True
41158,2019,MA1,1,268961,109749,109749,877,5,5,3,225,2,-1,True
41158,2019,MA1,1,268961,109749,109749,877,6,6,3,232,2,-1,True
41158,2019,MA1,1,268961,109749,109749,877,7,7,3,295,3,0,True
41158,2019,MA1,1,268961,109749,109749,877,8,8,3,403,4,1,True
41158,2019,MA1,1,268961,109749,109749,877,9,9,3,338,3,0,True
41158,2019,MA1,1,268961,109749,109749,877,10,10,3,245,4,1,True
41158,2019,MA1,1,268961,109749,109749,877,11,11,4,370,4,0,True
41158,2019,MA1,1,268961,109749,109749,877,12,12,3,326,3,0,True
41158,2019,MA1,1,268961,109749,109749,877,13,13,3,255,4,1,True
41158,2019,MA1,1,268961,109749,109749,877,14,14,4,513,4,0,True
41158,2019,MA1,1,268961,109749,109749,877,15,15,4,457,6,2,True
41158,2019,MA1,1,268961,109749,109749,877,16,16,3,333,4,1,True
41158,2019,MA1,1,268961,109749,109749,877,17,17,3,233,3,0,True
41158,2019,MA1,1,268961,109749,109749,877,18,18,4,413,4,0,True
41158,2019,MA1,1,268961,122739,122739,932,1,1,3,204,4,1,True
41158,2019,MA1,1,268961,122739,122739,932,2,2,3,292,4,1,True
41158,2019,MA1,1,268961,122739,122739,932,3,3,3,177,4,1,True
41158,2019,MA1,1,268961,122739,122739,932,4,4,4,430,4,0,True
41158,2019,MA1,1,268961,122739,122739,932,5,5,3,225,3,0,True
41158,2019,MA1,1,268961,122739,122739,932,6,6,3,232,3,0,True
41158,2019,MA1,1,268961,122739,122739,932,7,7,3,295,3,0,True
41158,2019,MA1,1,268961,122739,122739,932,8,8,3,403,3,0,True
41158,2019,MA1,1,268961,122739,122739,932,9,9,3,338,3,0,True
41158,2019,MA1,1,268961,122739,122739,932,10,10,3,245,3,0,True
41158,2019,MA1,1,268961,122739,122739,932,11,11,4,370,4,0,True
41158,2019,MA1,1,268961,122739,122739,932,12,12,3,326,3,0,True
41158,2019,MA1,1,268961,122739,122739,932,13,13,3,255,3,0,True
41158,2019,MA1,1,268961,122739,122739,932,14,14,4,513,4,0,True
41158,2019,MA1,1,268961,122739,122739,932,15,15,4,457,4,0,True
41158,2019,MA1,1,268961,122739,122739,932,16,16,3,333,3,0,True
41158,2019,MA1,1,268961,122739,122739,932,17,17,3,233,3,0,True
41158,2019,MA1,1,268961,122739,122739,932,18,18,4,413,5,1,True
41158,2019,MA1,1,268961,102895,102895,924,1,1,3,204,4,1,True
41158,2019,MA1,1,268961,102895,102895,924,2,2,3,292,3,0,True
41158,2019,MA1,1,268961,102895,102895,924,3,3,3,177,3,0,True
41158,2019,MA1,1,268961,102895,102895,924,4,4,4,430,5,1,True
41158,2019,MA1,1,268961,102895,102895,924,5,5,3,225,2,-1,True
41158,2019,MA1,1,268961,102895,102895,924,6,6,3,232,4,1,True
41158,2019,MA1,1,268961,102895,102895,924,7,7,3,295,2,-1,True
41158,2019,MA1,1,268961,102895,102895,924,8,8,3,403,4,1,True
41158,2019,MA1,1,268961,102895,102895,924,9,9,3,338,4,1,True
41158,2019,MA1,1,268961,102895,102895,924,10,10,3,245,3,0,True
41158,2019,MA1,1,268961,102895,102895,924,11,11,4,370,7,3,True
41158,2019,MA1,1,268961,102895,102895,924,12,12,3,326,4,1,True
41158,2019,MA1,1,268961,102895,102895,924,13,13,3,255,3,0,True
41158,2019,MA1,1,268961,102895,102895,924,14,14,4,513,3,-1,True
41158,2019,MA1,1,268961,102895,102895,924,15,15,4,457,3,-1,True
41158,2019,MA1,1,268961,102895,102895,924,16,16,3,333,3,0,True
41158,2019,MA1,1,268961,102895,102895,924,17,17,3,233,3,0,True
41158,2019,MA1,1,268961,102895,102895,924,18,18,4,413,5,1,True
41158,2019,MA1,1,268961,name:ross dunham,,,1,1,3,204,5,2,True
41158,2019,MA1,1,268961,name:ross dunham,,,2,2,3,292,4,1,True
41158,2019,MA1,1,268961,name:ross dunham,,,3,3,3,177,3,0,True
41158,2019,MA1,1,268961,name:ross dunham,,,4,4,4,430,4,0,True
41158,2019,MA1,1,268961,name:ross dunham,,,5,5,3,225,3,0,True
41158,2019,MA1,1,268961,name:ross dunham,,,6,6,3,232,2,-1,True
41158,2019,MA1,1,268961,name:ross dunham,,,7,7,3,295,3,0,True
41158,2019,MA1,1,268961,name:ross dunham,,,8,8,3,403,2,-1,True
41158,2019,MA1,1,268961,name:ross dunham,,,9,9,3,338,4,1,True
41158,2019,MA1,1,268961,name:ross dunham,,,10,10,3,245,3,0,True
41158,2019,MA1,1,268961,name:ross dunham,,,11,11,4,370,3,-1,True
41158,2019,MA1,1,268961,name:ross dunham,,,12,12,3,326,4,1,True
41158,2019,MA1,1,268961,name:ross dunham,,,13,13,3,255,3,0,True
41158,2019,MA1,1,268961,name:ross dunham,,,14,14,4,513,5,1,True
41158,2019,MA1,1,268961,name:ross dunham,,,15,15,4,457,3,-1,True
41158,2019,MA1,1,268961,name:ross dunham,,,16,16,3,333,5,2,True
41158,2019,MA1,1,268961,name:ross dunham,,,17,17,3,233,5,2,True
41158,2019,MA1,1,268961,name:ross dunham,,,18,18,4,413,4,0,True
41158,2019,MA1,1,268961,73588,73588,883,1,1,3,204,3,0,True
41158,2019,MA1,1,268961,73588,73588,883,2,2,3,292,3,0,True
41158,2019,MA1,1,268961,73588,73588,883,3,3,3,177,4,1,True
41158,2019,MA1,1,268961,73588,73588,883,4,4,4,430,5,1,True
41158,2019,MA1,1,268961,73588,73588,883,5,5,3,225,2,-1,True
41158,2019,MA1,1,268961,73588,73588,883,6,6,3,232,3,0,True
41158,2019,MA1,1,268961,73588,73588,883,7,7,3,295,3,0,True
41158,2019,MA1,1,268961,73588,73588,883,8,8,3,403,5,2,True
41158,2019,MA1,1,268961,73588,73588,883,9,9,3,338,4,1,True
41158,2019,MA1,1,268961,73588,73588,883,10,10,3,245,3,0,True
41158,2019,MA1,1,268961,73588,73588,883,11,11,4,370,5,1,True
41158,2019,MA1,1,268961,73588,73588,883,12,12,3,326,3,0,True
41158,2019,MA1,1,268961,73588,73588,883,13,13,3,255,4,1,True
41158,2019,MA1,1,268961,73588,73588,883,14,14,4,513,4,0,True
41158,2019,MA1,1,268961,73588,73588,883,15,15,4,457,3,-1,True
41158,2019,MA1,1,268961,73588,73588,883,16,16,3,333,6,3,True
41158,2019,MA1,1,268961,73588,73588,883,17,17,3,233,3,0,True
41158,2019,MA1,1,268961,73588,73588,883,18,18,4,413,4,0,True
41158,2019,MA1,1,268961,95717,95717,898,1,1,3,204,5,2,True
41158,2019,MA1,1,268961,95717,95717,898,2,2,3,292,3,0,True
41158,2019,MA1,1,268961,95717,95717,898,3,3,3,177,3,0,True
41158,2019,MA1,1,268961,95717,95717,898,4,4,4,430,5,1,True
41158,2019,MA1,1,268961,95717,95717,898,5,5,3,225,3,0,True
41158,2019,MA1,1,268961,95717,95717,898,6,6,3,232,5,2,True
41158,2019,MA1,1,268961,95717,95717,898,7,7,3,295,2,-1,True
41158,2019,MA1,1,268961,95717,95717,898,8,8,3,403,6,3,True
41158,2019,MA1,1,268961,95717,95717,898,9,9,3,338,4,1,True
41158,2019,MA1,1,268961,95717,95717,898,10,10,3,245,3,0,True
41158,2019,MA1,1,268961,95717,95717,898,11,11,4,370,4,0,True
41158,2019,MA1,1,268961,95717,95717,898,12,12,3,326,4,1,True
41158,2019,MA1,1,268961,95717,95717,898,13,13,3,255,3,0,True
41158,2019,MA1,1,268961,95717,95717,898,14,14,4,513,3,-1,True
41158,2019,MA1,1,268961,95717,95717,898,15,15,4,457,4,0,True
41158,2019,MA1,1,268961,95717,95717,898,16,16,3,333,3,0,True
41158,2019,MA1,1,268961,95717,95717,898,17,17,3,233,5,2,True
41158,2019,MA1,1,268961,95717,95717,898,18,18,4,413,5,1,True
41158,2019,MA1,1,268961,100885,100885,910,1,1,3,204,4,1,True
41158,2019,MA1,1,268961,100885,100885,910,2,2,3,292,4,1,True
41158,2019,MA1,1,268961,100885,100885,910,3,3,3,177,3,0,True
41158,2019,MA1,1,268961,100885,100885,910,4,4,4,430,6,2,True
41158,2019,MA1,1,268961,100885,100885,910,5,5,3,225,2,-1,True
41158,2019,MA1,1,268961,100885,100885,910,6,6,3,232,5,2,True
41158,2019,MA1,1,268961,100885,100885,910,7,7,3,295,4,1,True
41158,2019,MA1,1,268961,100885,100885,910,8,8,3,403,5,2,True
41158,2019,MA1,1,268961,100885,100885,910,9,9,3,338,5,2,True
41158,2019,MA1,1,268961,100885,100885,910,10,10,3,245,2,-1,True
41158,2019,MA1,1,268961,100885,100885,910,11,11,4,370,5,1,True
41158,2019,MA1,1,268961,100885,100885,910,12,12,3,326,3,0,True
41158,2019,MA1,1,268961,100885,100885,910,13,13,3,255,4,1,True
41158,2019,MA1,1,268961,100885,100885,910,14,14,4,513,4,0,True
41158,2019,MA1,1,268961,100885,100885,910,15,15,4,457,4,0,True
41158,2019,MA1,1,268961,100885,100885,910,16,16,3,333,4,1,True
41158,2019,MA1,1,268961,100885,100885,910,17,17,3,233,3,0,True
41158,2019,MA1,1,268961,100885,100885,910,18,18,4,413,3,-1,True
41158,2019,MA1,12,268961,name:jack a conant,,,1,1,3,204,2,-1,True
41158,2019,MA1,12,268961,name:jack a conant,,,2,2,3,292,3,0,True
41158,2019,MA1,12,268961,name:jack a conant,,,3,3,3,177,4,1,True
41158,2019,MA1,12,268961,name:jack a conant,,,4,4,4,430,5,1,True
41158,2019,MA1,12,268961,name:jack a conant,,,5,5,3,225,2,-1,True
41158,2019,MA1,12,268961,name:jack a conant,,,6,6,3,232,3,0,True
41158,2019,MA1,12,268961,name:jack a conant,,,7,7,3,295,4,1,True
41158,2019,MA1,12,268961,name:jack a conant,,,8,8,3,403,3,0,True
41158,2019,MA1,12,268961,name:jack a conant,,,9,9,3,338,3,0,True
41158,2019,MA1,12,268961,name:jack a conant,,,10,10,3,245,5,2,True
41158,2019,MA1,12,268961,name:jack a conant,,,11,11,4,370,4,0,True
41158,2019,MA1,12,268961,name:jack a conant,,,12,12,3,326,4,1,True
41158,2019,MA1,12,268961,name:jack a conant,,,13,13,3,255,2,-1,True
41158,2019,MA1,12,268961,name:jack a conant,,,14,14,4,513,4,0,True
41158,2019,MA1,12,268961,name:jack a conant,,,15,15,4,457,5,1,True
41158,2019,MA1,12,268961,name:jack a conant,,,16,16,3,333,3,0,True
41158,2019,MA1,12,268961,name:jack a conant,,,17,17,3,233,4,1,True
41158,2019,MA1,12,268961,name:jack a conant,,,18,18,4,413,3,-1,True
41158,2019,MA1,12,268961,name:ross dunham,,,1,1,3,204,2,-1,True
41158,2019,MA1,12,268961,name:ross dunham,,,2,2,3,292,3,0,True
41158,2019,MA1,12,268961,name:ross dunham,,,3,3,3,177,3,0,True
41158,2019,MA1,12,268961,name:ross dunham,,,4,4,4,430,4,0,True
41158,2019,MA1,12,268961,name:ross dunham,,,5,5,3,225,2,-1,True
41158,2019,MA1,12,268961,name:ross dunham,,,6,6,3,232,4,1,True
41158,2019,MA1,12,268961,name:ross dunham,,,7,7,3,295,2,-1,True
41158,2019,MA1,12,268961,name:ross dunham,,,8,8,3,403,3,0,True
41158,2019,MA1,12,268961,name:ross dunham,,,9,9,3,338,3,0,True
41158,2019,MA1,12,268961,name:ross dunham,,,10,10,3,245,4,1,True
41158,2019,MA1,12,268961,name:ross dunham,,,11,11,4,370,4,0,True
41158,2019,MA1,12,268961,name:ross dunham,,,12,12,3,326,3,0,True
41158,2019,MA1,12,268961,name:ross dunham,,,13,13,3,255,3,0,True
41158,2019,MA1,12,268961,name:ross dunham,,,14,14,4,513,3,-1,True
41158,2019,MA1,12,268961,name:ross dunham,,,15,15,4,457,3,-1,True
41158,2019,MA1,12,268961,name:ross dunham,,,16,16,3,333,2,-1,True
41158,2019,MA1,12,268961,name:ross dunham,,,17,17,3,233,3,0,True
41158,2019,MA1,12,268961,name:ross dunham,,,18,18,4,413,4,0,True
41158,2019,MA1,12,268961,98280,98280,929,1,1,3,204,2,-1,True
41158,2019,MA1,12,268961,98280,98280,929,2,2,3,292,4,1,True
41158,2019,MA1,12,268961,98280,98280,929,3,3,3,177,3,0,True
41158,2019,MA1,12,268961,98280,98280,929,4,4,4,430,4,0,True
41158,2019,MA1,12,268961,98280,98280,929,5,5,3,225,3,0,True
41158,2019,MA1,12,268961,98280,98280,929,6,6,3,232,3,0,True
41158,2019,MA1,12,268961,98280,98280,929,7,7,3,295,3,0,True
41158,2019,MA1,12,268961,98280,98280,929,8,8,3,403,4,1,True
41158,2019,MA1,12,268961,98280,98280,929,9,9,3,338,3,0,True
41158,2019,MA1,12,268961,98280,98280,929,10,10,3,245,3,0,True
41158,2019,MA1,12,268961,98280,98280,929,11,11,4,370,5,1,True
41158,2019,MA1,12,268961,98280,98280,929,12,12,3,326,3,0,True
41158,2019,MA1,12,268961,98280,98280,929,13,13,3,255,3,0,True
41158,2019,MA1,12,268961,98280,98280,929,14,14,4,513,4,0,True
41158,2019,MA1,12,268961,98280,98280,929,15,15,4,457,4,0,True
41158,2019,MA1,12,268961,98280,98280,929,16,16,3,333,2,-1,True
41158,2019,MA1,12,268961,98280,98280,929,17,17,3,233,2,-1,True
41158,2019,MA1,12,268961,98280,98280,929,18,18,4,413,4,0,True
41158,2019,MA1,12,268961,27512,27512,918,1,1,3,204,3,0,True
41158,2019,MA1,12,268961,27512,27512,918,2,2,3,292,4,1,True
41158,2019,MA1,12,268961,27512,27512,918,3,3,3,177,3,0,True
41158,2019,MA1,12,268961,27512,27512,918,4,4,4,430,4,0,True
41158,2019,MA1,12,268961,27512,27512,918,5,5,3,225,3,0,True
41158,2019,MA1,12,268961,27512,27512,918,6,6,3,232,3,0,True
41158,2019,MA1,12,268961,27512,27512,918,7,7,3,295,3,0,True
41158,2019,MA1,12,268961,27512,27512,918,8,8,3,403,4,1,True
41158,2019,MA1,12,268961,27512,27512,918,9,9,3,338,3,0,True
41158,2019,MA1,12,268961,27512,27512,918,10,10,3,245,3,0,True
41158,2019,MA1,12,268961,27512,27512,918,11,11,4,370,4,0,True
41158,2019,MA1,12,268961,27512,27512,918,12,12,3,326,4,1,True
41158,2019,MA1,12,268961,27512,27512,918,13,13,3,255,4,1,True
41158,2019,MA1,12,268961,27512,27512,918,14,14,4,513,4,0,True
41158,2019,MA1,12,268961,27512,27512,918,15,15,4,457,3,-1,True
41158,2019,MA1,12,268961,27512,27512,918,16,16,3,333,4,1,True
41158,2019,MA1,12,268961,27512,27512,918,17,17,3,233,4,1,True
41158,2019,MA1,12,268961,27512,27512,918,18,18,4,413,3,-1,True
41158,2019,MA1,12,268961,102895,102895,924,1,1,3,204,2,-1,True
41158,2019,MA1,12,268961,102895,102895,924,2,2,3,292,3,0,True
41158,2019,MA1,12,268961,102895,102895,924,3,3,3,177,3,0,True
41158,2019,MA1,12,268961,102895,102895,924,4,4,4,430,5,1,True
41158,2019,MA1,12,268961,102895,102895,924,5,5,3,225,3,0,True
41158,2019,MA1,12,268961,102895,102895,924,6,6,3,232,2,-1,True
41158,2019,MA1,12,268961,102895,102895,924,7,7,3,295,2,-1,True
41158,2019,MA1,12,268961,102895,102895,924,8,8,3,403,3,0,True
41158,2019,MA1,12,268961,102895,102895,924,9,9,3,338,3,0,True
41158,2019,MA1,12,268961,102895,102895,924,10,10,3,245,2,-1,True
41158,2019,MA1,12,268961,102895,102895,924,11,11,4,370,3,-1,True
41158,2019,MA1,12,268961,102895,102895,924,12,12,3,326,4,1,True
41158,2019,MA1,12,268961,102895,102895,924,13,13,3,255,3,0,True
41158,2019,MA1,12,268961,102895,102895,924,14,14,4,513,3,-1,True
41158,2019,MA1,12,268961,102895,102895,924,15,15,4,457,5,1,True
41158,2019,MA1,12,268961,102895,102895,924,16,16,3,333,4,1,True
41158,2019,MA1,12,268961,102895,102895,924,17,17,3,233,6,3,True
41158,2019,MA1,12,268961,102895,102895,924,18,18,4,413,3,-1,True
41158,2019,MA1,12,268961,109749,109749,877,1,1,3,204,3,0,True
41158,2019,MA1,12,268961,109749,109749,877,2,2,3,292,4,1,True
41158,2019,MA1,12,268961,109749,109749,877,3,3,3,177,3,0,True
41158,2019,MA1,12,268961,109749,109749,877,4,4,4,430,4,0,True
41158,2019,MA1,12,268961,109749,109749,877,5,5,3,225,2,-1,True
41158,2019,MA1,12,268961,109749,109749,877,6,6,3,232,3,0,True
41158,2019,MA1,12,268961,109749,109749,877,7,7,3,295,2,-1,True
41158,2019,MA1,12,268961,109749,109749,877,8,8,3,403,4,1,True
41158,2019,MA1,12,268961,109749,109749,877,9,9,3,338,3,0,True
41158,2019,MA1,12,268961,109749,109749,877,10,10,3,245,3,0,True
41158,2019,MA1,12,268961,109749,109749,877,11,11,4,370,4,0,True
41158,2019,MA1,12,268961,109749,109749,877,12,12,3,326,4,1,True
41158,2019,MA1,12,268961,109749,109749,877,13,13,3,255,3,0,True
41158,2019,MA1,12,268961,109749,109749,877,14,14,4,513,6,2,True
41158,2019,MA1,12,268961,109749,109749,877,15,15,4,457,4,0,True
41158,2019,MA1,12,268961,109749,109749,877,16,16,3,333,3,0,True
41158,2019,MA1,12,268961,109749,109749,877,17,17,3,233,2,-1,True
41158,2019,MA1,12,268961,109749,109749,877,18,18,4,413,4,0,True
41158,2019,MA1,12,268961,89829,89829,898,1,1,3,204,4,1,True
41158,2019,MA1,12,268961,89829,89829,898,2,2,3,292,3,0,True
41158,2019,MA1,12,268961,89829,89829,898,3,3,3,177,2,-1,True
41158,2019,MA1,12,268961,89829,89829,898,4,4,4,430,5,1,True
41158,2019,MA1,12,268961,89829,89829,898,5,5,3,225,3,0,True
41158,2019,MA1,12,268961,89829,89829,898,6,6,3,232,3,0,True
41158,2019,MA1,12,268961,89829,89829,898,7,7,3,295,4,1,True
41158,2019,MA1,12,268961,89829,89829,898,8,8,3,403,3,0,True
41158,2019,MA1,12,268961,89829,89829,898,9,9,3,338,3,0,True
41158,2019,MA1,12,268961,89829,89829,898,10,10,3,245,3,0,True
41158,2019,MA1,12,268961,89829,89829,898,11,11,4,370,4,0,True
41158,2019,MA1,12,268961,89829,89829,898,12,12,3,326,3,0,True
41158,2019,MA1,12,268961,89829,89829,898,13,13,3,255,3,0,True
41158,2019,MA1,12,268961,89829,89829,898,14,14,4,513,4,0,True
41158,2019,MA1,12,268961,89829,89829,898,15,15,4,457,4,0,True
41158,2019,MA1,12,268961,89829,89829,898,16,16,3,333,2,-1,True
41158,2019,MA1,12,268961,89829,89829,898,17,17,3,233,5,2,True
41158,2019,MA1,12,268961,89829,89829,898,18,18,4,413,4,0,True
41158,2019,MA1,12,268961,121418,121418,918,1,1,3,204,4,1,True
41158,2019,MA1,12,268961,121418,121418,918,2,2,3,292,3,0,True
41158,2019,MA1,12,268961,121418,121418,918,3,3,3,177,4,1,True
41158,2019,MA1,12,268961,121418,121418,918,4,4,4,430,4,0,True
41158,2019,MA1,12,268961,121418,121418,918,5,5,3,225,2,-1,True
41158,2019,MA1,12,268961,121418,121418,918,6,6,3,232,3,0,True
41158,2019,MA1,12,268961,121418,121418,918,7,7,3,295,3,0,True
41158,2019,MA1,12,268961,121418,121418,918,8,8,3,403,4,1,True
41158,2019,MA1,12,268961,121418,121418,918,9,9,3,338,3,0,True
41158,2019,MA1,12,268961,121418,121418,918,10,10,3,245,3,0,True
41158,2019,MA1,12,268961,121418,121418,918,11,11,4,370,5,1,True
41158,2019,MA1,12,268961,121418,121418,918,12,12,3,326,4,1,True
41158,2019,MA1,12,268961,121418,121418,918,13,13,3,255,3,0,True
41158,2019,MA1,12,268961,121418,121418,918,14,14,4,513,4,0,True
41158,2019,MA1,12,268961,121418,121418,918,15,15,4,457,5,1,True
41158,2019,MA1,12,268961,121418,121418,918,16,16,3,333,3,0,True
41158,2019,MA1,12,268961,121418,121418,918,17,17,3,233,3,0,True
41158,2019,MA1,12,268961,121418,121418,918,18,18,4,413,4,0,True
41158,2019,MA1,12,268961,122739,122739,932,1,1,3,204,4,1,True
41158,2019,MA1,12,268961,122739,122739,932,2,2,3,292,3,0,True
41158,2019,MA1,12,268961,122739,122739,932,3,3,3,177,4,1,True
41158,2019,MA1,12,268961,122739,122739,932,4,4,4,430,2,-2,True
41158,2019,MA1,12,268961,122739,122739,932,5,5,3,225,3,0,True
41158,2019,MA1,12,268961,122739,122739,932,6,6,3,232,3,0,True
41158,2019,MA1,12,268961,122739,122739,932,7,7,3,295,3,0,True
41158,2019,MA1,12,268961,122739,122739,932,8,8,3,403,3,0,True
41158,2019,MA1,12,268961,122739,122739,932,9,9,3,338,4,1,True
41158,2019,MA1,12,268961,122739,122739,932,10,10,3,245,4,1,True
41158,2019,MA1,12,268961,122739,122739,932,11,11,4,370,6,2,True
41158,2019,MA1,12,268961,122739,122739,932,12,12,3,326,4,1,True
41158,2019,MA1,12,268961,122739,122739,932,13,13,3,255,3,0,True
41158,2019,MA1,12,268961,122739,122739,932,14,14,4,513,4,0,True
41158,2019,MA1,12,268961,122739,122739,932,15,15,4,457,4,0,True
41158,2019,MA1,12,268961,122739,122739,932,16,16,3,333,3,0,True
41158,2019,MA1,12,268961,122739,122739,932,17,17,3,233,3,0,True
41158,2019,MA1,12,268961,122739,122739,932,18,18,4,413,3,-1,True
41158,2019,MA1,12,268961,name:zachary bossier,,,1,1,3,204,3,0,True
41158,2019,MA1,12,268961,name:zachary bossier,,,2,2,3,292,5,2,True
41158,2019,MA1,12,268961,name:zachary bossier,,,3,3,3,177,3,0,True
41158,2019,MA1,12,268961,name:zachary bossier,,,4,4,4,430,5,1,True
41158,2019,MA1,12,268961,name:zachary bossier,,,5,5,3,225,3,0,True
41158,2019,MA1,12,268961,name:zachary bossier,,,6,6,3,232,4,1,True
41158,2019,MA1,12,268961,name:zachary bossier,,,7,7,3,295,3,0,True
41158,2019,MA1,12,268961,name:zachary bossier,,,8,8,3,403,3,0,True
41158,2019,MA1,12,268961,name:zachary bossier,,,9,9,3,338,4,1,True
41158,2019,MA1,12,268961,name:zachary bossier,,,10,10,3,245,3,0,True
41158,2019,MA1,12,268961,name:zachary bossier,,,11,11,4,370,5,1,True
41158,2019,MA1,12,268961,name:zachary bossier,,,12,12,3,326,3,0,True
41158,2019,MA1,12,268961,name:zachary bossier,,,13,13,3,255,3,0,True
41158,2019,MA1,12,268961,name:zachary bossier,,,14,14,4,513,4,0,True
41158,2019,MA1,12,268961,name:zachary bossier,,,15,15,4,457,4,0,True
41158,2019,MA1,12,268961,name:zachary bossier,,,16,16,3,333,4,1,True
41158,2019,MA1,12,268961,name:zachary bossier,,,17,17,3,233,2,-1,True
41158,2019,MA1,12,268961,name:zachary bossier,,,18,18,4,413,5,1,True
41158,2019,MA1,12,268961,116370,116370,905,1,1,3,204,6,3,True
41158,2019,MA1,12,268961,116370,116370,905,2,2,3,292,3,0,True
41158,2019,MA1,12,268961,116370,116370,905,3,3,3,177,3,0,True
41158,2019,MA1,12,268961,116370,116370,905,4,4,4,430,3,-1,True
41158,2019,MA1,12,268961,116370,116370,905,5,5,3,225,4,1,True
41158,2019,MA1,12,268961,116370,116370,905,6,6,3,232,3,0,True
41158,2019,MA1,12,268961,116370,116370,905,7,7,3,295,2,-1,True
41158,2019,MA1,12,268961,116370,116370,905,8,8,3,403,5,2,True
41158,2019,MA1,12,268961,116370,116370,905,9,9,3,338,4,1,True
41158,2019,MA1,12,268961,116370,116370,905,10,10,3,245,3,0,True
41158,2019,MA1,12,268961,116370,116370,905,11,11,4,370,4,0,True
41158,2019,MA1,12,268961,116370,116370,905,12,12,3,326,3,0,True
41158,2019,MA1,12,268961,116370,116370,905,13,13,3,255,3,0,True
41158,2019,MA1,12,268961,116370,116370,905,14,14,4,513,5,1,True
41158,2019,MA1,12,268961,116370,116370,905,15,15,4,457,5,1,True
41158,2019,MA1,12,268961,116370,116370,905,16,16,3,333,5,2,True
41158,2019,MA1,12,268961,116370,116370,905,17,17,3,233,3,0,True
41158,2019,MA1,12,268961,116370,116370,905,18,18,4,413,4,0,True
41158,2019,MA1,12,268961,100885,100885,910,1,1,3,204,4,1,True
41158,2019,MA1,12,268961,100885,100885,910,2,2,3,292,3,0,True
41158,2019,MA1,12,268961,100885,100885,910,3,3,3,177,2,-1,True
41158,2019,MA1,12,268961,100885,100885,910,4,4,4,430,4,0,True
41158,2019,MA1,12,268961,100885,100885,910,5,5,3,225,2,-1,True
41158,2019,MA1,12,268961,100885,100885,910,6,6,3,232,3,0,True
41158,2019,MA1,12,268961,100885,100885,910,7,7,3,295,3,0,True
41158,2019,MA1,12,268961,100885,100885,910,8,8,3,403,3,0,True
41158,2019,MA1,12,268961,100885,100885,910,9,9,3,338,4,1,True
41158,2019,MA1,12,268961,100885,100885,910,10,10,3,245,4,1,True
41158,2019,MA1,12,268961,100885,100885,910,11,11,4,370,4,0,True
41158,2019,MA1,12,268961,100885,100885,910,12,12,3,326,3,0,True
41158,2019,MA1,12,268961,100885,100885,910,13,13,3,255,3,0,True
41158,2019,MA1,12,268961,100885,100885,910,14,14,4,513,7,3,True
41158,2019,MA1,12,268961,100885,100885,910,15,15,4,457,5,1,True
41158,2019,MA1,12,268961,100885,100885,910,16,16,3,333,4,1,True
41158,2019,MA1,12,268961,100885,100885,910,17,17,3,233,2,-1,True
41158,2019,MA1,12,268961,100885,100885,910,18,18,4,413,3,-1,True
41158,2019,MA1,12,268961,73588,73588,883,1,1,3,204,5,2,True
41158,2019,MA1,12,268961,73588,73588,883,2,2,3,292,3,0,True
41158,2019,MA1,12,268961,73588,73588,883,3,3,3,177,3,0,True
41158,2019,MA1,12,268961,73588,73588,883,4,4,4,430,4,0,True
41158,2019,MA1,12,268961,73588,73588,883,5,5,3,225,3,0,True
41158,2019,MA1,12,268961,73588,73588,883,6,6,3,232,3,0,True
41158,2019,MA1,12,268961,73588,73588,883,7,7,3,295,3,0,True
41158,2019,MA1,12,268961,73588,73588,883,8,8,3,403,3,0,True
41158,2019,MA1,12,268961,73588,73588,883,9,9,3,338,4,1,True
41158,2019,MA1,12,268961,73588,73588,883,10,10,3,245,3,0,True
41158,2019,MA1,12,268961,73588,73588,883,11,11,4,370,5,1,True
41158,2019,MA1,12,268961,73588,73588,883,12,12,3,326,5,2,True
41158,2019,MA1,12,268961,73588,73588,883,13,13,3,255,3,0,True
41158,2019,MA1,12,268961,73588,73588,883,14,14,4,513,4,0,True
41158,2019,MA1,12,268961,73588,73588,883,15,15,4,457,6,2,True
41158,2019,MA1,12,268961,73588,73588,883,16,16,3,333,3,0,True
41158,2019,MA1,12,268961,73588,73588,883,17,17,3,233,3,0,True
41158,2019,MA1,12,268961,73588,73588,883,18,18,4,413,5,1,True
41158,2019,MA1,12,268961,95717,95717,898,1,1,3,204,11,8,True
41158,2019,MA1,12,268961,95717,95717,898,2,2,3,292,3,0,True
41158,2019,MA1,12,268961,95717,95717,898,3,3,3,177,3,0,True
41158,2019,MA1,12,268961,95717,95717,898,4,4,4,430,5,1,True
41158,2019,MA1,12,268961,95717,95717,898,5,5,3,225,3,0,True
41158,2019,MA1,12,268961,95717,95717,898,6,6,3,232,4,1,True
41158,2019,MA1,12,268961,95717,95717,898,7,7,3,295,4,1,True
41158,2019,MA1,12,268961,95717,95717,898,8,8,3,403,4,1,True
41158,2019,MA1,12,268961,95717,95717,898,9,9,3,338,5,2,True
41158,2019,MA1,12,268961,95717,95717,898,10,10,3,245,4,1,True
41158,2019,MA1,12,268961,95717,95717,898,11,11,4,370,5,1,True
41158,2019,MA1,12,268961,95717,95717,898,12,12,3,326,3,0,True
41158,2019,MA1,12,268961,95717,95717,898,13,13,3,255,4,1,True
41158,2019,MA1,12,268961,95717,95717,898,14,14,4,513,5,1,True
41158,2019,MA1,12,268961,95717,95717,898,15,15,4,457,6,2,True
41158,2019,MA1,12,268961,95717,95717,898,16,16,3,333,3,0,True
41158,2019,MA1,12,268961,95717,95717,898,17,17,3,233,7,4,True
41158,2019,MA1,12,268961,95717,95717,898,18,18,4,413,5,1,True
41158,2019,MA2,1,272056,121362,121362,876,1,1,3,204,6,3,True
41158,2019,MA2,1,272056,121362,121362,876,2,2,3,235,3,0,True
41158,2019,MA2,1,272056,121362,121362,876,3,3,3,177,2,-1,True
41158,2019,MA2,1,272056,121362,121362,876,4,4,4,366,3,-1,True
41158,2019,MA2,1,272056,121362,121362,876,5,5,3,225,3,0,True
41158,2019,MA2,1,272056,121362,121362,876,6,6,3,232,2,-1,True
41158,2019,MA2,1,272056,121362,121362,876,7,7,3,220,2,-1,True
41158,2019,MA2,1,272056,121362,121362,876,8,8,3,315,3,0,True
41158,2019,MA2,1,272056,121362,121362,876,9,9,3,280,3,0,True
41158,2019,MA2,1,272056,121362,121362,876,10,10,3,245,3,0,True
41158,2019,MA2,1,272056,121362,121362,876,11,11,4,322,4,0,True
41158,2019,MA2,1,272056,121362,121362,876,12,12,3,269,3,0,True
41158,2019,MA2,1,272056,121362,121362,876,13,13,3,255,3,0,True
41158,2019,MA2,1,272056,121362,121362,876,14,14,4,395,3,-1,True
41158,2019,MA2,1,272056,121362,121362,876,15,15,4,345,2,-2,True
41158,2019,MA2,1,272056,121362,121362,876,16,16,3,333,3,0,True
41158,2019,MA2,1,272056,121362,121362,876,17,17,3,233,3,0,True
41158,2019,MA2,1,272056,121362,121362,876,18,18,3,219,3,0,True
41158,2019,MA2,1,272056,109604,109604,911,1,1,3,204,4,1,True
41158,2019,MA2,1,272056,109604,109604,911,2,2,3,235,3,0,True
41158,2019,MA2,1,272056,109604,109604,911,3,3,3,177,3,0,True
41158,2019,MA2,1,272056,109604,109604,911,4,4,4,366,4,0,True
41158,2019,MA2,1,272056,109604,109604,911,5,5,3,225,2,-1,True
41158,2019,MA2,1,272056,109604,109604,911,6,6,3,232,3,0,True
41158,2019,MA2,1,272056,109604,109604,911,7,7,3,220,3,0,True
41158,2019,MA2,1,272056,109604,109604,911,8,8,3,315,4,1,True
41158,2019,MA2,1,272056,109604,109604,911,9,9,3,280,3,0,True
41158,2019,MA2,1,272056,109604,109604,911,10,10,3,245,3,0,True
41158,2019,MA2,1,272056,109604,109604,911,11,11,4,322,4,0,True
41158,2019,MA2,1,272056,109604,109604,911,12,12,3,269,3,0,True
41158,2019,MA2,1,272056,109604,109604,911,13,13,3,255,3,0,True
41158,2019,MA2,1,272056,109604,109604,911,14,14,4,395,4,0,True
41158,2019,MA2,1,272056,109604,109604,911,15,15,4,345,2,-2,True
41158,2019,MA2,1,272056,109604,109604,911,16,16,3,333,3,0,True
41158,2019,MA2,1,272056,109604,109604,911,17,17,3,233,3,0,True
41158,2019,MA2,1,272056,109604,109604,911,18,18,3,219,2,-1,True
41158,2019,MA2,1,272056,118928,118928,908,1,1,3,204,3,0,True
41158,2019,MA2,1,272056,118928,118928,908,2,2,3,235,3,0,True
41158,2019,MA2,1,272056,118928,118928,908,3,3,3,177,3,0,True
41158,2019,MA2,1,272056,118928,118928,908,4,4,4,366,3,-1,True
41158,2019,MA2,1,272056,118928,118928,908,5,5,3,225,2,-1,True
41158,2019,MA2,1,272056,118928,118928,908,6,6,3,232,2,-1,True
41158,2019,MA2,1,272056,118928,118928,908,7,7,3,220,3,0,True
41158,2019,MA2,1,272056,118928,118928,908,8,8,3,315,2,-1,True
41158,2019,MA2,1,272056,118928,118928,908,9,9,3,280,3,0,True
41158,2019,MA2,1,272056,118928,118928,908,10,10,3,245,3,0,True
41158,2019,MA2,1,272056,118928,118928,908,11,11,4,322,4,0,True
41158,2019,MA2,1,272056,118928,118928,908,12,12,3,269,3,0,True
41158,2019,MA2,1,272056,118928,118928,908,13,13,3,255,3,0,True
41158,2019,MA2,1,272056,118928,118928,908,14,14,4,395,3,-1,True
41158,2019,MA2,1,272056,118928,118928,908,15,15,4,345,3,-1,True
41158,2019,MA2,1,272056,118928,118928,908,16,16,3,333,5,2,True
41158,2019,MA2,1,272056,118928,118928,908,17,17,3,233,4,1,True
41158,2019,MA2,1,272056,118928,118928,908,18,18,3,219,4,1,True
41158,2019,MA2,1,272056,120721,120721,867,1,1,3,204,4,1,True
41158,2019,MA2,1,272056,120721,120721,867,2,2,3,235,3,0,True
41158,2019,MA2,1,272056,120721,120721,867,3,3,3,177,2,-1,True
41158,2019,MA2,1,272056,120721,120721,867,4,4,4,366,4,0,True
41158,2019,MA2,1,272056,120721,120721,867,5,5,3,225,2,-1,True
41158,2019,MA2,1,272056,120721,120721,867,6,6,3,232,3,0,True
41158,2019,MA2,1,272056,120721,120721,867,7,7,3,220,2,-1,True
41158,2019,MA2,1,272056,120721,120721,867,8,8,3,315,3,0,True
41158,2019,MA2,1,272056,120721,120721,867,9,9,3,280,3,0,True
41158,2019,MA2,1,272056,120721,120721,867,10,10,3,245,3,0,True
41158,2019,MA2,1,272056,120721,120721,867,11,11,4,322,4,0,True
41158,2019,MA2,1,272056,120721,120721,867,12,12,3,269,3,0,True
41158,2019,MA2,1,272056,120721,120721,867,13,13,3,255,4,1,True
41158,2019,MA2,1,272056,120721,120721,867,14,14,4,395,3,-1,True
41158,2019,MA2,1,272056,120721,120721,867,15,15,4,345,2,-2,True
41158,2019,MA2,1,272056,120721,120721,867,16,16,3,333,3,0,True
41158,2019,MA2,1,272056,120721,120721,867,17,17,3,233,5,2,True
41158,2019,MA2,1,272056,120721,120721,867,18,18,3,219,3,0,True
41158,2019,MA2,1,272056,93062,93062,844,1,1,3,204,2,-1,True
41158,2019,MA2,1,272056,93062,93062,844,2,2,3,235,3,0,True
41158,2019,MA2,1,272056,93062,93062,844,3,3,3,177,4,1,True
41158,2019,MA2,1,272056,93062,93062,844,4,4,4,366,4,0,True
41158,2019,MA2,1,272056,93062,93062,844,5,5,3,225,2,-1,True
41158,2019,MA2,1,272056,93062,93062,844,6,6,3,232,3,0,True
41158,2019,MA2,1,272056,93062,93062,844,7,7,3,220,3,0,True
41158,2019,MA2,1,272056,93062,93062,844,8,8,3,315,4,1,True
41158,2019,MA2,1,272056,93062,93062,844,9,9,3,280,3,0,True
41158,2019,MA2,1,272056,93062,93062,844,10,10,3,245,3,0,True
41158,2019,MA2,1,272056,93062,93062,844,11,11,4,322,4,0,True
41158,2019,MA2,1,272056,93062,93062,844,12,12,3,269,3,0,True
41158,2019,MA2,1,272056,93062,93062,844,13,13,3,255,3,0,True
41158,2019,MA2,1,272056,93062,93062,844,14,14,4,395,3,-1,True
41158,2019,MA2,1,272056,93062,93062,844,15,15,4,345,4,0,True
41158,2019,MA2,1,272056,93062,93062,844,16,16,3,333,3,0,True
41158,2019,MA2,1,272056,93062,93062,844,17,17,3,233,4,1,True
41158,2019,MA2,1,272056,93062,93062,844,18,18,3,219,3,0,True
41158,2019,MA2,1,272056,126099,126099,865,1,1,3,204,2,-1,True
41158,2019,MA2,1,272056,126099,126099,865,2,2,3,235,3,0,True
41158,2019,MA2,1,272056,126099,126099,865,3,3,3,177,4,1,True
41158,2019,MA2,1,272056,126099,126099,865,4,4,4,366,5,1,True
41158,2019,MA2,1,272056,126099,126099,865,5,5,3,225,3,0,True
41158,2019,MA2,1,272056,126099,126099,865,6,6,3,232,3,0,True
41158,2019,MA2,1,272056,126099,126099,865,7,7,3,220,4,1,True
41158,2019,MA2,1,272056,126099,126099,865,8,8,3,315,2,-1,True
41158,2019,MA2,1,272056,126099,126099,865,9,9,3,280,4,1,True
41158,2019,MA2,1,272056,126099,126099,865,10,10,3,245,3,0,True
41158,2019,MA2,1,272056,126099,126099,865,11,11,4,322,3,-1,True
41158,2019,MA2,1,272056,126099,126099,865,12,12,3,269,3,0,True
41158,2019,MA2,1,272056,126099,126099,865,13,13,3,255,4,1,True
41158,2019,MA2,1,272056,126099,126099,865,14,14,4,395,3,-1,True
41158,2019,MA2,1,272056,126099,126099,865,15,15,4,345,4,0,True
41158,2019,MA2,1,272056,126099,126099,865,16,16,3,333,3,0,True
41158,2019,MA2,1,272056,126099,126099,865,17,17,3,233,4,1,True
41158,2019,MA2,1,272056,126099,126099,865,18,18,3,219,3,0,True
41158,2019,MA2,1,272056,106970,106970,837,1,1,3,204,2,-1,True
41158,2019,MA2,1,272056,106970,106970,837,2,2,3,235,3,0,True
41158,2019,MA2,1,272056,106970,106970,837,3,3,3,177,3,0,True
41158,2019,MA2,1,272056,106970,106970,837,4,4,4,366,4,0,True
41158,2019,MA2,1,272056,106970,106970,837,5,5,3,225,3,0,True
41158,2019,MA2,1,272056,106970,106970,837,6,6,3,232,3,0,True
41158,2019,MA2,1,272056,106970,106970,837,7,7,3,220,5,2,True
41158,2019,MA2,1,272056,106970,106970,837,8,8,3,315,3,0,True
41158,2019,MA2,1,272056,106970,106970,837,9,9,3,280,4,1,True
41158,2019,MA2,1,272056,106970,106970,837,10,10,3,245,4,1,True
41158,2019,MA2,1,272056,106970,106970,837,11,11,4,322,4,0,True
41158,2019,MA2,1,272056,106970,106970,837,12,12,3,269,3,0,True
41158,2019,MA2,1,272056,106970,106970,837,13,13,3,255,4,1,True
41158,2019,MA2,1,272056,106970,106970,837,14,14,4,395,4,0,True
41158,2019,MA2,1,272056,106970,106970,837,15,15,4,345,5,1,True
41158,2019,MA2,1,272056,106970,106970,837,16,16,3,333,4,1,True
41158,2019,MA2,1,272056,106970,106970,837,17,17,3,233,2,-1,True
41158,2019,MA2,1,272056,106970,106970,837,18,18,3,219,3,0,True
41158,2019,MA2,1,272056,110707,110707,877,1,1,3,204,8,5,True
41158,2019,MA2,1,272056,110707,110707,877,2,2,3,235,3,0,True
41158,2019,MA2,1,272056,110707,110707,877,3,3,3,177,3,0,True
41158,2019,MA2,1,272056,110707,110707,877,4,4,4,366,4,0,True
41158,2019,MA2,1,272056,110707,110707,877,5,5,3,225,3,0,True
41158,2019,MA2,1,272056,110707,110707,877,6,6,3,232,3,0,True
41158,2019,MA2,1,272056,110707,110707,877,7,7,3,220,3,0,True
41158,2019,MA2,1,272056,110707,110707,877,8,8,3,315,3,0,True
41158,2019,MA2,1,272056,110707,110707,877,9,9,3,280,4,1,True
41158,2019,MA2,1,272056,110707,110707,877,10,10,3,245,3,0,True
41158,2019,MA2,1,272056,110707,110707,877,11,11,4,322,6,2,True
41158,2019,MA2,1,272056,110707,110707,877,12,12,3,269,2,-1,True
41158,2019,MA2,1,272056,110707,110707,877,13,13,3,255,4,1,True
41158,2019,MA2,1,272056,110707,110707,877,14,14,4,395,4,0,True
41158,2019,MA2,1,272056,110707,110707,877,15,15,4,345,3,-1,True
41158,2019,MA2,1,272056,110707,110707,877,16,16,3,333,2,-1,True
41158,2019,MA2,1,272056,110707,110707,877,17,17,3,233,2,-1,True
41158,2019,MA2,1,272056,110707,110707,877,18,18,3,219,4,1,True
41158,2019,MA2,1,272056,126988,126988,,1,1,3,204,2,-1,True
41158,2019,MA2,1,272056,126988,126988,,2,2,3,235,2,-1,True
41158,2019,MA2,1,272056,126988,126988,,3,3,3,177,2,-1,True
41158,2019,MA2,1,272056,126988,126988,,4,4,4,366,7,3,True
41158,2019,MA2,1,272056,126988,126988,,5,5,3,225,4,1,True
41158,2019,MA2,1,272056,126988,126988,,6,6,3,232,3,0,True
41158,2019,MA2,1,272056,126988,126988,,7,7,3,220,3,0,True
41158,2019,MA2,1,272056,126988,126988,,8,8,3,315,4,1,True
41158,2019,MA2,1,272056,126988,126988,,9,9,3,280,3,0,True
41158,2019,MA2,1,272056,126988,126988,,10,10,3,245,4,1,True
41158,2019,MA2,1,272056,126988,126988,,11,11,4,322,4,0,True
41158,2019,MA2,1,272056,126988,126988,,12,12,3,269,3,0,True
41158,2019,MA2,1,272056,126988,126988,,13,13,3,255,3,0,True
41158,2019,MA2,1,272056,126988,126988,,14,14,4,395,5,1,True
41158,2019,MA2,1,272056,126988,126988,,15,15,4,345,5,1,True
41158,2019,MA2,1,272056,126988,126988,,16,16,3,333,4,1,True
41158,2019,MA2,1,272056,126988,126988,,17,17,3,233,3,0,True
41158,2019,MA2,1,272056,126988,126988,,18,18,3,219,3,0,True
41158,2019,MA2,1,272056,name:aaron gingras,,,1,1,3,204,2,-1,True
41158,2019,MA2,1,272056,name:aaron gingras,,,2,2,3,235,3,0,True
41158,2019,MA2,1,272056,name:aaron gingras,,,3,3,3,177,2,-1,True
41158,2019,MA2,1,272056,name:aaron gingras,,,4,4,4,366,4,0,True
41158,2019,MA2,1,272056,name:aaron gingras,,,5,5,3,225,3,0,True
41158,2019,MA2,1,272056,name:aaron gingras,,,6,6,3,232,5,2,True
41158,2019,MA2,1,272056,name:aaron gingras,,,7,7,3,220,3,0,True
41158,2019,MA2,1,272056,name:aaron gingras,,,8,8,3,315,3,0,True
41158,2019,MA2,1,272056,name:aaron gingras,,,9,9,3,280,5,2,True
41158,2019,MA2,1,272056,name:aaron gingras,,,10,10,3,245,3,0,True
41158,2019,MA2,1,272056,name:aaron gingras,,,11,11,4,322,4,0,True
41158,2019,MA2,1,272056,name:aaron gingras,,,12,12,3,269,3,0,True
41158,2019,MA2,1,272056,name:aaron gingras,,,13,13,3,255,3,0,True
41158,2019,MA2,1,272056,name:aaron gingras,,,14,14,4,395,6,2,True
41158,2019,MA2,1,272056,name:aaron gingras,,,15,15,4,345,3,-1,True
41158,2019,MA2,1,272056,name:aaron gingras,,,16,16,3,333,5,2,True
41158,2019,MA2,1,272056,name:aaron gingras,,,17,17,3,233,5,2,True
41158,2019,MA2,1,272056,name:aaron gingras,,,18,18,3,219,3,0,True
41158,2019,MA2,1,272056,126937,126937,,1,1,3,204,6,3,True
41158,2019,MA2,1,272056,126937,126937,,2,2,3,235,3,0,True
41158,2019,MA2,1,272056,126937,126937,,3,3,3,177,2,-1,True
41158,2019,MA2,1,272056,126937,126937,,4,4,4,366,3,-1,True
41158,2019,MA2,1,272056,126937,126937,,5,5,3,225,3,0,True
41158,2019,MA2,1,272056,126937,126937,,6,6,3,232,3,0,True
41158,2019,MA2,1,272056,126937,126937,,7,7,3,220,3,0,True
41158,2019,MA2,1,272056,126937,126937,,8,8,3,315,3,0,True
41158,2019,MA2,1,272056,126937,126937,,9,9,3,280,3,0,True
41158,2019,MA2,1,272056,126937,126937,,10,10,3,245,3,0,True
41158,2019,MA2,1,272056,126937,126937,,11,11,4,322,5,1,True
41158,2019,MA2,1,272056,126937,126937,,12,12,3,269,3,0,True
41158,2019,MA2,1,272056,126937,126937,,13,13,3,255,3,0,True
41158,2019,MA2,1,272056,126937,126937,,14,14,4,395,4,0,True
41158,2019,MA2,1,272056,126937,126937,,15,15,4,345,4,0,True
41158,2019,MA2,1,272056,126937,126937,,16,16,3,333,4,1,True
41158,2019,MA2,1,272056,126937,126937,,17,17,3,233,8,5,True
41158,2019,MA2,1,272056,126937,126937,,18,18,3,219,4,1,True
41158,2019,MA2,1,272056,98213,98213,834,1,1,3,204,4,1,True
41158,2019,MA2,1,272056,98213,98213,834,2,2,3,235,3,0,True
41158,2019,MA2,1,272056,98213,98213,834,3,3,3,177,4,1,True
41158,2019,MA2,1,272056,98213,98213,834,4,4,4,366,4,0,True
41158,2019,MA2,1,272056,98213,98213,834,5,5,3,225,3,0,True
41158,2019,MA2,1,272056,98213,98213,834,6,6,3,232,3,0,True
41158,2019,MA2,1,272056,98213,98213,834,7,7,3,220,4,1,True
41158,2019,MA2,1,272056,98213,98213,834,8,8,3,315,3,0,True
41158,2019,MA2,1,272056,98213,98213,834,9,9,3,280,4,1,True
41158,2019,MA2,1,272056,98213,98213,834,10,10,3,245,4,1,True
41158,2019,MA2,1,272056,98213,98213,834,11,11,4,322,4,0,True
41158,2019,MA2,1,272056,98213,98213,834,12,12,3,269,3,0,True
41158,2019,MA2,1,272056,98213,98213,834,13,13,3,255,4,1,True
41158,2019,MA2,1,272056,98213,98213,834,14,14,4,395,4,0,True
41158,2019,MA2,1,272056,98213,98213,834,15,15,4,345,5,1,True
41158,2019,MA2,1,272056,98213,98213,834,16,16,3,333,7,4,True
41158,2019,MA2,1,272056,98213,98213,834,17,17,3,233,4,1,True
41158,2019,MA2,1,272056,98213,98213,834,18,18,3,219,3,0,True
41158,2019,MA2,1,272056,120760,120760,835,1,1,3,204,4,1,True
41158,2019,MA2,1,272056,120760,120760,835,2,2,3,235,3,0,True
41158,2019,MA2,1,272056,120760,120760,835,3,3,3,177,3,0,True
41158,2019,MA2,1,272056,120760,120760,835,4,4,4,366,4,0,True
41158,2019,MA2,1,272056,120760,120760,835,5,5,3,225,3,0,True
41158,2019,MA2,1,272056,120760,120760,835,6,6,3,232,3,0,True
41158,2019,MA2,1,272056,120760,120760,835,7,7,3,220,3,0,True
41158,2019,MA2,1,272056,120760,120760,835,8,8,3,315,5,2,True
41158,2019,MA2,1,272056,120760,120760,835,9,9,3,280,6,3,True
41158,2019,MA2,1,272056,120760,120760,835,10,10,3,245,5,2,True
41158,2019,MA2,1,272056,120760,120760,835,11,11,4,322,6,2,True
41158,2019,MA2,1,272056,120760,120760,835,12,12,3,269,3,0,True
41158,2019,MA2,1,272056,120760,120760,835,13,13,3,255,4,1,True
41158,2019,MA2,1,272056,120760,120760,835,14,14,4,395,4,0,True
41158,2019,MA2,1,272056,120760,120760,835,15,15,4,345,3,-1,True
41158,2019,MA2,1,272056,120760,120760,835,16,16,3,333,3,0,True
41158,2019,MA2,1,272056,120760,120760,835,17,17,3,233,5,2,True
41158,2019,MA2,1,272056,120760,120760,835,18,18,3,219,3,0,True
41158,2019,MA2,1,272056,50816,50816,846,1,1,3,204,6,3,True
41158,2019,MA2,1,272056,50816,50816,846,2,2,3,235,3,0,True
41158,2019,MA2,1,272056,50816,50816,846,3,3,3,177,3,0,True
41158,2019,MA2,1,272056,50816,50816,846,4,4,4,366,4,0,True
41158,2019,MA2,1,272056,50816,50816,846,5,5,3,225,3,0,True
41158,2019,MA2,1,272056,50816,50816,846,6,6,3,232,3,0,True
41158,2019,MA2,1,272056,50816,50816,846,7,7,3,220,3,0,True
41158,2019,MA2,1,272056,50816,50816,846,8,8,3,315,7,4,True
41158,2019,MA2,1,272056,50816,50816,846,9,9,3,280,3,0,True
41158,2019,MA2,1,272056,50816,50816,846,10,10,3,245,3,0,True
41158,2019,MA2,1,272056,50816,50816,846,11,11,4,322,4,0,True
41158,2019,MA2,1,272056,50816,50816,846,12,12,3,269,4,1,True
41158,2019,MA2,1,272056,50816,50816,846,13,13,3,255,4,1,True
41158,2019,MA2,1,272056,50816,50816,846,14,14,4,395,5,1,True
41158,2019,MA2,1,272056,50816,50816,846,15,15,4,345,4,0,True
41158,2019,MA2,1,272056,50816,50816,846,16,16,3,333,5,2,True
41158,2019,MA2,1,272056,50816,50816,846,17,17,3,233,6,3,True
41158,2019,MA2,1,272056,50816,50816,846,18,18,3,219,3,0,True
41158,2019,MA2,12,272056,120721,120721,867,1,1,3,204,3,0,True
41158,2019,MA2,12,272056,120721,120721,867,2,2,3,235,3,0,True
41158,2019,MA2,12,272056,120721,120721,867,3,3,3,177,2,-1,True
41158,2019,MA2,12,272056,120721,120721,867,4,4,4,366,4,0,True
41158,2019,MA2,12,272056,120721,120721,867,5,5,3,225,3,0,True
41158,2019,MA2,12,272056,120721,120721,867,6,6,3,232,3,0,True
41158,2019,MA2,12,272056,120721,120721,867,7,7,3,220,4,1,True
41158,2019,MA2,12,272056,120721,120721,867,8,8,3,315,2,-1,True
41158,2019,MA2,12,272056,120721,120721,867,9,9,3,280,3,0,True
41158,2019,MA2,12,272056,120721,120721,867,10,10,3,245,3,0,True
41158,2019,MA2,12,272056,120721,120721,867,11,11,4,322,4,0,True
41158,2019,MA2,12,272056,120721,120721,867,12,12,3,269,3,0,True
41158,2019,MA2,12,272056,120721,120721,867,13,13,3,255,3,0,True
41158,2019,MA2,12,272056,120721,120721,867,14,14,4,395,4,0,True
41158,2019,MA2,12,272056,120721,120721,867,15,15,4,345,3,-1,True
41158,2019,MA2,12,272056,120721,120721,867,16,16,3,333,4,1,True
41158,2019,MA2,12,272056,120721,120721,867,17,17,3,233,2,-1,True
41158,2019,MA2,12,272056,120721,120721,867,18,18,3,219,2,-1,True
41158,2019,MA2,12,272056,118928,118928,908,1,1,3,204,2,-1,True
41158,2019,MA2,12,272056,118928,118928,908,2,2,3,235,2,-1,True
41158,2019,MA2,12,272056,118928,118928,908,3,3,3,177,3,0,True
41158,2019,MA2,12,272056,118928,118928,908,4,4,4,366,4,0,True
41158,2019,MA2,12,272056,118928,118928,908,5,5,3,225,2,-1,True
41158,2019,MA2,12,272056,118928,118928,908,6,6,3,232,3,0,True
41158,2019,MA2,12,272056,118928,118928,908,7,7,3,220,2,-1,True
41158,2019,MA2,12,272056,118928,118928,908,8,8,3,315,3,0,True
41158,2019,MA2,12,272056,118928,118928,908,9,9,3,280,3,0,True
41158,2019,MA2,12,272056,118928,118928,908,10,10,3,245,3,0,True
41158,2019,MA2,12,272056,118928,118928,908,11,11,4,322,4,0,True
41158,2019,MA2,12,272056,118928,118928,908,12,12,3,269,3,0,True
41158,2019,MA2,12,272056,118928,118928,908,13,13,3,255,3,0,True
41158,2019,MA2,12,272056,118928,118928,908,14,14,4,395,5,1,True
41158,2019,MA2,12,272056,118928,118928,908,15,15,4,345,3,-1,True
41158,2019,MA2,12,272056,118928,118928,908,16,16,3,333,5,2,True
41158,2019,MA2,12,272056,118928,118928,908,17,17,3,233,3,0,True
41158,2019,MA2,12,272056,118928,118928,908,18,18,3,219,3,0,True
41158,2019,MA2,12,272056,121362,121362,876,1,1,3,204,2,-1,True
41158,2019,MA2,12,272056,121362,121362,876,2,2,3,235,3,0,True
41158,2019,MA2,12,272056,121362,121362,876,3,3,3,177,3,0,True
41158,2019,MA2,12,272056,121362,121362,876,4,4,4,366,4,0,True
41158,2019,MA2,12,272056,121362,121362,876,5,5,3,225,4,1,True
41158,2019,MA2,12,272056,121362,121362,876,6,6,3,232,3,0,True
41158,2019,MA2,12,272056,121362,121362,876,7,7,3,220,3,0,True
41158,2019,MA2,12,272056,121362,121362,876,8,8,3,315,3,0,True
41158,2019,MA2,12,272056,121362,121362,876,9,9,3,280,2,-1,True
41158,2019,MA2,12,272056,121362,121362,876,10,10,3,245,3,0,True
41158,2019,MA2,12,272056,121362,121362,876,11,11,4,322,4,0,True
41158,2019,MA2,12,272056,121362,121362,876,12,12,3,269,3,0,True
41158,2019,MA2,12,272056,121362,121362,876,13,13,3,255,4,1,True
41158,2019,MA2,12,272056,121362,121362,876,14,14,4,395,4,0,True
41158,2019,MA2,12,272056,121362,121362,876,15,15,4,345,3,-1,True
41158,2019,MA2,12,272056,121362,121362,876,16,16,3,333,4,1,True
41158,2019,MA2,12,272056,121362,121362,876,17,17,3,233,3,0,True
41158,2019,MA2,12,272056,121362,121362,876,18,18,3,219,3,0,True
41158,2019,MA2,12,272056,93062,93062,844,1,1,3,204,4,1,True
41158,2019,MA2,12,272056,93062,93062,844,2,2,3,235,3,0,True
41158,2019,MA2,12,272056,93062,93062,844,3,3,3,177,3,0,True
41158,2019,MA2,12,272056,93062,93062,844,4,4,4,366,4,0,True
41158,2019,MA2,12,272056,93062,93062,844,5,5,3,225,3,0,True
41158,2019,MA2,12,272056,93062,93062,844,6,6,3,232,2,-1,True
41158,2019,MA2,12,272056,93062,93062,844,7,7,3,220,4,1,True
41158,2019,MA2,12,272056,93062,93062,844,8,8,3,315,4,1,True
41158,2019,MA2,12,272056,93062,93062,844,9,9,3,280,3,0,True
41158,2019,MA2,12,272056,93062,93062,844,10,10,3,245,3,0,True
41158,2019,MA2,12,272056,93062,93062,844,11,11,4,322,4,0,True
41158,2019,MA2,12,272056,93062,93062,844,12,12,3,269,2,-1,True
41158,2019,MA2,12,272056,93062,93062,844,13,13,3,255,4,1,True
41158,2019,MA2,12,272056,93062,93062,844,14,14,4,395,3,-1,True
41158,2019,MA2,12,272056,93062,93062,844,15,15,4,345,4,0,True
41158,2019,MA2,12,272056,93062,93062,844,16,16,3,333,3,0,True
41158,2019,MA2,12,272056,93062,93062,844,17,17,3,233,2,-1,True
41158,2019,MA2,12,272056,93062,93062,844,18,18,3,219,3,0,True
41158,2019,MA2,12,272056,109604,109604,911,1,1,3,204,4,1,True
41158,2019,MA2,12,272056,109604,109604,911,2,2,3,235,3,0,True
41158,2019,MA2,12,272056,109604,109604,911,3,3,3,177,3,0,True
41158,2019,MA2,12,272056,109604,109604,911,4,4,4,366,5,1,True
41158,2019,MA2,12,272056,109604,109604,911,5,5,3,225,2,-1,True
41158,2019,MA2,12,272056,109604,109604,911,6,6,3,232,4,1,True
41158,2019,MA2,12,272056,109604,109604,911,7,7,3,220,2,-1,True
41158,2019,MA2,12,272056,109604,109604,911,8,8,3,315,2,-1,True
41158,2019,MA2,12,272056,109604,109604,911,9,9,3,280,4,1,True
41158,2019,MA2,12,272056,109604,109604,911,10,10,3,245,3,0,True
41158,2019,MA2,12,272056,109604,109604,911,11,11,4,322,5,1,True
41158,2019,MA2,12,272056,109604,109604,911,12,12,3,269,4,1,True
41158,2019,MA2,12,272056,109604,109604,911,13,13,3,255,4,1,True
41158,2019,MA2,12,272056,109604,109604,911,14,14,4,395,3,-1,True
41158,2019,MA2,12,272056,109604,109604,911,15,15,4,345,3,-1,True
41158,2019,MA2,12,272056,109604,109604,911,16,16,3,333,3,0,True
41158,2019,MA2,12,272056,109604,109604,911,17,17,3,233,3,0,True
41158,2019,MA2,12,272056,109604,109604,911,18,18,3,219,3,0,True
41158,2019,MA2,12,272056,110707,110707,877,1,1,3,204,4,1,True
41158,2019,MA2,12,272056,110707,110707,877,2,2,3,235,3,0,True
41158,2019,MA2,12,272056,110707,110707,877,3,3,3,177,2,-1,True
41158,2019,MA2,12,272056,110707,110707,877,4,4,4,366,4,0,True
41158,2019,MA2,12,272056,110707,110707,877,5,5,3,225,2,-1,True
41158,2019,MA2,12,272056,110707,110707,877,6,6,3,232,3,0,True
41158,2019,MA2,12,272056,110707,110707,877,7,7,3,220,2,-1,True
41158,2019,MA2,12,272056,110707,110707,877,8,8,3,315,3,0,True
41158,2019,MA2,12,272056,110707,110707,877,9,9,3,280,3,0,True
41158,2019,MA2,12,272056,110707,110707,877,10,10,3,245,2,-1,True
41158,2019,MA2,12,272056,110707,110707,877,11,11,4,322,4,0,True
41158,2019,MA2,12,272056,110707,110707,877,12,12,3,269,3,0,True
41158,2019,MA2,12,272056,110707,110707,877,13,13,3,255,3,0,True
41158,2019,MA2,12,272056,110707,110707,877,14,14,4,395,4,0,True
41158,2019,MA2,12,272056,110707,110707,877,15,15,4,345,3,-1,True
41158,2019,MA2,12,272056,110707,110707,877,16,16,3,333,3,0,True
41158,2019,MA2,12,272056,110707,110707,877,17,17,3,233,4,1,True
41158,2019,MA2,12,272056,110707,110707,877,18,18,3,219,3,0,True
41158,2019,MA2,12,272056,126099,126099,865,1,1,3,204,4,1,True
41158,2019,MA2,12,272056,126099,126099,865,2,2,3,235,4,1,True
41158,2019,MA2,12,272056,126099,126099,865,3,3,3,177,2,-1,True
41158,2019,MA2,12,272056,126099,126099,865,4,4,4,366,4,0,True
41158,2019,MA2,12,272056,126099,126099,865,5,5,3,225,4,1,True
41158,2019,MA2,12,272056,126099,126099,865,6,6,3,232,3,0,True
41158,2019,MA2,12,272056,126099,126099,865,7,7,3,220,3,0,True
41158,2019,MA2,12,272056,126099,126099,865,8,8,3,315,3,0,True
41158,2019,MA2,12,272056,126099,126099,865,9,9,3,280,3,0,True
41158,2019,MA2,12,272056,126099,126099,865,10,10,3,245,3,0,True
41158,2019,MA2,12,272056,126099,126099,865,11,11,4,322,4,0,True
41158,2019,MA2,12,272056,126099,126099,865,12,12,3,269,3,0,True
41158,2019,MA2,12,272056,126099,126099,865,13,13,3,255,3,0,True
41158,2019,MA2,12,272056,126099,126099,865,14,14,4,395,5,1,True
41158,2019,MA2,12,272056,126099,126099,865,15,15,4,345,4,0,True
41158,2019,MA2,12,272056,126099,126099,865,16,16,3,333,4,1,True
41158,2019,MA2,12,272056,126099,126099,865,17,17,3,233,3,0,True
41158,2019,MA2,12,272056,126099,126099,865,18,18,3,219,3,0,True
41158,2019,MA2,12,272056,name:aaron gingras,,,1,1,3,204,2,-1,True
41158,2019,MA2,12,272056,name:aaron gingras,,,2,2,3,235,3,0,True
41158,2019,MA2,12,272056,name:aaron gingras,,,3,3,3,177,4,1,True
41158,2019,MA2,12,272056,name:aaron gingras,,,4,4,4,366,4,0,True
41158,2019,MA2,12,272056,name:aaron gingras,,,5,5,3,225,3,0,True
41158,2019,MA2,12,272056,name:aaron gingras,,,6,6,3,232,3,0,True
41158,2019,MA2,12,272056,name:aaron gingras,,,7,7,3,220,2,-1,True
41158,2019,MA2,12,272056,name:aaron gingras,,,8,8,3,315,3,0,True
41158,2019,MA2,12,272056,name:aaron gingras,,,9,9,3,280,3,0,True
41158,2019,MA2,12,272056,name:aaron gingras,,,10,10,3,245,4,1,True
41158,2019,MA2,12,272056,name:aaron gingras,,,11,11,4,322,4,0,True
41158,2019,MA2,12,272056,name:aaron gingras,,,12,12,3,269,3,0,True
41158,2019,MA2,12,272056,name:aaron gingras,,,13,13,3,255,3,0,True
41158,2019,MA2,12,272056,name:aaron gingras,,,14,14,4,395,3,-1,True
41158,2019,MA2,12,272056,name:aaron gingras,,,15,15,4,345,6,2,True
41158,2019,MA2,12,272056,name:aaron gingras,,,16,16,3,333,5,2,True
41158,2019,MA2,12,272056,name:aaron gingras,,,17,17,3,233,3,0,True
41158,2019,MA2,12,272056,name:aaron gingras,,,18,18,3,219,3,0,True
41158,2019,MA2,12,272056,126937,126937,,1,1,3,204,3,0,True
41158,2019,MA2,12,272056,126937,126937,,2,2,3,235,3,0,True
41158,2019,MA2,12,272056,126937,126937,,3,3,3,177,2,-1,True
41158,2019,MA2,12,272056,126937,126937,,4,4,4,366,4,0,True
41158,2019,MA2,12,272056,126937,126937,,5,5,3,225,2,-1,True
41158,2019,MA2,12,272056,126937,126937,,6,6,3,232,2,-1,True
41158,2019,MA2,12,272056,126937,126937,,7,7,3,220,3,0,True
41158,2019,MA2,12,272056,126937,126937,,8,8,3,315,3,0,True
41158,2019,MA2,12,272056,126937,126937,,9,9,3,280,3,0,True
41158,2019,MA2,12,272056,126937,126937,,10,10,3,245,3,0,True
41158,2019,MA2,12,272056,126937,126937,,11,11,4,322,4,0,True
41158,2019,MA2,12,272056,126937,126937,,12,12,3,269,3,0,True
41158,2019,MA2,12,272056,126937,126937,,13,13,3,255,5,2,True
41158,2019,MA2,12,272056,126937,126937,,14,14,4,395,6,2,True
41158,2019,MA2,12,272056,126937,126937,,15,15,4,345,3,-1,True
41158,2019,MA2,12,272056,126937,126937,,16,16,3,333,5,2,True
41158,2019,MA2,12,272056,126937,126937,,17,17,3,233,5,2,True
41158,2019,MA2,12,272056,126937,126937,,18,18,3,219,3,0,True
41158,2019,MA2,12,272056,98213,98213,834,1,1,3,204,2,-1,True
41158,2019,MA2,12,272056,98213,98213,834,2,2,3,235,4,1,True
41158,2019,MA2,12,272056,98213,98213,834,3,3,3,177,2,-1,True
41158,2019,MA2,12,272056,98213,98213,834,4,4,4,366,5,1,True
41158,2019,MA2,12,272056,98213,98213,834,5,5,3,225,3,0,True
41158,2019,MA2,12,272056,98213,98213,834,6,6,3,232,3,0,True
41158,2019,MA2,12,272056,98213,98213,834,7,7,3,220,3,0,True
41158,2019,MA2,12,272056,98213,98213,834,8,8,3,315,2,-1,True
41158,2019,MA2,12,272056,98213,98213,834,9,9,3,280,4,1,True
41158,2019,MA2,12,272056,98213,98213,834,10,10,3,245,3,0,True
41158,2019,MA2,12,272056,98213,98213,834,11,11,4,322,5,1,True
41158,2019,MA2,12,272056,98213,98213,834,12,12,3,269,3,0,True
41158,2019,MA2,12,272056,98213,98213,834,13,13,3,255,4,1,True
41158,2019,MA2,12,272056,98213,98213,834,14,14,4,395,4,0,True
41158,2019,MA2,12,272056,98213,98213,834,15,15,4,345,4,0,True
41158,2019,MA2,12,272056,98213,98213,834,16,16,3,333,4,1,True
41158,2019,MA2,12,272056,98213,98213,834,17,17,3,233,4,1,True
41158,2019,MA2,12,272056,98213,98213,834,18,18,3,219,3,0,True
41158,2019,MA2,12,272056,106970,106970,837,1,1,3,204,4,1,True
41158,2019,MA2,12,272056,106970,106970,837,2,2,3,235,3,0,True
41158,2019,MA2,12,272056,106970,106970,837,3,3,3,177,3,0,True
41158,2019,MA2,12,272056,106970,106970,837,4,4,4,366,4,0,True
41158,2019,MA2,12,272056,106970,106970,837,5,5,3,225,3,0,True
41158,2019,MA2,12,272056,106970,106970,837,6,6,3,232,4,1,True
41158,2019,MA2,12,272056,106970,106970,837,7,7,3,220,2,-1,True
41158,2019,MA2,12,272056,106970,106970,837,8,8,3,315,3,0,True
41158,2019,MA2,12,272056,106970,106970,837,9,9,3,280,4,1,True
41158,2019,MA2,12,272056,106970,106970,837,10,10,3,245,3,0,True
41158,2019,MA2,12,272056,106970,106970,837,11,11,4,322,5,1,True
41158,2019,MA2,12,272056,106970,106970,837,12,12,3,269,4,1,True
41158,2019,MA2,12,272056,106970,106970,837,13,13,3,255,4,1,True
41158,2019,MA2,12,272056,106970,106970,837,14,14,4,395,5,1,True
41158,2019,MA2,12,272056,106970,106970,837,15,15,4,345,5,1,True
41158,2019,MA2,12,272056,106970,106970,837,16,16,3,333,4,1,True
41158,2019,MA2,12,272056,106970,106970,837,17,17,3,233,5,2,True
41158,2019,MA2,12,272056,106970,106970,837,18,18,3,219,4,1,True
41158,2019,MA2,12,272056,126988,126988,,1,1,3,204,6,3,True
41158,2019,MA2,12,272056,126988,126988,,2,2,3,235,4,1,True
41158,2019,MA2,12,272056,126988,126988,,3,3,3,177,3,0,True
41158,2019,MA2,12,272056,126988,126988,,4,4,4,366,5,1,True
41158,2019,MA2,12,272056,126988,126988,,5,5,3,225,3,0,True
41158,2019,MA2,12,272056,126988,126988,,6,6,3,232,4,1,True
41158,2019,MA2,12,272056,126988,126988,,7,7,3,220,4,1,True
41158,2019,MA2,12,272056,126988,126988,,8,8,3,315,4,1,True
41158,2019,MA2,12,272056,126988,126988,,9,9,3,280,3,0,True
41158,2019,MA2,12,272056,126988,126988,,10,10,3,245,3,0,True
41158,2019,MA2,12,272056,126988,126988,,11,11,4,322,4,0,True
41158,2019,MA2,12,272056,126988,126988,,12,12,3,269,3,0,True
41158,2019,MA2,12,272056,126988,126988,,13,13,3,255,4,1,True
41158,2019,MA2,12,272056,126988,126988,,14,14,4,395,4,0,True
41158,2019,MA2,12,272056,126988,126988,,15,15,4,345,6,2,True
41158,2019,MA2,12,272056,126988,126988,,16,16,3,333,4,1,True
41158,2019,MA2,12,272056,126988,126988,,17,17,3,233,3,0,True
41158,2019,MA2,12,272056,126988,126988,,18,18,3,219,3,0,True
41158,2019,MA2,12,272056,50816,50816,846,1,1,3,204,3,0,True
41158,2019,MA2,12,272056,50816,50816,846,2,2,3,235,5,2,True
41158,2019,MA2,12,272056,50816,50816,846,3,3,3,177,3,0,True
41158,2019,MA2,12,272056,50816,50816,846,4,4,4,366,6,2,True
41158,2019,MA2,12,272056,50816,50816,846,5,5,3,225,3,0,True
41158,2019,MA2,12,272056,50816,50816,846,6,6,3,232,3,0,True
41158,2019,MA2,12,272056,50816,50816,846,7,7,3,220,4,1,True
41158,2019,MA2,12,272056,50816,50816,846,8,8,3,315,3,0,True
41158,2019,MA2,12,272056,50816,50816,846,9,9,3,280,3,0,True
41158,2019,MA2,12,272056,50816,50816,846,10,10,3,245,3,0,True
41158,2019,MA2,12,272056,50816,50816,846,11,11,4,322,4,0,True
41158,2019,MA2,12,272056,50816,50816,846,12,12,3,269,4,1,True
41158,2019,MA2,12,272056,50816,50816,846,13,13,3,255,3,0,True
41158,2019,MA2,12,272056,50816,50816,846,14,14,4,395,4,0,True
41158,2019,MA2,12,272056,50816,50816,846,15,15,4,345,4,0,True
41158,2019,MA2,12,272056,50816,50816,846,16,16,3,333,4,1,True
41158,2019,MA2,12,272056,50816,50816,846,17,17,3,233,4,1,True
41158,2019,MA2,12,272056,50816,50816,846,18,18,3,219,3,0,True
41158,2019,MA2,12,272056,120760,120760,835,1,1,3,204,5,2,True
41158,2019,MA2,12,272056,120760,120760,835,2,2,3,235,3,0,True
41158,2019,MA2,12,272056,120760,120760,835,3,3,3,177,3,0,True
41158,2019,MA2,12,272056,120760,120760,835,4,4,4,366,5,1,True
41158,2019,MA2,12,272056,120760,120760,835,5,5,3,225,2,-1,True
41158,2019,MA2,12,272056,120760,120760,835,6,6,3,232,5,2,True
41158,2019,MA2,12,272056,120760,120760,835,7,7,3,220,2,-1,True
41158,2019,MA2,12,272056,120760,120760,835,8,8,3,315,5,2,True
41158,2019,MA2,12,272056,120760,120760,835,9,9,3,280,4,1,True
41158,2019,MA2,12,272056,120760,120760,835,10,10,3,245,4,1,True
41158,2019,MA2,12,272056,120760,120760,835,11,11,4,322,5,1,True
41158,2019,MA2,12,272056,120760,120760,835,12,12,3,269,5,2,True
41158,2019,MA2,12,272056,120760,120760,835,13,13,3,255,4,1,True
41158,2019,MA2,12,272056,120760,120760,835,14,14,4,395,4,0,True
41158,2019,MA2,12,272056,120760,120760,835,15,15,4,345,4,0,True
41158,2019,MA2,12,272056,120760,120760,835,16,16,3,333,5,2,True
41158,2019,MA2,12,272056,120760,120760,835,17,17,3,233,5,2,True
41158,2019,MA2,12,272056,120760,120760,835,18,18,3,219,4,1,True
41158,2019,MA40,1,272056,98275,98275,884,1,1,3,204,2,-1,True
41158,2019,MA40,1,272056,98275,98275,884,2,2,3,235,3,0,True
41158,2019,MA40,1,272056,98275,98275,884,3,3,3,177,2,-1,True
41158,2019,MA40,1,272056,98275,98275,884,4,4,4,366,5,1,True
41158,2019,MA40,1,272056,98275,98275,884,5,5,3,225,3,0,True
41158,2019,MA40,1,272056,98275,98275,884,6,6,3,232,3,0,True
41158,2019,MA40,1,272056,98275,98275,884,7,7,3,220,2,-1,True
41158,2019,MA40,1,272056,98275,98275,884,8,8,3,315,4,1,True
41158,2019,MA40,1,272056,98275,98275,884,9,9,3,280,3,0,True
41158,2019,MA40,1,272056,98275,98275,884,10,10,3,245,3,0,True
41158,2019,MA40,1,272056,98275,98275,884,11,11,4,322,4,0,True
41158,2019,MA40,1,272056,98275,98275,884,12,12,3,269,3,0,True
41158,2019,MA40,1,272056,98275,98275,884,13,13,3,255,3,0,True
41158,2019,MA40,1,272056,98275,98275,884,14,14,4,395,4,0,True
41158,2019,MA40,1,272056,98275,98275,884,15,15,4,345,3,-1,True
41158,2019,MA40,1,272056,98275,98275,884,16,16,3,333,4,1,True
41158,2019,MA40,1,272056,98275,98275,884,17,17,3,233,3,0,True
41158,2019,MA40,1,272056,98275,98275,884,18,18,3,219,3,0,True
41158,2019,MA40,1,272056,94409,94409,870,1,1,3,204,4,1,True
41158,2019,MA40,1,272056,94409,94409,870,2,2,3,235,2,-1,True
41158,2019,MA40,1,272056,94409,94409,870,3,3,3,177,2,-1,True
41158,2019,MA40,1,272056,94409,94409,870,4,4,4,366,6,2,True
41158,2019,MA40,1,272056,94409,94409,870,5,5,3,225,4,1,True
41158,2019,MA40,1,272056,94409,94409,870,6,6,3,232,4,1,True
41158,2019,MA40,1,272056,94409,94409,870,7,7,3,220,2,-1,True
41158,2019,MA40,1,272056,94409,94409,870,8,8,3,315,3,0,True
41158,2019,MA40,1,272056,94409,94409,870,9,9,3,280,3,0,True
41158,2019,MA40,1,272056,94409,94409,870,10,10,3,245,3,0,True
41158,2019,MA40,1,272056,94409,94409,870,11,11,4,322,3,-1,True
41158,2019,MA40,1,272056,94409,94409,870,12,12,3,269,3,0,True
41158,2019,MA40,1,272056,94409,94409,870,13,13,3,255,3,0,True
41158,2019,MA40,1,272056,94409,94409,870,14,14,4,395,5,1,True
41158,2019,MA40,1,272056,94409,94409,870,15,15,4,345,4,0,True
41158,2019,MA40,1,272056,94409,94409,870,16,16,3,333,2,-1,True
41158,2019,MA40,1,272056,94409,94409,870,17,17,3,233,3,0,True
41158,2019,MA40,1,272056,94409,94409,870,18,18,3,219,4,1,True
41158,2019,MA40,1,272056,94273,94273,870,1,1,3,204,4,1,True
41158,2019,MA40,1,272056,94273,94273,870,2,2,3,235,3,0,True
41158,2019,MA40,1,272056,94273,94273,870,3,3,3,177,3,0,True
41158,2019,MA40,1,272056,94273,94273,870,4,4,4,366,4,0,True
41158,2019,MA40,1,272056,94273,94273,870,5,5,3,225,3,0,True
41158,2019,MA40,1,272056,94273,94273,870,6,6,3,232,3,0,True
41158,2019,MA40,1,272056,94273,94273,870,7,7,3,220,3,0,True
41158,2019,MA40,1,272056,94273,94273,870,8,8,3,315,3,0,True
41158,2019,MA40,1,272056,94273,94273,870,9,9,3,280,3,0,True
41158,2019,MA40,1,272056,94273,94273,870,10,10,3,245,3,0,True
41158,2019,MA40,1,272056,94273,94273,870,11,11,4,322,5,1,True
41158,2019,MA40,1,272056,94273,94273,870,12,12,3,269,3,0,True
41158,2019,MA40,1,272056,94273,94273,870,13,13,3,255,3,0,True
41158,2019,MA40,1,272056,94273,94273,870,14,14,4,395,3,-1,True
41158,2019,MA40,1,272056,94273,94273,870,15,15,4,345,4,0,True
41158,2019,MA40,1,272056,94273,94273,870,16,16,3,333,4,1,True
41158,2019,MA40,1,272056,94273,94273,870,17,17,3,233,4,1,True
41158,2019,MA40,1,272056,94273,94273,870,18,18,3,219,3,0,True
41158,2019,MA40,12,272056,94273,94273,870,1,1,3,204,4,1,True
41158,2019,MA40,12,272056,94273,94273,870,2,2,3,235,3,0,True
41158,2019,MA40,12,272056,94273,94273,870,3,3,3,177,3,0,True
41158,2019,MA40,12,272056,94273,94273,870,4,4,4,366,4,0,True
41158,2019,MA40,12,272056,94273,94273,870,5,5,3,225,2,-1,True
41158,2019,MA40,12,272056,94273,94273,870,6,6,3,232,3,0,True
41158,2019,MA40,12,272056,94273,94273,870,7,7,3,220,3,0,True
41158,2019,MA40,12,272056,94273,94273,870,8,8,3,315,3,0,True
41158,2019,MA40,12,272056,94273,94273,870,9,9,3,280,3,0,True
41158,2019,MA40,12,272056,94273,94273,870,10,10,3,245,3,0,True
41158,2019,MA40,12,272056,94273,94273,870,11,11,4,322,3,-1,True
41158,2019,MA40,12,272056,94273,94273,870,12,12,3,269,3,0,True
41158,2019,MA40,12,272056,94273,94273,870,13,13,3,255,3,0,True
41158,2019,MA40,12,272056,94273,94273,870,14,14,4,395,3,-1,True
41158,2019,MA40,12,272056,94273,94273,870,15,15,4,345,4,0,True
41158,2019,MA40,12,272056,94273,94273,870,16,16,3,333,4,1,True
41158,2019,MA40,12,272056,94273,94273,870,17,17,3,233,5,2,True
41158,2019,MA40,12,272056,94273,94273,870,18,18,3,219,2,-1,True
41158,2019,MA40,12,272056,98275,98275,884,1,1,3,204,6,3,True
41158,2019,MA40,12,272056,98275,98275,884,2,2,3,235,5,2,True
41158,2019,MA40,12,272056,98275,98275,884,3,3,3,177,2,-1,True
41158,2019,MA40,12,272056,98275,98275,884,4,4,4,366,4,0,True
41158,2019,MA40,12,272056,98275,98275,884,5,5,3,225,2,-1,True
41158,2019,MA40,12,272056,98275,98275,884,6,6,3,232,3,0,True
41158,2019,MA40,12,272056,98275,98275,884,7,7,3,220,2,-1,True
41158,2019,MA40,12,272056,98275,98275,884,8,8,3,315,4,1,True
41158,2019,MA40,12,272056,98275,98275,884,9,9,3,280,3,0,True
41158,2019,MA40,12,272056,98275,98275,884,10,10,3,245,3,0,True
41158,2019,MA40,12,272056,98275,98275,884,11,11,4,322,4,0,True
41158,2019,MA40,12,272056,98275,98275,884,12,12,3,269,3,0,True
41158,2019,MA40,12,272056,98275,98275,884,13,13,3,255,3,0,True
41158,2019,MA40,12,272056,98275,98275,884,14,14,4,395,5,1,True
41158,2019,MA40,12,272056,98275,98275,884,15,15,4,345,3,-1,True
41158,2019,MA40,12,272056,98275,98275,884,16,16,3,333,4,1,True
41158,2019,MA40,12,272056,98275,98275,884,17,17,3,233,4,1,True
41158,2019,MA40,12,272056,98275,98275,884,18,18,3,219,3,0,True
41158,2019,MA40,12,272056,94409,94409,870,1,1,3,204,5,2,True
41158,2019,MA40,12,272056,94409,94409,870,2,2,3,235,3,0,True
41158,2019,MA40,12,272056,94409,94409,870,3,3,3,177,2,-1,True
41158,2019,MA40,12,272056,94409,94409,870,4,4,4,366,4,0,True
41158,2019,MA40,12,272056,94409,94409,870,5,5,3,225,4,1,True
41158,2019,MA40,12,272056,94409,94409,870,6,6,3,232,3,0,True
41158,2019,MA40,12,272056,94409,94409,870,7,7,3,220,4,1,True
41158,2019,MA40,12,272056,94409,94409,870,8,8,3,315,4,1,True
41158,2019,MA40,12,272056,94409,94409,870,9,9,3,280,3,0,True
41158,2019,MA40,12,272056,94409,94409,870,10,10,3,245,3,0,True
41158,2019,MA40,12,272056,94409,94409,870,11,11,4,322,4,0,True
41158,2019,MA40,12,272056,94409,94409,870,12,12,3,269,3,0,True
41158,2019,MA40,12,272056,94409,94409,870,13,13,3,255,3,0,True
41158,2019,MA40,12,272056,94409,94409,870,14,14,4,395,3,-1,True
41158,2019,MA40,12,272056,94409,94409,870,15,15,4,345,3,-1,True
41158,2019,MA40,12,272056,94409,94409,870,16,16,3,333,4,1,True
41158,2019,MA40,12,272056,94409,94409,870,17,17,3,233,3,0,True
41158,2019,MA40,12,272056,94409,94409,870,18,18,3,219,3,0,True
41158,2019,MA50,1,272056,91301,91301,879,1,1,3,204,2,-1,True
41158,2019,MA50,1,272056,91301,91301,879,2,2,3,235,3,0,True
41158,2019,MA50,1,272056,91301,91301,879,3,3,3,177,2,-1,True
41158,2019,MA50,1,272056,91301,91301,879,4,4,4,366,4,0,True
41158,2019,MA50,1,272056,91301,91301,879,5,5,3,225,3,0,True
41158,2019,MA50,1,272056,91301,91301,879,6,6,3,232,4,1,True
41158,2019,MA50,1,272056,91301,91301,879,7,7,3,220,2,-1,True
41158,2019,MA50,1,272056,91301,91301,879,8,8,3,315,2,-1,True
41158,2019,MA50,1,272056,91301,91301,879,9,9,3,280,3,0,True
41158,2019,MA50,1,272056,91301,91301,879,10,10,3,245,3,0,True
41158,2019,MA50,1,272056,91301,91301,879,11,11,4,322,4,0,True
41158,2019,MA50,1,272056,91301,91301,879,12,12,3,269,4,1,True
41158,2019,MA50,1,272056,91301,91301,879,13,13,3,255,3,0,True
41158,2019,MA50,1,272056,91301,91301,879,14,14,4,395,3,-1,True
41158,2019,MA50,1,272056,91301,91301,879,15,15,4,345,3,-1,True
41158,2019,MA50,1,272056,91301,91301,879,16,16,3,333,4,1,True
41158,2019,MA50,1,272056,91301,91301,879,17,17,3,233,6,3,True
41158,2019,MA50,1,272056,91301,91301,879,18,18,3,219,3,0,True
41158,2019,MA50,1,272056,75326,75326,887,1,1,3,204,5,2,True
41158,2019,MA50,1,272056,75326,75326,887,2,2,3,235,3,0,True
41158,2019,MA50,1,272056,75326,75326,887,3,3,3,177,3,0,True
41158,2019,MA50,1,272056,75326,75326,887,4,4,4,366,4,0,True
41158,2019,MA50,1,272056,75326,75326,887,5,5,3,225,3,0,True
41158,2019,MA50,1,272056,75326,75326,887,6,6,3,232,2,-1,True
41158,2019,MA50,1,272056,75326,75326,887,7,7,3,220,3,0,True
41158,2019,MA50,1,272056,75326,75326,887,8,8,3,315,3,0,True
41158,2019,MA50,1,272056,75326,75326,887,9,9,3,280,3,0,True
41158,2019,MA50,1,272056,75326,75326,887,10,10,3,245,4,1,True
41158,2019,MA50,1,272056,75326,75326,887,11,11,4,322,3,-1,True
41158,2019,MA50,1,272056,75326,75326,887,12,12,3,269,3,0,True
41158,2019,MA50,1,272056,75326,75326,887,13,13,3,255,3,0,True
41158,2019,MA50,1,272056,75326,75326,887,14,14,4,395,4,0,True
41158,2019,MA50,1,272056,75326,75326,887,15,15,4,345,3,-1,True
41158,2019,MA50,1,272056,75326,75326,887,16,16,3,333,4,1,True
41158,2019,MA50,1,272056,75326,75326,887,17,17,3,233,3,0,True
41158,2019,MA50,1,272056,75326,75326,887,18,18,3,219,3,0,True
41158,2019,MA50,12,272056,91301,91301,879,1,1,3,204,4,1,True
41158,2019,MA50,12,272056,91301,91301,879,2,2,3,235,3,0,True
41158,2019,MA50,12,272056,91301,91301,879,3,3,3,177,2,-1,True
41158,2019,MA50,12,272056,91301,91301,879,4,4,4,366,4,0,True
41158,2019,MA50,12,272056,91301,91301,879,5,5,3,225,3,0,True
41158,2019,MA50,12,272056,91301,91301,879,6,6,3,232,4,1,True
41158,2019,MA50,12,272056,91301,91301,879,7,7,3,220,2,-1,True
41158,2019,MA50,12,272056,91301,91301,879,8,8,3,315,3,0,True
41158,2019,MA50,12,272056,91301,91301,879,9,9,3,280,4,1,True
41158,2019,MA50,12,272056,91301,91301,879,10,10,3,245,3,0,True
41158,2019,MA50,12,272056,91301,91301,879,11,11,4,322,3,-1,True
41158,2019,MA50,12,272056,91301,91301,879,12,12,3,269,4,1,True
41158,2019,MA50,12,272056,91301,91301,879,13,13,3,255,4,1,True
41158,2019,MA50,12,272056,91301,91301,879,14,14,4,395,4,0,True
41158,2019,MA50,12,272056,91301,91301,879,15,15,4,345,4,0,True
41158,2019,MA50,12,272056,91301,91301,879,16,16,3,333,3,0,True
41158,2019,MA50,12,272056,91301,91301,879,17,17,3,233,3,0,True
41158,2019,MA50,12,272056,91301,91301,879,18,18,3,219,4,1,True
41158,2019,MA50,12,272056,75326,75326,887,1,1,3,204,3,0,True
41158,2019,MA50,12,272056,75326,75326,887,2,2,3,235,3,0,True
41158,2019,MA50,12,272056,75326,75326,887,3,3,3,177,2,-1,True
41158,2019,MA50,12,272056,75326,75326,887,4,4,4,366,5,1,True
41158,2019,MA50,12,272056,75326,75326,887,5,5,3,225,3,0,True
41158,2019,MA50,12,272056,75326,75326,887,6,6,3,232,3,0,True
41158,2019,MA50,12,272056,75326,75326,887,7,7,3,220,3,0,True
41158,2019,MA50,12,272056,75326,75326,887,8,8,3,315,3,0,True
41158,2019,MA50,12,272056,75326,75326,887,9,9,3,280,4,1,True
41158,2019,MA50,12,272056,75326,75326,887,10,10,3,245,4,1,True
41158,2019,MA50,12,272056,75326,75326,887,11,11,4,322,4,0,True
41158,2019,MA50,12,272056,75326,75326,887,12,12,3,269,3,0,True
41158,2019,MA50,12,272056,75326,75326,887,13,13,3,255,3,0,True
41158,2019,MA50,12,272056,75326,75326,887,14,14,4,395,4,0,True
41158,2019,MA50,12,272056,75326,75326,887,15,15,4,345,3,-1,True
41158,2019,MA50,12,272056,75326,75326,887,16,16,3,333,4,1,True
41158,2019,MA50,12,272056,75326,75326,887,17,17,3,233,4,1,True
41158,2019,MA50,12,272056,75326,75326,887,18,18,3,219,4,1,True
41158,2019,MP40,1,268961,63390,63390,982,1,1,3,204,3,0,True
41158,2019,MP40,1,268961,63390,63390,982,2,2,3,292,3,0,True
41158,2019,MP40,1,268961,63390,63390,982,3,3,3,177,3,0,True
41158,2019,MP40,1,268961,63390,63390,982,4,4,4,430,3,-1,True
41158,2019,MP40,1,268961,63390,63390,982,5,5,3,225,2,-1,True
41158,2019,MP40,1,268961,63390,63390,982,6,6,3,232,3,0,True
41158,2019,MP40,1,268961,63390,63390,982,7,7,3,295,3,0,True
41158,2019,MP40,1,268961,63390,63390,982,8,8,3,403,4,1,True
41158,2019,MP40,1,268961,63390,63390,982,9,9,3,338,3,0,True
41158,2019,MP40,1,268961,63390,63390,982,10,10,3,245,2,-1,True
41158,2019,MP40,1,268961,63390,63390,982,11,11,4,370,5,1,True
41158,2019,MP40,1,268961,63390,63390,982,12,12,3,326,3,0,True
41158,2019,MP40,1,268961,63390,63390,982,13,13,3,255,3,0,True
41158,2019,MP40,1,268961,63390,63390,982,14,14,4,513,4,0,True
41158,2019,MP40,1,268961,63390,63390,982,15,15,4,457,3,-1,True
41158,2019,MP40,1,268961,63390,63390,982,16,16,3,333,4,1,True
41158,2019,MP40,1,268961,63390,63390,982,17,17,3,233,2,-1,True
41158,2019,MP40,1,268961,63390,63390,982,18,18,4,413,3,-1,True
41158,2019,MP40,1,268961,25481,25481,945,1,1,3,204,2,-1,True
41158,2019,MP40,1,268961,25481,25481,945,2,2,3,292,3,0,True
41158,2019,MP40,1,268961,25481,25481,945,3,3,3,177,3,0,True
41158,2019,MP40,1,268961,25481,25481,945,4,4,4,430,4,0,True
41158,2019,MP40,1,268961,25481,25481,945,5,5,3,225,3,0,True
41158,2019,MP40,1,268961,25481,25481,945,6,6,3,232,3,0,True
41158,2019,MP40,1,268961,25481,25481,945,7,7,3,295,3,0,True
41158,2019,MP40,1,268961,25481,25481,945,8,8,3,403,3,0,True
41158,2019,MP40,1,268961,25481,25481,945,9,9,3,338,3,0,True
41158,2019,MP40,1,268961,25481,25481,945,10,10,3,245,3,0,True
41158,2019,MP40,1,268961,25481,25481,945,11,11,4,370,4,0,True
41158,2019,MP40,1,268961,25481,25481,945,12,12,3,326,3,0,True
41158,2019,MP40,1,268961,25481,25481,945,13,13,3,255,3,0,True
41158,2019,MP40,1,268961,25481,25481,945,14,14,4,513,4,0,True
41158,2019,MP40,1,268961,25481,25481,945,15,15,4,457,4,0,True
41158,2019,MP40,1,268961,25481,25481,945,16,16,3,333,4,1,True
41158,2019,MP40,1,268961,25481,25481,945,17,17,3,233,2,-1,True
41158,2019,MP40,1,268961,25481,25481,945,18,18,4,413,3,-1,True
41158,2019,MP40,1,268961,23565,23565,933,1,1,3,204,2,-1,True
41158,2019,MP40,1,268961,23565,23565,933,2,2,3,292,3,0,True
41158,2019,MP40,1,268961,23565,23565,933,3,3,3,177,3,0,True
41158,2019,MP40,1,268961,23565,23565,933,4,4,4,430,4,0,True
41158,2019,MP40,1,268961,23565,23565,933,5,5,3,225,3,0,True
41158,2019,MP40,1,268961,23565,23565,933,6,6,3,232,4,1,True
41158,2019,MP40,1,268961,23565,23565,933,7,7,3,295,3,0,True
41158,2019,MP40,1,268961,23565,23565,933,8,8,3,403,3,0,True
41158,2019,MP40,1,268961,23565,23565,933,9,9,3,338,4,1,True
41158,2019,MP40,1,268961,23565,23565,933,10,10,3,245,3,0,True
41158,2019,MP40,1,268961,23565,23565,933,11,11,4,370,4,0,True
41158,2019,MP40,1,268961,23565,23565,933,12,12,3,326,4,1,True
41158,2019,MP40,1,268961,23565,23565,933,13,13,3,255,3,0,True
41158,2019,MP40,1,268961,23565,23565,933,14,14,4,513,4,0,True
41158,2019,MP40,1,268961,23565,23565,933,15,15,4,457,3,-1,True
41158,2019,MP40,1,268961,23565,23565,933,16,16,3,333,3,0,True
41158,2019,MP40,1,268961,23565,23565,933,17,17,3,233,3,0,True
41158,2019,MP40,1,268961,23565,23565,933,18,18,4,413,3,-1,True
41158,2019,MP40,12,268961,63390,63390,982,1,1,3,204,2,-1,True
41158,2019,MP40,12,268961,63390,63390,982,2,2,3,292,3,0,True
41158,2019,MP40,12,268961,63390,63390,982,3,3,3,177,2,-1,True
41158,2019,MP40,12,268961,63390,63390,982,4,4,4,430,5,1,True
41158,2019,MP40,12,268961,63390,63390,982,5,5,3,225,3,0,True
41158,2019,MP40,12,268961,63390,63390,982,6,6,3,232,3,0,True
41158,2019,MP40,12,268961,63390,63390,982,7,7,3,295,4,1,True
41158,2019,MP40,12,268961,63390,63390,982,8,8,3,403,3,0,True
41158,2019,MP40,12,268961,63390,63390,982,9,9,3,338,3,0,True
41158,2019,MP40,12,268961,63390,63390,982,10,10,3,245,3,0,True
41158,2019,MP40,12,268961,63390,63390,982,11,11,4,370,3,-1,True
41158,2019,MP40,12,268961,63390,63390,982,12,12,3,326,4,1,True
41158,2019,MP40,12,268961,63390,63390,982,13,13,3,255,3,0,True
41158,2019,MP40,12,268961,63390,63390,982,14,14,4,513,4,0,True
41158,2019,MP40,12,268961,63390,63390,982,15,15,4,457,3,-1,True
41158,2019,MP40,12,268961,63390,63390,982,16,16,3,333,2,-1,True
41158,2019,MP40,12,268961,63390,63390,982,17,17,3,233,2,-1,True
41158,2019,MP40,12,268961,63390,63390,982,18,18,4,413,3,-1,True
41158,2019,MP40,12,268961,24381,24381,939,1,1,3,204,2,-1,True
41158,2019,MP40,12,268961,24381,24381,939,2,2,3,292,3,0,True
41158,2019,MP40,12,268961,24381,24381,939,3,3,3,177,3,0,True
41158,2019,MP40,12,268961,24381,24381,939,4,4,4,430,4,0,True
41158,2019,MP40,12,268961,24381,24381,939,5,5,3,225,3,0,True
41158,2019,MP40,12,268961,24381,24381,939,6,6,3,232,2,-1,True
41158,2019,MP40,12,268961,24381,24381,939,7,7,3,295,3,0,True
41158,2019,MP40,12,268961,24381,24381,939,8,8,3,403,3,0,True
41158,2019,MP40,12,268961,24381,24381,939,9,9,3,338,4,1,True
41158,2019,MP40,12,268961,24381,24381,939,10,10,3,245,2,-1,True
41158,2019,MP40,12,268961,24381,24381,939,11,11,4,370,4,0,True
41158,2019,MP40,12,268961,24381,24381,939,12,12,3,326,3,0,True
41158,2019,MP40,12,268961,24381,24381,939,13,13,3,255,3,0,True
41158,2019,MP40,12,268961,24381,24381,939,14,14,4,513,4,0,True
41158,2019,MP40,12,268961,24381,24381,939,15,15,4,457,4,0,True
41158,2019,MP40,12,268961,24381,24381,939,16,16,3,333,3,0,True
41158,2019,MP40,12,268961,24381,24381,939,17,17,3,233,2,-1,True
41158,2019,MP40,12,268961,24381,24381,939,18,18,4,413,3,-1,True
41158,2019,MP40,12,268961,25481,25481,945,1,1,3,204,2,-1,True
41158,2019,MP40,12,268961,25481,25481,945,2,2,3,292,3,0,True
41158,2019,MP40,12,268961,25481,25481,945,3,3,3,177,2,-1,True
41158,2019,MP40,12,268961,25481,25481,945,4,4,4,430,4,0,True
41158,2019,MP40,12,268961,25481,25481,945,5,5,3,225,3,0,True
41158,2019,MP40,12,268961,25481,25481,945,6,6,3,232,3,0,True
41158,2019,MP40,12,268961,25481,25481,945,7,7,3,295,2,-1,True
41158,2019,MP40,12,268961,25481,25481,945,8,8,3,403,3,0,True
41158,2019,MP40,12,268961,25481,25481,945,9,9,3,338,3,0,True
41158,2019,MP40,12,268961,25481,25481,945,10,10,3,245,2,-1,True
41158,2019,MP40,12,268961,25481,25481,945,11,11,4,370,3,-1,True
41158,2019,MP40,12,268961,25481,25481,945,12,12,3,326,5,2,True
41158,2019,MP40,12,268961,25481,25481,945,13,13,3,255,3,0,True
41158,2019,MP40,12,268961,25481,25481,945,14,14,4,513,4,0,True
41158,2019,MP40,12,268961,25481,25481,945,15,15,4,457,4,0,True
41158,2019,MP40,12,268961,25481,25481,945,16,16,3,333,3,0,True
41158,2019,MP40,12,268961,25481,25481,945,17,17,3,233,4,1,True
41158,2019,MP40,12,268961,25481,25481,945,18,18,4,413,4,0,True
41158,2019,MP40,12,268961,25395,25395,924,1,1,3,204,4,1,True
41158,2019,MP40,12,268961,25395,25395,924,2,2,3,292,3,0,True
41158,2019,MP40,12,268961,25395,25395,924,3,3,3,177,2,-1,True
41158,2019,MP40,12,268961,25395,25395,924,4,4,4,430,4,0,True
41158,2019,MP40,12,268961,25395,25395,924,5,5,3,225,4,1,True
41158,2019,MP40,12,268961,25395,25395,924,6,6,3,232,3,0,True
41158,2019,MP40,12,268961,25395,25395,924,7,7,3,295,3,0,True
41158,2019,MP40,12,268961,25395,25395,924,8,8,3,403,3,0,True
41158,2019,MP40,12,268961,25395,25395,924,9,9,3,338,3,0,True
41158,2019,MP40,12,268961,25395,25395,924,10,10,3,245,4,1,True
41158,2019,MP40,12,268961,25395,25395,924,11,11,4,370,4,0,True
41158,2019,MP40,12,268961,25395,25395,924,12,12,3,326,2,-1,True
41158,2019,MP40,12,268961,25395,25395,924,13,13,3,255,3,0,True
41158,2019,MP40,12,268961,25395,25395,924,14,14,4,513,4,0,True
41158,2019,MP40,12,268961,25395,25395,924,15,15,4,457,5,1,True
41158,2019,MP40,12,268961,25395,25395,924,16,16,3,333,3,0,True
41158,2019,MP40,12,268961,25395,25395,924,17,17,3,233,3,0,True
41158,2019,MP40,12,268961,25395,25395,924,18,18,4,413,5,1,True
41158,2019,MP40,12,268961,15089,15089,946,1,1,3,204,2,-1,True
41158,2019,MP40,12,268961,15089,15089,946,2,2,3,292,3,0,True
41158,2019,MP40,12,268961,15089,15089,946,3,3,3,177,2,-1,True
41158,2019,MP40,12,268961,15089,15089,946,4,4,4,430,4,0,True
41158,2019,MP40,12,268961,15089,15089,946,5,5,3,225,2,-1,True
41158,2019,MP40,12,268961,15089,15089,946,6,6,3,232,3,0,True
41158,2019,MP40,12,268961,15089,15089,946,7,7,3,295,3,0,True
41158,2019,MP40,12,268961,15089,15089,946,8,8,3,403,3,0,True
41158,2019,MP40,12,268961,15089,15089,946,9,9,3,338,4,1,True
41158,2019,MP40,12,268961,15089,15089,946,10,10,3,245,3,0,True
41158,2019,MP40,12,268961,15089,15089,946,11,11,4,370,4,0,True
41158,2019,MP40,12,268961,15089,15089,946,12,12,3,326,3,0,True
41158,2019,MP40,12,268961,15089,15089,946,13,13,3,255,3,0,True
41158,2019,MP40,12,268961,15089,15089,946,14,14,4,513,3,-1,True
41158,2019,MP40,12,268961,15089,15089,946,15,15,4,457,3,-1,True
41158,2019,MP40,12,268961,15089,15089,946,16,16,3,333,4,1,True
41158,2019,MP40,12,268961,15089,15089,946,17,17,3,233,4,1,True
41158,2019,MP40,12,268961,15089,15089,946,18,18,4,413,4,0,True
41158,2019,MP40,12,268961,23565,23565,933,1,1,3,204,2,-1,True
41158,2019,MP40,12,268961,23565,23565,933,2,2,3,292,3,0,True
41158,2019,MP40,12,268961,23565,23565,933,3,3,3,177,3,0,True
41158,2019,MP40,12,268961,23565,23565,933,4,4,4,430,4,0,True
41158,2019,MP40,12,268961,23565,23565,933,5,5,3,225,3,0,True
41158,2019,MP40,12,268961,23565,23565,933,6,6,3,232,3,0,True
41158,2019,MP40,12,268961,23565,23565,933,7,7,3,295,3,0,True
41158,2019,MP40,12,268961,23565,23565,933,8,8,3,403,3,0,True
41158,2019,MP40,12,268961,23565,23565,933,9,9,3,338,3,0,True
41158,2019,MP40,12,268961,23565,23565,933,10,10,3,245,3,0,True
41158,2019,MP40,12,268961,23565,23565,933,11,11,4,370,4,0,True
41158,2019,MP40,12,268961,23565,23565,933,12,12,3,326,5,2,True
41158,2019,MP40,12,268961,23565,23565,933,13,13,3,255,4,1,True
41158,2019,MP40,12,268961,23565,23565,933,14,14,4,513,4,0,True
41158,2019,MP40,12,268961,23565,23565,933,15,15,4,457,4,0,True
41158,2019,MP40,12,268961,23565,23565,933,16,16,3,333,3,0,True
41158,2019,MP40,12,268961,23565,23565,933,17,17,3,233,6,3,True
41158,2019,MP40,12,268961,23565,23565,933,18,18,4,413,3,-1,True
41158,2019,MP40,12,268961,83198,83198,944,1,1,3,204,7,4,True
41158,2019,MP40,12,268961,83198,83198,944,2,2,3,292,3,0,True
41158,2019,MP40,12,268961,83198,83198,944,3,3,3,177,4,1,True
41158,2019,MP40,12,268961,83198,83198,944,4,4,4,430,4,0,True
41158,2019,MP40,12,268961,83198,83198,944,5,5,3,225,3,0,True
41158,2019,MP40,12,268961,83198,83198,944,6,6,3,232,4,1,True
41158,2019,MP40,12,268961,83198,83198,944,7,7,3,295,3,0,True
41158,2019,MP40,12,268961,83198,83198,944,8,8,3,403,3,0,True
41158,2019,MP40,12,268961,83198,83198,944,9,9,3,338,3,0,True
41158,2019,MP40,12,268961,83198,83198,944,10,10,3,245,3,0,True
41158,2019,MP40,12,268961,83198,83198,944,11,11,4,370,4,0,True
41158,2019,MP40,12,268961,83198,83198,944,12,12,3,326,4,1,True
41158,2019,MP40,12,268961,83198,83198,944,13,13,3,255,3,0,True
41158,2019,MP40,12,268961,83198,83198,944,14,14,4,513,3,-1,True
41158,2019,MP40,12,268961,83198,83198,944,15,15,4,457,3,-1,True
41158,2019,MP40,12,268961,83198,83198,944,16,16,3,333,3,0,True
41158,2019,MP40,12,268961,83198,83198,944,17,17,3,233,4,1,True
41158,2019,MP40,12,268961,83198,83198,944,18,18,4,413,4,0,True
41158,2019,MPO,1,268961,77274,77274,973,1,1,3,204,4,1,True
41158,2019,MPO,1,268961,77274,77274,973,2,2,3,292,2,-1,True
41158,2019,MPO,1,268961,77274,77274,973,3,3,3,177,2,-1,True
41158,2019,MPO,1,268961,77274,77274,973,4,4,4,430,4,0,True
41158,2019,MPO,1,268961,77274,77274,973,5,5,3,225,3,0,True
41158,2019,MPO,1,268961,77274,77274,973,6,6,3,232,2,-1,True
41158,2019,MPO,1,268961,77274,77274,973,7,7,3,295,3,0,True
41158,2019,MPO,1,268961,77274,77274,973,8,8,3,403,2,-1,True
41158,2019,MPO,1,268961,77274,77274,973,9,9,3,338,3,0,True
41158,2019,MPO,1,268961,77274,77274,973,10,10,3,245,3,0,True
41158,2019,MPO,1,268961,77274,77274,973,11,11,4,370,4,0,True
41158,2019,MPO,1,268961,77274,77274,973,12,12,3,326,2,-1,True
41158,2019,MPO,1,268961,77274,77274,973,13,13,3,255,3,0,True
41158,2019,MPO,1,268961,77274,77274,973,14,14,4,513,3,-1,True
41158,2019,MPO,1,268961,77274,77274,973,15,15,4,457,4,0,True
41158,2019,MPO,1,268961,77274,77274,973,16,16,3,333,3,0,True
41158,2019,MPO,1,268961,77274,77274,973,17,17,3,233,3,0,True
41158,2019,MPO,1,268961,77274,77274,973,18,18,4,413,3,-1,True
41158,2019,MPO,1,268961,86089,86089,993,1,1,3,204,2,-1,True
41158,2019,MPO,1,268961,86089,86089,993,2,2,3,292,3,0,True
41158,2019,MPO,1,268961,86089,86089,993,3,3,3,177,3,0,True
41158,2019,MPO,1,268961,86089,86089,993,4,4,4,430,4,0,True
41158,2019,MPO,1,268961,86089,86089,993,5,5,3,225,3,0,True
41158,2019,MPO,1,268961,86089,86089,993,6,6,3,232,3,0,True
41158,2019,MPO,1,268961,86089,86089,993,7,7,3,295,2,-1,True
41158,2019,MPO,1,268961,86089,86089,993,8,8,3,403,3,0,True
41158,2019,MPO,1,268961,86089,86089,993,9,9,3,338,3,0,True
41158,2019,MPO,1,268961,86089,86089,993,10,10,3,245,2,-1,True
41158,2019,MPO,1,268961,86089,86089,993,11,11,4,370,3,-1,True
41158,2019,MPO,1,268961,86089,86089,993,12,12,3,326,4,1,True
41158,2019,MPO,1,268961,86089,86089,993,13,13,3,255,3,0,True
41158,2019,MPO,1,268961,86089,86089,993,14,14,4,513,3,-1,True
41158,2019,MPO,1,268961,86089,86089,993,15,15,4,457,4,0,True
41158,2019,MPO,1,268961,86089,86089,993,16,16,3,333,4,1,True
41158,2019,MPO,1,268961,86089,86089,993,17,17,3,233,1,-2,True
41158,2019,MPO,1,268961,86089,86089,993,18,18,4,413,3,-1,True
41158,2019,MPO,1,268961,94579,94579,981,1,1,3,204,2,-1,True
41158,2019,MPO,1,268961,94579,94579,981,2,2,3,292,3,0,True
41158,2019,MPO,1,268961,94579,94579,981,3,3,3,177,2,-1,True
41158,2019,MPO,1,268961,94579,94579,981,4,4,4,430,4,0,True
41158,2019,MPO,1,268961,94579,94579,981,5,5,3,225,2,-1,True
41158,2019,MPO,1,268961,94579,94579,981,6,6,3,232,3,0,True
41158,2019,MPO,1,268961,94579,94579,981,7,7,3,295,3,0,True
41158,2019,MPO,1,268961,94579,94579,981,8,8,3,403,3,0,True
41158,2019,MPO,1,268961,94579,94579,981,9,9,3,338,3,0,True
41158,2019,MPO,1,268961,94579,94579,981,10,10,3,245,2,-1,True
41158,2019,MPO,1,268961,94579,94579,981,11,11,4,370,4,0,True
41158,2019,MPO,1,268961,94579,94579,981,12,12,3,326,3,0,True
41158,2019,MPO,1,268961,94579,94579,981,13,13,3,255,3,0,True
41158,2019,MPO,1,268961,94579,94579,981,14,14,4,513,3,-1,True
41158,2019,MPO,1,268961,94579,94579,981,15,15,4,457,4,0,True
41158,2019,MPO,1,268961,94579,94579,981,16,16,3,333,3,0,True
41158,2019,MPO,1,268961,94579,94579,981,17,17,3,233,3,0,True
41158,2019,MPO,1,268961,94579,94579,981,18,18,4,413,3,-1,True
41158,2019,MPO,1,268961,75861,75861,964,1,1,3,204,5,2,True
41158,2019,MPO,1,268961,75861,75861,964,2,2,3,292,3,0,True
41158,2019,MPO,1,268961,75861,75861,964,3,3,3,177,2,-1,True
41158,2019,MPO,1,268961,75861,75861,964,4,4,4,430,4,0,True
41158,2019,MPO,1,268961,75861,75861,964,5,5,3,225,3,0,True
41158,2019,MPO,1,268961,75861,75861,964,6,6,3,232,2,-1,True
41158,2019,MPO,1,268961,75861,75861,964,7,7,3,295,3,0,True
41158,2019,MPO,1,268961,75861,75861,964,8,8,3,403,3,0,True
41158,2019,MPO,1,268961,75861,75861,964,9,9,3,338,3,0,True
41158,2019,MPO,1,268961,75861,75861,964,10,10,3,245,2,-1,True
41158,2019,MPO,1,268961,75861,75861,964,11,11,4,370,4,0,True
41158,2019,MPO,1,268961,75861,75861,964,12,12,3,326,3,0,True
41158,2019,MPO,1,268961,75861,75861,964,13,13,3,255,3,0,True
41158,2019,MPO,1,268961,75861,75861,964,14,14,4,513,3,-1,True
41158,2019,MPO,1,268961,75861,75861,964,15,15,4,457,3,-1,True
41158,2019,MPO,1,268961,75861,75861,964,16,16,3,333,3,0,True
41158,2019,MPO,1,268961,75861,75861,964,17,17,3,233,2,-1,True
41158,2019,MPO,1,268961,75861,75861,964,18,18,4,413,3,-1,True
41158,2019,MPO,1,268961,83156,83156,957,1,1,3,204,2,-1,True
41158,2019,MPO,1,268961,83156,83156,957,2,2,3,292,3,0,True
41158,2019,MPO,1,268961,83156,83156,957,3,3,3,177,4,1,True
41158,2019,MPO,1,268961,83156,83156,957,4,4,4,430,4,0,True
41158,2019,MPO,1,268961,83156,83156,957,5,5,3,225,3,0,True
41158,2019,MPO,1,268961,83156,83156,957,6,6,3,232,2,-1,True
41158,2019,MPO,1,268961,83156,83156,957,7,7,3,295,3,0,True
41158,2019,MPO,1,268961,83156,83156,957,8,8,3,403,4,1,True
41158,2019,MPO,1,268961,83156,83156,957,9,9,3,338,3,0,True
41158,2019,MPO,1,268961,83156,83156,957,10,10,3,245,2,-1,True
41158,2019,MPO,1,268961,83156,83156,957,11,11,4,370,3,-1,True
41158,2019,MPO,1,268961,83156,83156,957,12,12,3,326,3,0,True
41158,2019,MPO,1,268961,83156,83156,957,13,13,3,255,3,0,True
41158,2019,MPO,1,268961,83156,83156,957,14,14,4,513,4,0,True
41158,2019,MPO,1,268961,83156,83156,957,15,15,4,457,4,0,True
41158,2019,MPO,1,268961,83156,83156,957,16,16,3,333,4,1,True
41158,2019,MPO,1,268961,83156,83156,957,17,17,3,233,2,-1,True
41158,2019,MPO,1,268961,83156,83156,957,18,18,4,413,3,-1,True
41158,2019,MPO,1,268961,55953,55953,968,1,1,3,204,3,0,True
41158,2019,MPO,1,268961,55953,55953,968,2,2,3,292,2,-1,True
41158,2019,MPO,1,268961,55953,55953,968,3,3,3,177,3,0,True
41158,2019,MPO,1,268961,55953,55953,968,4,4,4,430,4,0,True
41158,2019,MPO,1,268961,55953,55953,968,5,5,3,225,2,-1,True
41158,2019,MPO,1,268961,55953,55953,968,6,6,3,232,3,0,True
41158,2019,MPO,1,268961,55953,55953,968,7,7,3,295,3,0,True
41158,2019,MPO,1,268961,55953,55953,968,8,8,3,403,3,0,True
41158,2019,MPO,1,268961,55953,55953,968,9,9,3,338,3,0,True
41158,2019,MPO,1,268961,55953,55953,968,10,10,3,245,2,-1,True
41158,2019,MPO,1,268961,55953,55953,968,11,11,4,370,4,0,True
41158,2019,MPO,1,268961,55953,55953,968,12,12,3,326,4,1,True
41158,2019,MPO,1,268961,55953,55953,968,13,13,3,255,3,0,True
41158,2019,MPO,1,268961,55953,55953,968,14,14,4,513,4,0,True
41158,2019,MPO,1,268961,55953,55953,968,15,15,4,457,3,-1,True
41158,2019,MPO,1,268961,55953,55953,968,16,16,3,333,4,1,True
41158,2019,MPO,1,268961,55953,55953,968,17,17,3,233,3,0,True
41158,2019,MPO,1,268961,55953,55953,968,18,18,4,413,4,0,True
41158,2019,MPO,1,268961,74240,74240,942,1,1,3,204,2,-1,True
41158,2019,MPO,1,268961,74240,74240,942,2,2,3,292,3,0,True
41158,2019,MPO,1,268961,74240,74240,942,3,3,3,177,3,0,True
41158,2019,MPO,1,268961,74240,74240,942,4,4,4,430,4,0,True
41158,2019,MPO,1,268961,74240,74240,942,5,5,3,225,3,0,True
41158,2019,MPO,1,268961,74240,74240,942,6,6,3,232,2,-1,True
41158,2019,MPO,1,268961,74240,74240,942,7,7,3,295,3,0,True
41158,2019,MPO,1,268961,74240,74240,942,8,8,3,403,4,1,True
41158,2019,MPO,1,268961,74240,74240,942,9,9,3,338,3,0,True
41158,2019,MPO,1,268961,74240,74240,942,10,10,3,245,3,0,True
41158,2019,MPO,1,268961,74240,74240,942,11,11,4,370,4,0,True
41158,2019,MPO,1,268961,74240,74240,942,12,12,3,326,4,1,True
41158,2019,MPO,1,268961,74240,74240,942,13,13,3,255,3,0,True
41158,2019,MPO,1,268961,74240,74240,942,14,14,4,513,3,-1,True
41158,2019,MPO,1,268961,74240,74240,942,15,15,4,457,3,-1,True
41158,2019,MPO,1,268961,74240,74240,942,16,16,3,333,2,-1,True
41158,2019,MPO,1,268961,74240,74240,942,17,17,3,233,5,2,True
41158,2019,MPO,1,268961,74240,74240,942,18,18,4,413,3,-1,True
41158,2019,MPO,1,268961,103627,103627,967,1,1,3,204,4,1,True
41158,2019,MPO,1,268961,103627,103627,967,2,2,3,292,3,0,True
41158,2019,MPO,1,268961,103627,103627,967,3,3,3,177,2,-1,True
41158,2019,MPO,1,268961,103627,103627,967,4,4,4,430,3,-1,True
41158,2019,MPO,1,268961,103627,103627,967,5,5,3,225,4,1,True
41158,2019,MPO,1,268961,103627,103627,967,6,6,3,232,3,0,True
41158,2019,MPO,1,268961,103627,103627,967,7,7,3,295,3,0,True
41158,2019,MPO,1,268961,103627,103627,967,8,8,3,403,3,0,True
41158,2019,MPO,1,268961,103627,103627,967,9,9,3,338,3,0,True
41158,2019,MPO,1,268961,103627,103627,967,10,10,3,245,2,-1,True
41158,2019,MPO,1,268961,103627,103627,967,11,11,4,370,4,0,True
41158,2019,MPO,1,268961,103627,103627,967,12,12,3,326,3,0,True
41158,2019,MPO,1,268961,103627,103627,967,13,13,3,255,3,0,True
41158,2019,MPO,1,268961,103627,103627,967,14,14,4,513,4,0,True
41158,2019,MPO,1,268961,103627,103627,967,15,15,4,457,3,-1,True
41158,2019,MPO,1,268961,103627,103627,967,16,16,3,333,3,0,True
41158,2019,MPO,1,268961,103627,103627,967,17,17,3,233,3,0,True
41158,2019,MPO,1,268961,103627,103627,967,18,18,4,413,4,0,True
41158,2019,MPO,1,268961,60852,60852,982,1,1,3,204,4,1,True
41158,2019,MPO,1,268961,60852,60852,982,2,2,3,292,2,-1,True
41158,2019,MPO,1,268961,60852,60852,982,3,3,3,177,3,0,True
41158,2019,MPO,1,268961,60852,60852,982,4,4,4,430,5,1,True
41158,2019,MPO,1,268961,60852,60852,982,5,5,3,225,2,-1,True
41158,2019,MPO,1,268961,60852,60852,982,6,6,3,232,3,0,True
41158,2019,MPO,1,268961,60852,60852,982,7,7,3,295,3,0,True
41158,2019,MPO,1,268961,60852,60852,982,8,8,3,403,3,0,True
41158,2019,MPO,1,268961,60852,60852,982,9,9,3,338,3,0,True
41158,2019,MPO,1,268961,60852,60852,982,10,10,3,245,4,1,True
41158,2019,MPO,1,268961,60852,60852,982,11,11,4,370,3,-1,True
41158,2019,MPO,1,268961,60852,60852,982,12,12,3,326,3,0,True
41158,2019,MPO,1,268961,60852,60852,982,13,13,3,255,3,0,True
41158,2019,MPO,1,268961,60852,60852,982,14,14,4,513,4,0,True
41158,2019,MPO,1,268961,60852,60852,982,15,15,4,457,5,1,True
41158,2019,MPO,1,268961,60852,60852,982,16,16,3,333,3,0,True
41158,2019,MPO,1,268961,60852,60852,982,17,17,3,233,3,0,True
41158,2019,MPO,1,268961,60852,60852,982,18,18,4,413,3,-1,True
41158,2019,MPO,1,268961,114674,114674,914,1,1,3,204,2,-1,True
41158,2019,MPO,1,268961,114674,114674,914,2,2,3,292,3,0,True
41158,2019,MPO,1,268961,114674,114674,914,3,3,3,177,3,0,True
41158,2019,MPO,1,268961,114674,114674,914,4,4,4,430,4,0,True
41158,2019,MPO,1,268961,114674,114674,914,5,5,3,225,3,0,True
41158,2019,MPO,1,268961,114674,114674,914,6,6,3,232,2,-1,True
41158,2019,MPO,1,268961,114674,114674,914,7,7,3,295,4,1,True
41158,2019,MPO,1,268961,114674,114674,914,8,8,3,403,4,1,True
41158,2019,MPO,1,268961,114674,114674,914,9,9,3,338,4,1,True
41158,2019,MPO,1,268961,114674,114674,914,10,10,3,245,3,0,True
41158,2019,MPO,1,268961,114674,114674,914,11,11,4,370,5,1,True
41158,2019,MPO,1,268961,114674,114674,914,12,12,3,326,3,0,True
41158,2019,MPO,1,268961,114674,114674,914,13,13,3,255,3,0,True
41158,2019,MPO,1,268961,114674,114674,914,14,14,4,513,3,-1,True
41158,2019,MPO,1,268961,114674,114674,914,15,15,4,457,6,2,True
41158,2019,MPO,1,268961,114674,114674,914,16,16,3,333,5,2,True
41158,2019,MPO,1,268961,114674,114674,914,17,17,3,233,5,2,True
41158,2019,MPO,1,268961,114674,114674,914,18,18,4,413,3,-1,True
41158,2019,MPO,1,268961,85980,85980,935,1,1,3,204,2,-1,True
41158,2019,MPO,1,268961,85980,85980,935,2,2,3,292,3,0,True
41158,2019,MPO,1,268961,85980,85980,935,3,3,3,177,2,-1,True
41158,2019,MPO,1,268961,85980,85980,935,4,4,4,430,5,1,True
41158,2019,MPO,1,268961,85980,85980,935,5,5,3,225,4,1,True
41158,2019,MPO,1,268961,85980,85980,935,6,6,3,232,3,0,True
41158,2019,MPO,1,268961,85980,85980,935,7,7,3,295,5,2,True
41158,2019,MPO,1,268961,85980,85980,935,8,8,3,403,3,0,True
41158,2019,MPO,1,268961,85980,85980,935,9,9,3,338,3,0,True
41158,2019,MPO,1,268961,85980,85980,935,10,10,3,245,3,0,True
41158,2019,MPO,1,268961,85980,85980,935,11,11,4,370,4,0,True
41158,2019,MPO,1,268961,85980,85980,935,12,12,3,326,3,0,True
41158,2019,MPO,1,268961,85980,85980,935,13,13,3,255,4,1,True
41158,2019,MPO,1,268961,85980,85980,935,14,14,4,513,4,0,True
41158,2019,MPO,1,268961,85980,85980,935,15,15,4,457,5,1,True
41158,2019,MPO,1,268961,85980,85980,935,16,16,3,333,4,1,True
41158,2019,MPO,1,268961,85980,85980,935,17,17,3,233,5,2,True
41158,2019,MPO,1,268961,85980,85980,935,18,18,4,413,4,0,True
41158,2019,MPO,12,268961,86089,86089,993,1,1,3,204,2,-1,True
41158,2019,MPO,12,268961,86089,86089,993,2,2,3,292,3,0,True
41158,2019,MPO,12,268961,86089,86089,993,3,3,3,177,2,-1,True
41158,2019,MPO,12,268961,86089,86089,993,4,4,4,430,3,-1,True
41158,2019,MPO,12,268961,86089,86089,993,5,5,3,225,3,0,True
41158,2019,MPO,12,268961,86089,86089,993,6,6,3,232,3,0,True
41158,2019,MPO,12,268961,86089,86089,993,7,7,3,295,3,0,True
41158,2019,MPO,12,268961,86089,86089,993,8,8,3,403,3,0,True
41158,2019,MPO,12,268961,86089,86089,993,9,9,3,338,3,0,True
41158,2019,MPO,12,268961,86089,86089,993,10,10,3,245,4,1,True
41158,2019,MPO,12,268961,86089,86089,993,11,11,4,370,4,0,True
41158,2019,MPO,12,268961,86089,86089,993,12,12,3,326,3,0,True
41158,2019,MPO,12,268961,86089,86089,993,13,13,3,255,3,0,True
41158,2019,MPO,12,268961,86089,86089,993,14,14,4,513,3,-1,True
41158,2019,MPO,12,268961,86089,86089,993,15,15,4,457,3,-1,True
41158,2019,MPO,12,268961,86089,86089,993,16,16,3,333,3,0,True
41158,2019,MPO,12,268961,86089,86089,993,17,17,3,233,3,0,True
41158,2019,MPO,12,268961,86089,86089,993,18,18,4,413,3,-1,True
41158,2019,MPO,12,268961,55953,55953,968,1,1,3,204,2,-1,True
41158,2019,MPO,12,268961,55953,55953,968,2,2,3,292,3,0,True
41158,2019,MPO,12,268961,55953,55953,968,3,3,3,177,2,-1,True
41158,2019,MPO,12,268961,55953,55953,968,4,4,4,430,4,0,True
41158,2019,MPO,12,268961,55953,55953,968,5,5,3,225,4,1,True
41158,2019,MPO,12,268961,55953,55953,968,6,6,3,232,2,-1,True
41158,2019,MPO,12,268961,55953,55953,968,7,7,3,295,3,0,True
41158,2019,MPO,12,268961,55953,55953,968,8,8,3,403,3,0,True
41158,2019,MPO,12,268961,55953,55953,968,9,9,3,338,3,0,True
41158,2019,MPO,12,268961,55953,55953,968,10,10,3,245,2,-1,True
41158,2019,MPO,12,268961,55953,55953,968,11,11,4,370,4,0,True
41158,2019,MPO,12,268961,55953,55953,968,12,12,3,326,3,0,True
41158,2019,MPO,12,268961,55953,55953,968,13,13,3,255,3,0,True
41158,2019,MPO,12,268961,55953,55953,968,14,14,4,513,3,-1,True
41158,2019,MPO,12,268961,55953,55953,968,15,15,4,457,4,0,True
41158,2019,MPO,12,268961,55953,55953,968,16,16,3,333,3,0,True
41158,2019,MPO,12,268961,55953,55953,968,17,17,3,233,2,-1,True
41158,2019,MPO,12,268961,55953,55953,968,18,18,4,413,3,-1,True
41158,2019,MPO,12,268961,94579,94579,981,1,1,3,204,2,-1,True
41158,2019,MPO,12,268961,94579,94579,981,2,2,3,292,3,0,True
41158,2019,MPO,12,268961,94579,94579,981,3,3,3,177,3,0,True
41158,2019,MPO,12,268961,94579,94579,981,4,4,4,430,3,-1,True
41158,2019,MPO,12,268961,94579,94579,981,5,5,3,225,2,-1,True
41158,2019,MPO,12,268961,94579,94579,981,6,6,3,232,3,0,True
41158,2019,MPO,12,268961,94579,94579,981,7,7,3,295,3,0,True
41158,2019,MPO,12,268961,94579,94579,981,8,8,3,403,4,1,True
41158,2019,MPO,12,268961,94579,94579,981,9,9,3,338,3,0,True
41158,2019,MPO,12,268961,94579,94579,981,10,10,3,245,3,0,True
41158,2019,MPO,12,268961,94579,94579,981,11,11,4,370,4,0,True
41158,2019,MPO,12,268961,94579,94579,981,12,12,3,326,4,1,True
41158,2019,MPO,12,268961,94579,94579,981,13,13,3,255,3,0,True
41158,2019,MPO,12,268961,94579,94579,981,14,14,4,513,4,0,True
41158,2019,MPO,12,268961,94579,94579,981,15,15,4,457,3,-1,True
41158,2019,MPO,12,268961,94579,94579,981,16,16,3,333,3,0,True
41158,2019,MPO,12,268961,94579,94579,981,17,17,3,233,4,1,True
41158,2019,MPO,12,268961,94579,94579,981,18,18,4,413,3,-1,True
41158,2019,MPO,12,268961,77274,77274,973,1,1,3,204,3,0,True
41158,2019,MPO,12,268961,77274,77274,973,2,2,3,292,3,0,True
41158,2019,MPO,12,268961,77274,77274,973,3,3,3,177,3,0,True
41158,2019,MPO,12,268961,77274,77274,973,4,4,4,430,3,-1,True
41158,2019,MPO,12,268961,77274,77274,973,5,5,3,225,2,-1,True
41158,2019,MPO,12,268961,77274,77274,973,6,6,3,232,2,-1,True
41158,2019,MPO,12,268961,77274,77274,973,7,7,3,295,3,0,True
41158,2019,MPO,12,268961,77274,77274,973,8,8,3,403,4,1,True
41158,2019,MPO,12,268961,77274,77274,973,9,9,3,338,4,1,True
41158,2019,MPO,12,268961,77274,77274,973,10,10,3,245,4,1,True
41158,2019,MPO,12,268961,77274,77274,973,11,11,4,370,3,-1,True
41158,2019,MPO,12,268961,77274,77274,973,12,12,3,326,3,0,True
41158,2019,MPO,12,268961,77274,77274,973,13,13,3,255,3,0,True
41158,2019,MPO,12,268961,77274,77274,973,14,14,4,513,4,0,True
41158,2019,MPO,12,268961,77274,77274,973,15,15,4,457,5,1,True
41158,2019,MPO,12,268961,77274,77274,973,16,16,3,333,4,1,True
41158,2019,MPO,12,268961,77274,77274,973,17,17,3,233,2,-1,True
41158,2019,MPO,12,268961,77274,77274,973,18,18,4,413,3,-1,True
41158,2019,MPO,12,268961,75861,75861,964,1,1,3,204,5,2,True
41158,2019,MPO,12,268961,75861,75861,964,2,2,3,292,2,-1,True
41158,2019,MPO,12,268961,75861,75861,964,3,3,3,177,2,-1,True
41158,2019,MPO,12,268961,75861,75861,964,4,4,4,430,3,-1,True
41158,2019,MPO,12,268961,75861,75861,964,5,5,3,225,3,0,True
41158,2019,MPO,12,268961,75861,75861,964,6,6,3,232,2,-1,True
41158,2019,MPO,12,268961,75861,75861,964,7,7,3,295,3,0,True
41158,2019,MPO,12,268961,75861,75861,964,8,8,3,403,3,0,True
41158,2019,MPO,12,268961,75861,75861,964,9,9,3,338,3,0,True
41158,2019,MPO,12,268961,75861,75861,964,10,10,3,245,2,-1,True
41158,2019,MPO,12,268961,75861,75861,964,11,11,4,370,4,0,True
41158,2019,MPO,12,268961,75861,75861,964,12,12,3,326,4,1,True
41158,2019,MPO,12,268961,75861,75861,964,13,13,3,255,3,0,True
41158,2019,MPO,12,268961,75861,75861,964,14,14,4,513,4,0,True
41158,2019,MPO,12,268961,75861,75861,964,15,15,4,457,3,-1,True
41158,2019,MPO,12,268961,75861,75861,964,16,16,3,333,4,1,True
41158,2019,MPO,12,268961,75861,75861,964,17,17,3,233,5,2,True
41158,2019,MPO,12,268961,75861,75861,964,18,18,4,413,3,-1,True
41158,2019,MPO,12,268961,60852,60852,982,1,1,3,204,2,-1,True
41158,2019,MPO,12,268961,60852,60852,982,2,2,3,292,3,0,True
41158,2019,MPO,12,268961,60852,60852,982,3,3,3,177,2,-1,True
41158,2019,MPO,12,268961,60852,60852,982,4,4,4,430,3,-1,True
41158,2019,MPO,12,268961,60852,60852,982,5,5,3,225,2,-1,True
41158,2019,MPO,12,268961,60852,60852,982,6,6,3,232,3,0,True
41158,2019,MPO,12,268961,60852,60852,982,7,7,3,295,3,0,True
41158,2019,MPO,12,268961,60852,60852,982,8,8,3,403,3,0,True
41158,2019,MPO,12,268961,60852,60852,982,9,9,3,338,3,0,True
41158,2019,MPO,12,268961,60852,60852,982,10,10,3,245,3,0,True
41158,2019,MPO,12,268961,60852,60852,982,11,11,4,370,4,0,True
41158,2019,MPO,12,268961,60852,60852,982,12,12,3,326,3,0,True
41158,2019,MPO,12,268961,60852,60852,982,13,13,3,255,3,0,True
41158,2019,MPO,12,268961,60852,60852,982,14,14,4,513,3,-1,True
41158,2019,MPO,12,268961,60852,60852,982,15,15,4,457,4,0,True
41158,2019,MPO,12,268961,60852,60852,982,16,16,3,333,2,-1,True
41158,2019,MPO,12,268961,60852,60852,982,17,17,3,233,5,2,True
41158,2019,MPO,12,268961,60852,60852,982,18,18,4,413,3,-1,True
41158,2019,MPO,12,268961,83156,83156,957,1,1,3,204,2,-1,True
41158,2019,MPO,12,268961,83156,83156,957,2,2,3,292,3,0,True
41158,2019,MPO,12,268961,83156,83156,957,3,3,3,177,3,0,True
41158,2019,MPO,12,268961,83156,83156,957,4,4,4,430,4,0,True
41158,2019,MPO,12,268961,83156,83156,957,5,5,3,225,5,2,True
41158,2019,MPO,12,268961,83156,83156,957,6,6,3,232,3,0,True
41158,2019,MPO,12,268961,83156,83156,957,7,7,3,295,3,0,True
41158,2019,MPO,12,268961,83156,83156,957,8,8,3,403,3,0,True
41158,2019,MPO,12,268961,83156,83156,957,9,9,3,338,3,0,True
41158,2019,MPO,12,268961,83156,83156,957,10,10,3,245,2,-1,True
41158,2019,MPO,12,268961,83156,83156,957,11,11,4,370,5,1,True
41158,2019,MPO,12,268961,83156,83156,957,12,12,3,326,3,0,True
41158,2019,MPO,12,268961,83156,83156,957,13,13,3,255,3,0,True
41158,2019,MPO,12,268961,83156,83156,957,14,14,4,513,4,0,True
41158,2019,MPO,12,268961,83156,83156,957,15,15,4,457,4,0,True
41158,2019,MPO,12,268961,83156,83156,957,16,16,3,333,3,0,True
41158,2019,MPO,12,268961,83156,83156,957,17,17,3,233,3,0,True
41158,2019,MPO,12,268961,83156,83156,957,18,18,4,413,3,-1,True
41158,2019,MPO,12,268961,74240,74240,942,1,1,3,204,2,-1,True
41158,2019,MPO,12,268961,74240,74240,942,2,2,3,292,3,0,True
41158,2019,MPO,12,268961,74240,74240,942,3,3,3,177,2,-1,True
41158,2019,MPO,12,268961,74240,74240,942,4,4,4,430,4,0,True
41158,2019,MPO,12,268961,74240,74240,942,5,5,3,225,3,0,True
41158,2019,MPO,12,268961,74240,74240,942,6,6,3,232,3,0,True
41158,2019,MPO,12,268961,74240,74240,942,7,7,3,295,4,1,True
41158,2019,MPO,12,268961,74240,74240,942,8,8,3,403,5,2,True
41158,2019,MPO,12,268961,74240,74240,942,9,9,3,338,3,0,True
41158,2019,MPO,12,268961,74240,74240,942,10,10,3,245,3,0,True
41158,2019,MPO,12,268961,74240,74240,942,11,11,4,370,5,1,True
41158,2019,MPO,12,268961,74240,74240,942,12,12,3,326,2,-1,True
41158,2019,MPO,12,268961,74240,74240,942,13,13,3,255,3,0,True
41158,2019,MPO,12,268961,74240,74240,942,14,14,4,513,4,0,True
41158,2019,MPO,12,268961,74240,74240,942,15,15,4,457,5,1,True
41158,2019,MPO,12,268961,74240,74240,942,16,16,3,333,3,0,True
41158,2019,MPO,12,268961,74240,74240,942,17,17,3,233,3,0,True
41158,2019,MPO,12,268961,74240,74240,942,18,18,4,413,3,-1,True
41158,2019,MPO,12,268961,103627,103627,967,1,1,3,204,4,1,True
41158,2019,MPO,12,268961,103627,103627,967,2,2,3,292,3,0,True
41158,2019,MPO,12,268961,103627,103627,967,3,3,3,177,2,-1,True
41158,2019,MPO,12,268961,103627,103627,967,4,4,4,430,4,0,True
41158,2019,MPO,12,268961,103627,103627,967,5,5,3,225,3,0,True
41158,2019,MPO,12,268961,103627,103627,967,6,6,3,232,2,-1,True
41158,2019,MPO,12,268961,103627,103627,967,7,7,3,295,3,0,True
41158,2019,MPO,12,268961,103627,103627,967,8,8,3,403,3,0,True
41158,2019,MPO,12,268961,103627,103627,967,9,9,3,338,3,0,True
41158,2019,MPO,12,268961,103627,103627,967,10,10,3,245,3,0,True
41158,2019,MPO,12,268961,103627,103627,967,11,11,4,370,3,-1,True
41158,2019,MPO,12,268961,103627,103627,967,12,12,3,326,3,0,True
41158,2019,MPO,12,268961,103627,103627,967,13,13,3,255,3,0,True
41158,2019,MPO,12,268961,103627,103627,967,14,14,4,513,5,1,True
41158,2019,MPO,12,268961,103627,103627,967,15,15,4,457,4,0,True
41158,2019,MPO,12,268961,103627,103627,967,16,16,3,333,6,3,True
41158,2019,MPO,12,268961,103627,103627,967,17,17,3,233,3,0,True
41158,2019,MPO,12,268961,103627,103627,967,18,18,4,413,3,-1,True
41158,2019,MPO,12,268961,114674,114674,914,1,1,3,204,2,-1,True
41158,2019,MPO,12,268961,114674,114674,914,2,2,3,292,3,0,True
41158,2019,MPO,12,268961,114674,114674,914,3,3,3,177,2,-1,True
41158,2019,MPO,12,268961,114674,114674,914,4,4,4,430,4,0,True
41158,2019,MPO,12,268961,114674,114674,914,5,5,3,225,3,0,True
41158,2019,MPO,12,268961,114674,114674,914,6,6,3,232,2,-1,True
41158,2019,MPO,12,268961,114674,114674,914,7,7,3,295,4,1,True
41158,2019,MPO,12,268961,114674,114674,914,8,8,3,403,4,1,True
41158,2019,MPO,12,268961,114674,114674,914,9,9,3,338,3,0,True
41158,2019,MPO,12,268961,114674,114674,914,10,10,3,245,3,0,True
41158,2019,MPO,12,268961,114674,114674,914,11,11,4,370,4,0,True
41158,2019,MPO,12,268961,114674,114674,914,12,12,3,326,3,0,True
41158,2019,MPO,12,268961,114674,114674,914,13,13,3,255,3,0,True
41158,2019,MPO,12,268961,114674,114674,914,14,14,4,513,5,1,True
41158,2019,MPO,12,268961,114674,114674,914,15,15,4,457,3,-1,True
41158,2019,MPO,12,268961,114674,114674,914,16,16,3,333,4,1,True
41158,2019,MPO,12,268961,114674,114674,914,17,17,3,233,4,1,True
41158,2019,MPO,12,268961,114674,114674,914,18,18,4,413,3,-1,True
41158,2019,MPO,12,268961,85980,85980,935,1,1,3,204,2,-1,True
41158,2019,MPO,12,268961,85980,85980,935,2,2,3,292,3,0,True
41158,2019,MPO,12,268961,85980,85980,935,3,3,3,177,2,-1,True
41158,2019,MPO,12,268961,85980,85980,935,4,4,4,430,4,0,True
41158,2019,MPO,12,268961,85980,85980,935,5,5,3,225,3,0,True
41158,2019,MPO,12,268961,85980,85980,935,6,6,3,232,3,0,True
41158,2019,MPO,12,268961,85980,85980,935,7,7,3,295,4,1,True
41158,2019,MPO,12,268961,85980,85980,935,8,8,3,403,4,1,True
41158,2019,MPO,12,268961,85980,85980,935,9,9,3,338,3,0,True
41158,2019,MPO,12,268961,85980,85980,935,10,10,3,245,4,1,True
41158,2019,MPO,12,268961,85980,85980,935,11,11,4,370,5,1,True
41158,2019,MPO,12,268961,85980,85980,935,12,12,3,326,5,2,True
41158,2019,MPO,12,268961,85980,85980,935,13,13,3,255,3,0,True
41158,2019,MPO,12,268961,85980,85980,935,14,14,4,513,4,0,True
41158,2019,MPO,12,268961,85980,85980,935,15,15,4,457,5,1,True
41158,2019,MPO,12,268961,85980,85980,935,16,16,3,333,4,1,True
41158,2019,MPO,12,268961,85980,85980,935,17,17,3,233,2,-1,True
41158,2019,MPO,12,268961,85980,85980,935,18,18,4,413,4,0,True
41158,2019,MPO,12,268961,name:robert wix,,,1,1,3,204,4,1,True
41158,2019,MPO,12,268961,name:robert wix,,,2,2,3,292,3,0,True
41158,2019,MPO,12,268961,name:robert wix,,,3,3,3,177,3,0,True
41158,2019,MPO,12,268961,name:robert wix,,,4,4,4,430,4,0,True
41158,2019,MPO,12,268961,name:robert wix,,,5,5,3,225,2,-1,True
41158,2019,MPO,12,268961,name:robert wix,,,6,6,3,232,3,0,True
41158,2019,MPO,12,268961,name:robert wix,,,7,7,3,295,2,-1,True
41158,2019,MPO,12,268961,name:robert wix,,,8,8,3,403,3,0,True
41158,2019,MPO,12,268961,name:robert wix,,,9,9,3,338,3,0,True
41158,2019,MPO,12,268961,name:robert wix,,,10,10,3,245,3,0,True
41158,2019,MPO,12,268961,name:robert wix,,,11,11,4,370,5,1,True
41158,2019,MPO,12,268961,name:robert wix,,,12,12,3,326,3,0,True
41158,2019,MPO,12,268961,name:robert wix,,,13,13,3,255,3,0,True
41158,2019,MPO,12,268961,name:robert wix,,,14,14,4,513,4,0,True
41158,2019,MPO,12,268961,name:robert wix,,,15,15,4,457,5,1,True
41158,2019,MPO,12,268961,name:robert wix,,,16,16,3,333,4,1,True
41158,2019,MPO,12,268961,name:robert wix,,,17,17,3,233,5,2,True
41158,2019,MPO,12,268961,name:robert wix,,,18,18,4,413,4,0,True
41158,2019,MPO,12,268961,106972,106972,888,1,1,3,204,7,4,True
41158,2019,MPO,12,268961,106972,106972,888,2,2,3,292,3,0,True
41158,2019,MPO,12,268961,106972,106972,888,3,3,3,177,4,1,True
41158,2019,MPO,12,268961,106972,106972,888,4,4,4,430,4,0,True
41158,2019,MPO,12,268961,106972,106972,888,5,5,3,225,3,0,True
41158,2019,MPO,12,268961,106972,106972,888,6,6,3,232,2,-1,True
41158,2019,MPO,12,268961,106972,106972,888,7,7,3,295,4,1,True
41158,2019,MPO,12,268961,106972,106972,888,8,8,3,403,5,2,True
41158,2019,MPO,12,268961,106972,106972,888,9,9,3,338,4,1,True
41158,2019,MPO,12,268961,106972,106972,888,10,10,3,245,3,0,True
41158,2019,MPO,12,268961,106972,106972,888,11,11,4,370,5,1,True
41158,2019,MPO,12,268961,106972,106972,888,12,12,3,326,3,0,True
41158,2019,MPO,12,268961,106972,106972,888,13,13,3,255,3,0,True
41158,2019,MPO,12,268961,106972,106972,888,14,14,4,513,4,0,True
41158,2019,MPO,12,268961,106972,106972,888,15,15,4,457,4,0,True
41158,2019,MPO,12,268961,106972,106972,888,16,16,3,333,3,0,True
41158,2019,MPO,12,268961,106972,106972,888,17,17,3,233,2,-1,True
41158,2019,MPO,12,268961,106972,106972,888,18,18,4,413,3,-1,True
